sector,symbol,start,end,kind,outcome,direction,breakout_idx,type_trigger,entry_price,lfd_level,r_lfd_denom,rolling_status,rolling_stop,r_rolling_denom,opposite_stop,r_opposite_denom,lfd_hit_bar,rolling_hit_bar,opposite_hit_bar,anchor_bar,simultaneous_hit,horizon_reached,realized_R_lfd,realized_R_rolling,realized_R_opposite,realistic_realized_R,realized_R_realistic,close_at_breakout_check,sma_at_breakout,passes_sma,R_final,risk_pct_of_price,friction_in_R,R_net_friction_cgt
COMMERCIAL BANKS,ABL,3640,3720,descending,sequential,up,3721,4.0,86.0,85.41,0.5900000000000034,ok,84.56,1.4399999999999975,83.25227851605757,2.747721483942428,3723.0,3725.0,3734.0,3723,False,False,-1.0,-0.3194444444444406,-0.1674114362347912,-1.0,-1.0,86.0,81.99719999999999,True,-1.0,0.686046511627911,0.2915254237288119,-1.2915254237288118
PHARMACEUTICALS,ABOT,2520,2600,descending,sequential,down,2604,3.0,620.0,641.5,21.5,skipped_risk_gt_6pct,680.64,,651.0088866238721,31.00888662387206,2619.0,,2619.0,2619,True,False,-1.0,,-1.0,-1.0,-1.0,620.0,634.4902500000001,True,-1.0,3.467741935483871,0.05767441860465117,-1.0576744186046512
CEMENT,ACPL,600,680,descending,down,down,695,3.0,56.7137,60.5249,3.8112,skipped_risk_gt_6pct,61.19,,61.5031086240948,4.789408624094797,729.0,,731.0,729,False,False,-1.0,,-0.6294722870028227,-1.0,-1.0,56.7137,61.28459,True,-1.0,6.720069401220516,0.02976159739714526,-1.0297615973971452
CEMENT,ACPL,2440,2520,ascending,down,down,2521,1.0,137.1967,144.5117,7.314999999999998,skipped_risk_gt_6pct,151.5,,152.91179660968663,15.71509660968664,,,,2611,False,True,1.5468352699931631,,0.720014663672221,,1.5468352699931631,137.1967,147.263865,True,1.5468352699931631,5.33176089512357,0.03751105946684895,1.2772989200273397
CEMENT,ACPL,3720,3800,descending,up,up,3801,1.0,145.63,142.1,3.530000000000001,ok,140.68,4.949999999999989,141.4559090909091,4.174090909090893,,,,3891,False,True,6.991501416430594,4.985858585858598,5.912664706522947,,6.991501416430594,145.63,134.48680000000002,True,6.991501416430594,2.4239511089748,0.08250991501416428,5.860266288951841
TEXTILE COMPOSITE,ADMM,160,240,symmetrical,down,down,241,1.0,216.0,217.0,1.0,skipped_risk_gt_6pct,245.38,,242.0000146541618,26.000014654161788,248.0,,286.0,248,False,False,-1.0,,-0.1538460671351862,-1.0,-1.0,216.0,229.5075,True,-1.0,0.4629629629629629,0.43200000000000005,-1.432
TEXTILE COMPOSITE,ADMM,520,600,descending,down,down,601,1.0,61.95,63.9,1.949999999999996,skipped_risk_gt_6pct,66.16,,68.69742951907132,6.747429519071318,627.0,,,627,False,False,-1.0,,-0.214896650035637,-1.0,-1.0,61.95,66.433,True,-1.0,3.1476997578692427,0.06353846153846168,-1.0635384615384618
TEXTILE COMPOSITE,ADMM,1960,2040,descending,up,up,2041,1.0,88.05,83.5,4.549999999999997,skipped_risk_gt_6pct,81.67,,82.16516483516483,5.884835164835167,,,,2131,False,True,0.4285714285714295,,0.3313601732895134,,0.4285714285714295,88.05,86.98445,True,0.4285714285714295,5.167518455423052,0.038703296703296725,0.32558241758241835
ENGINEERING,AGHA,1200,1280,symmetrical,sequential,up,1284,4.0,9.44,8.56,0.879999999999999,skipped_risk_gt_6pct,7.93,,8.103752611784373,1.336247388215627,1296.0,,1310.0,1296,False,False,-1.0,,-0.6735279768829524,-1.0,-1.0,9.44,8.7667,True,-1.0,9.322033898305076,0.021454545454545476,-1.0214545454545454
INSURANCE,AGIC,1960,2040,symmetrical,up,up,2046,4.0,24.2548,23.6446,0.610199999999999,skipped_risk_gt_6pct,22.75,,23.07800790493848,1.176792095061522,2054.0,,,2054,False,False,-1.0,,0.1296745624315413,-1.0,-1.0,24.2548,21.992458000000003,True,-1.0,2.515790688853336,0.07949786955096703,-1.079497869550967
AUTOMOBILE PARTS & ACCESSORIES,AGIL,1240,1320,descending,up,up,1324,1.0,69.91,68.0,1.9099999999999968,skipped_risk_gt_6pct,65.35,,66.00458606557378,3.905413934426221,1378.0,,,1378,False,False,-1.0,,-0.6836663270092713,-1.0,-1.0,69.91,68.43645000000001,True,-1.0,2.7320841081390315,0.07320418848167552,-1.0732041884816754
AUTOMOBILE PARTS & ACCESSORIES,AGIL,1400,1480,descending,down,down,1481,3.0,67.49,70.03,2.5400000000000063,ok,71.09,3.6000000000000085,69.80364397680913,2.313643976809132,1506.0,,1505.0,1505,False,False,-0.1417322834645663,-0.0999999999999996,-1.0,,-0.1417322834645663,67.49,71.38575,True,-0.1417322834645663,3.7635205215587586,0.05314173228346444,-0.19487401574803073
AUTOMOBILE PARTS & ACCESSORIES,AGIL,1920,2000,symmetrical,down,down,2001,4.0,70.5,71.75,1.25,ok,72.47,1.9699999999999989,77.70389982110913,7.2038998211091325,2009.0,2009.0,2027.0,2009,True,False,-1.0,-1.0,-0.255417210912396,-1.0,-1.0,70.5,79.579,True,-1.0,1.773049645390071,0.1128,-1.1128
CHEMICAL,AGL,640,720,symmetrical,down,down,733,4.0,11.36,11.7,0.3399999999999998,skipped_risk_gt_6pct,12.07,,12.352036345531491,0.992036345531492,738.0,,743.0,738,False,False,-1.0,,-0.2217660683411087,-1.0000000000000002,-1.0000000000000002,11.36,12.020150000000001,True,-1.0000000000000002,2.9929577464788717,0.06682352941176474,-1.066823529411765
PHARMACEUTICALS,AGP,1840,1920,descending,up,up,1932,1.0,200.24,194.0,6.240000000000009,skipped_risk_gt_6pct,186.13,,187.94051160815405,12.299488391845983,1976.0,,1976.0,1976,True,False,-1.0,,-1.0,-1.0,-1.0,200.24,192.80384999999998,True,-1.0,3.1162604874151065,0.06417948717948709,-1.0641794871794872
AUTOMOBILE ASSEMBLER,AGTL,1640,1720,descending,up,up,1737,4.0,152.0453,146.999,5.046300000000002,ok,145.52,6.525299999999987,140.53302682135728,11.512273178642715,1740.0,1812.0,,1740,False,False,-1.0,-0.5107044886825153,-0.2894736728609239,-1.0,-1.0,152.0453,135.9523055,True,-1.0,3.3189450775525464,0.06026011136872558,-1.0602601113687256
AUTOMOBILE ASSEMBLER,AGTL,3680,3760,descending,sequential,down,3761,4.0,340.82,348.99,8.170000000000016,ok,358.55,17.730000000000018,366.6992593530952,25.879259353095165,3763.0,3781.0,3782.0,3763,False,False,-1.0,-0.5036661026508741,-0.3450639710418133,-1.0,-1.0,340.82,368.09114999999997,True,-1.0,2.3971597910920766,0.0834320685434515,-1.0834320685434515
AUTOMOBILE ASSEMBLER,AGTL,4480,4560,descending,sequential,down,4575,3.0,335.67,342.85,7.180000000000007,ok,352.48,16.810000000000002,350.1503264311816,14.480326431181595,4581.0,4587.0,4587.0,4581,False,False,-1.0,-0.4063057703747759,-0.4716744496375732,-1.0,-1.0,335.67,357.26595000000003,True,-1.0,2.139005570947659,0.09350139275766008,-1.09350139275766
FERTILIZER,AHCL,3240,3320,descending,down,down,3323,2.0,32.05,34.7,2.6500000000000057,skipped_risk_gt_6pct,35.19,,34.78633945656334,2.7363394565633428,,,,3413,False,True,0.7735849056603746,,0.7491760552890826,,0.7735849056603746,32.05,34.96,True,0.7735849056603746,8.268330733229348,0.024188679245282965,0.6333584905660354
INSURANCE,AICL,1800,1880,ascending,sequential,up,1881,3.0,68.88,65.51,3.3699999999999903,skipped_risk_gt_6pct,63.61,,63.59110752688172,5.288892473118274,1909.0,,1910.0,1909,False,False,-1.0,,-0.7165961530251056,-1.0,-1.0,68.88,62.87805,True,-1.0,4.892566782810672,0.040878338278931864,-1.040878338278932
INSURANCE,AICL,3800,3880,descending,up,up,3881,4.0,44.02,43.0,1.0200000000000031,ok,42.57,1.4500000000000028,38.246565934065934,5.773434065934069,3885.0,3910.0,3937.0,3885,False,False,-1.0,-0.0896551724137947,-0.0225169281428297,-1.0,-1.0,44.02,37.458800000000004,True,-1.0,2.3171285779191346,0.08631372549019582,-1.0863137254901958
INSURANCE,AICL,3920,4000,ascending,down,down,4009,4.0,39.65,40.35,0.7000000000000028,ok,41.61,1.9600000000000009,42.35029231815092,2.7002923181509217,4012.0,4021.0,4024.0,4012,False,False,-1.0,-0.1785714285714292,-0.1296155966697971,-1.0,-1.0,39.65,40.67295,True,-1.0,1.7654476670870185,0.11328571428571384,-1.1132857142857138
TECHNOLOGY & COMMUNICATION,AIRLINK,160,240,descending,down,down,241,4.0,35.18,36.38,1.2000000000000028,skipped_risk_gt_6pct,37.57,,38.83049147442328,3.650491474423277,254.0,,,254,False,False,-1.0,,-0.2711963599795579,-1.0,-1.0,35.18,48.2932,True,-1.0,3.4110289937464553,0.05863333333333319,-1.058633333333333
COMMERCIAL BANKS,AKBL,1800,1880,ascending,up,up,1884,3.0,16.51,15.51,1.0000000000000018,skipped_risk_gt_6pct,15.25,,15.36786788029238,1.1421321197076215,,,,1974,False,True,3.0199999999999942,,2.644177453632159,,3.0199999999999942,16.51,13.93845,True,3.0199999999999942,6.056935190793468,0.033019999999999945,2.533979999999995
MISCELLANEOUS,AKDHL,240,320,descending,whipsaw,up,321,4.0,422.1,385.0,37.10000000000002,no_valid_consolidation,,,387.6242105263158,34.475789473684245,323.0,,323.0,323,True,False,-1.0,,-1.0,-1.0,-1.0,422.1,362.86830000000003,True,-1.0,8.789386401326704,0.022754716981132066,-1.022754716981132
MISCELLANEOUS,AKDHL,880,960,descending,whipsaw,down,965,4.0,131.04,140.5,9.460000000000008,skipped_risk_gt_6pct,154.53,,147.81416988416993,16.774169884169936,968.0,,970.0,968,False,False,-1.0,,-0.5937700684311911,-1.0,-1.0,131.04,136.54865,True,-1.0,7.2191697191697255,0.027704016913319217,-1.0277040169133191
INSURANCE,ALAC,2720,2800,symmetrical,down,down,2801,4.0,5.0,5.1,0.0999999999999996,skipped_risk_gt_6pct,5.31,,5.662165605095545,0.6621656050955451,2802.0,,2848.0,2802,False,False,-1.0,,-0.3020392458637923,-2.0000000000000098,-2.0000000000000098,5.0,5.35585,True,-2.0000000000000098,1.999999999999992,0.10000000000000041,-2.1000000000000103
POWER GENERATION & DISTRIBUTION,ALTN,2200,2280,descending,whipsaw,down,2292,4.0,6.2456,6.3813,0.1357000000000008,ok,6.61,0.3644000000000007,6.785138046958373,0.5395380469583735,2293.0,2293.0,2294.0,2293,True,False,-1.0,-1.0,-0.7749221808490145,-3.001473839351495,-3.001473839351495,6.2456,7.070381,True,-3.0,2.172729601639567,0.09205011053795083,-3.0920501105379508
POWER GENERATION & DISTRIBUTION,ALTN,2520,2600,descending,down,down,2601,1.0,4.5212,5.0507,0.5294999999999996,skipped_risk_gt_6pct,5.1,,4.909398545139224,0.3881985451392236,,,,2691,False,True,0.0513692162417385,,0.0700672383773245,,0.0513692162417385,4.5212,4.7800015,True,0.0513692162417385,11.711492524108635,0.01707724268177527,0.026586591123702454
POWER GENERATION & DISTRIBUTION,ALTN,2600,2680,symmetrical,up,up,2681,1.0,4.5538,4.209,0.3448000000000002,no_valid_consolidation,,,3.696177610441767,0.8576223895582329,,,,2771,False,True,14.079756380510432,,5.66064979075545,,14.079756380510432,4.5538,4.446003999999999,True,14.079756380510432,7.571698361807726,0.026414153132250564,11.941378770301617
TEXTILE COMPOSITE,ANL,2360,2440,symmetrical,down,down,2441,1.0,5.22,5.58,0.3600000000000003,skipped_risk_gt_6pct,5.78,,6.258194419761864,1.0381944197618642,2515.0,,2516.0,2515,False,False,-1.0,,-0.2504347885626645,-1.0,-1.0,5.22,5.73725,True,-1.0,6.896551724137938,0.028999999999999974,-1.029
TEXTILE COMPOSITE,ANTM,440,520,descending,sequential,up,521,4.0,18.76,18.3,0.4600000000000008,skipped_risk_gt_6pct,16.29,,15.418020050125312,3.3419799498746894,525.0,,535.0,525,False,False,-1.0,,0.011968952716637,-1.0000000000000002,-1.0000000000000002,18.76,10.94235,True,-1.0000000000000002,2.452025586353949,0.0815652173913042,-1.0815652173913044
OIL & GAS MARKETING COMPANIES,APL,1400,1480,symmetrical,up,up,1483,2.0,166.0422,164.4244,1.6178000000000168,ok,160.84,5.202200000000005,163.39091097228533,2.6512890277146823,1509.0,1531.0,1531.0,1509,False,False,-1.0,0.0498635192803043,0.0978392009654236,-1.0,-1.0,166.0422,150.9478195,True,-1.0,0.9743306219744239,0.20526913091852922,-1.2052691309185293
OIL & GAS MARKETING COMPANIES,APL,1560,1640,ascending,up,up,1644,1.0,189.8517,183.319,6.5327000000000055,skipped_risk_gt_6pct,176.26,,184.233357200333,5.618342799667005,,,,1734,False,True,1.1514075344038464,,1.3387933538775572,,1.1514075344038464,189.8517,170.102523,True,1.1514075344038464,3.4409489090695558,0.05812350176802848,0.9205729024752409
OIL & GAS MARKETING COMPANIES,APL,3160,3240,ascending,down,down,3241,4.0,327.2201,333.1737,5.9535999999999945,skipped_risk_gt_6pct,359.96,,365.7880972578165,38.5679972578165,3266.0,,3274.0,3266,False,False,-1.0,,-0.2298071103031858,-1.0,-1.0,327.2201,342.9659535,True,-1.0,1.8194481329233732,0.10992344127922613,-1.109923441279226
OIL & GAS MARKETING COMPANIES,APL,3880,3960,descending,up,up,3961,4.0,257.2351,248.9871,8.24799999999999,skipped_risk_gt_6pct,241.77,,241.56416680200624,15.670933197993747,3965.0,,3976.0,3965,False,False,-1.0,,-0.6629343555194268,-1.0,-1.0,257.2351,254.031898,True,-1.0,3.206405346704237,0.062375145489815785,-1.0623751454898158
OIL & GAS MARKETING COMPANIES,APL,4120,4200,symmetrical,up,up,4216,2.0,236.0668,230.2376,5.829200000000014,ok,223.29,12.776800000000009,226.1636788273616,9.903121172638464,,,,4306,False,True,7.847251766966289,3.5801765700331827,4.619068998810681,,7.847251766966289,236.0668,235.2685885,True,7.847251766966289,2.4693010622417106,0.08099457901598828,6.589169422905357
OIL & GAS MARKETING COMPANIES,APL,4640,4720,ascending,up,up,4722,4.0,412.9,408.0,4.899999999999977,skipped_risk_gt_6pct,383.13,,387.1217155040456,25.77828449595438,4726.0,,4764.0,4726,False,False,-1.0,,-0.0213357874953343,-1.0,-1.0,412.9,372.41540000000003,True,-1.0,1.1867280213126612,0.1685306122448987,-1.1685306122448986
TEXTILE COMPOSITE,ARUJ,640,720,symmetrical,up,up,721,1.0,22.59,18.9,3.690000000000001,no_valid_consolidation,,,14.741257848019051,7.848742151980947,743.0,,797.0,743,False,False,-1.0,,-0.4892503697590347,-1.0000000000000002,-1.0000000000000002,22.59,11.2771,True,-1.0000000000000002,16.334661354581677,0.012243902439024389,-1.0122439024390246
ENGINEERING,ASL,160,240,descending,whipsaw,down,241,4.0,8.61,8.83,0.2200000000000006,skipped_risk_gt_6pct,9.19,,9.124043766090471,0.5140437660904738,242.0,,243.0,242,False,False,-1.0,,-0.3696183331723558,-1.0000000000000002,-1.0000000000000002,8.61,9.796,True,-1.0000000000000002,2.5551684088269524,0.07827272727272706,-1.0782727272727273
ENGINEERING,ASL,1320,1400,descending,down,down,1401,1.0,18.24,19.0,0.7600000000000016,skipped_risk_gt_6pct,20.15,,20.870578121106405,2.6305781211064065,,,,1491,False,True,6.499999999999984,,1.877914197021551,,6.499999999999984,18.24,19.52845,True,6.499999999999984,4.166666666666676,0.0479999999999999,5.476999999999986
ENGINEERING,ASL,2400,2480,descending,down,down,2481,4.0,10.2,10.68,0.4800000000000004,skipped_risk_gt_6pct,11.0,,11.203202029245,1.0032020292449992,2486.0,,,2486,False,False,-1.0,,-0.029904245730622,-1.0,-1.0,10.2,12.7355,True,-1.0,4.705882352941181,0.04249999999999996,-1.0425
ENGINEERING,ASLPS,360,440,ascending,up,up,448,1.0,5.7582,5.051,0.7072000000000003,no_valid_consolidation,,,4.844228571428571,0.9139714285714292,483.0,,492.0,483,False,False,-1.0,,-0.9726781080996588,,-1.0,5.7582,5.193765,True,-1.0,12.28161578270988,0.016284502262443434,-1.0162845022624434
AUTOMOBILE PARTS & ACCESSORIES,ATBA,2600,2680,descending,up,up,2681,4.0,656.9995,654.7233,2.276200000000017,ok,629.32,27.67949999999996,618.2140110046948,38.78548899530517,2682.0,2771.0,,2682,False,False,-1.0,0.8773785653642593,0.6261465467907246,-1.0033828310341797,-1.0033828310341797,656.9995,534.4702575,True,-1.0033828310341797,0.3464538405280395,0.5772774800105396,-1.5806603110447193
AUTOMOBILE PARTS & ACCESSORIES,ATBA,4040,4120,symmetrical,sequential,up,4121,3.0,170.19,168.0,2.1899999999999977,ok,166.32,3.870000000000005,162.6741557377049,7.515844262295104,4123.0,4123.0,4123.0,4123,True,False,-1.0,-1.0,-1.0,-1.0,-1.0,170.19,148.226416,True,-1.0,1.2867971091133426,0.15542465753424675,-1.1554246575342468
INSURANCE,ATIL,1320,1400,ascending,up,up,1413,4.0,10.46,10.133,0.3270000000000017,ok,9.85,0.6100000000000012,9.887056475956475,0.5729435240435237,1430.0,1439.0,1439.0,1430,False,False,-1.0,-0.2296721311475411,-0.2445267188138383,-1.2198776758409755,-1.2198776758409755,10.46,9.584662,True,-1.2198776758409755,3.126195028680704,0.0639755351681954,-1.283853211009171
AUTOMOBILE ASSEMBLER,ATLH,3640,3720,descending,sequential,down,3721,4.0,379.1,384.8,5.699999999999989,ok,394.0,14.899999999999975,400.8588030815481,21.75880308154808,3722.0,3724.0,3726.0,3722,False,False,-1.0,-0.387919463087247,-0.2656396116246639,-1.0,-1.0,379.1,437.97004999999996,True,-1.0,1.503561065681875,0.13301754385964942,-1.1330175438596495
REFINERY,ATRL,1440,1520,ascending,sequential,up,1530,3.0,131.8,124.42,7.38000000000001,skipped_risk_gt_6pct,120.58,,124.87575834970534,6.924241650294675,1547.0,,1547.0,1547,True,False,-1.0,,-1.0,-1.0,-1.0,131.8,111.95055,True,-1.0,5.5993930197268655,0.03571815718157177,-1.0357181571815717
REFINERY,ATRL,2640,2720,ascending,up,up,2721,4.0,224.51,222.05,2.4599999999999795,no_valid_consolidation,,,201.2628842676312,23.2471157323688,2722.0,,,2722,False,False,-1.0,,-0.1032386136684589,-1.0,-1.0,224.51,211.0657,True,-1.0,1.0957195670571376,0.18252845528455436,-1.1825284552845543
REFINERY,ATRL,5000,5080,ascending,sequential,up,5081,3.0,704.88,679.0,25.879999999999995,skipped_risk_gt_6pct,660.33,,662.840962349633,42.03903765036705,5088.0,,5095.0,5088,False,False,-1.0,,-0.6365512032544434,-1.0,-1.0,704.88,645.4207,True,-1.0,3.6715469299738954,0.05447295208655334,-1.0544729520865532
TECHNOLOGY & COMMUNICATION,AVN,1920,2000,ascending,down,down,2001,1.0,88.06,95.0,6.939999999999998,no_valid_consolidation,,,110.01091693862512,21.95091693862512,2024.0,,2026.0,2024,False,False,-1.0,,-0.4018055384502051,-1.0,-1.0,88.06,106.08709999999999,True,-1.0,7.880990233931408,0.025377521613832863,-1.0253775216138328
COMMERCIAL BANKS,BAFL,1840,1920,ascending,down,down,1924,4.0,8.4127,8.7224,0.3097000000000012,skipped_risk_gt_6pct,8.94,,8.855473114039642,0.4427731140396425,1929.0,,1931.0,1929,False,False,-1.0,,-0.6644486547881487,-1.0,-1.0,8.4127,8.618545000000001,True,-1.0,3.6813389280492737,0.054328059412334304,-1.0543280594123343
COMMERCIAL BANKS,BAFL,3040,3120,ascending,down,down,3139,4.0,20.4176,20.9027,0.4850999999999992,ok,21.37,0.9524000000000008,21.95721253132832,1.53961253132832,3141.0,3155.0,3158.0,3141,False,False,-1.0,-0.4280764384712285,-0.2648068859560724,-1.0,-1.0,20.4176,20.879399499999998,True,-1.0,2.375891387822267,0.08417893217893233,-1.0841789321789324
COMMERCIAL BANKS,BAFL,3840,3920,ascending,sequential,up,3921,4.0,19.2615,18.6576,0.603900000000003,ok,18.47,0.7915000000000028,18.24990204841713,1.0115979515828677,3926.0,3931.0,3932.0,3926,False,False,-1.0,-0.8085912823752348,-0.6326624119775842,-1.0,-1.0,19.2615,17.86345,True,-1.0,3.1352698387976172,0.06379036264282134,-1.0637903626428213
COMMERCIAL BANKS,BAFL,4520,4600,descending,up,up,4608,4.0,21.0833,20.593,0.4903000000000013,skipped_risk_gt_6pct,19.7,,19.877369639842428,1.2059303601575737,4613.0,,4616.0,4613,False,False,-1.0,,-0.3808677641551273,-1.0,-1.0,21.0833,17.4790995,True,-1.0,2.3255372735767232,0.08600163165408911,-1.086001631654089
COMMERCIAL BANKS,BAHL,4120,4200,ascending,down,down,4208,1.0,68.79,76.39,7.599999999999994,skipped_risk_gt_6pct,77.15,,77.13899963423556,8.348999634235554,,,,4298,False,True,1.5065789473684226,,1.37142178723408,,1.5065789473684226,68.79,71.04729999999999,True,1.5065789473684226,11.048117458932975,0.018102631578947384,1.2624894736842118
ENGINEERING,BCL,760,840,ascending,down,down,845,1.0,45.07,47.14,2.0700000000000003,ok,47.61,2.539999999999999,50.68827586206897,5.61827586206897,,,,935,False,True,7.468599033816424,6.086614173228349,2.7517338734425807,,7.468599033816424,45.07,46.3571,True,7.468599033816424,4.592855558020857,0.04354589371980676,6.304763285024153
ENGINEERING,BCL,3400,3480,descending,up,up,3481,4.0,143.76,110.0,33.75999999999999,no_valid_consolidation,,,86.37464952838913,57.38535047161086,3519.0,,3545.0,3519,False,False,-1.0,,-0.5464809353305964,-1.0,-1.0,143.76,108.83475,True,-1.0,23.4835837506956,0.00851658767772512,-1.0085165876777251
CHEMICAL,BERG,2280,2360,symmetrical,down,down,2362,3.0,98.86,111.3,12.439999999999998,skipped_risk_gt_6pct,112.41,,105.00521739130436,6.145217391304371,,,2370.0,2370,False,False,-0.2098070739549839,,-1.0,,-0.2098070739549839,98.86,104.7429,True,-0.2098070739549839,12.583451345336838,0.01589389067524116,-0.22570096463022507
CHEMICAL,BERG,2840,2920,symmetrical,down,down,2934,4.0,149.72,151.35,1.6299999999999957,ok,156.35,6.629999999999996,155.64441140278916,5.924411402789161,2937.0,,,2937,False,False,-1.0,-0.1659125188536945,-0.185672453381972,-1.0,-1.0,149.72,175.07535,True,-1.0,1.0886989046219582,0.18370552147239314,-1.183705521472393
COMMERCIAL BANKS,BIPL,2240,2320,symmetrical,sequential,down,2327,4.0,10.0,10.4,0.4000000000000003,skipped_risk_gt_6pct,10.81,,11.067872340425533,1.0678723404255326,2336.0,,2337.0,2336,False,False,-1.0,,-0.9364415222155802,-1.0000000000000002,-1.0000000000000002,10.0,10.28195,True,-1.0000000000000002,4.000000000000003,0.04999999999999997,-1.0500000000000003
COMMERCIAL BANKS,BIPL,3920,4000,descending,up,up,4001,4.0,13.53,13.5,0.0299999999999993,no_valid_consolidation,,,10.64319975620905,2.886800243790949,4002.0,,4077.0,4002,False,False,-1.0,,0.1247055457939302,-1.000000000000002,-1.000000000000002,13.53,11.7722,True,-1.000000000000002,0.2217294900221678,0.902000000000021,-1.902000000000023
FOOD & PERSONAL CARE PRODUCTS,BNL,1280,1360,descending,whipsaw,down,1361,4.0,13.19,13.72,0.5300000000000011,skipped_risk_gt_6pct,14.34,,14.109146341463417,0.9191463414634152,1362.0,,1364.0,1362,False,False,-1.0,,-0.641899960196364,-1.0,-1.0,13.19,15.33845,True,-1.0,4.0181956027293495,0.049773584905660265,-1.0497735849056602
COMMERCIAL BANKS,BOK,440,520,descending,down,down,530,3.0,13.6,14.0,0.4000000000000003,skipped_risk_gt_6pct,15.0,,14.454703557312255,0.8547035573122557,552.0,,576.0,552,False,False,-1.0,,-0.4094987051424326,-1.0000000000000002,-1.0000000000000002,13.6,15.13725,True,-1.0000000000000002,2.9411764705882377,0.06799999999999995,-1.068
COMMERCIAL BANKS,BOK,3680,3760,ascending,down,down,3773,4.0,15.0,15.45,0.4499999999999993,ok,15.76,0.7599999999999998,16.657655786350148,1.6576557863501478,3778.0,,,3778,False,False,-1.0,-0.7894736842105261,-0.3619569303474571,-1.311111111111113,-1.311111111111113,15.0,15.53235,True,-1.311111111111113,2.9999999999999956,0.06666666666666676,-1.3777777777777795
COMMERCIAL BANKS,BOK,4280,4360,ascending,sequential,up,4363,4.0,15.31,13.15,2.16,no_valid_consolidation,,,13.994657087770833,1.315342912229168,4370.0,,4367.0,4367,False,False,-0.2592592592592594,,-1.0,,-0.2592592592592594,15.31,12.77055,True,-0.2592592592592594,14.10842586544742,0.014175925925925925,-0.27343518518518534
OIL & GAS MARKETING COMPANIES,BPL,720,800,descending,down,down,802,2.0,31.5,32.92,1.4200000000000017,ok,33.3,1.7999999999999972,32.59449389590918,1.0944938959091814,,,,892,False,True,6.239436619718302,4.92222222222223,8.095065703989254,,6.239436619718302,31.5,37.45915,True,6.239436619718302,4.507936507936513,0.04436619718309854,5.259154929577458
AUTOMOBILE PARTS & ACCESSORIES,BWHL,1400,1480,ascending,up,up,1492,1.0,48.9582,45.9466,3.0116000000000014,skipped_risk_gt_6pct,45.4,,45.37088749235848,3.5873125076415207,,,,1582,False,True,5.317339620135476,,4.463982428597562,,5.317339620135476,48.9582,41.6595835,True,5.317339620135476,6.151369944156447,0.0325130827467127,4.487225594368442
INSURANCE,CENI,3480,3560,symmetrical,up,up,3595,3.0,26.49,25.0,1.4899999999999984,skipped_risk_gt_6pct,24.02,,23.83333333333333,2.65666666666667,,,,3685,False,True,7.7449664429530305,,4.343789209535755,,7.7449664429530305,26.49,22.23505,True,7.7449664429530305,5.62476406191015,0.03555704697986581,6.54766442953021
PAPER & BOARD,CEPB,840,920,descending,down,down,921,4.0,13.79,14.15,0.3600000000000012,skipped_risk_gt_6pct,15.15,,15.777183098591552,1.9871830985915528,943.0,,1004.0,943,False,False,-1.0,,-0.3119994329860373,-1.0,-1.0,13.79,32.27845,True,-1.0,2.610587382160995,0.07661111111111085,-1.0766111111111107
PAPER & BOARD,CEPB,2200,2280,ascending,sequential,down,2284,4.0,51.52,53.58,2.059999999999995,skipped_risk_gt_6pct,56.05,,55.5211320754717,4.001132075471695,2286.0,,2291.0,2286,False,False,-1.0,,-0.6723097236631143,-1.0,-1.0,51.52,53.122150000000005,True,-1.0,3.9984472049689344,0.05001941747572828,-1.0500194174757282
TEXTILE COMPOSITE,CHBL,1560,1640,symmetrical,sequential,down,1659,4.0,1.51,1.8,0.29,no_valid_consolidation,,,2.0216034755134267,0.5116034755134267,1662.0,,1662.0,1662,True,False,-1.0,,-1.0,-1.3448275862068964,-1.3448275862068964,1.51,1.6054,True,-1.3448275862068964,19.20529801324503,0.010413793103448277,-1.3552413793103446
CEMENT,CHCC,1120,1200,symmetrical,sequential,up,1201,4.0,10.3699,10.2683,0.1015999999999994,no_valid_consolidation,,,9.330481336340572,1.0394186636594274,1202.0,,1211.0,1202,False,False,-1.0,,-0.3001677869642605,-2.070866141732295,-2.070866141732295,10.3699,10.3693685,True,-2.070866141732295,0.9797587247707249,0.20413188976378074,-2.2749980314960756
CEMENT,CHCC,1560,1640,descending,sequential,down,1642,3.0,5.3047,5.6385,0.3337999999999992,skipped_risk_gt_6pct,5.85,,5.706665666929752,0.4019656669297511,1660.0,,1660.0,1660,True,False,-1.0,,-1.0,-1.0,-1.0,5.3047,6.5249925,True,-1.0,6.292533036740988,0.0317837028160576,-1.0317837028160577
CEMENT,CHCC,2280,2360,symmetrical,up,up,2361,1.0,58.85,58.04,0.8100000000000023,ok,56.68,2.1700000000000017,52.42277888807757,6.427221111922428,2376.0,,,2376,False,False,-1.0,0.1198156682027639,0.0404529415547414,-1.0,-1.0,58.85,52.9795985,True,-1.0,1.3763806287170812,0.14530864197530824,-1.1453086419753082
FOOD & PERSONAL CARE PRODUCTS,CLOV,1480,1560,descending,up,up,1561,1.0,91.0,84.45,6.549999999999997,skipped_risk_gt_6pct,79.2,,79.94298245614036,11.057017543859644,,,,1651,False,True,4.995419847328246,,2.959206664022215,,4.995419847328246,91.0,80.25065,True,4.995419847328246,7.197802197802194,0.027786259541984746,4.218320610687024
REFINERY,CNERGY,2840,2920,descending,sequential,up,2937,4.0,24.29,23.36,0.9299999999999996,ok,22.96,1.3299999999999983,22.83314940303324,1.4568505969667598,2944.0,2944.0,2944.0,2944,True,False,-1.0,-1.0,-1.0,-1.0000000000000002,-1.0000000000000002,24.29,22.479650000000003,True,-1.0000000000000002,3.828736105393164,0.05223655913978498,-1.0522365591397853
PAPER & BOARD,CPPL,3160,3240,symmetrical,up,up,3246,2.0,168.95,160.1,8.849999999999994,skipped_risk_gt_6pct,153.45,,158.41468392737056,10.535316072629428,3291.0,,3291.0,3291,True,False,-1.0,,-1.0,-1.0,-1.0,168.95,162.42770000000002,True,-1.0,5.238236164545721,0.038180790960452,-1.038180790960452
INSURANCE,CYAN,1840,1920,symmetrical,sequential,up,1928,4.0,59.0189,58.2595,0.7593999999999994,ok,57.25,1.768900000000002,57.70559341395892,1.3133065860410866,1930.0,1932.0,1930.0,1930,True,False,-1.0,-0.470009610492397,-1.0,-1.0,-1.0,59.0189,57.297583,True,-1.0,1.2867064618283286,0.15543560705820397,-1.155435607058204
CHEMICAL,DAAG,2240,2320,descending,down,down,2322,4.0,94.01,101.86,7.849999999999994,skipped_risk_gt_6pct,103.97,,106.52123021196678,12.511230211966776,2326.0,,,2326,False,False,-1.0,,-0.5722858486890905,-1.0,-1.0,94.01,102.40455,True,-1.0,8.350175513243267,0.023951592356687916,-1.023951592356688
CEMENT,DBCI,1840,1920,symmetrical,sequential,down,1922,4.0,2.23,2.29,0.06,skipped_risk_gt_6pct,2.37,,2.450981331987892,0.2209813319878919,1923.0,,1929.0,1923,False,False,-1.0,,-0.3167688391154928,-1.0000000000000009,-1.0000000000000009,2.23,2.38145,True,-1.0000000000000009,2.6905829596412554,0.07433333333333335,-1.0743333333333343
CEMENT,DCL,680,760,symmetrical,up,up,768,4.0,15.6,15.15,0.4499999999999993,ok,14.75,0.8499999999999996,14.267891396332864,1.3321086036671357,778.0,779.0,818.0,778,False,False,-1.0,-0.4705882352941182,-0.3002758175263249,-1.0,-1.0,15.6,14.748,True,-1.0,2.88461538461538,0.06933333333333344,-1.0693333333333335
CEMENT,DCL,1560,1640,ascending,down,down,1641,4.0,1.3,1.41,0.1099999999999998,skipped_risk_gt_6pct,1.42,,1.6824664822302615,0.3824664822302617,1670.0,,1673.0,1670,False,False,-1.0,,-0.2091686558610286,-1.0000000000000009,-1.0000000000000009,1.3,1.59115,True,-1.0000000000000009,8.461538461538447,0.023636363636363678,-1.0236363636363646
CEMENT,DCL,4760,4840,ascending,up,up,4854,4.0,9.24,8.61,0.6300000000000008,no_valid_consolidation,,,7.455182749951653,1.7848172500483468,4867.0,,,4867,False,False,-1.0,,-0.3137576129908153,-1.0,-1.0,9.24,8.0802,True,-1.0,6.818181818181826,0.0293333333333333,-1.0293333333333332
REAL ESTATE INVESTMENT TRUST,DCR,1240,1320,descending,down,down,1331,4.0,10.51,10.8,0.2900000000000009,ok,10.91,0.4000000000000003,10.962193760033502,0.4521937600335022,1342.0,1351.0,1363.0,1342,False,False,-1.0,-0.6,-0.5307459350660192,-1.0,-1.0,10.51,11.20605,True,-1.0,2.759276879162711,0.07248275862068942,-1.0724827586206893
CEMENT,DGKC,1480,1560,symmetrical,down,down,1573,1.0,21.86,22.97,1.1099999999999994,skipped_risk_gt_6pct,23.73,,23.57424904300832,1.7142490430083228,1617.0,,1617.0,1617,True,False,-1.0,,-1.0,-1.6576576576576585,-1.6576576576576585,21.86,25.886100000000003,True,-1.6576576576576585,5.07776761207685,0.03938738738738741,-1.6970450450450458
CEMENT,DNCC,1440,1520,symmetrical,sequential,up,1522,4.0,6.15,5.45,0.7000000000000002,skipped_risk_gt_6pct,5.15,,5.050855421686747,1.0991445783132532,1525.0,,1526.0,1525,False,False,-1.0,,-0.227449604840566,-1.0428571428571431,-1.0428571428571431,6.15,4.8566,True,-1.0428571428571431,11.382113821138214,0.017571428571428568,-1.0604285714285717
CEMENT,DNCC,2160,2240,symmetrical,sequential,up,2241,4.0,18.49,17.8,0.6899999999999977,no_valid_consolidation,,,16.817576059850374,1.672423940149624,2242.0,,2245.0,2242,False,False,-1.0,,-0.2929879130743371,,-1.0,18.49,14.283299999999999,True,-1.0,3.731746890210913,0.053594202898550894,-1.053594202898551
CHEMICAL,DOL,680,760,descending,down,down,761,4.0,4.61,4.65,0.04,skipped_risk_gt_6pct,5.04,,4.852932947419198,0.2429329474191979,762.0,,807.0,762,False,False,-1.0,,0.3293089753772856,-2.0000000000000018,-2.0000000000000018,4.61,6.6019000000000005,True,-2.0000000000000018,0.8676789587852495,0.2305,-2.230500000000002
ENGINEERING,DSL,2280,2360,ascending,whipsaw,down,2362,4.0,11.31,12.35,1.0399999999999991,skipped_risk_gt_6pct,12.61,,12.4971875,1.1871875000000005,2364.0,,2365.0,2364,False,False,-1.0,,-0.7833640431692547,-1.0,-1.0,11.31,13.0195,True,-1.0,9.195402298850567,0.02175000000000002,-1.02175
ENGINEERING,DSL,4000,4080,descending,up,up,4091,3.0,6.12,5.55,0.5700000000000003,skipped_risk_gt_6pct,5.3,,5.28304347826087,0.8369565217391299,,,,4181,False,True,1.5087719298245612,,1.0275324675324686,,1.5087719298245612,6.12,5.61205,True,1.5087719298245612,9.313725490196083,0.021473684210526308,1.2609824561403506
ENGINEERING,DSL,4360,4440,descending,down,down,4441,1.0,5.92,6.25,0.33,no_valid_consolidation,,,7.650065274151444,1.7300652741514444,4471.0,,,4471,False,False,-1.0,,-0.4335096549278217,-1.0000000000000002,-1.0000000000000002,5.92,8.4586,True,-1.0000000000000002,5.574324324324325,0.03587878787878788,-1.035878787878788
CHEMICAL,DYNO,400,480,ascending,sequential,down,481,4.0,18.0,18.3,0.3000000000000007,ok,18.94,0.9400000000000012,20.156232970027244,2.156232970027244,482.0,486.0,497.0,482,False,False,-1.0,-0.4255319148936149,-0.1855087115168935,-1.0,-1.0,18.0,19.8395,True,-1.0,1.6666666666666705,0.11999999999999973,-1.1199999999999997
CHEMICAL,DYNO,880,960,descending,down,down,992,4.0,9.61,10.25,0.6400000000000006,no_valid_consolidation,,,11.258889243536547,1.6488892435365496,995.0,,1001.0,995,False,False,-1.0,,-0.2061994165664913,-1.0,-1.0,9.61,11.720350000000002,True,-1.0,6.659729448491161,0.030031249999999975,-1.03003125
MISCELLANEOUS,ECOP,280,360,descending,down,down,376,4.0,24.715,24.7889,0.0739000000000018,skipped_risk_gt_6pct,26.42,,27.60692842732692,2.891928427326913,377.0,,388.0,377,False,False,-1.0,,-0.0255538827661477,-1.0000000000000009,-1.0000000000000009,24.715,29.846750999999998,True,-1.0000000000000009,0.2990086991705515,0.6688768606224464,-1.6688768606224473
MISCELLANEOUS,ECOP,1040,1120,ascending,down,down,1121,4.0,4.88,5.16,0.2800000000000002,no_valid_consolidation,,,5.868000000000001,0.9880000000000012,1124.0,,,1124,False,False,-1.0,,-0.3441295546558698,-1.0000000000000002,-1.0000000000000002,4.88,5.7315499999999995,True,-1.0000000000000002,5.737704918032791,0.03485714285714284,-1.0348571428571431
FERTILIZER,EFERT,520,600,descending,down,down,601,1.0,66.58,68.25,1.6700000000000017,ok,69.08,2.5,70.75599999999999,4.175999999999988,619.0,620.0,,619,False,False,-1.0,-0.5560000000000003,-0.3328544061302693,-1.0,-1.0,66.58,79.40845,True,-1.0,2.5082607389606513,0.07973652694610771,-1.0797365269461077
INSURANCE,EFUG,1680,1760,symmetrical,up,up,1763,1.0,45.6791,43.8775,1.8016000000000003,ok,43.44,2.2391000000000005,41.3455874025569,4.333512597443097,,,,1853,False,True,0.4483792184724689,0.3607699522129427,0.1864076731833263,,0.4483792184724689,45.6791,37.6745235,True,0.4483792184724689,3.9440356749585703,0.050709480461811715,0.33041285523978686
INSURANCE,EFUL,760,840,descending,sequential,down,841,4.0,104.5,106.0,1.5,no_valid_consolidation,,,117.5263419952753,13.026341995275304,842.0,,852.0,842,False,False,-1.0,,-0.1212926852813375,-1.0,-1.0,104.5,173.47119999999998,True,-1.0,1.4354066985645932,0.13933333333333334,-1.1393333333333333
INSURANCE,EFUL,2760,2840,symmetrical,sequential,down,2841,4.0,206.66,212.01,5.349999999999994,skipped_risk_gt_6pct,222.2,,221.67200000000005,15.012000000000029,2850.0,,2853.0,2850,False,False,-1.0,,0.2271516120436977,-1.160747663551405,-1.160747663551405,206.66,235.21509999999998,True,-1.160747663551405,2.5887931868769933,0.07725607476635522,-1.2380037383177602
FERTILIZER,ENGRO,1840,1920,symmetrical,sequential,down,1930,3.0,88.74,92.5,3.760000000000005,ok,94.03,5.290000000000006,95.43436894510222,6.694368945102227,1945.0,1948.0,1948.0,1945,False,False,-1.0,-0.3081285444234419,-0.2434882232167021,-1.0,-1.0,88.74,100.71270700000001,True,-1.0,4.237097137705663,0.0472021276595744,-1.0472021276595744
FERTILIZER,ENGRO,1880,1960,ascending,up,up,1961,1.0,99.16,93.55,5.609999999999999,skipped_risk_gt_6pct,92.42,,93.36451455881053,5.795485441189484,,,,2051,False,True,3.994652406417112,,3.86680291537416,,3.994652406417112,99.16,98.94595,True,3.994652406417112,5.657523194836627,0.0353511586452763,3.3601033868092687
FERTILIZER,ENGRO,4200,4280,descending,down,down,4284,4.0,253.68,257.0,3.319999999999993,ok,261.84,8.159999999999968,266.60543818727086,12.925438187270856,4285.0,4374.0,,4285,False,False,-1.0,0.1691176470588236,0.1067662062984478,-1.0,-1.0,253.68,273.10630000000003,True,-1.0,1.308735414695677,0.15281927710843407,-1.152819277108434
POWER GENERATION & DISTRIBUTION,EPQL,1960,2040,symmetrical,sequential,up,2045,4.0,20.6677,19.071,1.5966999999999985,skipped_risk_gt_6pct,17.93,,18.40033213910852,2.267367860891479,2052.0,,2053.0,2052,False,False,-1.0,,-0.8117782878320923,-1.0,-1.0,20.6677,17.318027999999998,True,-1.0,7.7255814628623325,0.02588801903926852,-1.0258880190392685
POWER GENERATION & DISTRIBUTION,EPQL,2040,2120,symmetrical,down,down,2123,4.0,17.4892,17.9992,0.509999999999998,skipped_risk_gt_6pct,18.68,,18.3518,0.8625999999999969,2124.0,,2148.0,2124,False,False,-1.0,,-0.0427776489682348,-1.0,-1.0,17.4892,18.130467,True,-1.0,2.9160853555336894,0.06858509803921596,-1.068585098039216
AUTOMOBILE PARTS & ACCESSORIES,EXIDE,4120,4200,descending,up,up,4221,4.0,857.18,842.0,15.17999999999995,no_valid_consolidation,,,766.5632334047109,90.61676659528904,4223.0,,4248.0,4223,False,False,-1.0,,-0.0503218131845923,-1.0,-1.0,857.18,822.4252,True,-1.0,1.7709232599920612,0.11293544137022435,-1.1129354413702244
COMMERCIAL BANKS,FABL,2040,2120,symmetrical,sequential,down,2127,4.0,10.07,11.54,1.4699999999999989,skipped_risk_gt_6pct,11.67,,11.717391304347824,1.647391304347824,2154.0,,2155.0,2154,False,False,-1.0,,-0.8498284507785708,-1.0,-1.0,10.07,10.12665,True,-1.0,14.597815292949342,0.013700680272108856,-1.013700680272109
TEXTILE COMPOSITE,FASM,120,200,descending,down,down,201,1.0,34.3,36.1,1.8000000000000045,no_valid_consolidation,,,44.73309859154929,10.433098591549296,,,,291,False,True,0.8611111111111075,,0.1485656429294631,,0.8611111111111075,34.3,64.7696,True,0.8611111111111075,5.247813411078731,0.03811111111111101,0.6938333333333304
TEXTILE COMPOSITE,FASM,360,440,symmetrical,up,up,441,1.0,47.99,47.35,0.6400000000000006,ok,46.59,1.3999999999999986,45.7395652173913,2.2504347826087,,,,531,False,True,57.82812499999994,26.43571428571431,16.445710973724854,,57.82812499999994,47.99,38.8899,True,57.82812499999994,1.3336111689935415,0.14996874999999987,49.00393749999995
FERTILIZER,FATIMA,1240,1320,symmetrical,up,up,1323,1.0,40.68,39.25,1.4299999999999995,skipped_risk_gt_6pct,37.62,,38.12714214339245,2.5528578566075453,,,,1413,False,True,3.965034965034967,,2.2210402296094856,,3.965034965034967,40.68,35.5782,True,3.965034965034967,3.515240904621434,0.05689510489510492,3.313384615384617
CEMENT,FCCL,2520,2600,descending,up,up,2612,4.0,36.72,34.54,2.18,skipped_risk_gt_6pct,33.71,,33.308695652173924,3.411304347826075,2634.0,,2648.0,2634,False,False,-1.0,,-0.515931684935,-0.9999999999999998,-0.9999999999999998,36.72,32.843,True,-0.9999999999999998,5.936819172113291,0.03368807339449541,-1.033688073394495
CEMENT,FCCL,2560,2640,ascending,sequential,down,2647,4.0,34.02,34.88,0.8599999999999994,ok,35.55,1.529999999999994,36.31812545322698,2.29812545322698,2651.0,2652.0,2661.0,2651,False,False,-1.0,-0.6535947712418326,-0.4351372544069867,-1.0,-1.0,34.02,34.061,True,-1.0,2.5279247501469704,0.07911627906976751,-1.0791162790697675
FOOD & PERSONAL CARE PRODUCTS,FCEPL,1000,1080,descending,down,down,1093,4.0,139.44,149.0,9.560000000000002,skipped_risk_gt_6pct,153.52,,151.30396812311076,11.863968123110766,1101.0,,1129.0,1101,False,False,-1.0,,-0.4568454621385881,-1.0,-1.0,139.44,149.97435,True,-1.0,6.855995410212278,0.02917154811715481,-1.0291715481171548
FOOD & PERSONAL CARE PRODUCTS,FCEPL,3280,3360,symmetrical,sequential,up,3384,3.0,89.79,84.05,5.740000000000009,skipped_risk_gt_6pct,80.19,,79.28969879518071,10.500301204819294,3395.0,,3396.0,3395,False,False,-1.0,,-0.6066492642207619,-1.357142857142856,-1.357142857142856,89.79,75.72055,True,-1.357142857142856,6.39269406392695,0.03128571428571424,-1.3884285714285702
FOOD & PERSONAL CARE PRODUCTS,FCEPL,3480,3560,symmetrical,sequential,up,3565,4.0,93.79,85.5,8.290000000000006,skipped_risk_gt_6pct,84.64,,84.79623684210524,8.993763157894762,3581.0,,3590.0,3581,False,False,-1.0,,-0.90395976158917,-1.0,-1.0,93.79,88.2902,True,-1.0,8.838895404627365,0.022627261761158007,-1.022627261761158
CEMENT,FECTC,3520,3600,symmetrical,up,up,3606,2.0,35.35,34.55,0.8000000000000043,skipped_risk_gt_6pct,32.69,,34.602742912193776,0.7472570878062257,3616.0,,3616.0,3616,True,False,-1.0,,-1.0,-1.0,-1.0,35.35,28.167199999999998,True,-1.0,2.263083451202275,0.08837499999999954,-1.0883749999999996
CEMENT,FECTC,4240,4320,descending,down,down,4323,3.0,30.0,33.3,3.299999999999997,no_valid_consolidation,,,32.604285714285766,2.6042857142857656,4345.0,,4344.0,4344,False,False,-0.6575757575757587,,-1.0,,-0.6575757575757587,30.0,32.785,True,-0.6575757575757587,10.999999999999991,0.0181818181818182,-0.6757575757575769
PHARMACEUTICALS,FEROZ,1240,1320,ascending,sequential,up,1333,4.0,98.53,94.03,4.5,skipped_risk_gt_6pct,91.18,,93.43393827036778,5.0960617296322255,1334.0,,1336.0,1334,False,False,-1.0,,-0.94582841726053,-1.0,-1.0,98.53,91.56569999999999,True,-1.0,4.567136912615447,0.043791111111111114,-1.0437911111111111
FERTILIZER,FFC,400,480,ascending,down,down,481,2.0,57.0515,58.0206,0.9691000000000044,ok,59.65,2.5985000000000014,59.378700116088496,2.3272001160884983,514.0,,515.0,514,False,False,-1.0,-0.3633634789301526,-0.405723596124166,-1.0000000000000002,-1.0000000000000002,57.0515,60.851040499999996,True,-1.0000000000000002,1.6986407018220457,0.11774120317820605,-1.1177412031782064
FERTILIZER,FFC,2760,2840,descending,down,down,2843,4.0,110.07,110.69,0.6200000000000045,ok,113.6,3.530000000000001,113.15547109088894,3.0854710908889444,2844.0,2926.0,2926.0,2844,False,False,-1.0,-0.5382436260623243,-0.6157892730255993,-1.0,-1.0,110.07,113.00139999999999,True,-1.0,0.5632779140546966,0.3550645161290297,-1.3550645161290298
CEMENT,FLYNG,160,240,descending,down,down,241,1.0,11.8,12.15,0.3499999999999996,ok,12.37,0.5699999999999985,12.565153774464118,0.7651537744641175,,,,331,False,True,20.571428571428594,12.631578947368457,9.409873204954897,,20.571428571428594,11.8,14.20025,True,20.571428571428594,2.9661016949152503,0.06742857142857152,17.418285714285734
CEMENT,FLYNG,1320,1400,symmetrical,down,down,1401,3.0,3.41,3.72,0.31,skipped_risk_gt_6pct,3.76,,3.710697674418604,0.300697674418604,1422.0,,1422.0,1422,True,False,-1.0,,-1.0,-1.0000000000000002,-1.0000000000000002,3.41,3.51315,True,-1.0000000000000002,9.09090909090909,0.022000000000000002,-1.0220000000000002
CEMENT,FLYNG,3680,3760,descending,down,down,3761,1.0,6.66,6.85,0.1899999999999995,skipped_risk_gt_6pct,7.27,,7.650119668347724,0.9901196683477238,,,,3851,False,True,4.4210526315789584,,0.8483822984768717,,4.4210526315789584,6.66,7.97645,True,4.4210526315789584,2.8528528528528456,0.07010526315789492,3.68778947368422
TEXTILE COMPOSITE,FML,1720,1800,descending,down,down,1807,4.0,62.03,64.0,1.9699999999999989,skipped_risk_gt_6pct,67.67,,70.26114851176565,8.231148511765653,1818.0,,1849.0,1818,False,False,-1.0,,-0.0571001725127639,-1.0710659898477162,-1.0710659898477162,62.03,67.1829,True,-1.0710659898477162,3.1758826374334985,0.06297461928934013,-1.1340406091370563
TEXTILE COMPOSITE,GATM,1000,1080,ascending,up,up,1081,2.0,22.43,21.4,1.0300000000000011,skipped_risk_gt_6pct,20.11,,20.2003648712113,2.2296351287887006,1111.0,,,1111,False,False,-1.0,,-0.2377070549152746,-1.0,-1.0,22.43,22.092,True,-1.0,4.592064199732506,0.04355339805825238,-1.0435533980582523
TEXTILE COMPOSITE,GFIL,1720,1800,ascending,down,down,1813,1.0,3.46,4.2,0.7400000000000002,no_valid_consolidation,,,5.026780958721704,1.5667809587217043,1846.0,,,1846,False,False,-1.0,,-0.5042185352089934,-1.0,-1.0,3.46,4.09105,True,-1.0,21.387283236994225,0.00935135135135135,-1.0093513513513515
TEXTILE COMPOSITE,GFIL,2840,2920,descending,down,down,2923,4.0,8.38,9.3,0.92,skipped_risk_gt_6pct,9.79,,10.191397228637411,1.8113972286374125,2937.0,,2970.0,2937,False,False,-1.0,,-0.397483218267704,-1.0,-1.0,8.38,10.267000000000001,True,-1.0,10.978520286396181,0.018217391304347828,-1.0182173913043477
GLASS & CERAMICS,GGGL,1880,1960,ascending,down,down,1961,4.0,6.3,6.4,0.1000000000000005,skipped_risk_gt_6pct,6.75,,6.829554719347758,0.5295547193477583,1963.0,,1999.0,1963,False,False,-1.0,,-0.35879200592154,-1.0000000000000002,-1.0000000000000002,6.3,8.40255,True,-1.0000000000000002,1.5873015873015952,0.1259999999999994,-1.1259999999999997
GLASS & CERAMICS,GHGL,3200,3280,descending,down,down,3292,3.0,44.99,48.05,3.059999999999995,skipped_risk_gt_6pct,49.99,,49.27678488820355,4.286784888203549,,,,3382,False,True,1.3790849673202632,,0.9844207512284252,,1.3790849673202632,44.99,54.4724,True,1.3790849673202632,6.801511446988208,0.029405228758169987,1.1428169934640535
GLASS & CERAMICS,GHGL,3880,3960,ascending,down,down,3991,2.0,41.26,43.0,1.740000000000002,skipped_risk_gt_6pct,44.89,,43.716541353383455,2.456541353383457,4017.0,,4022.0,4017,False,False,-1.0,,-0.7123836924583745,-1.0,-1.0,41.26,45.81399999999999,True,-1.0,4.2171594764905524,0.04742528735632179,-1.047425287356322
GLASS & CERAMICS,GHGL,4000,4080,symmetrical,sequential,down,4086,4.0,39.81,40.8,0.9899999999999948,ok,41.28,1.4699999999999989,41.40594859343602,1.5959485934360202,4090.0,4090.0,4090.0,4090,True,False,-1.0,-1.0,-1.0,-1.0000000000000002,-1.0000000000000002,39.81,42.2228,True,-1.0000000000000002,2.4868123587038298,0.08042424242424287,-1.0804242424242432
AUTOMOBILE ASSEMBLER,GHNI,1360,1440,descending,up,up,1447,2.0,3.3355,3.0756,0.2599,skipped_risk_gt_6pct,2.95,,3.0152524185899465,0.3202475814100536,,,,1537,False,True,5.344363216621776,,4.337269289854485,,5.344363216621776,3.3355,3.2366975,True,5.344363216621776,7.79193524209264,0.025667564447864565,4.5170411696806445
AUTOMOBILE ASSEMBLER,GHNI,4040,4120,symmetrical,down,down,4121,2.0,85.99,88.0,2.010000000000005,ok,90.55,4.560000000000002,88.64367571884986,2.6536757188498683,4149.0,4149.0,4149.0,4149,True,False,-1.0,-1.0,-1.0,-2.741293532338304,-2.741293532338304,85.99,115.86995,True,-2.741293532338304,2.3374811024537796,0.08556218905472615,-2.82685572139303
PHARMACEUTICALS,GLAXO,1480,1560,ascending,down,down,1567,2.0,70.5,73.9,3.4000000000000057,ok,74.64,4.140000000000001,76.25995139732687,5.759951397326873,1616.0,,,1616,False,False,-1.0,-0.0096618357487937,-0.0069445030419127,-1.0,-1.0,70.5,76.5039,True,-1.0,4.822695035461002,0.041470588235294044,-1.0414705882352941
PHARMACEUTICALS,GLAXO,3400,3480,symmetrical,down,down,3481,1.0,116.51,118.99,2.4799999999999898,ok,121.4,4.890000000000001,144.43428880475926,27.924288804759257,,,,3571,False,True,7.431451612903259,3.768916155419224,0.6599989037808155,,7.431451612903259,116.51,139.11685,True,7.431451612903259,2.1285726547077415,0.09395967741935524,6.222774193548415
FOOD & PERSONAL CARE PRODUCTS,GLPL,720,800,ascending,down,down,807,4.0,43.5769,45.8704,2.2934999999999945,no_valid_consolidation,,,48.2419746031746,4.665074603174595,818.0,,,818,False,False,-1.0,,-0.491632009151421,,-1.0,43.5769,44.932275499999996,True,-1.0,5.26310958328838,0.0380003488118597,-1.0380003488118597
AUTOMOBILE PARTS & ACCESSORIES,GTYR,4640,4720,ascending,down,down,4721,4.0,37.28,38.43,1.1499999999999986,skipped_risk_gt_6pct,39.88,,43.91327036310109,6.63327036310109,4730.0,,4767.0,4730,False,False,-1.0,,-0.286434879930288,-1.147826086956523,-1.147826086956523,37.28,38.9174,True,-1.147826086956523,3.08476394849785,0.06483478260869574,-1.2126608695652188
GLASS & CERAMICS,GVGL,720,800,symmetrical,down,down,801,1.0,15.75,16.0,0.25,no_valid_consolidation,,,19.668383713756945,3.918383713756942,804.0,,880.0,804,False,False,-1.0,,-0.2041658138766,,-1.0,15.75,18.68225,True,-1.0,1.5873015873015872,0.126,-1.126
CEMENT,GWLC,960,1040,descending,up,up,1052,4.0,12.4716,11.59,0.8816000000000006,skipped_risk_gt_6pct,11.29,,11.256584509938312,1.2150154900616883,1059.0,,1064.0,1059,False,False,-1.0,,-0.4378545000878874,-1.03448275862069,-1.03448275862069,12.4716,12.443822,True,-1.03448275862069,7.06886045094455,0.028293103448275847,-1.0627758620689658
OIL & GAS MARKETING COMPANIES,HASCOL,2600,2680,symmetrical,sequential,up,2685,4.0,12.37,12.0,0.3699999999999992,ok,11.78,0.5899999999999999,11.82586991010048,0.5441300898995198,2689.0,2694.0,2694.0,2689,False,False,-1.0,-0.644067796610168,-0.6983624082802893,-1.0,-1.0,12.37,9.163400000000001,True,-1.0,2.9911075181891613,0.06686486486486501,-1.066864864864865
COMMERCIAL BANKS,HBL,3200,3280,ascending,sequential,up,3288,4.0,140.12,136.8,3.319999999999993,skipped_risk_gt_6pct,130.98,,130.50667650434502,9.61332349565498,3309.0,,3315.0,3309,False,False,-1.0,,-0.3682389343914201,-1.0,-1.0,140.12,119.1487,True,-1.0,2.369397659149296,0.08440963855421704,-1.084409638554217
COMMERCIAL BANKS,HBL,3800,3880,descending,sequential,down,3885,3.0,70.51,72.2,1.6899999999999975,ok,74.74,4.22999999999999,73.39912457055601,2.8891245705560067,3898.0,3899.0,3898.0,3898,True,False,-1.0,-0.6430260047281336,-1.0,-1.0000000000000002,-1.0000000000000002,70.51,72.72215,True,-1.0000000000000002,2.3968231456530953,0.08344378698224865,-1.0834437869822489
AUTOMOBILE ASSEMBLER,HINO,1840,1920,descending,up,up,1935,3.0,682.2704,637.6039,44.66650000000004,skipped_risk_gt_6pct,622.41,,628.5307873180873,53.73961268191272,1952.0,,1952.0,1952,True,False,-1.0,,-1.0,-1.3066548755778926,-1.3066548755778926,682.2704,536.3347075,True,-1.3066548755778926,6.546744516543594,0.030549534886324173,-1.337204410464217
PHARMACEUTICALS,HINOON,680,760,descending,down,down,762,4.0,79.25,87.0,7.75,skipped_risk_gt_6pct,88.88,,88.2278620237761,8.977862023776098,784.0,,,784,False,False,-1.0,,-0.7295723617330734,-1.0,-1.0,79.25,79.89524999999999,True,-1.0,9.779179810725552,0.020451612903225808,-1.0204516129032257
COMMERCIAL BANKS,HMB,4960,5040,descending,up,up,5045,2.0,114.36,111.01,3.3499999999999943,ok,109.01,5.349999999999994,110.33178847427688,4.028211525723108,5086.0,5091.0,5087.0,5086,False,False,-1.0,-0.6056074766355137,-0.8043271757975469,-1.0,-1.0,114.36,106.50945,True,-1.0,2.9293459251486484,0.06827462686567176,-1.0682746268656718
OIL & GAS MARKETING COMPANIES,HTL,1560,1640,descending,down,down,1642,2.0,37.46,39.14,1.6799999999999995,skipped_risk_gt_6pct,40.2,,39.133739882014,1.6737398820139973,,,,1732,False,True,8.589285714285715,,8.621411340594037,,8.589285714285715,37.46,41.731300000000005,True,8.589285714285715,4.484783769353976,0.04459523809523811,7.25629761904762
POWER GENERATION & DISTRIBUTION,HUBC,1320,1400,descending,up,up,1401,1.0,36.37,35.65,0.7199999999999989,skipped_risk_gt_6pct,33.07,,33.247153854155826,3.1228461458441714,,,,1491,False,True,1.972222222222228,,0.4547134036333211,,1.972222222222228,36.37,33.98205,True,1.972222222222228,1.9796535606268872,0.10102777777777794,1.5753611111111159
TECHNOLOGY & COMMUNICATION,HUMNL,3640,3720,symmetrical,down,down,3725,2.0,6.57,7.22,0.6499999999999995,skipped_risk_gt_6pct,7.36,,7.097058823529409,0.5270588235294085,,,,3815,False,True,1.246153846153848,,1.5368303571428676,,1.246153846153848,6.57,6.8827,True,1.246153846153848,9.893455098934542,0.020215384615384635,1.0390153846153862
PHARMACEUTICALS,IBLHL,360,440,ascending,up,up,441,4.0,9.4,9.16,0.2400000000000002,no_valid_consolidation,,,7.82930553449583,1.57069446550417,442.0,,,442,False,False,-1.0,,0.031833052893549,-1.0,-1.0,9.4,8.0867,True,-1.0,2.5531914893617045,0.07833333333333327,-1.0783333333333334
PHARMACEUTICALS,IBLHL,3320,3400,symmetrical,down,down,3426,4.0,32.9,34.15,1.25,ok,34.83,1.93,34.43828962371721,1.538289623717212,3428.0,3455.0,3428.0,3428,True,False,-1.0,0.2746113989637312,-1.0,-1.2800000000000011,-1.2800000000000011,32.9,39.6594,True,-1.2800000000000011,3.7993920972644375,0.052640000000000006,-1.3326400000000012
INSURANCE,IGIL,2120,2200,descending,down,down,2203,2.0,47.09,50.9,3.809999999999995,skipped_risk_gt_6pct,56.05,,54.75616596002422,7.666165960024216,,,,2293,False,True,2.664041994750661,,1.3239995133066418,,2.664041994750661,47.09,48.19205,True,2.664041994750661,8.090889785517085,0.02471916010498691,2.2397165354330753
INSURANCE,IGIL,2640,2720,descending,sequential,down,2730,4.0,12.85,13.68,0.8300000000000001,skipped_risk_gt_6pct,13.98,,14.523047918303222,1.6730479183032223,2736.0,,2753.0,2736,False,False,-1.0,,-0.0836796116049002,-1.0,-1.0,12.85,13.0976,True,-1.0,6.459143968871596,0.030963855421686743,-1.0309638554216867
TEXTILE COMPOSITE,ILP,800,880,ascending,down,down,881,2.0,60.01,62.0,1.990000000000002,skipped_risk_gt_6pct,64.53,,64.00466328643861,3.994663286438616,,,,971,False,True,5.361809045226122,,2.6710636754350023,,5.361809045226122,60.01,67.8409,True,5.361809045226122,3.3161139810031695,0.06031155778894467,4.497226130653259
AUTOMOBILE ASSEMBLER,INDU,3000,3080,ascending,down,down,3084,4.0,1699.2,1778.97,79.76999999999998,ok,1796.76,97.55999999999996,1800.9362490948592,101.7362490948592,3103.0,3104.0,3104.0,3103,False,False,-1.0,-0.6169536695366963,-0.5916278665225676,-1.0,-1.0,1699.2,1761.971,True,-1.0,4.694562146892654,0.04260248213614142,-1.0426024821361415
AUTOMOBILE ASSEMBLER,INDU,3360,3440,ascending,down,down,3441,4.0,1200.31,1240.0,39.690000000000055,skipped_risk_gt_6pct,1297.85,,1354.6308087507423,154.32080875074257,3469.0,,,3469,False,False,-1.0,,-0.0528768612998914,-1.0,-1.0,1200.31,1311.3099499999998,True,-1.0,3.3066457831726845,0.060484252960443366,-1.0604842529604435
ENGINEERING,ISL,2560,2640,descending,sequential,down,2641,4.0,60.73,62.02,1.2900000000000065,skipped_risk_gt_6pct,67.66,,69.67586462882093,8.945864628820935,2643.0,,,2643,False,False,-1.0,,-0.1788535894948906,-2.10852713178294,-2.10852713178294,60.73,80.51050000000001,True,-2.10852713178294,2.124156100773928,0.09415503875968946,-2.2026821705426296
ENGINEERING,ISL,3320,3400,descending,sequential,down,3405,3.0,77.45,82.25,4.799999999999997,skipped_risk_gt_6pct,83.07,,81.96877079978532,4.518770799785315,3434.0,,3433.0,3433,False,False,-0.7895833333333322,,-1.0,,-0.7895833333333322,77.45,80.48949999999999,True,-0.7895833333333322,6.197546804389925,0.03227083333333335,-0.8218541666666656
ENGINEERING,ITTEFAQ,120,200,symmetrical,down,down,201,1.0,19.91,21.01,1.1000000000000014,skipped_risk_gt_6pct,21.61,,21.53085209825998,1.6208520982599808,,,,291,False,True,4.636363636363631,,3.146493134984345,,4.636363636363631,19.91,23.4496,True,4.636363636363631,5.524861878453046,0.036199999999999954,3.9047090909090865
INSURANCE,JGICL,400,480,ascending,up,up,481,4.0,140.0579,135.2912,4.766699999999986,no_valid_consolidation,,,55.76592820629849,84.29197179370149,482.0,,,482,False,False,-1.0,,-0.0830790863113165,-1.0,-1.0,140.0579,55.3534665,True,-1.0,3.4033781743121856,0.05876514150250715,-1.0587651415025072
INSURANCE,JGICL,1120,1200,ascending,up,up,1201,2.0,37.1271,35.603,1.5240999999999971,skipped_risk_gt_6pct,34.66,,34.11503730081752,3.01206269918248,,,,1291,False,True,3.732235417623521,,1.8885065047098424,,3.732235417623521,37.1271,35.168124,True,3.732235417623521,4.105087658341204,0.04872003149399655,3.123680073485996
INSURANCE,JGICL,3640,3720,descending,sequential,up,3721,4.0,82.21,81.37,0.8399999999999892,skipped_risk_gt_6pct,77.22,,77.60668319578335,4.603316804216647,3722.0,,3753.0,3722,False,False,-1.0,,-0.1064449875687795,-1.0,-1.0,82.21,69.62925,True,-1.0,1.0217735068726301,0.19573809523809776,-1.1957380952380978
INSURANCE,JLICL,1560,1640,ascending,up,up,1641,4.0,82.5,77.5,5.0,skipped_risk_gt_6pct,72.52,,71.71258813029897,10.787411869701032,1643.0,,,1643,False,False,-1.0,,-0.0927006414586555,-1.25,-1.25,82.5,63.9466,True,-1.25,6.0606060606060606,0.033,-1.283
INSURANCE,JLICL,4280,4360,descending,up,up,4361,2.0,178.3,167.35,10.950000000000015,skipped_risk_gt_6pct,162.86,,160.2619387755102,18.03806122448981,,,,4381,False,True,-0.7305936073059349,,-0.4435066441142026,,-0.7305936073059349,178.3,175.91915,True,-0.7305936073059349,6.141334828939997,0.032566210045662056,-0.763159817351597
COMMERCIAL BANKS,JSBL,1200,1280,symmetrical,up,up,1281,4.0,5.51,5.34,0.1699999999999999,ok,5.23,0.2799999999999993,5.027353401774839,0.4826465982251608,1284.0,1289.0,1294.0,1284,False,False,-1.0,-0.3928571428571417,-0.2279100285892474,-1.176470588235296,-1.176470588235296,5.51,3.92165,True,-1.176470588235296,3.0852994555353885,0.06482352941176474,-1.2412941176470607
COMMERCIAL BANKS,JSBL,1600,1680,symmetrical,sequential,down,1684,4.0,4.09,4.38,0.29,skipped_risk_gt_6pct,4.49,,4.960273037542661,0.8702730375426615,1692.0,,1702.0,1692,False,False,-1.0,,-0.3562100474528421,-1.0000000000000002,-1.0000000000000002,4.09,4.303450000000001,True,-1.0000000000000002,7.090464547677261,0.028206896551724144,-1.0282068965517244
COMMERCIAL BANKS,JSBL,3240,3320,descending,sequential,up,3321,3.0,7.15,6.75,0.4000000000000003,skipped_risk_gt_6pct,6.68,,6.18155737704918,0.9684426229508204,3333.0,,3346.0,3333,False,False,-1.0,,-0.3923825645366066,-1.0000000000000002,-1.0000000000000002,7.15,5.8919500000000005,True,-1.0000000000000002,5.594405594405599,0.035749999999999976,-1.0357500000000002
COMMERCIAL BANKS,JSBL,3360,3440,ascending,down,down,3448,4.0,5.25,5.45,0.2000000000000001,skipped_risk_gt_6pct,5.71,,5.862617119263141,0.6126171192631409,3454.0,,,3454,False,False,-1.0,,-0.0816170466475701,-1.1500000000000017,-1.1500000000000017,5.25,6.0025,True,-1.1500000000000017,3.809523809523811,0.052499999999999984,-1.2025000000000017
POWER GENERATION & DISTRIBUTION,KAPCO,1680,1760,symmetrical,up,up,1762,4.0,45.45,43.75,1.7000000000000028,ok,42.87,2.5800000000000054,43.18741179983789,2.2625882001621136,1765.0,,1768.0,1765,False,False,-1.0,-0.4961240310077513,-0.5657238024613978,-1.0,-1.0,45.45,42.6391,True,-1.0,3.7403740374037464,0.053470588235294034,-1.053470588235294
POWER GENERATION & DISTRIBUTION,KAPCO,2480,2560,ascending,sequential,up,2561,3.0,93.68,89.11,4.570000000000007,ok,88.22,5.460000000000008,86.19015756687432,7.489842433125688,2597.0,2597.0,2599.0,2597,True,False,-1.0,-1.0,-0.7837281027486602,-1.0,-1.0,93.68,82.9936,True,-1.0,4.8783091374893335,0.0409978118161925,-1.0409978118161924
POWER GENERATION & DISTRIBUTION,KEL,3160,3240,ascending,sequential,up,3242,3.0,6.75,6.45,0.2999999999999998,skipped_risk_gt_6pct,6.15,,6.214601718644397,0.5353982813556026,3271.0,,3274.0,3271,False,False,-1.0,,-0.4856197882101756,-1.0,-1.0,6.75,6.40295,True,-1.0,4.444444444444442,0.045000000000000026,-1.045
TEXTILE COMPOSITE,KML,1280,1360,descending,sequential,up,1373,3.0,17.6,16.1,1.5,skipped_risk_gt_6pct,15.85,,15.770959367945824,1.829040632054177,1384.0,,1393.0,1384,False,False,-1.0,,-0.6779510407089047,-1.0,-1.0,17.6,13.1748,True,-1.0,8.522727272727272,0.02346666666666667,-1.0234666666666667
CEMENT,KOHC,2120,2200,ascending,sequential,up,2201,3.0,122.65,115.75,6.900000000000006,skipped_risk_gt_6pct,113.36,,116.01509689922476,6.634903100775233,2272.0,,2272.0,2272,True,False,-1.0,,-1.0,-1.753623188405797,-1.753623188405797,122.65,101.19319999999999,True,-1.753623188405797,5.625764370158993,0.035550724637681136,-1.789173913043478
POWER GENERATION & DISTRIBUTION,KOHE,2440,2520,ascending,up,up,2540,4.0,32.6888,32.2702,0.4185999999999978,ok,31.65,1.038800000000002,31.50473764271323,1.18406235728677,2541.0,,,2541,False,False,-1.0,-0.1465152098575281,-0.1285405275012378,-1.0000000000000002,-1.0000000000000002,32.6888,32.3428435,True,-1.0000000000000002,1.2805609260664135,0.15618155757286276,-1.156181557572863
POWER GENERATION & DISTRIBUTION,KOHP,3560,3640,ascending,down,down,3649,3.0,3.72,4.14,0.4199999999999995,no_valid_consolidation,,,4.4872544673777535,0.7672544673777533,3688.0,,3708.0,3688,False,False,-1.0,,-0.0912343987246355,-1.0,-1.0,3.72,4.127,True,-1.0,11.290322580645148,0.017714285714285738,-1.0177142857142858
TEXTILE COMPOSITE,KOIL,1720,1800,descending,sequential,up,1801,4.0,3.79,3.45,0.3399999999999998,no_valid_consolidation,,,2.6839634146341464,1.1060365853658536,1802.0,,1816.0,1802,False,False,-1.0,,-0.3797342742157781,-1.0000000000000002,-1.0000000000000002,3.79,2.9154500000000003,True,-1.0000000000000002,8.970976253298147,0.02229411764705884,-1.022294117647059
TEXTILE COMPOSITE,KOIL,3760,3840,descending,whipsaw,down,3855,4.0,5.5,5.99,0.4900000000000002,no_valid_consolidation,,,5.974404322614653,0.474404322614653,3857.0,,3857.0,3857,True,False,-1.0,,-1.0,-1.0,-1.0,5.5,7.2061,True,-1.0,8.909090909090912,0.02244897959183673,-1.0224489795918368
CHEMICAL,LOTCHEM,1000,1080,descending,up,up,1084,1.0,3.03,2.91,0.1199999999999996,skipped_risk_gt_6pct,2.79,,2.822403490216816,0.2075965097831837,,,,1174,False,True,34.7500000000001,,20.08704291009129,,34.7500000000001,3.03,2.7426,True,34.7500000000001,3.960396039603947,0.05050000000000017,29.487000000000084
CHEMICAL,LOTCHEM,1720,1800,symmetrical,down,down,1801,1.0,7.4,7.69,0.29,skipped_risk_gt_6pct,7.98,,8.507202426080365,1.1072024260803648,1819.0,,,1819,False,False,-1.0,,-0.1445083538756497,-1.0000000000000002,-1.0000000000000002,7.4,9.6662,True,-1.0000000000000002,3.9189189189189184,0.0510344827586207,-1.0510344827586209
CHEMICAL,LPGL,1640,1720,symmetrical,down,down,1731,4.0,106.25,109.0,2.75,skipped_risk_gt_6pct,114.23,,115.50971830985915,9.259718309859151,1732.0,,,1732,False,False,-1.0,,-0.0075596252129464,-1.0,-1.0,106.25,113.54895,True,-1.0,2.588235294117647,0.07727272727272727,-1.0772727272727272
POWER GENERATION & DISTRIBUTION,LPL,120,200,descending,down,down,207,4.0,9.1895,9.3294,0.139899999999999,ok,9.55,0.3605,9.621449927961876,0.4319499279618739,209.0,282.0,283.0,209,False,False,-1.0,-0.3880721220527018,-0.3238801327276695,,-1.0,9.1895,9.9180035,True,-1.0,1.5223896838783284,0.13137240886347487,-1.131372408863475
POWER GENERATION & DISTRIBUTION,LPL,400,480,ascending,down,down,488,1.0,16.057,16.7463,0.6893000000000029,skipped_risk_gt_6pct,17.53,,17.581321126760564,1.5243211267605652,541.0,,,541,False,False,-1.0,,-0.4760151829306598,,-1.0,16.057,16.6479835,True,-1.0,4.292831786759687,0.04658929348614516,-1.0465892934861452
POWER GENERATION & DISTRIBUTION,LPL,720,800,descending,up,up,821,1.0,11.9987,11.3093,0.6893999999999991,skipped_risk_gt_6pct,11.16,,11.322844072891227,0.6758559271087723,856.0,,856.0,856,True,False,-1.0,,-1.0,-1.0,-1.0,11.9987,11.738897999999999,True,-1.0,5.745622442431256,0.03480910937046712,-1.0348091093704672
CEMENT,LUCK,2040,2120,descending,up,up,2121,1.0,239.98,237.5,2.4799999999999898,ok,228.64,11.340000000000003,224.8740207259885,15.105979274011446,,,,2211,False,True,39.48387096774209,8.634920634920631,6.482201400108037,,39.48387096774209,239.98,196.75995,True,39.48387096774209,1.0334194516209643,0.1935322580645169,33.36775806451626
PHARMACEUTICALS,MACTER,360,440,symmetrical,sequential,up,441,4.0,183.0,157.0,26.0,no_valid_consolidation,,,144.05692307692308,38.94307692307692,451.0,,456.0,451,False,False,-1.0,,-0.8468770987239758,-1.0,-1.0,183.0,109.78055,True,-1.0,14.207650273224044,0.014076923076923077,-1.014076923076923
COMMERCIAL BANKS,MCB,1800,1880,symmetrical,up,up,1882,2.0,187.99,186.0,1.990000000000009,ok,181.27,6.719999999999999,182.05393979303852,5.936060206961429,1891.0,,,1891,False,False,-1.0,-0.2812500000000022,-0.3183929970561189,-1.0,-1.0,187.99,175.8553,True,-1.0,1.0585669450502735,0.1889346733668333,-1.1889346733668333
COMMERCIAL BANKS,MCB,2080,2160,ascending,whipsaw,up,2165,4.0,299.54,283.0,16.54000000000002,skipped_risk_gt_6pct,279.28,,287.9970189398184,11.542981060181605,2167.0,,2166.0,2166,False,False,-0.8494558645707373,,-1.0,,-0.8494558645707373,299.54,258.63135,True,-0.8494558645707373,5.521800093476671,0.03622007255139053,-0.8856759371221278
COMMERCIAL BANKS,MCB,4120,4200,ascending,down,down,4201,1.0,148.81,154.0,5.189999999999998,skipped_risk_gt_6pct,162.41,,165.09529724315138,16.285297243151376,4224.0,,,4224,False,False,-1.0,,-0.2922881866342208,-1.0,-1.0,148.81,158.649,True,-1.0,3.487668839459712,0.05734489402697498,-1.057344894026975
COMMERCIAL BANKS,MEBL,2280,2360,descending,up,up,2361,4.0,53.05,50.75,2.299999999999997,skipped_risk_gt_6pct,47.51,,40.77991298743152,12.270087012568482,2365.0,,,2365,False,False,-1.0,,-0.1915226841988035,-1.0,-1.0,53.05,40.56175,True,-1.0,4.335532516493869,0.046130434782608754,-1.0461304347826088
COMMERCIAL BANKS,MEBL,4800,4880,symmetrical,up,up,4893,4.0,243.26,240.65,2.609999999999985,ok,234.13,9.129999999999995,234.34704543483912,8.912954565160874,4896.0,,,4896,False,False,-1.0,-0.244249726177436,-0.2501976178266022,-1.0,-1.0,243.26,236.697,True,-1.0,1.072926087313979,0.1864061302682003,-1.1864061302682003
PAPER & BOARD,MERIT,720,800,symmetrical,down,down,801,2.0,17.35,18.13,0.7799999999999976,no_valid_consolidation,,,19.462405255179384,2.1124052551793824,853.0,,873.0,853,False,False,-1.0,,-0.2840364075637782,-1.0,-1.0,17.35,20.08265,True,-1.0,4.49567723342938,0.04448717948717963,-1.0444871794871797
PAPER & BOARD,MERIT,1400,1480,ascending,down,down,1493,4.0,17.71,18.46,0.75,skipped_risk_gt_6pct,19.7,,20.056779661016947,2.346779661016946,1511.0,,1532.0,1511,False,False,-1.0,,-0.3408926765852962,-1.0,-1.0,17.71,19.88715,True,-1.0,4.2348955392433645,0.04722666666666668,-1.0472266666666668
PAPER & BOARD,MERIT,4280,4360,descending,down,down,4361,2.0,12.36,13.15,0.7900000000000009,skipped_risk_gt_6pct,13.28,,13.557735799207396,1.197735799207397,,,,4451,False,True,2.8481012658227813,,1.8785445016245987,,2.8481012658227813,12.36,12.4793,True,2.8481012658227813,6.391585760517807,0.03129113924050629,2.389594936708858
FOOD & PERSONAL CARE PRODUCTS,MFFL,2040,2120,ascending,down,down,2121,4.0,261.0,273.98,12.980000000000018,skipped_risk_gt_6pct,279.75,,292.9327272727272,31.93272727272722,2131.0,,2146.0,2131,False,False,-1.0,,-0.4067926891761098,-1.0,-1.0,261.0,301.15635,True,-1.0,4.973180076628359,0.04021571648690288,-1.0402157164869028
CEMENT,MLCF,1360,1440,symmetrical,down,down,1441,1.0,2.75,2.89,0.1400000000000001,skipped_risk_gt_6pct,2.92,,2.964593175853018,0.2145931758530181,1489.0,,,1489,False,False,-1.0,,1.8173923679060688,-1.0000000000000002,-1.0000000000000002,2.75,3.3416,True,-1.0000000000000002,5.090909090909094,0.039285714285714264,-1.0392857142857146
CEMENT,MLCF,4080,4160,ascending,down,down,4168,4.0,32.51,34.41,1.8999999999999984,skipped_risk_gt_6pct,36.28,,37.32989913544669,4.81989913544669,4172.0,,4226.0,4172,False,False,-1.0,,-0.3547792084328596,-1.0000000000000002,-1.0000000000000002,32.51,40.418800000000005,True,-1.0000000000000002,5.844355582897565,0.03422105263157898,-1.0342210526315792
ENGINEERING,MSCL,1520,1600,descending,whipsaw,down,1601,4.0,20.65,22.26,1.610000000000003,no_valid_consolidation,,,25.380617464788727,4.730617464788729,1603.0,,1604.0,1603,False,False,-1.0,,-0.6764444649812572,-1.9875776397515508,-1.9875776397515508,20.65,22.13355,True,-1.9875776397515508,7.79661016949154,0.025652173913043433,-2.0132298136645943
TEXTILE COMPOSITE,MSOT,840,920,symmetrical,whipsaw,up,921,4.0,29.88,29.6,0.2799999999999976,ok,28.18,1.6999999999999993,27.862291870714987,2.017708129285012,922.0,923.0,923.0,922,False,False,-1.0,-0.8705882352941182,-0.7335054949322369,-1.0,-1.0,29.88,23.762199999999996,True,-1.0,0.9370816599732181,0.2134285714285733,-1.2134285714285733
TEXTILE COMPOSITE,MSOT,960,1040,descending,up,up,1041,1.0,28.35,27.0,1.3500000000000014,no_valid_consolidation,,,24.69712023646152,3.652879763538479,,,,1131,False,True,76.7777777777777,,28.374873171187023,,76.7777777777777,28.35,27.16555,True,76.7777777777777,4.761904761904766,0.04199999999999996,65.21911111111105
AUTOMOBILE ASSEMBLER,MTL,200,280,symmetrical,up,up,283,1.0,65.7186,62.5698,3.1487999999999943,skipped_risk_gt_6pct,60.33,,61.35838711396903,4.360212886030965,308.0,,310.0,308,False,False,-1.0,,-0.950481113726648,-1.0,-1.0,65.7186,51.9812565,True,-1.0,4.7913376121828435,0.04174199695121959,-1.0417419969512196
AUTOMOBILE ASSEMBLER,MTL,4160,4240,ascending,down,down,4243,3.0,304.0909,309.7447,5.653800000000047,ok,316.26,12.169100000000014,324.5336263202726,20.44272632027264,4259.0,4260.0,4261.0,4259,False,False,-1.0,-0.9043314624746288,-0.5383283925826803,-1.0,-1.0,304.0909,320.072135,True,-1.0,1.8592466923541766,0.10757044819413403,-1.107570448194134
AUTOMOBILE ASSEMBLER,MTL,5040,5120,ascending,sequential,up,5123,4.0,292.0763,280.5072,11.569099999999992,skipped_risk_gt_6pct,270.78,,273.2841174890773,18.792182510922714,5132.0,,5132.0,5132,True,False,-1.0,,-1.0,-1.0,-1.0,292.0763,281.7132245,True,-1.0,3.9609855369983773,0.05049248429004853,-1.0504924842900485
FOOD & PERSONAL CARE PRODUCTS,MUREB,2600,2680,ascending,sequential,up,2681,3.0,1008.17,960.17,48.0,no_valid_consolidation,,,780.1115951626834,228.0584048373165,2684.0,,2695.0,2684,False,False,-1.0,,-0.026045959605116,-1.0,-1.0,1008.17,769.3983000000001,True,-1.0,4.761101798307825,0.042007083333333334,-1.0420070833333333
FOOD & PERSONAL CARE PRODUCTS,MUREB,2800,2880,ascending,up,up,2882,4.0,820.0,806.01,13.990000000000007,ok,772.2,47.79999999999996,752.4198147475481,67.58018525245188,2884.0,2909.0,2910.0,2884,False,False,-1.0,-0.2092050209205023,-0.1479723673831922,-1.426018584703362,-1.426018584703362,820.0,771.8530999999999,True,-1.426018584703362,1.7060975609756106,0.11722659042172975,-1.5432451751250917
MISCELLANEOUS,MWMP,760,840,symmetrical,up,up,841,3.0,0.07,0.0653,0.0047,no_valid_consolidation,,,0.0477498852333588,0.0222501147666411,872.0,,,872,False,False,-1.0,,-0.0359548707227084,-1.5957446808510651,-1.5957446808510651,0.07,0.0382925,True,-1.5957446808510651,6.714285714285714,0.029787234042553193,-1.6255319148936183
FOOD & PERSONAL CARE PRODUCTS,NATF,680,760,descending,down,down,762,2.0,32.01,32.8819,0.8719000000000037,skipped_risk_gt_6pct,33.97,,33.22749562295365,1.217495622953649,768.0,,773.0,768,False,False,-1.0,,-0.3478451930468477,-1.0,-1.0,32.01,32.607917,True,-1.0,2.7238363011559006,0.07342585158848461,-1.0734258515884847
FOOD & PERSONAL CARE PRODUCTS,NATF,3440,3520,descending,down,down,3521,4.0,162.28,166.6,4.319999999999993,skipped_risk_gt_6pct,178.77,,228.72919397116647,66.44919397116647,3527.0,,,3527,False,False,-1.0,,-0.0787067485313574,-1.0,-1.0,162.28,216.82905,True,-1.0,2.6620655656889287,0.07512962962962974,-1.0751296296296298
COMMERCIAL BANKS,NBP,1320,1400,symmetrical,up,up,1401,2.0,39.3505,37.8842,1.4662999999999968,skipped_risk_gt_6pct,36.59,,37.45168772893773,1.898812271062269,,,,1491,False,True,3.4741867285003147,,2.682834989869803,,3.4741867285003147,39.3505,38.9848945,True,3.4741867285003147,3.726255066644635,0.0536731910250291,2.8993855282002383
COMMERCIAL BANKS,NBP,1760,1840,descending,down,down,1842,4.0,33.9481,34.4876,0.5395000000000039,ok,34.91,0.9619,34.52934610436026,0.581246104360261,1843.0,1846.0,1843.0,1843,True,False,-1.0,-0.4166753300758954,-1.0,-1.0,-1.0,33.9481,34.9142275,True,-1.0,1.5891905585290602,0.12585023169601392,-1.125850231696014
COMMERCIAL BANKS,NBP,3160,3240,ascending,sequential,up,3242,4.0,52.26,51.01,1.25,ok,50.29,1.9699999999999989,48.70487220447285,3.5551277955271487,3243.0,3246.0,3259.0,3243,False,False,-1.0,-0.5076142131979698,-0.2812838405578952,-1.0,-1.0,52.26,51.1084,True,-1.0,2.3918867202449294,0.083616,-1.083616
COMMERCIAL BANKS,NBP,4840,4920,descending,up,up,4921,1.0,64.69,62.56,2.1299999999999955,skipped_risk_gt_6pct,58.9,,59.20467623005766,5.48532376994234,,,,5011,False,True,19.85446009389676,,7.709663417086599,,19.85446009389676,64.69,54.328,True,19.85446009389676,3.292626371927648,0.06074178403755882,16.815549295774684
TEXTILE COMPOSITE,NCL,360,440,symmetrical,down,down,444,4.0,46.9,47.75,0.8500000000000014,skipped_risk_gt_6pct,49.89,,49.97311083977751,3.073110839777513,447.0,,,447,False,False,-1.0,,-0.1301612668252987,-1.0,-1.0,46.9,61.376999999999995,True,-1.0,1.8123667377398751,0.1103529411764704,-1.1103529411764703
TEXTILE COMPOSITE,NCL,3360,3440,symmetrical,down,down,3476,2.0,50.79,52.39,1.6000000000000014,ok,52.91,2.119999999999997,54.6505128205128,3.8605128205128025,,,,3566,False,True,12.599999999999987,9.509433962264165,5.222104144527124,,12.599999999999987,50.79,52.68715,True,12.599999999999987,3.1502264225241214,0.06348749999999995,10.646512499999988
FOOD & PERSONAL CARE PRODUCTS,NESTLE,2720,2800,ascending,up,up,2828,2.0,6290.0,5850.0,440.0,skipped_risk_gt_6pct,5742.01,,5734.009797539968,555.9902024600324,2843.0,,2846.0,2843,False,False,-1.0,,-0.8992604506118809,-1.1136363636363635,-1.1136363636363635,6290.0,5721.186,True,-1.1136363636363635,6.995230524642289,0.028590909090909094,-1.1422272727272726
TECHNOLOGY & COMMUNICATION,NETSOL,1200,1280,ascending,up,up,1281,4.0,25.39,24.79,0.6000000000000014,no_valid_consolidation,,,18.59230182926829,6.797698170731707,1282.0,,,1282,False,False,-1.0,,-0.1735881721081158,-1.0,-1.0,25.39,23.21695,True,-1.0,2.36313509255613,0.08463333333333313,-1.0846333333333331
TEXTILE COMPOSITE,NML,3400,3480,ascending,down,down,3481,4.0,122.55,128.0,5.450000000000003,skipped_risk_gt_6pct,135.33,,139.48437464371224,16.934374643712246,3484.0,,,3484,False,False,-1.0,,-0.2149474117930618,-1.0,-1.0,122.55,138.22035,True,-1.0,4.4471644226846205,0.04497247706422017,-1.0449724770642201
REFINERY,NRL,2360,2440,ascending,sequential,up,2441,4.0,207.33,205.0,2.3300000000000125,ok,200.97,6.360000000000014,194.9755203862661,12.3544796137339,2442.0,2442.0,2466.0,2442,True,False,-1.0,-1.0,-0.4654182272159802,-1.0,-1.0,207.33,202.04835,True,-1.0,1.123812279940198,0.17796566523605056,-1.1779656652360506
OIL & GAS MARKETING COMPANIES,OBOY,440,520,symmetrical,down,down,527,4.0,5.94,6.2,0.2599999999999998,skipped_risk_gt_6pct,6.42,,6.611699819168173,0.6716998191681727,532.0,,547.0,532,False,False,-1.0,,-0.3870776685960427,-1.0,-1.0,5.94,7.408099999999999,True,-1.0,4.377104377104373,0.04569230769230774,-1.0456923076923077
OIL & GAS EXPLORATION COMPANIES,OGDC,520,600,ascending,down,down,607,4.0,120.5,121.75,1.25,ok,125.04,4.540000000000006,124.42902130492678,3.9290213049267777,614.0,680.0,623.0,614,False,False,-1.0,-0.3303964757709247,-0.3817744633044066,-1.0,-1.0,120.5,124.18549999999999,True,-1.0,1.0373443983402488,0.19280000000000003,-1.1928
OIL & GAS EXPLORATION COMPANIES,OGDC,2400,2480,descending,down,down,2482,1.0,197.74,205.3,7.560000000000002,ok,207.56,9.819999999999991,212.29584623473733,14.555846234737372,,,,2572,False,True,5.370370370370372,4.134419551934832,2.789257274723647,,5.370370370370372,197.74,236.07905,True,5.370370370370372,3.8232021846869637,0.0523121693121693,4.5125026455026465
OIL & GAS EXPLORATION COMPANIES,OGDC,3760,3840,ascending,down,down,3841,4.0,108.86,113.0,4.140000000000001,ok,115.14,6.280000000000001,116.76985068072024,7.90985068072024,3848.0,3922.0,3922.0,3848,False,False,-1.0,-0.5557324840764322,-0.4412219826736615,-1.0,-1.0,108.86,117.51799999999999,True,-1.0,3.8030497887194565,0.05258937198067633,-1.0525893719806763
MISCELLANEOUS,PABC,480,560,symmetrical,up,up,561,1.0,54.13,53.03,1.1000000000000014,skipped_risk_gt_6pct,48.91,,49.43841302592625,4.691586974073751,,,,651,False,True,14.427272727272706,,3.3826507081078203,,14.427272727272706,54.13,46.108000000000004,True,14.427272727272706,2.0321448365047132,0.09841818181818171,12.164763636363618
PROPERTY,PACE,2240,2320,symmetrical,up,up,2333,1.0,7.17,6.5,0.6699999999999999,skipped_risk_gt_6pct,6.4,,6.425393794749404,0.7446062052505962,,,,2423,False,True,6.985074626865672,,6.285201448764387,,6.985074626865672,7.17,6.68735,True,6.985074626865672,9.344490934449093,0.02140298507462687,5.915910447761195
CABLE & ELECTRICAL GOODS,PAEL,1000,1080,descending,down,down,1085,4.0,13.4691,14.1692,0.7001000000000008,skipped_risk_gt_6pct,14.81,,15.993470041351776,2.5243700413517782,1088.0,,1110.0,1088,False,False,-1.0,,-0.235108161750401,-1.142979574346521,-1.142979574346521,13.4691,16.587155,True,-1.142979574346521,5.1978231656161205,0.03847764605056416,-1.1814572203970852
CABLE & ELECTRICAL GOODS,PAEL,2160,2240,symmetrical,up,up,2243,1.0,22.1,20.0,2.1000000000000014,skipped_risk_gt_6pct,19.7,,19.608216973786664,2.491783026213337,,,,2333,False,True,3.347619047619044,,2.8212729302852693,,3.347619047619044,22.1,17.4555545,True,3.347619047619044,9.502262443438921,0.021047619047619034,2.824428571428568
CABLE & ELECTRICAL GOODS,PAEL,4200,4280,descending,sequential,down,4293,4.0,14.5,15.25,0.75,no_valid_consolidation,,,16.716614494726088,2.2166144947260875,4297.0,,4304.0,4297,False,False,-1.0,,-0.2255692188197958,-1.0,-1.0,14.5,20.027449999999998,True,-1.0,5.172413793103448,0.03866666666666667,-1.0386666666666666
CABLE & ELECTRICAL GOODS,PAEL,4240,4320,ascending,sequential,down,4334,4.0,15.68,16.24,0.5599999999999987,skipped_risk_gt_6pct,16.7,,17.07100636074512,1.39100636074512,4342.0,,4348.0,4342,False,False,-1.0,,-0.2516163907492968,-1.0,-1.0,15.68,17.994,True,-1.0,3.5714285714285636,0.056000000000000126,-1.056
CABLE & ELECTRICAL GOODS,PAEL,4640,4720,symmetrical,up,up,4728,4.0,23.92,22.44,1.4800000000000004,skipped_risk_gt_6pct,22.03,,21.855362035225056,2.064637964774945,4733.0,,,4733,False,False,-1.0,,-0.6780849833654048,-1.0,-1.0,23.92,16.88015,True,-1.0,6.187290969899667,0.03232432432432432,-1.0323243243243243
CABLE & ELECTRICAL GOODS,PAEL,4760,4840,descending,up,up,4859,4.0,26.23,25.0,1.2300000000000004,skipped_risk_gt_6pct,24.16,,23.786,2.4440000000000026,4861.0,,4874.0,4861,False,False,-1.0,,-0.3805237315875608,-1.0,-1.0,26.23,24.364050000000002,True,-1.0,4.689287075867329,0.042650406504065035,-1.042650406504065
CABLE & ELECTRICAL GOODS,PAEL,4800,4880,ascending,up,up,4881,1.0,32.38,30.5,1.8800000000000023,no_valid_consolidation,,,25.273580526464755,7.106419473535247,,,,4971,False,True,7.563829787234032,,2.0010076879019274,,7.563829787234032,32.38,24.920949999999998,True,7.563829787234032,5.806053119209395,0.03444680851063826,6.394808510638289
CABLE & ELECTRICAL GOODS,PAEL,4960,5040,descending,up,up,5044,2.0,42.49,40.8,1.6900000000000048,skipped_risk_gt_6pct,39.4,,39.8194661592265,2.6705338407735013,,,,5134,False,True,7.781065088757374,,4.924109104789023,,7.781065088757374,42.49,39.0612,True,7.781065088757374,3.977406448576147,0.05028402366863891,6.563621301775129
TECHNOLOGY & COMMUNICATION,PAKD,600,680,descending,down,down,700,4.0,111.0,114.0,3.0,skipped_risk_gt_6pct,117.67,,120.74410380721515,9.744103807215168,701.0,,705.0,701,False,False,-1.0,,-0.1026261644769768,,-1.0,111.0,113.54,True,-1.0,2.7027027027027026,0.07400000000000001,-1.074
TECHNOLOGY & COMMUNICATION,PAKD,2960,3040,symmetrical,down,down,3041,1.0,69.99,74.75,4.760000000000005,no_valid_consolidation,,,79.84113636363634,9.851136363636344,,,,3131,False,True,2.195378151260501,,1.0607913254123909,,2.195378151260501,69.99,83.2872,True,2.195378151260501,6.8009715673667746,0.02940756302521005,1.8366638655462157
CHEMICAL,PAKOXY,3000,3080,descending,down,down,3090,4.0,163.3546,170.0455,6.690899999999999,skipped_risk_gt_6pct,174.72,,177.9805779698733,14.625977969873304,3091.0,,,3091,False,False,-1.0,,-0.4574668452107588,-1.0,-1.0,163.3546,179.954179,True,-1.0,4.095936080159358,0.048828886995770385,-1.0488288869957705
CHEMICAL,PAKOXY,3800,3880,descending,up,up,3887,2.0,156.05,151.0,5.050000000000011,ok,146.93,9.120000000000005,146.54124309703593,9.50875690296408,3936.0,3936.0,3936.0,3936,True,False,-1.0,-1.0,-1.0,-1.396039603960395,-1.396039603960395,156.05,154.5111,True,-1.396039603960395,3.2361422620954894,0.06180198019801967,-1.4578415841584147
TRANSPORT,PICT,680,760,ascending,sequential,up,761,4.0,77.35,72.5,4.849999999999994,skipped_risk_gt_6pct,68.31,,69.81235356762514,7.537646432374856,773.0,,774.0,773,False,False,-1.0,,-0.9220384721348996,-1.0,-1.0,77.35,67.8955,True,-1.0,6.2702003878474395,0.03189690721649489,-1.031896907216495
TRANSPORT,PICT,2600,2680,ascending,up,up,2681,4.0,368.2,363.0,5.199999999999989,skipped_risk_gt_6pct,338.58,,331.55093233551617,36.64906766448382,2684.0,,,2684,False,False,-1.0,,0.1309719538827896,-1.5769230769230782,-1.5769230769230782,368.2,301.6934,True,-1.5769230769230782,1.412275936990763,0.14161538461538492,-1.7185384615384631
TRANSPORT,PICT,4680,4760,descending,up,up,4771,4.0,44.07,42.0,2.0700000000000003,skipped_risk_gt_6pct,41.09,,41.14642865714629,2.9235713428537125,4775.0,,4790.0,4775,False,False,-1.0,,-0.7422428754147843,-1.0,-1.0,44.07,42.10735,True,-1.0,4.697072838665759,0.042579710144927535,-1.0425797101449275
TRANSPORT,PICT,4720,4800,descending,down,down,4801,1.0,39.05,40.26,1.2100000000000009,skipped_risk_gt_6pct,41.86,,41.846409553641365,2.796409553641368,4861.0,,4861.0,4861,True,False,-1.0,,-1.0,-1.148760330578512,-1.148760330578512,39.05,41.6361,True,-1.148760330578512,3.098591549295777,0.0645454545454545,-1.2133057851239664
INSURANCE,PIL,1040,1120,symmetrical,up,up,1132,4.0,3.0552,2.6659,0.3893,no_valid_consolidation,,,2.4137059701492536,0.6414940298507465,1135.0,,1186.0,1135,False,False,-1.0,,-0.1451299554910297,-1.0,-1.0,3.0552,2.9413850000000004,True,-1.0,12.742210002618485,0.015695864371949655,-1.0156958643719496
CEMENT,PIOC,2560,2640,descending,up,up,2641,4.0,87.64,87.0,0.6400000000000006,ok,83.7,3.9399999999999977,84.52942412708921,3.110575872910786,2642.0,2660.0,2642.0,2642,True,False,-1.0,-0.0177664974619308,-1.0,-4.9062499999999964,-4.9062499999999964,87.64,85.73305,True,-3.0,0.7302601551802835,0.2738749999999998,-3.273875
CEMENT,PIOC,3880,3960,descending,up,up,3965,4.0,135.35,127.0,8.349999999999994,skipped_risk_gt_6pct,125.73,,121.67428571428572,13.675714285714264,3985.0,,4002.0,3985,False,False,-1.0,,-0.6149587381176232,-1.0,-1.0,135.35,108.8626,True,-1.0,6.169190986331729,0.03241916167664673,-1.0324191616766467
CEMENT,PIOC,4480,4560,descending,up,up,4561,4.0,99.57,99.5,0.0699999999999931,ok,96.44,3.1299999999999955,84.3184,15.251599999999996,4562.0,,,4562,False,False,-1.0,0.7092651757188551,0.1455584987804567,-13.857142857144208,-13.857142857144208,99.57,76.4684,True,-3.0,0.07030229988951803,2.8448571428574234,-5.844857142857423
INSURANCE,PKGI,1320,1400,descending,sequential,down,1402,3.0,1.2685,1.4185,0.1500000000000001,skipped_risk_gt_6pct,1.43,,1.415187933153109,0.146687933153109,1411.0,,1411.0,1411,True,False,-1.0,,-1.0,-1.0633333333333324,-1.0633333333333324,1.2685,1.5114400000000001,True,-1.0633333333333324,11.824990145841554,0.016913333333333322,-1.0802466666666657
POWER GENERATION & DISTRIBUTION,PKGP,1440,1520,ascending,up,up,1521,4.0,14.6209,13.7536,0.8673000000000002,no_valid_consolidation,,,12.665617501251878,1.9552824987481223,1523.0,,1546.0,1523,False,False,-1.0,,-0.5329664642665243,-1.0,-1.0,14.6209,14.469611,True,-1.0,5.931919375688228,0.03371589991928975,-1.0337158999192897
POWER GENERATION & DISTRIBUTION,PKGP,1960,2040,symmetrical,up,up,2041,1.0,11.1323,10.5822,0.5501000000000005,skipped_risk_gt_6pct,10.27,,7.752991455665263,3.3793085443347373,2085.0,,2116.0,2085,False,False,-1.0,,-0.1781133602047257,-1.0,-1.0,11.1323,8.9595975,True,-1.0,4.941476604115954,0.04047373204871839,-1.0404737320487183
POWER GENERATION & DISTRIBUTION,PKGP,2960,3040,descending,up,up,3051,4.0,51.63,50.01,1.6200000000000043,ok,49.5,2.1300000000000026,47.50406779661017,4.12593220338983,3053.0,,,3053,False,False,-1.0,-0.7652582159624416,-0.3950622355502615,-1.0061728395061718,-1.0061728395061718,51.63,39.8609205,True,-1.0061728395061718,3.1377106333527105,0.06374074074074057,-1.0699135802469124
PAPER & BOARD,PKGS,1000,1080,ascending,sequential,up,1092,4.0,175.78,166.5,9.28,skipped_risk_gt_6pct,155.43,,157.4595313921747,18.32046860782529,1098.0,,1099.0,1098,False,False,-1.0,,-0.8198480247161616,-1.0000000000000002,-1.0000000000000002,175.78,149.4462,True,-1.0000000000000002,5.27932643076573,0.03788362068965517,-1.0378836206896553
PAPER & BOARD,PKGS,1320,1400,symmetrical,up,up,1401,4.0,132.55,129.0,3.550000000000012,skipped_risk_gt_6pct,121.87,,106.01430224642615,26.535697753573857,1404.0,,1436.0,1404,False,False,-1.0,,-0.1477255294510605,-1.0,-1.0,132.55,117.73110000000001,True,-1.0,2.678234628442106,0.07467605633802793,-1.074676056338028
PAPER & BOARD,PKGS,4040,4120,symmetrical,down,down,4130,4.0,472.19,479.98,7.79000000000002,ok,489.69,17.5,483.9556207871274,11.765620787127377,4131.0,,,4131,False,False,-1.0,-0.4102857142857147,-0.6102525425479937,-1.0000000000000002,-1.0000000000000002,472.19,500.12980000000005,True,-1.0000000000000002,1.649759630657155,0.12122978177150162,-1.1212297817715018
TRANSPORT,PNSC,920,1000,symmetrical,sequential,down,1001,4.0,25.5076,26.986,1.4784000000000006,skipped_risk_gt_6pct,27.64,,27.2774393939394,1.7698393939393997,1004.0,,1004.0,1004,True,False,-1.0,,-1.0,-1.4366883116883102,-1.4366883116883102,25.5076,36.43036,True,-1.4366883116883102,5.795919647477617,0.03450703463203462,-1.4711953463203449
TRANSPORT,PNSC,1280,1360,descending,sequential,down,1361,4.0,22.6411,23.1705,0.529399999999999,ok,23.81,1.1688999999999972,24.92880257561436,2.2877025756143574,1379.0,1380.0,1381.0,1379,False,False,-1.0,-0.6462486098040893,-0.3302002664385413,-1.0,-1.0,22.6411,26.848717999999998,True,-1.0,2.338225616246556,0.08553494522100508,-1.085534945221005
TRANSPORT,PNSC,4640,4720,ascending,up,up,4746,1.0,225.7073,206.5912,19.116100000000017,skipped_risk_gt_6pct,201.33,,201.861543436158,23.84575656384206,,,,4836,False,True,10.853296435988502,,8.700613018695169,,10.853296435988502,225.7073,191.37017550000002,True,10.853296435988502,8.469420351047582,0.02361436694723294,9.201687603642993
OIL & GAS EXPLORATION COMPANIES,POL,400,480,ascending,sequential,down,493,4.0,344.75,353.0,8.25,ok,359.61,14.860000000000014,359.6517649530747,14.90176495307469,495.0,511.0,511.0,495,False,False,-1.0,-0.2960969044414517,-0.2952670380894796,-1.0,-1.0,344.75,365.03531649999996,True,-1.0,2.393038433647571,0.08357575757575757,-1.0835757575757576
OIL & GAS EXPLORATION COMPANIES,POL,1640,1720,ascending,sequential,up,1721,3.0,379.17,374.25,4.920000000000016,ok,366.3,12.870000000000005,363.84922010398606,15.32077989601396,1730.0,1731.0,1733.0,1730,False,False,-1.0,-0.760683760683762,-0.6390014128815404,-1.4796747967479686,-1.4796747967479686,379.17,357.61065,True,-1.4796747967479686,1.2975710103647482,0.15413414634146294,-1.6338089430894316
OIL & GAS EXPLORATION COMPANIES,POL,1720,1800,descending,up,up,1809,1.0,375.35,368.99,6.360000000000014,ok,355.41,19.94,363.8333925686591,11.5166074313409,,,,1899,False,True,7.855345911949666,2.505516549648946,4.338083094161962,,7.855345911949666,375.35,365.17015,True,7.855345911949666,1.6944185426934897,0.11803459119496831,6.559009433962247
CEMENT,POWER,4560,4640,descending,up,up,4659,4.0,5.52,5.22,0.2999999999999998,skipped_risk_gt_6pct,5.04,,5.01194196834637,0.5080580316536292,4664.0,,4676.0,4664,False,False,-1.0,,-0.4330213997088933,-1.066666666666665,-1.066666666666665,5.52,4.85455,True,-1.066666666666665,5.43478260869565,0.03680000000000002,-1.103466666666665
CEMENT,POWER,4920,5000,symmetrical,up,up,5001,1.0,15.65,15.0,0.6500000000000004,skipped_risk_gt_6pct,14.56,,14.276334355828212,1.3736656441717887,,,,5091,False,True,3.2769230769230764,,1.5505956700869676,,3.2769230769230764,15.65,11.689649999999999,True,3.2769230769230764,4.153354632587861,0.04815384615384613,2.7372307692307687
CEMENT,POWERPS,400,480,symmetrical,up,up,481,4.0,30.3,28.77,1.5300000000000011,no_valid_consolidation,,,23.93898720682303,6.361012793176972,484.0,,,484,False,False,-1.0,,-0.1006129087944116,-1.0,-1.0,30.3,23.519050000000004,True,-1.0,5.049504950495053,0.03960784313725488,-1.0396078431372549
OIL & GAS EXPLORATION COMPANIES,PPL,400,480,ascending,sequential,down,483,4.0,230.5,243.5,13.0,skipped_risk_gt_6pct,247.55,,247.6701317046824,17.170131704682376,499.0,,499.0,499,True,False,-1.0,,-1.0,-1.0,-1.0,230.5,244.77875,True,-1.0,5.639913232104121,0.03546153846153847,-1.0354615384615384
OIL & GAS EXPLORATION COMPANIES,PPL,3000,3080,ascending,up,up,3087,4.0,178.83,170.62,8.210000000000008,skipped_risk_gt_6pct,167.81,,163.86914443785813,14.960855562141887,3100.0,,3107.0,3100,False,False,-1.0,,-0.6951474103069998,-1.0,-1.0,178.83,170.5481,True,-1.0,4.590952301068057,0.043563946406820916,-1.043563946406821
PAPER & BOARD,PPP,320,400,symmetrical,down,down,411,2.0,25.2687,25.6516,0.3828999999999993,skipped_risk_gt_6pct,27.07,,26.938711660018413,1.6700116600184138,417.0,,497.0,417,False,False,-1.0,,0.3668237861244908,-1.0000000000000002,-1.0000000000000002,25.2687,38.525713,True,-1.0000000000000002,1.5153134114536928,0.13198589710107103,-1.1319858971010712
CHEMICAL,PPVC,960,1040,symmetrical,up,up,1042,4.0,1.3813,1.3354,0.0459,ok,1.3,0.0812999999999999,1.2919779661016952,0.0893220338983047,1046.0,,,1046,False,False,-1.0,-0.5227552275522758,-0.4758064516129049,-1.629629629629629,-1.629629629629629,1.3813,1.00109,True,-1.629629629629629,3.322956635053935,0.06018736383442266,-1.6898169934640517
REFINERY,PRL,1680,1760,symmetrical,down,down,1765,2.0,46.9895,47.9314,0.9418999999999969,skipped_risk_gt_6pct,50.71,,49.98401845767639,2.994518457676385,1792.0,,1824.0,1792,False,False,-1.0,,0.0754044442174554,-1.0,-1.0,46.9895,49.707860000000004,True,-1.0,2.0044903648687407,0.09977598471175317,-1.0997759847117532
REFINERY,PRL,2480,2560,descending,down,down,2561,4.0,35.8182,36.005,0.1868000000000051,no_valid_consolidation,,,45.83597992015379,10.017779920153792,2562.0,,,2562,False,False,-1.0,,-0.178732215547865,-4.334047109207607,-4.334047109207607,35.8182,84.319845,True,-3.0,0.5215225779073351,0.3834925053533086,-3.3834925053533085
REFINERY,PRL,2640,2720,symmetrical,up,up,2721,4.0,37.0482,35.1098,1.9384000000000008,skipped_risk_gt_6pct,32.91,,33.370081594372806,3.6781184056271954,2725.0,,2761.0,2725,False,False,-1.0,,-0.4698869936747709,-1.0000000000000002,-1.0000000000000002,37.0482,35.561705,True,-1.0000000000000002,5.232103044142497,0.038225546842756905,-1.038225546842757
REFINERY,PRL,2760,2840,descending,down,down,2849,4.0,31.5287,33.5528,2.024099999999997,skipped_risk_gt_6pct,35.45,,35.40480359919377,3.876103599193769,2853.0,,2868.0,2853,False,False,-1.0,,-0.5141503442824703,-1.0,-1.0,31.5287,33.863048,True,-1.0,6.419865075312325,0.031153302702435697,-1.0311533027024358
REFINERY,PRL,2840,2920,ascending,down,down,2921,4.0,33.6696,33.7863,0.1166999999999944,ok,34.91,1.240399999999994,35.30672276995305,1.637122769953045,2922.0,2923.0,2923.0,2922,False,False,-1.0,-0.351418897129957,-0.2662598114205563,-1.0000000000000009,-1.0000000000000009,33.6696,34.567463000000004,True,-1.0000000000000009,0.3466034642526029,0.5770282776349892,-1.57702827763499
MISCELLANEOUS,PSEL,920,1000,ascending,up,up,1002,1.0,551.25,525.0,26.25,skipped_risk_gt_6pct,495.0,,504.9795965153601,46.27040348463993,,,,1092,False,True,15.914285714285716,,9.028449473942402,,15.914285714285716,551.25,368.35245000000003,True,15.914285714285716,4.761904761904762,0.042,13.48514285714286
OIL & GAS MARKETING COMPANIES,PSO,1200,1280,ascending,down,down,1281,4.0,255.0,268.99,13.990000000000007,no_valid_consolidation,,,322.04968240525096,67.04968240525096,1284.0,,,1284,False,False,-1.0,,-0.2657730709639339,-1.0000000000000002,-1.0000000000000002,255.0,302.30165,True,-1.0000000000000002,5.486274509803925,0.036454610436025714,-1.036454610436026
OIL & GAS MARKETING COMPANIES,PSO,1480,1560,ascending,down,down,1561,1.0,268.06,269.0,0.9399999999999976,ok,276.22,8.160000000000025,285.534546298753,17.474546298753012,1622.0,,,1622,False,False,-1.0,0.2745098039215689,0.1281864468298016,-7.085106382978768,-7.085106382978768,268.06,280.70689999999996,True,-3.0,0.35066776094904034,0.5703404255319164,-3.570340425531916
TEXTILE COMPOSITE,QUET,1280,1360,symmetrical,up,up,1361,1.0,18.66,16.16,2.5,no_valid_consolidation,,,8.740877006766624,9.919122993233376,1376.0,,,1376,False,False,-1.0,,-0.2631281013231198,-1.0439999999999998,-1.0439999999999998,18.66,9.5526,True,-1.0439999999999998,13.39764201500536,0.014928,-1.0589279999999999
FOOD & PERSONAL CARE PRODUCTS,QUICE,3400,3480,descending,down,down,3483,2.0,3.21,3.48,0.27,no_valid_consolidation,,,3.753063427800271,0.5430634278002708,3530.0,,3554.0,3530,False,False,-1.0,,-0.1288983872170169,-1.0,-1.0,3.21,3.2268,True,-1.0,8.41121495327103,0.023777777777777776,-1.0237777777777777
FOOD & PERSONAL CARE PRODUCTS,QUICE,3640,3720,ascending,down,down,3746,2.0,4.58,5.0,0.4199999999999999,skipped_risk_gt_6pct,5.05,,5.199405708937764,0.619405708937764,3780.0,,3780.0,3780,True,False,-1.0,,-1.0,-1.0000000000000002,-1.0000000000000002,4.58,4.7596,True,-1.0000000000000002,9.170305676855893,0.021809523809523817,-1.021809523809524
FOOD & PERSONAL CARE PRODUCTS,QUICE,4760,4840,ascending,up,up,4843,2.0,8.43,8.13,0.2999999999999989,skipped_risk_gt_6pct,7.92,,8.0490176970453,0.380982302954699,4877.0,,4877.0,4877,True,False,-1.0,,-1.0,-1.0000000000000002,-1.0000000000000002,8.43,7.044099999999999,True,-1.0000000000000002,3.5587188612099516,0.05620000000000021,-1.0562000000000005
TEXTILE COMPOSITE,REDCO,2040,2120,symmetrical,down,down,2129,4.0,3.05,3.2,0.1500000000000003,no_valid_consolidation,,,3.758717434869741,0.7087174348697411,2130.0,,2218.0,2130,False,False,-1.0,,0.0141099957585179,-1.0000000000000004,-1.0000000000000004,3.05,3.4145,True,-1.0000000000000004,4.918032786885256,0.04066666666666659,-1.040666666666667
INSURANCE,RICL,840,920,ascending,sequential,down,922,4.0,7.58,8.01,0.4299999999999997,skipped_risk_gt_6pct,8.33,,8.281154642637265,0.701154642637265,925.0,,932.0,925,False,False,-1.0,,-0.6275363140219965,,-1.0,7.58,9.20725,True,-1.0,5.672823218997357,0.0352558139534884,-1.0352558139534884
CHEMICAL,SARC,1320,1400,symmetrical,sequential,down,1401,4.0,14.75,15.4,0.6500000000000004,ok,15.63,0.8800000000000008,16.81962962962963,2.069629629629631,1402.0,1402.0,1413.0,1402,True,False,-1.0,-1.0,-0.4831782390837505,-1.0,-1.0,14.75,16.15335,True,-1.0,4.406779661016952,0.045384615384615364,-1.0453846153846154
AUTOMOBILE ASSEMBLER,SAZEW,2000,2080,descending,up,up,2085,1.0,24.4019,23.2399,1.1620000000000026,skipped_risk_gt_6pct,22.77,,22.96233247303018,1.439567526969821,,,,2175,False,True,1.3699655765920786,,1.105818219830803,,1.3699655765920786,24.4019,22.7999845,True,1.3699655765920786,4.761924276388324,0.041999827882960326,1.1224709122203065
COMMERCIAL BANKS,SBL,2880,2960,descending,up,up,2975,4.0,8.16,7.0,1.16,no_valid_consolidation,,,6.0,2.16,3000.0,,,3000,False,False,-1.0,,-0.6435185185185187,-1.0000000000000002,-1.0000000000000002,8.16,7.122000000000001,True,-1.0000000000000002,14.215686274509803,0.014068965517241381,-1.0140689655172417
FOOD & PERSONAL CARE PRODUCTS,SCL,1800,1880,symmetrical,sequential,down,1894,4.0,195.858,220.9723,25.114299999999982,no_valid_consolidation,,,224.90990296964625,29.05190296964622,1905.0,,1911.0,1905,False,False,-1.0,,-0.757268810342165,-1.0715170241655163,-1.0715170241655163,195.858,199.15970549999997,True,-1.0715170241655163,12.822708288658099,0.015597329011758256,-1.0871143531772747
PHARMACEUTICALS,SEARL,1040,1120,descending,down,down,1122,3.0,23.4085,24.4394,1.030899999999999,skipped_risk_gt_6pct,25.09,,24.69289654569306,1.2843965456930595,1128.0,,1156.0,1128,False,False,-1.0,,-0.3632834435475864,-1.0,-1.0,23.4085,25.698386999999997,True,-1.0,4.403955828011188,0.04541371617033665,-1.0454137161703367
PHARMACEUTICALS,SEARL,1280,1360,descending,up,up,1361,4.0,28.1809,27.6654,0.5154999999999994,no_valid_consolidation,,,26.428488178350364,1.7524118216496376,1362.0,,1367.0,1362,False,False,-1.0,,-0.3448390341438935,-1.0,-1.0,28.1809,26.5165815,True,-1.0,1.8292531466347752,0.10933423860329791,-1.1093342386032978
PHARMACEUTICALS,SEARL,4160,4240,descending,down,down,4248,1.0,83.5,104.3,20.8,skipped_risk_gt_6pct,105.55,,105.04057070316816,21.54057070316816,,,,4338,False,True,1.4177884615384615,,1.3690445070548969,,1.4177884615384615,83.5,114.52765,True,1.4177884615384615,24.910179640718564,0.008028846153846154,1.197091346153846
PAPER & BOARD,SEPL,320,400,symmetrical,up,up,401,4.0,58.17,55.7609,2.4091000000000022,skipped_risk_gt_6pct,53.61,,48.781057874015744,9.388942125984258,404.0,,,404,False,False,-1.0,,-0.2659724563738552,-1.0,-1.0,58.17,58.0216525,True,-1.0,4.141481863503528,0.048291893238138685,-1.0482918932381387
OIL & GAS MARKETING COMPANIES,SHEL,3360,3440,ascending,down,down,3441,1.0,191.7087,202.0375,10.3288,no_valid_consolidation,,,230.35228887399464,38.643588873994645,,,,3531,False,True,6.525966230346215,,1.7442841610749236,,6.525966230346215,191.7087,217.2515075,True,6.525966230346215,5.387757571774259,0.037121195104949274,5.509950100689334
FOOD & PERSONAL CARE PRODUCTS,SHEZ,600,680,ascending,down,down,681,4.0,118.86,121.0,2.140000000000001,skipped_risk_gt_6pct,126.25,,156.93620253164556,38.07620253164556,683.0,,,683,False,False,-1.0,,0.0,-0.9999999999999998,-0.9999999999999998,118.86,134.17285,True,-0.9999999999999998,1.8004374894834265,0.11108411214953268,-1.1110841121495325
FOOD & PERSONAL CARE PRODUCTS,SHEZ,3040,3120,descending,up,up,3121,1.0,175.74,151.01,24.73000000000001,no_valid_consolidation,,,117.0027677100494,58.7372322899506,3132.0,,,3132,False,False,-1.0,,-0.2342636767778761,-1.040841083704003,-1.040841083704003,175.74,106.71615,True,-1.040841083704003,14.0719244338227,0.01421269712899312,-1.055053780832996
MISCELLANEOUS,SHFA,720,800,descending,down,down,803,3.0,19.25,21.45,2.2,no_valid_consolidation,,,22.864446036294176,3.614446036294176,,,,893,False,True,1.5227272727272732,,0.926836357870954,,1.5227272727272732,19.25,21.94255,True,1.5227272727272732,11.428571428571429,0.0175,1.276818181818182
MISCELLANEOUS,SHFA,1120,1200,descending,up,up,1208,2.0,32.9,31.0,1.8999999999999984,skipped_risk_gt_6pct,29.53,,29.438355193193907,3.461644806806092,1292.0,,1295.0,1292,False,False,-1.0,,-0.6730904324495924,-1.0000000000000002,-1.0000000000000002,32.9,30.082449999999998,True,-1.0000000000000002,5.775075987841941,0.03463157894736845,-1.0346315789473686
MISCELLANEOUS,SHFA,4280,4360,descending,sequential,up,4361,3.0,550.02,542.0,8.019999999999982,ok,534.6,15.41999999999996,497.82278436845775,52.19721563154224,4383.0,4383.0,4392.0,4383,True,False,-1.0,-1.0,-0.3435049127249814,-1.0,-1.0,550.02,510.6731,True,-1.0,1.4581287953165307,0.13716209476309257,-1.1371620947630925
INSURANCE,SHNI,1080,1160,descending,down,down,1165,4.0,6.0005,7.0044,1.003900000000001,no_valid_consolidation,,,7.492536438571243,1.492036438571243,1168.0,,1246.0,1168,False,False,-1.0,,-0.6206952967494699,-0.9999999999999998,-0.9999999999999998,6.0005,7.8079235,True,-0.9999999999999998,16.730272477293575,0.011954377926088245,-1.011954377926088
COMMERCIAL BANKS,SILK,1760,1840,ascending,sequential,up,1841,4.0,1.7971,1.7357,0.0613999999999999,skipped_risk_gt_6pct,1.65,,1.6412823625922888,0.1558176374077111,1844.0,,1852.0,1844,False,False,-1.0,,-0.1970251924669515,,-1.0,1.7971,1.6673689999999999,True,-1.0,3.41661565856101,0.05853745928338771,-1.0585374592833876
CHEMICAL,SITC,520,600,symmetrical,up,up,627,3.0,330.65,305.0,25.649999999999977,skipped_risk_gt_6pct,301.95,,305.16222983658406,25.48777016341592,648.0,,648.0,648,True,False,-1.0,,-1.0,-1.0,-1.0,330.65,260.96375,True,-1.0,7.757447451988502,0.02578167641325538,-1.0257816764132555
CHEMICAL,SITC,800,880,ascending,up,up,881,4.0,178.99,175.0,3.990000000000009,no_valid_consolidation,,,161.44304545454548,17.546954545454525,882.0,,904.0,882,False,False,-1.0,,0.1270875805954409,-1.0,-1.0,178.99,176.98255,True,-1.0,2.2291748142354373,0.08971929824561384,-1.0897192982456139
CHEMICAL,SITC,3800,3880,descending,sequential,down,3884,4.0,218.68,233.05,14.370000000000005,no_valid_consolidation,,,245.5648854961832,26.884885496183188,3885.0,,3888.0,3885,False,False,-1.0,,-0.5661173450844997,-1.0,-1.0,218.68,247.04715,True,-1.0,6.5712456557526995,0.030435629784272784,-1.0304356297842727
CEMENT,SMCPL,2520,2600,ascending,sequential,up,2601,4.0,16.65,15.61,1.0399999999999991,no_valid_consolidation,,,12.771037702813125,3.878962297186876,2602.0,,2609.0,2602,False,False,-1.0,,-0.3222511342547801,-1.2019230769230762,-1.2019230769230762,16.65,11.9148,True,-1.2019230769230762,6.246246246246242,0.03201923076923079,-1.233942307692307
CEMENT,SMCPL,2640,2720,descending,up,up,2737,4.0,13.5,13.1,0.4000000000000003,skipped_risk_gt_6pct,12.09,,12.372739403453693,1.127260596546309,2738.0,,,2738,False,False,-1.0,,-0.0266131896137531,-1.499999999999998,-1.499999999999998,13.5,13.39525,True,-1.499999999999998,2.962962962962965,0.06749999999999996,-1.567499999999998
CEMENT,SMCPL,3080,3160,descending,up,up,3161,3.0,46.34,44.2,2.140000000000001,no_valid_consolidation,,,38.76299826689775,7.577001733102257,3169.0,,3200.0,3169,False,False,-1.0,,0.6202981292015188,-0.9999999999999998,-0.9999999999999998,46.34,29.6125,True,-0.9999999999999998,4.618040569702203,0.043308411214953255,-1.043308411214953
COMMERCIAL BANKS,SNBL,1920,2000,descending,up,up,2001,1.0,5.3814,5.1237,0.2576999999999998,no_valid_consolidation,,,4.502680397727272,0.8787196022727279,,,,2091,False,True,4.11757857974389,,1.2075524402273052,,4.11757857974389,5.3814,5.366158,True,4.11757857974389,4.788716690823946,0.04176484284051226,3.4581769499417945
COMMERCIAL BANKS,SNBL,4280,4360,ascending,down,down,4361,4.0,6.7381,7.0792,0.3410999999999999,skipped_risk_gt_6pct,7.23,,7.531582767624021,0.7934827676240204,4362.0,,4369.0,4362,False,False,-1.0,,0.0381860844826281,-1.0000000000000002,-1.0000000000000002,6.7381,7.255438000000001,True,-1.0000000000000002,5.062257906531513,0.039508062151861645,-1.039508062151862
OIL & GAS MARKETING COMPANIES,SNGP,560,640,descending,down,down,642,1.0,66.25,70.3,4.049999999999997,skipped_risk_gt_6pct,72.52,,71.43211687809678,5.182116878096778,683.0,,685.0,683,False,False,-1.0,,-0.7815338972994044,-1.0,-1.0,66.25,73.75475,True,-1.0,6.113207547169807,0.03271604938271607,-1.032716049382716
MISCELLANEOUS,SPEL,680,760,descending,down,down,769,4.0,26.0184,28.5858,2.5673999999999992,skipped_risk_gt_6pct,29.4,,29.81365477787091,3.795254777870909,773.0,,,773,False,False,-1.0,,-0.17015985429107,-1.0,-1.0,26.0184,32.077285499999995,True,-1.0,9.867632137256708,0.020268286982939945,-1.02026828698294
POWER GENERATION & DISTRIBUTION,SPWL,920,1000,ascending,down,down,1023,2.0,13.9048,14.46,0.555200000000001,ok,14.6,0.6951999999999998,15.244927695625384,1.3401276956253856,,,,1113,False,True,5.969560518731976,4.76740506329114,2.4731225321429866,,5.969560518731976,13.9048,15.0324625,True,5.969560518731976,3.9928657729704926,0.05008933717579241,5.024037103746387
OIL & GAS MARKETING COMPANIES,SSGC,400,480,descending,sequential,down,481,3.0,25.75,26.4,0.6499999999999986,ok,27.22,1.4699999999999989,27.4012039582188,1.651203958218801,503.0,504.0,504.0,503,False,False,-1.0,-0.8503401360544224,-0.7570233790793534,-1.0,-1.0,25.75,31.65925,True,-1.0,2.5242718446601886,0.07923076923076941,-1.0792307692307694
OIL & GAS MARKETING COMPANIES,SSGC,520,600,ascending,up,up,618,3.0,28.6,27.5,1.1000000000000014,skipped_risk_gt_6pct,25.49,,26.08625,2.5137500000000017,639.0,,642.0,639,False,False,-1.0,,-0.5171556439582297,-1.0,-1.0,28.6,26.5735,True,-1.0,3.846153846153851,0.051999999999999935,-1.052
OIL & GAS MARKETING COMPANIES,SSGC,680,760,ascending,sequential,up,761,4.0,28.95,28.05,0.8999999999999986,ok,27.77,1.1799999999999995,27.538420965880995,1.4115790341190042,771.0,776.0,788.0,771,False,False,-1.0,-0.4661016949152549,-0.3896345770984528,-1.0,-1.0,28.95,27.6785,True,-1.0,3.1088082901554355,0.06433333333333344,-1.0643333333333334
OIL & GAS MARKETING COMPANIES,SSGC,920,1000,ascending,down,down,1011,4.0,13.5,13.95,0.4499999999999993,ok,14.29,0.7899999999999991,14.479190751445088,0.9791907514450866,1012.0,1044.0,1044.0,1012,False,False,-1.0,-0.632911392405064,-0.5106257378984652,-1.0,-1.0,13.5,19.7322,True,-1.0,3.3333333333333277,0.0600000000000001,-1.06
OIL & GAS MARKETING COMPANIES,SSGC,2080,2160,descending,up,up,2163,2.0,25.29,24.0,1.2899999999999991,skipped_risk_gt_6pct,23.76,,23.7094029209622,1.5805970790377977,,,,2253,False,True,6.418604651162796,,5.2385266996953606,,6.418604651162796,25.29,21.804250000000003,True,6.418604651162796,5.100830367734279,0.039209302325581424,5.416604651162795
OIL & GAS MARKETING COMPANIES,SSGC,3000,3080,descending,down,down,3088,3.0,34.86,36.85,1.990000000000002,skipped_risk_gt_6pct,38.03,,39.58743045458948,4.727430454589481,3115.0,,,3115,False,False,-1.0,,-0.4547925179761739,-1.0,-1.0,34.86,39.48955,True,-1.0,5.708548479632823,0.03503517587939695,-1.035035175879397
OIL & GAS MARKETING COMPANIES,SSGC,3840,3920,ascending,down,down,3922,4.0,13.96,14.7,0.7399999999999984,skipped_risk_gt_6pct,15.25,,15.729270497094902,1.769270497094901,3924.0,,,3924,False,False,-1.0,,-0.4295555717726041,-1.0,-1.0,13.96,14.918849999999999,True,-1.0,5.300859598853857,0.03772972972972981,-1.0377297297297299
OIL & GAS MARKETING COMPANIES,SSGC,4760,4840,descending,up,up,4841,1.0,16.68,15.16,1.5199999999999996,no_valid_consolidation,,,8.47911865373645,8.20088134626355,,,,4931,False,True,13.500000000000004,,2.502170088017337,,13.500000000000004,16.68,10.19805,True,13.500000000000004,9.11270983213429,0.021947368421052642,11.45305263157895
OIL & GAS MARKETING COMPANIES,SSGC,5080,5160,symmetrical,down,down,5161,1.0,32.59,33.24,0.6499999999999986,ok,34.48,1.8899999999999928,34.75759493670887,2.1675949367088663,5245.0,,,5245,False,False,-1.0,-0.1851851851851828,-0.1614692828778292,-1.0,-1.0,32.59,39.05855,True,-1.0,1.9944768333844693,0.1002769230769233,-1.1002769230769234
GLASS & CERAMICS,STCL,3480,3560,symmetrical,down,down,3566,4.0,14.36,14.85,0.4900000000000002,skipped_risk_gt_6pct,15.71,,15.47360312657591,1.11360312657591,3568.0,,,3568,False,False,-1.0,,-0.1257180378349605,-1.0,-1.0,14.36,17.62885,True,-1.0,3.4122562674094725,0.05861224489795916,-1.0586122448979591
MISCELLANEOUS,STPL,120,200,symmetrical,down,down,202,1.0,22.3392,25.2664,2.927199999999999,skipped_risk_gt_6pct,25.67,,25.35302397223224,3.013823972232238,,,,292,False,True,1.1315933315113422,,1.099068834317691,,1.1315933315113422,22.3392,34.566402,True,1.1315933315113422,13.103423578283909,0.01526318666302269,0.9465911451216181
TECHNOLOGY & COMMUNICATION,SYS,2280,2360,descending,up,up,2384,4.0,416.97,413.02,3.9500000000000455,ok,403.43,13.54000000000002,407.3961817113765,9.5738182886235,2385.0,,,2385,False,False,-1.0,-0.2230428360413614,-0.315443630634674,-1.0,-1.0,416.97,413.74379999999996,True,-1.0,0.9473103580593436,0.211124050632909,-1.211124050632909
TECHNOLOGY & COMMUNICATION,TELE,360,440,symmetrical,down,down,444,4.0,10.85,11.15,0.3000000000000007,skipped_risk_gt_6pct,12.22,,12.342105263157896,1.492105263157896,446.0,,,446,False,False,-1.0,,-0.167548500881834,-1.0,-1.0,10.85,14.694749999999999,True,-1.0,2.7649769585253523,0.07233333333333317,-1.0723333333333331
TECHNOLOGY & COMMUNICATION,TELE,3200,3280,ascending,sequential,down,3283,3.0,1.91,2.0,0.09,skipped_risk_gt_6pct,2.05,,2.07647390556299,0.16647390556299,3310.0,,3310.0,3310,True,False,-1.0,,-1.0,-1.0000000000000009,-1.0000000000000009,1.91,2.2447,True,-1.0000000000000009,4.712041884816754,0.042444444444444444,-1.0424444444444454
GLASS & CERAMICS,TGL,3360,3440,descending,up,up,3443,2.0,90.12,84.25,5.8700000000000045,skipped_risk_gt_6pct,78.21,,84.51877021068107,5.601229789318936,3455.0,,3455.0,3455,True,False,-1.0,,-1.0,-1.0,-1.0,90.12,79.48095,True,-1.0,6.513537505548163,0.030705281090289586,-1.0307052810902897
GLASS & CERAMICS,TGL,3560,3640,descending,sequential,down,3658,3.0,91.09,102.69,11.599999999999994,skipped_risk_gt_6pct,104.03,,102.12863750673614,11.038637506736135,3665.0,,3665.0,3665,True,False,-1.0,,-1.0,-1.108620689655173,-1.108620689655173,91.09,99.2651,True,-1.108620689655173,12.734658030519261,0.01570517241379311,-1.124325862068966
AUTOMOBILE PARTS & ACCESSORIES,THALL,2400,2480,ascending,up,up,2484,4.0,295.05,288.0,7.050000000000011,skipped_risk_gt_6pct,277.21,,282.2416469428008,12.808353057199213,2486.0,,2486.0,2486,True,False,-1.0,,-1.0,-1.991489361702128,-1.991489361702128,295.05,282.8155,True,-1.991489361702128,2.389425521098123,0.08370212765957433,-2.0751914893617025
CEMENT,THCCL,880,960,symmetrical,up,up,964,4.0,26.5,24.15,2.3500000000000014,no_valid_consolidation,,,24.142486003732337,2.357513996267663,966.0,,966.0,966,True,False,-1.0,,-1.0,-1.1872340425531904,-1.1872340425531904,26.5,22.85615,True,-1.1872340425531904,8.867924528301891,0.02255319148936169,-1.2097872340425522
CEMENT,THCCL,960,1040,descending,up,up,1041,4.0,30.4,27.02,3.379999999999999,no_valid_consolidation,,,23.980176540861027,6.419823459138971,1044.0,,1106.0,1044,False,False,-1.0,,-0.4906676982707056,-1.4556213017751478,-1.4556213017751478,30.4,24.906149999999997,True,-1.4556213017751478,11.118421052631575,0.01798816568047338,-1.4736094674556213
TEXTILE COMPOSITE,TOWL,1840,1920,ascending,whipsaw,up,1930,4.0,180.35,161.1,19.25,skipped_risk_gt_6pct,159.49,,154.4610903931901,25.888909606809904,1932.0,,1932.0,1932,True,False,-1.0,,-1.0,-1.0,-1.0,180.35,157.20455,True,-1.0,10.67369004713058,0.018737662337662338,-1.0187376623376623
PROPERTY,TPLP,400,480,ascending,down,down,481,4.0,7.15,7.41,0.2599999999999998,no_valid_consolidation,,,8.204913627639156,1.0549136276391555,483.0,,,483,False,False,-1.0,,0.11375338876658,-1.1153846153846163,-1.1153846153846163,7.15,7.5962,True,-1.1153846153846163,3.6363636363636336,0.05500000000000004,-1.1703846153846162
FOOD & PERSONAL CARE PRODUCTS,TREET,3720,3800,symmetrical,up,up,3801,1.0,17.2,16.2,1.0,skipped_risk_gt_6pct,16.04,,16.13435166452087,1.0656483354791284,3814.0,,3814.0,3814,True,False,-1.0,,-1.0,-1.1899999999999975,-1.1899999999999975,17.2,17.128899999999998,True,-1.1899999999999975,5.813953488372093,0.03440000000000001,-1.2243999999999975
TECHNOLOGY & COMMUNICATION,TRG,960,1040,symmetrical,down,down,1041,4.0,1.54,1.57,0.03,no_valid_consolidation,,,1.6949999999999994,0.1549999999999993,1042.0,,1043.0,1042,False,False,-1.0,,-0.3870967741935503,-1.0000000000000009,-1.0000000000000009,1.54,3.16175,True,-1.0000000000000009,1.948051948051948,0.10266666666666667,-1.1026666666666676
TECHNOLOGY & COMMUNICATION,TRG,3400,3480,descending,down,down,3487,2.0,22.12,23.57,1.4499999999999993,skipped_risk_gt_6pct,24.23,,24.11645049148885,1.9964504914888472,,,,3577,False,True,5.282758620689658,,3.836809393799481,,5.282758620689658,22.12,27.16725,True,5.282758620689658,6.555153707052437,0.03051034482758623,4.459834482758623
MISCELLANEOUS,UBDL,1000,1080,symmetrical,sequential,up,1081,4.0,35.8,33.5,2.299999999999997,skipped_risk_gt_6pct,32.48,,26.62416202754175,9.175837972458249,1083.0,,1091.0,1083,False,False,-1.0,,-0.0991735035787912,-1.756521739130435,-1.756521739130435,35.8,26.30835,True,-1.756521739130435,6.424581005586585,0.03113043478260873,-1.7876521739130438
COMMERCIAL BANKS,UBL,1600,1680,ascending,up,up,1684,2.0,40.7806,39.7068,1.0737999999999983,skipped_risk_gt_6pct,38.32,,38.59491558348293,2.18568441651707,1713.0,,1725.0,1713,False,False,-1.0,,-0.3998747455923843,-1.0000000000000002,-1.0000000000000002,40.7806,33.414949,True,-1.0000000000000002,2.6331147653541103,0.07595567144719699,-1.0759556714471972
COMMERCIAL BANKS,UBL,2360,2440,ascending,sequential,up,2441,4.0,92.6991,91.6502,1.0489000000000033,ok,88.51,4.189099999999996,85.88467142857141,6.814428571428593,2444.0,2449.0,2453.0,2444,False,False,-1.0,-0.2420328948938931,-0.1487872371648398,-1.0,-1.0,92.6991,86.240419,True,-1.0,1.13151044616399,0.17675488607112158,-1.1767548860711217
COMMERCIAL BANKS,UBL,4520,4600,descending,up,up,4601,4.0,102.7232,101.3896,1.333600000000004,skipped_risk_gt_6pct,94.77,,89.61839724057107,13.104802759428935,4602.0,,,4602,False,False,-1.0,,-0.2016131069274585,-3.6028794241151667,-3.6028794241151667,102.7232,83.14356550000001,True,-3.0,1.2982461605557498,0.15405398920215913,-3.154053989202159
MISCELLANEOUS,UDPL,2880,2960,symmetrical,up,up,2964,2.0,117.84,115.64,2.200000000000003,ok,112.38,5.460000000000008,112.57615027213598,5.263849727864027,,,,2977,False,True,1.6681818181818169,0.6721611721611714,0.6972083531513009,,1.6681818181818169,117.84,117.19895000000001,True,1.6681818181818169,1.8669382213170425,0.1071272727272726,1.3108272727272718
INSURANCE,UNIC,2480,2560,symmetrical,sequential,down,2575,3.0,7.62,8.23,0.6100000000000003,no_valid_consolidation,,,8.055661157024787,0.4356611570247866,2583.0,,2582.0,2582,False,False,-0.9344262295081952,,-1.0,,-0.9344262295081952,7.62,9.1156,True,-0.9344262295081952,8.005249343832025,0.02498360655737704,-0.9594098360655723
INSURANCE,UNIC,2520,2600,symmetrical,up,up,2601,1.0,8.99,8.32,0.6699999999999999,skipped_risk_gt_6pct,8.22,,7.968367129135539,1.0216328708644609,2670.0,,2671.0,2670,False,False,-1.0,,-0.9788252008315316,-1.492537313432836,-1.492537313432836,8.99,8.791599999999999,True,-1.492537313432836,7.452725250278086,0.026835820895522392,-1.5193731343283583
INSURANCE,UNIC,2680,2760,ascending,sequential,up,2772,3.0,8.44,7.46,0.9799999999999996,skipped_risk_gt_6pct,7.39,,7.682321724709787,0.7576782752902123,2791.0,,2791.0,2791,True,False,-1.0,,-1.0,-1.0,-1.0,8.44,8.18985,True,-1.0,11.611374407582934,0.017224489795918375,-1.0172244897959184
INSURANCE,UNIC,3120,3200,ascending,down,down,3201,4.0,7.36,7.69,0.33,no_valid_consolidation,,,8.307593307593308,0.9475933075933076,3207.0,,3290.0,3207,False,False,-1.0,,-0.5170994730265652,-1.0000000000000002,-1.0000000000000002,7.36,7.97965,True,-1.0000000000000002,4.483695652173913,0.04460606060606061,-1.0446060606060608
INSURANCE,UNIC,3640,3720,ascending,sequential,up,3723,4.0,16.5,15.9,0.5999999999999996,skipped_risk_gt_6pct,14.85,,15.968369699464816,0.5316303005351841,3731.0,,3731.0,3731,True,False,-1.0,,-1.0,-1.0,-1.0,16.5,13.6923,True,-1.0,3.636363636363634,0.05500000000000004,-1.055
FOOD & PERSONAL CARE PRODUCTS,UPFL,400,480,symmetrical,up,up,490,2.0,1776.23,1700.0,76.23000000000002,ok,1683.0,93.23000000000002,1651.5084112149532,124.72158878504683,,,,580,False,True,14.610651974288334,11.946476456076368,8.930049808133397,,14.610651974288334,1776.23,1452.2120000000002,True,14.610651974288334,4.291673938622814,0.04660186278368096,12.372452315361402
INSURANCE,UVIC,1280,1360,symmetrical,whipsaw,up,1361,4.0,3.7722,3.3833,0.3889,no_valid_consolidation,,,3.249040000000001,0.5231599999999994,1363.0,,1363.0,1363,True,False,-1.0,,-1.0,-1.0,-1.0,3.7722,3.5224795,True,-1.0,10.309633635544245,0.019399331447672925,-1.019399331447673
CHEMICAL,WAHN,1080,1160,descending,down,down,1172,4.0,34.76,36.7,1.9400000000000048,skipped_risk_gt_6pct,38.28,,37.81060167658194,3.050601676581941,1189.0,,1208.0,1189,False,False,-1.0,,-0.3769748141253632,-1.402061855670099,-1.402061855670099,34.76,39.41635,True,-1.402061855670099,5.581127733026482,0.03583505154639166,-1.4378969072164907
CABLE & ELECTRICAL GOODS,WAVES,3840,3920,symmetrical,up,up,3925,4.0,7.57,7.25,0.3200000000000003,skipped_risk_gt_6pct,6.69,,6.744737897450591,0.8252621025494093,3928.0,,3990.0,3928,False,False,-1.0,,-0.1090562619099687,-1.0,-1.0,7.57,7.154400000000001,True,-1.0,4.227212681638049,0.04731249999999996,-1.0473124999999999
FOOD & PERSONAL CARE PRODUCTS,ZIL,2360,2440,ascending,down,down,2441,1.0,106.14,108.0,1.86,skipped_risk_gt_6pct,113.12,,116.57603414547395,10.436034145473954,2447.0,,,2447,False,False,-1.0,,-0.2098498308334673,-1.0,-1.0,106.14,115.1116,True,-1.0,1.7524024872809498,0.11412903225806452,-1.1141290322580646
FOOD & PERSONAL CARE PRODUCTS,ZIL,2920,3000,symmetrical,sequential,down,3014,4.0,212.0,226.0,14.0,skipped_risk_gt_6pct,232.3,,261.2752241238794,49.27522412387941,3017.0,,3038.0,3017,False,False,-1.0,,-0.1039061737624606,-1.0,-1.0,212.0,250.27419999999998,True,-1.0,6.60377358490566,0.030285714285714287,-1.0302857142857142
