symbol,date,high,low,close
KSE-100,2020-01-01,41544.05,40735.08,41400.0
KSE-100,2020-01-02,42543.73,41400.0,42480.76
KSE-100,2020-01-03,42835.08,42077.45,42323.3
KSE-100,2020-01-06,42323.3,41207.16,41296.24
KSE-100,2020-01-07,41967.94,41296.24,41904.47
KSE-100,2020-01-08,41939.47,41173.95,41357.56
KSE-100,2020-01-09,42556.01,41357.56,42523.07
KSE-100,2020-01-10,43241.78,42523.07,43207.05
KSE-100,2020-01-13,43453.34,43037.72,43218.67
KSE-100,2020-01-14,43468.22,43095.41,43207.04
KSE-100,2020-01-15,43239.88,42877.9,42993.03
KSE-100,2020-01-16,43205.26,42805.73,43065.1
KSE-100,2020-01-17,43246.61,43017.5,43167.77
KSE-100,2020-01-20,43302.61,42632.58,42747.63
KSE-100,2020-01-21,42965.41,42338.79,42626.48
KSE-100,2020-01-22,42675.42,42143.9,42561.27
KSE-100,2020-01-23,42906.14,42439.68,42506.95
KSE-100,2020-01-24,42707.43,42250.56,42633.03
KSE-100,2020-01-27,42738.56,42472.16,42539.23
KSE-100,2020-01-28,42539.23,42153.29,42299.19
KSE-100,2020-01-29,42429.49,41790.81,41898.7
KSE-100,2020-01-30,41982.7,41548.04,41903.51
KSE-100,2020-01-31,42137.4,41558.74,41630.94
KSE-100,2020-02-03,41630.93,40233.64,40409.38
KSE-100,2020-02-04,40953.29,40349.0,40884.25
KSE-100,2020-02-06,41162.91,40684.18,40724.41
KSE-100,2020-02-07,40869.49,40046.48,40143.63
KSE-100,2020-02-10,40150.34,39196.19,39296.7
KSE-100,2020-02-11,39985.96,39084.86,39714.46
KSE-100,2020-02-12,40637.79,39714.46,40531.13
KSE-100,2020-02-13,40787.09,40323.42,40455.44
KSE-100,2020-02-14,40603.16,40094.29,40243.26
KSE-100,2020-02-17,40521.69,40047.93,40276.93
KSE-100,2020-02-18,40600.8,40065.86,40175.35
KSE-100,2020-02-19,40644.06,40175.35,40574.52
KSE-100,2020-02-20,40697.05,40445.78,40481.65
KSE-100,2020-02-21,40527.08,40171.1,40249.22
KSE-100,2020-02-24,40249.22,39079.78,39143.73
KSE-100,2020-02-25,39247.75,38693.02,38858.45
KSE-100,2020-02-26,38976.83,38074.16,38338.33
KSE-100,2020-02-27,38338.33,36918.22,38087.32
KSE-100,2020-02-28,38307.07,37758.57,37983.62
KSE-100,2020-03-02,39362.29,37983.62,39296.3
KSE-100,2020-03-03,39866.46,39057.53,39199.68
KSE-100,2020-03-04,39262.55,38762.44,38906.4
KSE-100,2020-03-05,39742.5,38906.4,39382.11
KSE-100,2020-03-06,39382.11,38122.96,38219.67
KSE-100,2020-03-09,38219.67,35917.34,37058.95
KSE-100,2020-03-10,37734.75,36913.69,37695.75
KSE-100,2020-03-11,38333.09,37523.19,37673.25
KSE-100,2020-03-12,37673.25,35895.77,35956.69
KSE-100,2020-03-13,36212.38,34266.91,36060.88
KSE-100,2020-03-16,36060.88,33618.9,33684.91
KSE-100,2020-03-17,33893.84,32416.41,32616.93
KSE-100,2020-03-18,32616.93,30378.68,30416.05
KSE-100,2020-03-19,30515.62,28452.44,30129.83
KSE-100,2020-03-20,30928.05,29903.81,30667.41
KSE-100,2020-03-24,30667.41,28510.45,28564.83
KSE-100,2020-03-25,28787.6,27169.14,27228.8
KSE-100,2020-03-26,28191.33,27046.71,27267.2
KSE-100,2020-03-27,28273.09,27156.53,28109.57
KSE-100,2020-03-30,28114.1,27467.35,28023.39
KSE-100,2020-03-31,29334.55,28023.39,29231.63
KSE-100,2020-04-01,29691.23,28902.08,29505.57
KSE-100,2020-04-02,30842.0,29460.38,30782.66
KSE-100,2020-04-03,31817.1,30782.67,31621.79
KSE-100,2020-04-06,31915.41,30503.27,30579.15
KSE-100,2020-04-07,31303.13,30579.15,31231.55
KSE-100,2020-04-08,31239.44,30775.45,30971.27
KSE-100,2020-04-09,32009.12,30971.27,31837.3
KSE-100,2020-04-10,32086.1,31377.1,32033.2
KSE-100,2020-04-13,32033.21,30928.16,31032.99
KSE-100,2020-04-14,31395.75,30941.07,31222.74
KSE-100,2020-04-15,31795.18,31181.76,31242.19
KSE-100,2020-04-16,31447.22,31016.41,31329.46
KSE-100,2020-04-17,33256.82,31329.46,32831.83
KSE-100,2020-04-20,33857.54,32831.83,33499.65
KSE-100,2020-04-21,33499.65,32300.73,32422.83
KSE-100,2020-04-22,32640.17,31893.57,32464.23
KSE-100,2020-04-23,32938.29,32448.53,32850.83
KSE-100,2020-04-24,33069.17,32739.84,32806.38
KSE-100,2020-04-27,32806.38,32131.08,32314.57
KSE-100,2020-04-28,32635.91,32284.78,32553.39
KSE-100,2020-04-29,33158.84,32553.39,33158.84
KSE-100,2020-04-30,34178.57,33158.84,34111.64
KSE-100,2020-05-04,34163.92,33709.34,33916.64
KSE-100,2020-05-05,34385.76,33857.83,33992.75
KSE-100,2020-05-06,34119.51,33675.49,33728.18
KSE-100,2020-05-07,33811.36,33238.88,33304.16
KSE-100,2020-05-08,33501.3,33159.05,33267.69
KSE-100,2020-05-11,33316.06,33126.15,33283.79
KSE-100,2020-05-12,33628.37,33283.79,33603.02
KSE-100,2020-05-13,33802.87,33603.02,33693.04
KSE-100,2020-05-14,33996.92,33686.99,33804.9
KSE-100,2020-05-15,34041.44,33804.9,34008.33
KSE-100,2020-05-18,34393.12,33770.68,33804.97
KSE-100,2020-05-19,34350.78,33804.97,34158.55
KSE-100,2020-05-20,34224.15,33786.96,33932.81
KSE-100,2020-05-21,34049.0,33757.37,33836.61
KSE-100,2020-05-28,33836.61,33598.4,33695.42
KSE-100,2020-05-29,34048.56,33695.42,33931.23
KSE-100,2020-06-01,34062.14,33820.09,34021.97
KSE-100,2020-06-02,34525.27,34021.97,34408.05
KSE-100,2020-06-03,34657.73,34354.87,34401.42
KSE-100,2020-06-04,34410.05,34090.13,34119.39
KSE-100,2020-06-05,34367.74,34081.76,34350.42
KSE-100,2020-06-08,34769.44,34350.42,34749.57
KSE-100,2020-06-09,34855.39,34688.12,34803.6
KSE-100,2020-06-10,35111.54,34803.6,35065.08
KSE-100,2020-06-11,35253.5,34995.42,35128.58
KSE-100,2020-06-12,35128.58,34503.94,34611.23
KSE-100,2020-06-15,34611.23,33814.86,33824.51
KSE-100,2020-06-16,34138.3,33824.51,34019.12
KSE-100,2020-06-17,34396.38,33775.76,33848.68
KSE-100,2020-06-18,33919.82,33471.45,33539.85
KSE-100,2020-06-19,33699.92,33369.91,33438.94
KSE-100,2020-06-22,33794.87,33071.36,33737.92
KSE-100,2020-06-23,34072.97,33737.92,34052.61
KSE-100,2020-06-24,34160.87,33937.63,34034.65
KSE-100,2020-06-25,34034.65,33657.78,33709.63
KSE-100,2020-06-26,34028.77,33709.63,33939.49
KSE-100,2020-06-29,34207.0,33719.51,34181.8
KSE-100,2020-06-30,34424.61,34146.05,34421.92
KSE-100,2020-07-01,34924.29,34409.87,34889.41
KSE-100,2020-07-02,35177.39,34889.41,34978.18
KSE-100,2020-07-03,35105.16,34918.52,35051.38
KSE-100,2020-07-06,35238.81,35002.11,35202.77
KSE-100,2020-07-07,35472.68,35202.77,35373.35
KSE-100,2020-07-08,35703.22,35373.35,35694.89
KSE-100,2020-07-09,36190.7,35694.89,36142.17
KSE-100,2020-07-10,36279.56,36003.18,36190.4
KSE-100,2020-07-13,36722.13,36190.4,36618.57
KSE-100,2020-07-14,36936.03,36534.7,36745.22
KSE-100,2020-07-15,36891.98,36638.07,36679.03
KSE-100,2020-07-16,37029.25,36679.03,37001.44
KSE-100,2020-07-17,37354.15,37001.44,37330.85
KSE-100,2020-07-20,37741.15,37330.85,37650.57
KSE-100,2020-07-21,37938.87,37368.52,37700.31
KSE-100,2020-07-22,37986.37,37552.07,37804.61
KSE-100,2020-07-23,38106.95,37540.7,37578.21
KSE-100,2020-07-24,37863.3,37259.17,37607.62
KSE-100,2020-07-27,38291.77,37607.62,38221.16
KSE-100,2020-07-28,38700.96,38700.96,38627.27
KSE-100,2020-07-29,39124.33,38627.27,38836.27
KSE-100,2020-07-30,39270.46,38781.18,39258.44
KSE-100,2020-08-03,39928.92,39258.44,39871.61
KSE-100,2020-08-04,40330.71,39528.86,39577.62
KSE-100,2020-08-05,39940.22,39425.57,39882.78
KSE-100,2020-08-06,40422.83,39882.78,40166.12
KSE-100,2020-08-07,40467.09,39961.92,40029.69
KSE-100,2020-08-10,40195.22,39828.91,39914.76
KSE-100,2020-08-11,40706.08,39914.76,40559.15
KSE-100,2020-08-12,41118.6,40390.39,40473.18
KSE-100,2020-08-13,40564.18,39898.22,40290.74
KSE-100,2020-08-17,40405.41,39939.69,40122.5
KSE-100,2020-08-18,40434.6,40113.29,40184.01
KSE-100,2020-08-19,40424.92,40065.51,40154.11
KSE-100,2020-08-20,40249.51,39781.39,39868.55
KSE-100,2020-08-21,39868.55,39240.07,39621.59
KSE-100,2020-08-24,39824.56,39473.11,39802.6
KSE-100,2020-08-25,40340.79,39802.6,40292.82
KSE-100,2020-08-26,40894.53,40292.82,40862.59
KSE-100,2020-08-27,41276.54,40862.59,41081.94
KSE-100,2020-08-28,41164.83,40994.04,41056.22
KSE-100,2020-08-31,41311.06,41016.56,41110.93
KSE-100,2020-09-01,41401.89,41096.58,41377.26
KSE-100,2020-09-02,41932.85,41377.26,41834.85
KSE-100,2020-09-03,42212.93,41834.85,42188.11
KSE-100,2020-09-04,42290.42,41922.41,42023.0
KSE-100,2020-09-07,42400.25,42023.0,42295.75
KSE-100,2020-09-08,42528.49,41912.6,41985.19
KSE-100,2020-09-09,42196.17,41610.73,42022.25
KSE-100,2020-09-10,42896.36,42022.25,42647.35
KSE-100,2020-09-11,42869.69,42457.53,42530.67
KSE-100,2020-09-14,42720.98,42367.81,42531.31
KSE-100,2020-09-15,42831.01,42263.22,42346.42
KSE-100,2020-09-16,42544.87,42091.97,42282.28
KSE-100,2020-09-17,42632.41,42276.59,42334.76
KSE-100,2020-09-18,42554.84,42234.59,42504.76
KSE-100,2020-09-21,42551.15,42121.32,42174.13
KSE-100,2020-09-22,42174.14,41672.45,41828.91
KSE-100,2020-09-23,42023.06,41755.69,41876.26
KSE-100,2020-09-24,41942.35,41416.9,41806.37
KSE-100,2020-09-25,42100.73,41601.94,41701.23
KSE-100,2020-09-28,41785.07,40644.82,40740.95
KSE-100,2020-09-29,41445.47,40389.8,41204.36
KSE-100,2020-09-30,41438.33,40494.9,40571.48
KSE-100,2020-10-01,40735.84,40113.95,40676.92
KSE-100,2020-10-02,40838.92,39905.66,40070.83
KSE-100,2020-10-05,40070.83,38865.1,39072.47
KSE-100,2020-10-06,39349.29,38568.95,39127.48
KSE-100,2020-10-07,39920.13,39127.48,39849.96
KSE-100,2020-10-08,40412.06,39849.96,40353.62
KSE-100,2020-10-09,40830.22,40307.64,40798.43
KSE-100,2020-10-12,41047.46,40149.78,40209.82
KSE-100,2020-10-13,40301.36,39645.73,40006.67
KSE-100,2020-10-14,40183.87,39845.77,40144.29
KSE-100,2020-10-15,40533.67,40006.46,40068.49
KSE-100,2020-10-16,40220.73,39742.25,40164.02
KSE-100,2020-10-19,40491.13,40077.9,40340.17
KSE-100,2020-10-20,41056.95,40340.17,40956.58
KSE-100,2020-10-21,41613.05,40956.58,41535.92
KSE-100,2020-10-22,41818.24,41088.38,41199.02
KSE-100,2020-10-23,41383.38,41064.38,41266.0
KSE-100,2020-10-26,41876.79,41266.0,41850.47
KSE-100,2020-10-27,41922.19,41327.72,41381.83
KSE-100,2020-10-28,41687.33,41069.68,41186.86
KSE-100,2020-10-29,41186.86,39275.43,39888.0
KSE-100,2020-11-02,39888.0,38778.68,39112.18
KSE-100,2020-11-03,40499.64,39112.18,40480.88
KSE-100,2020-11-04,40914.59,40223.45,40281.96
KSE-100,2020-11-05,41084.9,40281.96,41071.3
KSE-100,2020-11-06,41147.05,40679.61,40731.61
KSE-100,2020-11-09,40943.8,40596.99,40784.04
KSE-100,2020-11-10,41597.33,40784.04,41153.05
KSE-100,2020-11-11,41330.49,40900.03,41197.32
KSE-100,2020-11-12,41197.32,40492.75,40564.55
KSE-100,2020-11-13,40689.6,40262.22,40569.35
KSE-100,2020-11-16,40790.39,40470.12,40504.75
KSE-100,2020-11-17,40964.22,40504.75,40652.67
KSE-100,2020-11-18,40658.15,40344.62,40514.67
KSE-100,2020-11-19,40745.02,40431.41,40540.7
KSE-100,2020-11-20,40598.24,40126.8,40187.18
KSE-100,2020-11-23,40187.18,39314.28,39632.52
KSE-100,2020-11-24,40021.33,39631.07,39863.36
KSE-100,2020-11-25,40431.56,39863.36,40377.53
KSE-100,2020-11-26,41127.49,40377.54,41031.03
KSE-100,2020-11-27,41066.52,40753.3,40807.09
KSE-100,2020-11-30,41115.1,40669.85,41068.82
KSE-100,2020-12-01,41724.04,41068.82,41665.27
KSE-100,2020-12-02,42074.11,41665.27,42027.38
KSE-100,2020-12-03,42412.51,42009.3,42047.72
KSE-100,2020-12-04,42316.52,42047.72,42207.0
KSE-100,2020-12-07,42321.37,42047.0,42115.31
KSE-100,2020-12-08,42233.96,41948.35,42101.78
KSE-100,2020-12-09,42350.23,42030.61,42204.03
KSE-100,2020-12-10,42441.31,42119.63,42305.84
KSE-100,2020-12-11,42628.01,42305.84,42470.39
KSE-100,2020-12-14,43316.11,42470.4,43266.22
KSE-100,2020-12-15,43709.71,43126.48,43250.84
KSE-100,2020-12-16,43556.06,43183.77,43360.19
KSE-100,2020-12-17,43793.22,43360.19,43766.69
KSE-100,2020-12-18,43955.56,43638.33,43740.55
KSE-100,2020-12-21,43790.72,43295.64,43333.76
KSE-100,2020-12-22,43478.97,42757.49,42906.94
KSE-100,2020-12-23,43216.16,42852.79,43087.7
KSE-100,2020-12-24,43631.36,43087.7,43416.77
KSE-100,2020-12-28,43760.67,43416.77,43674.28
KSE-100,2020-12-29,43912.1,43203.68,43282.27
KSE-100,2020-12-30,43750.25,43282.27,43694.76
KSE-100,2020-12-31,43890.14,43665.93,43755.38
KSE-100,2021-01-01,44874.86,43755.38,44434.8
KSE-100,2021-01-04,45074.37,44434.8,44686.46
KSE-100,2021-01-05,44830.28,44458.71,44650.43
KSE-100,2021-01-06,45194.63,44650.43,45153.42
KSE-100,2021-01-07,45619.8,45153.42,45344.54
KSE-100,2021-01-08,45916.33,45344.54,45654.34
KSE-100,2021-01-11,46109.36,45529.48,45605.42
KSE-100,2021-01-12,46013.36,45605.42,45922.04
KSE-100,2021-01-13,46314.15,45922.04,46091.96
KSE-100,2021-01-14,46272.58,45852.83,45989.35
KSE-100,2021-01-15,46177.38,45875.21,45931.0
KSE-100,2021-01-18,46047.56,45714.17,45726.68
KSE-100,2021-01-19,45978.14,45596.81,45903.23
KSE-100,2021-01-20,45903.23,45545.43,45676.94
KSE-100,2021-01-21,46143.53,45676.94,45984.46
KSE-100,2021-01-22,46116.85,45690.5,45868.04
KSE-100,2021-01-25,46189.02,45868.04,46087.64
KSE-100,2021-01-26,46398.01,46087.64,46287.38
KSE-100,2021-01-27,46698.33,46287.38,46458.13
KSE-100,2021-01-28,46645.17,46110.92,46166.05
KSE-100,2021-01-29,46656.98,46166.05,46385.54
KSE-100,2021-02-01,46762.64,46188.25,46248.45
KSE-100,2021-02-02,46642.72,46248.45,46580.34
KSE-100,2021-02-03,47123.82,46580.34,46933.63
KSE-100,2021-02-04,47339.21,46746.58,46905.79
KSE-100,2021-02-08,47074.16,46659.24,46721.87
KSE-100,2021-02-09,46990.92,46628.97,46674.77
KSE-100,2021-02-10,46845.44,46341.76,46644.29
KSE-100,2021-02-11,46935.32,45960.44,46055.52
KSE-100,2021-02-12,46358.08,45731.88,45808.36
KSE-100,2021-02-15,46507.42,45808.36,46375.59
KSE-100,2021-02-16,46884.53,46375.59,46867.95
KSE-100,2021-02-17,47305.86,46726.85,46768.14
KSE-100,2021-02-18,46817.51,46120.61,46142.74
KSE-100,2021-02-19,46378.35,46137.2,46227.65
KSE-100,2021-02-22,46402.73,45763.05,45890.04
KSE-100,2021-02-23,46083.66,45663.03,45728.75
KSE-100,2021-02-24,45887.77,45205.48,45362.58
KSE-100,2021-02-25,46004.68,45362.58,45965.62
KSE-100,2021-02-26,46239.89,45753.07,45865.02
KSE-100,2021-03-01,46009.38,45092.8,45593.43
KSE-100,2021-03-02,46077.92,45535.87,45964.27
KSE-100,2021-03-03,46189.25,45923.57,46160.78
KSE-100,2021-03-04,46160.78,45087.63,45278.53
KSE-100,2021-03-05,45946.69,45168.21,45837.35
KSE-100,2021-03-08,46432.39,44849.07,45051.05
KSE-100,2021-03-09,45129.55,43946.3,44222.91
KSE-100,2021-03-10,44424.04,43620.84,43691.68
KSE-100,2021-03-11,43891.0,42688.2,42779.76
KSE-100,2021-03-12,43986.18,42779.76,43788.08
KSE-100,2021-03-15,44839.19,43788.08,44766.59
KSE-100,2021-03-16,44910.93,44545.43,44857.06
KSE-100,2021-03-17,45540.63,44857.06,45450.31
KSE-100,2021-03-18,45612.95,44641.49,44724.09
KSE-100,2021-03-19,45172.33,44393.28,44901.31
KSE-100,2021-03-22,45465.13,44735.59,45407.33
KSE-100,2021-03-24,45593.61,45258.99,45544.19
KSE-100,2021-03-25,46000.11,45544.2,45726.16
KSE-100,2021-03-26,45757.56,45436.91,45521.63
KSE-100,2021-03-29,45521.63,44315.43,44431.8
KSE-100,2021-03-30,44808.63,44199.26,44491.03
KSE-100,2021-03-31,45133.25,44477.9,44587.85
KSE-100,2021-04-01,44877.46,44334.22,44428.1
KSE-100,2021-04-02,44609.28,44197.9,44300.95
KSE-100,2021-04-05,44431.24,43471.19,43548.21
KSE-100,2021-04-06,44478.24,43548.21,44404.7
KSE-100,2021-04-07,44571.91,43758.05,43953.58
KSE-100,2021-04-08,44759.37,43953.58,44741.36
KSE-100,2021-04-09,45249.61,44741.36,45186.48
KSE-100,2021-04-12,45267.43,44758.34,44978.05
KSE-100,2021-04-13,45133.41,44780.06,45048.57
KSE-100,2021-04-14,45347.4,45048.57,45311.22
KSE-100,2021-04-15,45447.49,45174.89,45230.18
KSE-100,2021-04-16,45471.35,45230.18,45305.63
KSE-100,2021-04-19,45305.63,44611.83,44611.83
KSE-100,2021-04-20,45558.13,44913.57,45399.78
KSE-100,2021-04-21,45626.88,45226.18,45306.54
KSE-100,2021-04-22,45496.82,44882.75,44929.61
KSE-100,2021-04-23,44929.61,44363.4,44706.76
KSE-100,2021-04-26,45952.45,44389.68,45682.77
KSE-100,2021-04-27,45937.68,45169.8,45292.87
KSE-100,2021-04-28,45588.94,45020.83,45059.12
KSE-100,2021-04-29,45143.34,44781.3,44863.11
KSE-100,2021-04-30,45056.9,44151.69,44262.35
KSE-100,2021-05-03,44326.01,43630.07,44076.2
KSE-100,2021-05-04,44620.41,44076.2,44563.59
KSE-100,2021-05-05,45173.61,44563.59,44943.61
KSE-100,2021-05-06,45245.37,44889.59,45174.67
KSE-100,2021-05-17,45806.98,45174.67,45796.31
KSE-100,2021-05-18,46033.92,45618.78,45981.82
KSE-100,2021-05-19,45981.82,45612.88,45682.11
KSE-100,2021-05-20,45831.12,45518.74,45574.07
KSE-100,2021-05-21,45948.11,45560.13,45914.98
KSE-100,2021-05-24,46314.83,45914.98,46097.11
KSE-100,2021-05-25,46369.19,46048.84,46300.66
KSE-100,2021-05-26,46856.27,46300.66,46812.31
KSE-100,2021-05-27,47204.13,46675.69,46790.75
KSE-100,2021-05-28,47246.5,46698.23,47126.29
KSE-100,2021-05-31,47979.68,47126.29,47896.34
KSE-100,2021-06-01,48237.61,47896.34,48191.26
KSE-100,2021-06-02,48286.46,47960.46,48126.9
KSE-100,2021-06-03,48434.4,48010.32,48093.53
KSE-100,2021-06-04,48426.53,48093.53,48211.7
KSE-100,2021-06-07,48632.95,48211.7,48302.66
KSE-100,2021-06-08,48409.88,48000.26,48147.98
KSE-100,2021-06-09,48311.92,47725.94,47777.62
KSE-100,2021-06-10,48287.52,47777.62,48251.49
KSE-100,2021-06-11,48531.4,48245.4,48304.72
KSE-100,2021-06-14,48981.82,48304.72,48726.08
KSE-100,2021-06-15,48841.47,48511.58,48632.56
KSE-100,2021-06-16,48878.2,48431.96,48480.9
KSE-100,2021-06-17,48544.65,48115.84,48157.63
KSE-100,2021-06-18,48411.87,48022.72,48238.67
KSE-100,2021-06-21,48370.42,47963.97,48012.52
KSE-100,2021-06-22,48154.56,47931.78,47987.14
KSE-100,2021-06-23,48134.94,47873.14,47900.7
KSE-100,2021-06-24,48118.23,47897.39,47962.54
KSE-100,2021-06-25,48040.1,47476.38,47603.36
KSE-100,2021-06-28,47665.84,46902.38,47002.35
KSE-100,2021-06-29,47508.82,46986.47,47137.77
KSE-100,2021-06-30,47460.31,47137.77,47356.02
KSE-100,2021-07-01,47843.34,47356.02,47800.57
KSE-100,2021-07-02,48079.85,47637.76,47686.18
KSE-100,2021-07-05,47739.5,47375.13,47429.12
KSE-100,2021-07-06,47665.41,47242.52,47346.16
KSE-100,2021-07-07,47375.36,47034.95,47247.92
KSE-100,2021-07-08,48053.17,47247.92,48053.17
KSE-100,2021-07-09,48053.17,47544.08,47563.45
KSE-100,2021-07-12,47715.28,47407.85,47447.08
KSE-100,2021-07-13,47586.07,47439.89,47480.49
KSE-100,2021-07-14,47594.66,47442.19,47491.47
KSE-100,2021-07-15,47737.38,47388.42,47628.26
KSE-100,2021-07-16,47889.7,47627.61,47834.33
KSE-100,2021-07-19,48006.44,47751.38,47873.26
KSE-100,2021-07-23,47946.45,47686.5,47793.07
KSE-100,2021-07-26,47930.54,47606.89,47672.68
KSE-100,2021-07-27,47910.12,47616.73,47686.99
KSE-100,2021-07-28,47874.69,47241.55,47318.03
KSE-100,2021-07-29,47353.91,46955.1,47312.33
KSE-100,2021-07-30,47642.79,46925.16,47055.29
KSE-100,2021-08-02,47508.74,47047.14,47453.25
KSE-100,2021-08-03,47808.63,47453.25,47758.32
KSE-100,2021-08-04,47980.12,47709.38,47789.88
KSE-100,2021-08-05,47896.39,47582.77,47640.88
KSE-100,2021-08-06,47752.77,47425.03,47489.95
KSE-100,2021-08-09,47625.42,47053.64,47123.62
KSE-100,2021-08-10,47272.88,46928.16,47135.48
KSE-100,2021-08-11,47627.59,47135.48,47377.38
KSE-100,2021-08-12,47555.99,47175.0,47270.76
KSE-100,2021-08-13,47320.31,47123.38,47169.84
KSE-100,2021-08-16,47173.03,46672.19,46912.79
KSE-100,2021-08-17,47274.52,46912.79,47258.45
KSE-100,2021-08-20,47644.34,47258.45,47599.82
KSE-100,2021-08-23,48144.89,47599.82,48112.21
KSE-100,2021-08-24,48114.95,47739.53,47828.71
KSE-100,2021-08-25,47916.76,47617.93,47635.9
KSE-100,2021-08-26,47759.5,47262.11,47363.27
KSE-100,2021-08-27,47392.24,46869.1,47136.53
KSE-100,2021-08-30,47468.14,47136.53,47365.7
KSE-100,2021-08-31,47596.04,47349.49,47419.74
KSE-100,2021-09-01,47628.59,47355.14,47413.46
KSE-100,2021-09-02,47489.4,46874.64,46903.06
KSE-100,2021-09-03,47113.42,46879.28,46957.47
KSE-100,2021-09-06,47087.3,46888.95,46918.52
KSE-100,2021-09-07,46994.84,46617.98,46729.96
KSE-100,2021-09-08,46875.49,46309.86,46396.71
KSE-100,2021-09-09,46665.48,46396.71,46625.12
KSE-100,2021-09-10,47226.11,46625.12,47198.29
KSE-100,2021-09-13,47369.98,47168.75,47270.46
KSE-100,2021-09-14,47387.34,46607.21,46891.34
KSE-100,2021-09-15,46952.31,46505.13,46716.72
KSE-100,2021-09-16,46958.37,46623.41,46920.46
KSE-100,2021-09-17,47181.74,46555.87,46636.08
KSE-100,2021-09-20,46691.23,46215.18,46528.21
KSE-100,2021-09-21,46833.14,45778.19,46008.85
KSE-100,2021-09-22,46031.89,44788.17,45597.24
KSE-100,2021-09-23,45939.39,45083.51,45296.88
KSE-100,2021-09-24,45424.26,44861.09,45073.52
KSE-100,2021-09-27,45236.48,44341.51,44817.76
KSE-100,2021-09-28,45294.37,44747.22,45274.93
KSE-100,2021-09-29,45342.26,43975.04,44366.74
KSE-100,2021-09-30,44899.6,43972.09,44899.6
KSE-100,2021-10-01,45003.26,44599.61,44871.7
KSE-100,2021-10-04,45105.04,44561.82,45044.5
KSE-100,2021-10-05,45101.36,44593.75,44666.57
KSE-100,2021-10-06,44795.2,44284.55,44373.23
KSE-100,2021-10-07,44947.38,44373.23,44586.04
KSE-100,2021-10-08,44670.5,44338.17,44477.23
KSE-100,2021-10-11,44544.1,43718.37,43829.35
KSE-100,2021-10-12,44051.16,43149.28,43883.08
KSE-100,2021-10-13,44172.74,43067.61,43221.78
KSE-100,2021-10-14,44431.65,43046.25,44333.68
KSE-100,2021-10-15,44834.83,44197.14,44821.53
KSE-100,2021-10-18,44990.11,44442.28,44629.45
KSE-100,2021-10-20,45563.61,44629.45,45499.46
KSE-100,2021-10-21,46164.48,45481.99,45821.4
KSE-100,2021-10-22,46037.95,45180.72,45578.36
KSE-100,2021-10-25,45655.25,45308.07,45429.22
KSE-100,2021-10-26,45516.77,45213.62,45255.97
KSE-100,2021-10-27,46024.76,45227.8,45791.92
KSE-100,2021-10-28,46047.39,45766.15,45946.09
KSE-100,2021-10-29,46287.68,45724.53,46184.71
KSE-100,2021-11-01,47257.13,46184.71,46974.78
KSE-100,2021-11-02,47314.75,46974.78,47112.92
KSE-100,2021-11-03,47317.27,46968.41,47032.44
KSE-100,2021-11-04,47242.82,46936.48,47219.18
KSE-100,2021-11-05,47608.46,47184.15,47295.8
KSE-100,2021-11-08,47442.57,47020.85,47115.04
KSE-100,2021-11-09,47174.49,46306.91,46399.91
KSE-100,2021-11-10,46755.32,46399.91,46629.88
KSE-100,2021-11-11,46843.69,46323.59,46348.18
KSE-100,2021-11-12,46409.11,45717.21,45749.15
KSE-100,2021-11-15,45910.96,45544.99,45736.26
KSE-100,2021-11-16,46623.76,45736.26,46542.91
KSE-100,2021-11-17,46655.9,46071.98,46194.42
KSE-100,2021-11-18,46292.57,45728.42,46110.5
KSE-100,2021-11-19,46601.79,46001.41,46489.41
KSE-100,2021-11-22,46601.9,45716.6,45745.0
KSE-100,2021-11-23,45915.61,44881.15,44948.52
KSE-100,2021-11-24,44983.91,44207.83,44363.7
KSE-100,2021-11-25,44516.82,43735.65,43935.75
KSE-100,2021-11-26,44333.71,43735.71,44114.16
KSE-100,2021-11-29,45416.99,43933.5,45330.05
KSE-100,2021-11-30,45757.6,44727.96,45072.38
KSE-100,2021-12-01,45459.83,45072.38,45369.14
KSE-100,2021-12-02,45369.14,43087.47,43234.15
KSE-100,2021-12-03,43590.52,42752.76,43232.83
KSE-100,2021-12-06,43556.27,42972.02,43280.77
KSE-100,2021-12-07,44066.16,43280.77,43853.49
KSE-100,2021-12-08,44139.22,43653.06,43846.87
KSE-100,2021-12-09,43996.62,43273.76,43518.84
KSE-100,2021-12-10,43606.41,43044.99,43395.78
KSE-100,2021-12-13,43478.61,42806.68,42876.37
KSE-100,2021-12-14,43265.8,42715.42,43246.71
KSE-100,2021-12-15,44507.47,43246.71,44366.86
KSE-100,2021-12-16,44392.54,43607.8,43731.2
KSE-100,2021-12-17,44003.75,43556.61,43900.68
KSE-100,2021-12-20,44484.76,43808.84,44339.95
KSE-100,2021-12-21,44594.66,44122.13,44177.07
KSE-100,2021-12-22,44292.91,44091.2,44174.97
KSE-100,2021-12-23,44446.99,44108.69,44266.9
KSE-100,2021-12-24,44467.85,44041.52,44118.39
KSE-100,2021-12-27,44167.58,43846.95,43913.44
KSE-100,2021-12-28,44117.17,43906.41,44043.74
KSE-100,2021-12-29,44265.14,43941.64,44260.11
KSE-100,2021-12-30,44590.2,44260.11,44416.2
KSE-100,2021-12-31,44646.49,44307.27,44596.07
KSE-100,2022-01-03,44905.35,44509.57,44886.89
KSE-100,2022-01-04,45406.08,44886.89,45390.84
KSE-100,2022-01-05,45438.16,45241.45,45407.89
KSE-100,2022-01-06,45407.89,45021.32,45082.3
KSE-100,2022-01-07,45364.19,44968.9,45345.65
KSE-100,2022-01-10,45967.29,45206.0,45887.63
KSE-100,2022-01-11,46057.24,45524.23,45881.13
KSE-100,2022-01-12,46220.4,45872.48,45916.25
KSE-100,2022-01-13,46002.77,45693.8,45763.2
KSE-100,2022-01-14,45987.88,45734.3,45763.45
KSE-100,2022-01-17,45787.48,45385.97,45612.2
KSE-100,2022-01-18,45758.1,45469.46,45507.41
KSE-100,2022-01-19,45575.77,44734.24,44833.43
KSE-100,2022-01-20,44875.44,44275.23,44825.97
KSE-100,2022-01-21,45149.19,44755.74,45018.28
KSE-100,2022-01-24,45044.51,44797.42,44923.91
KSE-100,2022-01-25,45255.43,44846.03,44887.77
KSE-100,2022-01-26,45030.45,44712.65,44955.05
KSE-100,2022-01-27,45179.89,44955.05,45083.04
KSE-100,2022-01-28,45312.05,45042.25,45077.91
KSE-100,2022-01-31,45462.62,45077.91,45374.68
KSE-100,2022-02-01,45754.17,45374.68,45674.5
KSE-100,2022-02-02,46139.5,45674.5,46119.15
KSE-100,2022-02-03,46387.64,45818.04,45862.93
KSE-100,2022-02-04,46133.2,45814.64,45909.65
KSE-100,2022-02-07,46139.82,45799.67,45841.25
KSE-100,2022-02-08,46040.61,45727.64,45947.95
KSE-100,2022-02-09,46405.86,45947.95,46339.76
KSE-100,2022-02-10,46464.38,45936.74,45940.04
KSE-100,2022-02-11,46143.91,45838.75,46079.37
KSE-100,2022-02-14,46133.87,45507.45,45644.09
KSE-100,2022-02-15,45804.0,45502.81,45731.7
KSE-100,2022-02-16,45904.63,45603.93,45684.8
KSE-100,2022-02-17,45716.89,45258.85,45441.1
KSE-100,2022-02-18,45705.5,45441.1,45675.87
KSE-100,2022-02-21,45742.83,45342.06,45362.85
KSE-100,2022-02-22,45362.85,44698.45,45012.18
KSE-100,2022-02-23,45235.21,44756.23,45132.92
KSE-100,2022-02-24,45132.92,43791.31,43830.51
KSE-100,2022-02-25,44192.52,43805.73,43984.24
KSE-100,2022-02-28,44557.1,43645.58,44461.01
KSE-100,2022-03-01,45016.65,44461.01,44803.58
KSE-100,2022-03-02,44803.58,44133.88,44514.12
KSE-100,2022-03-03,44705.74,44311.8,44525.72
KSE-100,2022-03-04,44723.19,44461.06,44551.35
KSE-100,2022-03-07,44551.35,43050.88,43266.97
KSE-100,2022-03-08,43426.72,42788.53,42878.35
KSE-100,2022-03-09,43217.19,42865.81,43042.96
KSE-100,2022-03-10,43921.82,43042.96,43853.62
KSE-100,2022-03-11,43966.27,43596.16,43653.33
KSE-100,2022-03-14,43767.77,43324.94,43366.89
KSE-100,2022-03-15,43793.57,43326.76,43719.82
KSE-100,2022-03-16,44281.27,43719.82,43975.69
KSE-100,2022-03-17,44187.0,43798.16,43807.23
KSE-100,2022-03-18,43807.23,42990.55,43029.97
KSE-100,2022-03-21,43388.18,43029.97,43230.22
KSE-100,2022-03-22,43398.44,43164.2,43203.79
KSE-100,2022-03-24,43569.67,42936.06,43522.55
KSE-100,2022-03-25,43686.35,43375.51,43551.14
KSE-100,2022-03-28,43933.56,43291.01,43933.56
KSE-100,2022-03-29,44478.58,43933.56,44438.7
KSE-100,2022-03-30,44444.98,43975.67,44337.56
KSE-100,2022-03-31,44928.83,44337.56,44928.83
KSE-100,2022-04-01,45396.14,44654.95,45152.11
KSE-100,2022-04-04,45152.11,43824.08,43902.04
KSE-100,2022-04-05,44289.83,43784.03,43928.08
KSE-100,2022-04-06,44377.92,43928.08,44111.1
KSE-100,2022-04-07,44349.59,43751.75,43786.83
KSE-100,2022-04-08,44501.55,43786.83,44444.58
KSE-100,2022-04-11,46215.54,44444.58,46144.96
KSE-100,2022-04-12,46459.26,45896.46,46407.26
KSE-100,2022-04-13,46643.05,46062.27,46165.5
KSE-100,2022-04-14,46510.11,46054.36,46484.43
KSE-100,2022-04-15,46785.59,46484.43,46601.54
KSE-100,2022-04-18,46970.04,46418.76,46539.59
KSE-100,2022-04-19,46746.27,46275.64,46333.36
KSE-100,2022-04-20,46586.06,45891.14,45943.16
KSE-100,2022-04-21,46067.18,45599.96,45652.62
KSE-100,2022-04-22,45774.85,45505.07,45553.02
KSE-100,2022-04-25,46203.59,45553.02,46073.25
KSE-100,2022-04-26,46184.55,45782.89,45817.67
KSE-100,2022-04-27,45958.37,45482.5,45533.3
KSE-100,2022-04-28,45533.3,44656.96,45249.41
KSE-100,2022-05-06,45249.41,44784.42,44840.81
KSE-100,2022-05-09,44841.41,43233.21,43393.14
KSE-100,2022-05-10,43647.55,43262.69,43504.36
KSE-100,2022-05-11,43649.59,42394.32,42863.15
KSE-100,2022-05-12,43032.5,42273.27,42898.44
KSE-100,2022-05-13,43505.75,42853.8,43486.46
KSE-100,2022-05-16,43486.46,42375.39,42667.32
KSE-100,2022-05-17,42883.86,42607.15,42726.06
KSE-100,2022-05-18,43161.43,42509.55,43026.88
KSE-100,2022-05-19,43256.32,42938.75,42983.45
KSE-100,2022-05-20,43185.8,42938.6,43100.7
KSE-100,2022-05-23,43100.71,42345.08,42440.25
KSE-100,2022-05-24,42637.57,41915.98,41950.32
KSE-100,2022-05-25,42128.41,41356.02,42012.66
KSE-100,2022-05-26,42607.43,41904.46,42541.71
KSE-100,2022-05-27,43554.75,42541.71,42861.45
KSE-100,2022-05-30,43257.78,42861.45,43040.14
KSE-100,2022-05-31,43339.22,43018.4,43078.14
KSE-100,2022-06-01,43148.77,42723.51,42756.04
KSE-100,2022-06-02,42822.77,42132.98,42237.91
KSE-100,2022-06-03,42310.94,41145.35,41314.88
KSE-100,2022-06-06,41674.1,41031.91,41577.21
KSE-100,2022-06-07,41854.25,41524.07,41568.41
KSE-100,2022-06-08,41620.35,41391.53,41553.16
KSE-100,2022-06-09,41994.62,41553.16,41735.96
KSE-100,2022-06-10,42076.14,41715.05,42014.73
KSE-100,2022-06-13,42069.65,40834.97,40879.93
KSE-100,2022-06-14,41115.72,40657.88,41054.68
KSE-100,2022-06-15,41534.99,41054.68,41438.79
KSE-100,2022-06-16,41764.19,41322.89,41730.16
KSE-100,2022-06-17,42420.64,41730.16,42140.76
KSE-100,2022-06-20,42357.92,41740.12,41776.98
KSE-100,2022-06-21,42568.87,41745.27,42525.95
KSE-100,2022-06-22,42880.17,42408.17,42458.14
KSE-100,2022-06-23,42983.41,42458.14,42716.97
KSE-100,2022-06-24,42782.34,40555.41,41051.79
KSE-100,2022-06-27,41949.93,41051.79,41878.57
KSE-100,2022-06-28,42149.29,41614.6,41765.62
KSE-100,2022-06-29,41813.62,41119.19,41297.73
KSE-100,2022-06-30,41559.31,41220.49,41540.83
KSE-100,2022-07-01,41744.86,41538.49,41630.35
KSE-100,2022-07-04,41685.69,41323.42,41348.19
KSE-100,2022-07-05,41458.08,41068.6,41102.57
KSE-100,2022-07-06,41334.9,41102.57,41159.79
KSE-100,2022-07-07,41396.57,41009.64,41344.01
KSE-100,2022-07-13,41971.83,41223.97,41862.77
KSE-100,2022-07-14,42362.91,41862.77,42348.91
KSE-100,2022-07-15,42499.48,42027.37,42074.91
KSE-100,2022-07-18,42074.91,41275.08,41367.11
KSE-100,2022-07-19,41551.53,40216.38,40389.07
KSE-100,2022-07-20,40533.6,40135.38,40459.7
KSE-100,2022-07-21,40577.06,39801.21,39831.75
KSE-100,2022-07-22,40180.48,39541.09,40077.3
KSE-100,2022-07-25,40077.3,39720.8,39844.02
KSE-100,2022-07-26,40135.44,39712.94,39894.05
KSE-100,2022-07-27,40097.19,39605.1,39972.64
KSE-100,2022-07-28,40623.6,39972.64,40276.64
KSE-100,2022-07-29,40420.57,40026.86,40150.36
KSE-100,2022-08-01,40380.64,40070.67,40075.96
KSE-100,2022-08-02,40458.09,39762.5,40191.61
KSE-100,2022-08-03,41208.09,40191.61,41068.87
KSE-100,2022-08-04,41630.22,41068.87,41425.35
KSE-100,2022-08-05,42168.08,41425.37,42096.24
KSE-100,2022-08-10,42776.47,42096.24,42494.85
KSE-100,2022-08-11,42678.26,42652.0,42243.33
KSE-100,2022-08-12,42874.22,42243.33,42857.57
KSE-100,2022-08-15,43659.04,42857.57,43621.82
KSE-100,2022-08-16,43887.62,43379.79,43436.48
KSE-100,2022-08-17,43736.43,43389.48,43676.56
KSE-100,2022-08-18,43879.23,43390.33,43481.5
KSE-100,2022-08-19,43531.65,43232.95,43270.65
KSE-100,2022-08-22,43314.19,42787.86,42826.66
KSE-100,2022-08-23,43419.59,42826.66,43366.78
KSE-100,2022-08-24,43684.11,43299.48,43337.97
KSE-100,2022-08-25,43457.55,42961.1,43032.57
KSE-100,2022-08-26,43201.21,42547.72,42591.51
KSE-100,2022-08-29,42591.51,41828.13,42504.34
KSE-100,2022-08-30,43052.27,42106.02,42195.25
KSE-100,2022-08-31,42472.14,42079.05,42351.15
KSE-100,2022-09-01,42667.53,42351.15,42460.08
KSE-100,2022-09-02,42568.66,42238.22,42309.11
KSE-100,2022-09-05,42388.34,41859.1,41859.3
KSE-100,2022-09-06,41927.05,41684.01,41860.36
KSE-100,2022-09-07,42064.94,41703.95,41766.05
KSE-100,2022-09-08,41936.93,41676.94,41824.79
KSE-100,2022-09-09,42099.54,41815.49,41948.16
KSE-100,2022-09-12,42137.8,41812.93,41862.29
KSE-100,2022-09-13,42092.72,41862.29,42001.34
KSE-100,2022-09-14,42084.45,41912.84,42011.82
KSE-100,2022-09-15,42311.63,41724.81,41772.09
KSE-100,2022-09-16,41916.86,41603.48,41679.49
KSE-100,2022-09-19,41896.62,41504.64,41520.59
KSE-100,2022-09-20,41642.02,41078.71,41220.91
KSE-100,2022-09-21,41357.75,40871.82,40965.58
KSE-100,2022-09-22,40986.95,40417.92,40927.95
KSE-100,2022-09-23,41128.83,40514.33,40620.21
KSE-100,2022-09-26,41196.63,40620.21,41151.54
KSE-100,2022-09-27,41589.89,41151.54,41518.23
KSE-100,2022-09-28,41820.95,41391.18,41435.13
KSE-100,2022-09-29,41435.13,40910.82,41013.86
KSE-100,2022-09-30,41134.99,40753.94,41128.67
KSE-100,2022-10-03,41403.73,41090.52,41211.7
KSE-100,2022-10-04,41587.73,41211.7,41350.43
KSE-100,2022-10-05,41668.46,41350.43,41611.42
KSE-100,2022-10-06,42201.55,41611.42,42160.57
KSE-100,2022-10-07,42389.2,41992.11,42085.25
KSE-100,2022-10-10,42441.29,42071.67,42211.64
KSE-100,2022-10-11,42410.83,42053.81,42155.48
KSE-100,2022-10-12,42195.36,41950.98,42007.14
KSE-100,2022-10-13,42121.4,41900.85,42085.72
KSE-100,2022-10-14,42237.29,41897.05,41948.5
KSE-100,2022-10-17,41988.5,41725.96,41755.45
KSE-100,2022-10-18,42007.23,41755.45,41839.26
KSE-100,2022-10-19,42265.22,41839.27,42226.05
KSE-100,2022-10-20,42422.22,42097.31,42137.04
KSE-100,2022-10-21,42245.51,41793.64,42213.48
KSE-100,2022-10-24,42672.34,42213.48,42347.23
KSE-100,2022-10-25,42523.51,42156.68,42190.02
KSE-100,2022-10-26,42190.03,41490.13,41540.03
KSE-100,2022-10-27,41711.66,41318.66,41602.85
KSE-100,2022-10-28,41641.51,41115.21,41140.33
KSE-100,2022-10-31,41375.4,41140.34,41264.66
KSE-100,2022-11-01,41833.43,41264.66,41808.69
KSE-100,2022-11-02,42004.9,41727.15,41944.59
KSE-100,2022-11-03,42173.46,41887.51,42090.71
KSE-100,2022-11-04,42090.71,41720.9,41856.31
KSE-100,2022-11-07,42207.42,41856.31,42047.36
KSE-100,2022-11-08,42314.14,42047.36,42265.36
KSE-100,2022-11-10,42959.28,42265.36,42901.27
KSE-100,2022-11-11,43120.83,42805.88,43092.95
KSE-100,2022-11-14,43092.95,42761.88,42850.83
KSE-100,2022-11-15,43035.78,42748.71,42796.85
KSE-100,2022-11-16,43097.57,42728.67,42983.75
KSE-100,2022-11-17,43099.75,42769.37,42819.72
KSE-100,2022-11-18,42819.72,42600.99,42730.24
KSE-100,2022-11-21,42853.94,42663.94,42761.19
KSE-100,2022-11-22,43076.45,42761.19,42928.62
KSE-100,2022-11-23,43040.58,42790.25,42880.31
KSE-100,2022-11-24,43014.6,42865.38,42903.65
KSE-100,2022-11-25,43120.54,42876.24,42936.73
KSE-100,2022-11-28,42936.73,41963.94,42071.34
KSE-100,2022-11-29,42438.08,42042.48,42373.59
KSE-100,2022-11-30,42515.63,42274.16,42348.63
KSE-100,2022-12-01,42658.39,42348.63,42393.52
KSE-100,2022-12-02,42471.19,41946.49,42150.1
KSE-100,2022-12-05,42248.53,41514.81,41612.67
KSE-100,2022-12-06,41743.92,41296.54,41539.94
KSE-100,2022-12-07,41900.81,41539.94,41819.29
KSE-100,2022-12-08,41927.38,41598.94,41651.61
KSE-100,2022-12-09,41747.57,41550.7,41698.28
KSE-100,2022-12-12,41784.48,41511.2,41540.55
KSE-100,2022-12-13,41770.57,41512.43,41714.3
KSE-100,2022-12-14,41873.91,41542.32,41737.62
KSE-100,2022-12-15,41996.82,41109.95,41179.76
KSE-100,2022-12-16,41393.97,41087.59,41301.48
KSE-100,2022-12-19,41393.37,40814.95,40970.82
KSE-100,2022-12-20,41037.14,39533.03,39832.45
KSE-100,2022-12-21,40022.37,39276.7,39342.89
KSE-100,2022-12-22,39926.34,39330.02,39838.33
KSE-100,2022-12-23,39938.32,39497.73,39669.2
KSE-100,2022-12-26,40367.43,39861.01,40155.16
KSE-100,2022-12-27,40315.77,39705.66,39802.91
KSE-100,2022-12-28,39866.99,39027.51,39279.43
KSE-100,2022-12-29,39747.35,39205.17,39747.35
KSE-100,2022-12-30,40420.45,39694.12,40420.45
KSE-100,2023-01-02,41027.51,40348.89,40815.9
KSE-100,2023-01-03,41015.92,40595.58,40630.64
KSE-100,2023-01-04,40896.18,40497.98,40539.3
KSE-100,2023-01-05,40790.74,40539.3,40716.74
KSE-100,2023-01-06,41097.89,40684.49,41007.52
KSE-100,2023-01-09,41074.73,40436.82,40504.76
KSE-100,2023-01-10,40986.44,40504.76,40801.5
KSE-100,2023-01-11,40988.28,40597.35,40758.2
KSE-100,2023-01-12,41219.67,40668.95,40803.89
KSE-100,2023-01-13,40803.89,40195.67,40323.45
KSE-100,2023-01-16,40354.72,39660.75,39720.75
KSE-100,2023-01-17,39942.28,38287.81,38342.21
KSE-100,2023-01-18,38945.97,38257.56,38791.09
KSE-100,2023-01-19,39064.9,38730.3,38831.58
KSE-100,2023-01-20,38982.16,38291.7,38407.98
KSE-100,2023-01-23,38553.12,38135.53,38443.59
KSE-100,2023-01-24,39091.7,38443.59,39055.65
KSE-100,2023-01-25,39945.62,39055.65,39784.9
KSE-100,2023-01-26,40994.69,39784.9,40846.53
KSE-100,2023-01-27,41095.56,40402.72,40450.53
KSE-100,2023-01-30,40666.96,39844.39,39871.27
KSE-100,2023-01-31,40717.26,39871.27,40673.06
KSE-100,2023-02-01,40985.46,40611.15,40619.94
KSE-100,2023-02-02,40826.67,40444.91,40733.51
KSE-100,2023-02-03,40872.87,40329.75,40471.16
KSE-100,2023-02-06,41302.29,40471.16,41190.77
KSE-100,2023-02-07,41763.95,41190.77,41522.76
KSE-100,2023-02-08,41846.85,41404.62,41723.32
KSE-100,2023-02-09,42567.75,41723.32,42466.59
KSE-100,2023-02-10,42544.47,41663.22,41741.78
KSE-100,2023-02-13,41991.16,41644.31,41716.95
KSE-100,2023-02-14,41848.76,41047.03,41150.16
KSE-100,2023-02-15,41457.76,40918.85,41326.85
KSE-100,2023-02-16,41619.2,41024.78,41078.65
KSE-100,2023-02-17,41214.07,40964.98,41118.61
KSE-100,2023-02-20,41162.89,40623.97,40673.64
KSE-100,2023-02-21,40966.71,40673.64,40949.84
KSE-100,2023-02-22,41212.95,40923.03,41167.6
KSE-100,2023-02-23,41168.22,40772.52,40838.51
KSE-100,2023-02-24,40978.46,40682.46,40707.76
KSE-100,2023-02-27,40820.09,40616.6,40784.13
KSE-100,2023-02-28,40810.04,40436.36,40510.37
KSE-100,2023-03-01,40539.87,40029.72,40412.77
KSE-100,2023-03-02,40852.97,40353.46,40670.88
KSE-100,2023-03-03,41359.11,40487.28,41337.0
KSE-100,2023-03-06,41797.71,41337.0,41434.33
KSE-100,2023-03-07,41530.19,41334.69,41334.69
KSE-100,2023-03-08,41618.66,41334.69,41358.93
KSE-100,2023-03-09,41648.08,41358.93,41585.54
KSE-100,2023-03-10,41902.02,41585.54,41793.87
KSE-100,2023-03-13,42291.77,41787.35,41856.85
KSE-100,2023-03-14,41953.78,41705.82,41816.43
KSE-100,2023-03-15,42010.06,41607.05,41874.04
KSE-100,2023-03-16,42119.03,41639.5,41694.09
KSE-100,2023-03-17,41808.88,41270.81,41329.95
KSE-100,2023-03-20,41398.03,40909.24,40918.45
KSE-100,2023-03-21,40990.12,40696.74,40877.98
KSE-100,2023-03-22,40996.72,40352.71,40376.1
KSE-100,2023-03-24,40440.7,39922.89,39942.05
KSE-100,2023-03-27,40066.73,39845.06,40000.37
KSE-100,2023-03-28,40203.84,40000.37,40082.37
KSE-100,2023-03-29,40186.11,39866.25,39879.89
KSE-100,2023-03-30,40005.07,39796.69,39848.35
KSE-100,2023-03-31,40000.83,39729.44,40000.83
KSE-100,2023-04-03,40077.77,39860.62,39889.9
KSE-100,2023-04-04,39920.35,39482.17,39687.26
KSE-100,2023-04-05,39910.05,39664.98,39717.15
KSE-100,2023-04-06,40374.33,39717.15,40350.89
KSE-100,2023-04-07,40549.86,40005.04,40049.65
KSE-100,2023-04-10,40183.81,39815.86,39835.9
KSE-100,2023-04-11,39919.99,39723.01,39804.71
KSE-100,2023-04-12,40172.76,39803.95,40126.05
KSE-100,2023-04-13,40418.6,40126.05,40205.54
KSE-100,2023-04-17,40372.8,40182.37,40246.66
KSE-100,2023-04-18,40484.29,40221.08,40448.05
KSE-100,2023-04-19,40532.76,40289.95,40499.34
KSE-100,2023-04-20,41086.67,40499.34,41007.82
KSE-100,2023-04-26,41363.89,41007.82,41099.58
KSE-100,2023-04-27,41518.74,41081.07,41463.91
KSE-100,2023-04-28,41790.68,41463.91,41580.85
KSE-100,2023-05-02,41990.15,41580.85,41927.64
KSE-100,2023-05-03,42171.68,41915.81,42087.93
KSE-100,2023-05-04,42336.44,42055.9,42093.8
KSE-100,2023-05-05,42323.29,41962.9,42241.98
KSE-100,2023-05-08,42389.22,41767.45,41829.49
KSE-100,2023-05-09,41830.35,41277.73,41373.81
KSE-100,2023-05-10,41407.09,41041.32,41074.95
KSE-100,2023-05-11,41498.77,41074.95,41325.63
KSE-100,2023-05-12,41649.15,41299.39,41487.58
KSE-100,2023-05-15,41716.25,41310.19,41716.25
KSE-100,2023-05-16,42081.57,41817.01,42006.24
KSE-100,2023-05-17,42110.03,41818.33,41833.66
KSE-100,2023-05-18,41964.26,41411.63,41442.07
KSE-100,2023-05-19,41628.78,41354.33,41599.18
KSE-100,2023-05-22,41690.27,41155.47,41195.06
KSE-100,2023-05-23,41295.64,41098.7,41099.3
KSE-100,2023-05-24,41342.23,41064.4,41117.32
KSE-100,2023-05-25,41219.02,40956.87,41029.67
KSE-100,2023-05-26,41148.56,40783.79,40964.54
KSE-100,2023-05-29,41649.13,41005.15,41340.06
KSE-100,2023-05-30,41693.46,41362.06,41671.65
KSE-100,2023-05-31,41852.23,41265.03,41330.56
KSE-100,2023-06-01,41481.53,41226.94,41266.77
KSE-100,2023-06-02,41403.43,41237.41,41352.98
KSE-100,2023-06-05,41681.68,41375.57,41667.94
KSE-100,2023-06-06,42026.94,41751.2,41923.46
KSE-100,2023-06-07,42231.63,41924.48,42142.71
KSE-100,2023-06-08,42307.11,41648.83,41686.46
KSE-100,2023-06-09,41931.82,41677.14,41904.2
KSE-100,2023-06-12,42029.14,41715.31,41782.92
KSE-100,2023-06-13,42025.53,41522.63,41538.72
KSE-100,2023-06-14,41744.43,41448.61,41514.44
KSE-100,2023-06-15,41639.33,41269.12,41369.16
KSE-100,2023-06-16,41612.67,41280.16,41301.29
KSE-100,2023-06-19,41484.32,40610.27,40621.21
KSE-100,2023-06-20,40739.97,40507.18,40653.03
KSE-100,2023-06-21,40804.87,40191.24,40220.79
KSE-100,2023-06-22,40378.59,40091.38,40152.05
KSE-100,2023-06-23,40235.57,39894.42,40065.32
KSE-100,2023-06-26,41491.87,40334.05,41437.1
KSE-100,2023-06-27,41606.25,41208.19,41452.68
KSE-100,2023-07-03,43933.94,43404.69,43899.0
KSE-100,2023-07-04,44511.52,43488.37,43557.01
KSE-100,2023-07-05,44041.26,43464.06,43552.83
KSE-100,2023-07-06,44212.77,43550.14,44178.85
KSE-100,2023-07-07,44293.51,44086.74,44207.31
KSE-100,2023-07-10,44601.78,44260.1,44585.12
KSE-100,2023-07-11,45250.48,44691.46,45155.79
KSE-100,2023-07-12,45582.3,45200.35,45514.95
KSE-100,2023-07-13,45970.99,45255.58,45266.96
KSE-100,2023-07-14,45488.45,45043.17,45067.98
KSE-100,2023-07-17,45283.3,45013.98,45042.61
KSE-100,2023-07-18,45240.21,44848.39,45009.33
KSE-100,2023-07-19,45227.49,44928.02,45095.11
KSE-100,2023-07-20,45451.64,45067.95,45398.31
KSE-100,2023-07-21,46122.16,45391.55,45920.73
KSE-100,2023-07-24,46195.7,45872.67,46054.81
KSE-100,2023-07-25,46540.87,46019.63,46417.34
KSE-100,2023-07-26,46724.57,46499.36,46682.52
KSE-100,2023-07-27,47393.47,46779.74,47076.99
KSE-100,2023-07-31,48126.5,47372.54,48034.59
KSE-100,2023-08-01,48441.84,47998.26,48230.5
KSE-100,2023-08-02,48852.05,48178.88,48764.55
KSE-100,2023-08-03,49404.5,48541.34,48611.18
KSE-100,2023-08-04,48840.27,48427.99,48585.71
KSE-100,2023-08-07,49034.92,48276.54,48386.25
KSE-100,2023-08-08,48415.46,47335.32,47429.82
KSE-100,2023-08-09,48334.53,47262.37,48227.6
KSE-100,2023-08-10,48622.9,47626.74,47808.34
KSE-100,2023-08-11,48898.82,47968.51,48424.4
KSE-100,2023-08-15,48794.12,48293.02,48565.75
KSE-100,2023-08-16,48614.47,48108.87,48146.43
KSE-100,2023-08-17,48397.37,47893.71,48325.84
KSE-100,2023-08-18,48615.14,48196.18,48218.49
KSE-100,2023-08-21,48234.25,47432.71,47447.95
KSE-100,2023-08-22,47675.21,47359.17,47417.9
KSE-100,2023-08-23,47588.23,47007.65,47418.63
KSE-100,2023-08-24,47994.18,47463.68,47750.76
KSE-100,2023-08-25,47853.55,47570.31,47671.21
KSE-100,2023-08-28,47733.5,47399.27,47478.61
KSE-100,2023-08-29,47372.08,46598.23,46770.41
KSE-100,2023-08-30,46857.88,46101.33,46244.55
KSE-100,2023-08-31,46358.01,44459.62,45002.41
KSE-100,2023-09-01,45358.28,44795.81,45312.65
KSE-100,2023-09-04,45788.74,45448.02,45707.42
KSE-100,2023-09-05,45950.68,45416.99,45491.48
KSE-100,2023-09-06,45854.18,45460.28,45807.57
KSE-100,2023-09-07,46035.81,45703.53,45757.23
KSE-100,2023-09-08,46077.38,45728.89,46013.48
KSE-100,2023-09-11,46174.68,45678.15,45865.73
KSE-100,2023-09-12,45902.72,45468.27,45508.39
KSE-100,2023-09-13,45732.72,45500.21,45590.92
KSE-100,2023-09-14,45776.96,45581.48,45650.05
KSE-100,2023-09-15,46093.01,45700.65,45753.51
KSE-100,2023-09-18,45907.08,45662.7,45803.19
KSE-100,2023-09-19,46036.03,45850.2,45910.46
KSE-100,2023-09-20,46035.09,45808.1,45889.57
KSE-100,2023-09-21,46309.8,45733.44,46202.12
KSE-100,2023-09-22,46500.45,46181.99,46421.15
KSE-100,2023-09-25,46590.26,46305.88,46393.67
KSE-100,2023-09-26,46503.82,46258.96,46277.65
KSE-100,2023-09-27,46448.33,46238.12,46365.04
KSE-100,2023-09-28,46469.59,46177.49,46232.59
KSE-100,2023-10-02,46704.63,46294.62,46627.08
KSE-100,2023-10-03,46820.71,46670.78,46756.8
KSE-100,2023-10-04,47199.5,46748.79,47079.83
KSE-100,2023-10-05,47484.56,47152.98,47452.38
KSE-100,2023-10-06,47619.25,47402.57,47493.57
KSE-100,2023-10-09,47775.72,47217.74,47721.79
KSE-100,2023-10-10,48166.36,47708.11,48140.27
KSE-100,2023-10-11,48516.64,48208.3,48474.54
KSE-100,2023-10-12,48830.26,48359.37,48771.71
KSE-100,2023-10-13,49520.37,48767.59,49493.47
KSE-100,2023-10-16,49919.03,49317.59,49731.35
KSE-100,2023-10-17,50017.45,49508.41,49531.01
KSE-100,2023-10-18,49740.97,49383.71,49431.47
KSE-100,2023-10-19,50399.92,49436.92,50365.15
KSE-100,2023-10-20,50952.67,50332.75,50731.86
KSE-100,2023-10-23,51419.86,50924.37,51070.82
KSE-100,2023-10-24,51121.92,50624.38,51027.94
KSE-100,2023-10-25,51483.84,51023.31,51177.13
KSE-100,2023-10-26,51520.68,51140.64,51185.28
KSE-100,2023-10-27,51269.73,50834.72,50943.83
KSE-100,2023-10-30,51501.82,50971.84,51482.92
KSE-100,2023-10-31,52088.7,51508.57,51920.27
KSE-100,2023-11-01,52451.2,52075.16,52342.63
KSE-100,2023-11-02,52706.0,52239.58,52656.76
KSE-100,2023-11-03,53263.07,52782.21,53123.03
KSE-100,2023-11-06,53944.89,53166.85,53860.36
KSE-100,2023-11-07,54312.89,53711.46,53735.73
KSE-100,2023-11-08,54419.65,53720.45,54261.42
KSE-100,2023-11-10,55506.32,54371.74,55391.36
KSE-100,2023-11-13,56583.59,55644.67,56523.58
KSE-100,2023-11-14,56873.98,56118.17,56665.93
KSE-100,2023-11-15,56846.67,56433.04,56680.06
KSE-100,2023-11-16,57549.26,56531.53,57397.02
KSE-100,2023-11-17,57750.92,56977.02,57063.15
KSE-100,2023-11-20,57309.26,56738.39,57077.96
KSE-100,2023-11-21,57691.22,57176.45,57371.58
KSE-100,2023-11-22,58405.92,57418.5,58198.76
KSE-100,2023-11-23,58405.92,57418.5,58198.76
KSE-100,2023-11-24,59502.28,58990.21,59086.35
KSE-100,2023-11-27,59896.08,58999.3,59811.34
KSE-100,2023-11-28,60845.6,60023.85,60730.26
KSE-100,2023-11-29,61555.83,60328.17,60501.99
KSE-100,2023-11-30,60981.67,60428.13,60531.27
KSE-100,2023-12-01,61779.72,60576.41,61691.25
KSE-100,2023-12-04,62912.61,62061.56,62493.05
KSE-100,2023-12-05,63036.51,62215.18,62956.02
KSE-100,2023-12-06,64038.83,63188.71,63917.72
KSE-100,2023-12-07,64958.1,63853.04,64718.07
KSE-100,2023-12-08,66273.73,65055.17,66223.63
KSE-100,2023-12-11,66564.04,65128.99,66012.32
KSE-100,2023-12-12,66604.04,66121.13,66426.78
KSE-100,2023-12-13,67093.96,64427.38,65280.16
KSE-100,2023-12-14,65622.55,64437.69,65450.18
KSE-100,2023-12-15,66346.76,65559.48,66130.02
KSE-100,2023-12-18,66586.61,65064.94,65204.67
KSE-100,2023-12-19,65132.03,62360.78,62833.03
KSE-100,2023-12-20,63261.05,61082.5,62448.01
KSE-100,2023-12-21,62850.09,61750.97,62693.56
KSE-100,2023-12-22,62995.21,61569.13,61705.09
KSE-100,2023-12-26,61634.55,59026.81,59170.97
KSE-100,2023-12-27,61009.87,58758.48,60863.62
KSE-100,2023-12-28,62750.77,61092.27,62052.23
KSE-100,2023-12-29,62644.38,61807.54,62451.04
KSE-100,2024-01-01,64718.88,62672.96,64661.78
KSE-30,2024-01-01,21641.04,20849.0,21616.13
KSE-ALL,2024-01-01,43255.67,42059.45,43244.73
KSE-MI30,2024-01-01,109247.51,105259.97,109141.49
KSE-MIALL,2024-01-01,31719.72,30802.59,31694.06
KSE-100,2024-01-02,65333.69,64213.62,64349.6
KSE-30,2024-01-02,21890.47,21512.4,21566.93
KSE-ALL,2024-01-02,43623.03,42874.62,42991.53
KSE-MI30,2024-01-02,110669.58,108469.64,108760.72
KSE-MIALL,2024-01-02,32049.81,31448.24,31542.93
KSE-100,2024-01-03,65244.6,64219.54,64646.84
KSE-30,2024-01-03,21837.26,21494.28,21634.4
KSE-ALL,2024-01-03,43565.88,42951.42,43299.67
KSE-MI30,2024-01-03,110116.14,108184.98,108907.97
KSE-MIALL,2024-01-03,31986.0,31498.75,31732.02
KSE-100,2024-01-04,64936.75,64098.1,64639.15
KSE-30,2024-01-04,21747.66,21452.82,21637.42
KSE-ALL,2024-01-04,43422.38,42928.87,43308.85
KSE-MI30,2024-01-04,109421.53,107871.83,108957.25
KSE-MIALL,2024-01-04,31814.61,31403.7,31706.33
KSE-100,2024-01-05,65077.47,63757.95,64514.89
KSE-30,2024-01-05,21766.01,21270.49,21545.03
KSE-ALL,2024-01-05,43585.76,42836.89,43366.59
KSE-MI30,2024-01-05,109780.22,106930.06,108509.13
KSE-MIALL,2024-01-05,31999.82,31375.9,31819.48
KSE-100,2024-01-08,65069.43,64183.52,64237.02
KSE-30,2024-01-08,21762.11,21451.44,21472.63
KSE-ALL,2024-01-08,43582.4,43073.3,43116.34
KSE-MI30,2024-01-08,109849.36,108232.35,108370.31
KSE-MIALL,2024-01-08,32021.93,31590.27,31639.59
KSE-100,2024-01-09,64786.35,63878.21,64170.57
KSE-30,2024-01-09,21662.26,21361.67,21455.71
KSE-ALL,2024-01-09,43452.64,42914.69,43134.62
KSE-MI30,2024-01-09,109442.13,107675.0,108248.02
KSE-MIALL,2024-01-09,31904.49,31481.1,31653.0
KSE-100,2024-01-10,64550.94,63873.63,63919.84
KSE-30,2024-01-10,21587.72,21315.62,21340.87
KSE-ALL,2024-01-10,43531.77,43126.49,43192.36
KSE-MI30,2024-01-10,109138.27,107588.06,107681.07
KSE-MIALL,2024-01-10,31937.81,31551.24,31577.87
KSE-100,2024-01-11,64700.97,63914.94,64617.56
KSE-30,2024-01-11,21628.1,21337.54,21579.52
KSE-ALL,2024-01-11,43754.03,43244.29,43710.67
KSE-MI30,2024-01-11,109467.9,107779.83,109161.38
KSE-MIALL,2024-01-11,32092.26,31632.63,32045.5
KSE-100,2024-01-12,65356.85,64491.08,64637.63
KSE-30,2024-01-12,21857.33,21570.14,21630.85
KSE-ALL,2024-01-12,44160.15,43643.62,43740.13
KSE-MI30,2024-01-12,110787.68,108970.26,109345.68
KSE-MIALL,2024-01-12,32419.22,31967.03,32061.29
KSE-100,2024-01-15,65173.87,64130.95,64269.37
KSE-30,2024-01-15,21850.61,21498.74,21548.41
KSE-ALL,2024-01-15,44112.64,43363.12,43443.49
KSE-MI30,2024-01-15,110667.14,108490.06,108798.02
KSE-MIALL,2024-01-15,32400.65,31756.96,31840.89
KSE-100,2024-01-16,64246.67,63397.94,63737.46
KSE-30,2024-01-16,21541.0,21230.44,21355.91
KSE-ALL,2024-01-16,43406.27,42912.03,43173.71
KSE-MI30,2024-01-16,108706.57,106796.82,107455.97
KSE-MIALL,2024-01-16,31785.37,31355.85,31501.11
KSE-100,2024-01-17,64043.86,63290.18,63567.33
KSE-30,2024-01-17,21500.97,21218.05,21354.24
KSE-ALL,2024-01-17,43345.41,42919.26,43068.52
KSE-MI30,2024-01-17,108264.98,106348.0,107217.58
KSE-MIALL,2024-01-17,31619.47,31190.78,31331.12
KSE-100,2024-01-18,63579.96,62528.55,63202.4
KSE-30,2024-01-18,21371.12,20998.19,21240.42
KSE-ALL,2024-01-18,43082.02,42460.46,42813.54
KSE-MI30,2024-01-18,107236.85,105238.12,106404.19
KSE-MIALL,2024-01-18,31307.59,30791.62,31082.93
KSE-100,2024-01-19,63911.85,63214.86,63282.22
KSE-30,2024-01-19,21504.19,21248.8,21275.2
KSE-ALL,2024-01-19,43235.42,42775.84,42859.42
KSE-MI30,2024-01-19,107810.89,106340.19,106569.45
KSE-MIALL,2024-01-19,31429.76,31028.09,31120.12
KSE-100,2024-01-22,64090.88,63139.72,63939.41
KSE-30,2024-01-22,21661.94,21239.96,21601.25
KSE-ALL,2024-01-22,43296.43,42747.63,43217.9
KSE-MI30,2024-01-22,108686.78,106136.58,108352.99
KSE-MIALL,2024-01-22,31561.85,31050.34,31492.65
KSE-100,2024-01-23,64658.17,63549.6,64454.22
KSE-30,2024-01-23,21843.27,21430.96,21752.2
KSE-ALL,2024-01-23,43609.14,42956.06,43461.62
KSE-MI30,2024-01-23,109507.55,107084.15,108947.7
KSE-MIALL,2024-01-23,31850.42,31229.55,31706.05
KSE-100,2024-01-24,65063.08,64460.94,64822.43
KSE-30,2024-01-24,22014.47,21763.24,21906.8
KSE-ALL,2024-01-24,43852.53,43414.45,43789.81
KSE-MI30,2024-01-24,110622.36,108911.98,109938.32
KSE-MIALL,2024-01-24,32115.7,31687.59,32036.91
KSE-100,2024-01-25,65213.61,64180.44,64298.0
KSE-30,2024-01-25,22062.6,21661.68,21698.78
KSE-ALL,2024-01-25,43954.47,43301.81,43382.42
KSE-MI30,2024-01-25,110878.91,108409.34,108696.34
KSE-MIALL,2024-01-25,32238.16,31567.22,31641.01
KSE-100,2024-01-26,64534.29,63743.4,63813.06
KSE-30,2024-01-26,21797.53,21501.86,21534.16
KSE-ALL,2024-01-26,43545.86,43144.0,43213.1
KSE-MI30,2024-01-26,109199.88,107851.82,108080.89
KSE-MIALL,2024-01-26,31815.61,31479.17,31537.38
KSE-100,2024-01-29,63792.84,62717.71,62773.72
KSE-30,2024-01-29,21520.74,21111.49,21145.81
KSE-ALL,2024-01-29,43211.1,42625.41,42677.44
KSE-MI30,2024-01-29,107969.31,105346.27,105593.63
KSE-MIALL,2024-01-29,31509.98,30959.14,31015.63
KSE-100,2024-01-30,63074.5,61637.62,61841.74
KSE-30,2024-01-30,21306.49,20763.24,20873.38
KSE-ALL,2024-01-30,42784.87,41811.55,41909.11
KSE-MI30,2024-01-30,106284.89,102944.04,103546.71
KSE-MIALL,2024-01-30,31091.9,30233.85,30338.27
KSE-100,2024-01-31,62600.12,61896.0,61979.18
KSE-30,2024-01-31,21178.3,20922.99,20954.32
KSE-ALL,2024-01-31,42248.88,41823.01,41892.67
KSE-MI30,2024-01-31,104879.9,103591.9,103712.88
KSE-MIALL,2024-01-31,30609.19,30235.94,30289.77
KSE-100,2024-02-01,62480.23,61764.69,62393.73
KSE-30,2024-02-01,21181.23,20880.0,21149.56
KSE-ALL,2024-02-01,42147.5,41661.25,42102.13
KSE-MI30,2024-02-01,105290.49,103280.04,105044.76
KSE-MIALL,2024-02-01,30654.26,30204.76,30601.61
KSE-100,2024-02-02,63075.3,62448.72,63002.91
KSE-30,2024-02-02,21347.6,21099.88,21327.87
KSE-ALL,2024-02-02,42631.8,42112.48,42577.29
KSE-MI30,2024-02-02,106550.26,104961.23,106363.14
KSE-MIALL,2024-02-02,31021.96,30606.5,30952.77
KSE-100,2024-02-06,63885.09,63176.96,63799.01
KSE-30,2024-02-06,21666.96,21399.73,21600.17
KSE-ALL,2024-02-06,43190.46,42676.76,43147.97
KSE-MI30,2024-02-06,108288.28,106766.08,108088.48
KSE-MIALL,2024-02-06,31517.4,31056.54,31471.37
KSE-100,2024-02-07,64196.61,63927.28,64143.87
KSE-30,2024-02-07,21734.27,21632.46,21711.6
KSE-ALL,2024-02-07,43378.23,43194.83,43314.0
KSE-MI30,2024-02-07,108918.98,108222.31,108668.27
KSE-MIALL,2024-02-07,31654.08,31479.22,31588.42
KSE-100,2024-02-09,63305.7,61781.76,62943.74
KSE-30,2024-02-09,21429.34,20763.26,21288.25
KSE-ALL,2024-02-09,42863.81,41986.0,42581.61
KSE-MI30,2024-02-09,106896.39,103175.52,106189.74
KSE-MIALL,2024-02-09,999999.99,30421.67,999999.99
KSE-100,2024-02-12,62634.37,60647.67,61065.31
KSE-30,2024-02-12,21140.57,20464.56,20637.53
KSE-ALL,2024-02-12,42394.47,41182.4,41355.32
KSE-MI30,2024-02-12,105319.97,101213.37,102029.14
KSE-MIALL,2024-02-12,30767.19,29759.13,29903.93
KSE-100,2024-02-13,61654.65,59613.17,61226.92
KSE-30,2024-02-13,20849.2,20064.13,20685.11
KSE-ALL,2024-02-13,41571.2,40400.55,41290.8
KSE-MI30,2024-02-13,102875.49,98513.6,101825.8
KSE-MIALL,2024-02-13,30014.32,29032.61,29796.64
KSE-100,2024-02-14,62432.25,61635.61,62153.84
KSE-30,2024-02-14,21092.31,20795.39,20954.7
KSE-ALL,2024-02-14,42025.31,41514.94,41876.85
KSE-MI30,2024-02-14,104369.55,102416.35,103461.54
KSE-MIALL,2024-02-14,30390.23,29918.54,30254.21
KSE-100,2024-02-15,62394.25,60926.85,61020.05
KSE-30,2024-02-15,21007.15,20442.5,20481.41
KSE-ALL,2024-02-15,42010.53,41112.71,41163.53
KSE-MI30,2024-02-15,104085.95,100705.34,100991.95
KSE-MIALL,2024-02-15,30379.05,29605.98,29671.9
KSE-100,2024-02-16,59872.96,59739.46,59872.96
KSE-30,2024-02-16,20567.03,20034.23,20099.31
KSE-ALL,2024-02-16,41242.2,40325.42,40386.78
KSE-MI30,2024-02-16,101403.06,98167.51,98505.7
KSE-MIALL,2024-02-16,29735.25,28984.75,29042.42
KSE-100,2024-02-19,60504.48,59191.85,60459.74
KSE-30,2024-02-19,20364.8,19843.45,20346.85
KSE-ALL,2024-02-19,40841.55,39953.72,40792.93
KSE-MI30,2024-02-19,100577.42,97029.54,100424.88
KSE-MIALL,2024-02-19,29445.16,28656.64,29398.38
KSE-100,2024-02-20,61237.51,60420.83,60464.24
KSE-30,2024-02-20,20599.56,20271.19,20297.59
KSE-ALL,2024-02-20,41218.55,40736.57,40736.57
KSE-MI30,2024-02-20,102045.53,100027.86,100283.89
KSE-MIALL,2024-02-20,29788.2,29286.79,29286.79
KSE-100,2024-02-21,61620.85,60906.97,61559.15
KSE-30,2024-02-21,20737.87,20489.08,20718.47
KSE-ALL,2024-02-21,41422.97,40946.02,41390.48
KSE-MI30,2024-02-21,102780.04,101384.85,102665.48
KSE-MIALL,2024-02-21,29848.15,29503.9,29824.43
KSE-100,2024-02-22,61952.09,61460.44,61914.34
KSE-30,2024-02-22,20867.04,20621.3,20850.77
KSE-ALL,2024-02-22,41516.04,41304.51,41491.87
KSE-MI30,2024-02-22,103663.98,102382.44,103509.96
KSE-MIALL,2024-02-22,29982.4,29781.62,29955.09
KSE-100,2024-02-23,62945.36,61849.67,62815.81
KSE-30,2024-02-23,21182.4,20765.59,21133.5
KSE-ALL,2024-02-23,42180.62,41509.57,42128.99
KSE-MI30,2024-02-23,105538.89,103363.54,105228.72
KSE-MIALL,2024-02-23,30507.77,29972.1,30461.43
KSE-100,2024-02-26,63305.93,62915.39,63305.93
KSE-30,2024-02-26,21460.86,21150.06,21296.22
KSE-ALL,2024-02-26,42653.0,42209.5,42361.02
KSE-MI30,2024-02-26,107070.86,105335.01,105969.24
KSE-MIALL,2024-02-26,30557.16,30525.71,30557.16
KSE-100,2024-02-27,63622.0,63055.64,63219.09
KSE-30,2024-02-27,21410.05,21205.27,21305.81
KSE-ALL,2024-02-27,42550.8,42150.11,42193.07
KSE-MI30,2024-02-27,106506.88,105317.57,105612.26
KSE-MIALL,2024-02-27,30745.36,30372.52,30444.73
KSE-100,2024-02-28,63929.57,63042.14,63703.44
KSE-30,2024-02-28,21563.19,21230.2,21507.93
KSE-ALL,2024-02-28,42619.11,42116.88,42453.07
KSE-MI30,2024-02-28,107295.88,105455.36,106879.31
KSE-MIALL,2024-02-28,30829.35,30404.84,30696.06
KSE-100,2024-02-29,64801.63,63827.25,64578.52
KSE-30,2024-02-29,21968.35,21553.59,21889.08
KSE-ALL,2024-02-29,42905.12,42522.44,42840.89
KSE-MI30,2024-02-29,109276.43,107222.13,108852.28
KSE-MIALL,2024-02-29,31124.36,30754.54,30996.95
KSE-100,2024-03-01,65486.45,64530.2,65325.68
KSE-30,2024-03-01,22202.51,21876.22,22145.66
KSE-ALL,2024-03-01,43377.13,42833.81,43268.94
KSE-MI30,2024-03-01,110506.34,108658.77,110094.91
KSE-MIALL,2024-03-01,31371.66,30939.86,31261.35
KSE-100,2024-03-04,66007.43,65532.58,65951.72
KSE-30,2024-03-04,22443.78,22248.19,22417.21
KSE-ALL,2024-03-04,43721.94,43440.11,43689.05
KSE-MI30,2024-03-04,112274.38,111034.64,112054.47
KSE-MIALL,2024-03-04,31734.37,31454.33,31691.7
KSE-100,2024-03-05,66134.84,65500.06,65726.04
KSE-30,2024-03-05,22461.25,22208.66,22285.03
KSE-ALL,2024-03-05,43842.63,43366.84,43423.66
KSE-MI30,2024-03-05,112495.26,110671.29,111281.23
KSE-MIALL,2024-03-05,31797.9,31332.15,31398.14
KSE-100,2024-03-06,66150.94,65603.88,65656.62
KSE-30,2024-03-06,22410.82,22206.96,22226.36
KSE-ALL,2024-03-06,43773.41,43422.69,43454.19
KSE-MI30,2024-03-06,112136.05,110849.39,110951.52
KSE-MIALL,2024-03-06,31740.13,31405.63,31453.48
KSE-100,2024-03-07,65874.15,65187.68,65603.08
KSE-30,2024-03-07,22236.17,21966.6,22113.39
KSE-ALL,2024-03-07,43600.64,43122.83,43469.5
KSE-MI30,2024-03-07,111471.58,110065.93,111033.67
KSE-MIALL,2024-03-07,31559.61,31159.75,31441.54
KSE-100,2024-03-08,66067.52,65693.22,65793.75
KSE-30,2024-03-08,22162.58,21990.67,22008.31
KSE-ALL,2024-03-08,43816.96,43545.37,43677.11
KSE-MI30,2024-03-08,111979.03,111187.0,111328.44
KSE-MIALL,2024-03-08,31769.98,31484.59,31603.17
KSE-100,2024-03-11,66119.34,65698.76,65755.3
KSE-30,2024-03-11,22079.34,21974.54,22011.93
KSE-ALL,2024-03-11,43895.82,43648.03,43707.91
KSE-MI30,2024-03-11,112138.98,111325.67,111499.67
KSE-MIALL,2024-03-11,31861.42,31519.09,31565.37
KSE-100,2024-03-12,65859.63,64664.66,64801.7
KSE-30,2024-03-12,22062.51,21706.81,21747.77
KSE-ALL,2024-03-12,43811.61,43015.42,43088.25
KSE-MI30,2024-03-12,111823.01,109406.45,109626.63
KSE-MIALL,2024-03-12,31627.69,30982.28,31029.08
KSE-100,2024-03-13,65043.37,63856.51,64048.44
KSE-30,2024-03-13,21773.0,21398.31,21463.97
KSE-ALL,2024-03-13,43345.25,42424.88,42559.76
KSE-MI30,2024-03-13,110176.57,107708.37,108123.43
KSE-MIALL,2024-03-13,31274.66,30503.43,30607.11
KSE-100,2024-03-14,65205.81,64079.97,65064.26
KSE-30,2024-03-14,21760.48,21412.73,21712.26
KSE-ALL,2024-03-14,43342.17,42594.04,43262.91
KSE-MI30,2024-03-14,110809.35,108182.03,110496.46
KSE-MIALL,2024-03-14,31338.56,30631.89,31259.61
KSE-100,2024-03-15,65353.66,64759.6,64816.46
KSE-30,2024-03-15,21763.23,21527.85,21556.86
KSE-ALL,2024-03-15,43498.18,43125.81,43157.01
KSE-MI30,2024-03-15,111346.4,109947.35,110060.31
KSE-MIALL,2024-03-15,31147.39,31126.92,31147.39
KSE-100,2024-03-18,65148.36,64811.92,64890.5
KSE-30,2024-03-18,21652.7,21496.25,21535.84
KSE-ALL,2024-03-18,43388.29,43074.64,43161.67
KSE-MI30,2024-03-18,110841.17,109934.05,110103.97
KSE-MIALL,2024-03-18,31300.12,31036.1,31090.7
KSE-100,2024-03-19,65624.72,64940.17,65502.59
KSE-30,2024-03-19,21776.81,21557.76,21720.92
KSE-ALL,2024-03-19,43592.36,43174.56,43528.88
KSE-MI30,2024-03-19,111133.52,110159.96,110716.93
KSE-MIALL,2024-03-19,31283.78,31024.27,31163.03
KSE-100,2024-03-20,65968.02,65614.94,65731.79
KSE-30,2024-03-20,21846.64,21708.71,21731.67
KSE-ALL,2024-03-20,43838.55,43604.19,43694.58
KSE-MI30,2024-03-20,21846.64,21708.71,21731.67
KSE-MIALL,2024-03-20,31353.73,31137.25,31189.26
KSE-100,2024-03-21,66196.23,65326.01,65417.4
KSE-30,2024-03-21,21771.85,21499.8,21534.55
KSE-ALL,2024-03-21,43973.7,43462.01,43499.91
KSE-MI30,2024-03-21,111222.28,109374.16,109591.04
KSE-MIALL,2024-03-21,31314.78,30898.25,30943.94
KSE-100,2024-03-22,65534.02,65056.65,65151.82
KSE-30,2024-03-22,21559.96,21409.23,21448.03
KSE-ALL,2024-03-22,43618.25,43193.98,43240.78
KSE-MI30,2024-03-22,109899.21,109124.18,109233.6
KSE-MIALL,2024-03-22,30983.92,30748.17,30788.58
KSE-100,2024-03-25,65656.49,65301.73,65525.64
KSE-30,2024-03-25,21637.12,21487.1,21579.0
KSE-ALL,2024-03-25,43481.81,43317.33,43433.02
KSE-MI30,2024-03-25,110456.65,109570.91,110044.86
KSE-MIALL,2024-03-25,31013.16,30846.85,30950.18
KSE-100,2024-03-26,65989.54,65492.7,65906.27
KSE-30,2024-03-26,21737.08,21564.8,21707.84
KSE-ALL,2024-03-26,43739.16,43371.75,43648.31
KSE-MI30,2024-03-26,110810.31,110016.67,110660.72
KSE-MIALL,2024-03-26,31183.42,30942.47,31137.46
KSE-100,2024-03-27,66607.87,66003.43,66547.78
KSE-30,2024-03-27,21943.28,21731.57,21914.86
KSE-ALL,2024-03-27,44121.65,43796.36,44075.12
KSE-MI30,2024-03-27,111838.4,110801.89,111665.61
KSE-MIALL,2024-03-27,31378.28,31173.23,31338.75
KSE-100,2024-03-28,67246.02,66690.94,67142.12
KSE-30,2024-03-28,22139.85,21946.91,22089.99
KSE-ALL,2024-03-28,44503.21,44209.08,44470.32
KSE-MI30,2024-03-28,112859.11,111856.01,112585.16
KSE-MIALL,2024-03-28,31609.9,31396.33,31555.72
KSE-100,2024-03-29,67307.63,66822.42,67005.1
KSE-30,2024-03-29,22130.09,21998.53,22021.46
KSE-ALL,2024-03-29,44650.92,44338.53,44562.88
KSE-MI30,2024-03-29,112839.12,112096.75,112364.0
KSE-MIALL,2024-03-29,31624.16,31453.02,31562.81
KSE-100,2024-04-01,67304.36,66740.91,66796.32
KSE-30,2024-04-01,22136.47,21944.42,21972.75
KSE-ALL,2024-04-01,44723.95,44330.45,44369.74
KSE-MI30,2024-04-01,113063.48,111734.1,111929.81
KSE-MIALL,2024-04-01,31704.9,31399.99,31439.77
KSE-100,2024-04-02,66959.54,66573.63,66886.26
KSE-30,2024-04-02,22005.43,21902.56,21967.72
KSE-ALL,2024-04-02,44358.0,44124.18,44302.85
KSE-MI30,2024-04-02,112042.28,111356.48,111635.61
KSE-MIALL,2024-04-02,31467.84,31334.24,31408.52
KSE-100,2024-04-03,67873.21,66985.01,67756.03
KSE-30,2024-04-03,22293.69,21962.5,22251.42
KSE-ALL,2024-04-03,44650.4,44322.54,44591.5
KSE-MI30,2024-04-03,114108.3,111740.86,113859.04
KSE-MIALL,2024-04-03,31765.62,31436.11,31733.62
KSE-100,2024-04-04,68439.37,67912.35,68416.78
KSE-30,2024-04-04,22466.27,22299.29,22438.44
KSE-ALL,2024-04-04,45050.37,44697.16,45036.46
KSE-MI30,2024-04-04,115321.7,114236.22,114970.56
KSE-MIALL,2024-04-04,32106.18,31899.0,32049.42
KSE-100,2024-04-08,69720.03,68710.49,69619.98
KSE-30,2024-04-08,22946.23,22506.69,22910.8
KSE-ALL,2024-04-08,45742.79,45182.59,45697.19
KSE-MI30,2024-04-08,117112.7,115556.54,116883.91
KSE-MIALL,2024-04-08,32498.53,32203.42,32472.09
KSE-100,2024-04-09,70677.29,69857.14,70314.71
KSE-30,2024-04-09,23333.56,22997.5,23132.29
KSE-ALL,2024-04-09,46180.93,45822.8,46041.98
KSE-MI30,2024-04-09,118695.85,117341.22,117981.97
KSE-MIALL,2024-04-09,32784.96,32527.92,32667.65
KSE-100,2024-04-15,70608.88,69914.1,70544.58
KSE-30,2024-04-15,23230.12,22995.04,23191.08
KSE-ALL,2024-04-15,46401.64,45897.66,46350.04
KSE-MI30,2024-04-15,118787.45,117566.11,118563.24
KSE-MIALL,2024-04-15,32932.29,32585.66,32874.7
KSE-100,2024-04-16,71092.61,70405.24,70483.66
KSE-30,2024-04-16,23398.51,23173.55,23202.55
KSE-ALL,2024-04-16,46777.51,46240.2,46296.9
KSE-MI30,2024-04-16,119620.64,118081.07,118234.97
KSE-MIALL,2024-04-16,33171.69,32821.61,32854.46
KSE-100,2024-04-17,70725.49,70037.28,70333.31
KSE-30,2024-04-17,23289.38,23045.95,23120.58
KSE-ALL,2024-04-17,46411.4,46072.76,46232.99
KSE-MI30,2024-04-17,118326.67,117391.93,117599.93
KSE-MIALL,2024-04-17,32884.95,32698.8,32752.1
KSE-100,2024-04-18,70645.29,69783.31,70290.11
KSE-30,2024-04-18,23225.11,22904.88,23093.81
KSE-ALL,2024-04-18,46417.09,45927.09,46207.85
KSE-MI30,2024-04-18,118354.76,116464.94,117354.59
KSE-MIALL,2024-04-18,32968.77,32557.69,32723.86
KSE-100,2024-04-19,70909.9,70186.93,70909.9
KSE-30,2024-04-19,23393.37,23058.96,23376.56
KSE-ALL,2024-04-19,46573.61,46105.95,46547.23
KSE-MI30,2024-04-19,118779.96,117247.44,118572.72
KSE-MIALL,2024-04-19,33051.26,32695.54,33022.39
KSE-100,2024-04-22,71861.18,70882.44,71433.46
KSE-30,2024-04-22,23719.44,23370.89,23566.35
KSE-ALL,2024-04-22,47229.51,46546.76,46964.65
KSE-MI30,2024-04-22,120296.08,118394.09,119598.01
KSE-MIALL,2024-04-22,33568.39,32986.14,33365.57
KSE-100,2024-04-23,71846.63,71338.42,71359.4
KSE-30,2024-04-23,23685.34,23534.69,23566.85
KSE-ALL,2024-04-23,47130.64,46836.86,46865.87
KSE-MI30,2024-04-23,120645.96,119552.66,119675.93
KSE-MIALL,2024-04-23,33523.94,33318.56,33318.56
KSE-100,2024-04-24,72414.32,71467.01,72051.89
KSE-30,2024-04-24,23944.84,23586.58,23807.81
KSE-ALL,2024-04-24,47375.81,46960.12,47172.81
KSE-MI30,2024-04-24,121905.06,119802.31,121162.45
KSE-MIALL,2024-04-24,72414.32,71467.01,72051.89
KSE-100,2024-04-25,72593.25,71700.53,71971.4
KSE-30,2024-04-25,23911.8,23630.37,23749.04
KSE-ALL,2024-04-25,47464.49,47022.83,47174.95
KSE-MI30,2024-04-25,122036.65,120348.14,120902.95
KSE-MIALL,2024-04-25,33911.61,33542.23,33699.44
KSE-100,2024-04-26,72862.41,71764.18,72742.74
KSE-30,2024-04-26,24069.71,23676.58,24033.86
KSE-ALL,2024-04-26,47721.89,47040.08,47489.46
KSE-MI30,2024-04-26,122624.62,120539.93,122414.84
KSE-MIALL,2024-04-26,34120.81,33623.22,34003.27
KSE-100,2024-04-29,73300.75,71602.94,71695.03
KSE-30,2024-04-29,24117.04,23494.83,23542.0
KSE-ALL,2024-04-29,47750.13,46854.76,46910.54
KSE-MI30,2024-04-29,123677.23,120042.95,120262.62
KSE-MIALL,2024-04-29,34219.62,33519.16,33545.52
KSE-100,2024-04-30,72119.65,71059.62,71102.54
KSE-30,2024-04-30,23730.85,23378.1,23394.65
KSE-ALL,2024-04-30,47278.09,46538.65,46554.23
KSE-MI30,2024-04-30,121454.52,119318.97,119444.79
KSE-MIALL,2024-04-30,33864.99,33250.69,33272.38
KSE-100,2024-05-02,71292.83,70562.12,70657.64
KSE-30,2024-05-02,23455.24,23212.77,23234.08
KSE-ALL,2024-05-02,46626.65,46073.35,46150.31
KSE-MI30,2024-05-02,120178.79,118657.72,118759.78
KSE-MIALL,2024-05-02,33407.14,33014.11,33049.28
KSE-100,2024-05-03,71986.43,70671.71,71902.09
KSE-30,2024-05-03,23628.97,23138.85,23594.85
KSE-ALL,2024-05-03,46973.63,46190.08,46919.98
KSE-MI30,2024-05-03,121496.65,118979.86,121311.73
KSE-MIALL,2024-05-03,33768.83,33120.57,33716.11
KSE-100,2024-05-06,73060.74,72462.49,72764.24
KSE-30,2024-05-06,23906.01,23737.64,23775.44
KSE-ALL,2024-05-06,47537.52,47235.79,47351.15
KSE-MI30,2024-05-06,122928.67,122010.48,122160.02
KSE-MIALL,2024-05-06,34132.45,33893.69,33965.5
KSE-100,2024-05-07,73260.08,72707.95,72761.19
KSE-30,2024-05-07,23817.71,23601.16,23625.13
KSE-ALL,2024-05-07,47516.37,47221.25,47235.67
KSE-MI30,2024-05-07,122657.69,121241.55,121370.91
KSE-MIALL,2024-05-07,34078.03,33770.81,33787.98
KSE-100,2024-05-08,73079.18,72358.19,72601.81
KSE-30,2024-05-08,23658.39,23450.82,23538.52
KSE-ALL,2024-05-08,47434.73,46917.71,47102.38
KSE-MI30,2024-05-08,121943.21,120673.9,121056.36
KSE-MIALL,2024-05-08,33953.48,33592.12,33706.39
KSE-100,2024-05-09,72889.78,72325.34,72658.05
KSE-30,2024-05-09,23514.01,23328.78,23382.67
KSE-ALL,2024-05-09,47317.74,47048.77,47272.21
KSE-MI30,2024-05-09,121658.9,120663.44,120967.96
KSE-MIALL,2024-05-09,33886.57,33650.24,33819.31
KSE-100,2024-05-10,73449.37,72876.83,73085.5
KSE-30,2024-05-10,23614.76,23414.91,23427.18
KSE-ALL,2024-05-10,47665.26,47425.75,47546.54
KSE-MI30,2024-05-10,122640.4,121271.33,121447.49
KSE-MIALL,2024-05-10,34251.72,33935.91,34068.04
KSE-100,2024-05-13,74114.22,73109.76,73799.11
KSE-30,2024-05-13,23727.29,23438.45,23623.68
KSE-ALL,2024-05-13,48099.96,47590.56,47934.88
KSE-MI30,2024-05-13,123105.79,121399.07,122230.74
KSE-MIALL,2024-05-13,34528.31,34093.52,34335.5
KSE-100,2024-05-14,74575.3,73977.0,74531.19
KSE-30,2024-05-14,23978.66,23682.61,23954.42
KSE-ALL,2024-05-14,48353.69,48000.87,48311.71
KSE-MI30,2024-05-14,124059.53,122468.68,123918.62
KSE-MIALL,2024-05-14,34689.45,34384.03,34637.12
KSE-100,2024-05-15,75115.32,74440.87,74663.98
KSE-30,2024-05-15,24177.18,23949.86,24071.5
KSE-ALL,2024-05-15,48736.92,48331.7,48463.96
KSE-MI30,2024-05-15,125416.12,123635.3,123886.57
KSE-MIALL,2024-05-15,34950.61,34613.64,34673.22
KSE-100,2024-05-16,75029.03,74450.25,74930.69
KSE-30,2024-05-16,24192.2,24005.2,24145.68
KSE-ALL,2024-05-16,48674.4,48328.84,48536.94
KSE-MI30,2024-05-16,124335.87,123243.26,123495.93
KSE-MIALL,2024-05-16,34800.28,34511.74,34573.42
KSE-100,2024-05-17,75401.11,74947.71,75342.34
KSE-30,2024-05-17,24250.19,24115.0,24214.28
KSE-ALL,2024-05-17,48807.14,48569.77,48769.45
KSE-MI30,2024-05-17,124499.57,123588.39,124073.59
KSE-MIALL,2024-05-17,34853.66,34601.31,34803.01
KSE-100,2024-05-20,75618.49,74734.24,75084.0
KSE-30,2024-05-20,24295.91,24017.26,24093.67
KSE-ALL,2024-05-20,48836.45,48368.9,48646.21
KSE-MI30,2024-05-20,124471.52,122932.05,123570.71
KSE-MIALL,2024-05-20,34905.38,34500.01,34731.98
KSE-100,2024-05-21,75482.46,74958.09,75206.77
KSE-30,2024-05-21,24215.51,24020.37,24142.72
KSE-ALL,2024-05-21,48930.03,48649.57,48760.78
KSE-MI30,2024-05-21,124216.52,123348.73,123792.23
KSE-MIALL,2024-05-21,34986.35,34741.89,34822.52
KSE-100,2024-05-22,75513.89,74835.48,74956.67
KSE-30,2024-05-22,24255.68,24043.39,24083.19
KSE-ALL,2024-05-22,48878.53,48434.92,48482.72
KSE-MI30,2024-05-22,124367.83,123221.87,123474.05
KSE-MIALL,2024-05-22,34912.53,34507.78,34562.38
KSE-100,2024-05-23,75284.74,74726.06,75114.47
KSE-30,2024-05-23,24216.59,2413.97,2413.97
KSE-ALL,2024-05-23,48826.73,48393.37,48716.54
KSE-MI30,2024-05-23,124162.93,123147.33,123882.2
KSE-MIALL,2024-05-23,34779.71,34487.81,34683.57
KSE-100,2024-05-24,76248.75,75263.05,75983.03
KSE-30,2024-05-24,24512.2,24164.97,24444.81
KSE-ALL,2024-05-24,49359.67,48820.79,49204.6
KSE-MI30,2024-05-24,125620.76,124144.46,125243.69
KSE-MIALL,2024-05-24,35108.83,34744.54,34944.29
KSE-100,2024-05-27,76187.44,75485.62,75517.48
KSE-30,2024-05-27,24509.15,24268.55,24277.73
KSE-ALL,2024-05-27,49302.19,48861.47,48909.83
KSE-MI30,2024-05-27,125711.29,124483.54,124559.48
KSE-MIALL,2024-05-27,35015.43,34728.74,34745.99
KSE-100,2024-05-29,75667.3,74760.1,74836.3
KSE-30,2024-05-29,24322.51,23977.43,24004.41
KSE-ALL,2024-05-29,48945.73,48374.92,48419.47
KSE-MI30,2024-05-29,124803.07,123089.66,123313.2
KSE-MIALL,2024-05-29,34819.54,34312.55,34352.32
KSE-100,2024-05-30,75300.03,74585.35,74878.12
KSE-30,2024-05-30,24160.02,23934.7,23987.87
KSE-ALL,2024-05-30,48662.79,48193.49,48334.64
KSE-MI30,2024-05-30,124311.98,123107.85,123733.53
KSE-MIALL,2024-05-30,34529.51,34248.61,34393.86
KSE-100,2024-05-31,75953.74,74989.26,75878.47
KSE-30,2024-05-31,24384.18,24021.86,24343.06
KSE-ALL,2024-05-31,48889.19,48412.88,48828.32
KSE-MI30,2024-05-31,126014.57,123908.11,125779.86
KSE-MIALL,2024-05-31,34842.29,34453.08,34823.56
KSE-100,2024-06-03,76209.96,75495.38,75575.25
KSE-30,2024-06-03,24456.77,24198.37,24211.6
KSE-ALL,2024-06-03,49068.81,48648.17,48804.39
KSE-MI30,2024-06-03,126256.31,125004.28,125123.32
KSE-MIALL,2024-06-03,34929.85,34660.92,34765.39
KSE-100,2024-06-04,75669.76,74592.74,74666.65
KSE-30,2024-06-04,24252.16,23886.3,23918.72
KSE-ALL,2024-06-04,48877.38,48180.15,48230.94
KSE-MI30,2024-06-04,125278.32,123094.61,123364.75
KSE-MIALL,2024-06-04,34812.93,34300.65,34348.11
KSE-100,2024-06-05,74758.11,74136.52,74219.43
KSE-30,2024-06-05,23949.2,23743.92,23779.34
KSE-ALL,2024-06-05,48290.53,47962.7,47962.7
KSE-MI30,2024-06-05,123742.16,122648.54,122822.04
KSE-MIALL,2024-06-05,34389.18,34131.23,34166.91
KSE-100,2024-06-06,74593.32,73768.39,73862.93
KSE-30,2024-06-06,23942.59,23645.42,23691.26
KSE-ALL,2024-06-06,48190.17,47594.44,47670.6
KSE-MI30,2024-06-06,123711.19,122239.57,122478.74
KSE-MIALL,2024-06-06,34290.22,33877.96,33977.81
KSE-100,2024-06-07,73902.78,71781.96,73754.01
KSE-30,2024-06-07,23678.83,22913.24,23616.68
KSE-ALL,2024-06-07,47652.71,46447.31,47464.93
KSE-MI30,2024-06-07,122536.99,118599.32,122124.14
KSE-MIALL,2024-06-07,33934.07,33114.0,33828.45
KSE-100,2024-06-10,73915.45,72981.34,73252.56
KSE-30,2024-06-10,23677.0,23329.48,23400.51
KSE-ALL,2024-06-10,47535.48,47029.25,47153.83
KSE-MI30,2024-06-10,122616.28,120570.73,121006.57
KSE-MIALL,2024-06-10,33887.6,33478.35,33602.82
KSE-100,2024-06-11,73866.44,72476.05,72589.49
KSE-30,2024-06-11,23591.02,23087.29,23136.87
KSE-ALL,2024-06-11,47466.07,46598.8,46677.01
KSE-MI30,2024-06-11,122302.76,119080.36,119399.7
KSE-MIALL,2024-06-11,33913.55,33231.17,33276.93
KSE-100,2024-06-12,73169.0,72464.24,72797.43
KSE-30,2024-06-12,23354.41,23112.47,23213.31
KSE-ALL,2024-06-12,47007.83,46556.03,46834.28
KSE-MI30,2024-06-12,120633.42,119206.05,120030.03
KSE-MIALL,2024-06-12,33556.81,33219.57,33412.11
KSE-100,2024-06-13,76338.14,73329.79,76208.16
KSE-30,2024-06-13,24501.95,23433.97,24438.29
KSE-ALL,2024-06-13,48612.22,47093.79,48497.08
KSE-MI30,2024-06-13,126192.84,121139.72,125820.74
KSE-MIALL,2024-06-13,34655.53,33623.49,34609.2
KSE-100,2024-06-14,77310.45,76103.56,76706.77
KSE-30,2024-06-14,24854.99,24416.05,24698.45
KSE-ALL,2024-06-14,49010.64,48472.69,48710.97
KSE-MI30,2024-06-14,127470.11,125298.18,125735.38
KSE-MIALL,2024-06-14,34935.22,34547.88,34609.47
KSE-100,2024-06-20,78890.37,76896.81,78801.53
KSE-30,2024-06-20,25469.94,24746.39,25437.99
KSE-ALL,2024-06-20,49945.41,48824.55,49875.71
KSE-MI30,2024-06-20,127298.0,125987.87,127180.89
KSE-MIALL,2024-06-20,35178.65,34706.12,35147.44
KSE-100,2024-06-21,80059.87,78169.02,78810.49
KSE-30,2024-06-21,25918.6,25169.81,25473.55
KSE-ALL,2024-06-21,50468.5,49585.79,49817.94
KSE-MI30,2024-06-21,128465.34,125053.54,126778.6
KSE-MIALL,2024-06-21,35384.84,34788.47,34961.6
KSE-100,2024-06-24,79388.11,78167.43,78232.09
KSE-30,2024-06-24,25706.86,25273.78,25304.02
KSE-ALL,2024-06-24,49997.72,49395.96,49395.96
KSE-MI30,2024-06-24,127920.32,126053.69,126237.79
KSE-MIALL,2024-06-24,35073.73,34639.94,34670.5
KSE-100,2024-06-25,78541.21,77908.98,77940.58
KSE-30,2024-06-25,25415.05,25167.83,25187.03
KSE-ALL,2024-06-25,49520.6,49192.44,49247.06
KSE-MI30,2024-06-25,126842.99,125979.36,126183.2
KSE-MIALL,2024-06-25,34743.51,34544.18,34656.62
KSE-100,2024-06-26,78679.49,77968.9,78275.64
KSE-30,2024-06-26,25500.83,25195.83,25381.36
KSE-ALL,2024-06-26,49576.93,49094.19,49314.22
KSE-MI30,2024-06-26,127494.28,126154.51,126331.93
KSE-MIALL,2024-06-26,34905.57,34538.85,34610.36
KSE-100,2024-06-27,78978.6,78294.22,78528.25
KSE-30,2024-06-27,25654.81,25385.32,25432.77
KSE-ALL,2024-06-27,49704.75,49330.44,49487.23
KSE-MI30,2024-06-27,127226.45,125962.59,126307.61
KSE-MIALL,2024-06-27,34798.53,34593.24,34664.41
KSE-100,2024-06-28,78784.23,78312.36,78444.96
KSE-30,2024-06-28,25505.9,25249.12,25282.03
KSE-ALL,2024-06-28,49737.25,49424.98,49683.75
KSE-MI30,2024-06-28,126852.47,126122.25,126424.26
KSE-MIALL,2024-06-28,34898.3,34674.35,34853.87
KSE-100,2024-07-01,79536.22,78427.79,78824.33
KSE-30,2024-07-01,25613.04,25279.61,25369.27
KSE-ALL,2024-07-01,50361.67,49632.05,50002.59
KSE-MI30,2024-07-01,128076.58,126430.55,126721.59
KSE-MIALL,2024-07-01,35149.86,34843.65,34862.5
KSE-100,2024-07-02,79740.35,78978.54,79552.88
KSE-30,2024-07-02,25643.66,25414.81,25583.56
KSE-ALL,2024-07-02,50496.53,50160.77,50407.24
KSE-MI30,2024-07-02,127969.5,126884.42,127364.5
KSE-MIALL,2024-07-02,35111.59,34905.03,35050.17
KSE-100,2024-07-03,80405.23,79697.25,80233.67
KSE-30,2024-07-03,25881.32,25631.31,25799.39
KSE-ALL,2024-07-03,50918.76,50531.65,50771.44
KSE-MI30,2024-07-03,128566.76,127645.01,128378.3
KSE-MIALL,2024-07-03,35361.21,35098.91,35313.14
KSE-100,2024-07-04,80888.86,80134.89,80282.8
KSE-30,2024-07-04,26029.12,25746.79,25791.81
KSE-ALL,2024-07-04,51210.91,50761.24,50864.48
KSE-MI30,2024-07-04,129538.96,128320.22,128729.99
KSE-MIALL,2024-07-04,35594.6,35324.36,35359.11
KSE-100,2024-07-05,80627.49,80080.25,80212.79
KSE-30,2024-07-05,25884.38,25658.61,25711.83
KSE-ALL,2024-07-05,51088.51,50758.49,50776.35
KSE-MI30,2024-07-05,128912.39,127521.87,127798.73
KSE-MIALL,2024-07-05,35437.2,35186.22,35201.47
KSE-100,2024-07-08,80737.7,80192.31,80566.2
KSE-30,2024-07-08,25841.6,25664.74,25790.01
KSE-ALL,2024-07-08,51276.38,50801.14,51169.33
KSE-MI30,2024-07-08,128518.43,127667.33,128293.01
KSE-MIALL,2024-07-08,35511.63,35215.89,35404.52
KSE-100,2024-07-09,81087.42,80530.85,80672.06
KSE-30,2024-07-09,25938.3,25728.68,25753.97
KSE-ALL,2024-07-09,51705.29,51259.08,51481.26
KSE-MI30,2024-07-09,129109.45,128100.74,128510.32
KSE-MIALL,2024-07-09,35753.62,35411.33,35604.74
KSE-100,2024-07-10,80971.95,79841.32,79841.55
KSE-30,2024-07-10,25820.21,25457.68,25468.51
KSE-ALL,2024-07-10,51736.73,51086.8,51114.52
KSE-MI30,2024-07-10,128938.51,127088.8,127118.94
KSE-MIALL,2024-07-10,35766.47,35415.88,35415.88
KSE-100,2024-07-11,80114.72,79708.87,79992.35
KSE-30,2024-07-11,25571.66,25410.0,25544.42
KSE-ALL,2024-07-11,51288.3,51043.13,51057.95
KSE-MI30,2024-07-11,127926.28,126718.09,127598.74
KSE-MIALL,2024-07-11,35548.03,35349.17,35419.58
KSE-100,2024-07-12,80321.68,78611.68,79944.09
KSE-30,2024-07-12,25648.38,25070.89,25500.48
KSE-ALL,2024-07-12,51244.7,50236.2,51006.35
KSE-MI30,2024-07-12,128076.94,124757.32,127145.48
KSE-MIALL,2024-07-12,35536.82,34832.01,35449.36
KSE-100,2024-07-15,81428.43,80743.46,81155.6
KSE-30,2024-07-15,26055.57,25759.58,25983.41
KSE-ALL,2024-07-15,51804.56,51468.76,51473.9
KSE-MI30,2024-07-15,129517.59,128457.24,129001.86
KSE-MIALL,2024-07-15,36093.66,35774.28,35852.95
KSE-100,2024-07-18,81909.94,81418.11,81839.86
KSE-30,2024-07-18,51851.83,51587.91,51773.28
KSE-ALL,2024-07-18,36212.48,35917.55,36166.63
KSE-MI30,2024-07-18,130443.68,129085.08,130381.01
KSE-MIALL,2024-07-18,36212.48,35917.55,36166.63
KSE-100,2024-07-19,81939.83,79812.69,80117.89
KSE-30,2024-07-19,26290.87,25568.32,25681.09
KSE-ALL,2024-07-19,51894.72,50627.2,50854.42
KSE-MI30,2024-07-19,130632.65,127114.04,127705.29
KSE-MIALL,2024-07-19,36237.89,35417.69,35504.6
KSE-100,2024-07-22,80085.63,78404.76,78539.18
KSE-30,2024-07-22,25655.89,25117.57,25208.27
KSE-ALL,2024-07-22,50889.61,49805.26,49867.34
KSE-MI30,2024-07-22,127658.26,124741.51,125138.21
KSE-MIALL,2024-07-22,35553.73,34783.44,34844.67
KSE-100,2024-07-23,79585.34,78634.15,78987.09
KSE-30,2024-07-23,25538.21,25223.78,25365.06
KSE-ALL,2024-07-23,50527.01,49949.87,50135.58
KSE-MI30,2024-07-23,126773.99,125181.33,126096.18
KSE-MIALL,2024-07-23,35342.59,34935.49,35102.89
KSE-100,2024-07-24,79704.36,79071.48,79397.0
KSE-30,2024-07-24,25614.48,25358.52,25518.11
KSE-ALL,2024-07-24,50605.31,50215.71,50359.13
KSE-MI30,2024-07-24,126894.73,125851.47,126679.27
KSE-MIALL,2024-07-24,35369.09,35130.71,35273.66
KSE-100,2024-07-25,79776.95,78330.58,78469.33
KSE-30,2024-07-25,25650.81,25152.3,25198.25
KSE-ALL,2024-07-25,50619.46,49896.72,49935.03
KSE-MI30,2024-07-25,127320.75,125123.08,125292.65
KSE-MIALL,2024-07-25,35445.54,34898.64,34943.91
KSE-100,2024-07-26,78029.5,77921.47,78029.5
KSE-30,2024-07-26,25229.07,25030.84,25084.06
KSE-ALL,2024-07-26,50090.62,49583.79,50090.62
KSE-MI30,2024-07-26,125384.85,124293.26,124435.38
KSE-MIALL,2024-07-26,35001.94,34669.97,34669.97
KSE-100,2024-07-29,79055.99,78016.29,78827.74
KSE-30,2024-07-29,25464.21,25063.7,25334.57
KSE-ALL,2024-07-29,50273.41,49611.23,50098.56
KSE-MI30,2024-07-29,125769.8,124119.75,124930.85
KSE-MIALL,2024-07-29,35056.89,34670.54,34913.91
KSE-100,2024-07-30,79327.04,78518.23,78628.8
KSE-30,2024-07-30,25530.32,25246.24,25330.11
KSE-ALL,2024-07-30,50370.59,49859.14,49892.37
KSE-MI30,2024-07-30,125604.75,124066.67,124234.23
KSE-MIALL,2024-07-30,35102.8,34729.4,34732.21
KSE-100,2024-07-31,79151.81,77810.16,77886.98
KSE-30,2024-07-31,25534.72,25040.24,25087.45
KSE-ALL,2024-07-31,50212.83,49386.09,49473.46
KSE-MI30,2024-07-31,124806.06,122701.23,122928.29
KSE-MIALL,2024-07-31,34898.73,34433.98,34455.78
KSE-100,2024-08-01,78241.02,77595.92,77740.3
KSE-30,2024-08-01,25229.89,24990.25,25045.4
KSE-ALL,2024-08-01,49670.4,49308.37,49361.74
KSE-MI30,2024-08-01,123431.94,122525.65,122713.82
KSE-MIALL,2024-08-01,34622.61,34350.79,34403.1
KSE-100,2024-08-02,78434.16,77926.53,78225.98
KSE-30,2024-08-02,25315.9,25100.01,25230.94
KSE-ALL,2024-08-02,49857.42,49480.6,49751.28
KSE-MI30,2024-08-02,124133.3,122741.48,123759.37
KSE-MIALL,2024-08-02,34769.11,34464.25,34700.66
KSE-100,2024-08-05,78330.09,76943.24,77084.48
KSE-30,2024-08-05,25260.47,24787.31,24851.93
KSE-ALL,2024-08-05,50052.58,49141.19,49204.7
KSE-MI30,2024-08-05,123966.9,121444.35,121946.79
KSE-MIALL,2024-08-05,34807.35,34246.39,34353.59
KSE-100,2024-08-06,77746.55,77035.95,77191.34
KSE-30,2024-08-06,25108.05,24844.21,24902.54
KSE-ALL,2024-08-06,49582.44,49219.09,49281.12
KSE-MI30,2024-08-06,123360.16,121683.1,122125.21
KSE-MIALL,2024-08-06,34626.5,34279.56,34377.98
KSE-100,2024-08-07,77800.04,77086.81,77114.49
KSE-30,2024-08-07,25064.65,24819.81,24847.16
KSE-ALL,2024-08-07,49742.14,49366.6,49368.91
KSE-MI30,2024-08-07,123170.57,122007.85,122096.9
KSE-MIALL,2024-08-07,34731.2,34412.3,34483.45
KSE-100,2024-08-08,77969.26,77085.47,77874.22
KSE-30,2024-08-08,24975.31,24612.85,24942.22
KSE-ALL,2024-08-08,50031.61,49434.27,49969.98
KSE-MI30,2024-08-08,124216.66,122155.74,124042.0
KSE-MIALL,2024-08-08,35026.55,34540.94,34967.88
KSE-100,2024-08-09,78823.13,78051.08,78569.58
KSE-30,2024-08-09,25280.63,24979.27,25178.39
KSE-ALL,2024-08-09,50605.8,50257.97,50430.73
KSE-MI30,2024-08-09,126145.91,124700.22,125649.41
KSE-MIALL,2024-08-09,35440.46,35244.19,35333.84
KSE-100,2024-08-12,78886.46,77940.52,77980.29
KSE-30,2024-08-12,25305.02,24972.86,25002.37
KSE-ALL,2024-08-12,50681.24,49938.26,49960.36
KSE-MI30,2024-08-12,126957.04,124441.15,124626.51
KSE-MIALL,2024-08-12,35655.59,34945.88,34969.45
KSE-100,2024-08-13,78275.97,77817.32,77877.41
KSE-30,2024-08-13,25092.72,24910.13,25092.72
KSE-ALL,2024-08-13,50195.31,49831.63,50023.67
KSE-MI30,2024-08-13,125437.42,124186.53,124543.41
KSE-MIALL,2024-08-13,35225.3,34917.81,35114.88
KSE-100,2024-08-15,78709.13,77987.82,78105.95
KSE-30,2024-08-15,25279.9,24985.41,25045.21
KSE-ALL,2024-08-15,50499.37,50092.96,50092.96
KSE-MI30,2024-08-15,125824.56,124570.68,124664.17
KSE-MIALL,2024-08-15,35396.89,35139.1,35159.86
KSE-100,2024-08-16,78619.17,78041.08,78045.3
KSE-30,2024-08-16,25145.29,24952.45,24973.2
KSE-ALL,2024-08-16,50564.77,50090.19,50090.19
KSE-MI30,2024-08-16,125957.89,124782.52,124949.18
KSE-MIALL,2024-08-16,35474.04,35111.69,35111.69
KSE-100,2024-08-19,78382.04,77566.62,77830.34
KSE-30,2024-08-19,25083.06,24763.41,24876.99
KSE-ALL,2024-08-19,50225.69,49803.91,49869.82
KSE-MI30,2024-08-19,125656.36,123838.13,124193.11
KSE-MIALL,2024-08-19,35227.58,34776.57,34837.13
KSE-100,2024-08-20,77930.03,77460.39,77745.52
KSE-30,2024-08-20,24854.36,24699.77,24783.43
KSE-ALL,2024-08-20,50016.28,49758.97,49921.78
KSE-MI30,2024-08-20,124453.45,123606.77,123982.2
KSE-MIALL,2024-08-20,34912.76,34749.81,34800.64
KSE-100,2024-08-21,78457.37,77968.74,78260.85
KSE-30,2024-08-21,24938.57,24808.61,24889.55
KSE-ALL,2024-08-21,50446.34,50068.81,50315.54
KSE-MI30,2024-08-21,124579.06,124109.91,124256.5
KSE-MIALL,2024-08-21,35118.04,34852.04,35037.17
KSE-100,2024-08-22,78996.22,78442.25,78793.41
KSE-30,2024-08-22,25129.21,24944.41,25022.36
KSE-ALL,2024-08-22,50726.35,50448.42,50618.89
KSE-MI30,2024-08-22,125647.44,124597.23,124837.72
KSE-MIALL,2024-08-22,35410.83,35133.69,35287.14
KSE-100,2024-08-23,79173.94,78760.02,78801.42
KSE-30,2024-08-23,25121.25,24985.64,24994.84
KSE-ALL,2024-08-23,50919.5,50676.87,50761.33
KSE-MI30,2024-08-23,125218.81,124189.0,124211.98
KSE-MIALL,2024-08-23,35527.07,35342.0,35454.16
KSE-100,2024-08-26,79160.39,78553.86,78571.05
KSE-30,2024-08-26,25104.92,24923.43,24927.63
KSE-ALL,2024-08-26,51087.35,50581.29,50598.47
KSE-MI30,2024-08-26,125237.44,123895.97,124555.19
KSE-MIALL,2024-08-26,35669.93,35366.54,35393.46
KSE-100,2024-08-27,78857.61,78077.83,78084.23
KSE-30,2024-08-27,25031.49,24744.33,24762.91
KSE-ALL,2024-08-27,50799.15,50308.59,50326.52
KSE-MI30,2024-08-27,125201.5,123799.76,123888.37
KSE-MIALL,2024-08-27,35541.62,35231.42,35238.23
KSE-100,2024-08-28,78334.6,77990.34,77992.78
KSE-30,2024-08-28,24837.1,24740.56,24762.25
KSE-ALL,2024-08-28,50483.76,50223.0,50234.76
KSE-MI30,2024-08-28,124268.66,123717.06,123970.46
KSE-MIALL,2024-08-28,35344.34,35170.92,35170.92
KSE-100,2024-08-29,78513.85,78017.35,78349.66
KSE-30,2024-08-29,24927.18,24771.83,24885.64
KSE-ALL,2024-08-29,50575.09,50272.71,50470.41
KSE-MI30,2024-08-29,125091.83,123926.37,124741.43
KSE-MIALL,2024-08-29,35473.37,35219.42,35329.24
KSE-100,2024-08-30,78914.27,78439.61,78488.21
KSE-30,2024-08-30,25060.95,24891.89,24923.17
KSE-ALL,2024-08-30,50956.47,50589.97,50674.73
KSE-MI30,2024-08-30,125725.0,124640.58,124792.2
KSE-MIALL,2024-08-30,35599.27,35343.24,35343.24
KSE-100,2024-09-02,79014.68,78240.36,78283.29
KSE-30,2024-09-02,25051.59,24802.01,24811.19
KSE-ALL,2024-09-02,50956.14,50348.52,50391.04
KSE-MI30,2024-09-02,125287.3,123793.9,124337.81
KSE-MIALL,2024-09-02,35524.33,35071.15,35170.47
KSE-100,2024-09-03,78644.96,78250.89,78356.31
KSE-30,2024-09-03,24914.37,24756.67,24818.86
KSE-ALL,2024-09-03,50609.34,50405.52,50477.04
KSE-MI30,2024-09-03,125106.84,124311.78,124997.69
KSE-MIALL,2024-09-03,35490.45,35214.0,35359.37
KSE-100,2024-09-04,78890.79,78488.88,78848.01
KSE-30,2024-09-04,25023.79,24878.04,25012.31
KSE-ALL,2024-09-04,50885.05,50588.21,50779.06
KSE-MI30,2024-09-04,126128.01,125350.46,126020.96
KSE-MIALL,2024-09-04,35703.27,35426.79,35619.48
KSE-100,2024-09-05,79154.29,78578.01,78863.34
KSE-30,2024-09-05,25088.42,24893.18,25026.05
KSE-ALL,2024-09-05,50969.98,50677.36,50743.0
KSE-MI30,2024-09-05,126514.88,125335.33,125703.38
KSE-MIALL,2024-09-05,35771.34,35483.45,35537.48
KSE-100,2024-09-06,79254.25,78897.72,78897.72
KSE-30,2024-09-06,25102.66,24996.72,25007.87
KSE-ALL,2024-09-06,51007.77,50796.43,50814.83
KSE-MI30,2024-09-06,126152.33,125336.05,125429.4
KSE-MIALL,2024-09-06,35745.09,35572.31,35572.31
KSE-100,2024-09-09,79214.27,78545.68,78615.0
KSE-30,2024-09-09,25128.53,24813.7,24856.42
KSE-ALL,2024-09-09,50999.85,50643.73,50691.18
KSE-MI30,2024-09-09,126061.81,124299.55,124770.91
KSE-MIALL,2024-09-09,35724.18,35475.82,35527.02
KSE-100,2024-09-10,79335.59,78642.86,79286.73
KSE-30,2024-09-10,25086.09,24849.89,25073.24
KSE-ALL,2024-09-10,51122.84,50656.86,51041.88
KSE-MI30,2024-09-10,126162.11,124749.26,125886.07
KSE-MIALL,2024-09-10,35819.91,35481.75,35764.93
KSE-100,2024-09-11,79507.17,78612.16,78651.79
KSE-30,2024-09-11,25135.96,24788.23,24816.91
KSE-ALL,2024-09-11,51213.19,50777.65,50777.65
KSE-MI30,2024-09-11,126386.07,124654.94,124797.27
KSE-MIALL,2024-09-11,35939.61,35527.88,35542.92
KSE-100,2024-09-12,79217.61,78577.65,79017.61
KSE-30,2024-09-12,24973.5,24756.4,24912.63
KSE-ALL,2024-09-12,51162.5,50781.43,50974.93
KSE-MI30,2024-09-12,125583.67,124365.83,125120.39
KSE-MIALL,2024-09-12,35781.55,35509.61,35781.55
KSE-100,2024-09-13,80016.73,79262.72,79333.05
KSE-30,2024-09-13,25250.95,24989.83,25027.07
KSE-ALL,2024-09-13,51578.25,51156.65,51156.65
KSE-MI30,2024-09-13,127215.32,125195.89,125445.95
KSE-MIALL,2024-09-13,36105.61,35603.95,35650.18
KSE-100,2024-09-16,79993.17,79368.18,79491.13
KSE-30,2024-09-16,25200.75,24991.77,25068.59
KSE-ALL,2024-09-16,51652.52,51212.8,51243.05
KSE-MI30,2024-09-16,127052.44,126098.35,126271.76
KSE-MIALL,2024-09-16,36055.77,35774.92,35820.71
KSE-100,2024-09-18,80587.44,79798.75,80461.33
KSE-30,2024-09-18,25500.71,25208.7,25468.17
KSE-ALL,2024-09-18,51789.29,51494.17,51675.01
KSE-MI30,2024-09-18,128622.95,127527.8,128473.48
KSE-MIALL,2024-09-18,36346.31,36128.77,36265.84
KSE-100,2024-09-19,82003.58,80680.23,81459.28
KSE-30,2024-09-19,25951.39,25435.64,25799.85
KSE-ALL,2024-09-19,52384.3,51869.06,52009.78
KSE-MI30,2024-09-19,130757.17,129225.41,129896.97
KSE-MIALL,2024-09-19,36728.09,36420.14,36527.25
KSE-100,2024-09-20,82372.19,81387.57,82074.44
KSE-30,2024-09-20,26134.9,25723.89,26034.3
KSE-ALL,2024-09-20,52458.4,52013.97,52288.85
KSE-MI30,2024-09-20,131064.19,129112.15,130561.61
KSE-MIALL,2024-09-20,36828.06,36499.5,36728.49
KSE-100,2024-09-23,82463.05,81548.64,81850.5
KSE-30,2024-09-23,26135.41,25831.76,25977.37
KSE-ALL,2024-09-23,52597.08,52123.15,52216.25
KSE-MI30,2024-09-23,130657.66,127825.23,128368.33
KSE-MIALL,2024-09-23,36804.52,36300.36,36323.14
KSE-100,2024-09-24,82010.09,81107.38,81483.64
KSE-30,2024-09-24,26044.06,25735.97,25902.54
KSE-ALL,2024-09-24,52368.04,51845.06,52112.1
KSE-MI30,2024-09-24,128672.29,125917.35,126667.29
KSE-MIALL,2024-09-24,36435.36,35978.92,36103.0
KSE-100,2024-09-25,82331.85,81524.41,82247.91
KSE-30,2024-09-25,26159.12,25853.48,26121.4
KSE-ALL,2024-09-25,52749.05,52158.64,52618.25
KSE-MI30,2024-09-25,127534.68,126618.33,127353.77
KSE-MIALL,2024-09-25,36476.69,36174.29,36373.16
KSE-100,2024-09-26,82905.73,81552.66,81657.96
KSE-30,2024-09-26,26308.08,25827.86,25875.12
KSE-ALL,2024-09-26,53137.66,52256.67,52269.81
KSE-MI30,2024-09-26,128487.19,125801.88,125893.31
KSE-MIALL,2024-09-26,36707.38,36066.76,36066.76
KSE-100,2024-09-27,81842.74,81183.5,81292.13
KSE-30,2024-09-27,25932.45,25725.47,25810.37
KSE-ALL,2024-09-27,52353.54,51978.01,51978.01
KSE-MI30,2024-09-27,126330.74,125127.82,125294.74
KSE-MIALL,2024-09-27,36192.97,35873.34,35873.34
KSE-100,2024-09-30,81321.63,80352.22,81114.2
KSE-30,2024-09-30,25843.2,25471.23,25775.98
KSE-ALL,2024-09-30,51978.1,51400.83,51814.23
KSE-MI30,2024-09-30,125267.68,123051.17,124751.15
KSE-MIALL,2024-09-30,35906.23,35363.5,35758.31
KSE-100,2024-10-01,81980.36,81119.24,81804.59
KSE-30,2024-10-01,26070.85,25786.19,26011.31
KSE-ALL,2024-10-01,52383.18,51849.95,52266.56
KSE-MI30,2024-10-01,127023.11,125051.51,126801.49
KSE-MIALL,2024-10-01,36293.43,35812.74,36223.47
KSE-100,2024-10-02,82360.28,81529.45,81967.0
KSE-30,2024-10-02,26196.86,25908.28,26075.25
KSE-ALL,2024-10-02,52577.92,52101.28,52322.23
KSE-MI30,2024-10-02,127584.67,126234.41,126366.57
KSE-MIALL,2024-10-02,36407.04,36057.49,36100.62
KSE-100,2024-10-03,82958.73,81981.5,82721.76
KSE-30,2024-10-03,26468.73,26064.55,26382.13
KSE-ALL,2024-10-03,52738.74,52341.25,52565.66
KSE-MI30,2024-10-03,127849.87,126043.53,126727.12
KSE-MIALL,2024-10-03,36374.65,36047.53,36138.68
KSE-100,2024-10-04,83605.72,82594.79,83531.95
KSE-30,2024-10-04,26744.25,26285.52,26744.25
KSE-ALL,2024-10-04,53118.7,52414.84,53053.81
KSE-MI30,2024-10-04,129146.96,126258.11,129017.32
KSE-MIALL,2024-10-04,36577.94,36046.23,36533.14
KSE-100,2024-10-07,85047.81,83303.54,84910.29
KSE-30,2024-10-07,27259.65,26600.99,27197.43
KSE-ALL,2024-10-07,54076.88,53112.07,54022.04
KSE-MI30,2024-10-07,130956.48,128214.03,130710.8
KSE-MIALL,2024-10-07,37055.04,36537.2,37011.71
KSE-100,2024-10-08,85824.27,84897.98,85663.97
KSE-30,2024-10-08,27507.0,27176.62,27441.12
KSE-ALL,2024-10-08,54579.34,54138.68,54485.33
KSE-MI30,2024-10-08,131524.77,129854.33,130289.8
KSE-MIALL,2024-10-08,37309.72,37027.33,37165.23
KSE-100,2024-10-09,86451.42,85444.3,85669.27
KSE-30,2024-10-09,27515.72,27156.19,27216.22
KSE-ALL,2024-10-09,54958.55,54500.0,54616.54
KSE-MI30,2024-10-09,131463.29,129280.39,129822.19
KSE-MIALL,2024-10-09,37488.15,37098.89,37176.22
KSE-100,2024-10-10,86013.46,85425.74,85453.22
KSE-30,2024-10-10,27313.51,27115.35,27148.97
KSE-ALL,2024-10-10,54836.48,54541.78,54558.1
KSE-MI30,2024-10-10,130384.18,129233.44,129780.36
KSE-MIALL,2024-10-10,37324.44,37103.15,37140.64
KSE-100,2024-10-11,85750.18,84774.45,85483.4
KSE-30,2024-10-11,27246.27,26915.95,27159.67
KSE-ALL,2024-10-11,54840.9,54251.45,54537.21
KSE-MI30,2024-10-11,130188.56,128246.33,129573.84
KSE-MIALL,2024-10-11,37365.65,36959.65,37137.67
KSE-100,2024-10-14,86105.02,85156.11,85261.38
KSE-30,2024-10-14,27340.86,26969.04,27011.68
KSE-ALL,2024-10-14,54893.52,54507.86,54575.33
KSE-MI30,2024-10-14,130165.29,127665.07,128130.08
KSE-MIALL,2024-10-14,37327.0,37085.6,37131.61
KSE-100,2024-10-15,85893.99,84856.21,85840.34
KSE-30,2024-10-15,27251.76,26847.19,27234.16
KSE-ALL,2024-10-15,55012.13,54361.99,54941.66
KSE-MI30,2024-10-15,129546.6,127064.12,129360.32
KSE-MIALL,2024-10-15,37415.22,36974.13,37352.76
KSE-100,2024-10-16,86513.46,85948.05,86205.66
KSE-30,2024-10-16,27360.31,27144.1,27236.19
KSE-ALL,2024-10-16,55467.96,55072.78,55292.64
KSE-MI30,2024-10-16,130850.76,129570.41,130556.78
KSE-MIALL,2024-10-16,37759.15,37432.28,37681.19
KSE-100,2024-10-17,86520.29,85539.19,85585.43
KSE-30,2024-10-17,27333.89,26951.33,26984.0
KSE-ALL,2024-10-17,55486.88,54901.61,54944.03
KSE-MI30,2024-10-17,131301.66,129476.44,129679.22
KSE-MIALL,2024-10-17,37859.67,37500.89,37500.89
KSE-100,2024-10-18,85773.82,85120.9,85250.09
KSE-30,2024-10-18,27028.21,26755.2,26803.04
KSE-ALL,2024-10-18,55086.7,54806.79,54927.24
KSE-MI30,2024-10-18,130134.51,128745.36,129268.98
KSE-MIALL,2024-10-18,37630.41,37362.51,37473.37
KSE-100,2024-10-21,86172.79,85349.32,86057.51
KSE-30,2024-10-21,27085.5,26833.95,27044.31
KSE-ALL,2024-10-21,55521.17,55033.87,55449.98
KSE-MI30,2024-10-21,131209.59,129355.85,130892.66
KSE-MIALL,2024-10-21,38042.66,37560.14,38001.58
KSE-100,2024-10-22,86846.03,86294.69,86466.57
KSE-30,2024-10-22,27312.58,27118.78,27163.01
KSE-ALL,2024-10-22,55983.21,55588.24,55752.14
KSE-MI30,2024-10-22,132972.54,131423.59,132530.16
KSE-MIALL,2024-10-22,38541.68,38120.32,38428.97
KSE-100,2024-10-23,87309.22,86284.25,87194.53
KSE-30,2024-10-23,27439.61,27032.32,27396.99
KSE-ALL,2024-10-23,56153.24,55761.24,56079.68
KSE-MI30,2024-10-23,133663.73,132230.02,133308.5
KSE-MIALL,2024-10-23,38706.57,38401.5,38627.83
KSE-100,2024-10-24,89126.15,87382.04,88945.98
KSE-30,2024-10-24,28109.52,27407.87,28042.61
KSE-ALL,2024-10-24,57141.77,56218.5,56965.7
KSE-MI30,2024-10-24,135294.5,133434.82,135048.17
KSE-MIALL,2024-10-24,39136.26,38711.74,38981.51
KSE-100,2024-10-25,90593.61,89373.82,89993.96
KSE-30,2024-10-25,28644.51,28165.27,28395.15
KSE-ALL,2024-10-25,57838.94,57228.13,57461.53
KSE-MI30,2024-10-25,137864.82,135545.78,136114.29
KSE-MIALL,2024-10-25,39627.81,39088.0,39313.05
KSE-100,2024-10-28,91054.83,89732.73,90195.51
KSE-30,2024-10-28,28703.61,28231.2,28427.14
KSE-ALL,2024-10-28,58235.77,57609.71,57651.29
KSE-MI30,2024-10-28,137842.05,135464.48,136341.8
KSE-MIALL,2024-10-28,39813.82,39311.64,39347.93
KSE-100,2024-10-29,91358.15,90449.41,90864.09
KSE-30,2024-10-29,28761.98,28383.07,28555.42
KSE-ALL,2024-10-29,58267.4,57741.58,57924.43
KSE-MI30,2024-10-29,137923.09,136563.36,136950.3
KSE-MIALL,2024-10-29,39794.38,39445.18,39504.11
KSE-100,2024-10-30,91872.63,90003.31,90286.56
KSE-30,2024-10-30,28871.04,28237.66,28343.09
KSE-ALL,2024-10-30,39942.43,39268.77,39352.97
KSE-MI30,2024-10-30,138737.01,135608.57,136138.9
KSE-MIALL,2024-10-30,39942.43,39268.77,39352.97
KSE-100,2024-10-31,90700.23,88966.76,88966.76
KSE-30,2024-10-31,28377.62,27810.0,27827.23
KSE-ALL,2024-10-31,57944.78,56913.69,56913.69
KSE-MI30,2024-10-31,136672.22,133711.49,133711.49
KSE-MIALL,2024-10-31,39549.71,38888.01,38888.01
KSE-100,2024-11-01,91133.28,88852.68,90859.85
KSE-30,2024-11-01,28554.68,27692.65,28457.66
KSE-ALL,2024-11-01,58038.38,56755.91,57872.06
KSE-MI30,2024-11-01,137665.52,133360.21,137043.36
KSE-MIALL,2024-11-01,39721.84,38859.28,39577.84
KSE-100,2024-11-04,92159.08,91395.35,91938.0
KSE-30,2024-11-04,28816.18,28534.81,28743.73
KSE-ALL,2024-11-04,58528.7,58059.59,58408.13
KSE-MI30,2024-11-04,140755.05,138279.67,140200.81
KSE-MIALL,2024-11-04,40345.79,39825.62,40251.54
KSE-100,2024-11-05,92514.3,91536.09,92304.32
KSE-30,2024-11-05,28906.33,28556.89,28840.29
KSE-ALL,2024-11-05,58769.72,58204.24,58659.44
KSE-MI30,2024-11-05,141737.26,139856.76,140786.5
KSE-MIALL,2024-11-05,40583.82,40135.49,40418.34
KSE-100,2024-11-06,92966.94,91891.47,92021.44
KSE-30,2024-11-06,28980.41,28641.4,28664.79
KSE-ALL,2024-11-06,59130.18,58469.69,58529.41
KSE-MI30,2024-11-06,141839.66,139726.65,140198.08
KSE-MIALL,2024-11-06,40847.56,40367.24,40434.68
KSE-100,2024-11-07,92694.53,92185.69,92520.48
KSE-30,2024-11-07,28845.98,28662.65,28761.88
KSE-ALL,2024-11-07,58988.75,58627.36,58870.74
KSE-MI30,2024-11-07,141215.71,140174.08,140859.36
KSE-MIALL,2024-11-07,40692.26,40474.07,40581.8
KSE-100,2024-11-08,93514.55,92566.49,93291.68
KSE-30,2024-11-08,29083.3,28760.34,29016.96
KSE-ALL,2024-11-08,59589.34,58943.53,59401.09
KSE-MI30,2024-11-08,142946.99,141131.94,142361.27
KSE-MIALL,2024-11-08,41037.34,40641.02,40891.16
KSE-100,2024-11-11,94020.02,93318.91,93648.32
KSE-30,2024-11-11,29223.59,28910.56,29017.77
KSE-ALL,2024-11-11,59982.92,59556.31,59828.07
KSE-MI30,2024-11-11,143469.25,141674.47,142188.16
KSE-MIALL,2024-11-11,41340.86,41026.16,41216.15
KSE-100,2024-11-12,93871.61,92893.11,93224.56
KSE-30,2024-11-12,29106.41,28760.67,28884.92
KSE-MI30,2024-11-12,142839.38,141000.47,141563.36
KSE-MIALL,2024-11-12,41427.45,41087.37,41170.72
KSE-100,2024-11-13,93803.58,92943.07,93355.42
KSE-30,2024-11-13,29086.42,28800.54,28930.93
KSE-ALL,2024-11-13,60070.05,59587.92,59809.51
KSE-MI30,2024-11-13,143363.15,141390.46,142650.04
KSE-MIALL,2024-11-13,41695.99,41131.8,41456.52
KSE-100,2024-11-14,94289.97,93672.72,94191.89
KSE-30,2024-11-14,29252.7,29021.56,29201.08
KSE-ALL,2024-11-14,60420.79,60059.95,60306.56
KSE-MI30,2024-11-14,144336.08,143306.9,143648.15
KSE-MIALL,2024-11-14,41875.23,41604.67,41656.11
KSE-100,2024-11-15,95278.26,94431.18,94763.64
KSE-30,2024-11-15,29593.77,29271.87,29410.12
KSE-ALL,2024-11-15,61040.36,60548.11,60578.76
KSE-MI30,2024-11-15,145283.75,143876.92,144543.26
KSE-MIALL,2024-11-15,42064.89,41726.74,41802.48
KSE-100,2024-11-18,95307.91,94620.44,94995.67
KSE-30,2024-11-18,29579.44,29341.84,29481.16
KSE-ALL,2024-11-18,60892.78,60521.91,60711.07
KSE-MI30,2024-11-18,145370.48,144335.84,144630.37
KSE-MIALL,2024-11-18,42047.72,41856.77,41918.09
KSE-100,2024-11-19,96036.48,95212.63,95856.66
KSE-30,2024-11-19,29766.55,29526.76,29682.71
KSE-ALL,2024-11-19,61313.95,60790.04,61205.63
KSE-MI30,2024-11-19,146095.32,144792.0,145806.38
KSE-MIALL,2024-11-19,42387.24,41959.8,42318.39
KSE-100,2024-11-20,96711.33,95311.97,95546.45
KSE-30,2024-11-20,29938.16,29466.36,29578.0
KSE-ALL,2024-11-20,61762.82,60948.41,61182.17
KSE-MI30,2024-11-20,146505.48,143824.78,144495.69
KSE-MIALL,2024-11-20,42668.61,42027.84,42074.23
KSE-100,2024-11-21,97437.15,95300.21,97328.39
KSE-30,2024-11-21,30222.32,29479.36,30192.44
KSE-ALL,2024-11-21,62186.18,60962.67,62132.63
KSE-MI30,2024-11-21,146408.73,143522.98,146209.63
KSE-MIALL,2024-11-21,42792.84,41867.2,42712.5
KSE-100,2024-11-22,99623.03,97471.11,97798.23
KSE-30,2024-11-22,31096.46,30344.58,30480.71
KSE-ALL,2024-11-22,63163.77,61854.24,62096.36
KSE-MI30,2024-11-22,148831.98,145242.52,146192.4
KSE-MIALL,2024-11-22,43375.61,42360.4,42577.44
KSE-100,2024-11-25,99317.47,97137.63,98079.78
KSE-30,2024-11-25,31048.94,30246.32,30558.73
KSE-ALL,2024-11-25,62758.06,61744.0,62171.82
KSE-MI30,2024-11-25,147916.51,144870.42,146163.29
KSE-MIALL,2024-11-25,42974.75,42319.7,42602.56
KSE-100,2024-11-26,99819.59,94180.59,94574.16
KSE-30,2024-11-26,31223.09,29261.07,29444.82
KSE-ALL,2024-11-26,62891.13,59638.0,59784.46
KSE-MI30,2024-11-26,146386.02,137908.49,138440.72
KSE-MIALL,2024-11-26,42641.47,40384.54,40468.06
KSE-100,2024-11-27,99549.81,97188.27,99269.25
KSE-30,2024-11-27,31114.26,30216.95,31032.38
KSE-ALL,2024-11-27,62542.67,61301.19,62391.49
KSE-MI30,2024-11-27,145135.13,140989.3,144783.05
KSE-MIALL,2024-11-27,42241.38,41268.36,42150.37
KSE-100,2024-11-28,100540.29,99354.24,100082.77
KSE-30,2024-11-28,31458.66,30920.96,31193.28
KSE-ALL,2024-11-28,63202.4,62604.88,63083.13
KSE-MI30,2024-11-28,147475.67,144795.23,147220.79
KSE-MIALL,2024-11-28,42938.78,42284.28,42876.43
KSE-100,2024-11-29,101496.17,99822.61,101357.32
KSE-30,2024-11-29,31500.79,31020.9,31488.26
KSE-ALL,2024-11-29,64021.11,63041.79,63920.43
KSE-MI30,2024-11-29,148714.37,146804.2,148572.54
KSE-MIALL,2024-11-29,43480.54,42871.21,43396.25
KSE-100,2024-12-02,103386.46,101921.2,103274.94
KSE-30,2024-12-02,31996.91,31636.95,31969.36
KSE-ALL,2024-12-02,65144.19,64312.81,65022.01
KSE-MI30,2024-12-02,152369.14,149457.42,152206.94
KSE-MIALL,2024-12-02,44410.8,43650.13,44373.3
KSE-100,2024-12-03,104680.88,102825.59,104559.07
KSE-30,2024-12-03,32403.4,31747.53,32365.89
KSE-ALL,2024-12-03,65799.14,64749.92,65741.57
KSE-MI30,2024-12-03,154714.22,151398.19,154432.5
KSE-MIALL,2024-12-03,45110.18,44222.28,45066.81
KSE-100,2024-12-04,105473.56,104315.41,105104.33
KSE-30,2024-12-04,32616.37,32273.04,32554.14
KSE-ALL,2024-12-04,66369.53,65704.9,66260.23
KSE-MI30,2024-12-04,156504.63,154142.71,156279.34
KSE-MIALL,2024-12-04,45669.47,45043.97,45605.36
KSE-100,2024-12-05,108345.98,105448.05,108238.96
KSE-30,2024-12-05,33742.13,32626.75,33693.53
KSE-ALL,2024-12-05,68266.34,66561.83,68184.59
KSE-MI30,2024-12-05,163236.45,156521.05,163236.45
KSE-MIALL,2024-12-05,47246.12,45780.95,47188.39
KSE-100,2024-12-06,109478.08,108550.86,109053.95
KSE-30,2024-12-06,34078.69,33776.34,33849.09
KSE-ALL,2024-12-06,68957.05,68424.87,68728.64
KSE-MI30,2024-12-06,165502.49,163761.73,164257.52
KSE-MIALL,2024-12-06,47898.27,47393.88,47548.82
KSE-100,2024-12-09,110358.85,107625.91,109970.38
KSE-30,2024-12-09,34240.98,33238.28,34130.66
KSE-ALL,2024-12-09,69829.89,68076.54,69584.95
KSE-MI30,2024-12-09,169563.05,163143.96,169133.78
KSE-MIALL,2024-12-09,48894.02,47160.44,48775.23
KSE-100,2024-12-10,111759.58,107711.4,108896.65
KSE-30,2024-12-10,34734.48,33378.41,33808.71
KSE-ALL,2024-12-10,70574.89,68200.94,68907.23
KSE-MI30,2024-12-10,173456.64,165737.53,168693.89
KSE-MIALL,2024-12-10,49957.06,47925.1,48537.54
KSE-100,2024-12-11,111012.01,109416.32,110810.21
KSE-30,2024-12-11,34495.83,33999.03,34429.24
KSE-ALL,2024-12-11,70382.98,69198.88,70196.04
KSE-MI30,2024-12-11,172757.21,170040.16,172379.63
KSE-MIALL,2024-12-11,49679.62,48848.44,49559.33
KSE-100,2024-12-12,114408.62,111308.65,114180.5
KSE-30,2024-12-12,35801.75,34602.22,35701.32
KSE-ALL,2024-12-12,72140.3,70579.51,72012.37
KSE-MI30,2024-12-12,178871.22,173435.76,178069.87
KSE-MIALL,2024-12-12,51088.13,49935.53,50924.63
KSE-100,2024-12-13,115172.44,112609.25,114301.8
KSE-30,2024-12-13,36066.72,35111.3,35805.43
KSE-ALL,2024-12-13,72657.38,71370.65,72362.22
KSE-MI30,2024-12-13,180120.13,175168.93,179177.32
KSE-MIALL,2024-12-13,51675.59,50535.95,51457.04
KSE-100,2024-12-16,116681.59,115345.99,116169.41
KSE-30,2024-12-16,36782.79,36189.33,36658.8
KSE-ALL,2024-12-16,73847.4,73054.74,73473.62
KSE-MI30,2024-12-16,184416.86,181374.66,183726.67
KSE-MIALL,2024-12-16,52738.63,52152.5,52591.69
KSE-100,2024-12-17,117039.17,113688.54,114860.68
KSE-30,2024-12-17,36941.94,35791.94,36196.02
KSE-ALL,2024-12-17,73820.9,71807.13,72340.03
KSE-MI30,2024-12-17,183932.86,177486.12,183932.86
KSE-MIALL,2024-12-17,52606.11,50812.72,51180.49
KSE-100,2024-12-18,116236.7,110896.27,111070.29
KSE-30,2024-12-18,36697.99,34847.34,34909.03
KSE-ALL,2024-12-18,72994.2,70028.13,70168.45
KSE-MI30,2024-12-18,181485.24,171874.33,172467.21
KSE-MIALL,2024-12-18,51475.97,49140.03,49236.69
KSE-100,2024-12-19,111745.02,105937.37,106274.97
KSE-30,2024-12-19,35172.74,33256.52,33353.29
KSE-ALL,2024-12-19,70394.43,67249.02,67484.26
KSE-MI30,2024-12-19,172188.15,162276.77,163531.22
KSE-MIALL,2024-12-19,49243.18,46746.08,47006.93
KSE-100,2024-12-20,109846.64,105601.03,109513.14
KSE-30,2024-12-20,34626.6,33114.8,34513.39
KSE-ALL,2024-12-20,69413.52,66997.98,69212.12
KSE-MI30,2024-12-20,170258.52,161800.08,169490.37
KSE-MIALL,2024-12-20,48572.31,46480.97,48342.31
KSE-100,2024-12-23,114189.71,110891.35,113924.41
KSE-30,2024-12-23,36136.38,34936.26,36043.89
KSE-ALL,2024-12-23,71794.24,70038.64,71629.87
KSE-MI30,2024-12-23,177443.98,171467.2,176941.32
KSE-MIALL,2024-12-23,50219.04,49006.71,50080.01
KSE-100,2024-12-24,115036.49,112294.42,112414.8
KSE-30,2024-12-24,36328.39,35451.89,35508.15
KSE-ALL,2024-12-24,72193.69,70615.63,70668.08
KSE-MI30,2024-12-24,178879.73,173813.1,174221.96
KSE-MIALL,2024-12-24,50508.7,49324.7,49402.9
KSE-100,2024-12-26,112480.6,109858.88,110423.32
KSE-30,2024-12-26,35509.68,34579.52,34778.03
KSE-ALL,2024-12-26,70730.38,69221.42,69489.65
KSE-MI30,2024-12-26,174217.62,168674.75,169443.67
KSE-MIALL,2024-12-26,49411.8,48239.52,48357.29
KSE-100,2024-12-27,112043.77,110246.93,111351.17
KSE-30,2024-12-27,35270.98,34646.45,35039.04
KSE-ALL,2024-12-27,70488.84,69460.15,70488.84
KSE-MI30,2024-12-27,172696.84,168860.0,171299.19
KSE-MIALL,2024-12-27,49225.11,48341.7,48910.93
KSE-100,2024-12-30,115422.34,111916.7,115258.99
KSE-30,2024-12-30,36359.77,35234.64,36299.9
KSE-ALL,2024-12-30,72202.28,70480.76,72133.67
KSE-MI30,2024-12-30,178446.45,172701.38,178286.76
KSE-MIALL,2024-12-30,50524.19,49287.16,50443.28
KSE-100,2024-12-31,116700.01,114804.8,115126.9
KSE-30,2024-12-31,36771.85,36076.52,36182.4
KSE-ALL,2024-12-31,72962.12,72003.53,72170.66
KSE-MI30,2024-12-31,181923.56,177580.18,178636.05
KSE-MIALL,2024-12-31,51073.97,50327.15,50535.11
KSE-100,2025-01-01,117341.03,114719.89,117008.08
KSE-30,2025-01-01,36968.71,35999.8,36864.83
KSE-ALL,2025-01-01,73195.74,71982.62,73026.86
KSE-MI30,2025-01-01,181905.78,177512.71,181369.67
KSE-MIALL,2025-01-01,51362.13,50358.66,51267.22
KSE-100,2025-01-02,118367.81,116857.61,117119.65
KSE-30,2025-01-02,37308.6,36756.99,36937.02
KSE-ALL,2025-01-02,73721.64,72860.09,72863.9
KSE-MI30,2025-01-02,183797.42,181114.01,181978.87
KSE-MIALL,2025-01-02,51753.64,51151.79,51240.43
KSE-100,2025-01-03,117891.62,115580.01,117586.98
KSE-30,2025-01-03,37208.77,36403.54,37065.04
KSE-ALL,2025-01-03,73187.14,71957.49,72843.62
KSE-MI30,2025-01-03,183194.53,178138.93,181959.43
KSE-MIALL,2025-01-03,51387.8,50338.21,51016.12
KSE-100,2025-01-06,118735.09,115941.94,116255.12
KSE-30,2025-01-06,37458.79,36466.4,36603.36
KSE-ALL,2025-01-06,73336.01,71835.14,71973.89
KSE-MI30,2025-01-06,185433.89,180241.6,180670.5
KSE-MIALL,2025-01-06,51408.77,50172.86,50267.66
KSE-100,2025-01-07,116843.41,113677.5,116052.68
KSE-30,2025-01-07,36849.53,35661.51,36577.59
KSE-ALL,2025-01-07,72186.48,70399.83,71761.59
KSE-MI30,2025-01-07,183641.38,177121.96,182695.45
KSE-MIALL,2025-01-07,50457.1,49071.58,50221.02
KSE-100,2025-01-08,117750.22,113847.03,114148.45
KSE-30,2025-01-08,37172.93,35820.58,35952.12
KSE-ALL,2025-01-08,72589.66,70599.97,70743.18
KSE-MI30,2025-01-08,187262.16,179223.25,179942.25
KSE-MIALL,2025-01-08,50826.11,49235.62,49337.71
KSE-100,2025-01-09,114329.95,112594.66,112638.26
KSE-30,2025-01-09,36028.09,35410.77,35458.08
KSE-ALL,2025-01-09,70847.35,69930.61,69946.89
KSE-MI30,2025-01-09,180287.65,175123.93,175434.15
KSE-MIALL,2025-01-09,49388.11,48577.46,48644.26
KSE-100,2025-01-10,113554.07,112013.59,113247.29
KSE-30,2025-01-10,35802.96,35217.22,35711.63
KSE-ALL,2025-01-10,70556.43,69532.69,70317.15
KSE-MI30,2025-01-10,177303.65,173779.85,176399.54
KSE-MIALL,2025-01-10,49273.25,48326.42,49046.45
KSE-100,2025-01-13,114496.08,113083.86,114230.06
KSE-30,2025-01-13,36058.57,35613.83,35983.94
KSE-ALL,2025-01-13,71155.65,70368.34,70975.99
KSE-MI30,2025-01-13,177190.61,174433.68,176560.62
KSE-MIALL,2025-01-13,49765.19,49033.41,49619.82
KSE-100,2025-01-14,115044.79,113836.6,114804.16
KSE-30,2025-01-14,36205.34,35833.78,36102.27
KSE-ALL,2025-01-14,71552.26,70857.52,71438.13
KSE-MI30,2025-01-14,177663.85,175563.73,177162.16
KSE-MIALL,2025-01-14,50067.84,49509.53,49952.54
KSE-100,2025-01-15,115773.39,114298.29,114495.7
KSE-30,2025-01-15,36390.46,35871.1,36003.11
KSE-ALL,2025-01-15,72051.1,71237.75,71318.13
KSE-MI30,2025-01-15,178581.54,175514.54,175999.21
KSE-MIALL,2025-01-15,50475.04,49754.47,49831.24
KSE-100,2025-01-16,114884.63,113630.45,113836.74
KSE-30,2025-01-16,36152.89,35678.24,35762.1
KSE-ALL,2025-01-16,71523.46,70739.57,70771.2
KSE-MI30,2025-01-16,176776.38,173877.38,174479.11
KSE-MIALL,2025-01-16,49976.99,49298.28,49337.65
KSE-100,2025-01-17,115356.12,113571.95,115272.08
KSE-30,2025-01-17,36369.02,35685.59,36311.36
KSE-ALL,2025-01-17,71618.45,70672.55,71553.93
KSE-MI30,2025-01-17,178112.61,173965.43,177300.98
KSE-MIALL,2025-01-17,50089.31,49224.52,49932.61
KSE-100,2025-01-20,116276.42,115668.08,115844.81
KSE-30,2025-01-20,36649.64,36416.49,36476.16
KSE-ALL,2025-01-20,72198.3,71778.4,71942.35
KSE-MI30,2025-01-20,179277.91,177823.82,178114.64
KSE-MIALL,2025-01-20,50422.38,50136.0,50159.05
KSE-100,2025-01-21,116424.85,114783.71,115042.25
KSE-30,2025-01-21,36690.37,36098.61,36199.58
KSE-ALL,2025-01-21,72208.48,71308.46,71419.59
KSE-MI30,2025-01-21,179282.81,175290.71,175869.96
KSE-MIALL,2025-01-21,50405.62,49562.73,49664.54
KSE-100,2025-01-22,115256.16,113359.37,113443.43
KSE-30,2025-01-22,36239.4,35589.45,35635.31
KSE-ALL,2025-01-22,71554.06,70346.8,70346.8
KSE-MI30,2025-01-22,176258.55,171741.7,172105.78
KSE-MIALL,2025-01-22,49753.79,48721.54,48780.73
KSE-100,2025-01-23,114319.62,113234.31,114037.79
KSE-30,2025-01-23,35941.65,35552.94,35794.35
KSE-ALL,2025-01-23,70836.52,70146.53,70675.55
KSE-MI30,2025-01-23,174232.94,171299.02,173486.86
KSE-MIALL,2025-01-23,49224.91,48528.84,48999.53
KSE-100,2025-01-24,115779.05,114383.16,114880.48
KSE-30,2025-01-24,36438.21,35914.53,36124.97
KSE-ALL,2025-01-24,71472.6,70908.5,70922.95
KSE-MI30,2025-01-24,176287.41,173992.07,174312.08
KSE-MIALL,2025-01-24,49522.47,49037.88,49037.88
KSE-100,2025-01-27,115596.87,113482.22,113520.32
KSE-30,2025-01-27,36349.8,35613.89,35651.24
KSE-ALL,2025-01-27,71308.51,69954.4,69974.09
KSE-MI30,2025-01-27,175097.55,170540.33,170845.39
KSE-MIALL,2025-01-27,49249.9,48165.48,48183.84
KSE-100,2025-01-28,113644.71,111434.95,112030.36
KSE-30,2025-01-28,35703.61,34900.13,35135.86
KSE-ALL,2025-01-28,69994.39,68897.95,69179.42
KSE-MI30,2025-01-28,170614.51,166662.68,167805.05
KSE-MIALL,2025-01-28,48134.5,47298.94,47511.86
KSE-100,2025-01-29,112569.89,111157.18,111487.36
KSE-30,2025-01-29,35344.56,34793.58,34934.39
KSE-ALL,2025-01-29,69547.48,68851.13,69018.85
KSE-MI30,2025-01-29,169044.5,166530.29,167466.62
KSE-MIALL,2025-01-29,47795.25,47290.8,47494.0
KSE-100,2025-01-30,113400.56,111805.66,113206.4
KSE-30,2025-01-30,35639.49,35024.39,35565.23
KSE-ALL,2025-01-30,70279.47,69242.8,70112.12
KSE-MI30,2025-01-30,171562.73,168206.88,171199.77
KSE-MIALL,2025-01-30,48540.49,47656.34,48426.65
KSE-100,2025-01-31,115106.99,113692.87,114255.72
KSE-30,2025-01-31,36177.0,35740.01,35869.52
KSE-ALL,2025-01-31,71243.09,70440.7,70604.11
KSE-MI30,2025-01-31,173975.35,171747.16,171979.28
KSE-MIALL,2025-01-31,49152.93,48587.4,48620.58
KSE-100,2025-02-03,114620.79,112681.33,112745.01
KSE-30,2025-02-03,35969.68,35321.3,35359.61
KSE-ALL,2025-02-03,70862.87,69828.95,69855.92
KSE-MI30,2025-02-03,172554.96,168704.46,168958.99
KSE-MIALL,2025-02-03,48831.24,47928.21,47951.02
KSE-100,2025-02-04,113649.07,111828.1,111935.38
KSE-30,2025-02-04,35596.0,34991.84,35024.66
KSE-ALL,2025-02-04,70373.98,69330.15,69366.16
KSE-MI30,2025-02-04,170335.81,167325.27,167453.24
KSE-MIALL,2025-02-04,48270.44,47562.74,47615.13
KSE-100,2025-02-06,112234.15,109405.53,110301.16
KSE-30,2025-02-06,35052.62,34036.91,34386.64
KSE-ALL,2025-02-06,69578.83,68111.03,68560.47
KSE-MI30,2025-02-06,168177.03,162194.4,163971.05
KSE-MIALL,2025-02-06,47803.19,46621.33,46954.8
KSE-100,2025-02-07,110905.09,109686.52,110322.93
KSE-30,2025-02-07,34619.47,34172.18,34411.18
KSE-ALL,2025-02-07,68858.23,68219.91,68536.92
KSE-MI30,2025-02-07,165121.33,162520.27,163634.44
KSE-MIALL,2025-02-07,47188.83,46672.84,46927.37
KSE-100,2025-02-10,111622.72,109948.57,111377.96
KSE-30,2025-02-10,34850.32,34257.98,34797.3
KSE-ALL,2025-02-10,69285.35,68334.1,69157.03
KSE-MI30,2025-02-10,167261.35,162985.32,166701.16
KSE-MIALL,2025-02-10,47590.32,46742.02,47488.22
KSE-100,2025-02-11,113233.4,111834.2,113010.38
KSE-30,2025-02-11,35474.83,34954.83,35394.08
KSE-ALL,2025-02-11,70128.28,69418.76,70026.32
KSE-MI30,2025-02-11,170724.96,167579.88,170521.5
KSE-MIALL,2025-02-11,48379.71,47684.27,48300.12
KSE-100,2025-02-12,113436.71,112621.14,112924.93
KSE-30,2025-02-12,35500.38,35191.25,35311.42
KSE-ALL,2025-02-12,70330.07,69886.67,70074.44
KSE-MI30,2025-02-12,171075.23,169342.22,170341.91
KSE-MIALL,2025-02-12,48476.83,48044.18,48298.68
KSE-100,2025-02-13,113477.71,112540.12,112564.07
KSE-30,2025-02-13,35409.91,35065.41,35093.84
KSE-ALL,2025-02-13,70490.82,69944.77,69944.77
KSE-MI30,2025-02-13,171627.78,169151.22,169367.59
KSE-MIALL,2025-02-13,48612.05,48094.94,48100.9
KSE-100,2025-02-14,113482.12,111861.56,112085.29
KSE-30,2025-02-14,35403.46,34864.04,34945.86
KSE-ALL,2025-02-14,70524.85,69426.8,69588.68
KSE-MI30,2025-02-14,171496.86,167509.76,167983.71
KSE-MIALL,2025-02-14,48612.64,47675.07,47813.18
KSE-100,2025-02-17,112524.8,111513.66,111743.53
KSE-30,2025-02-17,35092.4,34743.97,34806.59
KSE-ALL,2025-02-17,69833.38,69260.51,69267.28
KSE-MI30,2025-02-17,168793.64,166657.48,166820.48
KSE-MIALL,2025-02-17,48014.76,47495.24,47495.24
KSE-100,2025-02-18,113252.54,111642.02,113088.47
KSE-30,2025-02-18,35336.0,34740.55,35308.89
KSE-ALL,2025-02-18,70196.28,69276.01,70076.7
KSE-MI30,2025-02-18,170225.92,166639.63,169985.57
KSE-MIALL,2025-02-18,48251.85,47498.2,48165.5
KSE-100,2025-02-19,114029.75,113060.25,113342.43
KSE-30,2025-02-19,35561.35,35203.12,35292.24
KSE-ALL,2025-02-19,70619.15,70117.9,70235.71
KSE-MI30,2025-02-19,171617.38,169929.27,170540.22
KSE-MIALL,2025-02-19,48618.26,48212.3,48406.45
KSE-100,2025-02-20,114202.13,113525.89,113739.15
KSE-30,2025-02-20,35480.99,35300.03,35327.55
KSE-ALL,2025-02-20,70846.03,70340.26,70475.69
KSE-MI30,2025-02-20,172286.65,170861.25,170978.41
KSE-MIALL,2025-02-20,48916.35,48490.98,48552.45
KSE-100,2025-02-21,114444.01,112800.93,112800.93
KSE-30,2025-02-21,35571.81,35036.15,35036.31
KSE-ALL,2025-02-21,70842.13,70120.11,70124.36
KSE-MI30,2025-02-21,172635.55,169477.3,169637.47
KSE-MIALL,2025-02-21,48896.54,48212.43,48221.61
KSE-100,2025-02-24,114573.67,111857.33,114330.1
KSE-30,2025-02-24,35722.79,34694.46,35612.48
KSE-ALL,2025-02-24,70974.08,69639.65,70858.17
KSE-MI30,2025-02-24,172959.01,168048.66,172363.71
KSE-MIALL,2025-02-24,48981.99,47908.92,48886.09
KSE-100,2025-02-25,115889.6,114178.55,114528.08
KSE-30,2025-02-25,36160.31,35575.52,35698.95
KSE-ALL,2025-02-25,71655.4,70842.02,70985.54
KSE-MI30,2025-02-25,175366.99,171997.2,172487.21
KSE-MIALL,2025-02-25,49573.99,48875.68,48977.31
KSE-100,2025-02-26,114762.92,113849.93,113862.32
KSE-30,2025-02-26,35732.12,35383.66,35400.86
KSE-ALL,2025-02-26,71138.74,70589.56,70589.56
KSE-MI30,2025-02-26,172632.6,170780.04,170868.32
KSE-MIALL,2025-02-26,49063.51,48613.34,48633.81
KSE-100,2025-02-27,114456.91,113729.52,113784.3
KSE-30,2025-02-27,35602.61,35371.73,35387.15
KSE-ALL,2025-02-27,70967.26,70551.27,70551.27
KSE-MI30,2025-02-27,172143.17,170782.66,171050.62
KSE-MIALL,2025-02-27,48996.99,48609.53,48638.49
KSE-100,2025-02-28,114265.97,113201.84,113251.66
KSE-30,2025-02-28,35526.11,35151.1,35193.93
KSE-ALL,2025-02-28,70833.55,70226.24,70262.65
KSE-MI30,2025-02-28,171732.21,169479.55,169716.79
KSE-MIALL,2025-02-28,48812.08,48361.57,48370.66
KSE-100,2025-03-03,113591.83,111829.14,111986.88
KSE-30,2025-03-03,35196.35,34633.57,34675.97
KSE-ALL,2025-03-03,70500.85,69530.04,69612.74
KSE-MI30,2025-03-03,170017.09,166927.76,167114.95
KSE-MIALL,2025-03-03,48487.31,47866.54,47900.3
KSE-100,2025-03-04,112877.01,111717.17,112743.79
KSE-30,2025-03-04,35020.51,34612.54,34967.58
KSE-ALL,2025-03-04,70173.63,69502.09,70048.66
KSE-MI30,2025-03-04,168912.01,166713.55,168643.81
KSE-MIALL,2025-03-04,48328.76,47847.11,48269.51
KSE-100,2025-03-05,113327.12,112146.09,112253.76
KSE-30,2025-03-05,35148.91,34729.0,34783.91
KSE-ALL,2025-03-05,70414.06,69825.09,69831.18
KSE-MI30,2025-03-05,169917.26,167710.85,167917.35
KSE-MIALL,2025-03-05,48560.27,48093.67,48125.17
KSE-100,2025-03-06,114713.17,112446.0,114713.17
KSE-30,2025-03-06,35348.26,34808.4,35301.83
KSE-ALL,2025-03-06,70786.01,69896.87,70629.12
KSE-MI30,2025-03-06,171548.34,168026.17,171291.88
KSE-MIALL,2025-03-06,49008.23,48148.27,48936.47
KSE-100,2025-03-07,114721.58,114169.19,114398.69
KSE-30,2025-03-07,35569.2,35391.98,35458.01
KSE-ALL,2025-03-07,71313.9,70874.44,71080.58
KSE-MI30,2025-03-07,174030.71,172409.18,173097.31
KSE-MIALL,2025-03-07,49562.82,49145.45,49355.88
KSE-100,2025-03-10,115048.41,114152.31,114356.34
KSE-30,2025-03-10,35583.12,35277.06,35347.19
KSE-ALL,2025-03-10,71358.03,70950.46,71031.68
KSE-MI30,2025-03-10,173850.19,171690.59,172133.58
KSE-MIALL,2025-03-10,49504.26,49066.21,49164.55
KSE-100,2025-03-11,114486.19,113610.31,114177.65
KSE-30,2025-03-11,35397.96,35006.24,35309.69
KSE-ALL,2025-03-11,71175.85,70645.4,71009.16
KSE-MI30,2025-03-11,173492.21,170416.11,173005.5
KSE-MIALL,2025-03-11,49375.87,48792.75,49261.72
KSE-100,2025-03-12,114661.88,114001.5,114084.53
KSE-30,2025-03-12,35453.56,35214.38,35257.52
KSE-ALL,2025-03-12,71269.27,70935.96,70952.47
KSE-MI30,2025-03-12,173954.7,172669.79,173025.99
KSE-MIALL,2025-03-12,49527.01,49221.29,49315.58
KSE-100,2025-03-13,115247.39,114429.93,115094.23
KSE-30,2025-03-13,35653.47,35368.94,35611.09
KSE-ALL,2025-03-13,71596.67,71104.25,71378.75
KSE-MI30,2025-03-13,175448.47,173461.97,175362.09
KSE-MIALL,2025-03-13,49821.16,49395.77,49716.89
KSE-100,2025-03-14,115730.98,115162.69,115536.16
KSE-30,2025-03-14,35711.13,35511.68,35658.12
KSE-ALL,2025-03-14,71768.46,71518.28,71685.25
KSE-MI30,2025-03-14,176572.3,175399.11,176320.72
KSE-MIALL,2025-03-14,50032.95,49815.49,49969.0
KSE-100,2025-03-17,116626.82,115883.22,116199.59
KSE-30,2025-03-17,36086.1,35720.85,35906.36
KSE-ALL,2025-03-17,72433.17,71933.9,72209.17
KSE-MI30,2025-03-17,179538.28,176818.37,178702.18
KSE-MIALL,2025-03-17,50761.86,50161.03,50567.74
KSE-100,2025-03-18,117202.09,116490.82,117001.09
KSE-30,2025-03-18,36210.35,35966.67,36134.23
KSE-ALL,2025-03-18,72731.33,72413.4,72541.62
KSE-MI30,2025-03-18,180370.26,179020.98,179883.67
KSE-MIALL,2025-03-18,50952.24,50672.78,50791.68
KSE-100,2025-03-19,118243.63,116882.8,117974.02
KSE-30,2025-03-19,36592.29,36040.42,36495.63
KSE-ALL,2025-03-19,73201.42,72462.49,73025.61
KSE-MI30,2025-03-19,182937.23,179163.72,182436.98
KSE-MIALL,2025-03-19,51354.34,50654.73,51240.65
KSE-100,2025-03-20,119421.81,118444.03,118769.77
KSE-30,2025-03-20,36727.7,36345.43,36532.04
KSE-ALL,2025-03-20,52008.37,51496.68,51842.11
KSE-MI30,2025-03-20,185545.2,183440.26,184857.52
KSE-MIALL,2025-03-20,52008.37,51496.68,51842.11
KSE-100,2025-03-21,119405.91,118334.4,118442.17
KSE-30,2025-03-21,36714.78,36328.5,36375.51
KSE-ALL,2025-03-21,74029.6,73377.98,73466.22
KSE-MI30,2025-03-21,185929.98,183949.13,184288.36
KSE-MIALL,2025-03-21,52171.68,51654.98,51768.26
KSE-100,2025-03-24,118797.7,116257.51,116439.62
KSE-30,2025-03-24,36446.43,35624.29,35703.04
KSE-ALL,2025-03-24,73789.47,72309.39,72366.8
KSE-MI30,2025-03-24,184516.11,179082.55,179654.23
KSE-MIALL,2025-03-24,51915.76,50701.14,50802.94
KSE-100,2025-03-25,116904.55,115877.88,116633.16
KSE-30,2025-03-25,35906.51,35489.09,35821.61
KSE-ALL,2025-03-25,72699.11,72014.1,72527.01
KSE-MI30,2025-03-25,181369.53,178318.19,180843.16
KSE-MIALL,2025-03-25,51150.84,50463.43,51021.67
KSE-100,2025-03-26,118220.88,117178.23,117772.31
KSE-30,2025-03-26,36399.54,36031.71,36296.31
KSE-ALL,2025-03-26,73463.75,72987.37,73288.72
KSE-MI30,2025-03-26,184377.26,181797.9,183158.5
KSE-MIALL,2025-03-26,51871.07,51307.0,51596.26
KSE-100,2025-03-27,118147.25,117551.42,117806.74
KSE-30,2025-03-27,36427.07,36199.25,36346.67
KSE-ALL,2025-03-27,73526.31,73205.17,73340.41
KSE-MI30,2025-03-27,183646.5,182628.08,183406.28
KSE-MIALL,2025-03-27,51711.61,51470.98,51537.89
KSE-100,2025-04-03,119179.45,117508.07,118938.11
KSE-30,2025-04-03,36852.92,36210.24,36756.23
KSE-ALL,2025-04-03,74099.83,73218.22,73949.09
KSE-MI30,2025-04-03,185266.89,181792.63,184835.47
KSE-MIALL,2025-04-03,52008.11,51308.5,51917.9
KSE-100,2025-04-04,120796.67,118718.26,118791.66
KSE-30,2025-04-04,37456.18,36728.08,36778.8
KSE-ALL,2025-04-04,74989.49,73846.35,73871.48
KSE-MI30,2025-04-04,186691.7,181780.24,181907.62
KSE-MIALL,2025-04-04,52319.49,51342.49,51342.49
KSE-100,2025-04-07,117601.97,110103.97,114909.48
KSE-30,2025-04-07,36443.81,33903.46,35541.31
KSE-ALL,2025-04-07,73214.59,68910.34,71427.19
KSE-MI30,2025-04-07,179673.39,165904.74,173995.97
KSE-MIALL,2025-04-07,50802.87,47401.18,49400.58
KSE-100,2025-04-08,115800.77,115560.91,115560.91
KSE-30,2025-04-08,35870.95,35654.6,35654.6
KSE-ALL,2025-04-08,72647.48,71908.72,72139.47
KSE-MI30,2025-04-08,176229.78,175700.88,175700.88
KSE-MIALL,2025-04-08,49874.31,49874.31,49874.31
KSE-100,2025-04-09,115092.12,112891.49,112891.49
KSE-30,2025-04-09,35538.19,34766.56,34766.56
KSE-ALL,2025-04-09,49873.34,48995.16,48995.16
KSE-MI30,2025-04-09,175439.3,171510.73,171510.73
KSE-MIALL,2025-04-09,49873.34,48995.16,48995.16
KSE-100,2025-04-10,117094.15,116130.9,116130.9
KSE-30,2025-04-10,36219.55,35772.0,35772.0
KSE-ALL,2025-04-10,72999.35,72626.67,72626.67
KSE-MI30,2025-04-10,179109.3,177353.98,177353.98
KSE-MIALL,2025-04-10,50833.44,50596.26,50596.26
KSE-100,2025-04-11,115937.38,114639.92,114639.92
KSE-30,2025-04-11,35647.36,35143.9,35143.9
KSE-ALL,2025-04-11,72531.71,71966.16,71966.16
KSE-MI30,2025-04-11,176685.09,174925.06,174925.06
KSE-MIALL,2025-04-11,50526.23,50240.18,50240.18
KSE-100,2025-04-14,116494.19,115246.2,116390.03
KSE-30,2025-04-14,35740.15,35284.28,35696.25
KSE-ALL,2025-04-14,72852.84,72281.77,72781.15
KSE-MI30,2025-04-14,177682.62,175412.67,177572.79
KSE-MIALL,2025-04-14,50840.8,50336.83,50817.86
KSE-100,2025-04-15,117362.22,116645.68,116775.5
KSE-30,2025-04-15,36076.92,35790.06,35849.26
KSE-ALL,2025-04-15,73354.75,72793.24,72978.76
KSE-MI30,2025-04-15,179618.37,177819.93,178352.39
KSE-MIALL,2025-04-15,51239.55,50872.17,51029.11
KSE-100,2025-04-16,117424.04,115776.11,116020.1
KSE-30,2025-04-16,36127.89,35514.85,35606.47
KSE-ALL,2025-04-16,73357.94,72422.12,72505.55
KSE-MI30,2025-04-16,179478.95,175887.46,176238.73
KSE-MIALL,2025-04-16,51337.96,50487.18,50540.45
KSE-100,2025-04-17,117216.02,115818.07,116901.13
KSE-30,2025-04-17,36040.89,35550.31,35932.65
KSE-ALL,2025-04-17,73198.74,72452.38,73027.16
KSE-MI30,2025-04-17,178184.92,175966.93,177856.19
KSE-MIALL,2025-04-17,50998.28,50519.1,50916.63
KSE-100,2025-04-18,117888.13,116759.07,117315.58
KSE-30,2025-04-18,36316.89,35906.54,36116.37
KSE-ALL,2025-04-18,73635.03,72999.86,73347.84
KSE-MI30,2025-04-18,179091.7,177487.3,177755.99
KSE-MIALL,2025-04-18,51220.23,50872.89,50991.23
KSE-100,2025-04-21,118827.47,117712.7,118383.38
KSE-30,2025-04-21,36630.92,36232.3,36395.14
KSE-ALL,2025-04-21,74170.19,73621.09,73970.94
KSE-MI30,2025-04-21,179716.59,177976.47,179418.56
KSE-MIALL,2025-04-21,51535.52,51106.08,51448.94
KSE-100,2025-04-22,119217.19,118161.67,118430.35
KSE-30,2025-04-22,36656.36,36313.9,36403.19
KSE-ALL,2025-04-22,74357.58,73690.51,73872.65
KSE-MI30,2025-04-22,180282.59,178568.26,178898.56
KSE-MIALL,2025-04-22,51738.43,51343.72,51469.86
KSE-100,2025-04-23,118811.24,117120.39,117226.14
KSE-30,2025-04-23,36614.59,35968.62,36019.66
KSE-ALL,2025-04-23,74117.85,73335.13,73365.85
KSE-MI30,2025-04-23,179148.18,176735.5,176989.57
KSE-MIALL,2025-04-23,51582.2,51085.37,51147.71
KSE-100,2025-04-24,116568.13,114661.2,115019.81
KSE-30,2025-04-24,35832.78,35173.67,35328.39
KSE-ALL,2025-04-24,72863.83,71912.3,72123.91
KSE-MI30,2025-04-24,175659.54,172766.51,173480.45
KSE-MIALL,2025-04-24,50745.3,49999.69,50190.46
KSE-100,2025-04-25,115844.88,113716.6,115469.34
KSE-30,2025-04-25,35666.63,34907.21,35562.68
KSE-ALL,2025-04-25,72602.21,71334.13,72114.83
KSE-MI30,2025-04-25,174810.63,170328.15,173736.75
KSE-MIALL,2025-04-25,50520.93,49401.45,50120.38
KSE-100,2025-04-28,116658.94,113867.8,114063.9
KSE-30,2025-04-28,35967.23,34945.12,35033.67
KSE-ALL,2025-04-28,72644.17,71068.81,71163.24
KSE-MI30,2025-04-28,176832.33,170505.47,170916.5
KSE-MIALL,2025-04-28,50602.73,49253.74,49331.16
KSE-100,2025-04-29,115040.58,112935.56,114872.18
KSE-30,2025-04-29,35334.63,34535.13,35267.18
KSE-ALL,2025-04-29,71617.24,70570.84,71509.46
KSE-MI30,2025-04-29,173605.81,168732.33,173143.87
KSE-MIALL,2025-04-29,49706.5,48858.42,49616.78
KSE-100,2025-04-30,114066.12,110631.18,111326.57
KSE-30,2025-04-30,34854.15,33765.92,33993.14
KSE-ALL,2025-04-30,71113.09,69056.5,69423.49
KSE-MI30,2025-04-30,171363.2,165361.19,166387.75
KSE-MIALL,2025-04-30,49279.52,47738.79,47981.65
KSE-100,2025-05-02,114546.87,112820.07,114113.93
KSE-30,2025-05-02,35036.57,34537.25,34917.42
KSE-ALL,2025-05-02,71085.62,70081.43,70939.74
KSE-MI30,2025-05-02,171148.72,169386.29,170565.93
KSE-MIALL,2025-05-02,49100.96,48575.29,48954.53
KSE-100,2025-05-05,114552.2,113077.66,114102.23
KSE-30,2025-05-05,34986.78,34518.55,34808.6
KSE-ALL,2025-05-05,71278.14,70522.69,71104.21
KSE-MI30,2025-05-05,171409.08,168364.25,170671.65
KSE-MIALL,2025-05-05,49201.99,48567.4,49108.06
KSE-100,2025-05-06,115093.1,113418.52,113568.5
KSE-30,2025-05-06,35160.82,34626.99,34680.69
KSE-ALL,2025-05-06,71641.78,70776.98,70870.01
KSE-MI30,2025-05-06,171997.06,169397.93,169713.96
KSE-MIALL,2025-05-06,49471.1,48839.6,48914.74
KSE-100,2025-05-07,112457.37,107007.68,110009.02
KSE-30,2025-05-07,34398.75,32533.91,33609.41
KSE-ALL,2025-05-07,69985.55,66943.47,68701.21
KSE-MI30,2025-05-07,167882.13,158272.12,162710.59
KSE-MIALL,2025-05-07,48277.57,45966.62,47183.9
KSE-100,2025-05-08,111881.02,101598.9,103526.81
KSE-30,2025-05-08,34174.5,30649.92,31478.13
KSE-ALL,2025-05-08,69780.86,63832.23,64527.99
KSE-MI30,2025-05-08,166264.17,147785.76,151302.13
KSE-MIALL,2025-05-08,47990.08,43515.29,44072.19
KSE-100,2025-05-09,107541.45,1020.82,107174.63
KSE-30,2025-05-09,32782.39,31070.53,32648.09
KSE-ALL,2025-05-09,66669.42,63769.49,66513.47
KSE-MI30,2025-05-09,158802.39,149138.97,158209.14
KSE-MIALL,2025-05-09,45806.06,43542.92,45693.08
KSE-100,2025-05-12,117327.78,115794.37,117297.73
KSE-30,2025-05-12,35853.26,35423.63,35838.8
KSE-ALL,2025-05-12,72409.57,71409.3,72310.03
KSE-MI30,2025-05-12,174073.26,172356.29,174035.32
KSE-MIALL,2025-05-12,49910.89,49221.93,49822.72
KSE-100,2025-05-13,120067.12,116859.93,118575.88
KSE-30,2025-05-13,36771.09,35710.46,36301.65
KSE-ALL,2025-05-13,73890.02,72260.27,73307.73
KSE-MI30,2025-05-13,179459.7,173818.38,178875.63
KSE-MIALL,2025-05-13,51122.5,49845.36,50945.7
KSE-100,2025-05-14,119460.54,118148.64,118536.52
KSE-30,2025-05-14,36646.39,36150.41,36293.72
KSE-ALL,2025-05-14,73824.89,73133.18,73338.56
KSE-MI30,2025-05-14,180274.45,177781.28,179034.17
KSE-MIALL,2025-05-14,51217.98,50730.04,50908.4
KSE-100,2025-05-15,119990.3,118871.13,119961.91
KSE-30,2025-05-15,36797.47,36409.42,36773.0
KSE-ALL,2025-05-15,74281.36,73522.27,74240.52
KSE-MI30,2025-05-15,181739.0,179680.02,181627.17
KSE-MIALL,2025-05-15,51593.68,51036.27,51518.28
KSE-100,2025-05-16,120506.17,119541.15,119649.14
KSE-30,2025-05-16,36897.59,36568.34,36601.17
KSE-ALL,2025-05-16,74699.03,74097.12,74209.25
KSE-MI30,2025-05-16,182274.64,180313.6,180509.05
KSE-MIALL,2025-05-16,51816.46,51355.64,51415.17
KSE-100,2025-05-19,120285.54,119250.67,119689.63
KSE-30,2025-05-19,36803.69,36392.87,36564.76
KSE-ALL,2025-05-19,74671.45,73988.95,74188.26
KSE-MI30,2025-05-19,181875.68,179732.36,180576.96
KSE-MIALL,2025-05-19,51777.33,51268.5,51414.21
KSE-100,2025-05-20,119900.37,118527.09,118971.12
KSE-30,2025-05-20,36610.65,36157.58,36283.39
KSE-ALL,2025-05-20,74326.36,73645.45,73878.89
KSE-MI30,2025-05-20,180780.92,178825.24,179627.31
KSE-MIALL,2025-05-20,51492.39,51019.83,51182.71
KSE-100,2025-05-21,120106.21,119128.38,119931.45
KSE-30,2025-05-21,36641.76,36325.16,36596.85
KSE-ALL,2025-05-21,74644.41,74026.81,74510.5
KSE-MI30,2025-05-21,181175.71,179946.84,181010.69
KSE-MIALL,2025-05-21,51669.32,51278.52,51594.45
KSE-100,2025-05-22,120699.17,119062.03,119153.04
KSE-30,2025-05-22,36847.84,36280.64,36326.45
KSE-ALL,2025-05-22,75032.38,74138.53,74147.8
KSE-MI30,2025-05-22,182277.91,178778.04,179096.32
KSE-MIALL,2025-05-22,51960.51,51242.71,51273.74
KSE-100,2025-05-23,119542.51,118665.25,119102.67
KSE-30,2025-05-23,36425.7,36138.45,36301.75
KSE-ALL,2025-05-23,74539.16,73962.1,74155.62
KSE-MI30,2025-05-23,179658.01,178130.69,179254.13
KSE-MIALL,2025-05-23,51515.8,51081.64,51280.5
KSE-100,2025-05-26,119290.94,118150.27,118221.12
KSE-30,2025-05-26,36323.39,35936.44,35955.2
KSE-ALL,2025-05-26,74427.22,73817.69,73842.58
KSE-MI30,2025-05-26,179547.77,177381.11,177568.7
KSE-MIALL,2025-05-26,51421.27,50954.51,50997.75
KSE-100,2025-05-27,118807.92,118143.67,118332.9
KSE-30,2025-05-27,36151.14,35890.1,35968.63
KSE-ALL,2025-05-27,74220.53,73838.45,73957.69
KSE-MI30,2025-05-27,179102.01,177419.97,178300.81
KSE-MIALL,2025-05-27,51326.15,50948.12,51145.61
KSE-100,2025-05-29,119639.47,118481.97,118971.4
KSE-30,2025-05-29,36393.46,36015.76,36204.6
KSE-ALL,2025-05-29,74704.77,74070.39,74363.96
KSE-MI30,2025-05-29,180848.46,178589.65,179513.42
KSE-MIALL,2025-05-29,51711.66,51189.56,51422.54
KSE-100,2025-05-30,119913.88,118771.83,119691.09
KSE-30,2025-05-30,36548.14,36121.64,36454.15
KSE-ALL,2025-05-30,74900.81,74411.35,74761.31
KSE-MI30,2025-05-30,181141.59,179122.57,180638.95
KSE-MIALL,2025-05-30,51801.58,51442.83,51710.67
KSE-100,2025-06-02,120590.77,118672.84,118877.8
KSE-30,2025-06-02,36747.99,36062.26,36144.59
KSE-ALL,2025-06-02,75384.82,74343.76,74458.74
KSE-MI30,2025-06-02,182259.0,177832.21,178477.4
KSE-MIALL,2025-06-02,52104.82,51241.09,51363.43
KSE-100,2025-06-03,120693.83,119129.51,120450.87
KSE-30,2025-06-03,36679.54,36207.07,36584.01
KSE-ALL,2025-06-03,75350.92,74626.28,75226.61
KSE-MI30,2025-06-03,180747.01,178750.5,180267.98
KSE-MIALL,2025-06-03,51936.85,51436.23,51859.64
KSE-100,2025-06-04,121882.47,120896.13,121798.86
KSE-30,2025-06-04,37029.52,36698.86,36983.92
KSE-ALL,2025-06-04,76104.22,75522.74,76028.52
KSE-MI30,2025-06-04,182352.29,180786.22,181895.82
KSE-MIALL,2025-06-04,52283.53,52040.07,52231.49
KSE-100,2025-06-05,122281.58,121517.9,121641.0
KSE-30,2025-06-05,37094.93,36782.02,36827.89
KSE-ALL,2025-06-05,76292.2,75880.62,75951.7
KSE-MI30,2025-06-05,182397.63,180962.92,181199.42
KSE-MIALL,2025-06-05,52389.86,52088.08,52088.08
KSE-100,2025-06-10,122611.53,121589.9,122024.44
KSE-30,2025-06-10,37109.64,36754.0,36902.59
KSE-ALL,2025-06-10,76447.79,75936.58,76160.77
KSE-MI30,2025-06-10,182171.84,180787.7,180985.59
KSE-MIALL,2025-06-10,52381.67,50276.87,52147.66
KSE-100,2025-06-11,124588.17,123237.99,124352.68
KSE-30,2025-06-11,37724.27,37248.89,37631.83
KSE-ALL,2025-06-11,77468.85,76642.58,77327.8
KSE-MI30,2025-06-11,185840.52,182731.91,185840.52
KSE-MIALL,2025-06-11,53282.94,52626.25,53175.36
KSE-100,2025-06-12,126718.28,123846.55,124093.12
KSE-30,2025-06-12,38367.89,37474.65,37536.68
KSE-ALL,2025-06-12,78617.93,76985.08,77106.29
KSE-MI30,2025-06-12,189534.87,183986.26,184370.68
KSE-MIALL,2025-06-12,54240.42,52887.68,53011.14
KSE-100,2025-06-13,123058.06,121604.59,122143.56
KSE-30,2025-06-13,37246.02,36728.64,36883.29
KSE-ALL,2025-06-13,76530.66,75689.74,76055.21
KSE-MI30,2025-06-13,182571.88,179461.75,180397.18
KSE-MIALL,2025-06-13,52543.39,51835.64,52092.45
KSE-100,2025-06-16,122903.33,121889.95,122225.35
KSE-30,2025-06-16,37160.51,36852.84,36956.09
KSE-ALL,2025-06-16,76542.23,76044.39,76334.69
KSE-MI30,2025-06-16,182044.55,180198.79,180466.5
KSE-MIALL,2025-06-16,52493.53,50065.65,52308.49
KSE-100,2025-06-17,122891.61,121815.38,121971.04
KSE-30,2025-06-17,37237.54,36875.87,36912.95
KSE-ALL,2025-06-17,76768.51,76114.6,76217.23
KSE-MI30,2025-06-17,181414.41,179635.95,179918.46
KSE-MIALL,2025-06-17,52522.18,52109.56,52207.51
KSE-100,2025-06-18,121905.49,120417.99,120465.93
KSE-30,2025-06-18,36961.41,36487.46,36506.12
KSE-ALL,2025-06-18,76202.0,75309.05,75339.81
KSE-MI30,2025-06-18,180251.52,177728.47,177871.46
KSE-MIALL,2025-06-18,52274.26,51619.85,51657.22
KSE-100,2025-06-19,121745.3,119770.03,120002.59
KSE-30,2025-06-19,36973.3,36350.97,36441.73
KSE-ALL,2025-06-19,76095.77,74797.84,74892.12
KSE-MI30,2025-06-19,180810.37,176343.57,176794.04
KSE-MIALL,2025-06-19,52284.32,51201.11,51299.8
KSE-100,2025-06-20,120828.86,119872.15,120023.23
KSE-30,2025-06-20,36759.93,36447.88,36533.22
KSE-ALL,2025-06-20,75452.55,74874.0,74956.94
KSE-MI30,2025-06-20,178859.4,176993.49,177648.06
KSE-MIALL,2025-06-20,51822.91,51324.52,51412.96
KSE-100,2025-06-23,118798.51,115887.48,116167.47
KSE-30,2025-06-23,36229.87,35307.62,35407.34
KSE-ALL,2025-06-23,74260.57,72338.4,72520.44
KSE-MI30,2025-06-23,175400.35,169289.13,169941.56
KSE-MIALL,2025-06-23,50834.86,49299.6,49473.12
KSE-100,2025-06-24,122725.21,120369.53,122246.63
KSE-30,2025-06-24,37497.11,36687.44,37283.85
KSE-ALL,2025-06-24,76499.67,74897.44,76223.89
KSE-MI30,2025-06-24,182599.01,178071.23,181853.72
KSE-MIALL,2025-06-24,52581.18,51437.95,52456.37
KSE-100,2025-06-25,123256.55,122168.76,122761.64
KSE-30,2025-06-25,37630.88,37231.65,37384.76
KSE-ALL,2025-06-25,76754.62,76222.57,76639.55
KSE-MI30,2025-06-25,183364.68,181447.64,182010.53
KSE-MIALL,2025-06-25,52812.76,52388.32,52673.74
KSE-100,2025-06-26,123417.87,122046.46,122046.46
KSE-30,2025-06-26,37588.56,37181.12,37202.37
KSE-ALL,2025-06-26,77079.13,76303.21,76303.21
KSE-MI30,2025-06-26,183506.31,181153.01,181426.31
KSE-MIALL,2025-06-26,53116.88,52546.96,52551.95
KSE-100,2025-06-27,125285.05,122222.69,124379.06
KSE-30,2025-06-27,38339.59,37234.84,37915.72
KSE-ALL,2025-06-27,78027.74,76480.88,77679.81
KSE-MI30,2025-06-27,187271.05,181696.87,184872.77
KSE-MIALL,2025-06-27,53881.74,52692.47,53473.19
KSE-100,2025-06-30,125748.58,124500.2,125627.31
KSE-30,2025-06-30,38258.51,37894.73,38153.78
KSE-ALL,2025-06-30,78716.98,77970.06,78584.71
KSE-MI30,2025-06-30,186248.58,184770.37,184886.49
KSE-MIALL,2025-06-30,53939.26,53547.96,53763.8
KSE-100,2025-07-01,128475.69,126113.27,128199.42
KSE-30,2025-07-01,39222.65,38276.52,39104.99
KSE-ALL,2025-07-01,79906.1,78864.75,79787.62
KSE-MI30,2025-07-01,187797.22,185331.39,186915.6
KSE-MIALL,2025-07-01,54356.74,53906.44,54201.88
KSE-100,2025-07-02,130545.94,128616.11,130344.03
KSE-30,2025-07-02,39984.81,39243.82,39908.26
KSE-ALL,2025-07-02,81161.11,80124.54,81023.98
KSE-MI30,2025-07-02,190004.43,187793.02,189535.0
KSE-MIALL,2025-07-02,54886.16,54417.86,54783.65
KSE-100,2025-07-03,131325.1,129776.2,130686.65
KSE-30,2025-07-03,40249.66,39686.83,39945.44
KSE-ALL,2025-07-03,81673.91,80838.45,81305.25
KSE-MI30,2025-07-03,191421.98,189113.33,190698.05
KSE-MIALL,2025-07-03,55243.21,54685.14,55074.15
KSE-100,2025-07-04,132129.6,130716.1,131949.06
KSE-30,2025-07-04,40476.53,39915.58,40387.76
KSE-ALL,2025-07-04,82157.32,81398.91,82069.25
KSE-MI30,2025-07-04,191873.49,190672.65,191376.82
KSE-MIALL,2025-07-04,55315.39,55056.48,55193.97
KSE-100,2025-07-07,133862.01,132467.12,133370.14
KSE-30,2025-07-07,40898.79,40257.68,40705.3
KSE-ALL,2025-07-07,83267.57,82483.93,83081.15
KSE-MI30,2025-07-07,192757.38,191759.34,192580.67
KSE-MIALL,2025-07-07,55869.35,55402.45,55835.71
KSE-100,2025-07-08,134200.27,132696.35,133403.19
KSE-30,2025-07-08,40651.45,40446.98,40651.45
KSE-ALL,2025-07-08,83727.39,82695.49,83188.05
KSE-MI30,2025-07-08,193310.59,191253.33,192083.91
KSE-MIALL,2025-07-08,56237.79,55609.8,55847.69
KSE-100,2025-07-09,133566.37,132326.17,132576.98
KSE-30,2025-07-09,40735.43,40267.98,40358.79
KSE-ALL,2025-07-09,83378.76,82749.92,82983.67
KSE-MI30,2025-07-09,192517.74,190302.88,190727.32
KSE-MIALL,2025-07-09,55961.86,55515.98,55698.47
KSE-100,2025-07-10,133902.34,132706.02,133782.34
KSE-30,2025-07-10,40721.5,40374.48,40681.77
KSE-ALL,2025-07-10,83686.49,83089.71,83615.81
KSE-MI30,2025-07-10,192064.69,190710.71,191640.87
KSE-MIALL,2025-07-10,56126.35,55728.47,55891.5
KSE-100,2025-07-11,134931.96,134130.4,134299.76
KSE-30,2025-07-11,41011.07,40746.88,40814.28
KSE-ALL,2025-07-11,84307.48,83894.41,84018.16
KSE-MI30,2025-07-11,193713.78,192064.4,192589.16
KSE-MIALL,2025-07-11,56304.5,56026.36,56072.24
KSE-100,2025-07-14,136841.49,134937.43,136502.53
KSE-30,2025-07-14,41680.98,41009.82,41552.62
KSE-ALL,2025-07-14,85268.13,84371.61,85079.9
KSE-MI30,2025-07-14,193833.41,192867.06,193330.76
KSE-MIALL,2025-07-14,56500.66,56251.04,56315.3
KSE-100,2025-07-15,137747.6,135826.4,135939.87
KSE-30,2025-07-15,41980.53,41329.9,41373.68
KSE-ALL,2025-07-15,85784.98,84592.16,84600.38
KSE-MI30,2025-07-15,193833.1,190922.44,191069.97
KSE-MIALL,2025-07-15,56516.5,55738.06,55738.06
KSE-100,2025-07-16,137232.1,135542.88,136379.96
KSE-30,2025-07-16,41850.0,41221.88,41546.22
KSE-ALL,2025-07-16,85189.61,84270.19,84648.35
KSE-MI30,2025-07-16,191883.16,189828.41,191719.76
KSE-MIALL,2025-07-16,55941.62,55471.99,55827.73
KSE-100,2025-07-17,138943.47,136674.98,138665.49
KSE-30,2025-07-17,42470.01,41620.01,42353.13
KSE-ALL,2025-07-17,85809.39,84841.1,85699.5
KSE-MI30,2025-07-17,195539.59,192229.2,195182.03
KSE-MIALL,2025-07-17,56505.22,55943.65,56389.15
KSE-100,2025-07-18,140585.38,138343.72,138597.36
KSE-30,2025-07-18,42975.2,42188.23,42340.8
KSE-ALL,2025-07-18,86374.8,85207.24,85286.15
KSE-MI30,2025-07-18,197385.45,193314.02,193554.51
KSE-MIALL,2025-07-18,56801.74,55941.85,55946.05
KSE-100,2025-07-21,139201.15,138149.56,138217.58
KSE-30,2025-07-21,42554.14,42130.43,42154.94
KSE-ALL,2025-07-21,85580.1,85071.48,85223.89
KSE-MI30,2025-07-21,194262.95,192613.47,193082.0
KSE-MIALL,2025-07-21,56155.12,55776.01,55954.08
KSE-100,2025-07-22,139901.77,138197.81,139419.61
KSE-30,2025-07-22,42804.97,42157.91,42653.43
KSE-ALL,2025-07-22,86145.01,85282.25,85866.78
KSE-MI30,2025-07-22,196982.9,193219.79,196070.05
KSE-MIALL,2025-07-22,56769.0,56018.11,56532.83
KSE-100,2025-07-23,140202.17,139105.05,139254.35
KSE-30,2025-07-23,42916.11,42568.27,42628.16
KSE-ALL,2025-07-23,86335.56,85829.6,85904.27
KSE-MI30,2025-07-23,197420.8,195914.52,196071.87
KSE-MIALL,2025-07-23,56954.55,56585.75,56632.09
KSE-100,2025-07-24,139867.82,138614.09,138692.66
KSE-30,2025-07-24,42831.29,42381.03,42414.86
KSE-ALL,2025-07-24,86412.29,85775.45,85794.52
KSE-MI30,2025-07-24,197203.75,194883.94,195013.85
KSE-MIALL,2025-07-24,57014.98,56594.68,56594.68
KSE-100,2025-07-25,139436.76,138808.64,139207.28
KSE-30,2025-07-25,42699.51,42419.16,42602.84
KSE-ALL,2025-07-25,86246.91,85884.33,86176.92
KSE-MI30,2025-07-25,196743.34,194945.96,196319.49
KSE-MIALL,2025-07-25,56924.53,56570.04,56861.96
KSE-100,2025-07-28,140149.23,139195.84,139380.05
KSE-30,2025-07-28,42901.66,42557.29,42628.63
KSE-ALL,2025-07-28,86813.39,86277.62,86340.25
KSE-MI30,2025-07-28,198355.35,197092.58,197449.39
KSE-MIALL,2025-07-28,57399.48,57133.4,57230.09
KSE-100,2025-07-29,140331.01,137636.37,137964.81
KSE-30,2025-07-29,42931.21,41928.51,42074.6
KSE-ALL,2025-07-29,86867.76,85420.52,85571.43
KSE-MI30,2025-07-29,198303.57,193455.63,193828.23
KSE-MIALL,2025-07-29,57551.62,56657.15,56697.29
KSE-100,2025-07-30,139018.88,137658.81,138412.25
KSE-30,2025-07-30,42428.56,42000.1,42254.84
KSE-ALL,2025-07-30,86047.19,85307.51,85702.96
KSE-MI30,2025-07-30,195753.45,193046.3,194109.59
KSE-MIALL,2025-07-30,57055.76,56469.09,56713.66
KSE-100,2025-07-31,140215.22,139083.74,139390.42
KSE-30,2025-07-31,42871.21,42476.57,42618.6
KSE-ALL,2025-07-31,86819.17,86178.75,86260.96
KSE-MI30,2025-07-31,197894.46,195851.59,196907.85
KSE-MIALL,2025-07-31,197894.46,195851.59,196907.85
KSE-100,2025-08-01,141160.93,138957.7,141034.98
KSE-30,2025-08-01,43381.9,42453.86,43334.54
KSE-ALL,2025-08-01,87438.46,86100.58,87318.23
KSE-MI30,2025-08-01,201384.83,196050.05,201116.97
KSE-MIALL,2025-08-01,58449.35,57144.5,58357.21
KSE-100,2025-08-04,142323.34,141440.48,142052.64
KSE-30,2025-08-04,43774.15,43468.93,43706.73
KSE-ALL,2025-08-04,88072.13,87552.38,87831.79
KSE-MI30,2025-08-04,203609.84,201728.13,202816.56
KSE-MIALL,2025-08-04,59041.17,58544.11,58841.38
KSE-100,2025-08-05,143281.34,142235.71,143037.16
KSE-30,2025-08-05,44097.71,43729.38,43996.14
KSE-ALL,2025-08-05,88617.03,87907.76,88422.06
KSE-MI30,2025-08-05,204783.75,202812.73,203644.09
KSE-MIALL,2025-08-05,59404.74,58804.36,59220.61
KSE-100,2025-08-06,145187.17,143409.59,145088.49
KSE-30,2025-08-06,44734.68,44114.41,44712.54
KSE-ALL,2025-08-06,89757.28,88628.32,89633.16
KSE-MI30,2025-08-06,206977.05,204229.74,206682.16
KSE-MIALL,2025-08-06,60110.3,59434.98,59988.26
KSE-100,2025-08-07,146081.02,145250.17,145647.13
KSE-30,2025-08-07,44873.9,44530.12,44758.02
KSE-ALL,2025-08-07,90432.85,89741.88,89906.35
KSE-MI30,2025-08-07,208616.75,206426.41,207962.44
KSE-MIALL,2025-08-07,60669.27,59960.06,60208.68
KSE-100,2025-08-08,146813.43,144917.18,145382.79
KSE-30,2025-08-08,45163.01,44455.19,44614.05
KSE-ALL,2025-08-08,90521.52,89571.7,89824.6
KSE-MI30,2025-08-08,209629.4,205712.85,206959.18
KSE-MIALL,2025-08-08,60754.85,59770.34,59977.47
KSE-100,2025-08-11,147005.17,145258.49,146929.84
KSE-30,2025-08-11,45136.51,44565.98,45104.02
KSE-ALL,2025-08-11,90866.8,89793.49,90792.98
KSE-MI30,2025-08-11,209769.31,205816.03,209524.52
KSE-MIALL,2025-08-11,60829.31,59813.49,60715.76
KSE-100,2025-08-12,147976.98,146894.62,147005.32
KSE-30,2025-08-12,45368.96,44960.01,45011.74
KSE-ALL,2025-08-12,91209.2,90708.22,90770.06
KSE-MI30,2025-08-12,210696.59,208717.04,209040.38
KSE-MIALL,2025-08-12,61023.19,60492.61,60570.84
KSE-100,2025-08-13,147892.25,146417.8,146529.3
KSE-30,2025-08-13,45304.52,44798.89,44855.4
KSE-ALL,2025-08-13,91355.77,90606.22,90649.25
KSE-MI30,2025-08-13,209968.57,207812.29,208066.95
KSE-MIALL,2025-08-13,60877.45,60365.48,60419.98
KSE-100,2025-08-15,147534.41,146269.59,146491.63
KSE-30,2025-08-15,45168.16,44764.08,44832.49
KSE-ALL,2025-08-15,91223.59,90470.29,90536.33
KSE-MI30,2025-08-15,209988.77,207776.46,208316.48
KSE-MIALL,2025-08-15,60850.12,60294.62,60378.4
KSE-100,2025-08-18,148395.71,146403.64,148196.42
KSE-30,2025-08-18,45305.43,44657.67,45270.73
KSE-ALL,2025-08-18,91632.4,90564.16,91470.88
KSE-MI30,2025-08-18,211619.45,208522.54,211324.33
KSE-MIALL,2025-08-18,61171.82,60416.03,61059.7
KSE-100,2025-08-19,150323.38,148293.94,149770.74
KSE-30,2025-08-19,45944.3,45218.12,45743.26
KSE-ALL,2025-08-19,92450.31,91652.46,92155.78
KSE-MI30,2025-08-19,213756.09,211185.02,212606.52
KSE-MIALL,2025-08-19,61736.35,61119.68,61366.79
KSE-100,2025-08-20,151261.67,149931.67,150591.0
KSE-30,2025-08-20,46110.75,45738.86,45869.06
KSE-ALL,2025-08-20,93003.26,92370.83,92682.88
KSE-MI30,2025-08-20,214481.14,212601.22,213241.7
KSE-MIALL,2025-08-20,61817.5,61432.69,61506.63
KSE-100,2025-08-21,151249.62,148272.57,149235.26
KSE-30,2025-08-21,46101.81,45167.52,45506.8
KSE-ALL,2025-08-21,93073.88,91272.81,91914.06
KSE-MI30,2025-08-21,214708.75,209674.32,212203.18
KSE-MIALL,2025-08-21,61765.6,60467.52,61055.75
KSE-100,2025-08-22,150465.17,149448.93,150465.17
KSE-30,2025-08-22,45890.0,45495.4,45518.4
KSE-ALL,2025-08-22,92570.33,91962.82,91988.09
KSE-MI30,2025-08-22,213773.64,211339.17,211667.05
KSE-MIALL,2025-08-22,61496.74,60977.68,61014.3
KSE-100,2025-08-25,150079.75,148757.13,148815.3
KSE-30,2025-08-25,45648.6,45186.53,45206.44
KSE-ALL,2025-08-25,92321.56,91639.3,91673.12
KSE-MI30,2025-08-25,212530.26,210096.83,210332.14
KSE-MIALL,2025-08-25,61241.62,60641.17,60685.87
KSE-100,2025-08-26,149453.19,148312.57,148435.06
KSE-30,2025-08-26,45354.32,45030.4,45069.28
KSE-ALL,2025-08-26,92159.71,91489.17,91554.64
KSE-MI30,2025-08-26,212175.75,209999.86,210256.36
KSE-MIALL,2025-08-26,61198.58,60651.21,60703.1
KSE-100,2025-08-27,149237.91,147337.02,147494.03
KSE-30,2025-08-27,45369.4,44848.71,44907.95
KSE-ALL,2025-08-27,92045.22,90900.86,90983.7
KSE-MI30,2025-08-27,211142.11,209125.96,209442.71
KSE-MIALL,2025-08-27,60966.54,60305.83,60372.95
KSE-100,2025-08-28,148042.0,147209.55,147343.5
KSE-30,2025-08-28,45125.83,44809.51,44877.04
KSE-ALL,2025-08-28,91320.87,90808.84,91015.68
KSE-MI30,2025-08-28,211278.63,209387.48,210161.3
KSE-MIALL,2025-08-28,60704.07,60239.26,60512.32
KSE-100,2025-08-29,149234.94,147488.46,148617.77
KSE-30,2025-08-29,45485.73,44908.1,45247.78
KSE-ALL,2025-08-29,92160.38,91149.95,91685.07
KSE-MI30,2025-08-29,213600.95,210392.76,212370.78
KSE-MIALL,2025-08-29,61558.51,60582.36,61227.88
KSE-100,2025-09-01,150066.0,148500.2,149971.12
KSE-30,2025-09-01,45699.32,45129.82,45655.03
KSE-ALL,2025-09-01,92545.88,91673.98,92452.75
KSE-MI30,2025-09-01,215363.43,211849.54,215155.17
KSE-MIALL,2025-09-01,61954.35,61167.34,61891.52
KSE-100,2025-09-02,151075.67,150081.4,150975.48
KSE-30,2025-09-02,45997.49,45655.87,45968.76
KSE-ALL,2025-09-02,92945.79,92570.57,92750.09
KSE-MI30,2025-09-02,216763.51,214937.64,216413.28
KSE-MIALL,2025-09-02,62184.17,61896.47,61990.24
KSE-100,2025-09-03,152805.3,151320.49,152201.87
KSE-30,2025-09-03,46603.47,46038.82,46354.0
KSE-ALL,2025-09-03,93594.68,92917.9,93333.01
KSE-MI30,2025-09-03,220246.67,217067.09,219250.79
KSE-MIALL,2025-09-03,62655.01,62033.0,62498.4
KSE-100,2025-09-04,153411.05,152264.96,152665.72
KSE-30,2025-09-04,46741.96,46368.82,46499.67
KSE-ALL,2025-09-04,93903.44,93337.29,93512.72
KSE-MI30,2025-09-04,221657.86,219125.02,220381.94
KSE-MIALL,2025-09-04,62973.47,62478.64,62699.3
KSE-100,2025-09-05,154511.31,153129.78,154277.19
KSE-30,2025-09-05,47154.92,4622.06,47063.21
KSE-ALL,2025-09-05,94530.13,93796.32,94348.18
KSE-MI30,2025-09-05,224460.27,220668.5,223849.79
KSE-MIALL,2025-09-05,63471.11,62755.73,63265.68
KSE-100,2025-09-08,156199.28,154944.87,156087.3
KSE-30,2025-09-08,47690.83,47271.08,47639.19
KSE-ALL,2025-09-08,95143.45,94757.54,95050.71
KSE-MI30,2025-09-08,228603.05,225425.8,228325.35
KSE-MIALL,2025-09-08,64003.12,63586.02,63933.91
KSE-100,2025-09-09,157563.52,155044.25,156563.52
KSE-30,2025-09-09,48097.09,47318.22,47996.14
KSE-ALL,2025-09-09,95472.29,94484.18,95202.76
KSE-MI30,2025-09-09,230395.44,226678.57,229939.76
KSE-MIALL,2025-09-09,64284.66,63558.56,64075.62
KSE-100,2025-09-10,157479.42,156079.52,157020.79
KSE-30,2025-09-10,48292.24,47859.64,48080.41
KSE-ALL,2025-09-10,95783.35,94927.91,95556.69
KSE-MI30,2025-09-10,231938.8,229051.09,230750.56
KSE-MIALL,2025-09-10,64572.66,63839.6,64377.44
KSE-100,2025-09-11,157816.76,156103.81,156141.24
KSE-30,2025-09-11,48267.88,47700.7,47720.53
KSE-ALL,2025-09-11,96164.8,95409.99,95433.78
KSE-MI30,2025-09-11,231863.8,228612.75,228800.05
KSE-MIALL,2025-09-11,64841.59,64132.13,64161.33
KSE-100,2025-09-12,156519.13,154360.35,154439.68
KSE-30,2025-09-12,47804.9,47072.23,47119.9
KSE-ALL,2025-09-12,95703.85,94663.53,94668.15
KSE-MI30,2025-09-12,229104.78,225996.23,226125.71
KSE-MIALL,2025-09-12,64316.88,63569.05,63569.05
KSE-100,2025-09-15,155602.29,154486.21,155384.5
KSE-30,2025-09-15,47545.75,47141.66,47466.99
KSE-ALL,2025-09-15,95261.13,94679.14,95133.57
KSE-MI30,2025-09-15,228273.22,225445.71,227645.22
KSE-MIALL,2025-09-15,63990.92,63466.05,63888.05
KSE-100,2025-09-16,156467.91,155781.84,156180.94
KSE-30,2025-09-16,47843.1,47591.75,47714.39
KSE-ALL,2025-09-16,95812.8,95444.74,95690.82
KSE-MI30,2025-09-16,230149.15,228695.69,230149.15
KSE-100,2025-09-17,157196.58,155960.35,156177.81
KSE-30,2025-09-17,48019.3,47601.17,47678.46
KSE-ALL,2025-09-17,96240.15,95587.84,95630.38
KSE-MI30,2025-09-17,231231.28,229205.37,229682.22
KSE-MIALL,2025-09-17,64745.27,64301.71,64366.76
KSE-100,2025-09-18,158082.55,156978.85,157953.46
KSE-30,2025-09-18,48245.23,47868.43,48198.93
KSE-ALL,2025-09-18,96809.63,96090.81,96741.21
KSE-MI30,2025-09-18,233115.86,231076.18,232694.16
KSE-MIALL,2025-09-18,65095.38,64704.95,65027.13
KSE-100,2025-09-19,159337.46,157521.99,158037.37
KSE-30,2025-09-19,48668.49,48067.21,48251.36
KSE-ALL,2025-09-19,97900.21,96668.96,96918.34
KSE-MI30,2025-09-19,236350.62,232416.24,233948.67
KSE-MIALL,2025-09-19,65953.37,64972.84,65212.77
KSE-100,2025-09-22,158850.34,157245.72,157554.66
KSE-30,2025-09-22,48510.22,47916.55,48034.04
KSE-ALL,2025-09-22,97488.06,96702.01,96873.61
KSE-MI30,2025-09-22,236050.16,233287.61,234115.75
KSE-MIALL,2025-09-22,65782.92,65213.2,65401.08
KSE-100,2025-09-23,158831.22,157416.54,157945.02
KSE-30,2025-09-23,48450.13,47966.59,48152.16
KSE-ALL,2025-09-23,97773.01,97049.5,97239.99
KSE-MI30,2025-09-23,236456.97,233538.48,234407.0
KSE-MIALL,2025-09-23,66221.28,65567.01,65719.86
KSE-100,2025-09-24,159046.6,158133.3,158236.67
KSE-30,2025-09-24,48508.14,48172.71,48235.21
KSE-ALL,2025-09-24,98020.67,97470.86,97563.39
KSE-MI30,2025-09-24,236810.66,234761.37,235199.77
KSE-MIALL,2025-09-24,66406.66,65928.66,66043.55
KSE-100,2025-09-25,159537.6,158297.43,159280.09
KSE-30,2025-09-25,48764.3,48249.63,48658.32
KSE-ALL,2025-09-25,98130.09,97601.02,97959.75
KSE-MI30,2025-09-25,238364.18,235231.62,237762.92
KSE-MIALL,2025-09-25,66442.79,66017.17,66316.46
KSE-100,2025-09-26,162422.28,159901.55,162257.0
KSE-30,2025-09-26,49779.53,48899.71,49723.02
KSE-ALL,2025-09-26,99462.85,98292.44,99380.23
KSE-MI30,2025-09-26,242543.19,238944.87,242320.06
KSE-MIALL,2025-09-26,67299.42,66520.33,67250.1
KSE-100,2025-09-29,163903.62,162058.64,163847.68
KSE-30,2025-09-29,50298.07,49641.69,50271.68
KSE-ALL,2025-09-29,100118.41,99388.94,100005.53
KSE-MI30,2025-09-29,243818.59,240737.81,243695.54
KSE-MIALL,2025-09-29,67567.57,67063.1,67480.38
KSE-100,2025-09-30,166556.29,164208.33,165493.58
KSE-30,2025-09-30,51334.48,50363.52,50986.83
KSE-ALL,2025-09-30,101247.66,100153.36,100542.55
KSE-MI30,2025-09-30,247307.6,244276.39,246267.46
KSE-MIALL,2025-09-30,68107.0,67526.78,67675.15
KSE-100,2025-10-01,166522.61,164155.32,165640.33
KSE-30,2025-10-01,51300.5,50499.55,51036.66
KSE-ALL,2025-10-01,101314.64,100190.05,101006.15
KSE-MI30,2025-10-01,247967.43,244192.78,246547.41
KSE-MIALL,2025-10-01,68307.71,67531.86,68069.09
KSE-100,2025-10-02,168619.0,165567.22,168489.62
KSE-30,2025-10-02,52069.39,50973.16,52023.55
KSE-ALL,2025-10-02,102753.66,101175.52,102646.76
KSE-MI30,2025-10-02,249389.21,245605.77,249073.58
KSE-MIALL,2025-10-02,68846.53,68081.04,68754.15
KSE-100,2025-10-03,169988.61,168613.41,168990.07
KSE-30,2025-10-03,52603.47,52048.18,52261.21
KSE-ALL,2025-10-03,103217.9,102537.54,102674.74
KSE-MI30,2025-10-03,251866.83,248687.46,249179.95
KSE-MIALL,2025-10-03,69060.75,68479.79,68547.08
KSE-100,2025-10-06,169326.35,165997.36,167752.4
KSE-30,2025-10-06,52238.03,51140.29,52238.03
KSE-ALL,2025-10-06,102782.87,100845.71,102782.87
KSE-MI30,2025-10-06,249677.12,243280.82,246317.45
KSE-MIALL,2025-10-06,68547.48,67093.17,67683.71
KSE-100,2025-10-07,168518.97,165997.21,166173.74
KSE-30,2025-10-07,52021.03,51058.83,51149.07
KSE-ALL,2025-10-07,102250.91,101035.93,101078.23
KSE-MI30,2025-10-07,247061.19,241744.16,242071.42
KSE-MIALL,2025-10-07,68007.03,67005.77,67022.68
KSE-100,2025-10-08,166947.19,165109.84,165266.74
KSE-30,2025-10-08,51362.43,50751.2,50816.97
KSE-ALL,2025-10-08,101590.38,100452.32,100514.49
KSE-MI30,2025-10-08,243968.34,240550.52,241219.76
KSE-MIALL,2025-10-08,67419.14,66571.41,66650.11
KSE-100,2025-10-09,166729.97,164306.76,164530.8
KSE-30,2025-10-09,51334.35,50551.32,50635.11
KSE-ALL,2025-10-09,101362.23,100018.28,100077.87
KSE-MI30,2025-10-09,244924.37,240639.62,241051.97
KSE-MIALL,2025-10-09,67373.46,66424.2,66448.19
KSE-100,2025-10-10,165262.85,162411.25,163098.19
KSE-30,2025-10-10,50856.33,49865.43,50184.55
KSE-ALL,2025-10-10,100519.64,99029.33,99276.24
KSE-MI30,2025-10-10,242325.95,237780.66,238333.51
KSE-MIALL,2025-10-10,66735.22,65729.03,65792.54
KSE-100,2025-10-13,161988.12,157678.01,158443.42
KSE-30,2025-10-13,49797.45,48418.08,48740.26
KSE-ALL,2025-10-13,98680.59,96095.56,96486.0
KSE-MI30,2025-10-13,236597.47,228698.59,230110.45
KSE-MIALL,2025-10-13,65302.31,63356.55,63648.03
KSE-100,2025-10-14,165866.77,160821.72,165476.02
KSE-30,2025-10-14,51161.51,49479.83,51034.75
KSE-ALL,2025-10-14,100517.76,97713.87,100326.78
KSE-MI30,2025-10-14,243939.38,234204.22,243038.5
KSE-MIALL,2025-10-14,66628.68,64586.98,66437.47
KSE-100,2025-10-15,167561.69,165357.2,165686.38
KSE-30,2025-10-15,51532.7,50810.37,50923.16
KSE-ALL,2025-10-15,101708.28,100625.36,100785.8
KSE-MI30,2025-10-15,245772.69,241025.06,241650.71
KSE-MIALL,2025-10-15,67182.91,66454.93,66592.55
KSE-100,2025-10-16,166864.89,164261.65,164444.71
KSE-30,2025-10-16,51289.59,50399.18,50467.15
KSE-ALL,2025-10-16,101484.33,100182.12,100263.21
KSE-MI30,2025-10-16,243369.69,238877.01,239381.13
KSE-MIALL,2025-10-16,67050.67,66019.25,66143.44
KSE-100,2025-10-17,165030.82,163118.01,163806.21
KSE-30,2025-10-17,50537.76,49867.19,50123.84
KSE-ALL,2025-10-17,100633.08,99581.73,99845.79
KSE-MI30,2025-10-17,240808.01,237093.83,238530.5
KSE-MIALL,2025-10-17,66397.77,65691.33,65898.09
KSE-100,2025-10-20,166421.33,164281.95,166242.9
KSE-30,2025-10-20,50933.92,50287.19,50886.6
KSE-ALL,2025-10-20,101280.28,100180.08,101132.81
KSE-MI30,2025-10-20,241503.13,239296.09,241116.65
KSE-MIALL,2025-10-20,66608.44,66058.73,66519.43
KSE-100,2025-10-21,168414.13,166923.59,167346.83
KSE-30,2025-10-21,51581.34,51047.15,51193.07
KSE-ALL,2025-10-21,102141.41,101492.74,101585.7
KSE-MI30,2025-10-21,243349.53,241389.26,241742.8
KSE-MIALL,2025-10-21,67075.97,55704.28,55704.28
KSE-100,2025-10-22,168163.21,166230.89,166553.27
KSE-30,2025-10-22,51463.1,50772.59,50903.27
KSE-ALL,2025-10-22,102122.55,101225.96,101296.66
KSE-MI30,2025-10-22,243944.95,240495.41,241347.85
KSE-MIALL,2025-10-22,67234.39,66447.65,66524.36
KSE-100,2025-10-23,166720.42,164395.38,164590.41
KSE-30,2025-10-23,50867.08,50115.97,50209.81
KSE-ALL,2025-10-23,101567.65,100227.25,100327.41
KSE-MI30,2025-10-23,241934.36,238079.17,238432.13
KSE-MIALL,2025-10-23,66811.38,65968.07,66026.36
KSE-100,2025-10-24,165025.85,163041.97,163304.13
KSE-30,2025-10-24,50315.99,49628.25,49842.51
KSE-ALL,2025-10-24,100489.89,99345.73,99380.97
KSE-MI30,2025-10-24,240591.34,236717.55,238104.16
KSE-MIALL,2025-10-24,66181.79,65538.93,65590.94
KSE-100,2025-10-27,163570.83,161766.61,162163.81
KSE-30,2025-10-27,49900.31,49377.41,49418.59
KSE-ALL,2025-10-27,99540.48,98566.73,98789.32
KSE-MI30,2025-10-27,238484.85,235570.21,235592.79
KSE-MIALL,2025-10-27,65622.09,64904.49,64955.16
KSE-100,2025-10-28,163380.67,159805.34,160101.02
KSE-30,2025-10-28,49830.6,48750.09,48859.4
KSE-ALL,2025-10-28,99471.27,97389.22,97525.54
KSE-MI30,2025-10-28,237790.43,231501.69,232188.88
KSE-MIALL,2025-10-28,65460.9,63836.53,63958.78
KSE-100,2025-10-29,160690.12,158306.84,158465.05
KSE-30,2025-10-29,49054.26,48245.3,48334.92
KSE-ALL,2025-10-29,97899.32,96467.54,96559.16
KSE-MI30,2025-10-29,233327.61,228509.21,229055.34
KSE-MIALL,2025-10-29,64135.07,63147.33,63239.36
KSE-100,2025-10-30,159507.41,156327.6,156732.87
KSE-30,2025-10-30,48597.03,47632.08,47752.38
KSE-ALL,2025-10-30,97255.34,95493.56,95664.66
KSE-MI30,2025-10-30,230734.59,225465.63,226175.24
KSE-MIALL,2025-10-30,63779.65,62516.65,62683.08
KSE-100,2025-10-31,162194.3,158195.54,161631.73
KSE-30,2025-10-31,49541.95,48170.73,49377.29
KSE-ALL,2025-10-31,98557.57,96470.31,98254.73
KSE-MI30,2025-10-31,233499.43,228568.22,232700.28
KSE-MIALL,2025-10-31,64374.21,63259.19,64179.6
KSE-100,2025-11-03,163935.02,161892.59,161892.59
KSE-30,2025-11-03,49887.7,49227.55,49497.34
KSE-ALL,2025-11-03,99424.38,98482.0,98852.41
KSE-MI30,2025-11-03,235996.96,233063.85,234519.02
KSE-MIALL,2025-11-03,64918.17,64326.6,64510.15
KSE-100,2025-11-04,163384.95,161159.26,161281.76
KSE-30,2025-11-04,49654.86,48901.94,48994.95
KSE-ALL,2025-11-04,99086.22,97847.5,97970.36
KSE-MI30,2025-11-04,234877.21,230843.94,231448.13
KSE-MIALL,2025-11-04,64644.0,63784.02,63889.05
KSE-100,2025-11-05,162052.45,159216.86,159578.19
KSE-30,2025-11-05,49164.48,48218.13,48368.91
KSE-ALL,2025-11-05,98362.27,96784.72,96931.7
KSE-MI30,2025-11-05,232558.69,228042.89,228555.67
KSE-MIALL,2025-11-05,64177.61,63086.78,63191.07
KSE-100,2025-11-06,160590.77,158252.62,159096.78
KSE-30,2025-11-06,48672.59,47820.0,48148.74
KSE-ALL,2025-11-06,97549.17,96311.1,96671.3
KSE-MI30,2025-11-06,230113.2,225770.33,227277.26
KSE-MIALL,2025-11-06,63623.28,62574.77,62859.9
KSE-100,2025-11-07,160435.94,159005.13,159592.9
KSE-30,2025-11-07,48573.45,48046.17,48297.58
KSE-ALL,2025-11-07,97573.04,96651.35,97116.33
KSE-MI30,2025-11-07,229959.72,227107.99,228607.02
KSE-MIALL,2025-11-07,63643.51,62895.85,63247.23
KSE-100,2025-11-10,161881.45,160406.42,161538.4
KSE-30,2025-11-10,49054.73,48522.04,48967.5
KSE-ALL,2025-11-10,98332.26,97576.57,98157.64
KSE-MI30,2025-11-10,233851.15,230473.93,233460.23
KSE-MIALL,2025-11-10,64198.04,63612.52,64112.41
KSE-100,2025-11-11,161516.74,157765.92,157870.5
KSE-30,2025-11-11,48990.62,47775.5,47843.07
KSE-ALL,2025-11-11,98216.24,96082.86,96108.46
KSE-MI30,2025-11-11,233569.38,226346.53,226708.22
KSE-MIALL,2025-11-11,64145.42,62511.94,62521.18
KSE-100,2025-11-12,159516.41,157203.54,158183.94
KSE-30,2025-11-12,48375.0,47554.35,47890.56
KSE-ALL,2025-11-12,96953.58,95719.93,96039.68
KSE-MI30,2025-11-12,228553.25,225007.9,225260.19
KSE-MIALL,2025-11-12,63045.08,62205.16,62327.82
KSE-100,2025-11-13,160944.5,158971.48,160657.49
KSE-30,2025-11-13,48837.96,48171.54,48725.94
KSE-ALL,2025-11-13,97387.47,96455.28,97208.71
KSE-MI30,2025-11-13,230317.37,226425.67,229755.08
KSE-MIALL,2025-11-13,63418.45,62564.93,63315.98
KSE-100,2025-11-14,162118.75,160791.78,161935.19
KSE-30,2025-11-14,49151.41,48704.27,49083.13
KSE-ALL,2025-11-14,98133.39,97390.53,97989.63
KSE-MI30,2025-11-14,232828.53,230315.24,231590.56
KSE-MIALL,2025-11-14,63955.6,63393.2,63730.37
KSE-100,2025-11-17,163602.15,161481.68,161687.18
KSE-30,2025-11-17,49605.41,48855.49,48950.98
KSE-ALL,2025-11-17,98932.02,97971.88,98075.27
KSE-MI30,2025-11-17,233633.16,230449.58,230724.41
KSE-MIALL,2025-11-17,64281.72,63711.35,63750.7
KSE-100,2025-11-18,162344.65,160583.89,160935.13
KSE-30,2025-11-18,49106.26,48535.37,48680.98
KSE-ALL,2025-11-18,98434.24,97557.14,97686.29
KSE-MI30,2025-11-18,231749.79,228705.16,229518.03
KSE-MIALL,2025-11-18,63982.18,63362.31,63481.11
KSE-100,2025-11-19,162741.73,161279.02,162226.27
KSE-30,2025-11-19,49409.14,48761.83,49228.54
KSE-ALL,2025-11-19,98543.51,97829.82,98265.58
KSE-MI30,2025-11-19,231675.14,229283.11,230765.9
KSE-MIALL,2025-11-19,64048.6,63498.6,63863.2
KSE-100,2025-11-20,163817.82,162646.98,162936.93
KSE-30,2025-11-20,49773.11,49340.74,49445.81
KSE-ALL,2025-11-20,99022.29,98613.88,98809.14
KSE-MI30,2025-11-20,233269.11,231519.19,232715.84
KSE-MIALL,2025-11-20,64486.8,64133.01,64387.67
KSE-100,2025-11-21,163357.51,161853.58,162102.92
KSE-30,2025-11-21,49549.57,49091.28,49178.66
KSE-ALL,2025-11-21,98424.06,98284.96,98424.06
KSE-MI30,2025-11-21,233577.46,230960.13,231230.3
KSE-MIALL,2025-11-21,64555.81,63993.68,64033.86
KSE-100,2025-11-24,162385.32,161241.46,161984.08
KSE-30,2025-11-24,49318.88,48859.79,49161.36
KSE-ALL,2025-11-24,98610.96,97988.88,98189.93
KSE-MI30,2025-11-24,231484.13,229419.12,230829.8
KSE-MIALL,2025-11-24,64144.15,63596.98,63732.07
KSE-100,2025-11-25,162819.85,161276.81,161692.49
KSE-30,2025-11-25,49427.47,48932.39,49080.07
KSE-ALL,2025-11-25,98679.11,97721.15,97919.24
KSE-MI30,2025-11-25,231990.87,229436.03,230184.09
KSE-MIALL,2025-11-25,64068.78,63319.97,63462.88
KSE-100,2025-11-26,163397.24,160564.85,163188.53
KSE-30,2025-11-26,49791.81,48718.31,49735.93
KSE-ALL,2025-11-26,98568.29,97091.29,98429.45
KSE-MI30,2025-11-26,233147.51,228072.85,232829.7
KSE-MIALL,2025-11-26,63903.49,62865.54,63800.85
KSE-100,2025-11-27,165611.1,163509.28,165373.31
KSE-30,2025-11-27,50577.86,49837.25,50494.04
KSE-ALL,2025-11-27,99813.65,98633.6,99659.72
KSE-MI30,2025-11-27,237516.95,233353.84,237098.28
KSE-MIALL,2025-11-27,64973.24,63954.99,64872.17
KSE-100,2025-11-28,167005.05,165753.35,166677.69
KSE-30,2025-11-28,51117.08,50666.87,50855.17
KSE-ALL,2025-11-28,100483.45,99759.64,100309.12
KSE-MI30,2025-11-28,239977.6,238022.79,239315.92
KSE-MIALL,2025-11-28,65486.6,64972.86,65437.31
KSE-100,2025-12-01,168246.22,166024.79,168062.19
KSE-30,2025-12-01,51286.14,50602.21,51209.68
KSE-ALL,2025-12-01,101264.51,100002.07,101185.19
KSE-MI30,2025-12-01,242077.87,237984.27,241745.47
KSE-MIALL,2025-12-01,66186.03,65145.87,66133.42
KSE-100,2025-12-02,169289.21,167445.92,167642.27
KSE-30,2025-12-02,51560.79,50935.1,51000.17
KSE-ALL,2025-12-02,101987.12,101067.86,101179.88
KSE-MI30,2025-12-02,243353.44,240185.96,240508.51
KSE-MIALL,2025-12-02,66634.84,65929.07,65986.51
KSE-100,2025-12-03,168160.88,166115.17,166145.34
KSE-30,2025-12-03,51165.76,50439.18,50496.18
KSE-ALL,2025-12-03,101526.18,100519.17,100565.3
KSE-MI30,2025-12-03,241400.19,237726.34,237908.88
KSE-MIALL,2025-12-03,66253.19,65501.89,65564.42
KSE-100,2025-12-04,166837.1,165886.25,166283.55
KSE-30,2025-12-04,50703.3,50386.15,50481.85
KSE-ALL,2025-12-04,100948.12,100469.06,100743.06
KSE-MI30,2025-12-04,238779.23,237210.69,238092.04
KSE-MIALL,2025-12-04,65787.5,65381.95,65617.46
KSE-100,2025-12-05,167923.45,166369.72,167085.58
KSE-30,2025-12-05,50994.98,50489.45,50772.01
KSE-ALL,2025-12-05,101651.63,100920.75,101220.71
KSE-MI30,2025-12-05,240566.48,238293.68,239923.34
KSE-MIALL,2025-12-05,66224.26,65763.76,66042.79
KSE-100,2025-12-08,168755.18,167386.43,168303.24
KSE-30,2025-12-08,51328.47,50882.84,51168.55
KSE-ALL,2025-12-08,102022.53,101417.22,101798.93
KSE-MI30,2025-12-08,242862.62,240549.07,242124.58
KSE-MIALL,2025-12-08,66569.9,66172.16,66390.96
KSE-100,2025-12-09,169601.03,168880.21,169456.38
KSE-30,2025-12-09,51605.67,51363.76,51541.69
KSE-ALL,2025-12-09,102548.04,102114.74,102478.57
KSE-MI30,2025-12-09,244342.38,242990.64,243807.02
KSE-MIALL,2025-12-09,66960.37,66618.02,66859.3
KSE-100,2025-12-10,170697.74,169239.23,169451.86
KSE-30,2025-12-10,51919.31,51386.25,51460.64
KSE-ALL,2025-12-10,103130.83,102444.75,102554.8
KSE-MI30,2025-12-10,245922.21,242867.44,243290.27
KSE-MIALL,2025-12-10,67403.22,66850.84,66935.88
KSE-100,2025-12-11,170301.48,168548.45,168574.69
KSE-30,2025-12-11,51714.14,51137.44,51175.35
KSE-ALL,2025-12-11,103165.5,102166.63,102171.27
KSE-MI30,2025-12-11,244899.48,241583.15,242103.96
KSE-MIALL,2025-12-11,67418.08,66657.65,66703.76
KSE-100,2025-12-12,170052.87,168421.55,169864.52
KSE-30,2025-12-12,51731.06,51077.45,51670.42
KSE-ALL,2025-12-12,102838.66,102135.87,102725.12
KSE-MI30,2025-12-12,244584.08,241665.86,244230.81
KSE-MIALL,2025-12-12,67214.12,66629.14,67141.82
KSE-100,2025-12-15,171001.71,170292.95,170741.34
KSE-30,2025-12-15,52059.37,51812.88,51932.1
KSE-ALL,2025-12-15,103399.81,103062.4,103176.2
KSE-MI30,2025-12-15,246320.89,245147.31,245585.8
KSE-MIALL,2025-12-15,67634.1,67410.0,67531.85
KSE-100,2025-12-16,171922.6,170191.98,170447.29
KSE-30,2025-12-16,52307.31,51734.25,51831.63
KSE-ALL,2025-12-16,103843.61,102866.51,102982.88
KSE-MI30,2025-12-16,247299.37,243782.34,244113.6
KSE-MIALL,2025-12-16,67913.34,67109.3,67176.62
KSE-100,2025-12-17,171392.62,169230.79,170313.85
KSE-30,2025-12-17,52164.64,51437.47,51854.05
KSE-ALL,2025-12-17,103544.27,102458.89,103015.58
KSE-MI30,2025-12-17,244800.36,241162.1,242259.69
KSE-MIALL,2025-12-17,67333.35,66505.85,66724.17
KSE-100,2025-12-18,172248.94,170804.65,171960.64
KSE-30,2025-12-18,52672.89,52019.04,52557.51
KSE-ALL,2025-12-18,103812.53,103333.25,103659.27
KSE-MI30,2025-12-18,245546.27,242397.71,245023.88
KSE-MIALL,2025-12-18,67176.51,66777.43,67064.35
KSE-100,2025-12-19,172674.65,171149.07,171404.48
KSE-30,2025-12-19,52824.3,52307.01,52413.79
KSE-ALL,2025-12-19,104163.93,103340.77,103442.24
KSE-MI30,2025-12-19,246646.4,244177.59,244645.83
KSE-MIALL,2025-12-19,67552.39,66988.8,67050.27
KSE-100,2025-12-22,172167.63,170858.65,171204.17
KSE-30,2025-12-22,52670.75,52190.63,52323.58
KSE-ALL,2025-12-22,103829.94,103251.0,103326.46
KSE-MI30,2025-12-22,246559.26,243672.94,244733.72
KSE-MIALL,2025-12-22,67518.67,66888.3,67164.57
KSE-100,2025-12-23,171867.31,170968.31,171073.73
KSE-30,2025-12-23,52534.88,52208.09,52237.49
KSE-ALL,2025-12-23,103669.59,103107.48,103120.17
KSE-MI30,2025-12-23,245532.74,243547.5,243705.74
KSE-MIALL,2025-12-23,67419.02,66899.21,66920.66
KSE-100,2025-12-24,171587.32,170641.13,170830.22
KSE-30,2025-12-24,52395.18,52098.8,52169.48
KSE-ALL,2025-12-24,103507.02,102874.11,102922.37
KSE-MI30,2025-12-24,244263.62,242569.07,242960.31
KSE-MIALL,2025-12-24,67061.82,66703.87,66780.41
KSE-100,2025-12-26,172582.95,171146.14,172400.73
KSE-30,2025-12-26,52799.61,52241.15,52734.05
KSE-ALL,2025-12-26,103644.1,102990.44,103483.95
KSE-MI30,2025-12-26,245927.0,243398.06,245565.33
KSE-MIALL,2025-12-26,67320.49,66886.45,67233.69
KSE-100,2025-12-29,174411.72,173200.41,173896.34
KSE-30,2025-12-29,53429.37,52985.67,53276.11
KSE-ALL,2025-12-29,104393.33,103846.02,104139.24
KSE-MI30,2025-12-29,248933.4,246811.23,248386.87
KSE-MIALL,2025-12-29,67962.61,67537.56,67752.29
KSE-100,2025-12-30,174805.15,174121.41,174472.79
KSE-30,2025-12-30,53568.31,53279.35,53490.51
KSE-ALL,2025-12-30,104784.05,104366.21,104651.33
KSE-MI30,2025-12-30,249880.5,248529.61,249663.88
KSE-MIALL,2025-12-30,68110.3,67805.29,68039.48
KSE-100,2025-12-31,175232.9,173564.33,174054.32
KSE-30,2025-12-31,53749.01,53194.67,53749.01
KSE-ALL,2025-12-31,105135.11,104310.36,104614.51
KSE-MI30,2025-12-31,251051.93,248118.04,248539.22
KSE-MIALL,2025-12-31,68377.55,67784.11,67872.78
KSE-100,2026-01-01,176658.38,174437.7,176355.49
KSE-30,2026-01-01,54106.61,53411.83,54101.32
KSE-ALL,2026-01-01,106253.4,104835.32,106095.07
KSE-MI30,2026-01-01,251085.77,249195.55,250685.97
KSE-MIALL,2026-01-01,68775.66,68034.47,68659.48
KSE-100,2026-01-02,179467.83,176709.51,179034.93
KSE-30,2026-01-02,55189.09,54143.81,55017.41
KSE-ALL,2026-01-02,107607.7,106407.89,107392.73
KSE-MI30,2026-01-02,256078.23,251360.86,254699.07
KSE-MIALL,2026-01-02,69770.78,68830.45,69477.95
KSE-100,2026-01-05,183964.37,179535.46,182408.23
KSE-30,2026-01-05,56732.61,55154.68,56150.4
KSE-ALL,2026-01-05,109786.76,107695.6,108970.93
KSE-MI30,2026-01-05,261602.44,255221.89,258282.78
KSE-MIALL,2026-01-05,70869.01,69667.2,70191.23
KSE-100,2026-01-06,185481.45,181182.07,185062.1
KSE-30,2026-01-06,57244.67,55737.75,57080.04
KSE-ALL,2026-01-06,110432.29,108294.22,110241.43
KSE-MI30,2026-01-06,261214.65,256061.96,260701.14
KSE-MIALL,2026-01-06,70752.49,69689.61,70664.6
KSE-100,2026-01-07,187015.11,184896.7,186518.71
KSE-30,2026-01-07,57683.01,56953.14,57477.09
KSE-ALL,2026-01-07,111268.87,110211.0,111118.65
KSE-MI30,2026-01-07,264264.84,261426.53,263795.54
KSE-MIALL,2026-01-07,71479.61,70830.61,71351.41
KSE-100,2026-01-08,187905.16,185199.36,185543.01
KSE-30,2026-01-08,57864.12,56877.77,56997.99
KSE-ALL,2026-01-08,111988.07,110708.91,110883.94
KSE-MI30,2026-01-08,265329.61,260785.43,261472.17
KSE-MIALL,2026-01-08,71882.04,70987.64,71138.28
KSE-100,2026-01-09,186180.32,183700.83,184409.67
KSE-30,2026-01-09,57200.32,56365.62,56593.87
KSE-ALL,2026-01-09,111275.71,110030.77,110382.58
KSE-MI30,2026-01-09,262468.08,257930.36,259208.41
KSE-MIALL,2026-01-09,71389.16,70445.73,70710.78
KSE-100,2026-01-12,184439.06,182303.56,182384.14
KSE-30,2026-01-12,56550.84,55867.22,55901.82
KSE-ALL,2026-01-12,110574.54,109461.86,109499.62
KSE-MI30,2026-01-12,258621.53,255261.31,255443.36
KSE-MIALL,2026-01-12,70680.69,69915.23,69952.43
KSE-100,2026-01-13,184304.86,180589.95,183951.5
KSE-30,2026-01-13,56594.19,55302.84,56444.71
KSE-ALL,2026-01-13,110595.75,108721.83,110404.18
KSE-MI30,2026-01-13,257564.26,253265.51,256899.67
KSE-MIALL,2026-01-13,70211.69,69372.56,70211.69
KSE-100,2026-01-14,184726.6,182369.86,182569.81
KSE-30,2026-01-14,56694.15,55895.84,56029.54
KSE-ALL,2026-01-14,110918.55,109558.56,109674.47
KSE-MI30,2026-01-14,258371.46,254931.22,256029.67
KSE-MIALL,2026-01-14,70593.57,69802.17,69991.25
KSE-100,2026-01-15,183717.53,180783.62,181456.33
KSE-30,2026-01-15,56449.0,55395.7,55625.67
KSE-ALL,2026-01-15,110379.59,108796.88,109182.32
KSE-MI30,2026-01-15,257888.89,252934.98,254342.99
KSE-MIALL,2026-01-15,70475.72,69406.14,69743.58
KSE-100,2026-01-16,185208.98,182559.69,185098.83
KSE-30,2026-01-16,56785.77,55982.76,56737.74
KSE-ALL,2026-01-16,111660.48,109843.49,111509.34
KSE-MI30,2026-01-16,260996.54,255872.2,260872.71
KSE-MIALL,2026-01-16,71538.0,70069.94,71488.31
KSE-100,2026-01-19,187882.04,186127.35,187761.69
KSE-30,2026-01-19,57572.39,57063.33,57522.35
KSE-ALL,2026-01-19,112789.91,112068.65,112676.86
KSE-MI30,2026-01-19,264998.04,262630.83,264743.45
KSE-MIALL,2026-01-19,72363.73,71819.5,72300.02
KSE-100,2026-01-20,188958.37,187192.01,188621.78
KSE-30,2026-01-20,57910.38,57248.12,57731.36
KSE-ALL,2026-01-20,113360.48,112528.55,113265.46
KSE-MI30,2026-01-20,266911.67,263444.01,266571.53
KSE-MIALL,2026-01-20,72853.51,72164.61,72784.84
KSE-100,2026-01-21,189523.43,186626.85,187033.26
KSE-30,2026-01-21,58071.14,57112.1,57253.64
KSE-ALL,2026-01-21,113719.75,112158.96,112355.64
KSE-MI30,2026-01-21,268395.93,263925.04,264339.23
KSE-MIALL,2026-01-21,73154.43,72146.48,72280.61
KSE-100,2026-01-22,188106.82,186825.61,187688.16
KSE-30,2026-01-22,57596.03,57149.25,57478.23
KSE-ALL,2026-01-22,59087.43,58684.99,58955.93
KSE-MI30,2026-01-22,266983.97,263701.22,266443.18
KSE-MIALL,2026-01-22,72794.04,72199.23,72592.64
KSE-100,2026-01-23,189566.64,186637.57,189166.82
KSE-30,2026-01-23,58355.26,57190.91,58207.71
KSE-ALL,2026-01-23,113063.49,111930.03,112809.65
KSE-MI30,2026-01-23,270229.26,264865.25,269497.03
KSE-MIALL,2026-01-23,73061.76,72000.65,72828.33
KSE-100,2026-01-26,191032.73,188268.39,188587.66
KSE-30,2026-01-26,58935.03,57891.26,58026.9
KSE-ALL,2026-01-26,113578.96,112366.99,112503.19
KSE-MI30,2026-01-26,272969.35,267633.94,268418.81
KSE-MIALL,2026-01-26,73409.73,72383.13,72509.98
KSE-100,2026-01-27,189521.32,187538.23,188202.86
KSE-30,2026-01-27,58337.28,57682.06,57956.48
KSE-ALL,2026-01-27,58337.28,57682.06,57956.48
KSE-MI30,2026-01-27,58337.28,57682.06,57956.48
KSE-MIALL,2026-01-27,72595.05,71981.9,72363.2
KSE-100,2026-01-28,189183.88,188179.5,188380.38
KSE-30,2026-01-28,58300.2,57908.74,57908.74
KSE-ALL,2026-01-28,112986.11,112520.21,112632.57
KSE-MI30,2026-01-28,268981.13,266760.67,267197.87
KSE-MIALL,2026-01-28,72751.59,72382.07,72476.12
KSE-100,2026-01-29,188923.39,181961.14,182338.12
KSE-30,2026-01-29,58223.54,55832.14,55927.15
KSE-ALL,2026-01-29,112956.22,109505.71,109608.81
KSE-MI30,2026-01-29,268223.26,256667.26,257527.86
KSE-MIALL,2026-01-29,72759.08,70217.98,70368.23
KSE-100,2026-01-30,186619.51,182347.47,184174.48
KSE-30,2026-01-30,57337.67,55859.44,56462.88
KSE-ALL,2026-01-30,112065.42,109891.83,110725.46
KSE-MI30,2026-01-30,264888.98,257366.53,261050.23
KSE-MIALL,2026-01-30,72160.39,70471.45,71230.98
KSE-100,2026-02-02,185611.72,182792.39,185057.83
KSE-30,2026-02-02,56985.86,55955.68,56808.99
KSE-ALL,2026-02-02,111492.1,110091.15,111198.99
KSE-MI30,2026-02-02,263641.28,258675.03,262806.57
KSE-MIALL,2026-02-02,71762.9,70688.98,71591.94
KSE-100,2026-02-03,187518.78,185545.92,186900.73
KSE-30,2026-02-03,57562.39,56930.71,57292.12
KSE-ALL,2026-02-03,112534.89,111451.13,112154.61
KSE-MI30,2026-02-03,266266.71,263229.61,264696.41
KSE-MIALL,2026-02-03,72469.81,71741.67,72112.93
KSE-100,2026-02-04,188312.2,187018.69,187832.08
KSE-30,2026-02-04,57737.3,57276.71,57539.96
KSE-ALL,2026-02-04,113019.02,112363.53,112851.69
KSE-MI30,2026-02-04,266658.53,264107.6,265288.04
KSE-MIALL,2026-02-04,72587.51,72134.58,72445.67
KSE-100,2026-02-06,188036.3,183547.29,184129.58
KSE-30,2026-02-06,57585.11,56109.85,56278.5
KSE-ALL,2026-02-06,112988.74,110390.49,110763.73
KSE-MI30,2026-02-06,265372.69,258951.51,259907.88
KSE-MIALL,2026-02-06,72517.43,70847.41,71198.64
KSE-100,2026-02-09,185650.59,180992.79,182340.38
KSE-30,2026-02-09,56782.79,55083.69,55695.28
KSE-ALL,2026-02-09,111697.72,109100.21,109847.66
KSE-MI30,2026-02-09,262188.84,254361.81,256499.3
KSE-MIALL,2026-02-09,71809.01,70095.48,70583.86
KSE-100,2026-02-10,183216.67,181499.28,182153.55
KSE-30,2026-02-10,55986.46,55492.17,55771.25
KSE-ALL,2026-02-10,110343.37,109223.01,109435.4
KSE-MI30,2026-02-10,258499.35,256226.03,257930.58
KSE-MIALL,2026-02-10,70905.45,70290.21,70461.51
KSE-100,2026-02-11,183801.7,182054.64,183049.8
KSE-30,2026-02-11,56313.13,55673.15,55980.65
KSE-ALL,2026-02-11,110200.34,109485.24,109841.96
KSE-MI30,2026-02-11,261441.78,257569.6,259664.8
KSE-MIALL,2026-02-11,71090.39,70453.8,70650.7
KSE-100,2026-02-12,182757.08,178725.24,180512.64
KSE-30,2026-02-12,55841.05,54619.65,55207.56
KSE-ALL,2026-02-12,109905.4,107391.38,108400.67
KSE-MI30,2026-02-12,258614.36,252231.62,255372.52
KSE-MIALL,2026-02-12,70623.5,68972.51,69728.2
KSE-100,2026-02-13,180832.65,178237.13,179603.73
KSE-30,2026-02-13,55229.2,54388.35,54828.32
KSE-ALL,2026-02-13,108573.6,107225.18,108021.18
KSE-MI30,2026-02-13,255243.97,250800.29,253396.08
KSE-MIALL,2026-02-13,69706.12,68705.87,69330.18
KSE-100,2026-02-16,179969.22,173574.26,174453.93
KSE-30,2026-02-16,54872.17,52804.25,53198.53
KSE-ALL,2026-02-16,108261.59,104628.95,104971.25
KSE-MI30,2026-02-16,253230.25,245012.54,246378.78
KSE-MIALL,2026-02-16,69379.25,67368.1,67606.67
KSE-100,2026-02-17,176131.35,171693.39,173150.41
KSE-30,2026-02-17,53679.33,52214.01,52816.28
KSE-ALL,2026-02-17,105917.53,103609.61,104363.56
KSE-MI30,2026-02-17,248468.77,243199.59,245363.65
KSE-MIALL,2026-02-17,68154.36,66909.61,67373.39
KSE-100,2026-02-18,178974.16,174328.61,178853.09
KSE-30,2026-02-18,54714.89,53228.17,54676.69
KSE-ALL,2026-02-18,107418.8,104976.48,107335.86
KSE-MI30,2026-02-18,250939.03,246729.15,250620.93
KSE-MIALL,2026-02-18,68733.87,67728.89,68647.3
KSE-100,2026-02-19,179279.74,171647.33,172170.29
KSE-30,2026-02-19,54813.18,52466.79,52658.78
KSE-ALL,2026-02-19,107575.77,103068.81,103476.64
KSE-MI30,2026-02-19,251154.51,239822.29,240511.28
KSE-MIALL,2026-02-19,68781.8,65770.2,65988.03
KSE-100,2026-02-20,174148.32,169592.52,173169.71
KSE-30,2026-02-20,53312.5,51915.04,53042.89
KSE-ALL,2026-02-20,104471.27,101832.79,103952.95
KSE-MI30,2026-02-20,244184.51,236700.69,242931.39
KSE-MIALL,2026-02-20,66814.25,64988.13,66507.09
KSE-100,2026-02-23,174336.85,166886.63,167691.08
KSE-30,2026-02-23,53428.11,51040.05,51327.62
KSE-ALL,2026-02-23,104562.25,100247.8,100605.79
KSE-MI30,2026-02-23,244437.33,233103.28,234255.58
KSE-MIALL,2026-02-23,66869.89,64069.07,64318.37
KSE-100,2026-02-24,169237.51,163907.59,166258.54
KSE-30,2026-02-24,51843.67,50164.29,50917.87
KSE-ALL,2026-02-24,101387.95,98361.02,99756.66
KSE-MI30,2026-02-24,236680.56,228631.28,232771.76
KSE-MIALL,2026-02-24,64885.33,62932.0,63780.67
KSE-100,2026-02-25,168191.64,164229.36,164626.29
KSE-30,2026-02-25,51544.15,50210.79,50342.53
KSE-ALL,2026-02-25,100904.09,98798.99,98999.22
KSE-MI30,2026-02-25,234844.04,228317.86,229014.42
KSE-MIALL,2026-02-25,64435.75,62926.21,63057.91
KSE-100,2026-02-26,169374.27,162953.63,168893.08
KSE-30,2026-02-26,51898.45,49758.44,51723.3
KSE-ALL,2026-02-26,101149.88,98146.15,100888.78
KSE-MI30,2026-02-26,237798.35,226301.18,236793.14
KSE-MIALL,2026-02-26,64834.35,62416.32,64642.44
KSE-100,2026-02-27,169379.97,165811.87,168062.16
KSE-30,2026-02-27,51974.04,50789.81,51322.38
KSE-ALL,2026-02-27,100956.18,99244.5,100418.82
KSE-MI30,2026-02-27,237589.78,231932.08,235325.11
KSE-MIALL,2026-02-27,64647.85,63524.61,64292.16
KSE-100,2026-03-02,159328.59,151747.96,151972.99
KSE-30,2026-03-02,48781.91,46248.41,46326.47
KSE-ALL,2026-03-02,95272.63,91012.06,91178.85
KSE-MI30,2026-03-02,223773.51,211938.9,212170.17
KSE-MIALL,2026-03-02,61179.9,58282.54,58382.38
KSE-100,2026-03-03,158217.01,151258.85,157132.09
KSE-30,2026-03-03,48739.11,46266.59,48302.97
KSE-ALL,2026-03-03,94203.39,90589.06,93566.86
KSE-MI30,2026-03-03,222866.38,211429.52,220798.51
KSE-MIALL,2026-03-03,60423.55,58030.86,59988.52
KSE-100,2026-03-04,157962.47,154790.73,155777.21
KSE-30,2026-03-04,48586.08,47532.12,47890.75
KSE-ALL,2026-03-04,94071.05,92368.12,92994.51
KSE-MI30,2026-03-04,222868.52,217696.29,220015.06
KSE-MIALL,2026-03-04,60416.99,59307.13,59910.71
KSE-100,2026-03-05,161476.84,156250.28,161210.67
KSE-30,2026-03-05,49885.06,48026.43,49781.74
KSE-ALL,2026-03-05,96265.89,93297.77,96097.28
KSE-MI30,2026-03-05,231102.21,220548.34,230597.1
KSE-MIALL,2026-03-05,62321.12,60101.86,62183.27
KSE-100,2026-03-06,161435.83,157072.64,157496.1
KSE-30,2026-03-06,49599.89,48179.53,48330.2
KSE-ALL,2026-03-06,96331.07,94080.16,94227.0
KSE-MI30,2026-03-06,230851.3,223671.87,224687.33
KSE-MIALL,2026-03-06,62305.54,60700.06,60839.09
KSE-100,2026-03-09,150174.09,144119.43,146480.14
KSE-30,2026-03-09,46030.63,44121.94,44996.5
KSE-ALL,2026-03-09,90673.17,86998.4,88401.14
KSE-MI30,2026-03-09,212160.92,204708.55,210039.4
KSE-MIALL,2026-03-09,58077.72,56018.74,57315.72
KSE-100,2026-03-10,158354.12,155294.65,156177.12
KSE-30,2026-03-10,48834.68,47899.52,48043.05
KSE-ALL,2026-03-10,94926.71,92870.12,93623.08
KSE-MI30,2026-03-10,228251.25,224376.52,225069.58
KSE-MIALL,2026-03-10,61587.26,60452.6,60866.0
KSE-100,2026-03-11,158624.51,155652.35,155858.47
KSE-30,2026-03-11,48802.91,47760.52,47851.52
KSE-ALL,2026-03-11,94888.35,93342.38,93385.82
KSE-MI30,2026-03-11,228856.71,223509.42,223719.08
KSE-MIALL,2026-03-11,61655.62,60483.97,60541.52
KSE-100,2026-03-12,157080.28,153503.7,154421.43
KSE-30,2026-03-12,48240.87,47005.83,47322.73
KSE-ALL,2026-03-12,93971.32,92207.01,92487.77
KSE-MI30,2026-03-12,226479.19,219701.39,221926.99
KSE-MIALL,2026-03-12,61003.64,59699.76,59889.41
KSE-100,2026-03-13,155002.1,152780.79,153866.16
KSE-30,2026-03-13,47419.45,46647.3,47054.02
KSE-ALL,2026-03-13,92894.46,91834.82,92322.4
KSE-MI30,2026-03-13,92894.46,91834.82,92322.4
KSE-MIALL,2026-03-13,60129.31,59318.64,59630.43
KSE-100,2026-03-16,153943.69,148747.72,149178.66
KSE-30,2026-03-16,47134.22,45301.29,45487.48
KSE-ALL,2026-03-16,92398.46,89538.74,89754.0
KSE-MI30,2026-03-16,220318.88,212812.26,213420.66
KSE-MIALL,2026-03-16,57998.64,57884.9,57998.64
KSE-100,2026-03-17,151503.46,148509.04,150016.16
KSE-30,2026-03-17,45900.36,44846.93,45486.45
KSE-ALL,2026-03-17,91007.23,89431.18,90164.34
KSE-MI30,2026-03-17,216981.13,212605.02,214854.65
KSE-MIALL,2026-03-17,58876.07,57843.75,58253.19
KSE-100,2026-03-18,154684.45,150284.25,154292.25
KSE-30,2026-03-18,47034.38,45496.82,46904.86
KSE-ALL,2026-03-18,92881.96,90414.35,92658.57
KSE-MI30,2026-03-18,222038.99,214988.73,221684.42
KSE-MIALL,2026-03-18,60267.22,58399.98,60187.45
KSE-100,2026-03-19,153322.96,150728.17,152740.37
KSE-30,2026-03-19,46441.18,45565.45,46223.61
KSE-ALL,2026-03-19,92150.93,90699.03,91858.47
KSE-MI30,2026-03-19,219955.91,215917.96,219130.92
KSE-MIALL,2026-03-19,59841.39,58807.38,59625.28
KSE-100,2026-03-24,157442.68,153382.0,153966.36
KSE-30,2026-03-24,47776.61,46459.5,46696.52
KSE-ALL,2026-03-24,94341.9,92164.46,92315.62
KSE-MI30,2026-03-24,227117.9,221004.6,222292.88
KSE-MIALL,2026-03-24,61430.75,59878.47,60009.46
KSE-100,2026-03-25,158586.09,155199.71,158313.44
KSE-30,2026-03-25,48168.12,47109.13,48079.55
KSE-ALL,2026-03-25,94891.4,92993.58,94665.77
KSE-MI30,2026-03-25,230128.12,224612.98,229679.86
KSE-MIALL,2026-03-25,61919.74,60497.91,61793.46
KSE-100,2026-03-26,157591.23,152668.07,152907.96
KSE-30,2026-03-26,47888.06,46199.96,46304.86
KSE-ALL,2026-03-26,94354.28,91717.63,91785.83
KSE-MI30,2026-03-26,228494.16,221625.45,222014.43
KSE-MIALL,2026-03-26,61553.51,59923.28,59976.78
KSE-100,2026-03-27,153660.88,151457.94,151707.51
KSE-30,2026-03-27,46537.34,45779.29,45918.56
KSE-ALL,2026-03-27,92125.12,90885.8,90950.94
KSE-MI30,2026-03-27,223254.0,219282.01,220125.22
KSE-MIALL,2026-03-27,60099.87,59193.75,59363.51
KSE-100,2026-03-30,151813.61,144656.97,146842.97
KSE-30,2026-03-30,45900.96,43534.76,44431.41
KSE-ALL,2026-03-30,91019.71,86803.74,87967.58
KSE-MI30,2026-03-30,219857.04,207954.72,212754.02
KSE-MIALL,2026-03-30,59317.54,56484.54,57498.01
KSE-100,2026-03-31,150225.63,147743.67,148743.31
KSE-30,2026-03-31,45576.14,44694.09,45031.6
KSE-ALL,2026-03-31,89877.25,88424.93,89074.96
KSE-MI30,2026-03-31,218239.31,214061.9,216075.55
KSE-MIALL,2026-03-31,58902.49,57763.13,58342.49
KSE-100,2026-04-01,157347.17,151262.76,155511.56
KSE-30,2026-04-01,47841.44,45929.14,47156.32
KSE-ALL,2026-04-01,93734.99,90415.4,92721.58
KSE-MI30,2026-04-01,229025.9,220514.01,225408.11
KSE-MIALL,2026-04-01,61332.73,59340.46,60577.25
KSE-100,2026-04-02,152272.63,150022.43,152011.26
KSE-30,2026-04-02,46048.73,45413.53,45975.85
KSE-ALL,2026-04-02,91108.7,90016.85,90933.96
KSE-MI30,2026-04-02,220635.99,216942.74,220290.56
KSE-MIALL,2026-04-02,59552.05,58727.84,59449.17
KSE-100,2026-04-03,152103.62,148796.54,150398.71
KSE-30,2026-04-03,46040.7,44942.14,45453.35
KSE-ALL,2026-04-03,91031.78,89219.22,90084.08
KSE-MI30,2026-04-03,221022.48,215638.19,218271.12
KSE-MIALL,2026-04-03,59654.78,58343.94,58965.48
KSE-100,2026-04-06,151875.01,147771.35,151207.81
KSE-30,2026-04-06,45919.55,44492.05,45699.23
KSE-ALL,2026-04-06,90955.31,88743.52,90610.19
KSE-MI30,2026-04-06,222217.14,215227.02,221265.67
KSE-MIALL,2026-04-06,59793.19,58282.45,59615.58
KSE-100,2026-04-07,152013.05,149129.41,151673.45
KSE-30,2026-04-07,46053.54,44980.33,45938.82
KSE-ALL,2026-04-07,59761.13,58899.37,59631.12
KSE-MI30,2026-04-07,222231.69,217967.29,221652.2
KSE-MIALL,2026-04-07,59761.13,58899.37,59631.12
KSE-100,2026-04-08,165924.13,162956.76,165811.0
KSE-30,2026-04-08,50368.83,49505.06,50320.39
KSE-ALL,2026-04-08,98774.83,96813.01,98689.99
KSE-MI30,2026-04-08,243075.34,238021.13,242803.66
KSE-MIALL,2026-04-08,64904.65,63475.2,64828.99
KSE-100,2026-04-09,166962.16,161993.0,165517.51
KSE-30,2026-04-09,50678.75,49046.2,50169.05
KSE-ALL,2026-04-09,99264.93,96876.15,98448.76
KSE-MI30,2026-04-09,243905.6,236341.8,241192.39
KSE-MIALL,2026-04-09,65111.8,63510.8,64572.12
KSE-100,2026-04-10,168290.28,166221.33,167191.37
KSE-30,2026-04-10,51060.43,50397.2,50589.36
KSE-ALL,2026-04-10,100021.64,98933.19,99572.56
KSE-MI30,2026-04-10,245022.05,241740.6,242439.68
KSE-MIALL,2026-04-10,65531.94,64838.98,65152.1
KSE-100,2026-04-13,163612.11,160158.92,160591.33
KSE-30,2026-04-13,49463.93,48316.23,48464.11
KSE-ALL,2026-04-13,97614.62,95744.58,95972.73
KSE-MI30,2026-04-13,236901.6,231611.5,232331.98
KSE-MIALL,2026-04-13,63839.64,62585.59,62746.16
KSE-100,2026-04-14,165763.81,163416.54,165634.84
KSE-30,2026-04-14,50026.33,49389.05,49987.09
KSE-ALL,2026-04-14,98786.08,97373.93,98685.94
KSE-MI30,2026-04-14,239900.17,236606.72,239687.24
KSE-MIALL,2026-04-14,64656.54,63732.29,64603.89
KSE-100,2026-04-15,170640.26,168182.98,168519.94
KSE-30,2026-04-15,51577.26,50775.64,50918.36
KSE-ALL,2026-04-15,101413.51,100208.83,100327.69
KSE-MI30,2026-04-15,247227.57,243212.35,243647.5
KSE-MIALL,2026-04-15,66420.32,65504.53,65555.36
KSE-100,2026-04-16,170899.16,168941.31,169911.95
KSE-30,2026-04-16,51716.14,51139.31,51473.16
KSE-ALL,2026-04-16,101780.86,100741.6,101374.61
KSE-MI30,2026-04-16,247750.98,244791.33,246056.31
KSE-MIALL,2026-04-16,66560.0,65867.57,66195.48
KSE-100,2026-04-17,174404.03,170758.25,173939.01
KSE-30,2026-04-17,52990.44,51709.37,52809.96
KSE-ALL,2026-04-17,104038.68,101943.45,103800.94
KSE-MI30,2026-04-17,251882.51,246985.42,250755.67
KSE-MIALL,2026-04-17,67752.3,66503.35,67535.39
KSE-100,2026-04-20,174523.76,169226.56,172196.7
KSE-30,2026-04-20,53004.51,51345.55,52320.08
KSE-ALL,2026-04-20,104106.56,101109.03,102788.51
KSE-MI30,2026-04-20,250905.0,243141.38,247747.39
KSE-MIALL,2026-04-20,67661.97,65689.62,66763.1
KSE-100,2026-04-21,175298.11,172837.79,173155.79
KSE-30,2026-04-21,53351.59,52514.2,52620.8
KSE-ALL,2026-04-21,104436.38,103234.32,103349.02
KSE-MI30,2026-04-21,250651.46,247620.26,248144.37
KSE-MIALL,2026-04-21,67461.66,66795.49,66873.16
KSE-100,2026-04-22,173452.66,171254.81,171579.3
KSE-30,2026-04-22,52702.41,51949.76,52105.13
KSE-ALL,2026-04-22,103497.03,102252.36,102377.94
KSE-MI30,2026-04-22,248818.57,245443.41,246103.6
KSE-MIALL,2026-04-22,66932.02,66179.43,66237.02
KSE-100,2026-04-23,171561.74,168416.02,169173.37
KSE-30,2026-04-23,51943.47,50979.65,51218.37
KSE-ALL,2026-04-23,102350.78,100772.55,101133.75
KSE-MI30,2026-04-23,245538.99,241685.09,242294.52
KSE-MIALL,2026-04-23,66151.31,65216.45,65386.83
KSE-100,2026-04-24,171641.32,166380.71,170642.04
KSE-30,2026-04-24,52122.23,50408.03,51809.6
KSE-ALL,2026-04-24,102535.61,99592.61,102034.88
KSE-MI30,2026-04-24,246421.2,238521.14,244986.87
KSE-MIALL,2026-04-24,66456.56,64437.5,66123.66
KSE-100,2026-04-28,169313.9,168170.74,168412.23
KSE-30,2026-04-28,51274.61,50852.5,50990.48
KSE-ALL,2026-04-28,101294.48,100641.31,100841.15
KSE-MI30,2026-04-28,242907.08,240845.26,241834.15
KSE-MIALL,2026-04-28,65634.23,65124.16,65320.37
KSE-100,2026-04-29,169696.03,165391.46,165823.87
KSE-30,2026-04-29,51371.65,49950.36,50101.95
KSE-ALL,2026-04-29,101560.87,98939.37,99160.89
KSE-MI30,2026-04-29,244074.86,237973.06,238681.36
KSE-MIALL,2026-04-29,65901.25,64263.94,64435.57
KSE-100,2026-04-30,164357.47,160391.18,162994.17
KSE-30,2026-04-30,49568.4,48321.77,49090.22
KSE-ALL,2026-04-30,98416.41,95962.8,97525.91
KSE-MI30,2026-04-30,236591.53,230600.58,234097.75
KSE-MIALL,2026-04-30,63989.67,62400.77,63284.57
KSE-100,2026-05-04,167245.54,163417.84,163948.94
KSE-30,2026-05-04,50414.82,49199.24,49396.77
KSE-ALL,2026-05-04,99963.87,97804.37,98115.06
KSE-MI30,2026-05-04,240325.09,234370.5,235367.68
KSE-MIALL,2026-05-04,64876.7,63413.4,63645.63
KSE-100,2026-05-05,167245.54,163417.84,163948.94
KSE-30,2026-05-05,50414.82,49199.24,49396.77
KSE-ALL,2026-05-05,99963.87,97804.37,98115.06
KSE-MI30,2026-05-05,240325.09,234370.5,235367.68
KSE-MIALL,2026-05-05,64876.7,63413.4,63645.63
KSE-100,2026-05-06,164920.34,162532.98,164742.47
KSE-30,2026-05-06,49551.52,48725.19,49491.49
KSE-ALL,2026-05-06,98739.72,97307.17,98589.91
KSE-MI30,2026-05-06,236836.22,232912.56,236551.08
KSE-MIALL,2026-05-06,64061.76,63113.91,63969.63
KSE-100,2026-05-07,172088.58,167354.44,171704.75
KSE-30,2026-05-07,51891.99,50294.57,51734.34
KSE-ALL,2026-05-07,102802.13,100020.72,102482.1
KSE-MI30,2026-05-07,247230.78,240431.27,246406.22
KSE-MIALL,2026-05-07,66744.33,64935.11,66517.53
KSE-100,2026-05-08,172287.45,170393.12,172894.27
KSE-30,2026-05-08,51869.27,51265.25,52120.1
KSE-ALL,2026-05-08,103268.1,102203.61,103374.79
KSE-MI30,2026-05-08,247952.13,244939.38,248767.61
KSE-MIALL,2026-05-08,67161.25,66317.08,67191.51
KSE-100,2026-05-11,171304.1,169583.44,170506.31
KSE-30,2026-05-11,51332.98,50792.21,51021.02
KSE-ALL,2026-05-11,102943.52,101937.78,102597.99
KSE-MI30,2026-05-11,245948.56,243286.96,244736.27
KSE-MIALL,2026-05-11,66902.46,66096.35,66770.85
KSE-100,2026-05-12,171571.55,168823.31,168916.22
KSE-30,2026-05-12,51370.76,50497.67,50530.75
KSE-ALL,2026-05-12,103261.54,101544.52,101593.67
KSE-MI30,2026-05-12,246661.46,242462.99,242598.22
KSE-MIALL,2026-05-12,67224.4,66090.54,66124.88
KSE-100,2026-05-13,169687.29,167329.34,167451.13
KSE-30,2026-05-13,50765.99,50035.69,50083.08
KSE-ALL,2026-05-13,102060.25,100943.42,101001.0
KSE-MI30,2026-05-13,243688.35,241035.64,241220.87
KSE-MIALL,2026-05-13,66421.86,65770.04,65816.9
KSE-100,2026-05-14,168528.87,166398.9,166498.83
KSE-30,2026-05-14,50398.69,49722.92,49764.0
KSE-ALL,2026-05-14,101592.6,100451.49,100481.4
KSE-MI30,2026-05-14,243002.02,240055.31,240340.56
KSE-MIALL,2026-05-14,66237.91,65547.14,65599.62
KSE-100,2026-05-15,166924.48,165291.53,165596.07
KSE-30,2026-05-15,49849.54,49321.19,49464.92
KSE-ALL,2026-05-15,100769.65,99879.22,100017.71
KSE-MI30,2026-05-15,241092.04,238253.72,238952.39
KSE-MIALL,2026-05-15,65857.79,65175.5,65314.15
KSE-100,2026-05-18,164939.08,161613.51,161805.02
KSE-30,2026-05-18,49217.82,48278.12,48340.66
KSE-ALL,2026-05-18,99726.71,97753.54,97831.99
KSE-MI30,2026-05-18,238182.11,232360.24,232680.59
KSE-MIALL,2026-05-18,65065.97,63650.85,63675.05
KSE-100,2026-05-19,164309.64,162563.58,162896.68
KSE-30,2026-05-19,49127.31,48550.48,48687.46
KSE-ALL,2026-05-19,99253.88,98275.25,98449.68
KSE-MI30,2026-05-19,236457.84,233285.01,233849.31
KSE-MIALL,2026-05-19,64651.3,63910.96,64048.09
KSE-100,2026-05-20,165081.69,162895.74,164831.42
KSE-30,2026-05-20,49435.09,48638.52,49356.83
KSE-ALL,2026-05-20,99487.17,98520.72,99333.72
KSE-MI30,2026-05-20,237618.0,233739.67,237212.17
KSE-MIALL,2026-05-20,64839.36,64081.38,64767.4
KSE-100,2026-05-21,168869.18,166638.56,168514.44
KSE-30,2026-05-21,50692.31,49919.27,50579.18
KSE-ALL,2026-05-21,101609.17,100333.22,101435.11
KSE-MI30,2026-05-21,243013.88,240051.32,242349.77
KSE-MIALL,2026-05-21,66117.08,65498.09,65996.09
KSE-100,2026-05-22,169624.77,167480.66,167844.24
KSE-30,2026-05-22,50947.09,50185.59,50308.0
KSE-ALL,2026-05-22,102038.26,100969.16,101190.46
KSE-MI30,2026-05-22,243973.48,240505.33,241041.16
KSE-MIALL,2026-05-22,66373.3,65617.17,65768.91
KSE-100,2026-05-25,171920.8,170161.66,171725.29
KSE-30,2026-05-25,51590.27,51025.82,51517.13
KSE-ALL,2026-05-25,103303.39,102570.03,103214.48
KSE-MI30,2026-05-25,246976.8,244267.95,246565.7
KSE-MIALL,2026-05-25,67117.14,66647.74,67042.77
