symbol,anchor_index,anchor_date,outcome,breakout_direction,support_level,resistance_level,height_pct,duration_days
786,3,2005-01-13,REJECTED_INSUFFICIENT_TOUCHES,,6.3,26.09,3.141269841269841,7854
786,14,2005-02-16,VALID,up,9.5,8.5,0.10526315789473684,912
786,23,2005-05-09,REJECTED_INSUFFICIENT_TOUCHES,,5.95,26.09,3.384873949579832,7738
786,40,2005-12-01,EXPIRED_NO_BREAKOUT,,2.0,9.85,3.925,60
786,48,2006-01-16,REJECTED_TOO_SHORT,,7.6,8.5,0.118421052631579,4
786,68,2006-02-21,EXPIRED_NO_BREAKOUT,,9.5,14.5,0.5263157894736842,60
786,101,2006-09-28,EXPIRED_NO_BREAKOUT,,9.5,14.55,0.5315789473684212,60
786,116,2007-01-26,EXPIRED_NO_BREAKOUT,,8.25,26.09,2.1624242424242426,60
786,133,2007-04-18,VALID,up,9.5,8.5,0.10526315789473684,64
786,142,2007-06-21,REJECTED_TOO_SHORT,,9.5,8.5,0.10526315789473684,0
786,161,2007-08-02,EXPIRED_NO_BREAKOUT,,11.65,26.09,1.2394849785407724,60
786,184,2007-09-13,REJECTED_INSUFFICIENT_TOUCHES,,2.0,19.5,8.75,6881
786,194,2007-10-18,VALID,up,16.0,8.5,0.46875,97
786,207,2007-11-15,REJECTED_TOO_SHORT,,12.65,8.5,0.32806324110671936,0
786,224,2007-12-31,EXPIRED_NO_BREAKOUT,,2.0,20.8,9.4,60
786,243,2008-02-25,EXPIRED_NO_BREAKOUT,,2.0,26.0,12.0,60
786,251,2008-03-07,REJECTED_TOO_SHORT,,24.0,8.5,0.6458333333333334,4
786,257,2008-03-19,REJECTED_TOO_SHORT,,23.75,8.5,0.6421052631578947,0
786,298,2008-05-21,REJECTED_INSUFFICIENT_TOUCHES,,2.0,37.59,17.795,6630
786,309,2008-06-05,EXPIRED_NO_BREAKOUT,,2.0,30.6,14.3,60
786,330,2009-03-31,VALID,up,5.0,1.9,0.62,3458
786,344,2009-04-23,EXPIRED_NO_BREAKOUT,,4.25,8.5,1.0,60
786,361,2009-05-20,EXPIRED_NO_BREAKOUT,,4.5,8.5,0.8888888888888888,60
786,379,2009-07-22,EXPIRED_NO_BREAKOUT,,4.01,8.5,1.119700748129676,60
786,389,2009-08-11,REJECTED_TOO_SHORT,,9.5,6.28,0.3389473684210526,0
786,396,2009-08-25,REJECTED_INSUFFICIENT_TOUCHES,,4.4,26.09,4.929545454545454,6169
786,414,2009-10-09,EXPIRED_NO_BREAKOUT,,2.0,6.79,2.395,60
786,428,2009-11-06,REJECTED_INSUFFICIENT_TOUCHES,,2.0,5.08,1.54,6096
786,435,2009-11-19,REJECTED_TOO_SHORT,,4.01,8.5,1.119700748129676,19
786,447,2009-12-17,EXPIRED_NO_BREAKOUT,,3.52,8.5,1.4147727272727273,60
786,458,2010-01-08,VALID,down,4.005,4.98,0.24344569288389528,38
786,470,2010-02-02,VALID,down,3.5,4.98,0.422857142857143,36
786,479,2010-02-18,REJECTED_INSUFFICIENT_TOUCHES,,3.25,26.09,7.027692307692307,5992
786,491,2010-03-19,REJECTED_INSUFFICIENT_TOUCHES,,2.0,4.23,1.1150000000000002,5963
786,498,2010-04-16,VALID,up,2.35,1.9,0.19148936170212774,983
786,512,2010-05-19,EXPIRED_NO_BREAKOUT,,1.21,2.79,1.3057851239669422,60
786,524,2010-06-22,EXPIRED_NO_BREAKOUT,,1.05,4.98,3.7428571428571433,60
786,530,2010-06-30,EXPIRED_NO_BREAKOUT,,1.21,2.93,1.4214876033057853,60
786,547,2010-07-27,REJECTED_INSUFFICIENT_TOUCHES,,1.68,26.09,14.529761904761905,5833
786,558,2010-08-17,REJECTED_INSUFFICIENT_TOUCHES,,0.5,26.09,51.18,5812
786,571,2010-09-09,REJECTED_INSUFFICIENT_TOUCHES,,0.92,26.09,27.35869565217391,5789
786,576,2010-09-20,REJECTED_INSUFFICIENT_TOUCHES,,0.86,26.09,29.337209302325583,5778
786,589,2010-10-12,VALID,down,4.005,1.99,0.5031210986267165,76
786,600,2010-11-01,EXPIRED_NO_BREAKOUT,,1.32,4.98,2.7727272727272725,60
786,617,2010-12-01,REJECTED_TOO_SHORT,,4.005,1.8,0.550561797752809,9
786,623,2010-12-13,VALID,down,1.26,4.98,2.952380952380953,32
786,635,2010-12-31,REJECTED_TOO_SHORT,,4.005,1.95,0.5131086142322097,4
786,641,2011-01-10,EXPIRED_NO_BREAKOUT,,1.35,1.9,0.4074074074074073,60
786,651,2011-01-24,REJECTED_TOO_SHORT,,4.005,1.9449999999999998,0.5143570536828964,0
786,659,2011-02-03,REJECTED_TOO_SHORT,,4.005,1.9,0.5255930087390762,0
786,674,2011-02-25,EXPIRED_NO_BREAKOUT,,1.1,4.98,3.5272727272727273,60
786,704,2011-04-14,REJECTED_INSUFFICIENT_TOUCHES,,2.0,1.7,0.15000000000000002,5572
786,713,2011-05-04,EXPIRED_NO_BREAKOUT,,1.255,4.98,2.968127490039841,60
786,731,2011-06-06,REJECTED_TOO_SHORT,,4.005,1.9,0.5255930087390762,0
786,760,2011-09-05,REJECTED_TOO_SHORT,,4.005,1.99,0.5031210986267165,0
786,789,2011-11-16,REJECTED_INSUFFICIENT_TOUCHES,,2.0,1.74,0.13,5356
786,819,2012-02-08,VALID,up,1.05,1.9,0.8095238095238093,35
786,840,2012-03-14,EXPIRED_NO_BREAKOUT,,1.21,2.5,1.0661157024793388,60
786,852,2012-04-02,EXPIRED_NO_BREAKOUT,,1.21,2.29,0.8925619834710745,60
786,864,2012-04-20,REJECTED_TOO_SHORT,,1.55,1.9,0.22580645161290314,3
786,877,2012-05-11,EXPIRED_NO_BREAKOUT,,1.21,1.9,0.5702479338842975,60
786,890,2012-06-04,REJECTED_INSUFFICIENT_TOUCHES,,1.41,26.09,17.50354609929078,5155
786,908,2012-07-10,VALID,up,1.21,1.95,0.6115702479338843,50
786,926,2012-09-05,VALID,up,1.21,2.245,0.8553719008264464,57
786,938,2012-10-05,REJECTED_HEIGHT_FLOOR,,1.81,1.9,0.04972375690607727,587
786,950,2012-11-01,REJECTED_TOO_SHORT,,1.21,2.275,0.8801652892561983,19
786,964,2012-11-26,REJECTED_INSUFFICIENT_TOUCHES,,2.0,2.85,0.42500000000000004,4980
786,974,2012-12-10,EXPIRED_NO_BREAKOUT,,1.21,3.29,1.71900826446281,60
786,990,2013-01-21,VALID,up,2.5,1.9,0.24000000000000005,114
786,998,2013-02-27,REJECTED_INSUFFICIENT_TOUCHES,,2.0,3.07,0.5349999999999999,4887
786,1006,2013-03-25,VALID,up,1.21,3.0,1.4793388429752068,56
786,1017,2013-05-03,REJECTED_TOO_SHORT,,1.21,2.95,1.4380165289256202,12
786,1030,2013-06-06,REJECTED_INSUFFICIENT_TOUCHES,,2.7,26.09,8.662962962962963,4788
786,1044,2013-07-17,REJECTED_TOO_SHORT,,2.11,1.9,0.09952606635071089,0
786,1051,2013-08-13,EXPIRED_NO_BREAKOUT,,1.21,3.43,1.834710743801653,60
786,1061,2013-11-12,VALID,up,1.21,2.5,1.0661157024793388,30
786,1068,2014-01-02,REJECTED_HEIGHT_FLOOR,,2.005,1.9,0.05236907730673316,0
786,1084,2014-04-01,REJECTED_HEIGHT_FLOOR,,2.01,1.9,0.054726368159203925,0
786,1095,2014-05-21,REJECTED_INSUFFICIENT_TOUCHES,,2.0,2.55,0.2749999999999999,4439
786,1105,2014-07-24,REJECTED_HEIGHT_FLOOR,,1.81,1.9,0.04972375690607727,0
786,1120,2014-11-11,VALID,up,2.0,2.99,0.4950000000000001,1393
786,1126,2014-11-20,REJECTED_HEIGHT_FLOOR,,2.0,1.9,0.050000000000000044,0
786,1145,2018-09-27,REJECTED_TOO_SHORT,,4.51,1.9,0.5787139689578714,0
786,1161,2018-10-19,REJECTED_TOO_SHORT,,9.65,1.9,0.8031088082901554,0
786,1193,2018-12-05,EXPIRED_NO_BREAKOUT,,2.0,26.0,12.0,60
786,1205,2018-12-21,EXPIRED_NO_BREAKOUT,,2.0,25.925,11.9625,60
786,1237,2019-02-07,EXPIRED_NO_BREAKOUT,,2.0,26.9,12.45,60
786,1271,2019-03-27,REJECTED_TOO_SHORT,,25.814999999999998,1.9,0.926399380205307,0
786,1281,2019-04-10,REJECTED_TOO_SHORT,,25.98,1.9,0.9268668206312549,0
786,1293,2019-04-26,VALID,up,2.0,26.325,12.1625,26
786,1313,2019-05-27,VALID,up,2.0,28.895,13.4475,45
786,1330,2019-06-26,REJECTED_TOO_SHORT,,2.0,28.99,13.495,15
786,1340,2019-07-10,REJECTED_TOO_SHORT,,28.01,26.09,0.06854694751874336,0
786,1352,2019-07-26,VALID,up,2.0,31.25,14.625,25
786,1359,2019-08-06,REJECTED_TOO_SHORT,,30.11,26.09,0.13351046164065095,0
786,1378,2019-09-06,EXPIRED_NO_BREAKOUT,,2.0,32.7,15.350000000000001,60
786,1401,2019-11-26,VALID,down,22.73,26.09,0.14782226132864054,1497
786,1415,2019-12-30,EXPIRED_NO_BREAKOUT,,2.0,26.14,12.07,60
786,1433,2024-01-29,VALID,up,2.0,5.26,1.63,35
786,1448,2024-03-04,VALID,up,2.0,5.4,1.7000000000000002,50
786,1456,2024-04-04,EXPIRED_NO_BREAKOUT,,5.0,26.09,4.218,60
786,1470,2024-05-07,EXPIRED_NO_BREAKOUT,,5.0,26.09,4.218,60
786,1488,2024-06-07,EXPIRED_NO_BREAKOUT,,2.0,5.98,1.9900000000000002,60
786,1504,2024-07-04,VALID,up,2.0,5.98,1.9900000000000002,42
786,1520,2024-07-30,REJECTED_TOO_SHORT,,2.0,5.595,1.7974999999999999,10
786,1539,2024-08-27,VALID,down,5.7,26.09,3.57719298245614,48
786,1554,2024-09-18,EXPIRED_NO_BREAKOUT,,2.0,6.96,2.48,60
786,1569,2024-10-09,VALID,up,2.0,6.48,2.24,30
786,1585,2024-11-01,EXPIRED_NO_BREAKOUT,,5.61,26.09,3.6506238859180034,60
786,1595,2024-11-15,EXPIRED_NO_BREAKOUT,,5.81,26.09,3.49053356282272,60
786,1607,2024-12-03,REJECTED_INSUFFICIENT_TOUCHES,,2.0,7.6,2.8,590
786,1619,2024-12-19,EXPIRED_NO_BREAKOUT,,6.57,26.09,2.9710806697108065,60
786,1631,2025-01-07,EXPIRED_NO_BREAKOUT,,8.26,26.09,2.158595641646489,60
786,1648,2025-01-30,EXPIRED_NO_BREAKOUT,,9.31,26.09,1.8023630504833512,60
786,1668,2025-02-28,VALID,down,8.25,26.09,2.1624242424242426,38
786,1688,2025-04-07,VALID,down,8.0,26.09,2.26125,31
786,1710,2025-05-08,VALID,up,2.0,9.485,3.7424999999999997,50
786,1729,2025-06-05,VALID,up,2.0,9.465,3.7325,22
786,1740,2025-06-24,REJECTED_INSUFFICIENT_TOUCHES,,7.33,26.09,2.5593451568894947,387
786,1752,2025-07-10,VALID,up,2.0,10.975,4.4875,32
786,1766,2025-07-30,EXPIRED_NO_BREAKOUT,,8.71,26.09,1.9954075774971294,60
786,1781,2025-08-21,REJECTED_INSUFFICIENT_TOUCHES,,10.35,26.09,1.5207729468599034,329
786,1794,2025-09-09,REJECTED_INSUFFICIENT_TOUCHES,,2.0,17.08,7.539999999999999,310
786,1808,2025-09-29,REJECTED_TOO_SHORT,,12.815000000000001,26.09,1.0358954350370657,11
786,1817,2025-10-10,EXPIRED_NO_BREAKOUT,,2.0,13.82,5.91,60
786,1826,2025-10-23,EXPIRED_NO_BREAKOUT,,2.0,13.6,5.8,60
786,1839,2025-11-11,EXPIRED_NO_BREAKOUT,,2.0,14.11,6.055,60
786,1850,2025-11-26,EXPIRED_NO_BREAKOUT,,11.1,26.09,1.3504504504504504,60
786,1865,2025-12-17,VALID,up,2.0,13.32,5.66,57
786,1880,2026-01-08,REJECTED_TOO_SHORT,,12.55,26.09,1.0788844621513942,15
786,1885,2026-01-15,VALID,up,2.0,13.24,5.62,28
786,1897,2026-02-02,REJECTED_TOO_SHORT,,2.0,11.99,4.995,8
786,1912,2026-02-24,REJECTED_TOO_SHORT,,2.0,26.0,12.0,8
786,1935,2026-03-31,REJECTED_INSUFFICIENT_TOUCHES,,2.0,68.72,33.36,107
786,1954,2026-04-27,REJECTED_HEIGHT_FLOOR,,26.41,26.045,0.013820522529344886,0
786,1963,2026-05-12,EXPIRED_NO_BREAKOUT,,2.0,30.7,14.35,60
786,1972,2026-05-25,EXPIRED_NO_BREAKOUT,,2.0,28.8,13.4,52
786,1983,2026-06-15,EXPIRED_NO_BREAKOUT,,2.0,27.08,12.54,31
AABS,8,2005-01-17,REJECTED_INSUFFICIENT_TOUCHES,,65.0,214.54500000000002,2.300692307692308,7850
AABS,35,2005-03-14,EXPIRED_NO_BREAKOUT,,47.35,74.45,0.5723336853220697,60
AABS,51,2005-04-27,REJECTED_HEIGHT_FLOOR,,58.0,61.0,0.05172413793103448,168
AABS,72,2005-07-19,EXPIRED_NO_BREAKOUT,,52.55,61.0,0.16079923882017133,60
AABS,80,2005-08-25,EXPIRED_NO_BREAKOUT,,47.6,58.75,0.23424369747899157,60
AABS,93,2005-10-18,EXPIRED_NO_BREAKOUT,,47.35,61.0,0.2882787750791974,60
AABS,106,2005-12-01,REJECTED_TOO_SHORT,,50.25,61.0,0.21393034825870647,15
AABS,118,2005-12-19,EXPIRED_NO_BREAKOUT,,47.6,68.0,0.42857142857142855,60
AABS,144,2006-02-03,EXPIRED_NO_BREAKOUT,,47.35,54.95,0.16050686378035905,60
AABS,159,2006-03-20,EXPIRED_NO_BREAKOUT,,47.35,52.5,0.10876451953537483,60
AABS,172,2006-04-21,VALID,up,47.35,51.25,0.0823653643083421,47
AABS,187,2006-06-09,REJECTED_INSUFFICIENT_TOUCHES,,180.8,53.85,0.7021570796460177,7342
AABS,201,2006-07-31,VALID,down,52.0,61.0,0.17307692307692307,116
AABS,213,2006-12-18,EXPIRED_NO_BREAKOUT,,47.6,67.05,0.40861344537815114,60
AABS,224,2007-03-14,EXPIRED_NO_BREAKOUT,,51.75,61.0,0.178743961352657,60
AABS,238,2007-06-04,VALID,up,52.0,62.95,0.21057692307692313,25
AABS,244,2007-06-20,REJECTED_TOO_SHORT,,55.1,61.0,0.1070780399274047,8
AABS,257,2007-08-03,EXPIRED_NO_BREAKOUT,,52.0,64.35,0.23749999999999988,60
AABS,269,2007-10-22,REJECTED_TOO_SHORT,,57.0,61.0,0.07017543859649122,0
AABS,284,2007-12-24,EXPIRED_NO_BREAKOUT,,56.1,65.0,0.15864527629233507,60
AABS,295,2008-01-21,REJECTED_TOO_SHORT,,52.0,61.0,0.17307692307692307,14
AABS,303,2008-02-11,VALID,up,56.1,61.0,0.08734402852049908,58
AABS,312,2008-03-14,VALID,up,56.1,60.0,0.06951871657754008,26
AABS,336,2008-04-18,VALID,up,66.25,61.0,0.07924528301886792,439
AABS,352,2008-06-05,VALID,up,79.8,61.0,0.23558897243107765,301
AABS,382,2009-02-20,EXPIRED_NO_BREAKOUT,,56.1,96.0,0.7112299465240641,60
AABS,403,2009-06-10,EXPIRED_NO_BREAKOUT,,56.1,80.5,0.4349376114081996,60
AABS,417,2009-07-28,REJECTED_TOO_SHORT,,70.3,61.0,0.13229018492176384,0
AABS,429,2009-09-16,EXPIRED_NO_BREAKOUT,,56.1,79.8,0.42245989304812825,60
AABS,442,2009-10-20,REJECTED_TOO_SHORT,,72.0,61.0,0.1527777777777778,0
AABS,454,2009-11-20,VALID,up,56.1,82.0,0.4616755793226381,31
AABS,470,2010-01-11,VALID,up,91.2,61.0,0.331140350877193,24
AABS,480,2010-02-11,EXPIRED_NO_BREAKOUT,,56.1,96.05,0.712121212121212,60
AABS,487,2010-03-11,EXPIRED_NO_BREAKOUT,,56.1,94.0,0.6755793226381461,60
AABS,497,2010-04-20,EXPIRED_NO_BREAKOUT,,56.1,94.0,0.6755793226381461,60
AABS,510,2010-06-15,REJECTED_TOO_SHORT,,80.275,61.0,0.2401121146060418,0
AABS,523,2010-08-12,REJECTED_TOO_SHORT,,73.66,61.0,0.17187075753461847,0
AABS,541,2010-09-17,REJECTED_TOO_SHORT,,56.1,95.0,0.6934046345811051,19
AABS,549,2010-10-12,REJECTED_TOO_SHORT,,92.15,61.0,0.33803581117742815,0
AABS,563,2010-11-23,REJECTED_TOO_SHORT,,91.0,61.0,0.32967032967032966,0
AABS,572,2011-01-10,REJECTED_HEIGHT_FLOOR,,90.0,94.5,0.05,0
AABS,581,2011-02-01,EXPIRED_NO_BREAKOUT,,56.1,102.89,0.8340463458110516,60
AABS,601,2011-06-14,REJECTED_TOO_SHORT,,88.35,94.5,0.06960950764006799,2
AABS,612,2011-07-22,VALID,down,84.65,94.5,0.11636148848198456,48
AABS,618,2011-08-30,VALID,up,56.1,92.4,0.6470588235294118,24
AABS,633,2011-11-28,EXPIRED_NO_BREAKOUT,,86.45,94.5,0.09311740890688255,60
AABS,646,2012-01-20,EXPIRED_NO_BREAKOUT,,79.9,91.0,0.13892365456821018,60
AABS,657,2012-02-21,EXPIRED_NO_BREAKOUT,,76.0,94.5,0.24342105263157895,60
AABS,674,2012-03-26,EXPIRED_NO_BREAKOUT,,80.0,86.945,0.08681249999999992,60
AABS,690,2012-05-09,EXPIRED_NO_BREAKOUT,,80.0,94.5,0.18125,60
AABS,697,2012-05-18,EXPIRED_NO_BREAKOUT,,83.14,94.5,0.13663699783497715,60
AABS,718,2012-07-13,REJECTED_TOO_SHORT,,83.755,94.5,0.1282908483075638,7
AABS,737,2012-10-24,REJECTED_TOO_SHORT,,80.0,98.6,0.23249999999999993,13
AABS,744,2012-11-16,REJECTED_HEIGHT_FLOOR,,95.0,94.5,0.005263157894736842,185
AABS,763,2013-05-20,REJECTED_HEIGHT_FLOOR,,95.0,94.5,0.005263157894736842,0
AABS,777,2013-07-29,EXPIRED_NO_BREAKOUT,,80.0,105.26,0.3157500000000001,60
AABS,802,2013-11-27,REJECTED_HEIGHT_FLOOR,,90.25,94.5,0.04709141274238227,0
AABS,819,2014-01-06,EXPIRED_NO_BREAKOUT,,80.0,98.5,0.23125,60
AABS,835,2014-01-30,REJECTED_HEIGHT_FLOOR,,91.76,94.5,0.02986050566695722,0
AABS,856,2014-03-24,VALID,up,80.0,98.7,0.23375000000000004,21
AABS,869,2014-04-21,VALID,up,105.0,94.5,0.1,42
AABS,885,2014-05-23,REJECTED_INSUFFICIENT_TOUCHES,,180.8,125.0,0.30862831858407086,4437
AABS,900,2014-06-23,REJECTED_INSUFFICIENT_TOUCHES,,180.8,118.5,0.34457964601769914,4406
AABS,915,2014-07-23,REJECTED_TOO_SHORT,,105.41,94.5,0.10350061663978746,0
AABS,936,2014-10-14,EXPIRED_NO_BREAKOUT,,80.0,137.54,0.71925,60
AABS,953,2015-01-14,EXPIRED_NO_BREAKOUT,,80.0,217.65,1.720625,60
AABS,974,2015-02-18,VALID,up,168.0,94.5,0.4375,1114
AABS,993,2015-05-29,REJECTED_TOO_SHORT,,160.5,94.5,0.411214953271028,0
AABS,1021,2015-09-01,EXPIRED_NO_BREAKOUT,,80.0,175.0,1.1875,60
AABS,1037,2015-11-17,VALID,up,80.0,193.1,1.4137499999999998,43
AABS,1061,2016-01-08,EXPIRED_NO_BREAKOUT,,80.0,206.0,1.575,60
AABS,1077,2016-02-23,VALID,up,80.0,205.8,1.5725000000000002,36
AABS,1088,2016-03-31,EXPIRED_NO_BREAKOUT,,80.0,214.18,1.6772500000000001,60
AABS,1098,2016-06-02,REJECTED_TOO_SHORT,,200.0,94.5,0.5275,0
AABS,1120,2016-08-09,REJECTED_INSUFFICIENT_TOUCHES,,180.8,270.9,0.49834070796460156,3628
AABS,1129,2016-10-19,EXPIRED_NO_BREAKOUT,,80.0,313.0,2.9125,60
AABS,1138,2016-11-11,VALID,up,80.0,315.0,2.9375,49
AABS,1148,2016-12-14,REJECTED_TOO_SHORT,,270.0,94.5,0.65,0
AABS,1162,2017-01-12,REJECTED_TOO_SHORT,,80.0,277.0,2.4625,14
AABS,1192,2017-05-08,REJECTED_HEIGHT_FLOOR,,228.0,214.54500000000002,0.059013157894736774,939
AABS,1232,2017-11-07,REJECTED_TOO_SHORT,,128.25,94.5,0.2631578947368421,0
AABS,1244,2017-11-27,EXPIRED_NO_BREAKOUT,,80.0,160.0,1.0,60
AABS,1261,2018-01-02,REJECTED_INSUFFICIENT_TOUCHES,,120.5,214.54500000000002,0.7804564315352699,3117
AABS,1277,2018-01-24,REJECTED_INSUFFICIENT_TOUCHES,,180.8,162.75,0.09983407079646023,3095
AABS,1289,2018-02-12,REJECTED_TOO_SHORT,,164.0,94.5,0.42378048780487804,0
AABS,1301,2018-03-05,EXPIRED_NO_BREAKOUT,,80.0,199.78,1.49725,60
AABS,1315,2018-03-28,REJECTED_TOO_SHORT,,162.0,94.5,0.4166666666666667,0
AABS,1325,2018-04-23,EXPIRED_NO_BREAKOUT,,80.0,206.435,1.5804375,60
AABS,1334,2018-05-09,REJECTED_TOO_SHORT,,180.5,94.5,0.47645429362880887,0
AABS,1353,2018-06-06,EXPIRED_NO_BREAKOUT,,80.0,199.39,1.4923749999999998,60
AABS,1370,2018-07-12,VALID,up,80.0,201.0,1.5125,46
AABS,1383,2018-08-02,REJECTED_TOO_SHORT,,185.075,94.5,0.4893961907334864,0
AABS,1394,2018-08-29,EXPIRED_NO_BREAKOUT,,80.0,214.99,1.687375,60
AABS,1402,2018-09-14,REJECTED_TOO_SHORT,,180.5,94.5,0.47645429362880887,0
AABS,1413,2018-10-18,REJECTED_TOO_SHORT,,190.0,94.5,0.5026315789473684,0
AABS,1426,2018-11-26,VALID,up,80.0,214.9,1.68625,24
AABS,1447,2018-12-31,EXPIRED_NO_BREAKOUT,,80.0,286.44,2.5805,60
AABS,1459,2019-01-16,EXPIRED_NO_BREAKOUT,,80.0,275.0,2.4375,60
AABS,1473,2019-02-06,EXPIRED_NO_BREAKOUT,,80.0,195.89,1.4486249999999998,60
AABS,1485,2019-02-22,VALID,up,80.0,198.9,1.48625,59
AABS,1493,2019-03-06,EXPIRED_NO_BREAKOUT,,181.185,214.54500000000002,0.18412120208626548,60
AABS,1510,2019-03-29,VALID,up,80.0,195.9,1.44875,21
AABS,1523,2019-04-17,EXPIRED_NO_BREAKOUT,,80.0,204.995,1.5624375000000001,60
AABS,1537,2019-05-09,EXPIRED_NO_BREAKOUT,,181.2,214.54500000000002,0.1840231788079472,60
AABS,1551,2019-06-12,VALID,up,181.1,193.735,0.06976808393152965,51
AABS,1563,2019-07-01,EXPIRED_NO_BREAKOUT,,180.8,214.54500000000002,0.18664269911504427,60
AABS,1581,2019-08-02,VALID,up,180.8,200.0,0.10619469026548665,49
AABS,1598,2019-09-13,VALID,up,180.5,214.54500000000002,0.18861495844875356,53
AABS,1617,2019-10-16,REJECTED_TOO_SHORT,,180.8,203.0,0.12278761061946895,12
AABS,1632,2019-11-08,VALID,up,180.8,237.3,0.3125,34
AABS,1648,2019-12-03,REJECTED_HEIGHT_FLOOR,,228.0,214.54500000000002,0.059013157894736774,0
AABS,1663,2019-12-24,REJECTED_INSUFFICIENT_TOUCHES,,234.04,214.54500000000002,0.08329772688429318,2396
AABS,1680,2024-01-17,REJECTED_TOO_SHORT,,470.01,214.54500000000002,0.543530988702368,0
AABS,1699,2024-02-29,VALID,up,510.0,214.54500000000002,0.5793235294117647,27
AABS,1715,2024-04-08,REJECTED_INSUFFICIENT_TOUCHES,,530.0,214.54500000000002,0.5951981132075471,829
AABS,1731,2024-05-09,REJECTED_TOO_SHORT,,557.01,214.54500000000002,0.6148273819141488,0
AABS,1754,2024-06-12,EXPIRED_NO_BREAKOUT,,180.8,546.0,2.0199115044247784,60
AABS,1768,2024-07-05,REJECTED_TOO_SHORT,,180.8,540.0,1.986725663716814,19
AABS,1779,2024-07-24,REJECTED_INSUFFICIENT_TOUCHES,,180.8,560.0,2.0973451327433628,722
AABS,1802,2024-08-27,REJECTED_INSUFFICIENT_TOUCHES,,180.8,638.0,2.5287610619469025,688
AABS,1819,2024-09-20,REJECTED_INSUFFICIENT_TOUCHES,,180.8,649.63,2.5930862831858406,664
AABS,1839,2024-10-18,REJECTED_TOO_SHORT,,555.015,214.54500000000002,0.6134428799221642,0
AABS,1848,2024-10-31,VALID,up,180.8,617.485,2.41529314159292,32
AABS,1861,2024-11-19,REJECTED_TOO_SHORT,,180.8,668.0,2.6946902654867255,17
AABS,1871,2024-12-03,REJECTED_INSUFFICIENT_TOUCHES,,601.0,214.54500000000002,0.6430199667221298,590
AABS,1889,2024-12-30,EXPIRED_NO_BREAKOUT,,180.8,799.0,3.4192477876106193,60
AABS,1900,2025-01-14,EXPIRED_NO_BREAKOUT,,180.8,799.0,3.4192477876106193,60
AABS,1912,2025-01-30,REJECTED_TOO_SHORT,,652.0,214.54500000000002,0.6709432515337423,0
AABS,1923,2025-02-17,REJECTED_TOO_SHORT,,656.12,214.54500000000002,0.6730095104554045,0
AABS,1936,2025-03-06,REJECTED_TOO_SHORT,,682.24,214.54500000000002,0.6855285530018762,0
AABS,1956,2025-04-09,VALID,up,180.8,749.99,3.148174778761062,28
AABS,1967,2025-04-24,REJECTED_TOO_SHORT,,180.8,745.485,3.1232577433628315,11
AABS,1977,2025-05-09,REJECTED_TOO_SHORT,,696.0,214.54500000000002,0.6917456896551724,0
AABS,1999,2025-06-13,VALID,up,180.8,925.0,4.116150442477876,47
AABS,2038,2025-08-08,EXPIRED_NO_BREAKOUT,,180.8,1150.0,5.360619469026549,60
AABS,2057,2025-09-05,REJECTED_TOO_SHORT,,1045.5,214.54500000000002,0.7947919655667144,0
AABS,2065,2025-09-17,REJECTED_TOO_SHORT,,1011.11,214.54500000000002,0.7878124041894552,0
AABS,2081,2025-10-10,EXPIRED_NO_BREAKOUT,,180.8,1059.8,4.861725663716814,60
AABS,2090,2025-10-23,EXPIRED_NO_BREAKOUT,,180.8,1059.0,4.857300884955752,60
AABS,2107,2025-11-17,REJECTED_TOO_SHORT,,1005.0,214.54500000000002,0.7865223880597014,0
AABS,2126,2025-12-12,REJECTED_TOO_SHORT,,993.0,214.54500000000002,0.7839425981873112,0
AABS,2135,2025-12-26,REJECTED_TOO_SHORT,,1000.0,214.54500000000002,0.7854549999999999,0
AABS,2145,2026-01-09,EXPIRED_NO_BREAKOUT,,180.8,1059.8,4.861725663716814,60
AABS,2153,2026-01-21,REJECTED_TOO_SHORT,,1010.0,214.54500000000002,0.7875792079207921,0
AABS,2163,2026-02-04,EXPIRED_NO_BREAKOUT,,180.8,1034.0,4.719026548672566,60
AABS,2173,2026-02-19,REJECTED_INSUFFICIENT_TOUCHES,,904.02,214.54500000000002,0.7626767106922412,147
AABS,2188,2026-03-12,VALID,up,180.8,902.0,3.9889380530973453,35
AABS,2200,2026-04-01,REJECTED_TOO_SHORT,,800.0,214.54500000000002,0.73181875,0
AABS,2217,2026-04-24,VALID,up,856.02,214.54500000000002,0.7493691736174387,56
AABS,2225,2026-05-08,VALID,up,890.16,214.54500000000002,0.7589815314100836,34
AABS,2236,2026-05-25,EXPIRED_NO_BREAKOUT,,180.8,991.0,4.481194690265487,52
AABS,2247,2026-06-15,EXPIRED_NO_BREAKOUT,,180.8,912.0,4.04424778761062,31
AABS,2255,2026-06-29,EXPIRED_NO_BREAKOUT,,180.8,910.0,4.033185840707965,17
AASM,5,2005-02-17,REJECTED_INSUFFICIENT_TOUCHES,,25.020000000000003,64.2,1.5659472422062348,4747
AASM,23,2006-05-12,EXPIRED_NO_BREAKOUT,,25.01,59.85,1.3930427828868452,60
AASM,36,2007-04-18,REJECTED_INSUFFICIENT_TOUCHES,,45.6,31.99,0.2984649122807018,3957
AASM,53,2009-08-05,REJECTED_HEIGHT_FLOOR,,25.01,24.8,0.008396641343462649,490
AASM,76,2009-12-07,REJECTED_INSUFFICIENT_TOUCHES,,21.86,31.99,0.4634034766697163,2993
AASM,102,2010-04-22,REJECTED_INSUFFICIENT_TOUCHES,,35.15,31.99,0.08990042674253201,2857
AASM,115,2010-05-20,REJECTED_INSUFFICIENT_TOUCHES,,25.020000000000003,36.79,0.47042366107114286,2829
AASM,127,2010-06-09,EXPIRED_NO_BREAKOUT,,27.1,51.0,0.8819188191881918,60
AASM,144,2010-07-14,EXPIRED_NO_BREAKOUT,,28.45,31.99,0.1244288224956063,60
AASM,155,2010-08-20,EXPIRED_NO_BREAKOUT,,25.01,31.99,0.2790883646541382,60
AASM,180,2010-10-20,VALID,down,25.01,35.0,0.39944022391043577,44
AASM,195,2010-11-26,REJECTED_INSUFFICIENT_TOUCHES,,25.020000000000003,26.98,0.07833733013589117,2639
AASM,203,2010-12-08,EXPIRED_NO_BREAKOUT,,23.0,31.99,0.39086956521739125,60
AASM,228,2011-01-19,VALID,down,25.01,31.99,0.2790883646541382,23
AASM,241,2011-02-11,EXPIRED_NO_BREAKOUT,,23.33,31.99,0.3711958851264467,60
AASM,278,2011-07-04,EXPIRED_NO_BREAKOUT,,25.03,31.99,0.2780663204155013,60
AASM,324,2012-02-28,REJECTED_HEIGHT_FLOOR,,25.020000000000003,24.595,0.016986410871303127,0
AASM,352,2012-05-11,REJECTED_HEIGHT_FLOOR,,25.020000000000003,24.6,0.01678657074340534,0
AASM,396,2012-12-04,REJECTED_TOO_SHORT,,17.95,31.99,0.7821727019498607,15
AASM,409,2013-04-08,REJECTED_INSUFFICIENT_TOUCHES,,14.01,31.99,1.283369022127052,1775
AASM,420,2013-11-19,VALID,down,25.020000000000003,19.17,0.2338129496402878,926
AASM,430,2014-01-01,REJECTED_TOO_SHORT,,25.020000000000003,17.0,0.3205435651478818,0
AASM,451,2015-06-26,EXPIRED_NO_BREAKOUT,,5.51,31.99,4.8058076225045365,60
AASM,497,2015-09-29,REJECTED_INSUFFICIENT_TOUCHES,,25.020000000000003,22.39,0.10511590727418074,871
AASM,513,2015-10-30,REJECTED_INSUFFICIENT_TOUCHES,,19.72,31.99,0.6222109533468559,840
AASM,540,2015-12-10,REJECTED_TOO_SHORT,,25.020000000000003,21.45,0.14268585131894498,8
AASM,551,2016-01-21,REJECTED_TOO_SHORT,,15.98,31.99,1.001877346683354,13
AASM,570,2016-03-02,VALID,down,25.020000000000003,16.14,0.35491606714628304,240
AASM,584,2016-04-13,REJECTED_INSUFFICIENT_TOUCHES,,12.1,31.99,1.643801652892562,674
AASM,596,2016-05-12,VALID,down,25.020000000000003,12.01,0.5199840127897682,378
AASM,621,2016-08-29,REJECTED_TOO_SHORT,,25.020000000000003,15.8,0.3685051958433254,18
AASM,630,2016-09-23,REJECTED_TOO_SHORT,,25.020000000000003,16.555,0.33832933653077546,0
AASM,638,2016-10-28,REJECTED_TOO_SHORT,,25.020000000000003,16.0,0.3605115907274181,0
AASM,647,2016-11-23,REJECTED_TOO_SHORT,,25.020000000000003,15.25,0.39048760991207043,0
AASM,663,2017-02-22,REJECTED_TOO_SHORT,,10.0,31.99,2.199,14
AASM,680,2017-05-12,REJECTED_INSUFFICIENT_TOUCHES,,25.020000000000003,9.7,0.6123101518784972,280
AASM,691,2017-06-01,VALID,down,8.1,31.99,2.949382716049383,61
AASM,698,2017-07-06,VALID,down,25.020000000000003,9.94,0.6027178257394086,85
AASM,719,2017-08-25,REJECTED_INSUFFICIENT_TOUCHES,,6.12,31.99,4.227124183006535,175
AASM,733,2017-09-29,REJECTED_TOO_SHORT,,25.020000000000003,10.0,0.6003197442046363,0
AASM,746,2017-10-19,REJECTED_INSUFFICIENT_TOUCHES,,25.020000000000003,8.45,0.6622701838529177,120
AASM,757,2017-11-03,REJECTED_TOO_SHORT,,25.020000000000003,10.42,0.5835331734612311,0
AASM,775,2017-12-05,REJECTED_INSUFFICIENT_TOUCHES,,5.62,31.99,4.692170818505337,73
AASM,789,2018-01-01,REJECTED_INSUFFICIENT_TOUCHES,,4.06,31.99,6.879310344827587,46
AASM,800,2018-02-13,REJECTED_INSUFFICIENT_TOUCHES,,2.8,31.99,10.425,3
AATM,4,2005-01-07,EXPIRED_NO_BREAKOUT,,3.0,5.75,0.9166666666666666,60
AATM,20,2005-02-17,VALID,up,4.5,3.5,0.2222222222222222,3354
AATM,40,2005-04-19,REJECTED_INSUFFICIENT_TOUCHES,,3.2,3.325,0.0390625,7758
AATM,52,2005-06-08,EXPIRED_NO_BREAKOUT,,2.0,3.35,0.675,60
AATM,71,2005-12-12,REJECTED_INSUFFICIENT_TOUCHES,,3.25,3.325,0.02307692307692313,7521
AATM,83,2006-01-06,EXPIRED_NO_BREAKOUT,,2.0,4.95,1.475,60
AATM,95,2006-02-23,REJECTED_INSUFFICIENT_TOUCHES,,41.0,3.85,0.9060975609756097,7448
AATM,104,2006-04-13,VALID,down,3.0,3.5,0.16666666666666666,26
AATM,113,2006-05-19,EXPIRED_NO_BREAKOUT,,2.5,3.5,0.4,60
AATM,118,2006-07-17,REJECTED_INSUFFICIENT_TOUCHES,,2.1,3.325,0.5833333333333334,7304
AATM,134,2006-11-10,EXPIRED_NO_BREAKOUT,,2.0,3.0,0.5,60
AATM,143,2006-11-29,VALID,down,2.2,3.5,0.5909090909090908,28
AATM,152,2007-01-12,EXPIRED_NO_BREAKOUT,,2.0,2.8,0.3999999999999999,60
AATM,166,2007-03-27,REJECTED_INSUFFICIENT_TOUCHES,,1.35,3.325,1.462962962962963,7051
AATM,177,2007-06-20,VALID,down,2.0,2.35,0.17500000000000004,1883
AATM,189,2007-09-25,REJECTED_INSUFFICIENT_TOUCHES,,1.3,3.325,1.557692307692308,6869
AATM,197,2007-11-23,VALID,down,2.0,2.7,0.3500000000000001,48
AATM,210,2008-03-07,REJECTED_INSUFFICIENT_TOUCHES,,1.75,3.325,0.9000000000000001,6705
AATM,215,2008-03-20,VALID,up,2.0,3.0,0.5,29
AATM,233,2008-05-20,REJECTED_INSUFFICIENT_TOUCHES,,1.81,3.325,0.8370165745856354,6631
AATM,244,2008-06-26,REJECTED_INSUFFICIENT_TOUCHES,,41.0,1.7,0.9585365853658536,6594
AATM,264,2009-01-29,REJECTED_INSUFFICIENT_TOUCHES,,0.1,3.325,32.25,6377
AATM,273,2009-08-17,EXPIRED_NO_BREAKOUT,,0.4,3.5,7.75,60
AATM,297,2010-03-04,REJECTED_HEIGHT_FLOOR,,2.0,1.9,0.050000000000000044,944
AATM,304,2010-03-19,REJECTED_INSUFFICIENT_TOUCHES,,0.6,3.325,4.541666666666667,5963
AATM,326,2010-06-30,REJECTED_INSUFFICIENT_TOUCHES,,0.2,3.325,15.625,5860
AATM,335,2010-09-17,REJECTED_INSUFFICIENT_TOUCHES,,41.0,2.21,0.9460975609756097,5781
AATM,356,2010-11-04,EXPIRED_NO_BREAKOUT,,0.61,3.5,4.7377049180327875,60
AATM,363,2010-12-27,REJECTED_INSUFFICIENT_TOUCHES,,41.0,1.5,0.9634146341463414,5680
AATM,379,2011-04-06,REJECTED_TOO_SHORT,,2.0,1.45,0.275,0
AATM,400,2011-07-14,REJECTED_TOO_SHORT,,0.61,3.5,4.7377049180327875,20
AATM,421,2011-12-19,REJECTED_INSUFFICIENT_TOUCHES,,0.26,3.325,11.78846153846154,5323
AATM,447,2012-03-07,REJECTED_INSUFFICIENT_TOUCHES,,1.16,3.325,1.8663793103448278,5244
AATM,466,2012-04-12,EXPIRED_NO_BREAKOUT,,1.0,3.5,2.5,60
AATM,478,2012-05-17,EXPIRED_NO_BREAKOUT,,1.2,3.5,1.9166666666666665,60
AATM,515,2012-08-03,REJECTED_TOO_SHORT,,2.0,2.49,0.2450000000000001,0
AATM,529,2012-10-03,REJECTED_HEIGHT_FLOOR,,2.0,1.9,0.050000000000000044,0
AATM,536,2012-10-23,VALID,up,1.7,3.0,0.7647058823529412,27
AATM,554,2012-11-27,EXPIRED_NO_BREAKOUT,,2.0,5.75,1.875,60
AATM,569,2013-01-15,REJECTED_HEIGHT_FLOOR,,3.0,3.0,0.0,0
AATM,583,2013-02-19,REJECTED_HEIGHT_FLOOR,,3.0,3.0,0.0,0
AATM,597,2013-04-25,REJECTED_TOO_SHORT,,1.7,3.0,0.7647058823529412,14
AATM,618,2013-07-15,VALID,up,2.0,3.4,0.7,23
AATM,631,2013-08-20,REJECTED_TOO_SHORT,,2.5,3.5,0.4,0
AATM,641,2013-09-30,EXPIRED_NO_BREAKOUT,,2.8,4.0,0.42857142857142866,60
AATM,651,2013-10-31,REJECTED_TOO_SHORT,,2.9,3.5,0.20689655172413796,1
AATM,664,2013-12-13,REJECTED_TOO_SHORT,,2.0,4.3,1.15,18
AATM,677,2014-01-06,VALID,up,5.02,3.5,0.3027888446215139,247
AATM,688,2014-01-23,VALID,up,2.0,8.2,3.0999999999999996,43
AATM,709,2014-02-28,REJECTED_INSUFFICIENT_TOUCHES,,4.9,3.325,0.32142857142857145,4521
AATM,723,2014-03-20,REJECTED_INSUFFICIENT_TOUCHES,,41.0,6.7,0.8365853658536585,4501
AATM,739,2014-04-18,REJECTED_INSUFFICIENT_TOUCHES,,41.0,6.11,0.8509756097560975,4472
AATM,749,2014-05-15,VALID,up,4.6,3.5,0.23913043478260865,92
AATM,765,2014-07-10,EXPIRED_NO_BREAKOUT,,2.0,7.72,2.86,60
AATM,775,2014-08-15,REJECTED_TOO_SHORT,,4.56,3.5,0.23245614035087714,0
AATM,793,2014-09-17,REJECTED_TOO_SHORT,,5.0,3.5,0.3,0
AATM,803,2014-10-13,REJECTED_TOO_SHORT,,4.71,3.5,0.25690021231422505,0
AATM,815,2014-11-14,EXPIRED_NO_BREAKOUT,,2.0,6.0,2.0,60
AATM,830,2015-02-02,EXPIRED_NO_BREAKOUT,,2.0,4.7,1.35,60
AATM,844,2015-03-10,REJECTED_TOO_SHORT,,3.1,3.5,0.1290322580645161,6
AATM,855,2015-04-07,EXPIRED_NO_BREAKOUT,,2.0,3.975,0.9875,60
AATM,876,2015-06-22,EXPIRED_NO_BREAKOUT,,3.13,4.0,0.27795527156549527,60
AATM,894,2015-09-14,VALID,down,3.0,4.0,0.3333333333333333,22
AATM,909,2015-11-19,EXPIRED_NO_BREAKOUT,,2.0,3.3,0.6499999999999999,60
AATM,918,2015-12-28,REJECTED_INSUFFICIENT_TOUCHES,,41.0,3.25,0.9207317073170732,3853
AATM,950,2024-07-12,EXPIRED_NO_BREAKOUT,,2.0,50.35,24.175,60
AATM,978,2024-08-26,REJECTED_INSUFFICIENT_TOUCHES,,41.0,109.9,1.680487804878049,689
AATM,998,2024-09-24,REJECTED_TOO_SHORT,,56.39,3.325,0.94103564461784,6
AATM,1007,2024-10-07,REJECTED_TOO_SHORT,,53.05,3.325,0.9373232799245994,9
AATM,1017,2024-10-21,VALID,up,2.0,67.3,32.65,31
AATM,1026,2024-11-01,REJECTED_TOO_SHORT,,60.28,3.325,0.9448407431984074,7
AATM,1036,2024-11-15,REJECTED_TOO_SHORT,,55.55,3.325,0.9401440144014401,0
AATM,1060,2024-12-19,VALID,up,49.55,3.325,0.932896064581231,512
AATM,1082,2025-01-22,VALID,up,46.05,3.325,0.9277958740499457,271
AATM,1090,2025-02-03,EXPIRED_NO_BREAKOUT,,2.0,51.864999999999995,24.932499999999997,60
AATM,1108,2025-02-28,REJECTED_TOO_SHORT,,43.67,3.325,0.9238607739867185,0
AATM,1130,2025-04-07,EXPIRED_NO_BREAKOUT,,2.0,49.36,23.68,60
AATM,1142,2025-04-23,REJECTED_TOO_SHORT,,40.485,3.325,0.9178708163517352,0
AATM,1150,2025-05-06,REJECTED_TOO_SHORT,,40.400000000000006,3.325,0.9176980198019802,0
AATM,1170,2025-06-05,VALID,up,48.25,3.325,0.9310880829015543,97
AATM,1187,2025-07-02,REJECTED_INSUFFICIENT_TOUCHES,,41.0,117.99,1.8778048780487804,379
AATM,1218,2025-08-15,REJECTED_TOO_SHORT,,44.02,3.325,0.9244661517492049,0
AATM,1236,2025-09-10,REJECTED_TOO_SHORT,,48.05,3.325,0.9308012486992715,0
AATM,1246,2025-09-24,EXPIRED_NO_BREAKOUT,,2.0,53.739999999999995,25.869999999999997,60
AATM,1263,2025-10-17,EXPIRED_NO_BREAKOUT,,2.0,51.1,24.55,60
AATM,1272,2025-10-30,REJECTED_TOO_SHORT,,43.665,3.325,0.9238520554219626,0
AATM,1286,2025-11-19,REJECTED_TOO_SHORT,,2.0,43.99,20.995,19
AATM,1299,2025-12-08,VALID,down,41.0,46.21,0.12707317073170735,36
AATM,1313,2025-12-29,REJECTED_TOO_SHORT,,41.0,3.325,0.9189024390243902,0
AATM,1323,2026-01-12,REJECTED_TOO_SHORT,,41.0,43.5,0.06097560975609756,1
AATM,1337,2026-01-30,REJECTED_INSUFFICIENT_TOUCHES,,39.0,3.325,0.9147435897435897,167
AATM,1358,2026-03-03,REJECTED_TOO_SHORT,,32.1,3.325,0.8964174454828661,15
AATM,1374,2026-03-27,REJECTED_HEIGHT_FLOOR,,41.0,39.75,0.03048780487804878,0
AATM,1393,2026-04-23,VALID,up,47.1,3.325,0.9294055201698513,50
AATM,1404,2026-05-12,REJECTED_INSUFFICIENT_TOUCHES,,41.0,61.89,0.5095121951219512,65
AATM,1415,2026-06-02,REJECTED_TOO_SHORT,,48.15,3.325,0.9309449636552439,0
AATM,1427,2026-06-18,REJECTED_TOO_SHORT,,41.0,56.0,0.36585365853658536,6
AATM,1436,2026-07-03,REJECTED_TOO_SHORT,,60.01,3.325,0.9445925679053491,0
ABL,7,2005-08-29,EXPIRED_NO_BREAKOUT,,40.0,90.4,1.2600000000000002,60
ABL,28,2005-09-27,VALID,down,118.0,62.45,0.47076271186440677,1500
ABL,46,2005-10-21,VALID,down,118.0,69.7,0.40932203389830507,1580
ABL,60,2005-11-17,EXPIRED_NO_BREAKOUT,,66.1,90.4,0.3676248108925872,60
ABL,79,2005-12-14,VALID,down,118.0,88.35,0.25127118644067803,925
ABL,97,2006-01-09,REJECTED_HEIGHT_FLOOR,,85.85,90.4,0.05299941758881784,156
ABL,112,2006-02-03,REJECTED_HEIGHT_FLOOR,,89.725,90.4,0.007522986904430331,46
ABL,122,2006-02-21,REJECTED_HEIGHT_FLOOR,,89.5,93.0,0.03910614525139665,10
ABL,135,2006-03-10,REJECTED_HEIGHT_FLOOR,,89.5,90.8,0.014525139664804438,0
ABL,146,2006-03-28,EXPIRED_NO_BREAKOUT,,82.2,90.4,0.09975669099756694,60
ABL,171,2006-05-05,REJECTED_TOO_SHORT,,99.0,90.4,0.08686868686868682,0
ABL,184,2006-05-24,VALID,down,89.5,112.4,0.25586592178770956,21
ABL,209,2006-06-28,VALID,down,81.5,90.325,0.1082822085889571,58
ABL,215,2006-07-06,REJECTED_HEIGHT_FLOOR,,89.5,92.725,0.03603351955307256,0
ABL,224,2006-07-19,REJECTED_HEIGHT_FLOOR,,85.775,90.45,0.05450306033226461,0
ABL,248,2006-08-23,EXPIRED_NO_BREAKOUT,,55.0,86.95,0.5809090909090909,60
ABL,260,2006-09-08,VALID,up,77.25,90.4,0.17022653721682857,41
ABL,276,2006-10-02,VALID,up,85.775,91.0,0.06091518507723689,28
ABL,286,2006-10-16,REJECTED_HEIGHT_FLOOR,,85.6,90.4,0.056074766355140325,0
ABL,296,2006-11-07,REJECTED_TOO_SHORT,,85.775,95.525,0.11366948411541823,16
ABL,309,2006-11-27,EXPIRED_NO_BREAKOUT,,55.0,108.0,0.9636363636363636,60
ABL,318,2006-12-08,VALID,up,85.775,102.05000000000001,0.18974060040804436,55
ABL,336,2007-01-08,REJECTED_TOO_SHORT,,85.775,95.925,0.11833284756630709,17
ABL,357,2007-02-09,EXPIRED_NO_BREAKOUT,,85.775,119.0,0.3873506266394636,60
ABL,374,2007-03-06,VALID,up,106.25,90.4,0.14917647058823524,162
ABL,401,2007-04-13,EXPIRED_NO_BREAKOUT,,55.0,105.5,0.9181818181818182,60
ABL,416,2007-05-07,REJECTED_TOO_SHORT,,103.75,90.4,0.12867469879518068,0
ABL,438,2007-06-06,VALID,up,121.1,90.4,0.25350949628406266,54
ABL,457,2007-07-03,VALID,up,132.15,90.45,0.3155505107832009,6401
ABL,472,2007-07-24,EXPIRED_NO_BREAKOUT,,85.775,131.5,0.5330807344797435,60
ABL,487,2007-08-15,REJECTED_TOO_SHORT,,106.0,90.4,0.14716981132075466,0
ABL,499,2007-08-31,VALID,up,85.775,117.9,0.3745263771495191,31
ABL,510,2007-09-17,REJECTED_TOO_SHORT,,107.175,90.4,0.15651971075344057,0
ABL,525,2007-10-08,EXPIRED_NO_BREAKOUT,,85.775,138.5,0.6146895948703001,60
ABL,545,2007-11-12,VALID,up,85.775,128.5,0.4981055085980763,24
ABL,569,2007-12-14,VALID,up,128.0,90.45,0.293359375,6335
ABL,580,2008-01-04,VALID,up,85.775,138.0,0.608860390556689,46
ABL,591,2008-01-21,VALID,up,85.775,129.9,0.5144272806761877,22
ABL,603,2008-02-07,REJECTED_TOO_SHORT,,123.325,90.4,0.266977498479627,0
ABL,631,2008-03-19,VALID,down,118.0,142.075,0.20402542372881347,44
ABL,637,2008-03-31,REJECTED_TOO_SHORT,,118.0,90.4,0.2338983050847457,0
ABL,649,2008-04-16,REJECTED_HEIGHT_FLOOR,,118.0,125.125,0.06038135593220339,0
ABL,664,2008-05-08,REJECTED_HEIGHT_FLOOR,,118.0,117.375,0.005296610169491525,0
ABL,696,2008-06-23,EXPIRED_NO_BREAKOUT,,67.98,90.4,0.3298028832009415,60
ABL,717,2008-07-25,EXPIRED_NO_BREAKOUT,,55.0,82.64,0.5025454545454545,60
ABL,733,2008-08-19,EXPIRED_NO_BREAKOUT,,58.05,76.0,0.3092161929371232,60
ABL,747,2008-09-08,REJECTED_TOO_SHORT,,118.0,64.0,0.4576271186440678,0
ABL,774,2009-01-27,REJECTED_INSUFFICIENT_TOUCHES,,19.85,90.45,3.5566750629722916,6379
ABL,791,2009-02-20,REJECTED_INSUFFICIENT_TOUCHES,,98.1,38.75,0.6049949031600408,6355
ABL,803,2009-03-11,EXPIRED_NO_BREAKOUT,,30.0,90.4,2.0133333333333336,60
ABL,815,2009-03-30,VALID,down,118.0,42.53,0.6395762711864407,60
ABL,830,2009-04-20,VALID,down,40.11,90.4,1.2538020443779607,43
ABL,837,2009-04-29,REJECTED_TOO_SHORT,,118.0,45.2,0.6169491525423728,0
ABL,846,2009-05-13,REJECTED_TOO_SHORT,,118.0,43.3,0.6330508474576272,0
ABL,863,2009-06-05,REJECTED_INSUFFICIENT_TOUCHES,,36.8,90.45,1.4578804347826089,6250
ABL,876,2009-06-24,REJECTED_INSUFFICIENT_TOUCHES,,35.0,90.45,1.5842857142857143,6231
ABL,894,2009-07-20,REJECTED_TOO_SHORT,,118.0,43.620000000000005,0.6303389830508475,0
ABL,907,2009-08-06,EXPIRED_NO_BREAKOUT,,40.25,90.4,1.2459627329192549,60
ABL,917,2009-08-21,REJECTED_TOO_SHORT,,118.0,43.870000000000005,0.6282203389830509,0
ABL,932,2009-09-11,REJECTED_TOO_SHORT,,118.0,48.1,0.5923728813559322,0
ABL,942,2009-09-30,REJECTED_INSUFFICIENT_TOUCHES,,46.95,90.45,0.926517571884984,6133
ABL,968,2009-11-05,REJECTED_TOO_SHORT,,118.0,63.3,0.4635593220338983,0
ABL,983,2009-12-01,VALID,down,118.0,66.3,0.438135593220339,49
ABL,996,2009-12-18,EXPIRED_NO_BREAKOUT,,57.825,90.4,0.5633376567228707,60
ABL,1007,2010-01-07,REJECTED_TOO_SHORT,,118.0,63.5,0.461864406779661,0
ABL,1025,2010-02-02,REJECTED_TOO_SHORT,,118.0,63.5,0.461864406779661,0
ABL,1047,2010-03-05,REJECTED_TOO_SHORT,,61.5,90.4,0.469918699186992,14
ABL,1069,2010-04-07,VALID,down,118.0,65.0,0.4491525423728814,27
ABL,1087,2010-05-03,REJECTED_TOO_SHORT,,62.76,90.4,0.4404079031230084,7
ABL,1113,2010-06-08,REJECTED_TOO_SHORT,,118.0,60.9,0.4838983050847458,0
ABL,1130,2010-07-01,REJECTED_HEIGHT_FLOOR,,58.18,58.49,0.005328291509109699,538
ABL,1139,2010-07-14,REJECTED_HEIGHT_FLOOR,,54.9,56.975,0.037795992714025554,0
ABL,1151,2010-07-30,REJECTED_TOO_SHORT,,55.0,59.7,0.0854545454545455,10
ABL,1174,2010-09-01,EXPIRED_NO_BREAKOUT,,50.0,90.4,0.8080000000000002,60
ABL,1185,2010-09-20,REJECTED_HEIGHT_FLOOR,,55.0,52.75,0.04090909090909091,0
ABL,1200,2010-10-11,REJECTED_INSUFFICIENT_TOUCHES,,98.1,53.89,0.45066258919469926,5757
ABL,1245,2010-12-21,REJECTED_TOO_SHORT,,55.0,66.3,0.2054545454545454,8
ABL,1259,2011-01-10,VALID,down,70.0,90.4,0.29142857142857154,32
ABL,1275,2011-02-01,REJECTED_TOO_SHORT,,69.0,90.4,0.31014492753623196,20
ABL,1297,2011-03-04,EXPIRED_NO_BREAKOUT,,55.0,69.85,0.2699999999999999,60
ABL,1308,2011-03-21,EXPIRED_NO_BREAKOUT,,57.0,90.4,0.5859649122807018,60
ABL,1322,2011-04-11,REJECTED_TOO_SHORT,,55.0,61.9,0.12545454545454543,18
ABL,1339,2011-05-04,VALID,up,60.0,63.5,0.058333333333333334,37
ABL,1355,2011-05-26,REJECTED_TOO_SHORT,,55.0,62.915,0.1439090909090909,12
ABL,1373,2011-06-21,REJECTED_HEIGHT_FLOOR,,62.8,63.5,0.01114649681528667,0
ABL,1383,2011-07-05,EXPIRED_NO_BREAKOUT,,55.0,65.74,0.19527272727272718,60
ABL,1393,2011-07-19,REJECTED_HEIGHT_FLOOR,,62.5,63.5,0.016,0
ABL,1409,2011-08-10,VALID,up,58.18,64.0,0.10003437607425232,58
ABL,1423,2011-09-05,VALID,up,58.0,63.5,0.09482758620689655,31
ABL,1435,2011-09-21,REJECTED_TOO_SHORT,,58.18,61.5,0.05706428325885184,13
ABL,1451,2011-10-13,REJECTED_HEIGHT_FLOOR,,63.3,63.5,0.0031595576619273752,0
ABL,1463,2011-11-01,REJECTED_HEIGHT_FLOOR,,61.2,63.5,0.03758169934640518,0
ABL,1470,2011-11-16,VALID,down,58.18,64.0,0.10003437607425232,27
ABL,1492,2011-12-20,REJECTED_TOO_SHORT,,54.6,63.75,0.16758241758241754,13
ABL,1501,2012-01-02,VALID,up,52.0,63.5,0.22115384615384615,58
ABL,1519,2012-01-26,VALID,up,58.18,61.870000000000005,0.0634238569955312,32
ABL,1531,2012-02-13,REJECTED_TOO_SHORT,,58.18,63.445,0.09049501546923343,16
ABL,1536,2012-02-20,REJECTED_HEIGHT_FLOOR,,60.5,63.5,0.049586776859504134,0
ABL,1560,2012-03-26,REJECTED_TOO_SHORT,,57.75,63.5,0.09956709956709957,9
ABL,1576,2012-04-17,REJECTED_HEIGHT_FLOOR,,61.05,63.5,0.04013104013104018,0
ABL,1588,2012-05-04,EXPIRED_NO_BREAKOUT,,58.05,73.8,0.2713178294573644,60
ABL,1609,2012-06-04,VALID,up,58.05,65.82,0.13385012919896636,43
ABL,1621,2012-06-20,VALID,up,58.05,65.0,0.11972437553832908,27
ABL,1627,2012-06-28,REJECTED_TOO_SHORT,,58.05,65.0,0.11972437553832908,19
ABL,1637,2012-07-12,REJECTED_TOO_SHORT,,58.05,67.495,0.16270456503014655,6
ABL,1657,2012-08-10,EXPIRED_NO_BREAKOUT,,58.05,74.0,0.2747631352282516,60
ABL,1677,2012-09-14,VALID,up,58.05,69.845,0.20318690783807067,35
ABL,1694,2012-10-11,VALID,up,58.05,71.325,0.22868217054263576,55
ABL,1705,2012-10-30,REJECTED_TOO_SHORT,,68.0,63.5,0.0661764705882353,0
ABL,1719,2012-11-20,REJECTED_HEIGHT_FLOOR,,66.6,63.5,0.04654654654654646,0
ABL,1739,2012-12-18,EXPIRED_NO_BREAKOUT,,58.05,75.5,0.30060292850990533,60
ABL,1757,2013-01-15,REJECTED_TOO_SHORT,,69.0,63.5,0.07971014492753623,0
ABL,1769,2013-02-01,EXPIRED_NO_BREAKOUT,,58.05,75.325,0.2975882859603791,60
ABL,1785,2013-02-26,REJECTED_TOO_SHORT,,68.4,63.5,0.07163742690058487,0
ABL,1795,2013-03-12,VALID,down,58.05,69.565,0.19836347975882862,24
ABL,1810,2013-04-02,REJECTED_HEIGHT_FLOOR,,58.05,59.7,0.02842377260981922,0
ABL,1822,2013-04-18,VALID,up,55.0,63.5,0.15454545454545454,27
ABL,1826,2013-04-24,VALID,up,55.0,63.5,0.15454545454545454,21
ABL,1849,2013-05-28,REJECTED_TOO_SHORT,,55.0,71.45,0.29909090909090913,17
ABL,1862,2013-06-14,VALID,up,55.0,73.9,0.34363636363636374,21
ABL,1889,2013-07-23,REJECTED_TOO_SHORT,,77.5,63.5,0.18064516129032257,0
ABL,1905,2013-08-20,VALID,up,55.0,80.5,0.4636363636363636,30
ABL,1915,2013-09-03,REJECTED_TOO_SHORT,,72.31,63.5,0.1218365371317937,0
ABL,1929,2013-09-23,EXPIRED_NO_BREAKOUT,,55.0,86.975,0.5813636363636363,60
ABL,1952,2013-11-01,VALID,up,55.0,90.0,0.6363636363636364,32
ABL,1962,2013-11-19,REJECTED_TOO_SHORT,,55.0,86.0,0.5636363636363636,10
ABL,1977,2013-12-11,REJECTED_TOO_SHORT,,89.25,63.5,0.28851540616246496,0
ABL,2000,2014-01-15,EXPIRED_NO_BREAKOUT,,55.0,95.5,0.7363636363636363,60
ABL,2018,2014-02-11,VALID,up,55.0,92.0,0.6727272727272727,24
ABL,2044,2014-03-19,REJECTED_TOO_SHORT,,55.0,95.9,0.7436363636363638,14
ABL,2069,2014-04-23,VALID,up,55.0,130.0,1.3636363636363635,37
ABL,2079,2014-05-08,REJECTED_TOO_SHORT,,123.0,63.5,0.483739837398374,0
ABL,2088,2014-05-21,REJECTED_TOO_SHORT,,124.805,63.5,0.4912062817996074,0
ABL,2103,2014-06-11,REJECTED_TOO_SHORT,,55.0,133.5,1.4272727272727272,19
ABL,2116,2014-06-30,EXPIRED_NO_BREAKOUT,,55.0,138.0,1.509090909090909,60
ABL,2130,2014-07-18,EXPIRED_NO_BREAKOUT,,55.0,125.75,1.2863636363636364,60
ABL,2153,2014-08-28,REJECTED_TOO_SHORT,,103.75,63.5,0.38795180722891565,0
ABL,2169,2014-09-19,REJECTED_TOO_SHORT,,107.0,63.5,0.40654205607476634,0
ABL,2188,2014-10-21,REJECTED_TOO_SHORT,,116.0,63.5,0.4525862068965517,0
ABL,2203,2014-11-13,EXPIRED_NO_BREAKOUT,,55.0,122.0,1.2181818181818183,60
ABL,2218,2014-12-04,REJECTED_TOO_SHORT,,110.0,63.5,0.42272727272727273,0
ABL,2231,2014-12-23,EXPIRED_NO_BREAKOUT,,55.0,114.97,1.0903636363636364,60
ABL,2242,2015-01-08,REJECTED_TOO_SHORT,,112.85,63.5,0.437306158617634,14
ABL,2252,2015-01-22,REJECTED_TOO_SHORT,,113.0,63.5,0.43805309734513276,0
ABL,2266,2015-02-12,REJECTED_TOO_SHORT,,106.735,63.5,0.405068627910245,0
ABL,2290,2015-03-18,VALID,up,55.0,104.945,0.908090909090909,27
ABL,2302,2015-04-06,REJECTED_TOO_SHORT,,55.0,105.0,0.9090909090909091,8
ABL,2327,2015-05-12,REJECTED_TOO_SHORT,,107.0,63.5,0.40654205607476634,0
ABL,2346,2015-06-08,REJECTED_TOO_SHORT,,98.0,63.5,0.3520408163265306,0
ABL,2360,2015-06-26,REJECTED_TOO_SHORT,,98.5,63.5,0.3553299492385787,0
ABL,2376,2015-07-23,EXPIRED_NO_BREAKOUT,,55.0,106.475,0.9359090909090908,60
ABL,2387,2015-08-07,EXPIRED_NO_BREAKOUT,,55.0,106.475,0.9359090909090908,60
ABL,2403,2015-09-01,REJECTED_TOO_SHORT,,98.725,63.5,0.3567991896682704,0
ABL,2421,2015-09-29,REJECTED_TOO_SHORT,,92.05,63.5,0.3101575230852797,0
ABL,2441,2015-10-28,EXPIRED_NO_BREAKOUT,,55.0,104.38499999999999,0.8979090909090908,60
ABL,2464,2015-11-30,REJECTED_TOO_SHORT,,55.0,96.79499999999999,0.7599090909090906,10
ABL,2472,2015-12-10,EXPIRED_NO_BREAKOUT,,55.0,101.0,0.8363636363636363,60
ABL,2491,2016-01-08,REJECTED_TOO_SHORT,,90.25,63.5,0.296398891966759,0
ABL,2504,2016-01-28,REJECTED_TOO_SHORT,,89.1,63.5,0.28731762065095395,0
ABL,2520,2016-02-22,REJECTED_TOO_SHORT,,83.99,63.5,0.24395761400166682,0
ABL,2534,2016-03-11,REJECTED_TOO_SHORT,,85.5,63.5,0.2573099415204678,0
ABL,2544,2016-03-28,REJECTED_TOO_SHORT,,83.005,63.5,0.23498584422625138,0
ABL,2551,2016-04-07,REJECTED_TOO_SHORT,,85.85,63.5,0.26033779848573085,0
ABL,2566,2016-04-28,EXPIRED_NO_BREAKOUT,,55.0,91.3,0.6599999999999999,60
ABL,2588,2016-05-30,REJECTED_TOO_SHORT,,55.0,87.0,0.5818181818181818,17
ABL,2607,2016-06-24,VALID,up,55.0,90.0,0.6363636363636364,38
ABL,2615,2016-07-13,REJECTED_TOO_SHORT,,86.1,63.5,0.2624854819976771,0
ABL,2629,2016-08-02,REJECTED_TOO_SHORT,,55.0,93.5,0.7,14
ABL,2650,2016-08-31,REJECTED_TOO_SHORT,,96.5,63.5,0.34196891191709844,0
ABL,2663,2016-09-22,REJECTED_TOO_SHORT,,96.0,63.5,0.3385416666666667,0
ABL,2681,2016-10-20,VALID,up,55.0,105.39500000000001,0.9162727272727275,54
ABL,2693,2016-11-07,VALID,up,55.0,106.25,0.9318181818181818,36
ABL,2704,2016-11-22,REJECTED_TOO_SHORT,,103.175,63.5,0.38454082868912043,0
ABL,2733,2017-01-03,EXPIRED_NO_BREAKOUT,,98.025,122.89,0.25365978066819683,60
ABL,2743,2017-01-17,REJECTED_TOO_SHORT,,110.65,63.5,0.4261183913239946,0
ABL,2764,2017-02-15,REJECTED_TOO_SHORT,,102.5,63.5,0.3804878048780488,0
ABL,2778,2017-03-07,REJECTED_TOO_SHORT,,97.5,63.5,0.3487179487179487,0
ABL,2798,2017-04-05,REJECTED_TOO_SHORT,,89.975,63.5,0.29424840233398164,0
ABL,2815,2017-04-28,REJECTED_HEIGHT_FLOOR,,98.025,96.395,0.01662841111961244,0
ABL,2824,2017-05-12,REJECTED_TOO_SHORT,,95.75,63.5,0.3368146214099217,0
ABL,2833,2017-05-25,REJECTED_TOO_SHORT,,98.025,105.9,0.08033664881407804,7
ABL,2852,2017-06-21,REJECTED_TOO_SHORT,,85.255,63.5,0.25517564952202215,0
ABL,2861,2017-07-10,REJECTED_HEIGHT_FLOOR,,90.0,91.0,0.011111111111111112,0
ABL,2870,2017-07-24,REJECTED_HEIGHT_FLOOR,,86.57,90.8,0.04886219244541994,0
ABL,2884,2017-08-11,REJECTED_HEIGHT_FLOOR,,90.0,89.9,0.001111111111111048,0
ABL,2895,2017-08-29,VALID,down,84.0,90.5,0.07738095238095238,59
ABL,2910,2017-09-21,REJECTED_HEIGHT_FLOOR,,90.0,93.62,0.04022222222222227,0
ABL,2924,2017-10-13,REJECTED_TOO_SHORT,,84.0,90.5,0.07738095238095238,14
ABL,2943,2017-11-09,REJECTED_HEIGHT_FLOOR,,90.0,84.6,0.06000000000000006,0
ABL,2957,2017-11-30,REJECTED_TOO_SHORT,,90.0,82.0,0.08888888888888889,0
ABL,2969,2017-12-19,VALID,up,76.5,90.5,0.1830065359477124,22
ABL,2986,2018-01-15,REJECTED_HEIGHT_FLOOR,,88.27,90.5,0.02526339639741706,0
ABL,3008,2018-02-15,REJECTED_HEIGHT_FLOOR,,93.0,90.5,0.026881720430107527,0
ABL,3021,2018-03-09,REJECTED_HEIGHT_FLOOR,,90.11,90.5,0.004328043502385979,0
ABL,3034,2018-03-29,VALID,up,90.0,100.0,0.1111111111111111,29
ABL,3042,2018-04-10,REJECTED_TOO_SHORT,,96.5,90.5,0.06217616580310881,0
ABL,3054,2018-04-30,VALID,up,90.0,102.1,0.1344444444444444,37
ABL,3066,2018-05-17,REJECTED_HEIGHT_FLOOR,,92.755,90.5,0.024311357878281446,0
ABL,3080,2018-06-07,VALID,up,90.0,105.95,0.17722222222222225,49
ABL,3089,2018-06-25,REJECTED_TOO_SHORT,,96.905,90.5,0.06609566069862237,0
ABL,3104,2018-07-16,EXPIRED_NO_BREAKOUT,,90.0,109.0,0.2111111111111111,60
ABL,3122,2018-08-10,REJECTED_TOO_SHORT,,103.85,90.5,0.12855079441502162,0
ABL,3134,2018-09-05,VALID,down,98.1,107.38499999999999,0.09464831804281343,33
ABL,3145,2018-09-24,EXPIRED_NO_BREAKOUT,,90.0,105.39500000000001,0.17105555555555568,60
ABL,3150,2018-10-01,REJECTED_HEIGHT_FLOOR,,98.1,102.2,0.041794087665647385,0
ABL,3166,2018-10-23,REJECTED_HEIGHT_FLOOR,,93.0,90.5,0.026881720430107527,0
ABL,3178,2018-11-08,VALID,down,98.1,107.38499999999999,0.09464831804281343,28
ABL,3192,2018-12-03,REJECTED_TOO_SHORT,,98.1,105.39500000000001,0.074362895005097,3
ABL,3206,2018-12-21,REJECTED_TOO_SHORT,,98.1,107.875,0.09964322120285429,17
ABL,3222,2019-01-15,VALID,up,98.1,111.1,0.1325178389398573,22
ABL,3236,2019-02-04,EXPIRED_NO_BREAKOUT,,98.1,113.0,0.1518858307849134,60
ABL,3242,2019-02-13,REJECTED_TOO_SHORT,,109.08000000000001,90.5,0.17033370003667042,0
ABL,3252,2019-02-27,REJECTED_TOO_SHORT,,103.625,90.5,0.12665862484921592,0
ABL,3260,2019-03-11,EXPIRED_NO_BREAKOUT,,98.1,112.45,0.14627930682976564,60
ABL,3278,2019-04-04,EXPIRED_NO_BREAKOUT,,98.1,109.0,0.11111111111111117,60
ABL,3288,2019-04-18,REJECTED_TOO_SHORT,,100.05,90.5,0.09545227386306844,0
ABL,3302,2019-05-09,REJECTED_TOO_SHORT,,101.305,90.5,0.10665811164305815,0
ABL,3311,2019-05-23,VALID,down,98.1,112.7,0.14882772680937828,60
ABL,3320,2019-06-12,REJECTED_TOO_SHORT,,102.51,90.5,0.11715930153155794,0
ABL,3327,2019-06-21,VALID,down,98.1,105.825,0.07874617737003067,31
ABL,3339,2019-07-10,REJECTED_HEIGHT_FLOOR,,98.1,103.5,0.055045871559633086,0
ABL,3361,2019-08-09,REJECTED_TOO_SHORT,,98.1,90.0,0.08256880733944949,0
ABL,3372,2019-08-30,EXPIRED_NO_BREAKOUT,,80.6,90.5,0.12282878411910678,60
ABL,3388,2019-09-25,VALID,up,83.01,90.5,0.09023009275990838,54
ABL,3400,2019-10-11,REJECTED_TOO_SHORT,,98.1,90.0,0.08256880733944949,0
ABL,3413,2019-10-30,REJECTED_HEIGHT_FLOOR,,98.1,92.39,0.05820591233435264,0
ABL,3419,2019-11-07,REJECTED_HEIGHT_FLOOR,,86.005,90.5,0.05226440323237027,0
ABL,3440,2019-12-06,VALID,down,98.3,105.29,0.0711088504577824,25
ABL,3450,2019-12-20,REJECTED_TOO_SHORT,,98.3,105.0,0.06815869786368263,11
ABL,3456,2019-12-31,REJECTED_HEIGHT_FLOOR,,95.015,90.5,0.04751881281902858,0
ABL,3472,2020-01-22,REJECTED_TOO_SHORT,,97.75,90.5,0.0741687979539642,0
ABL,3484,2020-02-10,REJECTED_HEIGHT_FLOOR,,92.305,90.5,0.019554737013162956,0
ABL,3500,2020-03-04,REJECTED_HEIGHT_FLOOR,,98.1,95.245,0.029102956167176248,0
ABL,3516,2020-03-30,EXPIRED_NO_BREAKOUT,,66.5,90.5,0.3609022556390977,60
ABL,3539,2020-05-04,REJECTED_TOO_SHORT,,98.1,81.3,0.1712538226299694,0
ABL,3547,2020-05-14,EXPIRED_NO_BREAKOUT,,71.13,90.5,0.2723182904540982,60
ABL,3563,2020-06-11,REJECTED_TOO_SHORT,,98.1,75.9,0.22629969418960236,0
ABL,3570,2020-06-22,EXPIRED_NO_BREAKOUT,,72.55,90.5,0.24741557546519646,60
ABL,3576,2020-06-30,REJECTED_TOO_SHORT,,98.1,78.47,0.20010193679918448,0
ABL,3587,2020-07-15,EXPIRED_NO_BREAKOUT,,75.5,90.5,0.1986754966887417,60
ABL,3613,2020-08-24,REJECTED_HEIGHT_FLOOR,,98.1,93.93,0.04250764525993871,0
ABL,3626,2020-09-10,REJECTED_TOO_SHORT,,98.1,89.0,0.09276248725790005,0
ABL,3637,2020-09-25,REJECTED_TOO_SHORT,,98.1,86.0,0.12334352701325173,0
ABL,3650,2020-10-14,REJECTED_TOO_SHORT,,98.1,90.25,0.08002038735983685,0
ABL,3661,2020-10-29,EXPIRED_NO_BREAKOUT,,78.0,90.5,0.16025641025641027,60
ABL,3680,2020-11-26,REJECTED_TOO_SHORT,,98.1,85.0,0.1335372069317023,0
ABL,3700,2020-12-24,VALID,down,83.035,90.5,0.08990184861805267,60
ABL,3726,2021-02-01,REJECTED_TOO_SHORT,,83.805,90.5,0.07988783485472219,14
ABL,3735,2021-02-15,REJECTED_TOO_SHORT,,82.2,90.5,0.10097323600973232,8
ABL,3750,2021-03-08,REJECTED_TOO_SHORT,,98.1,82.0,0.16411824668705396,0
ABL,3768,2021-04-02,EXPIRED_NO_BREAKOUT,,69.0,90.5,0.3115942028985507,60
ABL,3775,2021-04-13,EXPIRED_NO_BREAKOUT,,69.0,90.5,0.3115942028985507,60
ABL,3800,2021-05-26,REJECTED_TOO_SHORT,,98.1,73.0,0.25586136595310904,0
ABL,3823,2021-06-28,REJECTED_TOO_SHORT,,98.1,75.39,0.23149847094801218,0
ABL,3831,2021-07-08,REJECTED_TOO_SHORT,,98.1,72.9,0.25688073394495403,0
ABL,3836,2021-07-15,VALID,down,71.0,90.5,0.2746478873239437,49
ABL,3850,2021-08-09,VALID,down,71.0,90.5,0.2746478873239437,24
ABL,3858,2021-08-23,REJECTED_TOO_SHORT,,98.1,72.995,0.2559123343527012,0
ABL,3878,2021-09-20,REJECTED_TOO_SHORT,,98.1,71.15,0.2747196738022425,0
ABL,3887,2021-10-01,EXPIRED_NO_BREAKOUT,,67.575,90.5,0.3392526822049574,60
ABL,3898,2021-10-18,VALID,down,76.5,90.5,0.1830065359477124,45
ABL,3913,2021-11-09,VALID,down,76.2,90.5,0.18766404199475062,35
ABL,3924,2021-11-25,REJECTED_TOO_SHORT,,76.225,90.5,0.18727451623483118,19
ABL,3932,2021-12-07,EXPIRED_NO_BREAKOUT,,74.0,90.4,0.2216216216216217,60
ABL,3962,2022-01-19,EXPIRED_NO_BREAKOUT,,84.7,90.45,0.0678866587957497,60
ABL,3978,2022-02-10,REJECTED_HEIGHT_FLOOR,,86.0,90.4,0.05116279069767449,0
ABL,3986,2022-02-23,REJECTED_TOO_SHORT,,98.1,89.0,0.09276248725790005,0
ABL,4000,2022-03-15,VALID,down,83.995,90.45,0.0768498124888386,36
ABL,4013,2022-04-04,REJECTED_TOO_SHORT,,83.55,90.45,0.08258527827648122,16
ABL,4028,2022-04-26,REJECTED_TOO_SHORT,,98.1,85.05,0.1330275229357798,0
ABL,4036,2022-05-17,REJECTED_TOO_SHORT,,98.1,79.99,0.18460754332313967,0
ABL,4052,2022-06-13,VALID,down,69.0,90.45,0.31086956521739134,36
ABL,4064,2022-07-04,REJECTED_TOO_SHORT,,98.1,69.99,0.28654434250764527,0
ABL,4080,2022-07-29,REJECTED_TOO_SHORT,,98.1,65.49,0.3324159021406728,0
ABL,4095,2022-08-23,REJECTED_TOO_SHORT,,67.7,90.45,0.33604135893648446,6
ABL,4108,2022-09-12,REJECTED_TOO_SHORT,,98.1,66.49,0.32222222222222224,0
ABL,4124,2022-10-04,REJECTED_TOO_SHORT,,98.1,65.0,0.33741080530071355,0
ABL,4137,2022-10-24,EXPIRED_NO_BREAKOUT,,62.25,90.45,0.45301204819277113,60
ABL,4151,2022-11-14,REJECTED_TOO_SHORT,,98.1,65.0,0.33741080530071355,0
ABL,4159,2022-11-25,REJECTED_TOO_SHORT,,98.1,65.0,0.33741080530071355,0
ABL,4180,2022-12-29,REJECTED_TOO_SHORT,,98.1,64.0,0.3476044852191641,0
ABL,4202,2023-02-01,REJECTED_TOO_SHORT,,98.1,68.45,0.30224260958205906,0
ABL,4213,2023-02-16,VALID,down,63.2,90.45,0.43117088607594933,39
ABL,4229,2023-03-10,REJECTED_TOO_SHORT,,98.1,69.99,0.28654434250764527,0
ABL,4244,2023-04-07,EXPIRED_NO_BREAKOUT,,62.129999999999995,90.45,0.45581844519555786,60
ABL,4254,2023-05-02,REJECTED_TOO_SHORT,,98.1,68.49,0.3018348623853211,0
ABL,4269,2023-05-24,REJECTED_TOO_SHORT,,98.1,69.53,0.29123343527013246,0
ABL,4288,2023-06-20,EXPIRED_NO_BREAKOUT,,65.5,90.45,0.3809160305343512,60
ABL,4297,2023-07-10,REJECTED_TOO_SHORT,,98.1,73.0,0.25586136595310904,0
ABL,4308,2023-07-25,REJECTED_TOO_SHORT,,98.1,73.325,0.2525484199796126,0
ABL,4317,2023-08-08,EXPIRED_NO_BREAKOUT,,70.0,90.45,0.2921428571428572,60
ABL,4329,2023-08-28,EXPIRED_NO_BREAKOUT,,69.0,90.45,0.31086956521739134,60
ABL,4346,2023-09-22,REJECTED_TOO_SHORT,,98.1,72.79,0.2580020387359836,0
ABL,4352,2023-10-04,EXPIRED_NO_BREAKOUT,,70.0,90.45,0.2921428571428572,60
ABL,4359,2023-10-16,REJECTED_TOO_SHORT,,98.1,74.12,0.24444444444444435,0
ABL,4381,2023-11-17,REJECTED_TOO_SHORT,,98.1,80.8,0.17635066258919468,0
ABL,4409,2023-12-28,REJECTED_TOO_SHORT,,98.1,85.025,0.13328236493374096,0
ABL,4418,2024-01-10,EXPIRED_NO_BREAKOUT,,81.6,90.45,0.10845588235294129,60
ABL,4436,2024-02-07,REJECTED_TOO_SHORT,,98.1,90.0,0.08256880733944949,0
ABL,4444,2024-02-21,REJECTED_HEIGHT_FLOOR,,83.2,87.0,0.045673076923076886,0
ABL,4460,2024-03-19,VALID,up,85.0,90.45,0.06411764705882356,34
ABL,4469,2024-04-01,VALID,up,85.0,90.45,0.06411764705882356,21
ABL,4488,2024-05-03,REJECTED_HEIGHT_FLOOR,,90.0,90.45,0.005000000000000031,0
ABL,4503,2024-05-24,VALID,up,85.0,99.89,0.1751764705882353,27
ABL,4510,2024-06-05,REJECTED_HEIGHT_FLOOR,,95.02000000000001,90.45,0.04809513786571255,0
ABL,4532,2024-07-10,EXPIRED_NO_BREAKOUT,,98.1,133.0,0.35575942915392467,60
ABL,4550,2024-08-07,REJECTED_TOO_SHORT,,110.0,90.45,0.1777272727272727,0
ABL,4559,2024-08-21,REJECTED_TOO_SHORT,,110.0,90.45,0.1777272727272727,0
ABL,4571,2024-09-06,VALID,up,98.1,112.2,0.143730886850153,33
ABL,4581,2024-09-23,REJECTED_TOO_SHORT,,106.85,90.45,0.1534861956013102,0
ABL,4587,2024-10-01,REJECTED_TOO_SHORT,,107.0,90.45,0.15467289719626165,0
ABL,4606,2024-10-28,REJECTED_TOO_SHORT,,110.05,90.45,0.17810086324397997,0
ABL,4619,2024-11-14,REJECTED_TOO_SHORT,,98.1,118.0,0.20285423037716624,8
ABL,4644,2024-12-19,REJECTED_TOO_SHORT,,116.005,90.45,0.22029222878324203,0
ABL,4657,2025-01-08,REJECTED_TOO_SHORT,,98.1,138.5,0.41182466870540274,13
ABL,4676,2025-02-04,EXPIRED_NO_BREAKOUT,,98.1,147.8,0.506625891946993,60
ABL,4684,2025-02-17,EXPIRED_NO_BREAKOUT,,98.1,142.45,0.45208970438328233,60
ABL,4694,2025-03-03,REJECTED_TOO_SHORT,,136.02,90.45,0.33502426113806794,0
ABL,4706,2025-03-19,EXPIRED_NO_BREAKOUT,,98.1,135.97,0.3860346585117228,60
ABL,4715,2025-04-07,REJECTED_TOO_SHORT,,130.0,90.45,0.3042307692307692,0
ABL,4726,2025-04-22,VALID,up,98.1,133.0,0.35575942915392467,43
ABL,4736,2025-05-07,REJECTED_TOO_SHORT,,122.25,90.45,0.26012269938650306,0
ABL,4750,2025-05-27,REJECTED_TOO_SHORT,,126.01,90.45,0.2821998254106817,0
ABL,4769,2025-06-26,REJECTED_TOO_SHORT,,133.02,90.45,0.32002706359945876,0
ABL,4787,2025-07-22,REJECTED_INSUFFICIENT_TOUCHES,,98.1,219.8,1.2405708460754334,359
ABL,4802,2025-08-12,REJECTED_TOO_SHORT,,182.01,90.45,0.5030492830064281,0
ABL,4828,2025-09-18,REJECTED_TOO_SHORT,,98.1,172.5,0.7584097859327218,13
ABL,4845,2025-10-13,REJECTED_INSUFFICIENT_TOUCHES,,188.01,90.45,0.5189085686931546,276
ABL,4867,2025-11-12,REJECTED_TOO_SHORT,,170.0,90.45,0.4679411764705882,0
ABL,4881,2025-12-02,VALID,up,98.1,184.0,0.8756371049949032,31
ABL,4888,2025-12-11,VALID,up,98.1,184.0,0.8756371049949032,22
ABL,4901,2025-12-31,REJECTED_TOO_SHORT,,180.0,90.45,0.4975,0
ABL,4916,2026-01-21,EXPIRED_NO_BREAKOUT,,98.1,215.0,1.1916411824668707,60
ABL,4927,2026-02-06,EXPIRED_NO_BREAKOUT,,98.1,205.61,1.0959225280326201,60
ABL,4944,2026-03-03,REJECTED_TOO_SHORT,,152.05,90.45,0.40512989148306483,6
ABL,4952,2026-03-13,REJECTED_INSUFFICIENT_TOUCHES,,160.1,90.45,0.43504059962523417,125
ABL,4966,2026-04-06,REJECTED_TOO_SHORT,,166.12,90.45,0.455514086202745,0
ABL,4973,2026-04-15,EXPIRED_NO_BREAKOUT,,98.1,188.8,0.9245667686034661,60
ABL,4980,2026-04-24,REJECTED_TOO_SHORT,,180.5,90.45,0.49889196675900277,0
ABL,4994,2026-05-18,REJECTED_TOO_SHORT,,170.05,90.45,0.4680976183475449,0
ABL,5004,2026-06-05,REJECTED_TOO_SHORT,,98.1,184.88,0.8846075433231397,13
ABL,5019,2026-06-30,REJECTED_TOO_SHORT,,175.0,90.45,0.48314285714285715,0
ABOT,7,2005-01-12,EXPIRED_NO_BREAKOUT,,123.0,182.0,0.4796747967479675,60
ABOT,25,2005-02-09,VALID,down,196.0,130.0,0.336734693877551,141
ABOT,33,2005-02-21,REJECTED_HEIGHT_FLOOR,,196.0,202.9,0.03520408163265309,11
ABOT,47,2005-03-11,REJECTED_TOO_SHORT,,196.0,219.9,0.12193877551020411,6
ABOT,60,2005-03-31,EXPIRED_NO_BREAKOUT,,123.0,164.0,0.3333333333333333,60
ABOT,84,2005-05-10,EXPIRED_NO_BREAKOUT,,123.0,141.0,0.14634146341463414,60
ABOT,108,2005-06-15,REJECTED_TOO_SHORT,,196.0,130.0,0.336734693877551,9
ABOT,119,2005-06-30,REJECTED_TOO_SHORT,,196.0,130.0,0.336734693877551,0
ABOT,130,2005-07-15,REJECTED_HEIGHT_FLOOR,,124.0,130.0,0.04838709677419355,0
ABOT,140,2005-07-29,REJECTED_HEIGHT_FLOOR,,123.0,130.0,0.056910569105691054,0
ABOT,166,2005-09-07,VALID,up,123.0,165.0,0.34146341463414637,37
ABOT,177,2005-09-22,VALID,up,123.0,165.0,0.34146341463414637,22
ABOT,195,2005-10-18,VALID,up,123.0,187.0,0.5203252032520326,48
ABOT,216,2005-11-23,REJECTED_TOO_SHORT,,123.0,186.5,0.516260162601626,12
ABOT,244,2006-01-02,VALID,up,123.0,230.0,0.8699186991869918,36
ABOT,264,2006-02-03,VALID,up,220.1,105.0,0.5229441163107679,2481
ABOT,278,2006-02-27,REJECTED_TOO_SHORT,,225.0,165.0,0.26666666666666666,0
ABOT,289,2006-03-14,REJECTED_TOO_SHORT,,210.0,165.0,0.21428571428571427,0
ABOT,302,2006-04-03,EXPIRED_NO_BREAKOUT,,123.0,182.75,0.48577235772357724,60
ABOT,327,2006-05-11,EXPIRED_NO_BREAKOUT,,123.0,170.0,0.3821138211382114,60
ABOT,335,2006-05-23,REJECTED_HEIGHT_FLOOR,,161.0,165.0,0.024844720496894408,372
ABOT,350,2006-06-13,REJECTED_TOO_SHORT,,153.25,165.0,0.0766721044045677,14
ABOT,362,2006-06-29,REJECTED_TOO_SHORT,,123.0,162.0,0.3170731707317073,19
ABOT,378,2006-07-25,EXPIRED_NO_BREAKOUT,,123.0,202.45,0.6459349593495934,60
ABOT,397,2006-08-22,REJECTED_HEIGHT_FLOOR,,145.55,148.95,0.023359670216420315,199
ABOT,413,2006-09-13,VALID,up,123.0,141.75,0.1524390243902439,48
ABOT,422,2006-09-26,EXPIRED_NO_BREAKOUT,,137.1,165.0,0.20350109409190378,60
ABOT,437,2006-10-17,VALID,up,140.0,165.0,0.17857142857142858,52
ABOT,449,2006-11-13,VALID,up,139.75,165.0,0.1806797853309481,25
ABOT,457,2006-11-23,REJECTED_TOO_SHORT,,140.0,165.0,0.17857142857142858,15
ABOT,469,2006-12-11,EXPIRED_NO_BREAKOUT,,140.0,175.85,0.2560714285714285,60
ABOT,484,2007-01-04,VALID,up,123.0,159.95,0.30040650406504055,29
ABOT,504,2007-02-06,VALID,down,145.55,172.0,0.18172449330127094,41
ABOT,522,2007-03-02,EXPIRED_NO_BREAKOUT,,90.0,151.95,0.6883333333333332,60
ABOT,534,2007-03-20,EXPIRED_NO_BREAKOUT,,140.5,165.0,0.17437722419928825,60
ABOT,548,2007-04-10,VALID,up,140.0,161.0,0.15,30
ABOT,558,2007-04-24,VALID,up,151.5,165.0,0.0891089108910891,48
ABOT,570,2007-05-11,VALID,up,140.0,172.0,0.22857142857142856,33
ABOT,594,2007-06-14,VALID,up,140.0,189.85,0.35607142857142854,29
ABOT,608,2007-07-04,REJECTED_TOO_SHORT,,180.0,165.0,0.08333333333333333,0
ABOT,622,2007-07-24,EXPIRED_NO_BREAKOUT,,145.47500000000002,175.0,0.20295583433579634,60
ABOT,637,2007-08-15,REJECTED_TOO_SHORT,,152.025,165.0,0.08534780463739512,9
ABOT,653,2007-09-07,REJECTED_TOO_SHORT,,145.47500000000002,158.8,0.09159649424299698,12
ABOT,675,2007-10-09,VALID,up,145.47500000000002,199.0,0.367932634473277,49
ABOT,683,2007-10-25,VALID,up,186.0,165.0,0.11290322580645161,95
ABOT,719,2007-12-17,EXPIRED_NO_BREAKOUT,,145.47500000000002,233.15,0.6026808730022338,60
ABOT,735,2008-01-14,REJECTED_TOO_SHORT,,197.0,165.0,0.16243654822335024,0
ABOT,753,2008-02-08,EXPIRED_NO_BREAKOUT,,90.0,213.9,1.3766666666666667,60
ABOT,763,2008-02-26,REJECTED_TOO_SHORT,,198.0,165.0,0.16666666666666666,0
ABOT,784,2008-03-27,REJECTED_TOO_SHORT,,180.0,165.0,0.08333333333333333,0
ABOT,794,2008-04-10,REJECTED_TOO_SHORT,,180.0,165.0,0.08333333333333333,0
ABOT,828,2008-05-29,REJECTED_TOO_SHORT,,147.0,165.0,0.12244897959183673,6
ABOT,839,2008-06-13,REJECTED_TOO_SHORT,,145.55,170.0,0.1679835108210236,12
ABOT,847,2008-06-25,VALID,down,145.55,182.25,0.25214702851253856,22
ABOT,868,2008-08-05,VALID,down,121.805,165.0,0.3546241944090964,21
ABOT,883,2008-08-27,REJECTED_HEIGHT_FLOOR,,109.36,105.0,0.03986832479882955,1342
ABOT,909,2009-01-09,VALID,down,145.55,101.84,0.3003091721058056,291
ABOT,927,2009-02-04,VALID,down,145.55,83.16,0.42864994847131577,119
ABOT,942,2009-02-26,REJECTED_INSUFFICIENT_TOUCHES,,68.6,783.0,10.41399416909621,6349
ABOT,956,2009-03-19,REJECTED_TOO_SHORT,,145.55,79.0,0.4572311920302302,0
ABOT,972,2009-04-13,VALID,down,145.55,85.0,0.4160082445894882,45
ABOT,987,2009-05-05,REJECTED_INSUFFICIENT_TOUCHES,,74.05,783.0,9.573936529372046,6281
ABOT,1004,2009-05-28,REJECTED_TOO_SHORT,,145.55,84.5,0.41944349020955,0
ABOT,1012,2009-06-09,REJECTED_TOO_SHORT,,145.55,84.27,0.4210237031947785,0
ABOT,1018,2009-06-17,REJECTED_TOO_SHORT,,145.55,85.3,0.4139470972174511,0
ABOT,1028,2009-07-01,VALID,up,78.16,82.995,0.06186028659160706,26
ABOT,1036,2009-07-13,REJECTED_TOO_SHORT,,145.55,83.0,0.4297492270697355,0
ABOT,1064,2009-08-21,REJECTED_HEIGHT_FLOOR,,88.0,82.995,0.056874999999999946,6
ABOT,1073,2009-09-03,VALID,down,145.55,94.7,0.3493644795602886,21
ABOT,1080,2009-09-14,REJECTED_TOO_SHORT,,89.675,82.995,0.07449121828826309,0
ABOT,1097,2009-10-12,REJECTED_HEIGHT_FLOOR,,100.51,101.99,0.01472490299472679,421
ABOT,1108,2009-10-27,REJECTED_TOO_SHORT,,145.55,101.0,0.3060803847475095,0
ABOT,1124,2009-11-19,REJECTED_TOO_SHORT,,94.0,82.995,0.11707446808510634,0
ABOT,1133,2009-12-04,REJECTED_TOO_SHORT,,145.55,96.99,0.33363105462040543,0
ABOT,1143,2009-12-18,VALID,up,98.65,82.995,0.15869234668018248,116
ABOT,1160,2010-01-15,VALID,down,145.55,109.9,0.24493301271040882,342
ABOT,1171,2010-02-01,REJECTED_TOO_SHORT,,97.0,82.995,0.14438144329896901,0
ABOT,1183,2010-02-18,REJECTED_TOO_SHORT,,94.4,82.995,0.1208156779661017,0
ABOT,1193,2010-03-04,REJECTED_TOO_SHORT,,90.255,82.995,0.08043875685557578,0
ABOT,1207,2010-03-25,REJECTED_TOO_SHORT,,145.55,101.2,0.3047062864994847,0
ABOT,1220,2010-04-13,REJECTED_TOO_SHORT,,98.7,82.995,0.15911854103343462,0
ABOT,1235,2010-05-04,REJECTED_TOO_SHORT,,145.55,101.99,0.2992785984197871,0
ABOT,1244,2010-05-17,REJECTED_TOO_SHORT,,145.55,100.0,0.31295087598763316,0
ABOT,1264,2010-06-14,REJECTED_HEIGHT_FLOOR,,85.51,82.995,0.02941176470588236,57
ABOT,1279,2010-07-05,REJECTED_HEIGHT_FLOOR,,87.0,82.995,0.04603448275862064,0
ABOT,1292,2010-07-22,REJECTED_TOO_SHORT,,90.05,82.995,0.07834536368684056,0
ABOT,1305,2010-08-10,REJECTED_HEIGHT_FLOOR,,84.8,82.995,0.021285377358490478,0
ABOT,1317,2010-08-26,VALID,up,78.0,82.995,0.0640384615384616,22
ABOT,1333,2010-09-21,REJECTED_TOO_SHORT,,145.55,90.0,0.3816557883888699,0
ABOT,1351,2010-10-15,REJECTED_TOO_SHORT,,90.5,82.995,0.08292817679558007,0
ABOT,1362,2010-11-01,REJECTED_TOO_SHORT,,96.505,82.995,0.1399927464898191,0
ABOT,1375,2010-11-24,REJECTED_TOO_SHORT,,145.55,101.99,0.2992785984197871,0
ABOT,1384,2010-12-07,REJECTED_HEIGHT_FLOOR,,98.67500000000001,101.99,0.033595135545984124,0
ABOT,1400,2010-12-31,REJECTED_TOO_SHORT,,145.55,112.5,0.2270697354860873,0
ABOT,1420,2011-01-28,VALID,down,94.0,101.99,0.08499999999999995,25
ABOT,1429,2011-02-10,REJECTED_TOO_SHORT,,145.55,97.99,0.32676056338028175,0
ABOT,1447,2011-03-09,EXPIRED_NO_BREAKOUT,,81.0,101.99,0.25913580246913576,60
ABOT,1462,2011-03-31,REJECTED_TOO_SHORT,,145.55,87.98,0.39553418069391966,0
ABOT,1478,2011-04-22,EXPIRED_NO_BREAKOUT,,84.11,93.9,0.11639519676613966,60
ABOT,1489,2011-05-09,REJECTED_TOO_SHORT,,145.55,92.9,0.3617313637925112,0
ABOT,1502,2011-05-26,REJECTED_HEIGHT_FLOOR,,90.0,94.0,0.044444444444444446,0
ABOT,1518,2011-06-17,REJECTED_HEIGHT_FLOOR,,90.05,93.975,0.04358689616879508,0
ABOT,1526,2011-06-29,REJECTED_HEIGHT_FLOOR,,90.0,93.92500000000001,0.04361111111111124,0
ABOT,1546,2011-07-29,REJECTED_HEIGHT_FLOOR,,92.5,93.92500000000001,0.015405405405405529,0
ABOT,1559,2011-08-17,EXPIRED_NO_BREAKOUT,,90.0,101.99,0.13322222222222216,60
ABOT,1567,2011-08-30,VALID,up,92.22,101.99,0.10594231186293641,50
ABOT,1583,2011-09-26,REJECTED_HEIGHT_FLOOR,,96.5,101.99,0.0568911917098445,0
ABOT,1598,2011-10-18,REJECTED_HEIGHT_FLOOR,,100.755,101.99,0.012257456205647357,0
ABOT,1605,2011-10-28,EXPIRED_NO_BREAKOUT,,90.0,104.0,0.15555555555555556,60
ABOT,1616,2011-11-18,EXPIRED_NO_BREAKOUT,,90.0,104.0,0.15555555555555556,60
ABOT,1636,2011-12-21,VALID,down,98.5,105.0,0.06598984771573604,56
ABOT,1645,2012-01-03,VALID,down,94.375,105.0,0.11258278145695365,44
ABOT,1658,2012-01-23,EXPIRED_NO_BREAKOUT,,90.0,105.99,0.1776666666666666,60
ABOT,1670,2012-02-08,EXPIRED_NO_BREAKOUT,,90.0,106.0,0.17777777777777778,60
ABOT,1685,2012-02-29,VALID,up,90.29499999999999,105.0,0.1628550861066506,48
ABOT,1692,2012-03-09,REJECTED_HEIGHT_FLOOR,,90.0,94.7,0.05222222222222225,0
ABOT,1714,2012-04-11,REJECTED_TOO_SHORT,,90.0,105.5,0.17222222222222222,7
ABOT,1727,2012-04-30,REJECTED_HEIGHT_FLOOR,,110.0,105.0,0.045454545454545456,0
ABOT,1740,2012-05-18,VALID,up,90.0,119.85,0.3316666666666666,45
ABOT,1754,2012-06-07,VALID,up,90.0,120.44,0.3382222222222222,25
ABOT,1774,2012-07-06,REJECTED_TOO_SHORT,,90.0,126.5,0.40555555555555556,10
ABOT,1797,2012-08-08,REJECTED_TOO_SHORT,,90.0,196.5,1.1833333333333333,20
ABOT,1809,2012-08-31,EXPIRED_NO_BREAKOUT,,90.0,220.0,1.4444444444444444,60
ABOT,1822,2012-09-19,REJECTED_TOO_SHORT,,182.425,105.0,0.4244209949294231,0
ABOT,1835,2012-10-09,REJECTED_TOO_SHORT,,196.505,105.0,0.4656624513371161,0
ABOT,1857,2012-11-13,EXPIRED_NO_BREAKOUT,,90.0,232.5,1.5833333333333333,60
ABOT,1870,2012-11-30,REJECTED_TOO_SHORT,,220.05,105.0,0.5228357191547376,0
ABOT,1876,2012-12-11,REJECTED_TOO_SHORT,,222.5,105.0,0.5280898876404494,0
ABOT,1889,2012-12-31,EXPIRED_NO_BREAKOUT,,90.0,233.15,1.5905555555555557,60
ABOT,1905,2013-01-29,REJECTED_TOO_SHORT,,90.0,219.9,1.4433333333333334,9
ABOT,1933,2013-03-13,REJECTED_TOO_SHORT,,198.0,105.0,0.4696969696969697,0
ABOT,1951,2013-04-11,REJECTED_TOO_SHORT,,90.0,236.0,1.6222222222222222,7
ABOT,1961,2013-04-25,REJECTED_INSUFFICIENT_TOUCHES,,250.0,783.0,2.132,4830
ABOT,1977,2013-05-20,REJECTED_INSUFFICIENT_TOUCHES,,650.0,308.5,0.5253846153846153,4805
ABOT,1992,2013-06-10,REJECTED_INSUFFICIENT_TOUCHES,,650.0,334.0,0.48615384615384616,4784
ABOT,2002,2013-06-24,REJECTED_TOO_SHORT,,323.0,105.0,0.6749226006191951,4
ABOT,2011,2013-07-05,EXPIRED_NO_BREAKOUT,,90.0,369.0,3.1,60
ABOT,2024,2013-07-24,VALID,up,385.15,105.0,0.7273789432688563,40
ABOT,2034,2013-08-12,VALID,up,90.0,410.0,3.5555555555555554,31
ABOT,2048,2013-09-02,REJECTED_TOO_SHORT,,385.0,105.0,0.7272727272727273,0
ABOT,2061,2013-09-20,REJECTED_TOO_SHORT,,90.0,430.0,3.7777777777777777,17
ABOT,2071,2013-10-07,EXPIRED_NO_BREAKOUT,,90.0,440.0,3.888888888888889,60
ABOT,2081,2013-10-30,REJECTED_TOO_SHORT,,408.0,105.0,0.7426470588235294,0
ABOT,2095,2013-11-22,VALID,up,428.0,105.0,0.7546728971962616,2000
ABOT,2104,2013-12-05,EXPIRED_NO_BREAKOUT,,90.0,430.0,3.7777777777777777,60
ABOT,2117,2013-12-24,VALID,up,375.0,105.0,0.72,35
ABOT,2127,2014-01-08,REJECTED_TOO_SHORT,,390.0,105.0,0.7307692307692307,0
ABOT,2140,2014-01-28,VALID,up,90.0,402.0,3.466666666666667,43
ABOT,2149,2014-02-11,REJECTED_TOO_SHORT,,361.06,105.0,0.7091896083753393,0
ABOT,2158,2014-02-24,EXPIRED_NO_BREAKOUT,,90.0,375.0,3.1666666666666665,60
ABOT,2176,2014-03-20,REJECTED_TOO_SHORT,,90.0,434.0,3.8222222222222224,15
ABOT,2192,2014-04-11,EXPIRED_NO_BREAKOUT,,90.0,506.99,4.633222222222222,60
ABOT,2209,2014-05-07,VALID,up,460.0,105.0,0.7717391304347826,113
ABOT,2227,2014-06-02,EXPIRED_NO_BREAKOUT,,90.0,603.5799999999999,5.706444444444443,60
ABOT,2240,2014-06-19,REJECTED_TOO_SHORT,,550.0,105.0,0.8090909090909091,0
ABOT,2254,2014-07-09,REJECTED_TOO_SHORT,,550.0,105.0,0.8090909090909091,0
ABOT,2266,2014-07-28,VALID,up,90.0,600.16,5.668444444444444,57
ABOT,2280,2014-08-22,REJECTED_TOO_SHORT,,90.0,544.47,5.049666666666667,18
ABOT,2296,2014-09-15,REJECTED_TOO_SHORT,,551.5,105.0,0.8096101541251133,0
ABOT,2304,2014-09-25,EXPIRED_NO_BREAKOUT,,90.0,665.9,6.398888888888889,60
ABOT,2313,2014-10-13,VALID,up,90.0,629.0,5.988888888888889,29
ABOT,2326,2014-10-30,REJECTED_TOO_SHORT,,90.0,627.0,5.966666666666667,12
ABOT,2356,2014-12-15,REJECTED_TOO_SHORT,,682.88,105.0,0.8462394564198688,16
ABOT,2369,2015-01-02,EXPIRED_NO_BREAKOUT,,90.0,721.0,7.011111111111111,60
ABOT,2385,2015-01-26,VALID,up,645.25,105.0,0.8372723750484309,210
ABOT,2400,2015-02-17,EXPIRED_NO_BREAKOUT,,90.0,690.0,6.666666666666667,60
ABOT,2423,2015-03-20,REJECTED_TOO_SHORT,,90.0,520.0,4.777777777777778,13
ABOT,2432,2015-04-03,VALID,up,90.0,555.5,5.1722222222222225,31
ABOT,2445,2015-04-22,REJECTED_TOO_SHORT,,90.0,565.0,5.277777777777778,12
ABOT,2457,2015-05-11,REJECTED_TOO_SHORT,,591.0,105.0,0.8223350253807107,0
ABOT,2475,2015-06-05,VALID,up,90.0,632.0,6.022222222222222,25
ABOT,2486,2015-06-22,REJECTED_TOO_SHORT,,90.0,645.0,6.166666666666667,8
ABOT,2502,2015-07-14,REJECTED_TOO_SHORT,,683.1,105.0,0.8462889767237594,0
ABOT,2515,2015-08-10,EXPIRED_NO_BREAKOUT,,90.0,744.42,7.271333333333333,60
ABOT,2524,2015-08-24,REJECTED_TOO_SHORT,,638.87,105.0,0.8356473147901764,0
ABOT,2537,2015-09-10,VALID,up,90.0,695.0,6.722222222222222,42
ABOT,2546,2015-10-01,REJECTED_TOO_SHORT,,630.01,105.0,0.8333359787939874,0
ABOT,2557,2015-10-22,EXPIRED_NO_BREAKOUT,,90.0,722.45,7.027222222222223,60
ABOT,2563,2015-11-02,EXPIRED_NO_BREAKOUT,,90.0,705.0,6.833333333333333,60
ABOT,2581,2015-12-07,REJECTED_TOO_SHORT,,606.5,105.0,0.8268755152514426,0
ABOT,2594,2015-12-29,VALID,up,90.0,658.0,6.311111111111111,37
ABOT,2608,2016-01-18,REJECTED_TOO_SHORT,,575.505,105.0,0.8175515416894727,0
ABOT,2625,2016-02-12,REJECTED_TOO_SHORT,,614.0,105.0,0.8289902280130294,0
ABOT,2639,2016-03-04,REJECTED_TOO_SHORT,,630.0,105.0,0.8333333333333334,0
ABOT,2651,2016-03-24,REJECTED_TOO_SHORT,,637.0,105.0,0.8351648351648352,0
ABOT,2668,2016-04-22,REJECTED_TOO_SHORT,,90.0,665.9,6.398888888888889,10
ABOT,2683,2016-05-13,REJECTED_TOO_SHORT,,679.0,105.0,0.845360824742268,0
ABOT,2696,2016-06-01,REJECTED_TOO_SHORT,,635.0,105.0,0.8346456692913385,0
ABOT,2708,2016-06-20,REJECTED_TOO_SHORT,,660.0,105.0,0.8409090909090909,0
ABOT,2725,2016-07-20,REJECTED_TOO_SHORT,,780.0,105.0,0.8653846153846154,9
ABOT,2738,2016-08-08,REJECTED_TOO_SHORT,,770.0,105.0,0.8636363636363636,0
ABOT,2750,2016-08-25,REJECTED_TOO_SHORT,,785.0,105.0,0.8662420382165605,0
ABOT,2765,2016-09-20,EXPIRED_NO_BREAKOUT,,90.0,887.68,8.863111111111111,60
ABOT,2783,2016-10-20,REJECTED_TOO_SHORT,,780.0,105.0,0.8653846153846154,0
ABOT,2797,2016-11-09,REJECTED_HEIGHT_FLOOR,,824.15,783.0,0.049930231147242585,3407
ABOT,2808,2016-11-24,EXPIRED_NO_BREAKOUT,,90.0,944.49,9.494333333333334,60
ABOT,2828,2016-12-23,REJECTED_TOO_SHORT,,906.0,105.0,0.8841059602649006,18
ABOT,2850,2017-01-24,EXPIRED_NO_BREAKOUT,,650.0,1145.0,0.7615384615384615,60
ABOT,2866,2017-02-15,VALID,up,962.83,783.0,0.18677232740982316,2973
ABOT,2875,2017-02-28,REJECTED_TOO_SHORT,,936.0,105.0,0.8878205128205128,16
ABOT,2897,2017-03-31,REJECTED_TOO_SHORT,,925.0,105.0,0.8864864864864865,0
ABOT,2909,2017-04-18,REJECTED_TOO_SHORT,,920.0,105.0,0.8858695652173914,0
ABOT,2926,2017-05-12,VALID,up,90.0,935.745,9.397166666666667,28
ABOT,2940,2017-06-01,REJECTED_TOO_SHORT,,881.0,105.0,0.8808172531214529,6
ABOT,2952,2017-06-20,REJECTED_TOO_SHORT,,859.75,105.0,0.8778714742657749,0
ABOT,2961,2017-07-10,EXPIRED_NO_BREAKOUT,,90.0,947.245,9.524944444444445,60
ABOT,2972,2017-07-28,EXPIRED_NO_BREAKOUT,,90.0,940.0,9.444444444444445,60
ABOT,2983,2017-08-15,EXPIRED_NO_BREAKOUT,,90.0,895.0,8.944444444444445,60
ABOT,2994,2017-08-30,VALID,up,710.0,105.0,0.852112676056338,240
ABOT,3009,2017-09-25,REJECTED_TOO_SHORT,,765.0,105.0,0.8627450980392157,0
ABOT,3022,2017-10-13,EXPIRED_NO_BREAKOUT,,90.0,783.54,7.7059999999999995,60
ABOT,3035,2017-11-01,REJECTED_TOO_SHORT,,725.0,105.0,0.8551724137931035,0
ABOT,3055,2017-12-05,VALID,up,90.0,698.995,6.766611111111112,21
ABOT,3073,2018-01-03,REJECTED_TOO_SHORT,,635.0,105.0,0.8346456692913385,0
ABOT,3096,2018-02-06,EXPIRED_NO_BREAKOUT,,90.0,747.99,7.311,60
ABOT,3110,2018-02-26,REJECTED_TOO_SHORT,,630.0,105.0,0.8333333333333334,0
ABOT,3126,2018-03-20,REJECTED_TOO_SHORT,,90.0,703.61,6.817888888888889,10
ABOT,3147,2018-04-19,EXPIRED_NO_BREAKOUT,,90.0,747.99,7.311,60
ABOT,3168,2018-05-21,REJECTED_TOO_SHORT,,643.875,105.0,0.836924868957484,0
ABOT,3181,2018-06-07,REJECTED_TOO_SHORT,,90.0,705.0,6.833333333333333,12
ABOT,3190,2018-06-25,REJECTED_TOO_SHORT,,670.0,105.0,0.8432835820895522,0
ABOT,3205,2018-07-17,EXPIRED_NO_BREAKOUT,,90.0,680.0,6.555555555555555,60
ABOT,3214,2018-08-02,REJECTED_TOO_SHORT,,652.0,105.0,0.838957055214724,0
ABOT,3226,2018-08-28,EXPIRED_NO_BREAKOUT,,90.0,670.0,6.444444444444445,60
ABOT,3240,2018-09-18,REJECTED_TOO_SHORT,,90.0,600.0799999999999,5.667555555555555,10
ABOT,3253,2018-10-10,REJECTED_TOO_SHORT,,474.095,105.0,0.7785254010272203,0
ABOT,3272,2018-11-06,REJECTED_TOO_SHORT,,535.0,105.0,0.8037383177570093,0
ABOT,3289,2018-12-05,VALID,up,90.0,589.0,5.544444444444444,23
ABOT,3304,2018-12-31,REJECTED_TOO_SHORT,,90.0,638.9,6.098888888888888,16
ABOT,3318,2019-01-22,REJECTED_TOO_SHORT,,635.0,105.0,0.8346456692913385,0
ABOT,3332,2019-02-12,REJECTED_TOO_SHORT,,661.5,105.0,0.8412698412698413,0
ABOT,3343,2019-02-27,REJECTED_TOO_SHORT,,624.05,105.0,0.8317442512619181,0
ABOT,3356,2019-03-18,EXPIRED_NO_BREAKOUT,,90.0,650.0,6.222222222222222,60
ABOT,3363,2019-03-28,REJECTED_TOO_SHORT,,608.01,105.0,0.8273054719494745,0
ABOT,3394,2019-05-16,EXPIRED_NO_BREAKOUT,,90.0,487.5,4.416666666666667,60
ABOT,3415,2019-06-28,EXPIRED_NO_BREAKOUT,,90.0,477.3,4.303333333333334,60
ABOT,3434,2019-07-29,REJECTED_TOO_SHORT,,350.0,105.0,0.7,0
ABOT,3454,2019-09-05,REJECTED_TOO_SHORT,,317.0,105.0,0.668769716088328,0
ABOT,3483,2019-10-23,REJECTED_INSUFFICIENT_TOUCHES,,302.1,783.0,1.5918570009930484,2458
ABOT,3502,2019-11-19,REJECTED_TOO_SHORT,,90.0,432.0,3.8,10
ABOT,3515,2019-12-06,REJECTED_TOO_SHORT,,428.26,105.0,0.7548218372016999,0
ABOT,3524,2019-12-19,EXPIRED_NO_BREAKOUT,,90.0,485.0,4.388888888888889,60
ABOT,3534,2020-01-03,EXPIRED_NO_BREAKOUT,,90.0,470.0,4.222222222222222,60
ABOT,3545,2020-01-20,EXPIRED_NO_BREAKOUT,,90.0,442.49,3.9165555555555556,60
ABOT,3562,2020-02-13,VALID,up,90.0,392.0,3.3555555555555556,27
ABOT,3574,2020-03-03,VALID,up,90.0,405.0,3.5,43
ABOT,3585,2020-03-19,REJECTED_TOO_SHORT,,309.65999999999997,105.0,0.6609184266614997,0
ABOT,3608,2020-04-22,REJECTED_TOO_SHORT,,415.0,105.0,0.7469879518072289,0
ABOT,3618,2020-05-07,REJECTED_TOO_SHORT,,435.0,105.0,0.7586206896551724,0
ABOT,3639,2020-06-11,REJECTED_TOO_SHORT,,90.0,617.99,5.866555555555555,15
ABOT,3665,2020-07-17,REJECTED_TOO_SHORT,,600.0,105.0,0.825,0
ABOT,3674,2020-07-30,REJECTED_TOO_SHORT,,90.0,633.98,6.044222222222222,12
ABOT,3688,2020-08-21,REJECTED_TOO_SHORT,,670.0,105.0,0.8432835820895522,0
ABOT,3705,2020-09-15,EXPIRED_NO_BREAKOUT,,90.0,784.0,7.711111111111111,60
ABOT,3715,2020-09-29,EXPIRED_NO_BREAKOUT,,90.0,782.18,7.690888888888888,60
ABOT,3722,2020-10-08,EXPIRED_NO_BREAKOUT,,90.0,782.18,7.690888888888888,60
ABOT,3733,2020-10-23,REJECTED_TOO_SHORT,,682.22,105.0,0.8460907038785143,0
ABOT,3746,2020-11-12,REJECTED_TOO_SHORT,,715.0,105.0,0.8531468531468531,0
ABOT,3760,2020-12-02,EXPIRED_NO_BREAKOUT,,90.0,788.69,7.763222222222223,60
ABOT,3772,2020-12-18,EXPIRED_NO_BREAKOUT,,90.0,780.0,7.666666666666667,60
ABOT,3782,2021-01-04,REJECTED_TOO_SHORT,,735.005,105.0,0.8571438289535446,0
ABOT,3806,2021-02-08,EXPIRED_NO_BREAKOUT,,90.0,762.5,7.472222222222222,60
ABOT,3812,2021-02-16,EXPIRED_NO_BREAKOUT,,90.0,750.0,7.333333333333333,60
ABOT,3823,2021-03-03,REJECTED_TOO_SHORT,,710.0,105.0,0.852112676056338,0
ABOT,3838,2021-03-25,VALID,up,90.0,734.95,7.166111111111111,32
ABOT,3852,2021-04-14,REJECTED_TOO_SHORT,,682.88,105.0,0.8462394564198688,0
ABOT,3869,2021-05-17,VALID,up,90.0,783.0,7.7,28
ABOT,3879,2021-05-31,REJECTED_TOO_SHORT,,90.0,784.0,7.711111111111111,14
ABOT,3898,2021-06-25,REJECTED_TOO_SHORT,,729.91,105.0,0.8561466482169034,0
ABOT,3910,2021-07-13,EXPIRED_NO_BREAKOUT,,90.0,800.0,7.888888888888889,60
ABOT,3923,2021-08-05,EXPIRED_NO_BREAKOUT,,90.0,787.5,7.75,60
ABOT,3937,2021-08-27,REJECTED_TOO_SHORT,,741.51,105.0,0.858397054658737,0
ABOT,3947,2021-09-10,EXPIRED_NO_BREAKOUT,,90.0,812.0,8.022222222222222,60
ABOT,3964,2021-10-05,EXPIRED_NO_BREAKOUT,,90.0,783.0,7.7,60
ABOT,3972,2021-10-15,EXPIRED_NO_BREAKOUT,,90.0,781.0899999999999,7.678777777777777,60
ABOT,3984,2021-11-04,REJECTED_HEIGHT_FLOOR,,752.0,782.5899999999999,0.040678191489361595,0
ABOT,3997,2021-11-23,EXPIRED_NO_BREAKOUT,,90.0,762.0,7.466666666666667,60
ABOT,4007,2021-12-07,EXPIRED_NO_BREAKOUT,,90.0,755.0,7.388888888888889,60
ABOT,4020,2021-12-24,EXPIRED_NO_BREAKOUT,,90.0,762.0,7.466666666666667,60
ABOT,4033,2022-01-12,EXPIRED_NO_BREAKOUT,,90.0,762.0,7.466666666666667,60
ABOT,4046,2022-01-31,VALID,down,710.0,782.5899999999999,0.1022394366197182,24
ABOT,4052,2022-02-08,EXPIRED_NO_BREAKOUT,,90.0,750.0,7.333333333333333,60
ABOT,4064,2022-02-24,EXPIRED_NO_BREAKOUT,,90.0,721.0,7.011111111111111,60
ABOT,4074,2022-03-10,EXPIRED_NO_BREAKOUT,,90.0,720.5,7.0055555555555555,60
ABOT,4095,2022-04-15,VALID,down,677.52,782.5899999999999,0.15508029283268382,26
ABOT,4103,2022-04-28,EXPIRED_NO_BREAKOUT,,90.0,700.0550000000001,6.778388888888889,60
ABOT,4112,2022-05-18,EXPIRED_NO_BREAKOUT,,625.0,782.5899999999999,0.25214399999999987,60
ABOT,4122,2022-06-01,EXPIRED_NO_BREAKOUT,,620.0,782.5899999999999,0.2622419354838708,60
ABOT,4134,2022-06-17,VALID,down,642.5,782.5899999999999,0.21803891050583646,35
ABOT,4144,2022-07-01,EXPIRED_NO_BREAKOUT,,90.0,668.9,6.432222222222222,60
ABOT,4161,2022-08-02,EXPIRED_NO_BREAKOUT,,90.0,630.995,6.011055555555556,60
ABOT,4176,2022-08-25,EXPIRED_NO_BREAKOUT,,90.0,625.0,5.944444444444445,60
ABOT,4190,2022-09-14,VALID,down,575.0,782.5899999999999,0.3610260869565216,51
ABOT,4196,2022-09-22,EXPIRED_NO_BREAKOUT,,90.0,590.0,5.555555555555555,60
ABOT,4205,2022-10-05,VALID,down,561.0,782.5899999999999,0.3949910873440284,30
ABOT,4219,2022-10-27,VALID,down,535.0,782.5899999999999,0.4627850467289718,36
ABOT,4228,2022-11-10,EXPIRED_NO_BREAKOUT,,90.0,570.0,5.333333333333333,60
ABOT,4248,2022-12-09,REJECTED_TOO_SHORT,,477.505,782.5899999999999,0.6389147757615102,17
ABOT,4263,2022-12-30,EXPIRED_NO_BREAKOUT,,90.0,475.0,4.277777777777778,60
ABOT,4292,2023-02-09,EXPIRED_NO_BREAKOUT,,90.0,433.93,3.8214444444444444,60
ABOT,4302,2023-02-23,EXPIRED_NO_BREAKOUT,,371.0,782.5899999999999,1.1094070080862533,60
ABOT,4314,2023-03-13,REJECTED_TOO_SHORT,,402.775,782.5899999999999,0.9429954689342684,14
ABOT,4326,2023-03-30,EXPIRED_NO_BREAKOUT,,90.0,420.0,3.6666666666666665,60
ABOT,4337,2023-04-17,REJECTED_TOO_SHORT,,90.0,401.0,3.4555555555555557,11
ABOT,4348,2023-05-09,EXPIRED_NO_BREAKOUT,,90.0,408.95,3.5438888888888886,60
ABOT,4357,2023-05-22,VALID,down,385.34,782.5899999999999,1.0309077697617688,28
ABOT,4374,2023-06-15,VALID,up,90.0,400.0,3.4444444444444446,25
ABOT,4399,2023-07-26,EXPIRED_NO_BREAKOUT,,90.0,410.0,3.5555555555555554,60
ABOT,4408,2023-08-09,REJECTED_TOO_SHORT,,391.0,782.5899999999999,1.0015089514066493,19
ABOT,4432,2023-09-14,REJECTED_INSUFFICIENT_TOUCHES,,330.0,783.0,1.3727272727272728,1036
ABOT,4443,2023-10-02,EXPIRED_NO_BREAKOUT,,335.0,782.5899999999999,1.3360895522388057,60
ABOT,4460,2023-10-25,REJECTED_TOO_SHORT,,90.0,415.0,3.611111111111111,9
ABOT,4474,2023-11-15,EXPIRED_NO_BREAKOUT,,385.02,782.5899999999999,1.0325957093138018,60
ABOT,4490,2023-12-07,EXPIRED_NO_BREAKOUT,,90.0,514.0,4.711111111111111,60
ABOT,4501,2023-12-22,EXPIRED_NO_BREAKOUT,,90.0,474.98,4.277555555555556,60
ABOT,4510,2024-01-05,REJECTED_TOO_SHORT,,450.0,782.5899999999999,0.7390888888888887,11
ABOT,4532,2024-02-07,REJECTED_TOO_SHORT,,90.0,442.0,3.911111111111111,14
ABOT,4549,2024-03-05,REJECTED_TOO_SHORT,,450.0,782.5899999999999,0.7390888888888887,20
ABOT,4564,2024-03-26,EXPIRED_NO_BREAKOUT,,440.0,782.5899999999999,0.7786136363636362,60
ABOT,4576,2024-04-17,EXPIRED_NO_BREAKOUT,,516.56,782.5899999999999,0.5150030974136596,60
ABOT,4587,2024-05-03,EXPIRED_NO_BREAKOUT,,547.5,782.5899999999999,0.42938812785388114,60
ABOT,4600,2024-05-22,VALID,up,650.0,699.99,0.07690769230769232,22
ABOT,4611,2024-06-07,VALID,up,650.0,782.5899999999999,0.20398461538461526,26
ABOT,4626,2024-07-03,EXPIRED_NO_BREAKOUT,,650.0,819.235,0.2603615384615385,60
ABOT,4643,2024-07-30,VALID,up,650.0,770.0,0.18461538461538463,24
ABOT,4649,2024-08-07,REJECTED_TOO_SHORT,,725.8050000000001,782.5899999999999,0.07823726758564607,16
ABOT,4662,2024-08-27,VALID,up,701.0,783.0,0.11697574893009986,42
ABOT,4678,2024-09-19,VALID,up,650.0,786.0,0.20923076923076922,21
ABOT,4689,2024-10-04,REJECTED_HEIGHT_FLOOR,,750.0,783.0,0.044,0
ABOT,4707,2024-10-30,REJECTED_TOO_SHORT,,650.0,992.0,0.5261538461538462,14
ABOT,4716,2024-11-12,EXPIRED_NO_BREAKOUT,,650.0,1060.0,0.6307692307692307,60
ABOT,4726,2024-11-26,REJECTED_TOO_SHORT,,905.875,783.0,0.1356423347592107,0
ABOT,4747,2024-12-26,REJECTED_TOO_SHORT,,1160.0,783.0,0.325,14
ABOT,4761,2025-01-15,EXPIRED_NO_BREAKOUT,,650.0,1304.5,1.006923076923077,60
ABOT,4773,2025-01-31,EXPIRED_NO_BREAKOUT,,650.0,1288.0,0.9815384615384616,60
ABOT,4786,2025-02-20,EXPIRED_NO_BREAKOUT,,650.0,1286.495,0.9792230769230768,60
ABOT,4797,2025-03-07,REJECTED_TOO_SHORT,,650.0,1076.0,0.6553846153846153,19
ABOT,4814,2025-04-07,REJECTED_TOO_SHORT,,976.0,783.0,0.19774590163934427,0
ABOT,4824,2025-04-21,EXPIRED_NO_BREAKOUT,,650.0,1077.98,0.6584307692307693,60
ABOT,4847,2025-05-23,REJECTED_TOO_SHORT,,927.5,783.0,0.15579514824797844,0
ABOT,4859,2025-06-13,REJECTED_TOO_SHORT,,936.0,783.0,0.16346153846153846,0
ABOT,4870,2025-06-30,REJECTED_TOO_SHORT,,930.0,783.0,0.15806451612903225,0
ABOT,4881,2025-07-15,VALID,up,650.0,1119.98,0.7230461538461539,23
ABOT,4890,2025-07-28,REJECTED_TOO_SHORT,,1061.0749999999998,783.0,0.2620691280069739,0
ABOT,4898,2025-08-07,REJECTED_TOO_SHORT,,1057.58,783.0,0.2596304771270258,0
ABOT,4911,2025-08-27,VALID,up,1122.1,783.0,0.3022012298369129,155
ABOT,4927,2025-09-18,REJECTED_TOO_SHORT,,1150.0,783.0,0.3191304347826087,0
ABOT,4949,2025-10-20,REJECTED_TOO_SHORT,,1178.0,783.0,0.33531409168081494,0
ABOT,4962,2025-11-06,EXPIRED_NO_BREAKOUT,,650.0,1140.0,0.7538461538461538,60
ABOT,4969,2025-11-17,REJECTED_TOO_SHORT,,1060.54,783.0,0.2616968714051332,0
ABOT,4989,2025-12-15,REJECTED_TOO_SHORT,,1001.1,783.0,0.21786035361102787,0
ABOT,5006,2026-01-08,EXPIRED_NO_BREAKOUT,,650.0,1279.99,0.9692153846153846,60
ABOT,5017,2026-01-23,REJECTED_TOO_SHORT,,1166.0,783.0,0.32847341337907376,0
ABOT,5030,2026-02-12,EXPIRED_NO_BREAKOUT,,650.0,1206.0,0.8553846153846154,60
ABOT,5047,2026-03-09,REJECTED_HEIGHT_FLOOR,,822.29,783.0,0.04778119641489008,0
ABOT,5060,2026-03-30,REJECTED_TOO_SHORT,,875.0,783.0,0.10514285714285715,0
ABOT,5071,2026-04-14,REJECTED_TOO_SHORT,,881.0,783.0,0.1112372304199773,0
ABOT,5083,2026-04-30,REJECTED_TOO_SHORT,,865.0,783.0,0.09479768786127167,0
ABOT,5102,2026-06-04,REJECTED_TOO_SHORT,,859.75,783.0,0.08927013666763595,0
ABSON,5,2005-12-06,REJECTED_INSUFFICIENT_TOUCHES,,1.0,2.15,1.15,1406
ABSON,16,2007-11-16,REJECTED_INSUFFICIENT_TOUCHES,,1.0,6.0,5.0,696
ACCM,4,2005-01-07,REJECTED_INSUFFICIENT_TOUCHES,,1.0,4.7,3.7,2518
ACCM,13,2005-02-07,REJECTED_INSUFFICIENT_TOUCHES,,2.9,3.0,0.03448275862068969,2487
ACCM,32,2005-03-30,EXPIRED_NO_BREAKOUT,,1.5,2.0,0.3333333333333333,60
ACCM,47,2005-06-07,VALID,up,2.5,2.0,0.2,265
ACCM,56,2005-08-16,REJECTED_INSUFFICIENT_TOUCHES,,0.75,3.0,3.0,2297
ACCM,65,2005-09-30,VALID,up,2.5,2.0,0.2,150
ACCM,77,2005-12-19,REJECTED_TOO_SHORT,,1.5,2.0,0.3333333333333333,4
ACCM,94,2006-01-19,REJECTED_TOO_SHORT,,2.5,2.0,0.2,5
ACCM,103,2006-02-15,REJECTED_INSUFFICIENT_TOUCHES,,1.0,4.45,3.45,2114
ACCM,111,2006-02-27,REJECTED_TOO_SHORT,,2.5,2.0,0.2,0
ACCM,118,2006-03-30,VALID,down,2.5,3.0,0.2,49
ACCM,140,2006-06-14,VALID,down,2.0,3.0,0.5,26
ACCM,147,2006-07-10,VALID,down,1.5,3.0,1.0,49
ACCM,159,2006-10-12,EXPIRED_NO_BREAKOUT,,1.15,3.0,1.6086956521739133,60
ACCM,177,2007-01-11,EXPIRED_NO_BREAKOUT,,1.5,2.3,0.5333333333333332,60
ACCM,188,2007-02-12,REJECTED_INSUFFICIENT_TOUCHES,,1.4,3.0,1.142857142857143,1752
ACCM,203,2007-03-27,EXPIRED_NO_BREAKOUT,,0.9,3.0,2.3333333333333335,60
ACCM,217,2007-06-18,EXPIRED_NO_BREAKOUT,,1.0,1.6,0.6000000000000001,60
ACCM,233,2007-10-09,EXPIRED_NO_BREAKOUT,,1.0,3.0,2.0,60
ACCM,238,2007-11-15,EXPIRED_NO_BREAKOUT,,1.0,3.0,2.0,60
ACCM,250,2008-01-01,VALID,down,1.05,3.0,1.857142857142857,28
ACCM,255,2008-01-22,EXPIRED_NO_BREAKOUT,,1.0,3.0,2.0,60
ACCM,262,2008-03-07,EXPIRED_NO_BREAKOUT,,1.0,3.0,2.0,60
ACCM,288,2008-08-20,REJECTED_HEIGHT_FLOOR,,1.0,1.0,0.0,889
ACCM,295,2009-06-11,REJECTED_INSUFFICIENT_TOUCHES,,0.17,3.0,16.64705882352941,902
ACCM,306,2010-05-11,REJECTED_INSUFFICIENT_TOUCHES,,1.0,0.85,0.15000000000000002,568
ACF,4,2005-01-07,EXPIRED_NO_BREAKOUT,,8.1,12.15,0.5000000000000001,60
ACF,17,2005-01-28,REJECTED_INSUFFICIENT_TOUCHES,,10.3,10.25,0.004854368932038904,493
ACF,40,2005-03-02,REJECTED_INSUFFICIENT_TOUCHES,,11.0,10.25,0.06818181818181818,460
ACF,59,2005-03-30,REJECTED_INSUFFICIENT_TOUCHES,,16.025,11.8,0.26365054602184074,432
ACF,68,2005-04-12,EXPIRED_NO_BREAKOUT,,8.1,9.0,0.11111111111111116,60
ACF,83,2005-05-04,VALID,up,8.125,9.0,0.1076923076923077,56
ACF,91,2005-05-16,VALID,up,8.1,9.0,0.11111111111111116,44
ACF,102,2005-05-31,VALID,up,8.05,9.0,0.11801242236024835,29
ACF,115,2005-06-17,REJECTED_TOO_SHORT,,8.1,9.0,0.11111111111111116,12
ACF,127,2005-07-05,REJECTED_HEIGHT_FLOOR,,9.0,9.0,0.0,42
ACF,138,2005-07-20,REJECTED_HEIGHT_FLOOR,,9.4,9.0,0.042553191489361736,0
ACF,144,2005-07-28,REJECTED_TOO_SHORT,,9.65,9.0,0.0673575129533679,0
ACF,160,2005-08-22,EXPIRED_NO_BREAKOUT,,8.1,10.225,0.2623456790123457,60
ACF,179,2005-09-16,EXPIRED_NO_BREAKOUT,,8.1,10.25,0.26543209876543217,60
ACF,198,2005-10-13,VALID,up,8.1,10.325,0.2746913580246913,36
ACF,239,2005-12-16,REJECTED_INSUFFICIENT_TOUCHES,,16.025,13.25,0.173166926677067,171
ACF,261,2006-01-23,REJECTED_INSUFFICIENT_TOUCHES,,16.025,15.4,0.039001560062402386,133
ACF,268,2006-02-01,REJECTED_INSUFFICIENT_TOUCHES,,14.95,10.25,0.31438127090301,124
ACF,279,2006-02-20,VALID,up,8.1,16.7,1.0617283950617284,56
ACF,295,2006-03-15,REJECTED_TOO_SHORT,,14.4,10.25,0.2881944444444445,0
ACF,317,2006-04-19,REJECTED_INSUFFICIENT_TOUCHES,,16.025,17.25,0.07644305772230899,47
ACF,331,2006-05-10,REJECTED_TOO_SHORT,,16.05,10.25,0.36137071651090347,0
ACIETF,7,2024-01-30,REJECTED_INSUFFICIENT_TOUCHES,,9.2,16.3,0.7717391304347828,898
ACIETF,16,2024-03-19,EXPIRED_NO_BREAKOUT,,9.69,11.23,0.1589267285861714,60
ACIETF,26,2024-04-26,EXPIRED_NO_BREAKOUT,,10.09,10.75,0.06541129831516354,60
ACIETF,37,2024-05-27,VALID,up,10.09,11.2,0.11000991080277497,43
ACIETF,45,2024-06-07,REJECTED_HEIGHT_FLOOR,,10.69,11.23,0.050514499532273244,13
ACIETF,61,2024-07-09,VALID,down,10.09,11.47,0.136769078295342,29
ACIETF,73,2024-07-30,REJECTED_HEIGHT_FLOOR,,10.09,10.44,0.034687809712586684,0
ACIETF,86,2024-08-27,VALID,up,9.69,10.6,0.09391124871001034,59
ACIETF,116,2024-11-14,REJECTED_TOO_SHORT,,9.69,12.45,0.2848297213622291,14
ACIETF,135,2024-12-12,EXPIRED_NO_BREAKOUT,,14.094999999999999,15.99,0.13444483859524664,60
ACIETF,154,2025-01-10,EXPIRED_NO_BREAKOUT,,13.03,16.905,0.2973906369915581,60
ACIETF,164,2025-01-24,VALID,up,9.69,15.3,0.5789473684210528,54
ACIETF,177,2025-02-14,REJECTED_INSUFFICIENT_TOUCHES,,14.135,14.27,0.009550760523523154,517
ACIETF,195,2025-03-13,REJECTED_TOO_SHORT,,9.69,15.5,0.5995872033023737,8
ACIETF,208,2025-04-07,REJECTED_TOO_SHORT,,14.08,11.23,0.2024147727272727,0
ACIETF,221,2025-04-24,REJECTED_TOO_SHORT,,14.05,16.88,0.20142348754448386,14
ACIETF,242,2025-05-27,VALID,up,15.24,16.3,0.06955380577427825,377
ACIETF,257,2025-06-23,REJECTED_TOO_SHORT,,14.094999999999999,16.89,0.19829726853494162,15
ACIETF,267,2025-07-07,REJECTED_TOO_SHORT,,14.175,16.89,0.1915343915343915,1
ACIETF,274,2025-07-16,VALID,up,15.8,16.89,0.06898734177215189,34
ACIETF,281,2025-07-28,VALID,up,14.135,16.89,0.19490626105412104,22
ACIETF,292,2025-08-12,REJECTED_INSUFFICIENT_TOUCHES,,15.01,16.3,0.08594270486342445,338
ACIETF,304,2025-08-29,EXPIRED_NO_BREAKOUT,,14.11,18.6,0.31821403260099235,60
ACIETF,320,2025-09-22,EXPIRED_NO_BREAKOUT,,14.11,21.075,0.4936215450035436,60
ACIETF,328,2025-10-02,EXPIRED_NO_BREAKOUT,,14.11,20.93,0.48334514528703054,60
ACIETF,341,2025-10-21,REJECTED_HEIGHT_FLOOR,,17.05,16.89,0.009384164222873909,0
ACIETF,351,2025-11-04,REJECTED_HEIGHT_FLOOR,,17.49,16.89,0.03430531732418513,22
ACIETF,367,2025-11-26,REJECTED_HEIGHT_FLOOR,,17.37,16.89,0.027633851468048382,0
ACIETF,381,2025-12-16,VALID,up,14.11,19.494999999999997,0.381644223954642,23
ACIETF,397,2026-01-08,REJECTED_INSUFFICIENT_TOUCHES,,14.135,21.5,0.5210470463388751,189
ACIETF,416,2026-02-06,EXPIRED_NO_BREAKOUT,,14.135,20.49,0.4495932083480721,60
ACIETF,433,2026-03-03,REJECTED_TOO_SHORT,,15.715,16.89,0.07476932866687883,9
ACIETF,443,2026-03-17,VALID,up,14.135,15.81,0.11850017686593567,23
ACIETF,450,2026-03-30,REJECTED_TOO_SHORT,,14.16,16.3,0.1511299435028249,10
ACIETF,458,2026-04-09,REJECTED_TOO_SHORT,,14.135,17.19,0.216130173328617,7
ACIETF,473,2026-04-30,VALID,up,14.135,17.65,0.24867350548284392,47
ACIETF,484,2026-05-19,REJECTED_HEIGHT_FLOOR,,15.879999999999999,16.3,0.026448362720403133,0
ACIETF,502,2026-06-19,EXPIRED_NO_BREAKOUT,,14.135,18.84,0.33286169083834455,27
ACIETF,512,2026-07-07,EXPIRED_NO_BREAKOUT,,14.135,18.91,0.33781393703572693,9
ACPL,11,2005-01-18,EXPIRED_NO_BREAKOUT,,31.4286,45.5075,0.44796459275946116,60
ACPL,29,2005-02-15,EXPIRED_NO_BREAKOUT,,35.8371,39.819,0.1111111111111112,60
ACPL,41,2005-03-03,EXPIRED_NO_BREAKOUT,,35.8371,45.4506,0.2682555229078246,60
ACPL,55,2005-03-29,EXPIRED_NO_BREAKOUT,,36.605,45.47905,0.24242726403496803,60
ACPL,66,2005-04-15,EXPIRED_NO_BREAKOUT,,35.8371,45.4506,0.2682555229078246,60
ACPL,74,2005-05-03,EXPIRED_NO_BREAKOUT,,42.6633,45.5075,0.06666619787967647,60
ACPL,89,2005-06-02,EXPIRED_NO_BREAKOUT,,35.9082,44.1991,0.23089155123342303,60
ACPL,101,2005-06-22,REJECTED_TOO_SHORT,,35.8371,39.7622,0.10952616143605372,5
ACPL,115,2005-07-13,VALID,down,36.9748,45.47905,0.23000124409056977,35
ACPL,128,2005-08-08,VALID,up,35.9082,39.819,0.10891105652747846,31
ACPL,141,2005-09-07,VALID,up,37.9845,45.5075,0.1980544695862787,47
ACPL,152,2005-09-22,REJECTED_TOO_SHORT,,35.9082,42.08015,0.17188135300572022,8
ACPL,162,2005-10-06,EXPIRED_NO_BREAKOUT,,41.8669,45.5075,0.08695652173913042,60
ACPL,177,2005-10-27,REJECTED_HEIGHT_FLOOR,,44.2276,45.5075,0.028938943103401445,455
ACPL,193,2005-11-29,REJECTED_HEIGHT_FLOOR,,45.5075,45.5075,0.0,79
ACPL,221,2006-01-18,VALID,up,35.9082,54.6089,0.5207919082549389,48
ACPL,240,2006-02-16,REJECTED_HEIGHT_FLOOR,,45.3936,45.5075,0.002509164287476671,0
ACPL,256,2006-03-10,VALID,up,35.9082,64.2224,0.788516272049281,24
ACPL,266,2006-03-27,EXPIRED_NO_BREAKOUT,,48.3517,61.435,0.2705861427829839,60
ACPL,278,2006-04-14,EXPIRED_NO_BREAKOUT,,36.8728,76.7938,1.082667982903387,60
ACPL,306,2006-05-25,EXPIRED_NO_BREAKOUT,,35.9082,59.1455,0.6471307389398521,60
ACPL,313,2006-06-05,VALID,up,49.7738,45.5075,0.08571376909136938,106
ACPL,323,2006-06-19,EXPIRED_NO_BREAKOUT,,35.9082,59.4441,0.6554463882901398,60
ACPL,334,2006-07-04,REJECTED_TOO_SHORT,,48.4654,45.5075,0.06103116862751575,0
ACPL,342,2006-07-14,REJECTED_TOO_SHORT,,35.9082,55.1494,0.5358441804378944,10
ACPL,353,2006-07-31,EXPIRED_NO_BREAKOUT,,48.3517,56.8843,0.17646949331667763,60
ACPL,373,2006-08-29,EXPIRED_NO_BREAKOUT,,48.3517,53.1299,0.09882175807675837,60
ACPL,388,2006-09-19,REJECTED_TOO_SHORT,,48.9205,45.5075,0.06976625341114659,0
ACPL,399,2006-10-04,REJECTED_HEIGHT_FLOOR,,48.3517,45.5075,0.058823164438892545,0
ACPL,409,2006-10-18,REJECTED_HEIGHT_FLOOR,,48.3517,51.1959,0.058823164438892545,0
ACPL,429,2006-11-24,REJECTED_TOO_SHORT,,48.3517,44.3413,0.08294227503893356,0
ACPL,441,2006-12-12,REJECTED_TOO_SHORT,,39.4493,45.5075,0.1535692648538757,7
ACPL,454,2007-01-04,VALID,up,36.8611,45.5075,0.234567063923757,33
ACPL,476,2007-02-09,VALID,up,48.3517,51.4803,0.06470506724685995,27
ACPL,490,2007-03-01,REJECTED_TOO_SHORT,,48.3517,51.4803,0.06470506724685995,7
ACPL,519,2007-04-12,VALID,up,48.3517,64.25085,0.32882297830272766,55
ACPL,528,2007-04-25,REJECTED_TOO_SHORT,,59.7285,45.5075,0.23809404220765626,0
ACPL,539,2007-05-11,VALID,up,48.3517,62.8571,0.29999772500243016,25
ACPL,554,2007-06-01,VALID,up,61.7195,45.5075,0.2626722510713793,291
ACPL,569,2007-06-22,REJECTED_TOO_SHORT,,64.2793,45.5075,0.292034916372767,0
ACPL,579,2007-07-06,EXPIRED_NO_BREAKOUT,,48.3517,71.6742,0.4823511893066841,60
ACPL,597,2007-08-01,EXPIRED_NO_BREAKOUT,,48.3517,67.1235,0.38823453984037803,60
ACPL,610,2007-08-21,REJECTED_TOO_SHORT,,48.3517,62.74335000000001,0.29764517069720414,20
ACPL,619,2007-09-03,REJECTED_TOO_SHORT,,56.8843,45.5075,0.1999989452274178,0
ACPL,634,2007-09-24,REJECTED_TOO_SHORT,,59.7285,45.5075,0.23809404220765626,0
ACPL,649,2007-10-19,EXPIRED_NO_BREAKOUT,,48.3517,71.9587,0.48823516029426045,60
ACPL,668,2007-11-16,REJECTED_TOO_SHORT,,51.1959,45.5075,0.1111104600173061,0
ACPL,688,2007-12-14,EXPIRED_NO_BREAKOUT,,48.3517,61.4066,0.26999877977403064,60
ACPL,696,2008-01-01,REJECTED_TOO_SHORT,,53.5708,45.5075,0.15051669939593953,0
ACPL,708,2008-01-17,REJECTED_TOO_SHORT,,53.969,45.5075,0.15678445033259836,0
ACPL,719,2008-02-01,REJECTED_TOO_SHORT,,53.073049999999995,45.5075,0.14254974982594737,0
ACPL,737,2008-02-29,REJECTED_TOO_SHORT,,48.3517,62.6296,0.295292616391978,12
ACPL,749,2008-03-18,REJECTED_TOO_SHORT,,61.4635,45.5075,0.25960122674432795,0
ACPL,761,2008-04-04,VALID,down,48.3517,65.6445,0.3576461634234162,48
ACPL,786,2008-05-12,REJECTED_HEIGHT_FLOOR,,48.3517,45.5075,0.058823164438892545,0
ACPL,806,2008-06-09,REJECTED_HEIGHT_FLOOR,,48.3517,48.6361,0.005881902807967413,0
ACPL,824,2008-07-07,REJECTED_HEIGHT_FLOOR,,48.3517,45.5075,0.058823164438892545,0
ACPL,847,2008-08-12,REJECTED_INSUFFICIENT_TOUCHES,,28.4421,59.485,1.0914419118138252,6547
ACPL,871,2009-01-09,REJECTED_INSUFFICIENT_TOUCHES,,97.1237,22.5831,0.7674810576615182,6397
ACPL,904,2009-02-26,REJECTED_INSUFFICIENT_TOUCHES,,24.83,59.485,1.3956906967378173,6349
ACPL,928,2009-04-03,REJECTED_TOO_SHORT,,48.3517,42.0375,0.13058899687084424,0
ACPL,949,2009-05-05,EXPIRED_NO_BREAKOUT,,33.5902,45.5075,0.35478502658513483,60
ACPL,955,2009-05-13,REJECTED_TOO_SHORT,,48.3517,37.1455,0.2317643433426333,0
ACPL,970,2009-06-03,VALID,up,34.1306,45.5075,0.33333430997404084,61
ACPL,993,2009-07-06,REJECTED_TOO_SHORT,,48.3517,44.4267,0.08117604965285614,0
ACPL,1005,2009-07-22,REJECTED_HEIGHT_FLOOR,,48.3517,46.0763,0.04705935882295757,0
ACPL,1022,2009-08-17,REJECTED_HEIGHT_FLOOR,,45.5075,45.5075,0.0,0
ACPL,1038,2009-09-08,REJECTED_HEIGHT_FLOOR,,45.55015,45.5075,0.0009363306158157954,0
ACPL,1057,2009-10-08,REJECTED_TOO_SHORT,,48.3517,52.82965,0.09261204880076605,4
ACPL,1075,2009-11-03,REJECTED_TOO_SHORT,,39.033,45.5075,0.16587246688699303,7
ACPL,1098,2009-12-09,EXPIRED_NO_BREAKOUT,,34.427,45.5075,0.3218549394370698,60
ACPL,1109,2009-12-24,REJECTED_TOO_SHORT,,48.3517,40.0759,0.17115840808079144,0
ACPL,1131,2010-01-28,REJECTED_TOO_SHORT,,40.38835,45.5075,0.12674818357273812,15
ACPL,1160,2010-03-11,REJECTED_HEIGHT_FLOOR,,48.3517,51.2041,0.05899275516682962,0
ACPL,1177,2010-04-06,REJECTED_TOO_SHORT,,50.6536,45.5075,0.1015939637064295,0
ACPL,1189,2010-04-22,VALID,down,48.3517,59.1455,0.22323517063515858,36
ACPL,1203,2010-05-12,REJECTED_TOO_SHORT,,51.34635,45.5075,0.11371499629477072,0
ACPL,1222,2010-06-08,REJECTED_TOO_SHORT,,48.3517,51.3985,0.06301329632670614,6
ACPL,1236,2010-06-28,REJECTED_HEIGHT_FLOOR,,48.0957,45.5075,0.05381354258280887,0
ACPL,1251,2010-07-19,EXPIRED_NO_BREAKOUT,,48.3517,53.9832,0.11646953468026967,60
ACPL,1266,2010-08-09,REJECTED_TOO_SHORT,,49.117000000000004,45.5075,0.07348779444998685,0
ACPL,1278,2010-08-25,REJECTED_HEIGHT_FLOOR,,46.929,45.5075,0.030290438747895793,0
ACPL,1294,2010-09-20,REJECTED_TOO_SHORT,,48.3517,51.887699999999995,0.07313083097388498,14
ACPL,1307,2010-10-07,REJECTED_HEIGHT_FLOOR,,48.3517,48.3853,0.0006949083486206245,0
ACPL,1315,2010-10-19,REJECTED_HEIGHT_FLOOR,,45.3936,45.5075,0.002509164287476671,0
ACPL,1330,2010-11-10,REJECTED_HEIGHT_FLOOR,,48.3517,48.3517,0.0,0
ACPL,1339,2010-11-26,REJECTED_HEIGHT_FLOOR,,48.3517,48.6951,0.00710212877727144,0
ACPL,1349,2010-12-10,REJECTED_HEIGHT_FLOOR,,46.4523,45.5075,0.020339143594612124,0
ACPL,1363,2011-01-03,REJECTED_HEIGHT_FLOOR,,45.4467,45.5075,0.0013378309096150085,0
ACPL,1396,2011-02-18,REJECTED_TOO_SHORT,,48.3517,39.1057,0.19122388664721204,0
ACPL,1406,2011-03-04,REJECTED_TOO_SHORT,,48.3517,38.7351,0.19888856027812876,0
ACPL,1414,2011-03-16,EXPIRED_NO_BREAKOUT,,36.6642,45.5075,0.24119713507999627,60
ACPL,1437,2011-04-19,REJECTED_TOO_SHORT,,39.629,45.5075,0.14833833808574537,14
ACPL,1450,2011-05-06,REJECTED_TOO_SHORT,,48.3517,39.6662,0.1796317399388232,0
ACPL,1460,2011-05-20,VALID,down,38.1751,45.5075,0.19207284329314134,33
ACPL,1472,2011-06-07,REJECTED_TOO_SHORT,,39.58045,45.5075,0.14974690788002668,14
ACPL,1492,2011-07-05,REJECTED_TOO_SHORT,,48.3517,38.23175,0.20929874233997983,0
ACPL,1505,2011-07-22,REJECTED_TOO_SHORT,,48.3517,37.1633,0.23139620737223307,0
ACPL,1525,2011-08-19,REJECTED_INSUFFICIENT_TOUCHES,,29.5876,59.485,1.0104706025497168,5445
ACPL,1546,2011-09-26,EXPIRED_NO_BREAKOUT,,36.8728,45.5075,0.23417532707036087,60
ACPL,1563,2011-10-19,EXPIRED_NO_BREAKOUT,,37.0317,45.5075,0.228879581547701,60
ACPL,1575,2011-11-10,EXPIRED_NO_BREAKOUT,,36.8728,39.819,0.0799017161701852,60
ACPL,1587,2011-11-29,VALID,up,36.8728,39.48,0.07070794732160289,52
ACPL,1594,2011-12-12,EXPIRED_NO_BREAKOUT,,37.241550000000004,45.5075,0.2219550475208469,60
ACPL,1603,2011-12-23,EXPIRED_NO_BREAKOUT,,36.8728,45.5075,0.23417532707036087,60
ACPL,1630,2012-01-31,VALID,up,41.9009,45.5075,0.08607452345892332,37
ACPL,1653,2012-03-02,REJECTED_TOO_SHORT,,36.8728,46.04785,0.24882976069080728,7
ACPL,1682,2012-04-13,REJECTED_TOO_SHORT,,59.7285,45.5075,0.23809404220765626,0
ACPL,1691,2012-04-26,REJECTED_TOO_SHORT,,59.7285,45.5075,0.23809404220765626,0
ACPL,1706,2012-05-18,REJECTED_TOO_SHORT,,56.79325,45.5075,0.19871639675489605,0
ACPL,1716,2012-06-01,VALID,up,36.8728,61.0078,0.654547525547287,34
ACPL,1736,2012-06-29,REJECTED_TOO_SHORT,,36.8728,62.2314,0.6877318782408715,10
ACPL,1749,2012-07-18,REJECTED_TOO_SHORT,,36.8728,69.2017,0.876768241088282,14
ACPL,1763,2012-08-07,VALID,up,70.0211,45.5075,0.3500887589597993,132
ACPL,1779,2012-09-05,EXPIRED_NO_BREAKOUT,,36.8728,80.4498,1.181819661105205,60
ACPL,1791,2012-09-24,REJECTED_TOO_SHORT,,78.96,45.5075,0.4236638804457953,4
ACPL,1807,2012-10-16,REJECTED_TOO_SHORT,,67.034,45.5075,0.32112808425575085,0
ACPL,1833,2012-11-26,REJECTED_TOO_SHORT,,72.8592,45.5075,0.37540489052858117,14
ACPL,1843,2012-12-10,REJECTED_TOO_SHORT,,73.7456,45.5075,0.38291233646481954,0
ACPL,1857,2012-12-31,VALID,up,36.8728,74.863,1.0303041808596038,24
ACPL,1875,2013-01-28,VALID,up,36.8728,78.9674,1.1416165845826736,50
ACPL,1893,2013-02-22,VALID,up,36.8728,76.8005,1.0828496886593912,25
ACPL,1902,2013-03-07,REJECTED_TOO_SHORT,,36.8728,76.8005,1.0828496886593912,12
ACPL,1922,2013-04-04,VALID,up,36.8728,90.506,1.4545464407368034,35
ACPL,1939,2013-04-29,REJECTED_TOO_SHORT,,86.0366,45.5075,0.47106812682044624,0
ACPL,1957,2013-05-24,VALID,up,36.8728,102.4245,1.777779284459005,59
ACPL,1966,2013-06-06,REJECTED_TOO_SHORT,,95.3479,45.5075,0.5227215282140456,0
ACPL,1977,2013-06-21,REJECTED_TOO_SHORT,,96.8377,45.5075,0.5300642208561335,0
ACPL,1993,2013-07-15,REJECTED_TOO_SHORT,,36.8728,103.5419,1.8080834653186089,7
ACPL,2007,2013-08-05,REJECTED_TOO_SHORT,,120.6747,45.5075,0.6228911279663426,18
ACPL,2019,2013-08-26,EXPIRED_NO_BREAKOUT,,36.8728,126.6339,2.434344557505804,60
ACPL,2032,2013-09-12,EXPIRED_NO_BREAKOUT,,36.8728,127.00635,2.444445499121304,60
ACPL,2043,2013-09-27,REJECTED_TOO_SHORT,,36.8728,102.797,1.7878815820876093,6
ACPL,2051,2013-10-09,REJECTED_TOO_SHORT,,100.7485,45.5075,0.5483059301131035,0
ACPL,2066,2013-11-05,EXPIRED_NO_BREAKOUT,,36.8728,112.53659999999999,2.052022086741446,60
ACPL,2073,2013-11-18,EXPIRED_NO_BREAKOUT,,36.8728,113.2256,2.070707947321603,60
ACPL,2090,2013-12-11,VALID,up,102.9832,45.5075,0.5581075359864521,48
ACPL,2105,2014-01-02,EXPIRED_NO_BREAKOUT,,36.8728,108.9797,1.955558026512768,60
ACPL,2122,2014-01-28,REJECTED_TOO_SHORT,,104.2868,45.5075,0.5636312553458348,0
ACPL,2138,2014-02-20,REJECTED_TOO_SHORT,,91.6234,45.5075,0.503320112547668,0
ACPL,2151,2014-03-11,VALID,up,36.8728,104.2868,1.8282853485496084,21
ACPL,2160,2014-03-24,REJECTED_TOO_SHORT,,101.4934,45.5075,0.5516210906324943,0
ACPL,2174,2014-04-11,REJECTED_TOO_SHORT,,104.8157,45.5075,0.5658331719389367,0
ACPL,2182,2014-04-23,EXPIRED_NO_BREAKOUT,,36.8728,121.3451,2.2909109153630864,60
ACPL,2193,2014-05-09,VALID,up,116.9502,45.5075,0.6108813837000707,26
ACPL,2209,2014-06-02,VALID,up,36.8728,123.8033,2.357577943633247,46
ACPL,2224,2014-06-23,VALID,up,110.9909,45.5075,0.5899889090006477,56
ACPL,2236,2014-07-10,REJECTED_TOO_SHORT,,36.8728,120.3022,2.262627194029203,7
ACPL,2257,2014-08-18,REJECTED_TOO_SHORT,,111.8476,45.5075,0.5931294010778954,0
ACPL,2270,2014-09-04,EXPIRED_NO_BREAKOUT,,36.8728,139.2973,2.7777792844590055,60
ACPL,2285,2014-09-25,EXPIRED_NO_BREAKOUT,,36.8728,132.5932,2.595962335380009,60
ACPL,2293,2014-10-13,VALID,up,36.8728,136.4592,2.7008092686207723,53
ACPL,2308,2014-11-05,REJECTED_TOO_SHORT,,127.0064,45.5075,0.6416912848486375,0
ACPL,2319,2014-11-20,REJECTED_TOO_SHORT,,125.524,45.5075,0.63745976864982,0
ACPL,2338,2014-12-17,VALID,up,138.5524,45.5075,0.6715502582416473,76
ACPL,2352,2015-01-07,EXPIRED_NO_BREAKOUT,,36.8728,162.16965,3.3980834110780846,60
ACPL,2371,2015-02-03,VALID,up,156.0577,133.25985,0.14608603100007247,2239
ACPL,2390,2015-03-03,REJECTED_TOO_SHORT,,138.5524,45.5075,0.6715502582416473,0
ACPL,2399,2015-03-16,EXPIRED_NO_BREAKOUT,,36.8728,146.1132,2.962628278839687,60
ACPL,2418,2015-04-13,EXPIRED_NO_BREAKOUT,,36.8728,161.4955,3.3798002863899677,60
ACPL,2429,2015-04-28,REJECTED_TOO_SHORT,,148.6086,45.5075,0.6937761340864527,0
ACPL,2447,2015-05-27,REJECTED_TOO_SHORT,,36.8728,145.2566,2.93939706233321,12
ACPL,2465,2015-06-22,REJECTED_TOO_SHORT,,36.8728,145.2566,2.93939706233321,11
ACPL,2479,2015-07-10,REJECTED_TOO_SHORT,,153.1153,45.5075,0.7027893358795627,0
ACPL,2494,2015-08-05,EXPIRED_NO_BREAKOUT,,36.8728,151.77075000000002,3.1160625176281713,60
ACPL,2506,2015-08-24,REJECTED_TOO_SHORT,,138.92485,45.5075,0.6724308142135839,0
ACPL,2519,2015-09-10,EXPIRED_NO_BREAKOUT,,36.8728,150.0016,3.0680827059512703,60
ACPL,2539,2015-10-12,EXPIRED_NO_BREAKOUT,,36.8728,136.38845,2.6988905100778897,60
ACPL,2547,2015-10-22,EXPIRED_NO_BREAKOUT,,36.8728,136.6902,2.7070740491636114,60
ACPL,2558,2015-11-09,EXPIRED_NO_BREAKOUT,,36.8728,133.1891,2.612123299559567,60
ACPL,2581,2015-12-10,EXPIRED_NO_BREAKOUT,,36.8728,134.7981,2.65575980126272,60
ACPL,2598,2016-01-06,VALID,up,36.8728,131.1034,2.55555856891801,27
ACPL,2610,2016-01-22,REJECTED_TOO_SHORT,,122.9094,45.5075,0.6297476027057329,0
ACPL,2646,2016-03-15,REJECTED_TOO_SHORT,,36.8728,149.7335,3.0608117636848844,17
ACPL,2662,2016-04-07,VALID,up,36.8728,170.5834,3.626266516239613,27
ACPL,2675,2016-04-26,REJECTED_TOO_SHORT,,160.1547,45.5075,0.7158528597662136,0
ACPL,2691,2016-05-18,VALID,up,169.168,133.25985,0.21226325309751257,1729
ACPL,2700,2016-05-31,REJECTED_TOO_SHORT,,163.1343,45.5075,0.7210427236945266,0
ACPL,2718,2016-06-24,REJECTED_TOO_SHORT,,165.7489,45.5075,0.7254431251127459,0
ACPL,2734,2016-07-25,REJECTED_TOO_SHORT,,36.8728,200.3796,4.4343472695320125,8
ACPL,2750,2016-08-16,EXPIRED_NO_BREAKOUT,,36.8728,206.3388,4.595962335380009,60
ACPL,2758,2016-08-26,REJECTED_TOO_SHORT,,191.4407,45.5075,0.7622893146546164,0
ACPL,2769,2016-09-15,REJECTED_TOO_SHORT,,186.2264,45.5075,0.755633465502206,0
ACPL,2788,2016-10-17,REJECTED_TOO_SHORT,,178.7773,45.5075,0.7454514639162803,0
ACPL,2802,2016-11-04,REJECTED_TOO_SHORT,,183.2914,45.5075,0.7517204844308026,0
ACPL,2818,2016-11-28,REJECTED_INSUFFICIENT_TOUCHES,,97.1237,244.9994,1.5225501087788047,3517
ACPL,2827,2016-12-09,VALID,up,36.8728,250.2882,5.787881582087609,32
ACPL,2849,2017-01-12,EXPIRED_NO_BREAKOUT,,97.1237,263.6965,1.7150582195694772,60
ACPL,2864,2017-02-02,REJECTED_TOO_SHORT,,246.5637,45.5075,0.815433090921332,0
ACPL,2874,2017-02-16,EXPIRED_NO_BREAKOUT,,36.8728,270.4007,6.3333378533770155,60
ACPL,2883,2017-03-03,EXPIRED_NO_BREAKOUT,,36.8728,272.54229999999995,6.391418606669414,60
ACPL,2904,2017-04-07,REJECTED_TOO_SHORT,,36.8728,256.2475,5.949499359961815,13
ACPL,2917,2017-05-03,REJECTED_TOO_SHORT,,250.2882,45.5075,0.8181796025541755,0
ACPL,2932,2017-05-24,EXPIRED_NO_BREAKOUT,,36.8728,256.5455,5.957581198064699,60
ACPL,2950,2017-06-21,REJECTED_TOO_SHORT,,218.4361,45.5075,0.7916667620416222,0
ACPL,2964,2017-07-18,EXPIRED_NO_BREAKOUT,,36.8728,212.2981,4.757580113254215,60
ACPL,2975,2017-08-02,EXPIRED_NO_BREAKOUT,,36.8728,210.771,4.71616476101625,60
ACPL,2999,2017-09-08,REJECTED_TOO_SHORT,,146.8209,45.5075,0.690047534104477,0
ACPL,3012,2017-09-27,REJECTED_TOO_SHORT,,143.8561,45.5075,0.6836595736989951,0
ACPL,3020,2017-10-09,EXPIRED_NO_BREAKOUT,,36.8728,150.5826,3.0838395782256844,60
ACPL,3031,2017-10-24,REJECTED_TOO_SHORT,,130.433,45.5075,0.6511043984267786,0
ACPL,3038,2017-11-02,REJECTED_TOO_SHORT,,36.8728,133.25985,2.6140420581024495,11
ACPL,3050,2017-11-20,REJECTED_TOO_SHORT,,127.3863,45.5075,0.642759857221695,0
ACPL,3066,2017-12-14,REJECTED_TOO_SHORT,,110.246,45.5075,0.5872185838942001,0
ACPL,3084,2018-01-10,REJECTED_TOO_SHORT,,36.8728,141.4501,2.836163784686815,12
ACPL,3097,2018-01-29,REJECTED_TOO_SHORT,,138.55615,45.5075,0.6715591476812831,0
ACPL,3113,2018-02-21,EXPIRED_NO_BREAKOUT,,36.8728,143.7668,2.898993295871211,60
ACPL,3124,2018-03-08,REJECTED_TOO_SHORT,,138.5524,45.5075,0.6715502582416473,0
ACPL,3131,2018-03-19,REJECTED_TOO_SHORT,,36.8728,142.6494,2.868689115011608,14
ACPL,3141,2018-04-03,EXPIRED_NO_BREAKOUT,,36.8728,146.7464,2.9798008287952094,60
ACPL,3163,2018-05-04,EXPIRED_NO_BREAKOUT,,36.8728,133.25985,2.6140420581024495,60
ACPL,3176,2018-05-23,EXPIRED_NO_BREAKOUT,,36.8728,125.889,2.4141426742748044,60
ACPL,3196,2018-06-26,VALID,up,36.8728,109.0542,1.957578486038489,34
ACPL,3220,2018-07-31,REJECTED_TOO_SHORT,,36.8728,113.2256,2.070707947321603,6
ACPL,3240,2018-09-03,REJECTED_TOO_SHORT,,108.7562,45.5075,0.5815640855417898,0
ACPL,3250,2018-09-17,REJECTED_TOO_SHORT,,107.2664,45.5075,0.5757525189621354,0
ACPL,3268,2018-10-15,REJECTED_TOO_SHORT,,95.6459,45.5075,0.5242085651345222,0
ACPL,3284,2018-11-06,REJECTED_TOO_SHORT,,122.9094,133.25985,0.08421202934844686,10
ACPL,3300,2018-11-29,EXPIRED_NO_BREAKOUT,,36.8728,137.8075,2.7373755179970063,60
ACPL,3314,2018-12-19,REJECTED_TOO_SHORT,,115.4604,133.25985,0.1541606472868619,12
ACPL,3324,2019-01-03,VALID,down,105.5,133.25985,0.26312654028436017,54
ACPL,3347,2019-02-06,EXPIRED_NO_BREAKOUT,,36.8728,122.0,2.3086719750059665,60
ACPL,3378,2019-03-21,REJECTED_TOO_SHORT,,87.9494,133.25985,0.5151877102060959,18
ACPL,3397,2019-04-17,EXPIRED_NO_BREAKOUT,,36.8728,92.99,1.521913171768892,60
ACPL,3419,2019-05-20,VALID,down,72.8592,133.25985,0.8290051222083141,39
ACPL,3427,2019-05-30,EXPIRED_NO_BREAKOUT,,36.8728,90.01089999999999,1.4411191989759389,60
ACPL,3435,2019-06-18,REJECTED_TOO_SHORT,,80.0,133.25985,0.665748125,6
ACPL,3455,2019-07-16,EXPIRED_NO_BREAKOUT,,65.96635,133.25985,1.0201185907663526,60
ACPL,3467,2019-08-01,REJECTED_TOO_SHORT,,36.8728,72.8945,0.9769179449350198,20
ACPL,3501,2019-09-26,EXPIRED_NO_BREAKOUT,,70.01055,133.25985,0.9034252694772432,60
ACPL,3516,2019-10-17,REJECTED_TOO_SHORT,,36.8728,80.0,1.1696209672170272,14
ACPL,3539,2019-11-19,VALID,up,36.8728,103.9,1.8177952311731143,29
ACPL,3553,2019-12-09,EXPIRED_NO_BREAKOUT,,36.8728,106.94695,1.9004293137488883,60
ACPL,3564,2019-12-24,EXPIRED_NO_BREAKOUT,,95.3479,133.25985,0.3976170424309293,60
ACPL,3578,2020-01-14,REJECTED_TOO_SHORT,,36.8728,104.9572,1.8464667722548873,10
ACPL,3596,2020-02-10,REJECTED_TOO_SHORT,,97.0,133.25985,0.37381288659793815,17
ACPL,3616,2020-03-11,VALID,up,36.8728,126.6339,2.434344557505804,40
ACPL,3644,2020-04-21,EXPIRED_NO_BREAKOUT,,36.8728,135.5728,2.6767698683040075,60
ACPL,3657,2020-05-11,EXPIRED_NO_BREAKOUT,,123.0,133.25985,0.08341341463414634,60
ACPL,3671,2020-06-04,REJECTED_TOO_SHORT,,123.32715,133.25985,0.08053944326127699,18
ACPL,3683,2020-06-22,VALID,up,119.9649,133.25985,0.11082366592228227,21
ACPL,3708,2020-07-27,REJECTED_HEIGHT_FLOOR,,135.15,133.25985,0.013985571587125456,0
ACPL,3725,2020-08-21,REJECTED_HEIGHT_FLOOR,,141.5,133.25985,0.058234275618374555,0
ACPL,3740,2020-09-11,EXPIRED_NO_BREAKOUT,,36.8728,183.0,3.9630079625089505,60
ACPL,3757,2020-10-06,REJECTED_TOO_SHORT,,149.0,133.25985,0.10563859060402685,0
ACPL,3771,2020-10-26,EXPIRED_NO_BREAKOUT,,36.8728,161.99775,3.3934214380247774,60
ACPL,3785,2020-11-16,VALID,up,36.8728,153.4505,3.1616177778742056,57
ACPL,3800,2020-12-07,REJECTED_TOO_SHORT,,142.1,133.25985,0.06221076706544683,0
ACPL,3813,2020-12-24,VALID,up,36.8728,155.43295,3.2153823414549483,33
ACPL,3818,2021-01-01,REJECTED_TOO_SHORT,,36.8728,153.7,3.168384283265713,12
ACPL,3833,2021-01-22,REJECTED_TOO_SHORT,,151.05,133.25985,0.1177765640516386,0
ACPL,3845,2021-02-10,REJECTED_TOO_SHORT,,167.0,133.25985,0.20203682634730538,0
ACPL,3867,2021-03-12,REJECTED_TOO_SHORT,,151.8579,133.25985,0.12247008552074011,0
ACPL,3873,2021-03-22,REJECTED_TOO_SHORT,,158.07,133.25985,0.15695672803188457,0
ACPL,3882,2021-04-05,REJECTED_TOO_SHORT,,160.0,133.25985,0.1671259375,0
ACPL,3895,2021-04-22,VALID,up,36.8728,171.99,3.6644138768957073,39
ACPL,3906,2021-05-17,REJECTED_TOO_SHORT,,36.8728,164.06715,3.4495441083942637,9
ACPL,3922,2021-06-08,REJECTED_TOO_SHORT,,175.56,133.25985,0.24094412166780588,20
ACPL,3936,2021-06-28,REJECTED_TOO_SHORT,,176.0,133.25985,0.24284176136363636,0
ACPL,3948,2021-07-14,REJECTED_TOO_SHORT,,176.0,133.25985,0.24284176136363636,0
ACPL,3957,2021-07-30,EXPIRED_NO_BREAKOUT,,36.8728,181.325,3.9175815235078435,60
ACPL,3974,2021-08-26,REJECTED_TOO_SHORT,,157.01,133.25985,0.15126520603783195,0
ACPL,3987,2021-09-14,REJECTED_HEIGHT_FLOOR,,136.3177,133.25985,0.022431789855609372,0
ACPL,3999,2021-09-30,VALID,up,36.8728,145.0,2.932438003080862,32
ACPL,4013,2021-10-22,REJECTED_HEIGHT_FLOOR,,131.82515,133.25985,0.01088335571778217,0
ACPL,4039,2021-11-29,REJECTED_TOO_SHORT,,119.5946,133.25985,0.11426310218019878,16
ACPL,4057,2021-12-23,EXPIRED_NO_BREAKOUT,,36.8728,143.7668,2.898993295871211,60
ACPL,4070,2022-01-11,REJECTED_HEIGHT_FLOOR,,135.12675000000002,133.25985,0.013815917277667192,0
ACPL,4094,2022-02-15,VALID,down,123.0,133.1891,0.0828382113821138,22
ACPL,4104,2022-03-01,EXPIRED_NO_BREAKOUT,,36.8728,133.08955,2.6094234774684866,60
ACPL,4111,2022-03-10,EXPIRED_NO_BREAKOUT,,36.8728,127.6894,2.4629699941420236,60
ACPL,4120,2022-03-24,EXPIRED_NO_BREAKOUT,,36.8728,126.0,2.417153023366818,60
ACPL,4132,2022-04-11,EXPIRED_NO_BREAKOUT,,36.8728,125.51655,2.4040417326593047,60
ACPL,4149,2022-05-11,REJECTED_TOO_SHORT,,93.25,133.1891,0.4283013404825737,7
ACPL,4172,2022-06-13,REJECTED_TOO_SHORT,,75.12,133.1891,0.7730178381256655,11
ACPL,4203,2022-07-29,EXPIRED_NO_BREAKOUT,,62.9,133.1891,1.1174737678855324,60
ACPL,4218,2022-08-23,REJECTED_TOO_SHORT,,36.8728,85.99,1.332071337137402,9
ACPL,4229,2022-09-07,REJECTED_TOO_SHORT,,81.0085,133.1891,0.6441373436120901,15
ACPL,4252,2022-10-10,EXPIRED_NO_BREAKOUT,,36.8728,86.0,1.3323425397583044,60
ACPL,4262,2022-10-24,EXPIRED_NO_BREAKOUT,,36.8728,84.25,1.2848820811004318,60
ACPL,4273,2022-11-08,EXPIRED_NO_BREAKOUT,,36.8728,79.98,1.169078561975223,60
ACPL,4293,2022-12-07,EXPIRED_NO_BREAKOUT,,36.8728,68.83,0.8666876396693498,60
ACPL,4312,2023-01-03,REJECTED_INSUFFICIENT_TOUCHES,,97.1237,57.9,0.4038530245449875,1290
ACPL,4319,2023-01-12,VALID,up,36.8728,59.5,0.613655594367664,57
ACPL,4331,2023-01-30,VALID,down,54.02005,133.1891,1.4655493654670813,31
ACPL,4341,2023-02-13,VALID,up,36.8728,59.5,0.613655594367664,25
ACPL,4348,2023-02-22,REJECTED_TOO_SHORT,,36.8728,59.55,0.6150116074721746,16
ACPL,4370,2023-03-27,VALID,up,54.995000000000005,59.485,0.08164378579870887,30
ACPL,4383,2023-04-13,REJECTED_TOO_SHORT,,36.8728,59.47,0.6128419865049577,13
ACPL,4396,2023-05-09,REJECTED_TOO_SHORT,,71.76,59.485,0.17105629877369014,0
ACPL,4438,2023-07-11,EXPIRED_NO_BREAKOUT,,36.8728,99.8,1.7066021566032414,60
ACPL,4454,2023-08-03,EXPIRED_NO_BREAKOUT,,36.8728,97.0,1.6306654227506456,60
ACPL,4471,2023-08-29,VALID,up,36.8728,89.89,1.4378403592892324,38
ACPL,4480,2023-09-11,VALID,up,36.8728,85.745,1.3254268729253003,24
ACPL,4493,2023-09-28,REJECTED_TOO_SHORT,,36.8728,86.409,1.3434347269532017,7
ACPL,4507,2023-10-19,REJECTED_TOO_SHORT,,79.0,59.485,0.2470253164556962,0
ACPL,4525,2023-11-15,REJECTED_TOO_SHORT,,36.8728,96.95,1.6293094096461351,19
ACPL,4543,2023-12-11,REJECTED_TOO_SHORT,,100.71495,59.485,0.40937268995317977,0
ACPL,4558,2024-01-02,EXPIRED_NO_BREAKOUT,,36.8728,104.75,1.8408474539497952,60
ACPL,4575,2024-01-25,EXPIRED_NO_BREAKOUT,,36.8728,98.9,1.6821939207220502,60
ACPL,4590,2024-02-19,REJECTED_TOO_SHORT,,78.11,59.485,0.2384457815900653,0
ACPL,4606,2024-03-12,REJECTED_TOO_SHORT,,83.66,59.485,0.2889672483863256,0
ACPL,4627,2024-04-16,REJECTED_TOO_SHORT,,36.8728,98.9,1.6821939207220502,7
ACPL,4633,2024-04-24,EXPIRED_NO_BREAKOUT,,36.8728,105.25,1.8544075849949015,60
ACPL,4649,2024-05-17,EXPIRED_NO_BREAKOUT,,97.1237,106.79,0.09952565645666307,60
ACPL,4662,2024-06-06,REJECTED_TOO_SHORT,,97.2847,59.485,0.38854722273903297,0
ACPL,4671,2024-06-24,REJECTED_TOO_SHORT,,97.0,59.485,0.3867525773195876,0
ACPL,4683,2024-07-10,REJECTED_HEIGHT_FLOOR,,97.1237,101.89,0.04907453072730962,0
ACPL,4700,2024-08-06,REJECTED_TOO_SHORT,,90.75,59.485,0.34451790633608814,0
ACPL,4712,2024-08-23,REJECTED_HEIGHT_FLOOR,,97.1237,98.465,0.013810223457302429,0
ACPL,4719,2024-09-03,REJECTED_TOO_SHORT,,93.01,59.485,0.36044511342866364,0
ACPL,4734,2024-09-25,REJECTED_HEIGHT_FLOOR,,97.1237,99.45,0.02395192934371326,0
ACPL,4745,2024-10-10,REJECTED_TOO_SHORT,,87.5,59.485,0.32017142857142855,0
ACPL,4771,2024-11-15,VALID,up,97.1237,219.19,1.2568127037993817,25
ACPL,4787,2024-12-09,REJECTED_TOO_SHORT,,185.6132,59.485,0.6795217150504382,0
ACPL,4795,2024-12-19,EXPIRED_NO_BREAKOUT,,97.1237,285.2,1.936461440410528,60
ACPL,4810,2025-01-10,REJECTED_TOO_SHORT,,219.21805,59.485,0.7286491691719728,0
ACPL,4832,2025-02-12,VALID,up,97.1237,252.65,1.601321819494109,23
ACPL,4843,2025-02-27,VALID,up,97.1237,267.03999999999996,1.7494833907686793,47
ACPL,4860,2025-03-24,VALID,up,97.1237,268.0,1.7593676929523898,22
ACPL,4883,2025-04-30,REJECTED_TOO_SHORT,,242.0,59.485,0.754194214876033,0
ACPL,4895,2025-05-19,REJECTED_INSUFFICIENT_TOUCHES,,97.1237,333.0,2.4286173199744243,423
ACPL,4906,2025-06-04,VALID,up,289.05,59.485,0.7942051548175055,68
ACPL,4922,2025-06-30,EXPIRED_NO_BREAKOUT,,97.1237,295.48,2.04230584296109,60
ACPL,4935,2025-07-17,EXPIRED_NO_BREAKOUT,,97.1237,305.855,2.149128379581915,60
ACPL,4945,2025-07-31,REJECTED_TOO_SHORT,,272.0,59.485,0.7813051470588235,0
ACPL,4956,2025-08-18,EXPIRED_NO_BREAKOUT,,97.1237,307.5,2.1660655432196263,60
ACPL,4968,2025-09-03,REJECTED_TOO_SHORT,,287.525,59.485,0.7931136422919746,0
ACPL,4976,2025-09-15,EXPIRED_NO_BREAKOUT,,97.1237,290.73,1.9933991394479416,60
ACPL,4994,2025-10-09,EXPIRED_NO_BREAKOUT,,97.1237,313.95,2.2324756985164282,60
ACPL,5002,2025-10-21,EXPIRED_NO_BREAKOUT,,97.1237,309.495,2.186606358695149,60
ACPL,5017,2025-11-11,REJECTED_TOO_SHORT,,277.15,59.485,0.7853689337903662,0
ACPL,5028,2025-11-26,REJECTED_TOO_SHORT,,276.54,59.485,0.7848954943227019,0
ACPL,5035,2025-12-05,EXPIRED_NO_BREAKOUT,,97.1237,292.0,2.006475247545141,60
ACPL,5046,2025-12-22,REJECTED_TOO_SHORT,,278.3,59.485,0.7862558390226374,0
ACPL,5053,2026-01-01,VALID,up,97.1237,285.1,1.9354318255997254,28
ACPL,5074,2026-01-30,EXPIRED_NO_BREAKOUT,,97.1237,301.07,2.099861310884985,60
ACPL,5094,2026-03-02,REJECTED_TOO_SHORT,,255.62375,59.485,0.7672947055975824,0
ACPL,5107,2026-03-19,REJECTED_TOO_SHORT,,255.53,59.485,0.7672093296286151,0
ACPL,5121,2026-04-10,EXPIRED_NO_BREAKOUT,,97.1237,285.4031,1.9385525880912693,60
ACPL,5145,2026-05-18,REJECTED_TOO_SHORT,,215.0,59.485,0.7233255813953487,0
ACPL,5156,2026-06-08,REJECTED_TOO_SHORT,,97.1237,235.5,1.4247428794413723,7
ACPL,5170,2026-06-30,REJECTED_TOO_SHORT,,215.01,59.485,0.7233384493744476,0
ADAMS,5,2005-01-10,EXPIRED_NO_BREAKOUT,,17.0,36.5,1.1470588235294117,60
ADAMS,20,2005-10-12,EXPIRED_NO_BREAKOUT,,26.6,30.0,0.1278195488721804,60
ADAMS,39,2006-01-26,EXPIRED_NO_BREAKOUT,,27.6,30.0,0.08695652173913038,60
ADAMS,48,2006-02-22,VALID,down,26.6,28.25,0.062030075187969866,307
ADAMS,63,2006-06-09,VALID,up,29.7,23.0,0.22558922558922556,4484
ADAMS,73,2006-06-29,EXPIRED_NO_BREAKOUT,,25.9,30.0,0.15830115830115837,60
ADAMS,95,2006-08-09,EXPIRED_NO_BREAKOUT,,26.6,30.0,0.1278195488721804,60
ADAMS,107,2006-11-01,VALID,down,25.65,30.0,0.16959064327485388,58
ADAMS,125,2006-12-15,REJECTED_TOO_SHORT,,26.6,29.825,0.12124060150375932,11
ADAMS,142,2007-01-17,EXPIRED_NO_BREAKOUT,,17.0,23.05,0.35588235294117654,60
ADAMS,163,2007-04-23,EXPIRED_NO_BREAKOUT,,14.0,17.6,0.25714285714285723,60
ADAMS,176,2007-05-29,REJECTED_TOO_SHORT,,26.6,20.8,0.2180451127819549,2
ADAMS,185,2007-06-13,EXPIRED_NO_BREAKOUT,,17.0,21.6,0.27058823529411774,60
ADAMS,214,2007-07-31,VALID,down,14.0,30.0,1.1428571428571428,22
ADAMS,229,2007-09-19,EXPIRED_NO_BREAKOUT,,12.25,30.0,1.4489795918367347,60
ADAMS,257,2007-11-21,VALID,down,14.0,16.75,0.19642857142857142,61
ADAMS,267,2007-12-19,REJECTED_HEIGHT_FLOOR,,17.0,16.0,0.058823529411764705,1603
ADAMS,285,2008-04-15,REJECTED_TOO_SHORT,,10.4,30.0,1.8846153846153846,20
ADAMS,299,2008-05-27,REJECTED_INSUFFICIENT_TOUCHES,,9.0,18.5,1.0555555555555556,6624
ADAMS,318,2008-07-28,VALID,up,14.0,17.44,0.2457142857142858,165
ADAMS,327,2009-03-18,EXPIRED_NO_BREAKOUT,,11.0,18.5,0.6818181818181818,60
ADAMS,347,2009-05-29,REJECTED_HEIGHT_FLOOR,,14.0,13.9,0.0071428571428571175,17
ADAMS,352,2009-06-15,REJECTED_HEIGHT_FLOOR,,14.0,13.7,0.02142857142857148,0
ADAMS,373,2009-07-28,VALID,down,14.0,17.89,0.2778571428571429,42
ADAMS,390,2009-09-08,EXPIRED_NO_BREAKOUT,,13.5,17.44,0.291851851851852,60
ADAMS,396,2009-10-20,EXPIRED_NO_BREAKOUT,,13.5,17.42,0.2903703703703705,60
ADAMS,417,2009-12-08,VALID,up,15.5,17.42,0.1238709677419356,23
ADAMS,424,2009-12-17,REJECTED_TOO_SHORT,,15.81,17.42,0.10183428209993682,14
ADAMS,442,2010-01-21,REJECTED_TOO_SHORT,,15.7,17.42,0.10955414012738869,1
ADAMS,456,2010-02-11,REJECTED_HEIGHT_FLOOR,,17.0,17.42,0.024705882352941275,0
ADAMS,465,2010-03-09,VALID,down,16.0,18.5,0.15625,34
ADAMS,476,2010-03-29,VALID,down,15.5,18.5,0.1935483870967742,30
ADAMS,487,2010-04-29,VALID,down,14.5,18.5,0.27586206896551724,28
ADAMS,506,2010-05-31,EXPIRED_NO_BREAKOUT,,13.01,18.5,0.42198308993082245,60
ADAMS,525,2010-07-23,REJECTED_TOO_SHORT,,16.0,14.825,0.07343750000000004,0
ADAMS,545,2010-10-06,EXPIRED_NO_BREAKOUT,,11.125,18.5,0.6629213483146067,60
ADAMS,564,2010-11-16,REJECTED_HEIGHT_FLOOR,,16.0,16.9,0.05624999999999991,0
ADAMS,574,2010-12-14,REJECTED_HEIGHT_FLOOR,,16.0,16.825,0.051562499999999956,0
ADAMS,589,2011-01-12,REJECTED_TOO_SHORT,,16.0,20.5,0.28125,9
ADAMS,603,2011-02-02,EXPIRED_NO_BREAKOUT,,14.0,18.5,0.32142857142857145,60
ADAMS,629,2011-04-11,VALID,up,11.5,18.5,0.6086956521739131,51
ADAMS,662,2011-06-20,EXPIRED_NO_BREAKOUT,,17.155,18.5,0.07840279801807046,60
ADAMS,680,2011-08-15,EXPIRED_NO_BREAKOUT,,17.0,18.5,0.08823529411764706,60
ADAMS,689,2011-09-28,EXPIRED_NO_BREAKOUT,,17.0,18.5,0.08823529411764706,60
ADAMS,715,2011-12-28,VALID,down,17.0,19.5,0.14705882352941177,23
ADAMS,724,2012-01-10,REJECTED_HEIGHT_FLOOR,,17.75,18.5,0.04225352112676056,1163
ADAMS,764,2012-03-27,REJECTED_TOO_SHORT,,15.0,18.5,0.23333333333333334,8
ADAMS,791,2012-05-09,REJECTED_HEIGHT_FLOOR,,17.0,15.97,0.06058823529411761,0
ADAMS,807,2012-06-05,EXPIRED_NO_BREAKOUT,,17.0,21.91,0.2888235294117647,60
ADAMS,844,2012-09-24,VALID,up,17.0,23.0,0.35294117647058826,29
ADAMS,864,2012-11-13,VALID,up,23.1,18.5,0.1991341991341992,140
ADAMS,878,2012-12-12,EXPIRED_NO_BREAKOUT,,17.0,31.0,0.8235294117647058,60
ADAMS,890,2013-01-01,REJECTED_TOO_SHORT,,24.0,18.5,0.22916666666666666,0
ADAMS,899,2013-01-23,REJECTED_TOO_SHORT,,21.5,18.5,0.13953488372093023,0
ADAMS,914,2013-02-26,EXPIRED_NO_BREAKOUT,,17.0,26.99,0.5876470588235293,60
ADAMS,926,2013-04-02,REJECTED_TOO_SHORT,,23.0,18.5,0.1956521739130435,0
ADAMS,942,2013-05-13,REJECTED_TOO_SHORT,,17.0,27.8,0.6352941176470589,9
ADAMS,962,2013-06-11,VALID,up,38.01,23.0,0.3948960799789529,1492
ADAMS,973,2013-07-10,EXPIRED_NO_BREAKOUT,,17.0,37.99,1.2347058823529413,60
ADAMS,995,2013-10-14,VALID,up,37.05,23.0,0.37921727395411603,1367
ADAMS,1023,2014-01-13,VALID,up,62.31,18.5,0.703097416145081,4232
ADAMS,1032,2014-01-27,EXPIRED_NO_BREAKOUT,,17.0,51.5,2.0294117647058822,60
ADAMS,1048,2014-02-19,REJECTED_TOO_SHORT,,34.11,18.5,0.4576370565816476,0
ADAMS,1065,2014-03-24,REJECTED_TOO_SHORT,,28.26,18.5,0.3453644727530078,8
ADAMS,1081,2014-04-17,REJECTED_TOO_SHORT,,26.6,18.5,0.30451127819548873,0
ADAMS,1094,2014-05-12,REJECTED_TOO_SHORT,,24.0,18.5,0.22916666666666666,0
ADAMS,1122,2014-06-20,REJECTED_TOO_SHORT,,20.4,18.5,0.09313725490196072,0
ADAMS,1136,2014-07-11,REJECTED_TOO_SHORT,,21.4,18.5,0.13551401869158872,0
ADAMS,1156,2014-08-19,REJECTED_TOO_SHORT,,17.0,20.0,0.17647058823529413,16
ADAMS,1163,2014-08-28,REJECTED_HEIGHT_FLOOR,,18.5,18.5,0.0,0
ADAMS,1185,2014-09-30,REJECTED_TOO_SHORT,,21.5,18.5,0.13953488372093023,0
ADAMS,1208,2014-11-13,REJECTED_TOO_SHORT,,17.0,23.89,0.40529411764705886,20
ADAMS,1220,2014-12-01,REJECTED_TOO_SHORT,,22.65,18.5,0.18322295805739508,0
ADAMS,1234,2014-12-19,EXPIRED_NO_BREAKOUT,,17.0,24.744999999999997,0.4555882352941175,60
ADAMS,1244,2015-01-05,EXPIRED_NO_BREAKOUT,,17.0,24.5,0.4411764705882353,60
ADAMS,1254,2015-01-19,REJECTED_TOO_SHORT,,22.01,18.5,0.15947296683325768,0
ADAMS,1266,2015-02-04,VALID,down,17.0,22.15,0.30294117647058816,54
ADAMS,1276,2015-02-20,REJECTED_TOO_SHORT,,20.11,18.5,0.08005967180507208,0
ADAMS,1285,2015-03-06,VALID,down,17.0,20.29,0.19352941176470584,24
ADAMS,1297,2015-03-30,REJECTED_TOO_SHORT,,16.18,18.5,0.14338689740420274,18
ADAMS,1312,2015-04-27,EXPIRED_NO_BREAKOUT,,17.0,20.3,0.19411764705882356,60
ADAMS,1321,2015-05-11,REJECTED_TOO_SHORT,,17.0,18.5,0.08823529411764706,14
ADAMS,1329,2015-05-27,VALID,up,17.0,18.5,0.08823529411764706,23
ADAMS,1339,2015-06-10,REJECTED_TOO_SHORT,,17.0,18.5,0.08823529411764706,9
ADAMS,1359,2015-07-09,VALID,up,17.0,23.025,0.35441176470588226,33
ADAMS,1372,2015-07-31,REJECTED_TOO_SHORT,,20.43,23.0,0.12579539892315225,11
ADAMS,1395,2015-09-03,EXPIRED_NO_BREAKOUT,,17.0,25.6,0.5058823529411766,60
ADAMS,1406,2015-09-28,REJECTED_HEIGHT_FLOOR,,22.01,23.0,0.044979554747841814,0
ADAMS,1417,2015-10-13,REJECTED_TOO_SHORT,,20.46,23.0,0.12414467253176927,14
ADAMS,1434,2015-11-06,VALID,up,19.11,21.0,0.09890109890109894,54
ADAMS,1449,2015-12-01,VALID,up,17.0,20.525,0.20735294117647052,28
ADAMS,1461,2015-12-23,REJECTED_TOO_SHORT,,19.6,21.0,0.07142857142857136,7
ADAMS,1473,2016-01-12,EXPIRED_NO_BREAKOUT,,17.0,23.39,0.3758823529411765,60
ADAMS,1487,2016-02-01,REJECTED_HEIGHT_FLOOR,,21.4,21.0,0.018691588785046665,0
ADAMS,1513,2016-03-21,EXPIRED_NO_BREAKOUT,,17.0,25.455,0.4973529411764705,60
ADAMS,1538,2016-04-27,REJECTED_HEIGHT_FLOOR,,22.0,23.0,0.045454545454545456,0
ADAMS,1545,2016-05-10,REJECTED_TOO_SHORT,,17.0,22.65,0.3323529411764705,15
ADAMS,1564,2016-06-08,REJECTED_TOO_SHORT,,25.02,23.0,0.08073541167066345,0
ADAMS,1584,2016-07-13,VALID,up,17.0,36.0,1.1176470588235294,21
ADAMS,1596,2016-07-29,REJECTED_TOO_SHORT,,32.1,23.0,0.28348909657320875,0
ADAMS,1610,2016-08-18,REJECTED_TOO_SHORT,,17.0,38.195,1.246764705882353,19
ADAMS,1624,2016-09-07,VALID,up,17.0,39.9,1.3470588235294116,37
ADAMS,1632,2016-09-22,REJECTED_TOO_SHORT,,36.0,23.0,0.3611111111111111,0
ADAMS,1655,2016-10-28,VALID,up,42.0,18.5,0.5595238095238095,2806
ADAMS,1674,2016-11-24,EXPIRED_NO_BREAKOUT,,17.0,58.63,2.448823529411765,60
ADAMS,1692,2016-12-22,VALID,up,47.0,23.0,0.5106382978723404,54
ADAMS,1703,2017-01-06,VALID,up,47.8,23.0,0.5188284518828452,46
ADAMS,1718,2017-01-27,REJECTED_TOO_SHORT,,17.0,51.5,2.0294117647058822,20
ADAMS,1732,2017-02-16,REJECTED_TOO_SHORT,,17.0,54.4,2.1999999999999997,13
ADAMS,1742,2017-03-02,EXPIRED_NO_BREAKOUT,,17.0,58.9,2.4647058823529413,60
ADAMS,1758,2017-03-28,REJECTED_TOO_SHORT,,50.25,23.0,0.5422885572139303,0
ADAMS,1769,2017-04-17,REJECTED_TOO_SHORT,,49.0,23.0,0.5306122448979592,0
ADAMS,1793,2017-05-23,EXPIRED_NO_BREAKOUT,,17.0,82.09,3.828823529411765,60
ADAMS,1815,2017-06-22,EXPIRED_NO_BREAKOUT,,17.0,49.29,1.8994117647058824,60
ADAMS,1836,2017-07-28,REJECTED_TOO_SHORT,,38.06,23.0,0.395691014188124,0
ADAMS,1851,2017-08-24,EXPIRED_NO_BREAKOUT,,17.0,43.8,1.5764705882352938,60
ADAMS,1864,2017-09-19,REJECTED_TOO_SHORT,,37.5,23.0,0.38666666666666666,0
ADAMS,1873,2017-10-02,REJECTED_TOO_SHORT,,17.0,39.25,1.3088235294117647,7
ADAMS,1892,2017-10-31,VALID,up,30.5,23.0,0.2459016393442623,51
ADAMS,1918,2017-12-15,VALID,up,17.0,39.29,1.3111764705882352,31
ADAMS,1931,2018-01-04,REJECTED_TOO_SHORT,,30.88,23.0,0.25518134715025903,0
ADAMS,1939,2018-01-16,EXPIRED_NO_BREAKOUT,,17.0,42.32,1.4894117647058824,60
ADAMS,1959,2018-02-14,VALID,up,17.0,35.9,1.1117647058823528,34
ADAMS,1968,2018-02-27,REJECTED_TOO_SHORT,,33.05,23.0,0.30408472012102866,0
ADAMS,1979,2018-03-16,REJECTED_TOO_SHORT,,33.4,23.0,0.311377245508982,0
ADAMS,1992,2018-04-05,REJECTED_TOO_SHORT,,35.29,23.0,0.3482572966846132,0
ADAMS,2006,2018-04-25,REJECTED_TOO_SHORT,,36.35,23.0,0.3672627235213205,0
ADAMS,2018,2018-05-15,REJECTED_TOO_SHORT,,32.6,23.0,0.294478527607362,0
ADAMS,2025,2018-05-28,REJECTED_TOO_SHORT,,17.0,36.9,1.1705882352941175,7
ADAMS,2047,2018-07-06,REJECTED_TOO_SHORT,,33.82,23.0,0.3199290360733294,0
ADAMS,2060,2018-08-01,EXPIRED_NO_BREAKOUT,,17.0,39.95,1.35,60
ADAMS,2074,2018-08-29,REJECTED_TOO_SHORT,,32.0,23.0,0.28125,0
ADAMS,2086,2018-09-25,EXPIRED_NO_BREAKOUT,,17.0,32.35,0.9029411764705884,60
ADAMS,2095,2018-10-19,REJECTED_TOO_SHORT,,29.34,23.0,0.21608725289706884,0
ADAMS,2104,2018-11-07,REJECTED_TOO_SHORT,,17.0,31.48,0.851764705882353,13
ADAMS,2118,2018-11-30,REJECTED_TOO_SHORT,,29.51,23.0,0.22060318536089465,0
ADAMS,2139,2019-01-07,REJECTED_TOO_SHORT,,24.5,23.0,0.061224489795918366,0
ADAMS,2153,2019-01-31,REJECTED_TOO_SHORT,,25.9,23.0,0.11196911196911193,0
ADAMS,2164,2019-02-28,EXPIRED_NO_BREAKOUT,,17.0,28.19,0.6582352941176471,60
ADAMS,2179,2019-03-29,EXPIRED_NO_BREAKOUT,,17.0,25.84,0.52,60
ADAMS,2191,2019-04-23,EXPIRED_NO_BREAKOUT,,17.0,24.935,0.46676470588235286,60
ADAMS,2207,2019-06-03,VALID,down,18.81,23.0,0.2227538543328018,28
ADAMS,2217,2019-06-21,VALID,down,17.0,21.38,0.25764705882352934,24
ADAMS,2229,2019-07-11,REJECTED_TOO_SHORT,,17.0,18.5,0.08823529411764706,4
ADAMS,2249,2019-08-27,VALID,up,15.7,18.5,0.17834394904458603,51
ADAMS,2262,2019-09-30,REJECTED_HEIGHT_FLOOR,,17.0,17.96,0.05647058823529417,0
ADAMS,2270,2019-10-10,REJECTED_TOO_SHORT,,16.35,18.5,0.13149847094801215,7
ADAMS,2293,2019-11-14,REJECTED_TOO_SHORT,,17.0,20.295,0.1938235294117648,8
ADAMS,2312,2019-12-16,VALID,up,17.0,23.79,0.3994117647058823,1477
ADAMS,2321,2024-01-02,EXPIRED_NO_BREAKOUT,,17.0,42.99,1.528823529411765,60
ADAMS,2331,2024-01-16,REJECTED_TOO_SHORT,,33.2,18.5,0.44277108433734946,0
ADAMS,2348,2024-02-14,EXPIRED_NO_BREAKOUT,,17.0,39.48,1.3223529411764705,60
ADAMS,2361,2024-03-11,REJECTED_TOO_SHORT,,37.135,18.5,0.5018176922041201,0
ADAMS,2387,2024-04-29,VALID,up,17.0,42.14,1.4788235294117646,28
ADAMS,2394,2024-05-10,REJECTED_TOO_SHORT,,39.25,18.5,0.5286624203821656,0
ADAMS,2405,2024-05-27,VALID,up,17.0,45.86,1.6976470588235293,36
ADAMS,2424,2024-06-27,VALID,up,40.77,18.5,0.5462349766985529,103
ADAMS,2435,2024-07-12,REJECTED_TOO_SHORT,,43.45,18.5,0.5742232451093211,0
ADAMS,2451,2024-08-07,EXPIRED_NO_BREAKOUT,,17.0,51.66,2.0388235294117645,60
ADAMS,2471,2024-09-05,EXPIRED_NO_BREAKOUT,,17.0,51.785,2.046176470588235,60
ADAMS,2499,2024-10-22,REJECTED_TOO_SHORT,,44.01,18.5,0.5796409906839355,0
ADAMS,2511,2024-11-08,REJECTED_TOO_SHORT,,17.0,49.875,1.9338235294117647,11
ADAMS,2517,2024-11-18,REJECTED_TOO_SHORT,,48.95,18.5,0.6220633299284984,0
ADAMS,2541,2024-12-20,VALID,up,54.01,18.5,0.6574708387335678,174
ADAMS,2552,2025-01-07,REJECTED_TOO_SHORT,,48.3,18.5,0.6169772256728778,0
ADAMS,2570,2025-01-31,REJECTED_TOO_SHORT,,46.01,18.5,0.5979134970658553,0
ADAMS,2579,2025-02-14,EXPIRED_NO_BREAKOUT,,17.0,54.0,2.176470588235294,60
ADAMS,2602,2025-03-19,VALID,up,17.0,52.834999999999994,2.1079411764705878,58
ADAMS,2615,2025-04-11,VALID,up,17.0,54.0,2.176470588235294,35
ADAMS,2629,2025-05-02,REJECTED_TOO_SHORT,,17.0,52.87,2.11,14
ADAMS,2644,2025-05-23,REJECTED_TOO_SHORT,,50.05,18.5,0.6303696303696303,0
ADAMS,2658,2025-06-17,VALID,up,17.0,68.0,3.0,37
ADAMS,2686,2025-07-28,EXPIRED_NO_BREAKOUT,,17.0,83.0,3.8823529411764706,60
ADAMS,2699,2025-08-15,REJECTED_TOO_SHORT,,63.0,18.5,0.7063492063492064,0
ADAMS,2710,2025-09-01,REJECTED_TOO_SHORT,,64.1,18.5,0.7113884555382215,0
ADAMS,2725,2025-09-22,EXPIRED_NO_BREAKOUT,,17.0,79.44,3.672941176470588,60
ADAMS,2746,2025-10-21,EXPIRED_NO_BREAKOUT,,17.0,78.49,3.6170588235294114,60
ADAMS,2768,2025-11-20,VALID,up,17.0,77.0,3.5294117647058822,40
ADAMS,2779,2025-12-08,VALID,up,17.0,76.4,3.494117647058824,22
ADAMS,2798,2026-01-05,EXPIRED_NO_BREAKOUT,,17.0,90.0,4.294117647058823,60
ADAMS,2816,2026-01-29,EXPIRED_NO_BREAKOUT,,17.0,85.0,4.0,60
ADAMS,2838,2026-03-03,REJECTED_TOO_SHORT,,64.2,18.5,0.7118380062305296,0
ADAMS,2862,2026-04-08,EXPIRED_NO_BREAKOUT,,17.0,86.9,4.111764705882353,60
ADAMS,2876,2026-04-28,EXPIRED_NO_BREAKOUT,,17.0,85.5,4.029411764705882,60
ADAMS,2897,2026-06-04,REJECTED_TOO_SHORT,,60.5,18.5,0.6942148760330579,0
ADAMS,2912,2026-06-29,REJECTED_TOO_SHORT,,60.12,18.5,0.6922821024617432,0
ADMM,5,2005-01-10,EXPIRED_NO_BREAKOUT,,235.0,300.0,0.2765957446808511,60
ADMM,23,2005-02-07,REJECTED_INSUFFICIENT_TOUCHES,,291.0,59.519999999999996,0.7954639175257733,7829
ADMM,37,2005-02-25,REJECTED_INSUFFICIENT_TOUCHES,,53.0,349.9,5.60188679245283,7811
ADMM,56,2005-03-28,REJECTED_HEIGHT_FLOOR,,285.0,300.0,0.05263157894736842,16
ADMM,67,2005-04-13,EXPIRED_NO_BREAKOUT,,235.0,300.0,0.2765957446808511,60
ADMM,80,2005-05-03,VALID,up,237.5,180.0,0.24210526315789474,164
ADMM,97,2005-05-26,REJECTED_HEIGHT_FLOOR,,190.0,180.0,0.05263157894736842,123
ADMM,119,2005-06-29,REJECTED_INSUFFICIENT_TOUCHES,,53.0,213.75,3.0330188679245285,7687
ADMM,133,2005-07-20,VALID,up,235.0,179.975,0.2341489361702128,142
ADMM,141,2005-08-11,VALID,up,162.0,180.0,0.1111111111111111,33
ADMM,158,2005-09-15,REJECTED_INSUFFICIENT_TOUCHES,,53.0,202.5,2.8207547169811322,7609
ADMM,176,2005-10-11,EXPIRED_NO_BREAKOUT,,235.0,278.3,0.18425531914893623,60
ADMM,191,2005-11-08,EXPIRED_NO_BREAKOUT,,235.525,262.5,0.11453136609701728,60
ADMM,208,2005-12-09,REJECTED_HEIGHT_FLOOR,,235.525,248.0,0.052966776350705846,52
ADMM,220,2006-01-05,REJECTED_TOO_SHORT,,236.05,180.0,0.23744969286168188,0
ADMM,230,2006-01-30,REJECTED_HEIGHT_FLOOR,,235.0,249.0,0.059574468085106386,0
ADMM,243,2006-03-06,REJECTED_INSUFFICIENT_TOUCHES,,200.0,59.519999999999996,0.7024000000000001,7437
ADMM,261,2006-06-14,REJECTED_HEIGHT_FLOOR,,185.125,180.0,0.027683997299122215,0
ADMM,268,2006-07-10,REJECTED_INSUFFICIENT_TOUCHES,,204.25,59.519999999999996,0.70859241126071,7311
ADMM,279,2006-08-16,REJECTED_HEIGHT_FLOOR,,235.0,230.0,0.02127659574468085,0
ADMM,293,2006-09-27,REJECTED_TOO_SHORT,,235.0,275.0,0.1702127659574468,15
ADMM,304,2006-10-12,EXPIRED_NO_BREAKOUT,,56.7,180.0,2.1746031746031744,60
ADMM,333,2006-12-01,EXPIRED_NO_BREAKOUT,,61.0,180.0,1.9508196721311475,60
ADMM,361,2007-01-15,VALID,down,235.0,61.25,0.7393617021276596,423
ADMM,383,2007-02-19,EXPIRED_NO_BREAKOUT,,22.61,55.55,1.4568774878372401,60
ADMM,407,2007-03-26,EXPIRED_NO_BREAKOUT,,44.0,180.0,3.090909090909091,60
ADMM,421,2007-04-13,EXPIRED_NO_BREAKOUT,,22.61,53.95,1.3861123396727113,60
ADMM,437,2007-05-08,EXPIRED_NO_BREAKOUT,,51.8,180.0,2.4749034749034746,60
ADMM,449,2007-05-24,REJECTED_TOO_SHORT,,235.0,65.1,0.7229787234042554,0
ADMM,465,2007-06-15,EXPIRED_NO_BREAKOUT,,66.4,180.0,1.7108433734939756,60
ADMM,474,2007-06-28,REJECTED_TOO_SHORT,,235.0,73.0,0.6893617021276596,0
ADMM,490,2007-07-20,VALID,up,81.2,23.0,0.7167487684729064,2510
ADMM,507,2007-08-15,VALID,up,75.65,23.0,0.6959682749504297,2329
ADMM,520,2007-09-03,VALID,down,63.275,180.0,1.8447254049782693,45
ADMM,532,2007-09-19,VALID,down,82.18,74.5,0.09345339498661483,2988
ADMM,550,2007-10-19,REJECTED_TOO_SHORT,,59.75,180.0,2.01255230125523,17
ADMM,556,2007-10-29,VALID,down,235.0,62.5,0.7340425531914894,136
ADMM,570,2007-11-19,EXPIRED_NO_BREAKOUT,,55.775,180.0,2.227252353204841,60
ADMM,582,2007-12-05,VALID,down,66.2,180.0,1.7190332326283986,27
ADMM,591,2007-12-18,REJECTED_TOO_SHORT,,66.6,180.0,1.7027027027027029,13
ADMM,609,2008-01-17,VALID,up,56.05,59.625,0.06378233719892958,56
ADMM,625,2008-02-11,REJECTED_TOO_SHORT,,59.75,65.0,0.08786610878661087,14
ADMM,638,2008-02-29,REJECTED_TOO_SHORT,,235.0,59.75,0.7457446808510638,0
ADMM,650,2008-03-18,VALID,down,55.575,59.625,0.07287449392712544,37
ADMM,663,2008-04-07,REJECTED_TOO_SHORT,,235.0,59.875,0.7452127659574468,0
ADMM,683,2008-05-06,EXPIRED_NO_BREAKOUT,,45.01,80.00999999999999,0.7776049766718506,60
ADMM,706,2008-06-06,REJECTED_TOO_SHORT,,55.5,45.7,0.17657657657657652,0
ADMM,715,2008-06-19,VALID,down,38.1,59.625,0.5649606299212598,27
ADMM,731,2008-07-24,EXPIRED_NO_BREAKOUT,,22.61,39.9,0.7647058823529411,60
ADMM,745,2008-08-13,REJECTED_INSUFFICIENT_TOUCHES,,34.1,59.519999999999996,0.7454545454545453,6546
ADMM,776,2009-01-30,REJECTED_INSUFFICIENT_TOUCHES,,16.19,59.519999999999996,2.6763434218653486,6376
ADMM,793,2009-02-25,REJECTED_INSUFFICIENT_TOUCHES,,14.2,59.519999999999996,3.1915492957746476,6350
ADMM,817,2009-04-02,EXPIRED_NO_BREAKOUT,,21.85,59.625,1.72883295194508,60
ADMM,828,2009-04-17,EXPIRED_NO_BREAKOUT,,22.5,59.625,1.65,60
ADMM,837,2009-04-30,EXPIRED_NO_BREAKOUT,,21.91,59.625,1.7213601095390234,60
ADMM,850,2009-05-20,REJECTED_TOO_SHORT,,55.5,24.69,0.5551351351351351,0
ADMM,861,2009-06-04,EXPIRED_NO_BREAKOUT,,22.3,59.625,1.6737668161434978,60
ADMM,867,2009-06-12,EXPIRED_NO_BREAKOUT,,22.5,59.625,1.65,60
ADMM,878,2009-06-29,REJECTED_HEIGHT_FLOOR,,22.63,23.0,0.016349977905435308,0
ADMM,896,2009-07-23,VALID,up,22.63,26.25,0.15996464869642074,26
ADMM,916,2009-08-21,VALID,up,22.63,31.0,0.36986301369863017,34
ADMM,940,2009-09-29,EXPIRED_NO_BREAKOUT,,22.63,36.6,0.6173221387538667,60
ADMM,952,2009-10-15,EXPIRED_NO_BREAKOUT,,22.63,36.370000000000005,0.6071586389748125,60
ADMM,967,2009-11-05,VALID,up,22.63,26.7,0.17984975695978792,33
ADMM,984,2009-12-03,EXPIRED_NO_BREAKOUT,,23.7,59.625,1.5158227848101264,60
ADMM,998,2009-12-23,REJECTED_INSUFFICIENT_TOUCHES,,53.0,32.2,0.3924528301886792,6049
ADMM,1018,2010-01-25,REJECTED_TOO_SHORT,,28.0,59.625,1.1294642857142858,4
ADMM,1029,2010-02-10,REJECTED_INSUFFICIENT_TOUCHES,,27.55,59.519999999999996,1.16043557168784,6000
ADMM,1050,2010-03-11,EXPIRED_NO_BREAKOUT,,22.564999999999998,28.3,0.25415466430312444,60
ADMM,1063,2010-03-31,REJECTED_TOO_SHORT,,25.16,59.625,1.3698330683624802,12
ADMM,1073,2010-04-14,REJECTED_TOO_SHORT,,24.6,59.625,1.4237804878048779,14
ADMM,1091,2010-05-10,REJECTED_TOO_SHORT,,22.5,59.625,1.65,11
ADMM,1103,2010-05-26,EXPIRED_NO_BREAKOUT,,20.85,23.0,0.10311750599520376,60
ADMM,1111,2010-06-07,REJECTED_HEIGHT_FLOOR,,22.63,23.0,0.016349977905435308,0
ADMM,1131,2010-07-05,REJECTED_HEIGHT_FLOOR,,22.63,21.59,0.0459566946531153,8
ADMM,1148,2010-08-03,REJECTED_TOO_SHORT,,22.63,21.0,0.07202828104286342,0
ADMM,1153,2010-08-10,REJECTED_TOO_SHORT,,19.1,59.625,2.1217277486910993,20
ADMM,1165,2010-09-01,REJECTED_TOO_SHORT,,22.63,19.5,0.13831197525408745,2
ADMM,1174,2010-09-16,REJECTED_TOO_SHORT,,22.63,20.63,0.08837825894829872,0
ADMM,1188,2010-10-06,EXPIRED_NO_BREAKOUT,,19.455,59.625,2.0647648419429454,60
ADMM,1206,2010-11-01,EXPIRED_NO_BREAKOUT,,19.1,24.545,0.2850785340314136,60
ADMM,1220,2010-11-26,EXPIRED_NO_BREAKOUT,,19.9,24.5,0.23115577889447245,60
ADMM,1238,2010-12-24,VALID,down,22.3,24.5,0.09865470852017934,52
ADMM,1253,2011-01-14,REJECTED_TOO_SHORT,,22.63,24.5,0.08263367211665935,17
ADMM,1271,2011-02-09,REJECTED_HEIGHT_FLOOR,,22.63,23.0,0.016349977905435308,0
ADMM,1300,2011-03-25,REJECTED_TOO_SHORT,,22.63,20.85,0.07865665046398576,0
ADMM,1321,2011-04-25,REJECTED_HEIGHT_FLOOR,,22.63,23.0,0.016349977905435308,0
ADMM,1359,2011-06-29,REJECTED_TOO_SHORT,,21.665,23.0,0.06162012462497119,0
ADMM,1369,2011-07-13,VALID,down,22.63,26.9,0.18868758285461776,58
ADMM,1398,2011-09-14,REJECTED_HEIGHT_FLOOR,,21.76,23.0,0.05698529411764698,0
ADMM,1414,2011-10-07,EXPIRED_NO_BREAKOUT,,18.5,23.0,0.24324324324324326,60
ADMM,1444,2011-12-02,REJECTED_HEIGHT_FLOOR,,22.63,22.0,0.027839151568714054,0
ADMM,1476,2012-01-24,VALID,up,22.564999999999998,24.985,0.10724573454464888,49
ADMM,1495,2012-02-24,REJECTED_TOO_SHORT,,22.564999999999998,25.3,0.1212054066031466,18
ADMM,1516,2012-03-29,REJECTED_TOO_SHORT,,24.65,23.0,0.06693711967545633,0
ADMM,1527,2012-04-13,REJECTED_TOO_SHORT,,26.95,23.0,0.1465677179962894,0
ADMM,1542,2012-05-08,EXPIRED_NO_BREAKOUT,,22.61,28.85,0.27598407784166307,60
ADMM,1561,2012-06-21,REJECTED_HEIGHT_FLOOR,,23.555,23.0,0.023561876459350446,0
ADMM,1570,2012-07-05,REJECTED_TOO_SHORT,,22.61,26.77,0.18398938522777533,14
ADMM,1584,2012-08-08,EXPIRED_NO_BREAKOUT,,22.61,27.85,0.23175586023883246,60
ADMM,1596,2012-09-20,VALID,up,22.61,28.0,0.238390092879257,57
ADMM,1608,2012-10-11,VALID,up,22.61,28.42,0.2569659442724459,39
ADMM,1630,2012-11-28,REJECTED_TOO_SHORT,,29.5,23.0,0.22033898305084745,5
ADMM,1642,2012-12-20,REJECTED_TOO_SHORT,,28.0,23.0,0.17857142857142858,0
ADMM,1659,2013-01-29,EXPIRED_NO_BREAKOUT,,22.61,29.94,0.3241928350287484,60
ADMM,1675,2013-04-01,REJECTED_TOO_SHORT,,25.0,23.0,0.08,0
ADMM,1696,2013-05-08,VALID,down,53.0,42.0,0.20754716981132076,4167
ADMM,1718,2013-06-18,REJECTED_TOO_SHORT,,36.7,23.0,0.3732970027247957,0
ADMM,1727,2013-07-04,REJECTED_TOO_SHORT,,38.0,23.0,0.39473684210526316,0
ADMM,1747,2013-08-13,REJECTED_TOO_SHORT,,44.004999999999995,23.0,0.47733212134984654,0
ADMM,1763,2013-09-06,VALID,down,53.0,47.24,0.10867924528301882,4105
ADMM,1780,2013-10-01,REJECTED_TOO_SHORT,,37.91,23.0,0.39329992086520704,0
ADMM,1794,2013-10-30,REJECTED_TOO_SHORT,,39.85,23.0,0.4228356336260979,0
ADMM,1807,2013-11-20,VALID,up,22.61,57.0,1.5210084033613447,22
ADMM,1817,2013-12-04,REJECTED_TOO_SHORT,,52.7,23.0,0.5635673624288425,0
ADMM,1853,2014-01-28,EXPIRED_NO_BREAKOUT,,22.61,128.99,4.704997788589121,60
ADMM,1862,2014-02-11,VALID,up,93.19,80.0,0.14153879171584932,2620
ADMM,1869,2014-02-20,EXPIRED_NO_BREAKOUT,,22.61,95.0,3.2016806722689077,60
ADMM,1884,2014-03-13,REJECTED_TOO_SHORT,,74.0,23.0,0.6891891891891891,0
ADMM,1891,2014-03-24,REJECTED_TOO_SHORT,,76.0,23.0,0.6973684210526315,0
ADMM,1903,2014-04-10,VALID,up,22.61,85.71,2.7908005307386112,49
ADMM,1923,2014-05-09,REJECTED_TOO_SHORT,,22.61,76.0,2.361344537815126,7
ADMM,1937,2014-05-29,EXPIRED_NO_BREAKOUT,,22.61,87.6,2.8743918620079607,60
ADMM,1944,2014-06-09,REJECTED_TOO_SHORT,,84.44999999999999,23.0,0.7276494967436352,0
ADMM,1959,2014-06-30,REJECTED_TOO_SHORT,,82.65,23.0,0.721718088324259,0
ADMM,1981,2014-08-06,REJECTED_TOO_SHORT,,84.05,23.0,0.7263533610945866,0
ADMM,1995,2014-08-28,REJECTED_TOO_SHORT,,81.99,23.0,0.7194779851201366,0
ADMM,2011,2014-09-19,VALID,up,22.61,99.5,3.400707651481645,54
ADMM,2021,2014-10-03,VALID,up,22.61,88.0,2.8920831490490935,38
ADMM,2031,2014-10-22,REJECTED_TOO_SHORT,,22.61,88.0,2.8920831490490935,19
ADMM,2047,2014-11-17,EXPIRED_NO_BREAKOUT,,53.0,117.97,1.2258490566037736,60
ADMM,2064,2014-12-10,REJECTED_TOO_SHORT,,112.5,23.0,0.7955555555555556,14
ADMM,2072,2014-12-22,EXPIRED_NO_BREAKOUT,,22.61,127.7,4.647943387881469,60
ADMM,2085,2015-01-09,REJECTED_TOO_SHORT,,112.255,23.0,0.7951093492494766,0
ADMM,2107,2015-02-11,REJECTED_TOO_SHORT,,107.0,23.0,0.7850467289719626,0
ADMM,2133,2015-03-19,REJECTED_TOO_SHORT,,85.205,23.0,0.730062789742386,0
ADMM,2146,2015-04-08,EXPIRED_NO_BREAKOUT,,82.09,94.45,0.1505664514557193,60
ADMM,2155,2015-04-21,REJECTED_TOO_SHORT,,88.035,23.0,0.7387402737547566,0
ADMM,2169,2015-05-14,REJECTED_TOO_SHORT,,82.18,23.0,0.7201265514723777,0
ADMM,2179,2015-06-01,VALID,down,82.18,90.25,0.09819907520077868,29
ADMM,2200,2015-06-30,REJECTED_TOO_SHORT,,80.15,23.0,0.7130380536494074,0
ADMM,2211,2015-07-15,REJECTED_HEIGHT_FLOOR,,82.18,83.0,0.009978096860549929,0
ADMM,2217,2015-07-28,REJECTED_TOO_SHORT,,78.16999999999999,23.0,0.7057694767813739,0
ADMM,2226,2015-08-10,REJECTED_HEIGHT_FLOOR,,82.18,81.99,0.0023119980530544163,0
ADMM,2245,2015-09-08,REJECTED_TOO_SHORT,,72.5,23.0,0.6827586206896552,0
ADMM,2256,2015-09-23,REJECTED_HEIGHT_FLOOR,,82.18,80.2,0.024093453394986662,0
ADMM,2269,2015-10-15,REJECTED_TOO_SHORT,,75.05,23.0,0.6935376415722851,0
ADMM,2289,2015-11-16,REJECTED_TOO_SHORT,,69.99,23.0,0.6713816259465638,0
ADMM,2304,2015-12-07,REJECTED_TOO_SHORT,,82.18,71.515,0.12977610124117797,0
ADMM,2322,2016-01-18,REJECTED_TOO_SHORT,,53.35,23.0,0.5688847235238987,0
ADMM,2343,2016-02-24,REJECTED_TOO_SHORT,,57.0,23.0,0.5964912280701754,0
ADMM,2356,2016-03-25,REJECTED_TOO_SHORT,,62.625,23.0,0.6327345309381237,0
ADMM,2371,2016-04-27,REJECTED_TOO_SHORT,,82.18,71.5,0.1299586274032612,0
ADMM,2383,2016-05-13,REJECTED_TOO_SHORT,,82.18,69.45,0.1549038695546362,0
ADMM,2394,2016-05-30,REJECTED_HEIGHT_FLOOR,,82.18,79.0,0.038695546361645246,0
ADMM,2417,2016-07-18,REJECTED_TOO_SHORT,,82.18,70.98,0.13628620102214653,0
ADMM,2434,2016-08-15,REJECTED_TOO_SHORT,,72.3,23.0,0.681881051175657,0
ADMM,2442,2016-08-25,REJECTED_TOO_SHORT,,82.18,76.55,0.06850815283523982,0
ADMM,2459,2016-09-26,REJECTED_TOO_SHORT,,69.99,23.0,0.6713816259465638,0
ADMM,2479,2016-10-27,REJECTED_TOO_SHORT,,64.775,23.0,0.6449247394828252,0
ADMM,2487,2016-11-09,REJECTED_TOO_SHORT,,65.0,23.0,0.6461538461538462,0
ADMM,2506,2016-12-08,REJECTED_TOO_SHORT,,82.18,75.72999999999999,0.07848624969578993,0
ADMM,2525,2017-01-12,REJECTED_HEIGHT_FLOOR,,82.18,82.55,0.0045023119980529365,0
ADMM,2542,2017-02-06,REJECTED_HEIGHT_FLOOR,,82.18,84.765,0.031455341932343554,0
ADMM,2550,2017-02-17,REJECTED_HEIGHT_FLOOR,,82.18,82.6,0.005110732538330341,0
ADMM,2570,2017-03-20,VALID,down,82.18,99.94,0.2161109759065465,23
ADMM,2597,2017-05-11,REJECTED_HEIGHT_FLOOR,,82.18,84.99,0.034193234363591965,0
ADMM,2607,2017-06-01,REJECTED_TOO_SHORT,,78.50999999999999,23.0,0.7070436887020761,0
ADMM,2621,2017-07-14,REJECTED_HEIGHT_FLOOR,,82.18,84.765,0.031455341932343554,0
ADMM,2640,2017-08-23,REJECTED_TOO_SHORT,,72.15,23.0,0.6812196812196812,0
ADMM,2652,2017-10-23,REJECTED_TOO_SHORT,,62.875,23.0,0.6341948310139165,0
ADMM,2661,2017-11-21,REJECTED_TOO_SHORT,,65.17,23.0,0.6470768758631272,0
ADMM,2676,2018-01-25,REJECTED_TOO_SHORT,,70.05,23.0,0.6716630977872948,0
ADMM,2689,2018-02-22,REJECTED_TOO_SHORT,,71.24,23.0,0.6771476698483998,0
ADMM,2706,2018-03-27,REJECTED_HEIGHT_FLOOR,,82.18,80.0,0.026527135556096454,0
ADMM,2723,2018-04-25,REJECTED_HEIGHT_FLOOR,,82.18,82.0,0.0021903139449988658,0
ADMM,2738,2018-07-20,VALID,down,70.925,80.00999999999999,0.128093056045118,54
ADMM,2750,2018-08-20,REJECTED_TOO_SHORT,,82.18,75.0,0.08736918958384042,0
ADMM,2757,2018-09-11,REJECTED_HEIGHT_FLOOR,,82.18,77.6,0.05573132148941363,0
ADMM,2776,2018-10-31,EXPIRED_NO_BREAKOUT,,60.0,80.00999999999999,0.33349999999999985,60
ADMM,2782,2018-11-09,REJECTED_TOO_SHORT,,82.18,66.25,0.19384278413239237,0
ADMM,2796,2019-01-04,REJECTED_TOO_SHORT,,82.18,71.0,0.1360428328060356,0
ADMM,2813,2019-03-12,VALID,down,61.36,80.00999999999999,0.30394393741851355,52
ADMM,2851,2019-10-08,REJECTED_TOO_SHORT,,82.18,66.17,0.19481625699683625,0
ADMM,2859,2019-10-23,REJECTED_TOO_SHORT,,82.18,63.0,0.23339011925042596,0
ADMM,2869,2019-11-20,EXPIRED_NO_BREAKOUT,,55.5,80.00999999999999,0.44162162162162144,60
ADMM,2883,2019-12-23,REJECTED_TOO_SHORT,,82.18,64.99,0.20917498174738391,0
ADMM,2897,2020-01-20,REJECTED_TOO_SHORT,,82.18,62.004999999999995,0.24549768800194707,0
ADMM,2916,2020-04-02,VALID,down,45.1,80.00999999999999,0.7740576496674055,35
ADMM,2931,2020-05-29,VALID,down,53.0,49.0,0.07547169811320754,1351
ADMM,2947,2020-06-30,EXPIRED_NO_BREAKOUT,,48.5,59.5,0.2268041237113402,60
ADMM,2975,2020-09-03,VALID,down,55.0,80.00999999999999,0.45472727272727254,21
ADMM,2987,2020-10-05,REJECTED_TOO_SHORT,,53.0,80.00999999999999,0.5096226415094338,16
ADMM,3013,2020-11-12,REJECTED_HEIGHT_FLOOR,,82.18,84.97,0.033949866147481036,0
ADMM,3025,2020-11-30,REJECTED_HEIGHT_FLOOR,,76.0,80.0,0.05263157894736842,0
ADMM,3041,2020-12-22,REJECTED_TOO_SHORT,,103.0,80.0,0.22330097087378642,0
ADMM,3052,2021-01-07,REJECTED_INSUFFICIENT_TOUCHES,,122.6,59.519999999999996,0.5145187601957586,2016
ADMM,3064,2021-01-25,REJECTED_TOO_SHORT,,126.2,80.0,0.3660855784469097,0
ADMM,3077,2021-02-12,REJECTED_TOO_SHORT,,126.0,80.0,0.36507936507936506,0
ADMM,3091,2021-03-04,REJECTED_TOO_SHORT,,105.01,80.0,0.2381677935434721,0
ADMM,3112,2021-04-05,VALID,up,90.5,80.0,0.11602209944751381,53
ADMM,3122,2021-04-20,EXPIRED_NO_BREAKOUT,,82.18,114.88,0.39790703334144545,60
ADMM,3132,2021-05-04,REJECTED_HEIGHT_FLOOR,,84.96,80.0,0.05838041431261763,0
ADMM,3144,2021-05-28,REJECTED_TOO_SHORT,,91.41,80.0,0.12482222951537028,0
ADMM,3154,2021-06-11,VALID,up,82.18,97.79,0.18994889267461668,53
ADMM,3166,2021-06-29,REJECTED_TOO_SHORT,,89.8,80.0,0.10913140311804007,0
ADMM,3174,2021-07-09,REJECTED_TOO_SHORT,,85.3,80.0,0.062133645955451317,0
ADMM,3191,2021-08-06,EXPIRED_NO_BREAKOUT,,82.18,130.3,0.585543927963008,60
ADMM,3205,2021-08-30,REJECTED_TOO_SHORT,,104.6,80.0,0.2351816443594646,0
ADMM,3219,2021-09-17,EXPIRED_NO_BREAKOUT,,53.0,108.95,1.0556603773584907,60
ADMM,3242,2021-10-21,REJECTED_TOO_SHORT,,72.4,83.0,0.14640883977900543,18
ADMM,3259,2021-11-15,REJECTED_HEIGHT_FLOOR,,77.0,80.0,0.03896103896103896,0
ADMM,3275,2021-12-08,REJECTED_HEIGHT_FLOOR,,72.4,74.47,0.02859116022099438,0
ADMM,3288,2021-12-28,REJECTED_TOO_SHORT,,72.4,80.49,0.11174033149171254,14
ADMM,3305,2022-01-20,REJECTED_HEIGHT_FLOOR,,82.105,80.0,0.02563790268558558,0
ADMM,3318,2022-02-08,REJECTED_TOO_SHORT,,72.4,87.5,0.20856353591160212,16
ADMM,3325,2022-02-17,REJECTED_TOO_SHORT,,82.03,87.5,0.06668292088260391,5
ADMM,3346,2022-03-18,EXPIRED_NO_BREAKOUT,,54.15,80.0,0.47737765466297327,60
ADMM,3360,2022-04-13,VALID,down,59.0,80.0,0.3559322033898305,26
ADMM,3376,2022-05-16,EXPIRED_NO_BREAKOUT,,52.535,80.0,0.5227943275911299,60
ADMM,3383,2022-05-30,REJECTED_TOO_SHORT,,82.03,59.5,0.27465561379982933,0
ADMM,3402,2022-07-05,REJECTED_TOO_SHORT,,82.03,64.0,0.21979763501158114,0
ADMM,3416,2022-07-29,EXPIRED_NO_BREAKOUT,,54.11,80.0,0.4784697837737941,60
ADMM,3433,2022-08-29,VALID,down,64.425,80.0,0.2417539774932092,24
ADMM,3439,2022-09-07,REJECTED_TOO_SHORT,,82.03,69.99,0.14677556991344637,0
ADMM,3454,2022-09-28,REJECTED_TOO_SHORT,,58.5,80.0,0.36752136752136755,15
ADMM,3468,2022-10-27,EXPIRED_NO_BREAKOUT,,52.72,80.0,0.5174506828528073,60
ADMM,3477,2022-11-14,EXPIRED_NO_BREAKOUT,,50.88,80.0,0.5723270440251571,60
ADMM,3485,2022-11-24,REJECTED_TOO_SHORT,,82.03,62.0,0.24417895891746924,0
ADMM,3501,2022-12-30,REJECTED_TOO_SHORT,,82.03,63.99,0.21991954163111055,0
ADMM,3514,2023-02-01,REJECTED_TOO_SHORT,,82.03,56.0,0.3173229306351335,0
ADMM,3521,2023-02-14,EXPIRED_NO_BREAKOUT,,53.0,80.0,0.5094339622641509,60
ADMM,3529,2023-03-02,REJECTED_TOO_SHORT,,82.03,57.0,0.30513226868218946,0
ADMM,3541,2023-03-21,REJECTED_TOO_SHORT,,82.03,56.25,0.31427526514689746,0
ADMM,3549,2023-04-04,REJECTED_TOO_SHORT,,82.03,57.8,0.29537973911983423,0
ADMM,3569,2023-05-15,REJECTED_INSUFFICIENT_TOUCHES,,0.0,59.519999999999996,0.0,1158
ADMM,3583,2023-06-09,EXPIRED_NO_BREAKOUT,,53.0,59.5,0.12264150943396226,60
ADMM,3595,2023-07-03,EXPIRED_NO_BREAKOUT,,53.0,58.5,0.10377358490566038,60
ADMM,3607,2023-07-21,EXPIRED_NO_BREAKOUT,,53.05,59.5,0.12158341187558913,60
ADMM,3626,2023-08-22,VALID,down,52.55,59.5,0.13225499524262613,42
ADMM,3633,2023-08-31,VALID,down,52.55,59.5,0.13225499524262613,33
ADMM,3646,2023-09-20,REJECTED_TOO_SHORT,,53.0,60.19,0.1356603773584905,13
ADMM,3660,2023-10-11,REJECTED_HEIGHT_FLOOR,,53.0,53.9,0.01698113207547167,0
ADMM,3674,2023-10-31,EXPIRED_NO_BREAKOUT,,47.0,59.519999999999996,0.26638297872340416,60
ADMM,3686,2023-11-17,VALID,down,53.07,59.519999999999996,0.12153759185980773,32
ADMM,3698,2023-12-05,REJECTED_TOO_SHORT,,55.864999999999995,59.519999999999996,0.06542557952206214,8
ADMM,3713,2023-12-27,REJECTED_HEIGHT_FLOOR,,53.0,52.5,0.009433962264150943,0
ADMM,3733,2024-01-25,REJECTED_HEIGHT_FLOOR,,53.0,50.5,0.04716981132075472,0
ADMM,3744,2024-02-13,EXPIRED_NO_BREAKOUT,,44.5,59.519999999999996,0.3375280898876404,60
ADMM,3760,2024-03-11,REJECTED_HEIGHT_FLOOR,,53.0,52.0,0.018867924528301886,0
ADMM,3784,2024-04-24,REJECTED_TOO_SHORT,,48.5,59.519999999999996,0.22721649484536074,12
ADMM,3796,2024-05-13,REJECTED_HEIGHT_FLOOR,,53.0,50.445,0.048207547169811314,0
ADMM,3807,2024-05-29,REJECTED_TOO_SHORT,,48.5,59.519999999999996,0.22721649484536074,13
ADMM,3816,2024-06-11,REJECTED_HEIGHT_FLOOR,,53.0,49.99,0.05679245283018864,0
ADMM,3834,2024-07-10,REJECTED_TOO_SHORT,,53.0,45.595,0.13971698113207548,0
ADMM,3852,2024-08-07,EXPIRED_NO_BREAKOUT,,38.105000000000004,59.519999999999996,0.5619997375672481,60
ADMM,3862,2024-08-22,EXPIRED_NO_BREAKOUT,,39.265,59.519999999999996,0.5158538138291098,60
ADMM,3872,2024-09-05,EXPIRED_NO_BREAKOUT,,39.0,59.519999999999996,0.5261538461538461,60
ADMM,3887,2024-09-27,REJECTED_TOO_SHORT,,53.0,43.8,0.1735849056603774,0
ADMM,3896,2024-10-10,EXPIRED_NO_BREAKOUT,,39.0,59.519999999999996,0.5261538461538461,60
ADMM,3912,2024-11-01,REJECTED_TOO_SHORT,,53.0,40.84,0.2294339622641509,0
ADMM,3927,2024-11-22,REJECTED_TOO_SHORT,,53.0,44.35,0.16320754716981128,0
ADMM,3946,2024-12-19,VALID,down,46.0,59.519999999999996,0.2939130434782608,35
ADMM,3960,2025-01-09,VALID,down,45.3,59.519999999999996,0.3139072847682119,21
ADMM,3976,2025-01-31,VALID,down,43.0,59.519999999999996,0.3841860465116278,27
ADMM,3989,2025-02-20,REJECTED_TOO_SHORT,,53.0,46.0,0.1320754716981132,0
ADMM,4004,2025-03-13,VALID,down,39.06,59.519999999999996,0.5238095238095236,55
ADMM,4016,2025-04-04,REJECTED_TOO_SHORT,,53.0,42.0,0.20754716981132076,0
ADMM,4027,2025-04-21,REJECTED_TOO_SHORT,,53.0,43.8,0.1735849056603774,0
ADMM,4037,2025-05-06,REJECTED_TOO_SHORT,,53.0,40.915000000000006,0.2280188679245282,0
ADMM,4049,2025-05-22,REJECTED_TOO_SHORT,,53.0,44.9,0.1528301886792453,0
ADMM,4059,2025-06-10,REJECTED_TOO_SHORT,,44.0,59.519999999999996,0.3527272727272726,13
ADMM,4066,2025-06-19,REJECTED_HEIGHT_FLOOR,,53.0,50.5,0.04716981132075472,0
ADMM,4087,2025-07-18,REJECTED_TOO_SHORT,,66.01,59.519999999999996,0.0983184366005152,0
ADMM,4102,2025-08-08,REJECTED_TOO_SHORT,,55.864999999999995,59.519999999999996,0.06542557952206214,10
ADMM,4118,2025-09-02,REJECTED_HEIGHT_FLOOR,,58.11,59.519999999999996,0.02426432627774904,0
ADMM,4130,2025-09-18,REJECTED_HEIGHT_FLOOR,,57.15,59.519999999999996,0.04146981627296584,0
ADMM,4153,2025-10-21,REJECTED_HEIGHT_FLOOR,,53.0,51.97,0.019433962264150964,0
ADMM,4166,2025-11-07,EXPIRED_NO_BREAKOUT,,45.65,59.519999999999996,0.3038335158817086,60
ADMM,4178,2025-11-25,VALID,up,48.75,59.519999999999996,0.22092307692307683,55
ADMM,4185,2025-12-04,VALID,up,47.555,59.519999999999996,0.25160340658185254,46
ADMM,4200,2025-12-26,VALID,up,51.09,59.519999999999996,0.16500293599530225,24
ADMM,4217,2026-01-20,VALID,down,53.0,64.995,0.2263207547169812,36
ADMM,4227,2026-02-03,VALID,down,53.0,65.1,0.22830188679245272,22
ADMM,4250,2026-03-09,VALID,up,44.004999999999995,59.519999999999996,0.35257357118509264,35
ADMM,4263,2026-03-30,REJECTED_TOO_SHORT,,44.0,59.519999999999996,0.3527272727272726,14
ADMM,4275,2026-04-15,REJECTED_TOO_SHORT,,53.0,66.08500000000001,0.24688679245283035,6
ADMM,4288,2026-05-06,REJECTED_TOO_SHORT,,77.0,59.519999999999996,0.22701298701298706,0
ADMM,4305,2026-06-04,EXPIRED_NO_BREAKOUT,,53.0,71.74,0.35358490566037726,42
ADMM,4312,2026-06-15,REJECTED_TOO_SHORT,,65.17,59.519999999999996,0.08669633266840579,0
ADMM,4320,2026-06-29,EXPIRED_NO_BREAKOUT,,53.0,69.7,0.31509433962264155,17
ADOS,4,2005-01-07,EXPIRED_NO_BREAKOUT,,17.0,19.25,0.1323529411764706,60
ADOS,20,2005-02-03,EXPIRED_NO_BREAKOUT,,16.2,18.0,0.11111111111111116,60
ADOS,40,2005-03-04,EXPIRED_NO_BREAKOUT,,17.0,21.5,0.2647058823529412,60
ADOS,76,2005-07-20,VALID,down,17.0,12.45,0.26764705882352946,330
ADOS,91,2005-10-17,EXPIRED_NO_BREAKOUT,,8.0,18.0,1.25,60
ADOS,111,2005-12-07,EXPIRED_NO_BREAKOUT,,12.3,18.0,0.4634146341463414,60
ADOS,126,2005-12-28,REJECTED_HEIGHT_FLOOR,,17.0,18.0,0.058823529411764705,40
ADOS,137,2006-01-18,VALID,down,17.0,20.05,0.17941176470588238,56
ADOS,148,2006-02-06,VALID,down,17.0,18.75,0.10294117647058823,37
ADOS,160,2006-03-03,REJECTED_TOO_SHORT,,17.0,18.95,0.11470588235294113,12
ADOS,178,2006-05-23,REJECTED_INSUFFICIENT_TOUCHES,,12.0,26.45,1.2041666666666666,6068
ADOS,186,2006-07-20,EXPIRED_NO_BREAKOUT,,10.6,18.0,0.6981132075471699,60
ADOS,193,2006-09-12,EXPIRED_NO_BREAKOUT,,10.6,18.0,0.6981132075471699,60
ADOS,204,2006-11-24,VALID,up,11.25,18.0,0.6,59
ADOS,225,2007-01-09,REJECTED_TOO_SHORT,,16.0,18.0,0.125,13
ADOS,241,2007-02-07,EXPIRED_NO_BREAKOUT,,22.0,24.0,0.09090909090909091,60
ADOS,259,2007-03-05,VALID,up,27.5,18.0,0.34545454545454546,177
ADOS,286,2007-04-17,REJECTED_TOO_SHORT,,17.0,28.6,0.6823529411764707,16
ADOS,304,2007-05-18,VALID,up,33.75,18.0,0.4666666666666667,2489
ADOS,317,2007-06-11,EXPIRED_NO_BREAKOUT,,17.0,44.0,1.588235294117647,60
ADOS,333,2007-07-24,VALID,down,46.3,40.0,0.13606911447084227,2878
ADOS,346,2007-08-15,VALID,up,30.4,18.0,0.40789473684210525,3078
ADOS,355,2007-09-13,EXPIRED_NO_BREAKOUT,,17.0,31.8,0.8705882352941177,60
ADOS,372,2007-10-29,EXPIRED_NO_BREAKOUT,,24.7,29.5,0.19433198380566805,60
ADOS,385,2007-11-19,REJECTED_TOO_SHORT,,21.4,18.0,0.15887850467289713,8
ADOS,391,2007-11-28,VALID,up,17.0,23.4,0.37647058823529406,48
ADOS,403,2007-12-17,VALID,up,17.0,21.45,0.2617647058823529,25
ADOS,421,2008-01-18,REJECTED_TOO_SHORT,,22.0,18.0,0.18181818181818182,0
ADOS,435,2008-02-12,VALID,up,22.5,18.0,0.2,45
ADOS,447,2008-02-29,EXPIRED_NO_BREAKOUT,,17.0,28.05,0.65,60
ADOS,462,2008-03-24,REJECTED_TOO_SHORT,,17.0,25.0,0.47058823529411764,9
ADOS,476,2008-04-14,REJECTED_TOO_SHORT,,25.3,18.0,0.2885375494071146,0
ADOS,488,2008-04-30,EXPIRED_NO_BREAKOUT,,17.0,27.55,0.6205882352941177,60
ADOS,504,2008-05-29,REJECTED_TOO_SHORT,,21.66,18.0,0.16897506925207756,0
ADOS,526,2008-07-30,REJECTED_HEIGHT_FLOOR,,17.45,18.0,0.03151862464183385,0
ADOS,537,2009-03-03,REJECTED_HEIGHT_FLOOR,,17.0,18.0,0.058823529411764705,0
ADOS,559,2009-04-30,REJECTED_TOO_SHORT,,16.51,18.0,0.09024833434282242,5
ADOS,576,2009-06-01,VALID,up,17.0,22.8,0.34117647058823536,42
ADOS,584,2009-06-16,REJECTED_TOO_SHORT,,19.55,18.0,0.07928388746803072,0
ADOS,601,2009-07-24,VALID,up,22.0,25.0,0.13636363636363635,56
ADOS,607,2009-08-03,REJECTED_TOO_SHORT,,22.0,18.0,0.18181818181818182,0
ADOS,618,2009-08-21,VALID,up,22.0,23.98,0.09000000000000002,27
ADOS,628,2009-09-04,REJECTED_TOO_SHORT,,22.0,24.25,0.10227272727272728,14
ADOS,639,2009-09-29,REJECTED_TOO_SHORT,,25.0,18.0,0.28,0
ADOS,656,2009-10-22,REJECTED_TOO_SHORT,,24.64,18.0,0.2694805194805195,0
ADOS,663,2009-11-02,VALID,up,22.0,27.22,0.23727272727272722,30
ADOS,676,2009-11-20,REJECTED_TOO_SHORT,,22.0,26.28,0.1945454545454546,12
ADOS,692,2009-12-16,REJECTED_TOO_SHORT,,24.494999999999997,18.0,0.2651561543172075,0
ADOS,703,2010-01-08,EXPIRED_NO_BREAKOUT,,22.0,27.0,0.22727272727272727,60
ADOS,713,2010-01-22,REJECTED_TOO_SHORT,,24.5,18.0,0.2653061224489796,0
ADOS,731,2010-02-22,EXPIRED_NO_BREAKOUT,,24.7,27.8,0.125506072874494,60
ADOS,745,2010-03-12,VALID,down,24.7,27.7,0.12145748987854252,49
ADOS,755,2010-03-31,REJECTED_TOO_SHORT,,24.75,18.0,0.2727272727272727,0
ADOS,766,2010-04-20,REJECTED_TOO_SHORT,,24.7,26.45,0.0708502024291498,10
ADOS,790,2010-05-27,REJECTED_TOO_SHORT,,24.7,22.99,0.06923076923076926,0
ADOS,801,2010-06-14,REJECTED_HEIGHT_FLOOR,,18.5,18.0,0.02702702702702703,990
ADOS,812,2010-07-08,REJECTED_TOO_SHORT,,24.7,21.575,0.12651821862348178,0
ADOS,820,2010-07-22,REJECTED_TOO_SHORT,,24.7,21.9,0.1133603238866397,0
ADOS,830,2010-08-12,VALID,down,19.28,26.415,0.37007261410788367,28
ADOS,842,2010-09-03,REJECTED_TOO_SHORT,,24.7,21.895,0.11356275303643724,0
ADOS,856,2010-10-05,REJECTED_TOO_SHORT,,24.7,20.85,0.15587044534412947,0
ADOS,876,2010-11-03,VALID,down,24.7,17.2,0.3036437246963563,68
ADOS,888,2010-12-06,VALID,down,24.7,16.0,0.3522267206477733,74
ADOS,900,2010-12-24,REJECTED_TOO_SHORT,,16.7,18.0,0.07784431137724555,11
ADOS,919,2011-01-28,REJECTED_TOO_SHORT,,24.7,17.7,0.2834008097165992,0
ADOS,926,2011-02-11,REJECTED_TOO_SHORT,,14.1,18.0,0.2765957446808511,18
ADOS,950,2011-03-21,REJECTED_INSUFFICIENT_TOUCHES,,8.76,26.45,2.0194063926940635,4305
ADOS,976,2011-04-28,EXPIRED_NO_BREAKOUT,,7.4,18.0,1.4324324324324322,60
ADOS,989,2011-05-17,REJECTED_INSUFFICIENT_TOUCHES,,7.7,26.45,2.435064935064935,4248
ADOS,1004,2011-06-10,REJECTED_INSUFFICIENT_TOUCHES,,46.379999999999995,9.65,0.7919361793876671,4224
ADOS,1019,2011-07-07,REJECTED_INSUFFICIENT_TOUCHES,,46.379999999999995,9.85,0.7876239758516601,4197
ADOS,1038,2011-08-15,REJECTED_TOO_SHORT,,24.7,9.09,0.6319838056680162,0
ADOS,1070,2011-11-01,EXPIRED_NO_BREAKOUT,,5.5,18.0,2.272727272727273,60
ADOS,1091,2011-12-14,REJECTED_INSUFFICIENT_TOUCHES,,3.86,26.45,5.852331606217617,4037
ADOS,1112,2012-01-13,VALID,down,5.1,18.0,2.5294117647058827,53
ADOS,1123,2012-02-10,VALID,down,24.7,7.16,0.7101214574898785,61
ADOS,1145,2012-03-19,REJECTED_INSUFFICIENT_TOUCHES,,5.31,26.45,3.9811676082862526,3941
ADOS,1164,2012-04-17,REJECTED_INSUFFICIENT_TOUCHES,,5.75,26.45,3.6,3912
ADOS,1170,2012-04-27,EXPIRED_NO_BREAKOUT,,5.5,18.0,2.272727272727273,60
ADOS,1182,2012-05-16,REJECTED_TOO_SHORT,,24.7,7.0,0.7165991902834008,0
ADOS,1197,2012-06-12,VALID,up,5.1,18.0,2.5294117647058827,30
ADOS,1230,2012-08-08,VALID,down,13.35,18.0,0.34831460674157305,23
ADOS,1247,2012-09-10,REJECTED_TOO_SHORT,,14.025,18.0,0.2834224598930481,16
ADOS,1259,2012-09-27,REJECTED_TOO_SHORT,,13.525,18.0,0.3308687615526802,20
ADOS,1272,2012-10-19,REJECTED_TOO_SHORT,,24.7,13.49,0.45384615384615384,0
ADOS,1292,2012-11-23,REJECTED_TOO_SHORT,,24.7,11.96,0.5157894736842105,0
ADOS,1302,2012-12-10,VALID,up,9.46,18.0,0.9027484143763211,25
ADOS,1327,2013-01-15,REJECTED_TOO_SHORT,,24.7,22.18,0.10202429149797569,0
ADOS,1347,2013-02-15,REJECTED_TOO_SHORT,,24.7,21.48,0.1303643724696356,0
ADOS,1363,2013-03-11,REJECTED_TOO_SHORT,,23.62,18.0,0.23793395427603728,0
ADOS,1386,2013-04-11,REJECTED_TOO_SHORT,,24.7,29.35,0.18825910931174097,4
ADOS,1425,2013-06-06,EXPIRED_NO_BREAKOUT,,24.7,65.99,1.6716599190283399,60
ADOS,1437,2013-06-24,VALID,up,70.92,18.0,0.7461928934010152,1428
ADOS,1450,2013-07-11,EXPIRED_NO_BREAKOUT,,24.7,73.8,1.9878542510121455,60
ADOS,1458,2013-07-23,REJECTED_INSUFFICIENT_TOUCHES,,73.37,26.45,0.6394984326018809,3450
ADOS,1473,2013-08-23,REJECTED_TOO_SHORT,,68.05,18.0,0.7354886113152094,0
ADOS,1483,2013-09-06,REJECTED_TOO_SHORT,,24.7,77.0,2.117408906882591,14
ADOS,1498,2013-10-03,REJECTED_INSUFFICIENT_TOUCHES,,65.55,26.45,0.5964912280701754,3378
ADOS,1511,2013-11-28,VALID,up,50.35,18.0,0.6425024826216484,175
ADOS,1528,2014-01-13,EXPIRED_NO_BREAKOUT,,24.7,59.96,1.42753036437247,60
ADOS,1552,2014-03-11,REJECTED_TOO_SHORT,,34.2,18.0,0.4736842105263158,0
ADOS,1582,2014-04-29,REJECTED_TOO_SHORT,,35.25,18.0,0.48936170212765956,0
ADOS,1597,2014-05-22,REJECTED_TOO_SHORT,,50.0,18.0,0.64,0
ADOS,1608,2014-06-06,EXPIRED_NO_BREAKOUT,,24.7,69.0,1.7935222672064777,60
ADOS,1626,2014-07-03,REJECTED_INSUFFICIENT_TOUCHES,,46.379999999999995,63.0,0.35834411384217346,3105
ADOS,1647,2014-08-12,REJECTED_TOO_SHORT,,46.93,18.0,0.6164500319624974,7
ADOS,1657,2014-08-28,REJECTED_TOO_SHORT,,45.0,18.0,0.6,0
ADOS,1668,2014-09-12,REJECTED_TOO_SHORT,,24.7,50.22,1.0331983805668017,10
ADOS,1676,2014-09-25,REJECTED_TOO_SHORT,,49.73,18.0,0.638045445405188,0
ADOS,1691,2014-10-22,REJECTED_TOO_SHORT,,24.7,48.18,0.9506072874493927,14
ADOS,1707,2014-11-17,REJECTED_TOO_SHORT,,49.35,18.0,0.635258358662614,0
ADOS,1718,2014-12-02,VALID,up,46.3,51.81,0.11900647948164159,51
ADOS,1726,2014-12-12,VALID,up,46.3,51.7,0.11663066954643642,41
ADOS,1734,2014-12-29,VALID,up,46.3,48.19,0.04082073434125272,22
ADOS,1751,2015-01-26,VALID,down,46.3,58.58,0.26522678185745147,32
ADOS,1763,2015-02-12,REJECTED_TOO_SHORT,,48.0,18.0,0.625,0
ADOS,1781,2015-03-11,REJECTED_TOO_SHORT,,38.34,18.0,0.5305164319248826,0
ADOS,1802,2015-04-16,REJECTED_HEIGHT_FLOOR,,46.3,48.47,0.04686825053995684,0
ADOS,1817,2015-05-13,REJECTED_TOO_SHORT,,38.95,18.0,0.5378690629011553,0
ADOS,1834,2015-06-10,REJECTED_TOO_SHORT,,46.3,40.5,0.12526997840172782,0
ADOS,1843,2015-06-26,REJECTED_TOO_SHORT,,38.17,18.0,0.5284254650248886,0
ADOS,1856,2015-07-23,REJECTED_TOO_SHORT,,46.3,41.0,0.11447084233261334,0
ADOS,1862,2015-08-06,REJECTED_TOO_SHORT,,39.25,18.0,0.5414012738853503,0
ADOS,1888,2015-10-14,REJECTED_TOO_SHORT,,46.3,50.085,0.08174946004319662,1
ADOS,1905,2015-11-20,REJECTED_TOO_SHORT,,46.3,42.65,0.07883369330453562,0
ADOS,1924,2016-01-18,REJECTED_TOO_SHORT,,30.4,18.0,0.40789473684210525,0
ADOS,1935,2016-02-25,REJECTED_TOO_SHORT,,25.5,18.0,0.29411764705882354,0
ADOS,1952,2016-04-06,VALID,down,46.379999999999995,30.05,0.35209141871496324,1584
ADOS,1974,2016-05-11,VALID,up,36.3,18.0,0.5041322314049587,343
ADOS,1985,2016-06-02,REJECTED_TOO_SHORT,,46.3,36.58,0.2099352051835853,0
ADOS,1993,2016-06-24,REJECTED_TOO_SHORT,,30.564999999999998,18.0,0.4110911172910191,0
ADOS,2001,2016-07-22,REJECTED_TOO_SHORT,,46.3,35.0,0.244060475161987,0
ADOS,2009,2016-08-16,REJECTED_TOO_SHORT,,33.01,18.0,0.45471069372917294,0
ADOS,2022,2016-09-02,REJECTED_TOO_SHORT,,46.3,39.725,0.1420086393088552,0
ADOS,2036,2016-09-28,REJECTED_TOO_SHORT,,49.2,18.0,0.6341463414634146,0
ADOS,2065,2016-11-18,REJECTED_TOO_SHORT,,46.3,51.605000000000004,0.1145788336933047,13
ADOS,2084,2016-12-22,REJECTED_HEIGHT_FLOOR,,46.3,48.2,0.04103671706263511,0
ADOS,2108,2017-02-02,REJECTED_INSUFFICIENT_TOUCHES,,62.05,26.45,0.5737308622078968,2160
ADOS,2138,2017-03-21,REJECTED_TOO_SHORT,,46.3,42.0,0.0928725701943844,0
ADOS,2158,2017-04-19,REJECTED_TOO_SHORT,,36.7,18.0,0.5095367847411445,0
ADOS,2180,2017-05-22,REJECTED_TOO_SHORT,,70.74,18.0,0.7455470737913485,0
ADOS,2195,2017-06-12,REJECTED_INSUFFICIENT_TOUCHES,,46.379999999999995,96.89,1.0890470030185426,2030
ADOS,2208,2017-07-18,REJECTED_INSUFFICIENT_TOUCHES,,63.18,26.45,0.581354859132637,1994
ADOS,2219,2017-08-03,EXPIRED_NO_BREAKOUT,,46.3,69.0,0.4902807775377971,60
ADOS,2242,2018-01-10,REJECTED_TOO_SHORT,,50.35,18.0,0.6425024826216484,0
ADOS,2253,2018-03-02,VALID,down,46.379999999999995,53.44,0.15222078482104362,59
ADOS,2263,2018-04-30,REJECTED_TOO_SHORT,,45.8,18.0,0.6069868995633187,0
ADOS,2281,2018-08-10,VALID,down,46.379999999999995,53.9,0.16213885295385952,21
ADOS,2302,2018-11-13,REJECTED_INSUFFICIENT_TOUCHES,,46.379999999999995,37.69,0.18736524363949975,1511
ADOS,2316,2018-12-27,REJECTED_TOO_SHORT,,30.39,18.0,0.4076999012833169,0
ADOS,2332,2019-03-11,REJECTED_TOO_SHORT,,26.15,18.0,0.3116634799235181,0
ADOS,2369,2019-08-06,REJECTED_TOO_SHORT,,46.379999999999995,20.174999999999997,0.565006468305304,0
ADOS,2380,2019-10-02,REJECTED_HEIGHT_FLOOR,,18.24,18.0,0.013157894736842021,0
ADOS,2391,2019-11-11,REJECTED_TOO_SHORT,,46.379999999999995,21.96,0.5265200517464423,0
ADOS,2411,2020-01-02,REJECTED_TOO_SHORT,,46.379999999999995,29.5,0.36394997843898225,0
ADOS,2439,2020-04-01,REJECTED_TOO_SHORT,,46.379999999999995,13.85,0.7013799051315222,0
ADOS,2456,2020-05-12,REJECTED_TOO_SHORT,,46.379999999999995,20.945,0.5484044846916774,0
ADOS,2467,2020-06-16,REJECTED_TOO_SHORT,,46.379999999999995,20.49,0.5582147477360931,0
ADOS,2484,2020-07-21,REJECTED_TOO_SHORT,,46.379999999999995,29.0,0.3747304872789995,0
ADOS,2494,2020-08-11,REJECTED_TOO_SHORT,,23.45,18.0,0.23240938166311298,0
ADOS,2512,2020-09-09,REJECTED_TOO_SHORT,,46.379999999999995,28.99,0.3749460974557999,0
ADOS,2520,2020-09-23,REJECTED_TOO_SHORT,,24.81,18.0,0.2744860943168077,0
ADOS,2529,2020-10-14,REJECTED_TOO_SHORT,,22.51,18.0,0.20035539760106624,0
ADOS,2538,2020-11-24,EXPIRED_NO_BREAKOUT,,22.51,26.47,0.17592181252776531,60
ADOS,2545,2020-12-15,REJECTED_TOO_SHORT,,46.379999999999995,24.445,0.47294092281155664,0
ADOS,2561,2021-01-25,REJECTED_TOO_SHORT,,46.379999999999995,27.0,0.4178525226390685,0
ADOS,2579,2021-03-09,VALID,down,19.7,26.47,0.34365482233502537,28
ADOS,2595,2021-04-15,REJECTED_TOO_SHORT,,46.379999999999995,15.99,0.6552393272962483,0
ADOS,2605,2021-04-30,EXPIRED_NO_BREAKOUT,,13.504999999999999,26.47,0.9600148093298779,60
ADOS,2625,2021-06-08,REJECTED_TOO_SHORT,,46.379999999999995,17.47,0.6233290211297973,0
ADOS,2639,2021-06-28,EXPIRED_NO_BREAKOUT,,15.41,26.47,0.717715768981181,60
ADOS,2659,2021-07-29,EXPIRED_NO_BREAKOUT,,15.35,26.47,0.7244299674267101,60
ADOS,2683,2021-09-07,REJECTED_TOO_SHORT,,46.379999999999995,28.2,0.3919793014230271,0
ADOS,2702,2021-10-04,REJECTED_TOO_SHORT,,46.379999999999995,21.5,0.5364381198792583,0
ADOS,2726,2021-11-08,REJECTED_TOO_SHORT,,46.379999999999995,21.695,0.5322337214316515,0
ADOS,2741,2021-11-30,REJECTED_TOO_SHORT,,46.379999999999995,16.85,0.6366968520914187,0
ADOS,2769,2022-01-07,REJECTED_TOO_SHORT,,26.125,21.5,0.17703349282296652,0
ADOS,2783,2022-01-28,REJECTED_TOO_SHORT,,24.81,21.5,0.1334139459895203,0
ADOS,2796,2022-02-18,REJECTED_TOO_SHORT,,23.025,26.45,0.14875135722041263,6
ADOS,2807,2022-03-08,VALID,up,19.0,26.45,0.3921052631578947,41
ADOS,2828,2022-04-21,REJECTED_TOO_SHORT,,24.18,26.45,0.09387923904052935,0
ADOS,2841,2022-05-23,REJECTED_HEIGHT_FLOOR,,27.77,26.45,0.04753330932661146,0
ADOS,2862,2022-07-04,REJECTED_TOO_SHORT,,24.16,26.45,0.0947847682119205,9
ADOS,2895,2022-10-11,REJECTED_TOO_SHORT,,46.379999999999995,36.0,0.22380336351875801,0
ADPP,11,2005-01-25,REJECTED_INSUFFICIENT_TOUCHES,,3.1,2.5,0.19354838709677422,618
ADPP,22,2005-02-15,REJECTED_INSUFFICIENT_TOUCHES,,3.0,2.5,0.16666666666666666,597
ADPP,45,2005-05-05,EXPIRED_NO_BREAKOUT,,2.0,3.0,0.5,60
ADPP,60,2005-08-16,REJECTED_HEIGHT_FLOOR,,2.0,2.0,0.0,317
ADPP,75,2005-11-21,VALID,up,2.0,2.5,0.25,37
ADPP,85,2005-12-15,REJECTED_TOO_SHORT,,2.0,2.5,0.25,13
ADPP,91,2006-01-09,VALID,up,2.0,2.5,0.25,36
ADPP,101,2006-02-16,REJECTED_TOO_SHORT,,2.0,2.5,0.25,1
ADPP,112,2006-03-27,REJECTED_INSUFFICIENT_TOUCHES,,1.65,2.5,0.5151515151515152,192
ADPP,129,2006-05-26,EXPIRED_NO_BREAKOUT,,1.5,2.5,0.6666666666666666,60
ADPP,136,2006-06-29,REJECTED_HEIGHT_FLOOR,,2.0,2.0,0.0,0
ADTM,6,2005-01-14,REJECTED_INSUFFICIENT_TOUCHES,,6.15,3.0,0.5121951219512195,1168
ADTM,21,2005-02-17,EXPIRED_NO_BREAKOUT,,3.0,7.0,1.3333333333333333,60
ADTM,49,2005-07-14,EXPIRED_NO_BREAKOUT,,3.0,4.0,0.3333333333333333,60
ADTM,60,2005-09-23,REJECTED_INSUFFICIENT_TOUCHES,,2.4,3.0,0.25000000000000006,916
ADTM,72,2005-11-23,REJECTED_INSUFFICIENT_TOUCHES,,3.0,3.5,0.16666666666666666,855
ADTM,81,2005-12-23,EXPIRED_NO_BREAKOUT,,3.0,4.0,0.3333333333333333,60
ADTM,98,2006-04-10,VALID,down,3.0,4.0,0.3333333333333333,38
ADTM,114,2006-06-15,REJECTED_INSUFFICIENT_TOUCHES,,2.6,3.0,0.1538461538461538,651
ADTM,122,2006-10-05,REJECTED_INSUFFICIENT_TOUCHES,,2.3,3.0,0.3043478260869566,539
ADTM,127,2006-11-22,REJECTED_INSUFFICIENT_TOUCHES,,2.25,3.0,0.3333333333333333,491
ADTM,142,2007-02-07,REJECTED_INSUFFICIENT_TOUCHES,,3.0,2.4,0.20000000000000004,414
ADTM,160,2007-05-09,REJECTED_INSUFFICIENT_TOUCHES,,1.55,3.0,0.9354838709677419,323
ADTM,173,2007-07-16,REJECTED_INSUFFICIENT_TOUCHES,,3.0,2.7,0.09999999999999994,255
ADTM,187,2007-10-29,REJECTED_TOO_SHORT,,3.0,2.25,0.25,0
ADTM,195,2007-12-24,REJECTED_INSUFFICIENT_TOUCHES,,1.7,3.0,0.7647058823529412,94
AEL,9,2007-04-20,VALID,up,14.6,6.99,0.5212328767123288,3499
AEL,23,2010-03-29,REJECTED_HEIGHT_FLOOR,,7.0,6.67,0.04714285714285715,1445
AEL,34,2010-10-21,EXPIRED_NO_BREAKOUT,,5.5,12.99,1.3618181818181818,60
AEL,61,2012-04-16,EXPIRED_NO_BREAKOUT,,5.75,6.67,0.15999999999999998,60
AEL,83,2012-11-28,EXPIRED_NO_BREAKOUT,,4.0,6.67,0.6675,60
AEL,100,2013-01-15,EXPIRED_NO_BREAKOUT,,4.0,6.67,0.6675,60
AEL,112,2013-03-20,VALID,down,7.0,4.5,0.35714285714285715,2421
AEL,131,2013-06-04,EXPIRED_NO_BREAKOUT,,5.5,6.67,0.2127272727272727,60
AEL,145,2013-06-28,VALID,down,15.015,9.9,0.34065934065934067,1629
AEL,163,2013-07-24,VALID,down,5.51,6.67,0.21052631578947373,40
AEL,179,2013-08-23,EXPIRED_NO_BREAKOUT,,5.5,6.635,0.20636363636363633,60
AEL,204,2013-10-09,EXPIRED_NO_BREAKOUT,,3.85,6.99,0.8155844155844156,60
AEL,214,2013-10-29,EXPIRED_NO_BREAKOUT,,3.0,6.67,1.2233333333333334,60
AEL,224,2013-12-05,VALID,down,7.0,4.05,0.42142857142857143,1930
AEL,243,2014-01-10,VALID,down,5.81,6.99,0.20309810671256467,24
AEL,259,2014-02-04,REJECTED_TOO_SHORT,,5.5,6.67,0.2127272727272727,16
AEL,268,2014-02-18,REJECTED_TOO_SHORT,,5.62,6.67,0.18683274021352309,2
AEL,285,2014-03-13,REJECTED_HEIGHT_FLOOR,,6.95,6.67,0.0402877697841727,0
AEL,297,2014-03-31,EXPIRED_NO_BREAKOUT,,6.11,6.67,0.09165302782324052,60
AEL,311,2014-04-18,EXPIRED_NO_BREAKOUT,,6.0,7.36,0.2266666666666667,60
AEL,324,2014-05-14,VALID,down,6.0,6.67,0.11166666666666665,36
AEL,335,2014-06-03,REJECTED_TOO_SHORT,,6.0,6.67,0.11166666666666665,16
AEL,345,2014-06-19,REJECTED_TOO_SHORT,,5.8,6.67,0.15000000000000002,20
AEL,358,2014-07-18,EXPIRED_NO_BREAKOUT,,4.0,5.3,0.32499999999999996,60
AEL,375,2014-08-27,EXPIRED_NO_BREAKOUT,,4.0,6.67,0.6675,60
AEL,384,2014-09-23,VALID,up,4.0,5.324999999999999,0.3312499999999998,43
AEL,393,2014-10-10,VALID,up,4.56,6.67,0.46271929824561414,49
AEL,409,2014-11-10,EXPIRED_NO_BREAKOUT,,5.0,6.1,0.21999999999999992,60
AEL,420,2014-11-25,REJECTED_TOO_SHORT,,5.0,6.67,0.33399999999999996,3
AEL,434,2014-12-16,VALID,up,6.3,6.99,0.10952380952380959,1379
AEL,447,2015-01-12,EXPIRED_NO_BREAKOUT,,5.0,7.6,0.5199999999999999,60
AEL,467,2015-02-13,VALID,down,5.0,6.96,0.392,45
AEL,486,2015-03-27,REJECTED_TOO_SHORT,,5.0,5.89,0.17799999999999994,3
AEL,497,2015-04-16,EXPIRED_NO_BREAKOUT,,5.23,6.99,0.3365200764818355,60
AEL,513,2015-05-29,REJECTED_TOO_SHORT,,5.55,6.67,0.20180180180180182,6
AEL,526,2015-06-26,REJECTED_HEIGHT_FLOOR,,6.6,6.67,0.01060606060606065,45
AEL,533,2015-07-15,EXPIRED_NO_BREAKOUT,,5.0,7.55,0.51,60
AEL,545,2015-08-10,REJECTED_HEIGHT_FLOOR,,6.56,6.67,0.01676829268292688,0
AEL,556,2015-09-30,EXPIRED_NO_BREAKOUT,,5.0,7.4,0.4800000000000001,60
AEL,567,2015-12-10,VALID,up,6.0,6.67,0.11166666666666665,29
AEL,576,2016-01-20,REJECTED_TOO_SHORT,,6.0,6.97,0.16166666666666663,2
AEL,597,2016-03-18,VALID,up,4.0,6.99,0.7475,41
AEL,615,2016-05-09,REJECTED_HEIGHT_FLOOR,,7.11,6.99,0.016877637130801704,806
AEL,640,2016-06-16,REJECTED_TOO_SHORT,,10.15,6.99,0.31133004926108376,8
AEL,654,2016-07-18,REJECTED_TOO_SHORT,,11.35,6.99,0.38414096916299556,11
AEL,665,2016-08-02,EXPIRED_NO_BREAKOUT,,7.0,13.34,0.9057142857142857,60
AEL,698,2016-09-22,VALID,up,15.0,6.99,0.534,85
AEL,711,2016-10-13,REJECTED_INSUFFICIENT_TOUCHES,,7.0,23.0,2.2857142857142856,2640
AEL,726,2016-11-03,EXPIRED_NO_BREAKOUT,,4.0,18.22,3.5549999999999997,60
AEL,739,2016-11-22,EXPIRED_NO_BREAKOUT,,4.0,18.15,3.5374999999999996,60
AEL,748,2016-12-05,REJECTED_TOO_SHORT,,15.65,6.99,0.5533546325878594,0
AEL,758,2016-12-22,VALID,down,15.015,15.995000000000001,0.06526806526806529,47
AEL,766,2017-01-04,REJECTED_TOO_SHORT,,15.0,6.99,0.534,0
AEL,781,2017-01-26,REJECTED_TOO_SHORT,,15.015,16.05,0.06893106893106894,12
AEL,793,2017-02-13,REJECTED_TOO_SHORT,,14.11,6.99,0.5046066619418852,15
AEL,801,2017-02-28,REJECTED_TOO_SHORT,,14.0,6.99,0.5007142857142857,0
AEL,821,2017-04-10,REJECTED_INSUFFICIENT_TOUCHES,,7.0,12.7,0.8142857142857142,2461
AEL,834,2017-05-08,REJECTED_TOO_SHORT,,15.015,13.055,0.13053613053613058,0
AEL,849,2017-06-01,REJECTED_TOO_SHORT,,14.3,6.99,0.5111888111888112,0
AEL,860,2017-07-13,REJECTED_TOO_SHORT,,15.015,16.35,0.08891108891108897,7
AEL,870,2017-08-25,REJECTED_TOO_SHORT,,12.06,6.99,0.4203980099502488,0
AEL,879,2017-10-02,REJECTED_TOO_SHORT,,15.015,13.1,0.1275391275391276,0
AEL,901,2017-12-13,REJECTED_TOO_SHORT,,15.015,9.9,0.34065934065934067,0
AEL,907,2018-01-08,REJECTED_TOO_SHORT,,15.015,9.940000000000001,0.33799533799533793,0
AEL,919,2018-02-16,VALID,up,9.46,6.99,0.2610993657505286,1895
AEL,931,2018-03-30,REJECTED_TOO_SHORT,,15.015,10.39,0.30802530802530803,0
AEL,942,2018-04-17,REJECTED_TOO_SHORT,,8.4,6.99,0.16785714285714287,0
AEL,956,2018-05-11,REJECTED_INSUFFICIENT_TOUCHES,,7.85,6.99,0.10955414012738847,2065
AEL,964,2018-05-23,REJECTED_TOO_SHORT,,15.015,9.98,0.3353313353313353,0
AEL,977,2018-06-13,REJECTED_TOO_SHORT,,15.015,8.82,0.4125874125874126,0
AEL,990,2018-07-05,REJECTED_HEIGHT_FLOOR,,6.6,6.99,0.05909090909090918,0
AEL,1001,2018-07-26,REJECTED_TOO_SHORT,,7.0,9.48,0.35428571428571437,20
AEL,1016,2018-08-20,EXPIRED_NO_BREAKOUT,,7.0,10.9,0.5571428571428572,60
AEL,1039,2018-10-03,VALID,down,7.0,10.3,0.47142857142857153,34
AEL,1050,2018-10-23,REJECTED_HEIGHT_FLOOR,,7.21,6.99,0.03051317614424407,0
AEL,1068,2018-11-26,REJECTED_TOO_SHORT,,6.0,6.99,0.16500000000000004,7
AEL,1079,2018-12-19,REJECTED_TOO_SHORT,,7.0,5.69,0.18714285714285708,0
AEL,1091,2019-01-11,REJECTED_TOO_SHORT,,4.8,6.99,0.4562500000000001,14
AEL,1100,2019-01-31,REJECTED_TOO_SHORT,,7.0,5.79,0.17285714285714285,0
AEL,1114,2019-03-18,EXPIRED_NO_BREAKOUT,,3.7,6.99,0.8891891891891892,60
AEL,1127,2019-04-11,VALID,down,3.35,6.99,1.0865671641791046,27
AEL,1136,2019-05-06,REJECTED_TOO_SHORT,,7.0,5.64,0.19428571428571434,0
AEL,1150,2019-06-19,REJECTED_INSUFFICIENT_TOUCHES,,2.3,6.99,2.039130434782609,1661
AEL,1159,2019-07-04,REJECTED_TOO_SHORT,,7.0,5.5,0.21428571428571427,0
AEL,1168,2019-08-02,REJECTED_INSUFFICIENT_TOUCHES,,7.0,4.69,0.32999999999999996,1617
AEL,1178,2019-09-11,EXPIRED_NO_BREAKOUT,,3.0149999999999997,6.99,1.3184079601990053,60
AEL,1185,2019-10-24,REJECTED_TOO_SHORT,,7.0,4.99,0.2871428571428571,0
AEL,1193,2019-11-05,REJECTED_TOO_SHORT,,7.0,4.45,0.36428571428571427,0
AEL,1205,2019-12-02,REJECTED_TOO_SHORT,,7.0,4.19,0.40142857142857136,0
AEL,1225,2020-01-23,REJECTED_TOO_SHORT,,6.13,6.99,0.14029363784665586,1
AEL,1237,2020-02-11,REJECTED_TOO_SHORT,,7.0,7.734999999999999,0.10499999999999991,2
AEL,1260,2020-03-20,REJECTED_TOO_SHORT,,7.0,5.8,0.17142857142857146,0
AEL,1274,2020-04-20,REJECTED_TOO_SHORT,,7.0,4.6,0.3428571428571429,0
AEL,1288,2020-06-03,EXPIRED_NO_BREAKOUT,,3.8,6.99,0.8394736842105265,60
AEL,1294,2020-06-17,REJECTED_TOO_SHORT,,7.0,4.195,0.4007142857142857,0
AEL,1314,2020-07-17,VALID,up,5.24,6.99,0.33396946564885494,48
AEL,1324,2020-08-03,REJECTED_INSUFFICIENT_TOUCHES,,5.11,6.99,0.3679060665362035,1250
AEL,1334,2020-08-18,REJECTED_TOO_SHORT,,7.0,6.25,0.10714285714285714,0
AEL,1351,2020-09-10,REJECTED_INSUFFICIENT_TOUCHES,,7.0,8.65,0.23571428571428577,1212
AEL,1368,2020-10-05,REJECTED_INSUFFICIENT_TOUCHES,,9.81,6.99,0.28746177370030584,1187
AEL,1381,2020-10-23,EXPIRED_NO_BREAKOUT,,7.0,16.9,1.4142857142857141,60
AEL,1401,2020-11-30,REJECTED_TOO_SHORT,,9.0,6.99,0.2233333333333333,0
AEL,1411,2020-12-14,REJECTED_TOO_SHORT,,7.0,10.36,0.4799999999999999,4
AEL,1421,2020-12-30,REJECTED_TOO_SHORT,,9.26,6.99,0.24514038876889846,0
AEL,1430,2021-01-18,REJECTED_INSUFFICIENT_TOUCHES,,7.0,11.5,0.6428571428571429,1082
AEL,1454,2021-05-24,EXPIRED_NO_BREAKOUT,,7.0,14.99,1.1414285714285715,60
AEL,1461,2021-06-02,VALID,up,13.0,6.99,0.4623076923076923,36
AEL,1477,2021-08-31,REJECTED_TOO_SHORT,,7.0,14.9,1.1285714285714286,14
AEL,1505,2021-12-17,REJECTED_TOO_SHORT,,15.79,6.99,0.5573147561747941,0
AEL,1516,2022-01-05,VALID,up,7.0,14.5,1.0714285714285714,27
AEL,1538,2022-05-30,REJECTED_TOO_SHORT,,12.0,6.99,0.4175,0
AEL,1553,2022-11-08,REJECTED_TOO_SHORT,,12.95,6.99,0.4602316602316602,0
AEL,1584,2023-05-02,REJECTED_TOO_SHORT,,7.0,13.44,0.9199999999999999,9
AEL,1606,2023-07-10,EXPIRED_NO_BREAKOUT,,7.0,31.5,3.5,60
AEL,1615,2023-07-21,REJECTED_INSUFFICIENT_TOUCHES,,7.0,30.0,3.2857142857142856,168
AEL,1641,2023-09-21,REJECTED_TOO_SHORT,,15.4,6.99,0.5461038961038961,0
AEL,1654,2023-10-18,REJECTED_TOO_SHORT,,19.6,6.99,0.6433673469387755,0
AEL,1667,2023-11-15,VALID,up,7.0,26.97,2.8528571428571428,27
AEL,1692,2023-12-20,REJECTED_INSUFFICIENT_TOUCHES,,26.5,6.99,0.7362264150943395,16
AGF,4,2005-01-07,EXPIRED_NO_BREAKOUT,,19.9,26.35,0.32412060301507556,60
AGF,18,2005-01-31,VALID,down,23.75,21.9,0.07789473684210532,161
AGF,37,2005-02-25,VALID,down,27.5,21.9,0.2036363636363637,136
AGF,59,2005-03-30,EXPIRED_NO_BREAKOUT,,19.9,26.2,0.31658291457286436,60
AGF,73,2005-04-19,REJECTED_INSUFFICIENT_TOUCHES,,20.0,22.35,0.11750000000000008,412
AGF,88,2005-05-12,REJECTED_INSUFFICIENT_TOUCHES,,20.0,22.75,0.1375,389
AGF,104,2005-06-06,REJECTED_INSUFFICIENT_TOUCHES,,19.35,30.975,0.6007751937984496,364
AGF,116,2005-06-22,VALID,up,19.95,21.9,0.0977443609022556,33
AGF,131,2005-07-13,REJECTED_HEIGHT_FLOOR,,21.35,21.9,0.025761124121779725,0
AGF,149,2005-08-08,VALID,up,20.0,23.5,0.175,43
AGF,191,2005-10-10,REJECTED_INSUFFICIENT_TOUCHES,,20.0,26.85,0.3425000000000001,238
AGF,205,2005-11-07,REJECTED_TOO_SHORT,,23.7,21.9,0.07594936708860762,0
AGF,219,2005-11-28,REJECTED_TOO_SHORT,,20.0,27.65,0.38249999999999995,18
AGF,236,2005-12-21,REJECTED_INSUFFICIENT_TOUCHES,,20.0,29.6,0.4800000000000001,166
AGF,247,2006-01-05,VALID,up,29.0,21.9,0.2448275862068966,69
AGF,261,2006-01-31,REJECTED_TOO_SHORT,,20.0,31.15,0.5574999999999999,7
AGF,274,2006-02-21,EXPIRED_NO_BREAKOUT,,20.0,35.45,0.7725000000000002,60
AGF,290,2006-03-15,REJECTED_TOO_SHORT,,29.3,21.9,0.25255972696245743,0
AGF,310,2006-04-17,EXPIRED_NO_BREAKOUT,,20.0,34.1,0.7050000000000001,49
AGF,331,2006-05-19,REJECTED_INSUFFICIENT_TOUCHES,,32.0,30.975,0.032031249999999956,17
AGHA,15,2020-11-23,EXPIRED_NO_BREAKOUT,,30.85,40.7,0.3192868719611021,60
AGHA,31,2020-12-15,REJECTED_HEIGHT_FLOOR,,37.9,38.39,0.012928759894459156,65
AGHA,43,2021-01-01,VALID,up,37.9,40.7,0.07387862796833784,53
AGHA,58,2021-01-22,REJECTED_INSUFFICIENT_TOUCHES,,35.5,9.405000000000001,0.7350704225352113,2001
AGHA,71,2021-02-11,REJECTED_TOO_SHORT,,37.9,40.835,0.07744063324538265,12
AGHA,80,2021-02-24,REJECTED_INSUFFICIENT_TOUCHES,,15.004999999999999,42.39,1.8250583138953684,1968
AGHA,98,2021-03-22,REJECTED_TOO_SHORT,,31.0,40.7,0.3129032258064517,7
AGHA,107,2021-04-05,REJECTED_TOO_SHORT,,30.675,32.19,0.04938875305623462,18
AGHA,118,2021-04-20,REJECTED_HEIGHT_FLOOR,,30.875,32.22,0.04356275303643721,0
AGHA,135,2021-05-21,REJECTED_TOO_SHORT,,28.51,32.19,0.12907751666082062,12
AGHA,151,2021-06-14,REJECTED_INSUFFICIENT_TOUCHES,,15.004999999999999,36.35,1.4225258247250918,1858
AGHA,162,2021-06-29,EXPIRED_NO_BREAKOUT,,30.95,34.9,0.12762520193861066,60
AGHA,173,2021-07-14,REJECTED_HEIGHT_FLOOR,,31.9,32.19,0.009090909090909064,0
AGHA,193,2021-08-16,REJECTED_HEIGHT_FLOOR,,31.0,32.19,0.038387096774193476,0
AGHA,212,2021-09-14,REJECTED_TOO_SHORT,,28.97,32.19,0.11114946496375558,7
AGHA,222,2021-09-28,REJECTED_INSUFFICIENT_TOUCHES,,15.004999999999999,28.69,0.9120293235588139,1752
AGHA,234,2021-10-14,VALID,down,26.0,32.19,0.238076923076923,49
AGHA,256,2021-11-17,REJECTED_HEIGHT_FLOOR,,30.95,29.69,0.040710823909531436,0
AGHA,273,2021-12-10,REJECTED_INSUFFICIENT_TOUCHES,,21.5,9.405000000000001,0.5625581395348836,1679
AGHA,293,2022-01-07,REJECTED_TOO_SHORT,,25.6,27.9,0.08984374999999989,12
AGHA,312,2022-02-03,REJECTED_INSUFFICIENT_TOUCHES,,15.004999999999999,24.98,0.664778407197601,1624
AGHA,346,2022-03-24,REJECTED_INSUFFICIENT_TOUCHES,,17.65,9.405000000000001,0.46713881019830017,1575
AGHA,359,2022-04-12,REJECTED_TOO_SHORT,,30.95,18.97,0.38707592891760906,7
AGHA,382,2022-05-20,REJECTED_TOO_SHORT,,30.95,16.25,0.47495961227786754,7
AGHA,396,2022-06-09,REJECTED_INSUFFICIENT_TOUCHES,,15.004999999999999,15.0,0.0003332222592468514,1498
AGHA,408,2022-06-27,VALID,up,14.45,12.1,0.16262975778546712,505
AGHA,418,2022-07-14,REJECTED_HEIGHT_FLOOR,,15.0,15.8,0.05333333333333338,102
AGHA,430,2022-08-01,VALID,up,13.51,16.22,0.20059215396002955,31
AGHA,448,2022-08-29,REJECTED_TOO_SHORT,,14.95,16.22,0.0849498327759197,3
AGHA,467,2022-09-23,EXPIRED_NO_BREAKOUT,,13.81,16.25,0.17668356263577115,60
AGHA,477,2022-10-07,REJECTED_TOO_SHORT,,15.0,16.95,0.12999999999999995,19
AGHA,492,2022-10-28,VALID,down,13.8,16.25,0.1775362318840579,31
AGHA,512,2022-11-28,REJECTED_INSUFFICIENT_TOUCHES,,12.8,9.405000000000001,0.26523437499999997,1326
AGHA,523,2022-12-13,REJECTED_TOO_SHORT,,15.0,13.49,0.10066666666666665,0
AGHA,545,2023-01-12,VALID,down,15.004999999999999,13.27,0.11562812395868041,644
AGHA,565,2023-02-09,VALID,down,15.0,12.45,0.17000000000000004,70
AGHA,584,2023-03-08,REJECTED_TOO_SHORT,,15.0,11.87,0.20866666666666672,0
AGHA,600,2023-03-31,REJECTED_TOO_SHORT,,15.0,12.26,0.18266666666666667,0
AGHA,623,2023-05-10,REJECTED_TOO_SHORT,,10.86,16.25,0.49631675874769804,13
AGHA,646,2023-06-12,EXPIRED_NO_BREAKOUT,,10.0,12.1,0.20999999999999996,60
AGHA,665,2023-07-12,REJECTED_TOO_SHORT,,15.0,11.99,0.20066666666666666,0
AGHA,679,2023-08-02,REJECTED_TOO_SHORT,,15.0,12.1,0.19333333333333336,0
AGHA,703,2023-09-06,VALID,up,9.1,12.1,0.32967032967032966,42
AGHA,725,2023-10-09,REJECTED_TOO_SHORT,,10.3,12.1,0.17475728155339795,9
AGHA,744,2023-11-03,REJECTED_TOO_SHORT,,15.0,16.705,0.11366666666666655,11
AGHA,754,2023-11-20,REJECTED_TOO_SHORT,,14.45,12.1,0.16262975778546712,0
AGHA,771,2023-12-13,REJECTED_TOO_SHORT,,15.0,16.1,0.07333333333333343,6
AGHA,785,2024-01-03,REJECTED_HEIGHT_FLOOR,,15.004999999999999,15.42,0.027657447517494233,0
AGHA,801,2024-01-25,REJECTED_TOO_SHORT,,15.004999999999999,13.515,0.09930023325558138,0
AGHA,812,2024-02-13,VALID,up,10.73,12.1,0.12767940354147242,27
AGHA,821,2024-02-26,REJECTED_TOO_SHORT,,10.9,12.1,0.11009174311926599,14
AGHA,848,2024-04-03,EXPIRED_NO_BREAKOUT,,9.6,12.1,0.2604166666666667,60
AGHA,860,2024-04-25,VALID,down,15.004999999999999,11.37,0.24225258247250916,40
AGHA,874,2024-05-16,REJECTED_TOO_SHORT,,10.030000000000001,12.1,0.20638085742771667,14
AGHA,886,2024-06-04,REJECTED_TOO_SHORT,,15.004999999999999,11.3,0.2469176941019659,0
AGHA,899,2024-06-26,REJECTED_TOO_SHORT,,10.0,12.1,0.20999999999999996,16
AGHA,924,2024-08-02,EXPIRED_NO_BREAKOUT,,8.78,12.1,0.3781321184510251,60
AGHA,953,2024-09-13,REJECTED_HEIGHT_FLOOR,,15.004999999999999,15.45,0.029656781072975695,0
AGHA,976,2024-10-17,REJECTED_TOO_SHORT,,15.004999999999999,13.11,0.12629123625458177,0
AGHA,996,2024-11-14,REJECTED_TOO_SHORT,,9.72,12.1,0.24485596707818919,12
AGHA,1013,2024-12-09,REJECTED_TOO_SHORT,,10.6,12.1,0.14150943396226415,10
AGHA,1022,2024-12-20,EXPIRED_NO_BREAKOUT,,9.82,12.1,0.23217922606924637,60
AGHA,1036,2025-01-10,REJECTED_TOO_SHORT,,10.06,12.1,0.20278330019880705,18
AGHA,1058,2025-02-12,REJECTED_TOO_SHORT,,15.004999999999999,10.2,0.32022659113628793,8
AGHA,1071,2025-03-03,VALID,down,8.71,12.1,0.3892078071182547,56
AGHA,1083,2025-03-19,VALID,down,8.65,12.1,0.39884393063583806,40
AGHA,1091,2025-04-04,REJECTED_TOO_SHORT,,15.004999999999999,9.5,0.36687770743085635,0
AGHA,1106,2025-04-25,REJECTED_TOO_SHORT,,15.004999999999999,9.25,0.38353882039320225,0
AGHA,1121,2025-05-19,REJECTED_TOO_SHORT,,15.004999999999999,9.08,0.39486837720759743,0
AGHA,1137,2025-06-13,EXPIRED_NO_BREAKOUT,,8.51,12.1,0.4218566392479436,60
AGHA,1157,2025-07-11,REJECTED_TOO_SHORT,,15.004999999999999,9.75,0.35021659446851044,0
AGHA,1169,2025-07-29,REJECTED_TOO_SHORT,,15.004999999999999,10.379999999999999,0.3082305898033989,0
AGHA,1178,2025-08-11,EXPIRED_NO_BREAKOUT,,8.83,12.1,0.3703284258210645,60
AGHA,1190,2025-08-28,VALID,down,8.86,9.43,0.06433408577878108,57
AGHA,1201,2025-09-12,REJECTED_TOO_SHORT,,15.004999999999999,10.36,0.30956347884038654,0
AGHA,1222,2025-10-13,REJECTED_TOO_SHORT,,8.71,9.43,0.08266360505166462,14
AGHA,1237,2025-11-03,REJECTED_TOO_SHORT,,15.004999999999999,8.32,0.4455181606131289,0
AGHA,1248,2025-11-18,REJECTED_TOO_SHORT,,15.004999999999999,9.385000000000002,0.37454181939353537,0
AGHA,1261,2025-12-05,EXPIRED_NO_BREAKOUT,,8.01,9.42,0.1760299625468165,60
AGHA,1276,2025-12-29,VALID,down,8.055,9.405000000000001,0.16759776536312868,52
AGHA,1284,2026-01-08,REJECTED_TOO_SHORT,,15.004999999999999,9.61,0.3595468177274242,0
AGHA,1306,2026-02-10,REJECTED_TOO_SHORT,,15.004999999999999,9.37,0.37554148617127625,0
AGHA,1325,2026-03-09,REJECTED_INSUFFICIENT_TOUCHES,,5.85,9.405000000000001,0.607692307692308,129
AGHA,1335,2026-03-25,REJECTED_INSUFFICIENT_TOUCHES,,15.004999999999999,6.85,0.5434855048317228,113
AGHA,1345,2026-04-08,REJECTED_TOO_SHORT,,15.004999999999999,7.18,0.5214928357214261,0
AGHA,1357,2026-04-24,REJECTED_TOO_SHORT,,15.004999999999999,8.53,0.4315228257247584,0
AGHA,1372,2026-05-19,REJECTED_INSUFFICIENT_TOUCHES,,7.4,9.405000000000001,0.27094594594594607,58
AGHA,1384,2026-06-10,REJECTED_TOO_SHORT,,15.004999999999999,8.58,0.4281906031322892,0
AGHA,1401,2026-07-07,REJECTED_TOO_SHORT,,15.004999999999999,8.44,0.43752082639120293,0
AGHA-APR,7,2024-04-03,REJECTED_INSUFFICIENT_TOUCHES,,9.82,11.0,0.120162932790224,751
AGHA-APR,18,2024-04-24,REJECTED_INSUFFICIENT_TOUCHES,,6.029999999999999,11.35,0.8822553897180764,730
AGHA-APR,32,2025-04-10,REJECTED_INSUFFICIENT_TOUCHES,,6.029999999999999,9.45,0.5671641791044777,379
AGHA-APR,45,2026-03-09,REJECTED_INSUFFICIENT_TOUCHES,,6.0,11.0,0.8333333333333334,46
AGHA-APR,56,2026-04-03,REJECTED_INSUFFICIENT_TOUCHES,,6.06,11.0,0.8151815181518153,21
AGHA-APR,67,2026-04-20,REJECTED_INSUFFICIENT_TOUCHES,,6.92,11.0,0.5895953757225434,4
AGHA-AUG,5,2024-07-31,REJECTED_INSUFFICIENT_TOUCHES,,8.8,9.5,0.07954545454545446,712
AGHA-AUG,18,2024-08-21,REJECTED_INSUFFICIENT_TOUCHES,,8.3,9.5,0.14457831325301196,691
AGHA-AUG,31,2025-07-25,REJECTED_INSUFFICIENT_TOUCHES,,8.75,9.5,0.08571428571428572,353
AGHA-AUG,47,2025-08-19,VALID,down,8.805,9.45,0.07325383304940371,328
AGHA-DEC,11,2024-12-09,REJECTED_INSUFFICIENT_TOUCHES,,10.7,8.66,0.19065420560747656,382
AGHA-DEC,20,2024-12-20,REJECTED_INSUFFICIENT_TOUCHES,,9.86,8.66,0.12170385395537518,371
AGHA-DEC,35,2025-12-05,REJECTED_INSUFFICIENT_TOUCHES,,8.1,8.66,0.06913580246913587,21
AGHA-FEB,3,2024-01-30,REJECTED_INSUFFICIENT_TOUCHES,,12.21,10.23,0.1621621621621622,759
AGHA-FEB,16,2024-02-23,REJECTED_INSUFFICIENT_TOUCHES,,9.825,12.58,0.28040712468193396,735
AGHA-FEB,28,2025-02-13,REJECTED_INSUFFICIENT_TOUCHES,,9.825,10.29,0.047328244274809146,379
AGHA-FEB,39,2025-02-28,REJECTED_INSUFFICIENT_TOUCHES,,8.8,10.23,0.16249999999999995,364
AGHA-FEB,56,2026-01-30,REJECTED_INSUFFICIENT_TOUCHES,,7.53,10.23,0.35856573705179284,28
AGHA-JAN,15,2024-01-22,REJECTED_INSUFFICIENT_TOUCHES,,10.2,14.71,0.44215686274509824,739
AGHA-JAN,24,2024-12-27,REJECTED_INSUFFICIENT_TOUCHES,,10.165,14.71,0.4471224790949338,399
AGHA-JAN,37,2025-01-15,REJECTED_INSUFFICIENT_TOUCHES,,10.2,10.95,0.07352941176470588,380
AGHA-JAN,59,2025-12-29,REJECTED_INSUFFICIENT_TOUCHES,,8.21,14.71,0.7917174177831912,32
AGHA-JAN,72,2026-01-15,REJECTED_INSUFFICIENT_TOUCHES,,8.8,14.71,0.671590909090909,15
AGHA-JUL,11,2024-06-21,REJECTED_INSUFFICIENT_TOUCHES,,10.1,11.33,0.12178217821782183,755
AGHA-JUL,37,2025-06-23,REJECTED_INSUFFICIENT_TOUCHES,,7.75,8.98,0.1587096774193549,388
AGHA-JUL,51,2025-07-11,REJECTED_INSUFFICIENT_TOUCHES,,10.1,9.8,0.029702970297029598,370
AGHA-JUL,71,2026-07-01,REJECTED_INSUFFICIENT_TOUCHES,,7.87,8.98,0.1410419313850064,15
AGHA-JUN,4,2024-06-04,REJECTED_INSUFFICIENT_TOUCHES,,7.505,11.49,0.5309793471019321,750
AGHA-JUN,20,2025-05-19,REJECTED_INSUFFICIENT_TOUCHES,,8.22,9.5,0.15571776155717754,401
AGHA-JUN,31,2025-06-11,REJECTED_INSUFFICIENT_TOUCHES,,7.505,9.5,0.2658227848101266,378
AGHA-JUN,39,2025-06-23,REJECTED_INSUFFICIENT_TOUCHES,,7.5,9.5,0.26666666666666666,366
AGHA-JUN,50,2026-05-22,REJECTED_INSUFFICIENT_TOUCHES,,7.505,8.3,0.10592938041305808,33
AGHA-MAR,6,2024-02-09,REJECTED_INSUFFICIENT_TOUCHES,,11.030000000000001,13.98,0.2674524025385312,777
AGHA-MAR,16,2024-02-26,REJECTED_INSUFFICIENT_TOUCHES,,11.06,13.99,0.2649186256781193,760
AGHA-MAR,27,2024-03-12,REJECTED_INSUFFICIENT_TOUCHES,,11.030000000000001,13.34,0.2094288304623752,745
AGHA-MAR,49,2025-03-03,REJECTED_INSUFFICIENT_TOUCHES,,8.81,13.99,0.5879682179341656,389
AGHA-MAR,65,2025-03-25,REJECTED_INSUFFICIENT_TOUCHES,,11.030000000000001,9.98,0.09519492293744339,367
AGHA-MAR,80,2026-03-05,REJECTED_INSUFFICIENT_TOUCHES,,11.030000000000001,7.1,0.35630099728014514,22
AGHA-MAR,90,2026-03-19,REJECTED_INSUFFICIENT_TOUCHES,,6.35,13.99,1.2031496062992129,8
AGHA-MAY,12,2024-04-22,REJECTED_INSUFFICIENT_TOUCHES,,10.58,9.0,0.14933837429111532,770
AGHA-MAY,21,2024-05-06,REJECTED_INSUFFICIENT_TOUCHES,,10.58,10.5,0.00756143667296787,756
AGHA-MAY,45,2025-04-28,REJECTED_INSUFFICIENT_TOUCHES,,10.58,9.49,0.10302457466918713,399
AGHA-MAY,53,2025-05-09,REJECTED_INSUFFICIENT_TOUCHES,,6.0,9.0,0.5,388
AGHA-MAY,67,2025-05-30,REJECTED_INSUFFICIENT_TOUCHES,,10.58,9.0,0.14933837429111532,367
AGHA-MAY,79,2026-04-30,REJECTED_INSUFFICIENT_TOUCHES,,7.12,9.0,0.2640449438202247,32
AGHA-NOV,4,2024-10-21,REJECTED_INSUFFICIENT_TOUCHES,,12.0,13.1,0.09166666666666663,403
AGHA-NOV,22,2024-11-14,REJECTED_INSUFFICIENT_TOUCHES,,9.7,13.1,0.35051546391752586,379
AGHA-NOV,34,2025-09-25,REJECTED_INSUFFICIENT_TOUCHES,,12.0,10.49,0.12583333333333332,64
AGHA-NOV,46,2025-11-10,REJECTED_INSUFFICIENT_TOUCHES,,12.0,8.97,0.25249999999999995,18
AGHA-OCT,10,2024-10-07,REJECTED_INSUFFICIENT_TOUCHES,,10.25,13.2,0.2878048780487804,389
AGHA-OCT,34,2025-09-30,REJECTED_INSUFFICIENT_TOUCHES,,10.25,10.8,0.05365853658536592,31
AGHA-SEP,5,2024-08-05,REJECTED_INSUFFICIENT_TOUCHES,,9.0,11.06,0.22888888888888895,417
AGHA-SEP,15,2024-08-21,REJECTED_INSUFFICIENT_TOUCHES,,9.0,10.45,0.16111111111111104,401
AGHA-SEP,46,2025-08-26,REJECTED_INSUFFICIENT_TOUCHES,,8.85,10.45,0.18079096045197737,31
AGHA-SEP,59,2025-09-12,REJECTED_INSUFFICIENT_TOUCHES,,9.0,10.45,0.16111111111111104,14
AGIC,8,2005-01-13,EXPIRED_NO_BREAKOUT,,14.0419,15.1535,0.07916307622187875,60
AGIC,21,2005-02-07,EXPIRED_NO_BREAKOUT,,14.627,17.4353,0.19199425719559723,60
AGIC,39,2005-03-07,VALID,up,15.2121,9.09555,0.40208452481905854,3308
AGIC,55,2005-04-04,EXPIRED_NO_BREAKOUT,,13.7494,15.1535,0.10212081981759202,60
AGIC,65,2005-05-03,EXPIRED_NO_BREAKOUT,,12.3452,16.3237,0.32227100411495957,60
AGIC,76,2005-05-23,VALID,up,13.7494,15.1535,0.10212081981759202,21
AGIC,84,2005-06-02,REJECTED_TOO_SHORT,,13.7494,15.1535,0.10212081981759202,11
AGIC,101,2005-07-27,REJECTED_HEIGHT_FLOOR,,14.978,15.1535,0.011717185204967255,20
AGIC,108,2005-08-22,EXPIRED_NO_BREAKOUT,,13.7494,16.3822,0.19148471933320738,60
AGIC,123,2005-09-27,REJECTED_TOO_SHORT,,13.7494,15.2559,0.10956841753094687,17
AGIC,133,2005-10-12,EXPIRED_NO_BREAKOUT,,14.627,15.7679,0.07799958979968541,60
AGIC,142,2005-11-07,REJECTED_HEIGHT_FLOOR,,14.627,15.1535,0.03599507759622606,0
AGIC,150,2005-11-22,REJECTED_HEIGHT_FLOOR,,14.627,15.1535,0.03599507759622606,0
AGIC,159,2005-12-07,REJECTED_HEIGHT_FLOOR,,14.627,15.1535,0.03599507759622606,0
AGIC,168,2005-12-20,REJECTED_HEIGHT_FLOOR,,14.627,14.9195,0.01999726533123666,0
AGIC,179,2006-01-05,REJECTED_HEIGHT_FLOOR,,14.627,15.5046,0.05999863266561833,0
AGIC,194,2006-02-03,REJECTED_HEIGHT_FLOOR,,15.7971,15.5046,0.018516056744592387,0
AGIC,208,2006-03-07,REJECTED_HEIGHT_FLOOR,,14.627,15.5046,0.05999863266561833,0
AGIC,220,2006-03-27,EXPIRED_NO_BREAKOUT,,14.627,18.9273,0.2939974020646748,60
AGIC,239,2006-04-27,REJECTED_TOO_SHORT,,14.627,16.250549999999997,0.11099678676420292,5
AGIC,258,2006-05-26,EXPIRED_NO_BREAKOUT,,14.627,23.2569,0.5899979489984276,60
AGIC,271,2006-06-14,VALID,up,20.0974,16.250549999999997,0.1914103316846957,799
AGIC,284,2006-07-03,VALID,up,14.627,25.1584,0.7199972653312366,31
AGIC,293,2006-07-20,REJECTED_TOO_SHORT,,14.627,24.7196,0.6899979489984275,12
AGIC,304,2006-08-11,VALID,up,24.6026,16.250549999999997,0.3394783478168975,237
AGIC,321,2006-09-12,VALID,up,14.627,24.9829,0.7079989061324947,31
AGIC,336,2006-10-09,REJECTED_TOO_SHORT,,22.8181,16.250549999999997,0.2878219483655521,0
AGIC,348,2006-11-03,EXPIRED_NO_BREAKOUT,,14.627,24.6611,0.6859984959321802,60
AGIC,374,2007-01-31,REJECTED_TOO_SHORT,,21.4139,16.250549999999997,0.2411214211330026,0
AGIC,397,2007-03-12,REJECTED_TOO_SHORT,,22.233,16.250549999999997,0.2690797463230335,0
AGIC,435,2007-05-10,EXPIRED_NO_BREAKOUT,,14.627,49.3868,2.3764134819170026,60
AGIC,443,2007-05-22,VALID,up,45.9927,16.250549999999997,0.6466711021531678,190
AGIC,472,2007-07-02,VALID,up,58.6158,16.250549999999997,0.7227616103507929,25
AGIC,492,2007-08-01,EXPIRED_NO_BREAKOUT,,14.627,61.1329,3.179455800916114,60
AGIC,503,2007-08-20,EXPIRED_NO_BREAKOUT,,14.627,55.4505,2.7909687564093795,60
AGIC,526,2007-09-24,VALID,up,45.0011,16.250549999999997,0.6388854939101489,140
AGIC,538,2007-10-17,VALID,up,49.4631,16.250549999999997,0.6714611498268407,138
AGIC,556,2007-11-13,REJECTED_TOO_SHORT,,14.627,49.3296,2.3725029055855607,17
AGIC,567,2007-11-28,REJECTED_TOO_SHORT,,46.5266,16.250549999999997,0.6507256064272912,0
AGIC,582,2007-12-19,EXPIRED_NO_BREAKOUT,,14.627,53.37205,2.648871949135161,60
AGIC,601,2008-01-21,EXPIRED_NO_BREAKOUT,,14.627,45.6494,2.1208997060231076,60
AGIC,614,2008-02-11,REJECTED_TOO_SHORT,,45.0011,16.250549999999997,0.6388854939101489,0
AGIC,627,2008-03-03,REJECTED_TOO_SHORT,,49.4631,16.250549999999997,0.6714611498268407,0
AGIC,644,2008-03-28,REJECTED_TOO_SHORT,,36.6111,16.250549999999997,0.556130517793784,20
AGIC,654,2008-04-11,EXPIRED_NO_BREAKOUT,,14.627,39.6239,1.7089560401996304,60
AGIC,666,2008-04-29,REJECTED_TOO_SHORT,,35.0856,16.250549999999997,0.5368313496135168,0
AGIC,688,2008-05-30,VALID,up,25.5515,15.2394,0.4035810030722267,2644
AGIC,707,2008-07-03,EXPIRED_NO_BREAKOUT,,14.627,34.2924,1.3444588774184725,60
AGIC,732,2008-08-21,REJECTED_TOO_SHORT,,19.8234,16.250549999999997,0.1802339659190655,0
AGIC,764,2009-03-17,VALID,down,14.627,8.7714,0.40032816025158957,456
AGIC,790,2009-04-23,EXPIRED_NO_BREAKOUT,,14.627,23.9116,0.6347576399808572,60
AGIC,807,2009-05-19,EXPIRED_NO_BREAKOUT,,14.627,20.0522,0.37090312435906186,60
AGIC,819,2009-06-08,REJECTED_HEIGHT_FLOOR,,16.864,16.250549999999997,0.03637630455407992,0
AGIC,830,2009-06-25,REJECTED_TOO_SHORT,,17.5428,16.250549999999997,0.07366269922703347,0
AGIC,845,2009-07-22,REJECTED_TOO_SHORT,,14.1487,16.3237,0.15372437043685985,9
AGIC,858,2009-08-10,VALID,down,14.627,13.7291,0.06138647706296574,116
AGIC,877,2009-09-07,REJECTED_INSUFFICIENT_TOUCHES,,14.627,13.1952,0.09788746838039247,6156
AGIC,889,2009-09-28,REJECTED_HEIGHT_FLOOR,,14.627,15.5046,0.05999863266561833,0
AGIC,899,2009-10-12,REJECTED_TOO_SHORT,,14.627,15.542349999999999,0.06257947631093172,1
AGIC,914,2009-11-12,REJECTED_TOO_SHORT,,11.441,15.5046,0.3551787431168603,7
AGIC,927,2009-12-04,REJECTED_TOO_SHORT,,14.627,13.7291,0.06138647706296574,0
AGIC,946,2010-01-07,VALID,down,12.69565,15.5046,0.22125294884468297,42
AGIC,952,2010-01-15,REJECTED_HEIGHT_FLOOR,,14.627,14.3241,0.0207082792096808,0
AGIC,961,2010-01-29,REJECTED_INSUFFICIENT_TOUCHES,,12.1579,25.1701,1.070267069148455,6012
AGIC,982,2010-03-05,VALID,down,10.5333,15.5046,0.4719603543049186,55
AGIC,995,2010-03-25,REJECTED_TOO_SHORT,,14.627,12.9512,0.11456894783619338,0
AGIC,1011,2010-04-20,REJECTED_TOO_SHORT,,11.0596,15.5046,0.4019132699193461,6
AGIC,1019,2010-04-30,REJECTED_INSUFFICIENT_TOUCHES,,9.4579,25.1701,1.661277873523721,5921
AGIC,1027,2010-05-13,REJECTED_TOO_SHORT,,14.627,10.5638,0.2777876529705339,0
AGIC,1044,2010-06-07,VALID,down,14.627,9.1451,0.3747795173309634,35
AGIC,1057,2010-06-25,EXPIRED_NO_BREAKOUT,,7.1697,15.5046,1.1625172601364075,60
AGIC,1073,2010-07-26,REJECTED_TOO_SHORT,,14.627,8.3138,0.43161277090312433,8
AGIC,1079,2010-08-06,REJECTED_TOO_SHORT,,14.627,8.3824,0.4269228139741574,0
AGIC,1097,2010-09-09,EXPIRED_NO_BREAKOUT,,6.4451,9.0765,0.4082791578098089,60
AGIC,1108,2010-10-05,REJECTED_TOO_SHORT,,14.627,9.09175,0.3784268817939428,0
AGIC,1117,2010-10-22,REJECTED_INSUFFICIENT_TOUCHES,,14.627,9.3434,0.36122239693717095,5746
AGIC,1130,2010-11-15,EXPIRED_NO_BREAKOUT,,7.8561,9.1146,0.1601939893840455,60
AGIC,1138,2010-11-30,REJECTED_INSUFFICIENT_TOUCHES,,14.627,9.7248,0.3351473302796199,5707
AGIC,1158,2010-12-31,REJECTED_TOO_SHORT,,14.627,9.1146,0.3768647022629385,0
AGIC,1170,2011-01-18,EXPIRED_NO_BREAKOUT,,7.6654,9.0765,0.18408693610248641,60
AGIC,1183,2011-02-04,REJECTED_TOO_SHORT,,14.627,8.6951,0.4055445409174814,0
AGIC,1203,2011-03-15,REJECTED_TOO_SHORT,,14.627,9.0765,0.37946947425993033,0
AGIC,1211,2011-03-28,REJECTED_TOO_SHORT,,14.627,8.75995,0.4011109591850687,0
AGIC,1235,2011-05-06,VALID,down,7.05145,9.0765,0.28718206893617615,33
AGIC,1242,2011-05-20,REJECTED_TOO_SHORT,,14.627,8.27185,0.4344807547685786,0
AGIC,1264,2011-06-27,EXPIRED_NO_BREAKOUT,,6.1857,9.0765,0.467335952277026,60
AGIC,1284,2011-08-08,EXPIRED_NO_BREAKOUT,,5.6823,9.0765,0.5973285465392535,60
AGIC,1318,2011-10-13,VALID,down,14.627,7.2154,0.506706775141861,145
AGIC,1343,2011-12-28,REJECTED_INSUFFICIENT_TOUCHES,,5.9112,25.1701,3.2580355934497227,5314
AGIC,1361,2012-02-22,REJECTED_TOO_SHORT,,14.627,6.712,0.5411225815273125,0
AGIC,1381,2012-03-29,REJECTED_TOO_SHORT,,14.627,7.5892,0.4811512955493266,0
AGIC,1389,2012-04-10,VALID,down,7.1163,9.0765,0.275452131023144,49
AGIC,1399,2012-04-25,EXPIRED_NO_BREAKOUT,,6.86455,9.0765,0.3222279683300433,60
AGIC,1421,2012-05-30,EXPIRED_NO_BREAKOUT,,6.4985,9.0765,0.39670693236900817,60
AGIC,1433,2012-07-10,REJECTED_TOO_SHORT,,14.627,7.9858,0.454037054761742,0
AGIC,1450,2012-08-27,VALID,up,6.8646,9.09555,0.32499344462896584,57
AGIC,1468,2012-10-01,VALID,up,7.6349,9.09555,0.19131226342191768,22
AGIC,1486,2012-11-15,REJECTED_HEIGHT_FLOOR,,9.2367,9.09555,0.015281431680145662,0
AGIC,1517,2013-01-24,REJECTED_TOO_SHORT,,14.627,12.9512,0.11456894783619338,0
AGIC,1545,2013-03-15,REJECTED_TOO_SHORT,,13.3478,9.09555,0.3185730981884655,0
AGIC,1555,2013-04-04,REJECTED_TOO_SHORT,,13.73925,9.09555,0.3379878814345762,0
AGIC,1578,2013-05-10,REJECTED_HEIGHT_FLOOR,,14.627,14.3241,0.0207082792096808,0
AGIC,1595,2013-06-04,EXPIRED_NO_BREAKOUT,,14.627,18.7632,0.282778423463458,60
AGIC,1618,2013-07-09,REJECTED_TOO_SHORT,,14.627,15.542349999999999,0.06257947631093172,8
AGIC,1634,2013-08-06,REJECTED_TOO_SHORT,,14.627,9.09555,0.3781670882614344,0
AGIC,1646,2013-09-03,REJECTED_TOO_SHORT,,13.7291,9.09555,0.3374984521927877,0
AGIC,1669,2013-10-25,REJECTED_TOO_SHORT,,14.1334,9.09555,0.35644996957561526,0
AGIC,1688,2013-12-11,REJECTED_TOO_SHORT,,13.7494,9.09555,0.3384765880692976,0
AGIC,1703,2014-01-15,REJECTED_HEIGHT_FLOOR,,14.627,15.247,0.042387365830313745,0
AGIC,1721,2014-02-11,REJECTED_TOO_SHORT,,16.3224,9.09555,0.4427565799147184,0
AGIC,1734,2014-02-28,REJECTED_TOO_SHORT,,14.627,17.0852,0.1680590688452861,19
AGIC,1744,2014-03-14,REJECTED_TOO_SHORT,,16.2462,9.09555,0.4401429257303247,0
AGIC,1758,2014-04-03,REJECTED_TOO_SHORT,,15.1783,9.09555,0.4007530487604014,0
AGIC,1771,2014-04-22,REJECTED_TOO_SHORT,,14.627,16.57035,0.13286046352635542,20
AGIC,1789,2014-05-19,REJECTED_HEIGHT_FLOOR,,14.627,14.8656,0.016312299172762692,0
AGIC,1797,2014-05-30,REJECTED_TOO_SHORT,,14.1334,15.22575,0.07728855052570505,20
AGIC,1816,2014-07-01,REJECTED_TOO_SHORT,,12.9664,15.22575,0.1742465140671273,9
AGIC,1844,2014-08-26,REJECTED_HEIGHT_FLOOR,,14.627,15.2546,0.0429069528953305,0
AGIC,1862,2014-09-19,REJECTED_TOO_SHORT,,17.5428,15.2394,0.1313017306245297,0
AGIC,1873,2014-10-10,REJECTED_TOO_SHORT,,14.627,18.6564,0.27547685786559106,7
AGIC,1895,2014-11-13,VALID,up,14.627,22.9811,0.571142407875846,54
AGIC,1906,2014-11-28,REJECTED_TOO_SHORT,,19.7166,15.2394,0.2270776908797663,0
AGIC,1920,2014-12-18,REJECTED_TOO_SHORT,,19.90345,15.2394,0.23433374615958538,0
AGIC,1932,2015-01-07,REJECTED_TOO_SHORT,,14.627,23.4845,0.6055582142612975,8
AGIC,1950,2015-02-02,REJECTED_TOO_SHORT,,24.5981,15.2394,0.3804643448071192,0
AGIC,1967,2015-02-27,EXPIRED_NO_BREAKOUT,,14.627,25.0176,0.7103712312846107,60
AGIC,1978,2015-03-18,REJECTED_TOO_SHORT,,21.6772,15.2394,0.29698485044193895,0
AGIC,1989,2015-04-06,REJECTED_TOO_SHORT,,14.627,21.8065,0.4908388596431256,14
AGIC,2004,2015-04-30,REJECTED_TOO_SHORT,,23.6446,15.2394,0.35548074401766155,0
AGIC,2019,2015-05-25,REJECTED_TOO_SHORT,,22.233,15.2394,0.314559438672244,0
AGIC,2033,2015-06-15,VALID,up,14.627,23.8353,0.6295412593149654,21
AGIC,2041,2015-07-03,VALID,up,14.627,24.4074,0.668653859301292,26
AGIC,2054,2015-07-28,REJECTED_TOO_SHORT,,23.6446,15.2394,0.35548074401766155,0
AGIC,2071,2015-08-21,EXPIRED_NO_BREAKOUT,,14.627,28.9838,0.9815273125042727,60
AGIC,2086,2015-09-14,REJECTED_TOO_SHORT,,24.57045,15.2394,0.3797671593316362,0
AGIC,2097,2015-10-01,REJECTED_TOO_SHORT,,23.70185,15.2394,0.35703753082565287,0
AGIC,2117,2015-11-09,EXPIRED_NO_BREAKOUT,,14.627,27.0769,0.8511588158884253,60
AGIC,2144,2016-02-01,REJECTED_TOO_SHORT,,22.29815,15.2394,0.31656213632072616,0
AGIC,2154,2016-02-18,REJECTED_TOO_SHORT,,23.59885,15.2394,0.35423124431910874,0
AGIC,2168,2016-03-25,EXPIRED_NO_BREAKOUT,,14.627,28.2515,0.9314623641211457,60
AGIC,2199,2016-05-09,EXPIRED_NO_BREAKOUT,,14.627,24.3489,0.6646544062350447,60
AGIC,2213,2016-05-30,REJECTED_TOO_SHORT,,21.9,15.2394,0.3041369863013698,0
AGIC,2226,2016-06-16,VALID,up,14.627,21.8904,0.49657482737403424,47
AGIC,2250,2016-07-28,REJECTED_TOO_SHORT,,21.3077,15.2394,0.2847937600022527,0
AGIC,2267,2016-08-22,VALID,up,14.627,24.3978,0.667997538798113,24
AGIC,2276,2016-09-02,REJECTED_TOO_SHORT,,22.85,15.2394,0.33306783369803067,0
AGIC,2292,2016-09-29,REJECTED_HEIGHT_FLOOR,,24.328699999999998,25.164250000000003,0.034344210746978056,0
AGIC,2301,2016-10-14,VALID,up,14.627,26.22,0.7925753743077868,35
AGIC,2316,2016-11-04,REJECTED_TOO_SHORT,,14.627,26.48,0.8103507212688863,17
AGIC,2332,2016-11-28,REJECTED_TOO_SHORT,,14.627,28.9,0.9757981814452723,16
AGIC,2343,2016-12-15,VALID,up,14.627,31.38,1.1453476447665276,29
AGIC,2359,2017-01-06,REJECTED_TOO_SHORT,,30.06,25.164250000000003,0.1628659347970724,7
AGIC,2381,2017-02-07,REJECTED_TOO_SHORT,,29.54,25.164250000000003,0.14812965470548398,0
AGIC,2402,2017-03-08,EXPIRED_NO_BREAKOUT,,14.627,41.12595,1.8116462705954741,60
AGIC,2414,2017-03-27,REJECTED_TOO_SHORT,,38.71,25.164250000000003,0.34992895892534226,0
AGIC,2424,2017-04-10,REJECTED_TOO_SHORT,,37.0,25.164250000000003,0.31988513513513506,0
AGIC,2442,2017-05-05,VALID,up,14.627,30.0,1.0510015724345387,33
AGIC,2452,2017-05-19,REJECTED_TOO_SHORT,,28.494999999999997,25.164250000000003,0.11688892788208441,0
AGIC,2467,2017-06-12,REJECTED_TOO_SHORT,,29.275,25.164250000000003,0.1404184457728436,0
AGIC,2485,2017-07-20,REJECTED_HEIGHT_FLOOR,,25.62575,25.164250000000003,0.01800922899817556,0
AGIC,2504,2017-08-18,REJECTED_TOO_SHORT,,23.2,25.164250000000003,0.08466594827586221,7
AGIC,2521,2017-09-25,REJECTED_HEIGHT_FLOOR,,24.6026,25.164250000000003,0.02282888800370708,0
AGIC,2531,2017-10-13,REJECTED_TOO_SHORT,,22.5,25.1584,0.11815111111111112,7
AGIC,2545,2017-11-10,VALID,up,14.627,26.0,0.7775346961099336,25
AGIC,2568,2017-12-20,REJECTED_TOO_SHORT,,22.8819,25.1584,0.09948911585139339,7
AGIC,2582,2018-01-10,REJECTED_TOO_SHORT,,14.627,25.1701,0.7207971559444862,12
AGIC,2599,2018-02-07,EXPIRED_NO_BREAKOUT,,14.627,30.2,1.064674916250769,60
AGIC,2616,2018-03-06,EXPIRED_NO_BREAKOUT,,14.627,28.9919,0.9820810829288302,60
AGIC,2625,2018-03-19,REJECTED_HEIGHT_FLOOR,,26.0,25.164250000000003,0.03214423076923067,0
AGIC,2637,2018-04-10,EXPIRED_NO_BREAKOUT,,14.627,28.35,0.9381964859506392,60
AGIC,2650,2018-05-02,EXPIRED_NO_BREAKOUT,,14.627,28.0,0.9142681342722362,60
AGIC,2670,2018-06-13,REJECTED_HEIGHT_FLOOR,,26.75,25.164250000000003,0.059280373831775604,0
AGIC,2685,2018-07-16,REJECTED_HEIGHT_FLOOR,,25.1,25.164250000000003,0.0025597609561753484,0
AGIC,2697,2018-08-08,REJECTED_HEIGHT_FLOOR,,24.7,25.164250000000003,0.01879554655870459,0
AGIC,2713,2018-10-01,VALID,up,14.627,26.118000000000002,0.7856019689615096,30
AGIC,2728,2018-11-02,EXPIRED_NO_BREAKOUT,,14.627,28.65,0.9587065016749844,60
AGIC,2739,2018-12-03,REJECTED_HEIGHT_FLOOR,,24.17,25.164250000000003,0.04113570541994212,0
AGIC,2755,2019-01-22,VALID,up,14.627,27.7619,0.8979900184590142,38
AGIC,2764,2019-03-01,VALID,up,14.627,28.6,0.955288165720927,25
AGIC,2777,2019-03-21,REJECTED_TOO_SHORT,,28.01,25.164250000000003,0.10159764369867899,0
AGIC,2789,2019-04-09,EXPIRED_NO_BREAKOUT,,14.627,30.14,1.0605729131059,60
AGIC,2803,2019-04-29,EXPIRED_NO_BREAKOUT,,14.627,23.48725,0.6057462227387707,60
AGIC,2819,2019-05-28,VALID,down,21.255000000000003,25.164250000000003,0.18392143025170546,28
AGIC,2837,2019-07-22,EXPIRED_NO_BREAKOUT,,18.0,25.1701,0.39833888888888896,60
AGIC,2850,2019-08-22,VALID,up,14.627,18.75,0.2818759827715867,21
AGIC,2869,2019-10-11,VALID,up,14.627,22.95,0.5690162029124222,34
AGIC,2882,2019-11-07,VALID,up,22.097749999999998,25.1701,0.13903451708884407,25
AGIC,2899,2019-12-03,EXPIRED_NO_BREAKOUT,,14.627,27.665950000000002,0.8914302317631777,60
AGIC,2919,2020-01-07,VALID,down,23.44,26.0,0.10921501706484636,49
AGIC,2941,2020-02-21,EXPIRED_NO_BREAKOUT,,14.627,24.9244,0.7039994530662472,60
AGIC,2963,2020-03-26,EXPIRED_NO_BREAKOUT,,19.0,26.0,0.3684210526315789,60
AGIC,2979,2020-04-20,REJECTED_TOO_SHORT,,14.627,21.3,0.4562111164285226,10
AGIC,2991,2020-05-08,EXPIRED_NO_BREAKOUT,,14.627,22.95,0.5690162029124222,60
AGIC,3002,2020-06-02,VALID,up,14.627,21.0,0.4357011007041771,48
AGIC,3017,2020-07-06,REJECTED_TOO_SHORT,,14.627,21.44,0.4657824570998838,15
AGIC,3029,2020-07-28,VALID,up,14.627,23.25,0.5895262186367676,30
AGIC,3037,2020-08-12,VALID,up,21.26,25.1701,0.18391815616180618,35
AGIC,3049,2020-08-31,REJECTED_TOO_SHORT,,22.427149999999997,25.1701,0.12230488492742075,16
AGIC,3060,2020-09-16,EXPIRED_NO_BREAKOUT,,14.627,26.22,0.7925753743077868,60
AGIC,3068,2020-10-05,VALID,down,22.233,25.1701,0.13210542886699955,24
AGIC,3077,2020-10-22,REJECTED_TOO_SHORT,,22.097749999999998,25.1701,0.13903451708884407,7
AGIC,3094,2020-11-20,VALID,up,23.0,25.1701,0.09435217391304354,25
AGIC,3107,2020-12-17,EXPIRED_NO_BREAKOUT,,14.627,26.84,0.8349627401381007,60
AGIC,3120,2021-01-11,EXPIRED_NO_BREAKOUT,,14.627,27.41,0.873931770014357,60
AGIC,3141,2021-02-23,EXPIRED_NO_BREAKOUT,,14.627,27.28,0.8650440965338073,60
AGIC,3163,2021-03-31,VALID,up,14.627,23.9058,0.6343611130101865,26
AGIC,3172,2021-04-13,VALID,down,23.085,25.1701,0.09032272038119994,34
AGIC,3181,2021-04-27,EXPIRED_NO_BREAKOUT,,14.627,24.5,0.6749846174882067,60
AGIC,3196,2021-05-26,VALID,up,14.627,20.89,0.42818076160525054,61
AGIC,3209,2021-06-14,VALID,up,14.627,20.8,0.4220277568879469,42
AGIC,3216,2021-06-28,VALID,up,14.627,20.8,0.4220277568879469,28
AGIC,3226,2021-07-13,VALID,down,19.58,25.1701,0.28550051072523003,62
AGIC,3239,2021-08-09,VALID,up,14.627,20.68,0.4138237505982087,46
AGIC,3252,2021-09-02,VALID,up,14.627,20.96,0.43296643194093115,22
AGIC,3266,2021-09-28,EXPIRED_NO_BREAKOUT,,19.01,25.1701,0.3240452393477117,60
AGIC,3275,2021-10-12,EXPIRED_NO_BREAKOUT,,19.0,25.1701,0.324742105263158,60
AGIC,3287,2021-11-02,EXPIRED_NO_BREAKOUT,,14.627,22.84,0.5614958638134955,60
AGIC,3299,2021-11-23,EXPIRED_NO_BREAKOUT,,14.627,21.99,0.5033841525945169,60
AGIC,3308,2021-12-07,VALID,up,14.627,20.49,0.40083407397278986,57
AGIC,3325,2021-12-31,VALID,up,14.627,20.5,0.4015177411636015,33
AGIC,3335,2022-01-14,VALID,down,19.38,25.1701,0.2987667698658412,34
AGIC,3347,2022-02-11,EXPIRED_NO_BREAKOUT,,14.627,20.7,0.4151910849798317,60
AGIC,3362,2022-03-07,EXPIRED_NO_BREAKOUT,,19.0,25.1701,0.324742105263158,60
AGIC,3376,2022-03-31,REJECTED_TOO_SHORT,,14.627,20.01,0.3680180488138375,18
AGIC,3389,2022-04-20,EXPIRED_NO_BREAKOUT,,14.627,22.924999999999997,0.5673070349353931,60
AGIC,3403,2022-05-18,EXPIRED_NO_BREAKOUT,,14.627,21.8904,0.49657482737403424,60
AGIC,3416,2022-06-07,EXPIRED_NO_BREAKOUT,,16.2331,25.1701,0.5505417942352355,60
AGIC,3432,2022-06-29,VALID,up,14.627,17.25,0.1793259041498598,42
AGIC,3445,2022-07-25,EXPIRED_NO_BREAKOUT,,16.0698,25.1701,0.566298273780632,60
AGIC,3460,2022-08-23,VALID,up,14.627,17.43765,0.19215491898543793,41
AGIC,3472,2022-09-14,REJECTED_TOO_SHORT,,14.627,17.0,0.16223422437957197,19
AGIC,3480,2022-10-03,EXPIRED_NO_BREAKOUT,,14.627,18.3055,0.25148697614001486,60
AGIC,3492,2022-10-19,VALID,down,16.22,25.1701,0.5517940813810113,33
AGIC,3507,2022-11-14,VALID,down,16.0,25.1701,0.5731312500000001,22
AGIC,3526,2022-12-12,VALID,up,14.627,16.15,0.10412251316059327,28
AGIC,3535,2022-12-28,REJECTED_TOO_SHORT,,14.627,16.15,0.10412251316059327,12
AGIC,3546,2023-01-23,EXPIRED_NO_BREAKOUT,,15.0,25.1701,0.6780066666666668,60
AGIC,3564,2023-03-02,VALID,down,15.31,25.1701,0.6440300457217505,55
AGIC,3581,2023-03-28,VALID,down,17.5428,25.1701,0.4347823608545957,22
AGIC,3597,2023-05-02,EXPIRED_NO_BREAKOUT,,14.1143,25.1701,0.7833048751974948,60
AGIC,3609,2023-05-23,VALID,down,14.627,15.91,0.08771450058111707,23
AGIC,3621,2023-06-15,EXPIRED_NO_BREAKOUT,,14.15435,25.1701,0.7782589804547718,60
AGIC,3634,2023-07-24,VALID,down,14.627,17.0,0.16223422437957197,37
AGIC,3653,2023-08-31,EXPIRED_NO_BREAKOUT,,13.7494,25.1701,0.8306326094229568,60
AGIC,3674,2023-10-19,EXPIRED_NO_BREAKOUT,,15.25,25.1701,0.6504983606557379,60
AGIC,3691,2023-11-16,REJECTED_TOO_SHORT,,14.627,18.09,0.23675394817802686,11
AGIC,3702,2023-12-01,REJECTED_TOO_SHORT,,14.627,18.4962,0.26452450946879064,14
AGIC,3717,2023-12-26,EXPIRED_NO_BREAKOUT,,17.6496,25.1701,0.4261003082222828,60
AGIC,3726,2024-01-11,VALID,up,14.627,20.67,0.41314008340739733,49
AGIC,3740,2024-02-14,REJECTED_TOO_SHORT,,14.627,20.5,0.4015177411636015,15
AGIC,3758,2024-03-15,EXPIRED_NO_BREAKOUT,,14.627,22.5,0.538251179325904,60
AGIC,3776,2024-04-16,EXPIRED_NO_BREAKOUT,,17.4264,25.1701,0.4443660193729055,60
AGIC,3796,2024-05-16,VALID,up,14.627,18.994999999999997,0.2986258289464686,35
AGIC,3806,2024-06-05,EXPIRED_NO_BREAKOUT,,18.0,25.1701,0.39833888888888896,60
AGIC,3819,2024-06-28,REJECTED_TOO_SHORT,,14.627,19.16845,0.3104840363710945,10
AGIC,3828,2024-07-12,VALID,up,14.627,20.0,0.36733438162302584,47
AGIC,3842,2024-08-06,VALID,up,14.627,20.5,0.4015177411636015,22
AGIC,3867,2024-09-12,EXPIRED_NO_BREAKOUT,,19.22,25.1701,0.30957856399583783,60
AGIC,3880,2024-10-02,VALID,up,14.627,21.8904,0.49657482737403424,21
AGIC,3895,2024-10-24,VALID,up,14.627,24.4074,0.668653859301292,26
AGIC,3912,2024-11-18,REJECTED_TOO_SHORT,,14.627,25.225,0.7245504888220414,11
AGIC,3928,2024-12-10,VALID,up,14.627,30.0,1.0510015724345387,35
AGIC,3946,2025-01-06,REJECTED_TOO_SHORT,,27.0,25.1701,0.06777407407407401,0
AGIC,3962,2025-01-28,EXPIRED_NO_BREAKOUT,,14.627,32.85,1.24584672181582,60
AGIC,3968,2025-02-06,REJECTED_TOO_SHORT,,30.0,25.1701,0.16099666666666662,0
AGIC,3981,2025-02-25,EXPIRED_NO_BREAKOUT,,14.627,35.9,1.4543652150133313,60
AGIC,4005,2025-04-04,REJECTED_TOO_SHORT,,14.627,34.0,1.3244684487591438,7
AGIC,4015,2025-04-18,REJECTED_TOO_SHORT,,28.55,25.1701,0.11838528896672501,0
AGIC,4023,2025-04-30,VALID,up,14.627,31.65,1.1638066589184382,41
AGIC,4040,2025-05-26,REJECTED_TOO_SHORT,,14.627,32.0,1.1877350105968412,15
AGIC,4063,2025-07-01,REJECTED_INSUFFICIENT_TOUCHES,,14.627,36.9,1.5227319340944825,380
AGIC,4086,2025-08-01,VALID,up,14.627,45.0,2.076502358651808,27
AGIC,4099,2025-08-21,REJECTED_TOO_SHORT,,43.75,25.1701,0.42468342857142855,0
AGIC,4111,2025-09-08,REJECTED_TOO_SHORT,,44.75,25.1701,0.43753966480446926,0
AGIC,4126,2025-09-29,EXPIRED_NO_BREAKOUT,,14.627,47.25,2.2303274765843986,60
AGIC,4139,2025-10-16,EXPIRED_NO_BREAKOUT,,14.627,52.97,2.6213851097285836,60
AGIC,4159,2025-11-13,REJECTED_TOO_SHORT,,38.0,25.1701,0.33762894736842103,7
AGIC,4168,2025-11-26,REJECTED_TOO_SHORT,,36.9,25.1701,0.31788346883468827,0
AGIC,4182,2025-12-16,REJECTED_TOO_SHORT,,37.5,25.1701,0.3287973333333333,0
AGIC,4200,2026-01-12,EXPIRED_NO_BREAKOUT,,14.627,39.245000000000005,1.6830518903397826,60
AGIC,4211,2026-01-27,REJECTED_TOO_SHORT,,37.25,25.1701,0.32429261744966437,0
AGIC,4226,2026-02-18,VALID,up,14.627,38.7,1.6457920284405552,58
AGIC,4240,2026-03-10,REJECTED_TOO_SHORT,,30.08,25.1701,0.1632280585106382,0
AGIC,4252,2026-03-30,REJECTED_INSUFFICIENT_TOUCHES,,32.51,25.1701,0.2257736081205782,108
AGIC,4266,2026-04-17,VALID,up,14.627,40.98,1.8016681479455796,54
AGIC,4282,2026-05-13,REJECTED_TOO_SHORT,,34.07,25.1701,0.26122395068975635,0
AGIC,4289,2026-05-22,REJECTED_TOO_SHORT,,14.627,37.614999999999995,1.5716141382375053,13
AGIC,4301,2026-06-15,EXPIRED_NO_BREAKOUT,,14.627,42.94,1.9356669173446361,31
AGIC,4316,2026-07-08,REJECTED_INSUFFICIENT_TOUCHES,,40.0,25.1701,0.37074749999999995,8
AGIL,9,2005-01-14,VALID,up,51.8,55.9,0.07915057915057919,32
AGIL,21,2005-02-03,VALID,up,52.0,55.9,0.07499999999999997,39
AGIL,30,2005-02-16,EXPIRED_NO_BREAKOUT,,47.0,62.0,0.3191489361702128,60
AGIL,56,2005-03-25,EXPIRED_NO_BREAKOUT,,47.0,55.9,0.18936170212765954,60
AGIL,72,2005-04-18,REJECTED_HEIGHT_FLOOR,,52.0,52.0,0.0,51
AGIL,82,2005-05-03,REJECTED_INSUFFICIENT_TOUCHES,,49.9,70.9,0.4208416833667336,7744
AGIL,106,2005-06-08,REJECTED_HEIGHT_FLOOR,,52.0,51.95,0.0009615384615384068,0
AGIL,122,2005-06-30,REJECTED_HEIGHT_FLOOR,,52.0,52.0,0.0,0
AGIL,137,2005-07-21,REJECTED_HEIGHT_FLOOR,,47.0,49.85,0.06063829787234046,0
AGIL,151,2005-08-19,EXPIRED_NO_BREAKOUT,,43.4,51.975,0.1975806451612904,60
AGIL,178,2005-09-27,VALID,up,47.0,51.95,0.10531914893617027,49
AGIL,186,2005-10-07,REJECTED_TOO_SHORT,,48.75,51.975,0.06615384615384619,14
AGIL,213,2005-11-22,REJECTED_TOO_SHORT,,47.0,62.0,0.3191489361702128,13
AGIL,227,2005-12-12,EXPIRED_NO_BREAKOUT,,62.0,94.0,0.5161290322580645,60
AGIL,253,2006-01-26,EXPIRED_NO_BREAKOUT,,67.5,90.0,0.3333333333333333,60
AGIL,270,2006-02-22,EXPIRED_NO_BREAKOUT,,47.0,100.25,1.1329787234042554,60
AGIL,296,2006-04-13,EXPIRED_NO_BREAKOUT,,47.0,86.5,0.8404255319148937,60
AGIL,312,2006-05-10,EXPIRED_NO_BREAKOUT,,47.0,81.95,0.7436170212765958,60
AGIL,327,2006-06-02,EXPIRED_NO_BREAKOUT,,47.0,73.0,0.5531914893617021,60
AGIL,342,2006-06-23,VALID,up,47.0,68.9,0.46595744680851076,33
AGIL,354,2006-07-11,REJECTED_TOO_SHORT,,64.85,51.975,0.19853508095605232,0
AGIL,377,2006-08-15,REJECTED_TOO_SHORT,,68.25,51.975,0.23846153846153845,0
AGIL,386,2006-08-30,VALID,up,47.0,74.35,0.5819148936170212,23
AGIL,393,2006-09-11,EXPIRED_NO_BREAKOUT,,70.0,84.0,0.2,60
AGIL,405,2006-09-29,EXPIRED_NO_BREAKOUT,,47.0,84.25,0.7925531914893617,60
AGIL,417,2006-10-18,VALID,up,78.3,72.99,0.06781609195402302,2056
AGIL,438,2006-11-29,VALID,up,47.0,83.7,0.7808510638297873,55
AGIL,451,2006-12-22,REJECTED_TOO_SHORT,,73.0,51.975,0.288013698630137,0
AGIL,478,2007-02-12,EXPIRED_NO_BREAKOUT,,47.0,84.1,0.7893617021276594,60
AGIL,490,2007-03-05,REJECTED_TOO_SHORT,,75.0,84.0,0.12,7
AGIL,503,2007-03-22,REJECTED_TOO_SHORT,,47.0,78.0,0.6595744680851063,14
AGIL,519,2007-04-17,REJECTED_HEIGHT_FLOOR,,80.125,84.0,0.0483619344773791,0
AGIL,537,2007-05-14,REJECTED_HEIGHT_FLOOR,,86.0,84.0,0.023255813953488372,0
AGIL,546,2007-05-28,VALID,up,89.75,84.0,0.06406685236768803,98
AGIL,558,2007-06-14,REJECTED_TOO_SHORT,,47.0,101.0,1.148936170212766,19
AGIL,577,2007-07-11,REJECTED_TOO_SHORT,,99.55,84.0,0.15620291310899043,19
AGIL,585,2007-07-24,EXPIRED_NO_BREAKOUT,,47.0,105.5,1.2446808510638299,60
AGIL,607,2007-08-28,REJECTED_HEIGHT_FLOOR,,85.5,84.0,0.017543859649122806,0
AGIL,617,2007-09-12,VALID,up,47.0,96.325,1.0494680851063831,29
AGIL,629,2007-10-01,REJECTED_TOO_SHORT,,90.25,84.0,0.06925207756232687,0
AGIL,643,2007-10-25,VALID,up,110.0,84.0,0.23636363636363636,48
AGIL,655,2007-11-13,EXPIRED_NO_BREAKOUT,,47.0,127.0,1.702127659574468,60
AGIL,670,2007-12-04,VALID,up,107.0,70.9,0.3373831775700934,6237
AGIL,678,2007-12-14,EXPIRED_NO_BREAKOUT,,68.0,116.8,0.7176470588235294,60
AGIL,689,2008-01-04,EXPIRED_NO_BREAKOUT,,47.0,114.95,1.445744680851064,60
AGIL,702,2008-01-23,REJECTED_TOO_SHORT,,98.4,84.0,0.1463414634146342,0
AGIL,717,2008-02-14,EXPIRED_NO_BREAKOUT,,47.0,104.0,1.2127659574468086,60
AGIL,740,2008-03-19,REJECTED_TOO_SHORT,,77.0,84.0,0.09090909090909091,13
AGIL,755,2008-04-10,REJECTED_HEIGHT_FLOOR,,86.6,84.0,0.030023094688221647,0
AGIL,764,2008-04-23,EXPIRED_NO_BREAKOUT,,47.0,95.5,1.0319148936170213,60
AGIL,779,2008-05-15,EXPIRED_NO_BREAKOUT,,47.0,94.0,1.0,60
AGIL,785,2008-05-23,EXPIRED_NO_BREAKOUT,,47.0,94.5,1.0106382978723405,60
AGIL,795,2008-06-09,REJECTED_TOO_SHORT,,81.66,94.0,0.15111437668381097,9
AGIL,809,2008-06-30,VALID,down,47.0,84.35,0.7946808510638297,38
AGIL,837,2008-08-21,VALID,down,42.27,94.0,1.223799384906553,117
AGIL,842,2008-08-28,REJECTED_HEIGHT_FLOOR,,47.0,46.0,0.02127659574468085,0
AGIL,850,2008-09-09,VALID,down,44.205,94.0,1.1264562832258795,98
AGIL,899,2009-02-10,REJECTED_INSUFFICIENT_TOUCHES,,18.0,70.9,2.938888888888889,6365
AGIL,915,2009-03-05,REJECTED_INSUFFICIENT_TOUCHES,,68.0,24.25,0.6433823529411765,6342
AGIL,929,2009-03-27,REJECTED_INSUFFICIENT_TOUCHES,,26.0,70.9,1.7269230769230772,6320
AGIL,949,2009-04-24,EXPIRED_NO_BREAKOUT,,28.95,94.0,2.2469775474956823,60
AGIL,956,2009-05-06,REJECTED_TOO_SHORT,,47.0,34.0,0.2765957446808511,0
AGIL,968,2009-05-22,REJECTED_TOO_SHORT,,32.0,94.0,1.9375,13
AGIL,974,2009-06-01,REJECTED_TOO_SHORT,,47.0,34.0,0.2765957446808511,0
AGIL,984,2009-06-15,EXPIRED_NO_BREAKOUT,,32.5,94.0,1.8923076923076922,60
AGIL,993,2009-06-26,EXPIRED_NO_BREAKOUT,,32.0,94.0,1.9375,60
AGIL,1015,2009-07-29,VALID,down,43.0,46.5,0.08139534883720931,29
AGIL,1025,2009-08-12,REJECTED_TOO_SHORT,,43.0,94.0,1.186046511627907,15
AGIL,1043,2009-09-09,REJECTED_TOO_SHORT,,43.0,53.25,0.23837209302325582,8
AGIL,1065,2009-10-14,EXPIRED_NO_BREAKOUT,,43.0,70.95,0.65,60
AGIL,1084,2009-11-11,EXPIRED_NO_BREAKOUT,,59.0,94.0,0.5932203389830508,60
AGIL,1097,2009-12-03,EXPIRED_NO_BREAKOUT,,43.0,64.0,0.4883720930232558,60
AGIL,1109,2009-12-21,EXPIRED_NO_BREAKOUT,,59.0,94.0,0.5932203389830508,60
AGIL,1115,2010-01-04,EXPIRED_NO_BREAKOUT,,59.0,94.0,0.5932203389830508,60
AGIL,1128,2010-01-21,EXPIRED_NO_BREAKOUT,,58.92,94.0,0.5953835709436524,60
AGIL,1146,2010-02-18,VALID,up,43.0,66.6,0.5488372093023255,47
AGIL,1162,2010-03-12,EXPIRED_NO_BREAKOUT,,63.0,94.0,0.49206349206349204,60
AGIL,1171,2010-03-29,EXPIRED_NO_BREAKOUT,,62.51,94.0,0.5037593984962406,60
AGIL,1197,2010-05-04,VALID,down,71.26,94.0,0.3191131069323603,24
AGIL,1205,2010-05-14,EXPIRED_NO_BREAKOUT,,43.0,79.0,0.8372093023255814,60
AGIL,1219,2010-06-03,VALID,up,43.0,72.0,0.6744186046511628,46
AGIL,1232,2010-06-22,VALID,up,43.0,69.3,0.6116279069767441,21
AGIL,1250,2010-07-21,VALID,down,70.05,94.0,0.34189864382583873,26
AGIL,1262,2010-08-06,EXPIRED_NO_BREAKOUT,,67.5,77.09,0.14207407407407413,60
AGIL,1278,2010-09-14,VALID,down,67.5,71.9,0.06518518518518526,51
AGIL,1286,2010-09-24,VALID,down,67.5,71.9,0.06518518518518526,41
AGIL,1300,2010-10-14,VALID,down,67.525,94.0,0.3920770085153646,21
AGIL,1310,2010-10-28,REJECTED_TOO_SHORT,,67.05,94.0,0.4019388516032812,7
AGIL,1320,2010-11-12,VALID,up,66.0,72.495,0.09840909090909097,40
AGIL,1339,2010-12-20,REJECTED_HEIGHT_FLOOR,,71.0,72.495,0.02105633802816908,0
AGIL,1353,2011-01-07,REJECTED_HEIGHT_FLOOR,,71.68,72.495,0.011369977678571395,0
AGIL,1382,2011-02-23,REJECTED_HEIGHT_FLOOR,,67.5,71.0,0.05185185185185185,0
AGIL,1393,2011-03-10,REJECTED_HEIGHT_FLOOR,,70.0,72.99,0.04271428571428564,0
AGIL,1410,2011-04-06,REJECTED_HEIGHT_FLOOR,,70.05,72.99,0.0419700214132762,0
AGIL,1440,2011-05-27,EXPIRED_NO_BREAKOUT,,67.55,73.0,0.0806809770540341,60
AGIL,1461,2011-06-29,VALID,down,68.0,72.99,0.0733823529411764,37
AGIL,1477,2011-07-27,REJECTED_HEIGHT_FLOOR,,67.55,70.9,0.04959289415247977,0
AGIL,1505,2011-09-20,REJECTED_TOO_SHORT,,67.05,72.99,0.08859060402684561,8
AGIL,1518,2011-10-07,REJECTED_HEIGHT_FLOOR,,67.525,66.69,0.012365790447982345,0
AGIL,1532,2011-10-31,REJECTED_HEIGHT_FLOOR,,67.525,66.69,0.012365790447982345,0
AGIL,1579,2012-02-15,EXPIRED_NO_BREAKOUT,,58.26,72.99,0.25283213182286296,60
AGIL,1601,2012-03-27,VALID,up,61.3,72.99,0.19070146818923325,29
AGIL,1627,2012-05-04,EXPIRED_NO_BREAKOUT,,67.5,96.0,0.4222222222222222,60
AGIL,1658,2012-06-27,REJECTED_TOO_SHORT,,80.15,72.99,0.08933250155957592,0
AGIL,1679,2012-08-10,REJECTED_TOO_SHORT,,67.5,92.4,0.368888888888889,20
AGIL,1691,2012-09-10,EXPIRED_NO_BREAKOUT,,67.5,108.465,0.6068888888888889,60
AGIL,1700,2012-09-24,EXPIRED_NO_BREAKOUT,,67.5,105.4,0.5614814814814816,60
AGIL,1714,2012-10-12,REJECTED_TOO_SHORT,,98.0,72.99,0.2552040816326531,0
AGIL,1730,2012-11-07,REJECTED_TOO_SHORT,,67.5,80.0,0.18518518518518517,15
AGIL,1740,2012-11-26,EXPIRED_NO_BREAKOUT,,67.5,89.68,0.3285925925925927,60
AGIL,1753,2012-12-13,VALID,up,67.5,82.55,0.22296296296296292,28
AGIL,1762,2013-01-02,REJECTED_HEIGHT_FLOOR,,76.75,72.99,0.04899022801302938,0
AGIL,1775,2013-01-22,EXPIRED_NO_BREAKOUT,,67.5,85.49,0.26651851851851843,60
AGIL,1785,2013-02-12,EXPIRED_NO_BREAKOUT,,67.5,86.0,0.2740740740740741,60
AGIL,1798,2013-03-04,VALID,up,67.5,79.89,0.18355555555555556,49
AGIL,1814,2013-04-15,REJECTED_HEIGHT_FLOOR,,73.875,72.99,0.01197969543147215,0
AGIL,1831,2013-05-10,EXPIRED_NO_BREAKOUT,,67.5,93.0,0.37777777777777777,60
AGIL,1851,2013-06-11,VALID,up,67.5,86.0,0.2740740740740741,42
AGIL,1878,2013-07-23,EXPIRED_NO_BREAKOUT,,67.5,88.0,0.3037037037037037,60
AGIL,1899,2013-09-02,REJECTED_HEIGHT_FLOOR,,76.845,72.99,0.050165918407183346,0
AGIL,1915,2013-09-26,REJECTED_TOO_SHORT,,78.565,72.99,0.07096035130147016,0
AGIL,1933,2013-11-04,VALID,up,68.005,72.99,0.07330343357106095,38
AGIL,1944,2013-11-28,REJECTED_HEIGHT_FLOOR,,69.0,72.99,0.057826086956521666,0
AGIL,1966,2014-01-03,REJECTED_HEIGHT_FLOOR,,75.625,72.99,0.034842975206611636,0
AGIL,1980,2014-01-27,REJECTED_HEIGHT_FLOOR,,76.845,72.99,0.050165918407183346,0
AGIL,1991,2014-02-12,VALID,up,67.775,78.5,0.1582441903356694,57
AGIL,2002,2014-02-28,VALID,up,68.0,72.99,0.0733823529411764,35
AGIL,2019,2014-03-25,REJECTED_HEIGHT_FLOOR,,69.0,72.99,0.057826086956521666,0
AGIL,2036,2014-04-18,REJECTED_TOO_SHORT,,79.30000000000001,72.99,0.07957124842370764,0
AGIL,2053,2014-05-14,REJECTED_TOO_SHORT,,80.15,72.99,0.08933250155957592,0
AGIL,2061,2014-05-28,REJECTED_TOO_SHORT,,67.775,88.0,0.2984138694208778,13
AGIL,2073,2014-06-13,REJECTED_TOO_SHORT,,67.775,100.39,0.4812246403541128,20
AGIL,2087,2014-07-04,VALID,up,67.775,105.5,0.5566211729988932,42
AGIL,2098,2014-07-22,REJECTED_TOO_SHORT,,67.775,101.5,0.4976023607524897,17
AGIL,2110,2014-08-15,VALID,up,67.775,108.5,0.600885282183696,21
AGIL,2117,2014-08-28,REJECTED_TOO_SHORT,,99.75,84.0,0.15789473684210525,0
AGIL,2138,2014-09-26,REJECTED_TOO_SHORT,,67.775,139.7,1.0612320177056433,20
AGIL,2152,2014-10-21,VALID,up,134.5,84.0,0.3754646840148699,2794
AGIL,2174,2014-11-24,VALID,up,67.775,154.0,1.2722242714865362,42
AGIL,2187,2014-12-11,VALID,up,67.775,155.4,1.2928808557727776,25
AGIL,2202,2015-01-07,EXPIRED_NO_BREAKOUT,,67.775,173.5,1.5599409811877534,60
AGIL,2211,2015-01-21,EXPIRED_NO_BREAKOUT,,67.775,182.5,1.6927333087421614,60
AGIL,2227,2015-02-13,EXPIRED_NO_BREAKOUT,,67.775,177.0,1.6115824419033564,60
AGIL,2231,2015-02-19,EXPIRED_NO_BREAKOUT,,67.775,174.87,1.5801549243821467,60
AGIL,2242,2015-03-12,REJECTED_TOO_SHORT,,162.0,84.0,0.48148148148148145,0
AGIL,2261,2015-04-15,REJECTED_TOO_SHORT,,67.775,168.0,1.4787901143489486,9
AGIL,2278,2015-05-13,VALID,up,67.775,184.99,1.7294725193655476,33
AGIL,2289,2015-05-29,REJECTED_TOO_SHORT,,67.775,185.495,1.736923644411656,17
AGIL,2300,2015-06-16,EXPIRED_NO_BREAKOUT,,67.775,195.0,1.8771670970121723,60
AGIL,2315,2015-07-09,VALID,up,177.01,84.0,0.5254505395175414,267
AGIL,2328,2015-08-03,REJECTED_TOO_SHORT,,67.775,188.0,1.7738841755809662,7
AGIL,2340,2015-08-20,EXPIRED_NO_BREAKOUT,,67.775,207.0,2.054223533751383,60
AGIL,2356,2015-09-11,VALID,up,67.775,177.99,1.6261895979343415,33
AGIL,2366,2015-09-29,REJECTED_TOO_SHORT,,165.0,84.0,0.4909090909090909,0
AGIL,2384,2015-10-27,REJECTED_TOO_SHORT,,67.775,194.49,1.869642198450756,10
AGIL,2404,2015-11-24,EXPIRED_NO_BREAKOUT,,67.775,215.0,2.17226115824419,60
AGIL,2416,2015-12-10,EXPIRED_NO_BREAKOUT,,67.775,211.5,2.120619697528587,60
AGIL,2435,2016-01-14,REJECTED_TOO_SHORT,,195.0,84.0,0.5692307692307692,0
AGIL,2448,2016-02-03,EXPIRED_NO_BREAKOUT,,67.775,215.0,2.17226115824419,60
AGIL,2461,2016-02-23,REJECTED_TOO_SHORT,,186.0,84.0,0.5483870967741935,0
AGIL,2484,2016-04-01,REJECTED_TOO_SHORT,,180.0,84.0,0.5333333333333333,0
AGIL,2493,2016-04-15,VALID,up,67.775,183.0,1.7001106602729619,31
AGIL,2508,2016-05-09,REJECTED_TOO_SHORT,,172.255,84.0,0.5123508751560186,0
AGIL,2525,2016-06-01,VALID,up,67.775,196.5,1.8992991516045736,56
AGIL,2546,2016-06-30,VALID,up,67.775,198.0,1.921431206196975,27
AGIL,2561,2016-07-28,VALID,up,67.775,218.7,2.2268535595721133,32
AGIL,2576,2016-08-18,REJECTED_TOO_SHORT,,206.15,84.0,0.5925297113752123,0
AGIL,2611,2016-10-13,EXPIRED_NO_BREAKOUT,,67.775,326.0,3.8100331980818885,60
AGIL,2631,2016-11-10,REJECTED_TOO_SHORT,,67.775,307.5,3.537071191442272,13
AGIL,2647,2016-12-02,VALID,up,317.0,84.0,0.7350157728706624,47
AGIL,2667,2017-01-02,REJECTED_INSUFFICIENT_TOUCHES,,68.0,366.49,4.389558823529412,3482
AGIL,2684,2017-01-25,REJECTED_TOO_SHORT,,310.0,84.0,0.7290322580645161,6
AGIL,2697,2017-02-13,EXPIRED_NO_BREAKOUT,,67.775,312.05,3.604205090372556,60
AGIL,2723,2017-03-21,REJECTED_TOO_SHORT,,280.05,84.0,0.7000535618639528,0
AGIL,2735,2017-04-07,REJECTED_TOO_SHORT,,285.0,84.0,0.7052631578947368,0
AGIL,2751,2017-05-02,REJECTED_INSUFFICIENT_TOUCHES,,68.0,397.0,4.838235294117647,3362
AGIL,2767,2017-05-25,REJECTED_TOO_SHORT,,422.0,84.0,0.8009478672985783,8
AGIL,2774,2017-06-06,REJECTED_INSUFFICIENT_TOUCHES,,68.0,463.5,5.8161764705882355,3327
AGIL,2784,2017-06-30,EXPIRED_NO_BREAKOUT,,67.775,431.9,5.372556252305422,60
AGIL,2801,2017-07-28,REJECTED_TOO_SHORT,,370.51,84.0,0.7732854713772908,0
AGIL,2818,2017-08-25,REJECTED_INSUFFICIENT_TOUCHES,,68.0,375.0,4.514705882352941,3247
AGIL,2826,2017-09-12,REJECTED_TOO_SHORT,,315.01,84.0,0.733341798673058,0
AGIL,2841,2017-10-17,REJECTED_TOO_SHORT,,290.0,84.0,0.7103448275862069,0
AGIL,2851,2017-11-07,REJECTED_TOO_SHORT,,67.775,320.0,3.721504979712283,6
AGIL,2868,2017-12-12,REJECTED_TOO_SHORT,,299.43,84.0,0.719466987275824,0
AGIL,2880,2018-01-03,VALID,up,67.775,339.895,4.015049797122833,21
AGIL,2894,2018-01-25,EXPIRED_NO_BREAKOUT,,67.775,358.99,4.296790852084102,60
AGIL,2911,2018-02-28,REJECTED_TOO_SHORT,,285.0,84.0,0.7052631578947368,0
AGIL,2924,2018-03-20,EXPIRED_NO_BREAKOUT,,67.775,359.22,4.30018443378827,60
AGIL,2944,2018-04-18,REJECTED_TOO_SHORT,,312.16499999999996,84.0,0.7309115371678438,0
AGIL,2963,2018-05-21,REJECTED_TOO_SHORT,,295.0,84.0,0.7152542372881356,0
AGIL,2982,2018-07-17,EXPIRED_NO_BREAKOUT,,67.775,270.0,2.9837698266322388,60
AGIL,3002,2018-08-20,EXPIRED_NO_BREAKOUT,,67.775,252.9,2.7314644042788636,60
AGIL,3014,2018-09-11,REJECTED_TOO_SHORT,,224.0,84.0,0.625,0
AGIL,3028,2018-10-11,EXPIRED_NO_BREAKOUT,,67.775,230.0,2.3935817041682035,60
AGIL,3037,2018-10-25,VALID,up,67.775,213.99,2.1573589081519735,25
AGIL,3046,2018-11-07,REJECTED_TOO_SHORT,,67.775,218.7,2.2268535595721133,12
AGIL,3058,2018-11-27,REJECTED_TOO_SHORT,,210.0,84.0,0.6,0
AGIL,3070,2018-12-13,REJECTED_TOO_SHORT,,200.0,84.0,0.58,0
AGIL,3083,2019-01-07,REJECTED_TOO_SHORT,,210.0,84.0,0.6,0
AGIL,3095,2019-01-24,REJECTED_TOO_SHORT,,67.775,230.0,2.3935817041682035,20
AGIL,3114,2019-02-26,REJECTED_TOO_SHORT,,225.0,84.0,0.6266666666666667,0
AGIL,3147,2019-04-19,EXPIRED_NO_BREAKOUT,,67.775,256.99,2.7918111398008114,60
AGIL,3168,2019-05-28,REJECTED_TOO_SHORT,,190.55,84.0,0.5591708213067437,0
AGIL,3179,2019-06-21,REJECTED_TOO_SHORT,,180.65,84.0,0.5350124550235261,0
AGIL,3198,2019-08-09,REJECTED_TOO_SHORT,,164.0,84.0,0.4878048780487805,0
AGIL,3213,2019-09-11,EXPIRED_NO_BREAKOUT,,67.775,183.0,1.7001106602729619,60
AGIL,3230,2019-10-08,VALID,up,67.775,175.0,1.5820730357801547,55
AGIL,3255,2019-11-15,REJECTED_TOO_SHORT,,143.78,84.0,0.41577409931840315,0
AGIL,3277,2019-12-17,EXPIRED_NO_BREAKOUT,,67.775,219.15,2.233493175949834,60
AGIL,3292,2020-01-08,REJECTED_TOO_SHORT,,191.97,84.0,0.5624316299421784,0
AGIL,3313,2020-02-12,REJECTED_TOO_SHORT,,181.0,84.0,0.5359116022099447,0
AGIL,3323,2020-03-03,EXPIRED_NO_BREAKOUT,,67.775,204.7,2.0202877167097006,60
AGIL,3355,2020-04-30,VALID,up,67.775,177.91,1.6250092216894132,34
AGIL,3377,2020-06-17,REJECTED_TOO_SHORT,,179.0,84.0,0.5307262569832403,0
AGIL,3400,2020-07-20,VALID,up,67.775,229.475,2.3858354850608627,42
AGIL,3417,2020-08-13,REJECTED_TOO_SHORT,,200.0,84.0,0.58,0
AGIL,3439,2020-09-17,EXPIRED_NO_BREAKOUT,,67.775,246.475,2.636665437108078,60
AGIL,3455,2020-10-13,REJECTED_TOO_SHORT,,217.0,84.0,0.6129032258064516,0
AGIL,3464,2020-10-28,VALID,up,67.775,240.0,2.541128734784212,47
AGIL,3485,2020-12-03,REJECTED_TOO_SHORT,,67.775,245.98,2.6293618590925854,11
AGIL,3504,2021-01-01,VALID,up,67.775,245.98,2.6293618590925854,40
AGIL,3515,2021-01-19,REJECTED_TOO_SHORT,,223.5,84.0,0.6241610738255033,0
AGIL,3526,2021-02-03,EXPIRED_NO_BREAKOUT,,67.775,255.79500000000002,2.7741792696421985,60
AGIL,3551,2021-03-11,REJECTED_TOO_SHORT,,190.2,84.0,0.5583596214511041,0
AGIL,3560,2021-03-26,REJECTED_TOO_SHORT,,67.775,215.0,2.17226115824419,12
AGIL,3573,2021-04-15,REJECTED_TOO_SHORT,,214.0,84.0,0.6074766355140186,0
AGIL,3584,2021-04-30,VALID,up,67.775,250.0,2.688675765400221,35
AGIL,3602,2021-06-07,VALID,up,67.775,274.49,3.0500184433788267,29
AGIL,3617,2021-06-28,REJECTED_TOO_SHORT,,270.0,84.0,0.6888888888888889,0
AGIL,3627,2021-07-12,REJECTED_TOO_SHORT,,270.0,84.0,0.6888888888888889,0
AGIL,3638,2021-08-02,REJECTED_INSUFFICIENT_TOUCHES,,246.01,70.9,0.7118003333197838,1809
AGIL,3662,2021-09-17,EXPIRED_NO_BREAKOUT,,67.775,240.0,2.541128734784212,60
AGIL,3671,2021-09-30,VALID,up,67.775,224.89,2.3181851715234227,32
AGIL,3691,2021-11-08,REJECTED_TOO_SHORT,,223.0,84.0,0.6233183856502242,0
AGIL,3722,2022-01-31,REJECTED_TOO_SHORT,,190.1,84.0,0.5581273014203051,0
AGIL,3731,2022-02-11,EXPIRED_NO_BREAKOUT,,67.775,195.99,1.8917742530431574,60
AGIL,3758,2022-03-31,EXPIRED_NO_BREAKOUT,,67.775,175.0,1.5820730357801547,60
AGIL,3768,2022-04-14,REJECTED_TOO_SHORT,,158.0,84.0,0.46835443037974683,0
AGIL,3786,2022-06-01,REJECTED_TOO_SHORT,,140.0,84.0,0.4,0
AGIL,3802,2022-06-24,REJECTED_TOO_SHORT,,125.505,84.0,0.33070395601768854,0
AGIL,3812,2022-07-15,EXPIRED_NO_BREAKOUT,,67.775,143.0,1.1099225378089264,60
AGIL,3831,2022-08-19,REJECTED_TOO_SHORT,,132.75,84.0,0.3672316384180791,0
AGIL,3847,2022-09-12,EXPIRED_NO_BREAKOUT,,67.775,136.97,1.020951678347473,60
AGIL,3865,2022-10-06,REJECTED_TOO_SHORT,,122.0,84.0,0.3114754098360656,0
AGIL,3881,2022-10-28,REJECTED_HEIGHT_FLOOR,,84.0,84.0,0.0,0
AGIL,3909,2022-12-09,REJECTED_HEIGHT_FLOOR,,81.925,84.0,0.02532804394263049,0
AGIL,3932,2023-01-23,VALID,down,65.22,84.0,0.2879484820607176,39
AGIL,3944,2023-02-10,REJECTED_TOO_SHORT,,67.775,73.97,0.09140538546661738,11
AGIL,3957,2023-03-06,VALID,down,60.0,70.9,0.18166666666666675,38
AGIL,3980,2023-05-10,EXPIRED_NO_BREAKOUT,,56.0,70.9,0.2660714285714287,60
AGIL,3993,2023-06-14,REJECTED_INSUFFICIENT_TOUCHES,,68.0,63.0,0.07352941176470588,1128
AGIL,4010,2023-07-13,REJECTED_TOO_SHORT,,67.775,77.4,0.1420140169679085,11
AGIL,4028,2023-08-11,REJECTED_TOO_SHORT,,62.1,70.9,0.14170692431562004,14
AGIL,4041,2023-09-04,VALID,up,54.0,70.9,0.31296296296296305,37
AGIL,4065,2023-10-17,REJECTED_TOO_SHORT,,68.0,76.98,0.1320588235294118,20
AGIL,4077,2023-11-02,REJECTED_HEIGHT_FLOOR,,68.205,70.9,0.03951323216772975,0
AGIL,4087,2023-11-17,REJECTED_TOO_SHORT,,68.0,86.0,0.2647058823529412,7
AGIL,4098,2023-12-04,REJECTED_TOO_SHORT,,68.0,100.0,0.47058823529411764,8
AGIL,4114,2023-12-27,REJECTED_TOO_SHORT,,83.3,70.9,0.14885954381752692,0
AGIL,4128,2024-01-18,REJECTED_TOO_SHORT,,93.0,70.9,0.2376344086021505,0
AGIL,4140,2024-02-13,REJECTED_TOO_SHORT,,84.235,70.9,0.1583071169941235,0
AGIL,4160,2024-03-29,EXPIRED_NO_BREAKOUT,,68.0,105.75,0.5551470588235294,60
AGIL,4176,2024-05-13,REJECTED_TOO_SHORT,,92.275,70.9,0.23164454077485774,0
AGIL,4190,2024-06-04,VALID,up,68.0,95.0,0.39705882352941174,22
AGIL,4203,2024-06-27,EXPIRED_NO_BREAKOUT,,68.0,106.245,0.5624264705882354,60
AGIL,4221,2024-07-25,EXPIRED_NO_BREAKOUT,,68.0,109.7,0.6132352941176471,60
AGIL,4241,2024-08-23,EXPIRED_NO_BREAKOUT,,68.0,92.0,0.35294117647058826,60
AGIL,4259,2024-09-19,REJECTED_TOO_SHORT,,78.16,70.9,0.09288638689866928,0
AGIL,4270,2024-10-04,VALID,up,68.0,89.95,0.32279411764705884,34
AGIL,4292,2024-11-05,REJECTED_TOO_SHORT,,76.2,70.9,0.06955380577427818,0
AGIL,4303,2024-11-20,REJECTED_TOO_SHORT,,100.375,70.9,0.2936488169364881,0
AGIL,4321,2024-12-16,EXPIRED_NO_BREAKOUT,,68.0,134.55,0.9786764705882355,60
AGIL,4331,2024-12-31,REJECTED_TOO_SHORT,,107.1,70.9,0.33800186741363203,0
AGIL,4345,2025-01-20,VALID,up,68.0,108.37,0.5936764705882354,25
AGIL,4356,2025-02-04,REJECTED_TOO_SHORT,,68.0,109.0,0.6029411764705882,10
AGIL,4372,2025-02-27,REJECTED_TOO_SHORT,,113.05,70.9,0.37284387439186195,12
AGIL,4383,2025-03-14,REJECTED_TOO_SHORT,,112.0,70.9,0.3669642857142857,0
AGIL,4394,2025-04-04,VALID,up,68.0,125.0,0.8382352941176471,60
AGIL,4406,2025-04-22,REJECTED_TOO_SHORT,,68.0,116.8,0.7176470588235294,7
AGIL,4416,2025-05-07,VALID,up,68.0,126.2,0.8558823529411765,27
AGIL,4428,2025-05-23,REJECTED_TOO_SHORT,,103.0,70.9,0.31165048543689317,0
AGIL,4442,2025-06-17,REJECTED_TOO_SHORT,,125.0,70.9,0.43279999999999996,0
AGIL,4454,2025-07-03,REJECTED_TOO_SHORT,,122.0,70.9,0.4188524590163934,0
AGIL,4461,2025-07-14,REJECTED_TOO_SHORT,,68.0,144.47,1.1245588235294117,14
AGIL,4480,2025-08-08,EXPIRED_NO_BREAKOUT,,68.0,155.7,1.289705882352941,60
AGIL,4493,2025-08-28,EXPIRED_NO_BREAKOUT,,68.0,147.245,1.1653676470588237,60
AGIL,4504,2025-09-12,VALID,up,68.0,145.0,1.1323529411764706,49
AGIL,4509,2025-09-19,REJECTED_TOO_SHORT,,140.0,70.9,0.49357142857142855,0
AGIL,4524,2025-10-10,REJECTED_TOO_SHORT,,127.25,70.9,0.4428290766208251,0
AGIL,4539,2025-10-31,VALID,up,68.0,150.0,1.2058823529411764,42
AGIL,4546,2025-11-11,REJECTED_TOO_SHORT,,138.0,70.9,0.48623188405797096,0
AGIL,4560,2025-12-01,REJECTED_TOO_SHORT,,68.0,145.8,1.1441176470588237,11
AGIL,4571,2025-12-16,VALID,up,68.0,177.99,1.6175000000000002,27
AGIL,4589,2026-01-12,EXPIRED_NO_BREAKOUT,,68.0,196.86,1.8950000000000002,60
AGIL,4600,2026-01-27,REJECTED_TOO_SHORT,,170.0,70.9,0.5829411764705882,0
AGIL,4615,2026-02-18,EXPIRED_NO_BREAKOUT,,68.0,198.0,1.911764705882353,60
AGIL,4629,2026-03-10,REJECTED_TOO_SHORT,,121.6,70.9,0.4169407894736841,0
AGIL,4642,2026-03-31,REJECTED_TOO_SHORT,,125.11,70.9,0.43329869714651104,0
AGIL,4652,2026-04-14,REJECTED_TOO_SHORT,,137.0,70.9,0.48248175182481745,0
AGIL,4668,2026-05-08,EXPIRED_NO_BREAKOUT,,68.0,175.0,1.5735294117647058,60
AGIL,4688,2026-06-11,REJECTED_TOO_SHORT,,162.0,70.9,0.5623456790123457,0
AGIL,4702,2026-07-03,EXPIRED_NO_BREAKOUT,,68.0,175.0,1.5735294117647058,13
AGL,7,2010-04-21,EXPIRED_NO_BREAKOUT,,23.0,26.52,0.15304347826086956,60
AGL,15,2010-05-03,EXPIRED_NO_BREAKOUT,,21.18,26.52,0.2521246458923513,60
AGL,35,2010-05-31,REJECTED_TOO_SHORT,,23.0,24.99,0.08652173913043472,14
AGL,51,2010-06-24,VALID,up,23.0,26.52,0.15304347826086956,26
AGL,67,2010-07-20,REJECTED_INSUFFICIENT_TOUCHES,,5.0,27.79,4.558,5840
AGL,89,2010-08-19,VALID,down,23.0,24.5,0.06521739130434782,56
AGL,102,2010-09-09,VALID,down,23.0,25.38,0.10347826086956517,35
AGL,114,2010-09-29,REJECTED_TOO_SHORT,,23.0,24.490000000000002,0.06478260869565226,15
AGL,121,2010-10-08,REJECTED_TOO_SHORT,,23.0,24.53,0.06652173913043483,6
AGL,130,2010-10-25,REJECTED_TOO_SHORT,,21.54,24.5,0.13741875580315696,16
AGL,137,2010-11-03,EXPIRED_NO_BREAKOUT,,21.25,22.86,0.07576470588235291,60
AGL,155,2010-12-13,VALID,up,22.52,24.89,0.10523978685612793,42
AGL,164,2010-12-28,VALID,up,22.52,24.8,0.1012433392539965,27
AGL,176,2011-01-14,REJECTED_TOO_SHORT,,21.58,24.89,0.15338276181649688,10
AGL,195,2011-02-14,VALID,down,22.0,24.895,0.13159090909090906,30
AGL,214,2011-03-16,VALID,down,21.25,24.895,0.17152941176470587,34
AGL,229,2011-04-08,REJECTED_TOO_SHORT,,21.15,24.895,0.1770685579196218,11
AGL,245,2011-05-03,REJECTED_TOO_SHORT,,21.25,22.68,0.06729411764705881,0
AGL,260,2011-05-24,REJECTED_INSUFFICIENT_TOUCHES,,17.86,9.01,0.4955207166853303,5532
AGL,282,2011-06-23,EXPIRED_NO_BREAKOUT,,17.01,24.895,0.46355085243974115,60
AGL,302,2011-07-22,REJECTED_TOO_SHORT,,21.25,18.99,0.10635294117647066,0
AGL,316,2011-08-11,REJECTED_TOO_SHORT,,21.25,19.9,0.06352941176470595,0
AGL,330,2011-09-07,REJECTED_TOO_SHORT,,21.25,17.99,0.15341176470588241,8
AGL,336,2011-09-15,VALID,down,16.6,24.895,0.49969879518072274,34
AGL,361,2011-10-20,EXPIRED_NO_BREAKOUT,,14.0,24.895,0.7782142857142856,60
AGL,381,2011-12-15,VALID,up,15.0,9.01,0.3993333333333334,4458
AGL,393,2012-01-05,EXPIRED_NO_BREAKOUT,,5.0,16.19,2.2380000000000004,60
AGL,414,2012-02-08,VALID,down,16.03,24.895,0.5530255770430441,36
AGL,422,2012-02-20,REJECTED_TOO_SHORT,,16.51,24.895,0.5078740157480314,11
AGL,434,2012-03-07,REJECTED_HEIGHT_FLOOR,,16.555,17.5,0.057082452431289656,0
AGL,457,2012-04-10,VALID,down,16.225,24.895,0.5343605546995376,22
AGL,472,2012-05-03,VALID,down,15.25,24.895,0.6324590163934426,21
AGL,497,2012-06-08,EXPIRED_NO_BREAKOUT,,12.7,24.895,0.9602362204724411,60
AGL,507,2012-06-25,VALID,down,16.555,13.0,0.21473874962247053,79
AGL,521,2012-07-13,VALID,down,16.555,14.25,0.13923286016309272,265
AGL,544,2012-08-29,REJECTED_TOO_SHORT,,13.0,24.895,0.9149999999999999,15
AGL,552,2012-09-12,REJECTED_TOO_SHORT,,16.555,13.05,0.2117185140440954,0
AGL,562,2012-10-09,EXPIRED_NO_BREAKOUT,,11.12,24.895,1.2387589928057554,60
AGL,589,2012-11-22,REJECTED_TOO_SHORT,,16.555,12.9,0.22077922077922074,0
AGL,608,2012-12-19,VALID,down,10.9,24.895,1.2839449541284402,27
AGL,627,2013-01-16,REJECTED_INSUFFICIENT_TOUCHES,,10.1,9.01,0.1079207920792079,4929
AGL,637,2013-01-31,VALID,up,10.4,9.02,0.13269230769230778,1369
AGL,654,2013-02-27,VALID,up,11.11,12.9,0.1611161116111612,35
AGL,666,2013-03-18,REJECTED_TOO_SHORT,,11.25,12.9,0.1466666666666667,16
AGL,679,2013-04-04,REJECTED_TOO_SHORT,,16.555,14.22,0.14104500151011773,0
AGL,699,2013-05-03,REJECTED_TOO_SHORT,,11.305,12.9,0.14108801415302968,7
AGL,712,2013-05-22,EXPIRED_NO_BREAKOUT,,10.8,12.9,0.1944444444444444,60
AGL,722,2013-06-05,REJECTED_TOO_SHORT,,16.555,12.45,0.24796134098459682,0
AGL,736,2013-06-26,EXPIRED_NO_BREAKOUT,,10.8,12.9,0.1944444444444444,60
AGL,753,2013-07-22,REJECTED_TOO_SHORT,,11.24,12.9,0.14768683274021352,14
AGL,764,2013-08-13,REJECTED_TOO_SHORT,,16.555,12.2,0.2630625188764724,0
AGL,777,2013-09-02,REJECTED_TOO_SHORT,,10.8,12.9,0.1944444444444444,7
AGL,794,2013-09-25,EXPIRED_NO_BREAKOUT,,11.135,12.9,0.15850920520880113,60
AGL,808,2013-10-25,VALID,up,10.8,12.870000000000001,0.19166666666666668,32
AGL,826,2013-12-03,REJECTED_HEIGHT_FLOOR,,12.9,12.9,0.0,0
AGL,843,2014-01-07,REJECTED_TOO_SHORT,,10.8,13.49,0.249074074074074,9
AGL,864,2014-02-13,EXPIRED_NO_BREAKOUT,,10.8,13.3,0.23148148148148145,60
AGL,883,2014-03-19,VALID,down,11.0,11.99,0.09000000000000002,50
AGL,893,2014-04-07,VALID,down,11.0,11.99,0.09000000000000002,31
AGL,905,2014-05-05,REJECTED_HEIGHT_FLOOR,,11.0,11.38,0.034545454545454615,0
AGL,916,2014-05-21,VALID,down,9.865,12.9,0.30765331981753674,48
AGL,934,2014-06-30,REJECTED_HEIGHT_FLOOR,,11.0,10.98,0.0018181818181817794,427
AGL,959,2014-09-04,VALID,down,7.75,12.9,0.6645161290322581,54
AGL,971,2014-09-30,REJECTED_TOO_SHORT,,11.0,8.79,0.20090909090909098,17
AGL,982,2014-10-23,VALID,down,11.0,8.0,0.2727272727272727,71
AGL,991,2014-11-10,EXPIRED_NO_BREAKOUT,,7.25,12.9,0.7793103448275862,60
AGL,1002,2014-11-28,EXPIRED_NO_BREAKOUT,,7.01,12.9,0.8402282453637662,60
AGL,1018,2014-12-23,REJECTED_TOO_SHORT,,11.0,8.24,0.2509090909090909,0
AGL,1028,2015-01-08,EXPIRED_NO_BREAKOUT,,7.5,12.9,0.7200000000000001,60
AGL,1044,2015-02-12,REJECTED_TOO_SHORT,,7.9,12.9,0.6329113924050632,19
AGL,1060,2015-03-19,REJECTED_TOO_SHORT,,11.0,8.0,0.2727272727272727,0
AGL,1069,2015-04-23,REJECTED_TOO_SHORT,,7.005,12.9,0.841541755888651,14
AGL,1091,2015-06-15,REJECTED_TOO_SHORT,,11.0,8.845,0.19590909090909084,0
AGL,1106,2015-07-06,REJECTED_TOO_SHORT,,7.01,12.9,0.8402282453637662,17
AGL,1133,2015-08-18,REJECTED_TOO_SHORT,,11.0,11.75,0.06818181818181818,2
AGL,1146,2015-09-07,VALID,down,8.45,12.9,0.5266272189349114,52
AGL,1168,2015-10-09,REJECTED_TOO_SHORT,,11.0,9.0,0.18181818181818182,0
AGL,1184,2015-11-03,REJECTED_TOO_SHORT,,11.0,9.125,0.17045454545454544,0
AGL,1197,2015-11-20,REJECTED_HEIGHT_FLOOR,,11.0,10.6,0.0363636363636364,189
AGL,1214,2015-12-16,VALID,down,8.7,12.9,0.48275862068965536,28
AGL,1222,2015-12-30,REJECTED_HEIGHT_FLOOR,,9.0,9.02,0.002222222222222175,153
AGL,1234,2016-01-21,REJECTED_TOO_SHORT,,11.0,9.25,0.1590909090909091,0
AGL,1247,2016-02-10,REJECTED_TOO_SHORT,,11.0,8.39,0.23727272727272722,0
AGL,1261,2016-03-04,REJECTED_TOO_SHORT,,11.0,10.02,0.08909090909090912,0
AGL,1278,2016-03-31,REJECTED_TOO_SHORT,,11.0,8.99,0.1827272727272727,0
AGL,1288,2016-04-14,VALID,up,8.2,9.02,0.10000000000000005,32
AGL,1302,2016-05-05,REJECTED_TOO_SHORT,,11.0,9.25,0.1590909090909091,0
AGL,1318,2016-05-27,REJECTED_HEIGHT_FLOOR,,11.0,10.45,0.050000000000000065,0
AGL,1340,2016-06-28,VALID,up,7.75,9.02,0.16387096774193544,22
AGL,1362,2016-08-04,REJECTED_TOO_SHORT,,12.8,9.02,0.2953125000000001,0
AGL,1374,2016-08-22,REJECTED_TOO_SHORT,,13.08,9.02,0.31039755351681964,0
AGL,1386,2016-09-07,VALID,up,11.0,13.774999999999999,0.25227272727272715,28
AGL,1397,2016-09-27,REJECTED_TOO_SHORT,,11.0,13.89,0.26272727272727275,8
AGL,1419,2016-10-31,REJECTED_TOO_SHORT,,10.4,9.02,0.13269230769230778,0
AGL,1433,2016-11-18,REJECTED_TOO_SHORT,,11.8,9.02,0.23559322033898314,0
AGL,1449,2016-12-13,VALID,up,11.77,13.39,0.13763806287170782,29
AGL,1469,2017-01-10,REJECTED_TOO_SHORT,,12.4,13.89,0.12016129032258066,13
AGL,1478,2017-01-23,EXPIRED_NO_BREAKOUT,,11.77,14.850000000000001,0.26168224299065435,60
AGL,1493,2017-02-13,VALID,down,11.77,13.969999999999999,0.18691588785046723,51
AGL,1504,2017-02-28,VALID,down,12.015,13.9,0.15688722430295463,36
AGL,1511,2017-03-09,VALID,down,11.77,13.395,0.13806287170773152,27
AGL,1529,2017-04-06,REJECTED_TOO_SHORT,,11.364999999999998,13.9,0.22305323361196677,11
AGL,1542,2017-04-25,REJECTED_TOO_SHORT,,11.77,12.55,0.06627017841971122,3
AGL,1557,2017-05-17,REJECTED_TOO_SHORT,,10.8,13.9,0.287037037037037,13
AGL,1571,2017-06-06,REJECTED_HEIGHT_FLOOR,,11.77,11.8,0.0025488530161428325,0
AGL,1584,2017-06-29,EXPIRED_NO_BREAKOUT,,8.0,13.9,0.7375,60
AGL,1601,2017-07-24,VALID,down,8.21,13.9,0.6930572472594396,35
AGL,1627,2017-08-30,VALID,down,7.95,13.9,0.7484276729559749,44
AGL,1635,2017-09-13,VALID,down,7.72,13.9,0.800518134715026,30
AGL,1647,2017-09-29,REJECTED_TOO_SHORT,,7.72,9.4,0.2176165803108809,14
AGL,1663,2017-10-23,REJECTED_TOO_SHORT,,7.72,8.99,0.16450777202072545,4
AGL,1679,2017-11-14,VALID,down,7.72,7.2,0.06735751295336782,167
AGL,1697,2017-12-12,EXPIRED_NO_BREAKOUT,,4.9,9.01,0.8387755102040815,60
AGL,1709,2017-12-29,EXPIRED_NO_BREAKOUT,,4.7,9.01,0.9170212765957446,60
AGL,1725,2018-01-22,REJECTED_TOO_SHORT,,7.72,5.93,0.23186528497409328,0
AGL,1741,2018-02-14,REJECTED_HEIGHT_FLOOR,,7.72,7.48,0.031088082901554317,0
AGL,1757,2018-03-08,EXPIRED_NO_BREAKOUT,,6.85,9.01,0.3153284671532847,60
AGL,1767,2018-03-22,REJECTED_HEIGHT_FLOOR,,7.72,7.85,0.016839378238341956,0
AGL,1787,2018-04-20,REJECTED_TOO_SHORT,,6.7,9.01,0.344776119402985,14
AGL,1807,2018-05-21,VALID,down,4.75,9.01,0.8968421052631579,35
AGL,1814,2018-05-30,VALID,down,7.72,5.74,0.2564766839378238,820
AGL,1822,2018-06-12,REJECTED_TOO_SHORT,,4.75,9.01,0.8968421052631579,13
AGL,1833,2018-06-29,REJECTED_TOO_SHORT,,7.72,4.88,0.36787564766839376,10
AGL,1845,2018-07-17,EXPIRED_NO_BREAKOUT,,4.41,9.01,1.0430839002267573,60
AGL,1860,2018-08-08,REJECTED_HEIGHT_FLOOR,,7.72,7.460000000000001,0.033678756476683794,0
AGL,1875,2018-09-04,REJECTED_TOO_SHORT,,7.72,8.67,0.12305699481865287,2
AGL,1887,2018-09-24,REJECTED_HEIGHT_FLOOR,,7.72,8.0,0.0362694300518135,0
AGL,1907,2018-10-22,REJECTED_TOO_SHORT,,7.72,6.68,0.13471502590673576,10
AGL,1918,2018-11-06,VALID,down,5.93,9.01,0.5193929173693086,24
AGL,1928,2018-11-20,REJECTED_TOO_SHORT,,7.72,6.585,0.147020725388601,0
AGL,1948,2018-12-19,REJECTED_TOO_SHORT,,5.0,9.01,0.8019999999999999,9
AGL,1964,2019-01-11,REJECTED_TOO_SHORT,,7.72,5.47,0.2914507772020726,0
AGL,1979,2019-02-01,REJECTED_TOO_SHORT,,7.72,5.890000000000001,0.23704663212435223,0
AGL,2008,2019-03-15,REJECTED_TOO_SHORT,,4.385,9.01,1.0547320410490308,14
AGL,2027,2019-04-11,REJECTED_INSUFFICIENT_TOUCHES,,3.41,9.01,1.6422287390029324,2653
AGL,2037,2019-04-25,VALID,down,7.72,3.99,0.48316062176165797,322
AGL,2063,2019-06-10,EXPIRED_NO_BREAKOUT,,2.82,9.01,2.1950354609929077,60
AGL,2081,2019-07-04,VALID,down,7.72,2.85,0.6308290155440414,56
AGL,2100,2019-07-31,REJECTED_INSUFFICIENT_TOUCHES,,1.86,9.01,3.844086021505376,2542
AGL,2113,2019-08-23,REJECTED_INSUFFICIENT_TOUCHES,,5.0,2.75,0.45,2519
AGL,2121,2019-09-04,REJECTED_INSUFFICIENT_TOUCHES,,5.0,2.69,0.462,2507
AGL,2145,2019-10-10,REJECTED_INSUFFICIENT_TOUCHES,,5.0,3.35,0.32999999999999996,2471
AGL,2153,2019-10-22,EXPIRED_NO_BREAKOUT,,2.78,9.01,2.2410071942446046,60
AGL,2175,2019-11-21,EXPIRED_NO_BREAKOUT,,3.14,9.01,1.8694267515923564,60
AGL,2189,2019-12-11,REJECTED_TOO_SHORT,,7.72,5.37,0.3044041450777202,0
AGL,2208,2020-01-08,EXPIRED_NO_BREAKOUT,,4.02,9.01,1.2412935323383087,60
AGL,2233,2020-02-13,REJECTED_INSUFFICIENT_TOUCHES,,5.0,3.93,0.21399999999999997,2345
AGL,2244,2020-02-28,REJECTED_INSUFFICIENT_TOUCHES,,3.35,9.01,1.68955223880597,2330
AGL,2253,2020-03-12,REJECTED_TOO_SHORT,,7.72,3.99,0.48316062176165797,0
AGL,2275,2020-04-14,REJECTED_INSUFFICIENT_TOUCHES,,2.61,9.01,2.452107279693487,2284
AGL,2289,2020-05-05,REJECTED_TOO_SHORT,,7.72,3.29,0.5738341968911916,0
AGL,2311,2020-06-10,REJECTED_TOO_SHORT,,7.72,4.87,0.36917098445595853,0
AGL,2320,2020-06-23,REJECTED_TOO_SHORT,,7.72,4.9,0.36528497409326416,0
AGL,2341,2020-07-22,REJECTED_TOO_SHORT,,7.72,5.859999999999999,0.24093264248704668,0
AGL,2349,2020-08-04,REJECTED_TOO_SHORT,,7.72,5.955,0.22862694300518133,0
AGL,2361,2020-08-21,VALID,down,5.27,9.01,0.7096774193548389,38
AGL,2370,2020-09-03,REJECTED_TOO_SHORT,,7.72,5.865,0.2402849740932642,0
AGL,2383,2020-09-22,REJECTED_TOO_SHORT,,5.2,9.01,0.7326923076923076,6
AGL,2398,2020-10-13,EXPIRED_NO_BREAKOUT,,4.039999999999999,9.01,1.2301980198019806,60
AGL,2414,2020-11-05,REJECTED_TOO_SHORT,,7.72,5.66,0.2668393782383419,0
AGL,2434,2020-12-03,REJECTED_TOO_SHORT,,7.72,5.1899999999999995,0.32772020725388606,0
AGL,2442,2020-12-15,VALID,down,5.02,9.01,0.7948207171314742,49
AGL,2450,2020-12-28,REJECTED_TOO_SHORT,,7.72,5.28,0.31606217616580307,0
AGL,2462,2021-01-13,REJECTED_TOO_SHORT,,7.72,5.4,0.30051813471502586,0
AGL,2479,2021-02-08,REJECTED_TOO_SHORT,,4.81,9.01,0.8731808731808733,16
AGL,2494,2021-03-01,REJECTED_TOO_SHORT,,4.51,9.01,0.9977827050997783,10
AGL,2506,2021-03-17,REJECTED_TOO_SHORT,,7.72,5.345000000000001,0.307642487046632,0
AGL,2521,2021-04-08,REJECTED_TOO_SHORT,,7.72,4.87,0.36917098445595853,0
AGL,2559,2021-06-09,EXPIRED_NO_BREAKOUT,,5.79,9.01,0.5561312607944732,60
AGL,2572,2021-06-28,REJECTED_TOO_SHORT,,6.49,9.01,0.38828967642526957,15
AGL,2590,2021-07-27,REJECTED_TOO_SHORT,,7.72,6.555,0.15090673575129535,0
AGL,2604,2021-08-16,VALID,down,5.795,9.01,0.5547886108714409,29
AGL,2615,2021-09-02,REJECTED_TOO_SHORT,,7.72,6.2,0.1968911917098445,0
AGL,2626,2021-09-17,REJECTED_TOO_SHORT,,7.72,5.98,0.22538860103626934,0
AGL,2638,2021-10-05,REJECTED_TOO_SHORT,,7.72,4.74,0.38601036269430045,0
AGL,2653,2021-10-27,VALID,down,3.51,9.01,1.566951566951567,47
AGL,2666,2021-11-15,REJECTED_TOO_SHORT,,7.72,4.5,0.4170984455958549,0
AGL,2679,2021-12-02,REJECTED_TOO_SHORT,,3.62,9.01,1.4889502762430937,7
AGL,2701,2022-01-03,EXPIRED_NO_BREAKOUT,,3.755,9.01,1.399467376830892,60
AGL,2724,2022-02-03,REJECTED_TOO_SHORT,,7.72,4.275,0.4462435233160621,0
AGL,2742,2022-03-01,REJECTED_TOO_SHORT,,7.72,6.63,0.14119170984455956,0
AGL,2753,2022-03-16,REJECTED_TOO_SHORT,,7.72,6.68,0.13471502590673576,0
AGL,2770,2022-04-11,REJECTED_HEIGHT_FLOOR,,7.72,7.545,0.022668393782383396,0
AGL,2788,2022-05-12,EXPIRED_NO_BREAKOUT,,5.0,9.01,0.8019999999999999,60
AGL,2805,2022-06-06,EXPIRED_NO_BREAKOUT,,5.16,9.01,0.7461240310077518,60
AGL,2814,2022-06-17,REJECTED_TOO_SHORT,,5.0,5.73,0.14600000000000007,13
AGL,2836,2022-07-22,EXPIRED_NO_BREAKOUT,,6.2,9.01,0.4532258064516128,60
AGL,2847,2022-08-10,EXPIRED_NO_BREAKOUT,,5.0,8.8,0.7600000000000001,60
AGL,2868,2022-09-08,EXPIRED_NO_BREAKOUT,,5.0,7.2,0.44000000000000006,60
AGL,2886,2022-10-04,EXPIRED_NO_BREAKOUT,,5.0,7.0,0.4,60
AGL,2904,2022-10-28,VALID,down,5.51,9.01,0.6352087114337568,39
AGL,2915,2022-11-15,REJECTED_TOO_SHORT,,6.11,9.01,0.4746317512274958,10
AGL,2932,2022-12-08,REJECTED_TOO_SHORT,,5.0,5.95,0.19000000000000003,11
AGL,2946,2022-12-28,REJECTED_TOO_SHORT,,4.25,9.01,1.1199999999999999,20
AGL,2960,2023-01-17,EXPIRED_NO_BREAKOUT,,3.885,9.01,1.3191763191763193,60
AGL,2976,2023-02-08,REJECTED_TOO_SHORT,,5.0,4.68,0.06400000000000006,0
AGL,3006,2023-03-22,REJECTED_TOO_SHORT,,5.0,9.01,0.8019999999999999,8
AGL,3025,2023-04-20,VALID,down,4.6,9.01,0.9586956521739132,56
AGL,3033,2023-05-08,REJECTED_HEIGHT_FLOOR,,5.0,5.24,0.04800000000000004,0
AGL,3046,2023-05-25,REJECTED_HEIGHT_FLOOR,,5.0,5.0,0.0,0
AGL,3066,2023-06-22,EXPIRED_NO_BREAKOUT,,4.01,9.01,1.2468827930174564,60
AGL,3083,2023-07-20,EXPIRED_NO_BREAKOUT,,4.46,9.01,1.0201793721973094,60
AGL,3097,2023-08-10,VALID,up,5.0,7.65,0.53,34
AGL,3111,2023-08-31,EXPIRED_NO_BREAKOUT,,5.67,9.01,0.5890652557319224,60
AGL,3131,2023-09-28,VALID,up,5.0,8.795,0.759,49
AGL,3146,2023-10-20,VALID,up,5.0,8.38,0.6760000000000002,27
AGL,3160,2023-11-10,REJECTED_TOO_SHORT,,5.0,8.19,0.6379999999999999,6
AGL,3172,2023-11-28,REJECTED_TOO_SHORT,,5.0,13.165,1.6329999999999998,10
AGL,3188,2023-12-20,REJECTED_TOO_SHORT,,11.51,9.01,0.21720243266724587,0
AGL,3210,2024-01-22,REJECTED_TOO_SHORT,,15.3,9.01,0.41111111111111115,0
AGL,3220,2024-02-06,REJECTED_TOO_SHORT,,5.0,15.15,2.0300000000000002,15
AGL,3235,2024-02-28,REJECTED_TOO_SHORT,,15.1,9.01,0.4033112582781457,0
AGL,3258,2024-04-01,REJECTED_INSUFFICIENT_TOUCHES,,5.0,28.79,4.758,836
AGL,3269,2024-04-22,REJECTED_TOO_SHORT,,5.0,24.490000000000002,3.8980000000000006,8
AGL,3282,2024-05-10,REJECTED_TOO_SHORT,,22.52,9.01,0.599911190053286,0
AGL,3301,2024-06-07,VALID,up,5.0,20.9,3.1799999999999997,24
AGL,3310,2024-06-25,REJECTED_TOO_SHORT,,19.75,9.01,0.5437974683544304,0
AGL,3322,2024-07-11,VALID,up,5.0,26.49,4.298,43
AGL,3327,2024-07-22,REJECTED_TOO_SHORT,,22.01,9.01,0.5906406179009541,0
AGL,3341,2024-08-09,REJECTED_TOO_SHORT,,5.0,24.5,3.9,13
AGL,3359,2024-09-05,REJECTED_INSUFFICIENT_TOUCHES,,30.4,9.01,0.7036184210526316,679
AGL,3379,2024-10-04,VALID,up,5.0,39.74,6.948,33
AGL,3390,2024-10-21,VALID,up,36.83,9.01,0.7553624762421939,80
AGL,3402,2024-11-06,REJECTED_INSUFFICIENT_TOUCHES,,5.0,42.49,7.498,617
AGL,3422,2024-12-04,REJECTED_TOO_SHORT,,37.5,9.01,0.7597333333333334,0
AGL,3438,2024-12-27,REJECTED_INSUFFICIENT_TOUCHES,,34.2,9.01,0.7365497076023393,566
AGL,3460,2025-01-28,EXPIRED_NO_BREAKOUT,,5.0,59.89,10.978,60
AGL,3482,2025-02-28,VALID,up,47.14,9.01,0.8088672040729742,420
AGL,3492,2025-03-14,REJECTED_TOO_SHORT,,52.14,9.01,0.8271960107403146,0
AGL,3504,2025-04-07,REJECTED_INSUFFICIENT_TOUCHES,,63.37,9.01,0.8578191573299669,465
AGL,3521,2025-04-30,VALID,up,50.32,9.01,0.8209459459459459,54
AGL,3534,2025-05-20,VALID,up,49.1,9.01,0.8164969450101833,303
AGL,3544,2025-06-04,REJECTED_INSUFFICIENT_TOUCHES,,5.0,57.01,10.402,407
AGL,3552,2025-06-18,VALID,up,5.0,59.26,10.852,33
AGL,3565,2025-07-07,REJECTED_TOO_SHORT,,52.4,9.01,0.8280534351145038,0
AGL,3579,2025-07-25,REJECTED_INSUFFICIENT_TOUCHES,,55.0,9.01,0.8361818181818182,356
AGL,3599,2025-08-25,EXPIRED_NO_BREAKOUT,,5.0,85.4,16.080000000000002,60
AGL,3613,2025-09-12,REJECTED_TOO_SHORT,,70.12,9.01,0.8715059897318882,0
AGL,3627,2025-10-02,REJECTED_INSUFFICIENT_TOUCHES,,5.0,83.5,15.7,287
AGL,3637,2025-10-16,REJECTED_TOO_SHORT,,70.1,9.01,0.8714693295292439,0
AGL,3654,2025-11-10,VALID,up,5.0,71.8,13.36,60
AGL,3664,2025-11-24,EXPIRED_NO_BREAKOUT,,5.0,74.48,13.896,60
AGL,3673,2025-12-05,REJECTED_TOO_SHORT,,68.5,9.01,0.8684671532846716,0
AGL,3687,2025-12-26,REJECTED_TOO_SHORT,,66.0,9.01,0.8634848484848485,0
AGL,3697,2026-01-09,REJECTED_TOO_SHORT,,5.0,76.65,14.330000000000002,17
AGL,3713,2026-02-02,REJECTED_TOO_SHORT,,68.5,9.01,0.8684671532846716,0
AGL,3745,2026-03-19,REJECTED_TOO_SHORT,,49.0,9.01,0.8161224489795919,0
AGL,3756,2026-04-07,REJECTED_TOO_SHORT,,44.5,9.01,0.7975280898876405,0
AGL,3762,2026-04-15,REJECTED_INSUFFICIENT_TOUCHES,,5.0,53.35,9.67,92
AGL,3773,2026-04-30,REJECTED_TOO_SHORT,,44.54,9.01,0.7977099236641222,0
AGL,3788,2026-05-25,VALID,up,5.0,48.695,8.739,24
AGL,3804,2026-06-22,EXPIRED_NO_BREAKOUT,,5.0,59.91,10.982,24
AGL-APR,7,2024-04-01,REJECTED_INSUFFICIENT_TOUCHES,,45.285,28.9,0.3618195870597328,753
AGL-APR,18,2024-04-22,REJECTED_INSUFFICIENT_TOUCHES,,45.285,24.4,0.46119023959368444,732
AGL-APR,32,2025-04-07,REJECTED_INSUFFICIENT_TOUCHES,,63.88,28.9,0.5475892298058861,382
AGL-APR,47,2026-02-19,REJECTED_INSUFFICIENT_TOUCHES,,45.285,66.0,0.45743623716462417,64
AGL-APR,57,2026-03-31,REJECTED_INSUFFICIENT_TOUCHES,,45.5,28.9,0.36483516483516487,24
AGL-APR,71,2026-04-20,REJECTED_INSUFFICIENT_TOUCHES,,46.85,28.9,0.38313767342582716,4
AGL-AUG,6,2024-07-30,REJECTED_INSUFFICIENT_TOUCHES,,58.0,25.95,0.5525862068965517,395
AGL-AUG,18,2024-08-16,REJECTED_INSUFFICIENT_TOUCHES,,21.5,25.95,0.20697674418604647,378
AGL-AUG,35,2025-07-29,REJECTED_INSUFFICIENT_TOUCHES,,58.0,63.3,0.09137931034482753,31
AGL-AUG,45,2025-08-12,REJECTED_INSUFFICIENT_TOUCHES,,58.0,87.56,0.5096551724137931,17
AGL-FEB,8,2024-02-01,REJECTED_INSUFFICIENT_TOUCHES,,13.65,15.26,0.1179487179487179,757
AGL-FEB,27,2025-01-28,REJECTED_INSUFFICIENT_TOUCHES,,13.65,63.0,3.6153846153846154,395
AGL-FEB,49,2025-02-28,REJECTED_INSUFFICIENT_TOUCHES,,47.0,15.26,0.6753191489361703,364
AGL-JAN,5,2024-01-08,REJECTED_INSUFFICIENT_TOUCHES,,14.01,17.75,0.2669521770164169,753
AGL-JAN,17,2024-01-24,REJECTED_INSUFFICIENT_TOUCHES,,15.2,17.75,0.1677631578947369,737
AGL-JAN,29,2026-01-02,REJECTED_INSUFFICIENT_TOUCHES,,67.0,17.75,0.7350746268656716,28
AGL-JAN,43,2026-01-22,REJECTED_INSUFFICIENT_TOUCHES,,69.02,17.75,0.7428281657490582,8
AGL-JUL,3,2024-06-26,REJECTED_INSUFFICIENT_TOUCHES,,21.61,22.32,0.03285515964831101,750
AGL-JUL,15,2024-07-12,VALID,up,21.52,25.63,0.19098513011152415,346
AGL-JUL,30,2025-07-01,REJECTED_INSUFFICIENT_TOUCHES,,21.61,56.49,1.6140675613142066,380
AGL-JUL,54,2026-06-29,REJECTED_INSUFFICIENT_TOUCHES,,51.25,25.63,0.49990243902439024,17
AGL-JUN,9,2024-05-29,REJECTED_INSUFFICIENT_TOUCHES,,18.81,56.385000000000005,1.9976076555023927,756
AGL-JUN,21,2024-06-14,REJECTED_INSUFFICIENT_TOUCHES,,50.05,22.0,0.5604395604395604,740
AGL-JUN,38,2025-06-03,REJECTED_INSUFFICIENT_TOUCHES,,52.5,56.385000000000005,0.0740000000000001,386
AGL-JUN,46,2025-06-17,REJECTED_INSUFFICIENT_TOUCHES,,50.08,56.385000000000005,0.12589856230031962,372
AGL-JUN,52,2025-06-25,REJECTED_INSUFFICIENT_TOUCHES,,50.05,56.35,0.12587412587412597,364
AGL-JUN,67,2026-06-10,REJECTED_INSUFFICIENT_TOUCHES,,50.05,49.6,0.008991008991008907,14
AGL-MAR,6,2024-02-26,REJECTED_INSUFFICIENT_TOUCHES,,15.4,17.25,0.1201298701298701,760
AGL-MAR,20,2024-03-15,REJECTED_INSUFFICIENT_TOUCHES,,17.0,17.25,0.014705882352941176,742
AGL-MAR,44,2025-03-05,REJECTED_INSUFFICIENT_TOUCHES,,15.4,62.2,3.0389610389610393,387
AGL-MAR,74,2026-03-09,REJECTED_INSUFFICIENT_TOUCHES,,38.71,17.25,0.5543787135107208,18
AGL-MAY,3,2024-04-08,REJECTED_INSUFFICIENT_TOUCHES,,23.0,24.98,0.08608695652173914,784
AGL-MAY,12,2024-04-26,REJECTED_INSUFFICIENT_TOUCHES,,22.51,24.98,0.10972900932918697,766
AGL-MAY,18,2024-05-07,REJECTED_TOO_SHORT,,22.51,27.55,0.22390048867170143,13
AGL-MAY,37,2025-04-22,REJECTED_INSUFFICIENT_TOUCHES,,22.51,68.0,2.0208796090626384,405
AGL-MAY,53,2025-05-15,REJECTED_INSUFFICIENT_TOUCHES,,22.51,60.85,1.703243003109729,382
AGL-MAY,65,2026-04-20,REJECTED_INSUFFICIENT_TOUCHES,,47.49,24.98,0.47399452516319224,42
AGL-MAY,80,2026-05-13,REJECTED_INSUFFICIENT_TOUCHES,,46.0,24.98,0.45695652173913043,19
AGL-NOV,6,2024-10-25,REJECTED_INSUFFICIENT_TOUCHES,,36.5,39.4,0.07945205479452051,399
AGL-NOV,14,2024-11-06,REJECTED_INSUFFICIENT_TOUCHES,,36.5,42.27,0.158082191780822,387
AGL-NOV,28,2024-11-26,REJECTED_INSUFFICIENT_TOUCHES,,37.7,71.41499999999999,0.8942970822281163,367
AGL-NOV,40,2025-11-12,REJECTED_INSUFFICIENT_TOUCHES,,64.0,71.41499999999999,0.11585937499999988,16
AGL-NOV,48,2025-11-24,REJECTED_INSUFFICIENT_TOUCHES,,36.5,74.16,1.0317808219178082,4
AGL-OCT,3,2024-09-23,REJECTED_INSUFFICIENT_TOUCHES,,32.13,39.925,0.24260815437286007,403
AGL-OCT,20,2024-10-16,VALID,up,37.0,39.8,0.0756756756756756,341
AGL-OCT,30,2025-09-24,REJECTED_INSUFFICIENT_TOUCHES,,37.0,76.75,1.0743243243243243,37
AGL-OCT,40,2025-10-08,EXPIRED_NO_BREAKOUT,,37.0,80.9,1.1864864864864866,23
AGL-OCT,48,2025-10-20,REJECTED_INSUFFICIENT_TOUCHES,,74.0,39.925,0.460472972972973,11
AGL-SEP,4,2024-08-28,REJECTED_INSUFFICIENT_TOUCHES,,30.85,34.34,0.1131280388978931,394
AGL-SEP,25,2024-09-27,REJECTED_INSUFFICIENT_TOUCHES,,32.25,34.34,0.0648062015503877,364
AGL-SEP,35,2025-09-05,REJECTED_INSUFFICIENT_TOUCHES,,30.85,79.79,1.586385737439222,21
AGLNCPS,6,2013-02-18,REJECTED_INSUFFICIENT_TOUCHES,,5.25,10.2,0.9428571428571427,4895
AGLNCPS,24,2014-11-19,REJECTED_INSUFFICIENT_TOUCHES,,4.02,10.2,1.537313432835821,4256
AGLNCPS,54,2024-05-17,REJECTED_INSUFFICIENT_TOUCHES,,16.43,10.2,0.379184418746196,789
AGLNCPS,101,2025-11-17,REJECTED_INSUFFICIENT_TOUCHES,,28.69,10.2,0.6444754269780412,240
AGP,4,2018-03-09,EXPIRED_NO_BREAKOUT,,89.01,101.75,0.14312998539489938,60
AGP,20,2018-04-03,EXPIRED_NO_BREAKOUT,,89.155,100.0,0.12164208401099208,60
AGP,32,2018-04-19,EXPIRED_NO_BREAKOUT,,86.22,106.45,0.23463233588494553,60
AGP,50,2018-05-16,EXPIRED_NO_BREAKOUT,,86.25,94.73,0.09831884057971019,60
AGP,65,2018-06-06,EXPIRED_NO_BREAKOUT,,89.01,103.47,0.16245365689248392,60
AGP,78,2018-06-28,EXPIRED_NO_BREAKOUT,,86.25,100.0,0.15942028985507245,60
AGP,91,2018-07-17,EXPIRED_NO_BREAKOUT,,80.5,100.0,0.2422360248447205,60
AGP,103,2018-08-03,VALID,down,92.24000000000001,100.0,0.08412836079791837,33
AGP,113,2018-08-20,VALID,down,89.01,100.0,0.12346927311538022,23
AGP,137,2018-09-28,REJECTED_TOO_SHORT,,86.0,100.0,0.16279069767441862,7
AGP,160,2018-10-31,VALID,down,86.235,93.9,0.08888502348234482,23
AGP,183,2018-12-04,EXPIRED_NO_BREAKOUT,,73.26,92.7,0.26535626535626533,60
AGP,194,2018-12-19,EXPIRED_NO_BREAKOUT,,77.0,92.7,0.20389610389610394,60
AGP,209,2019-01-11,VALID,down,83.55,92.7,0.10951526032315986,54
AGP,217,2019-01-23,VALID,down,84.27,92.85,0.10181559273762904,34
AGP,241,2019-02-27,VALID,down,78.15,92.7,0.1861804222648752,55
AGP,253,2019-03-15,REJECTED_TOO_SHORT,,81.0,92.7,0.1444444444444445,10
AGP,263,2019-03-29,REJECTED_HEIGHT_FLOOR,,86.22,87.2,0.011366272326606402,0
AGP,282,2019-04-25,EXPIRED_NO_BREAKOUT,,69.5,83.89,0.20705035971223024,60
AGP,305,2019-05-30,VALID,down,86.22,71.05,0.17594525632103922,29
AGP,318,2019-06-26,EXPIRED_NO_BREAKOUT,,64.1,83.89,0.30873634945397826,60
AGP,340,2019-07-26,VALID,down,86.22,61.49,0.28682440269079096,28
AGP,351,2019-08-16,EXPIRED_NO_BREAKOUT,,51.06,83.89,0.6429690560125342,60
AGP,376,2019-09-24,EXPIRED_NO_BREAKOUT,,59.5,83.89,0.40991596638655464,60
AGP,400,2019-10-28,REJECTED_HEIGHT_FLOOR,,86.22,81.52000000000001,0.05451171421943851,0
AGP,414,2019-11-15,VALID,up,77.5,92.7,0.19612903225806455,32
AGP,431,2019-12-10,REJECTED_TOO_SHORT,,86.22,97.0,0.12502899559266992,20
AGP,441,2019-12-24,REJECTED_HEIGHT_FLOOR,,90.5,92.7,0.0243093922651934,0
AGP,453,2020-01-10,EXPIRED_NO_BREAKOUT,,86.22,108.0,0.2526096033402923,60
AGP,473,2020-02-10,REJECTED_HEIGHT_FLOOR,,94.81,92.7,0.0222550363885666,0
AGP,491,2020-03-05,REJECTED_TOO_SHORT,,86.22,104.5,0.21201577360241244,13
AGP,510,2020-04-02,REJECTED_HEIGHT_FLOOR,,86.22,87.0,0.009046624913013236,0
AGP,525,2020-04-23,VALID,up,84.27,92.7,0.10003559985760066,21
AGP,543,2020-05-20,REJECTED_TOO_SHORT,,86.22,101.125,0.17287172349802832,19
AGP,554,2020-06-10,VALID,up,86.22,118.94,0.37949431686383667,55
AGP,567,2020-06-29,REJECTED_TOO_SHORT,,102.5,92.7,0.09560975609756095,0
AGP,586,2020-07-24,REJECTED_TOO_SHORT,,111.0,92.7,0.16486486486486485,20
AGP,602,2020-08-19,EXPIRED_NO_BREAKOUT,,86.22,118.49,0.3742751101832521,60
AGP,617,2020-09-09,REJECTED_TOO_SHORT,,113.5,92.7,0.1832599118942731,0
AGP,636,2020-10-06,REJECTED_HEIGHT_FLOOR,,95.01,92.7,0.024313230186296202,0
AGP,650,2020-10-26,VALID,up,86.22,113.0,0.31060078868012064,43
AGP,663,2020-11-13,REJECTED_TOO_SHORT,,102.55,92.7,0.09605070697220863,0
AGP,679,2020-12-07,REJECTED_TOO_SHORT,,108.25,92.7,0.14364896073903,0
AGP,690,2020-12-22,VALID,up,108.56,119.345,0.0993459837877671,34
AGP,704,2021-01-12,REJECTED_TOO_SHORT,,112.0,119.345,0.06558035714285713,13
AGP,719,2021-02-02,REJECTED_INSUFFICIENT_TOUCHES,,86.22,139.0,0.6121549524472281,1990
AGP,736,2021-02-26,EXPIRED_NO_BREAKOUT,,108.66,128.98,0.1870053377507822,60
AGP,756,2021-03-29,VALID,down,108.66,119.75,0.10206147616418189,50
AGP,765,2021-04-09,VALID,down,108.66,115.95,0.06709000552181121,39
AGP,772,2021-04-20,VALID,down,108.66,115.0,0.058347137861218513,28
AGP,781,2021-05-03,REJECTED_TOO_SHORT,,105.11,119.75,0.13928265626486538,18
AGP,800,2021-06-07,REJECTED_HEIGHT_FLOOR,,108.66,108.995,0.0030830112276827534,0
AGP,811,2021-06-22,REJECTED_TOO_SHORT,,105.8,119.75,0.13185255198487716,9
AGP,838,2021-08-03,REJECTED_HEIGHT_FLOOR,,120.66,119.75,0.007541853141057489,0
AGP,847,2021-08-16,REJECTED_HEIGHT_FLOOR,,119.46,119.75,0.002427590825380933,0
AGP,858,2021-09-02,REJECTED_HEIGHT_FLOOR,,113.5,119.75,0.05506607929515418,0
AGP,874,2021-09-24,REJECTED_INSUFFICIENT_TOUCHES,,116.07,83.935,0.2768587921082105,1756
AGP,886,2021-10-12,VALID,down,105.35499999999999,119.345,0.13278914147406398,31
AGP,899,2021-11-01,REJECTED_TOO_SHORT,,106.0,119.345,0.12589622641509432,11
AGP,909,2021-11-15,REJECTED_TOO_SHORT,,99.01,119.345,0.20538329461670532,9
AGP,920,2021-11-30,REJECTED_HEIGHT_FLOOR,,105.8,102.0,0.03591682419659733,0
AGP,931,2021-12-15,REJECTED_TOO_SHORT,,105.8,92.48,0.12589792060491486,0
AGP,946,2022-01-05,REJECTED_HEIGHT_FLOOR,,105.8,99.995,0.05486767485822299,0
AGP,967,2022-02-03,REJECTED_TOO_SHORT,,105.8,93.95,0.11200378071833643,0
AGP,983,2022-02-25,VALID,down,81.0,119.345,0.4733950617283951,27
AGP,994,2022-03-14,REJECTED_TOO_SHORT,,80.5,119.345,0.4825465838509317,10
AGP,1008,2022-04-04,VALID,down,81.7,119.345,0.46077111383108926,50
AGP,1033,2022-05-16,REJECTED_TOO_SHORT,,80.5,119.345,0.4825465838509317,18
AGP,1042,2022-05-27,REJECTED_TOO_SHORT,,105.8,83.88,0.20718336483931948,0
AGP,1057,2022-06-17,REJECTED_TOO_SHORT,,105.8,92.2,0.12854442344045364,0
AGP,1066,2022-06-30,REJECTED_TOO_SHORT,,105.8,89.88,0.15047258979206052,0
AGP,1095,2022-08-17,VALID,down,80.5,87.45,0.08633540372670812,26
AGP,1104,2022-08-30,REJECTED_TOO_SHORT,,80.5,92.34,0.14708074534161494,13
AGP,1122,2022-09-23,EXPIRED_NO_BREAKOUT,,72.0,83.89,0.1651388888888889,60
AGP,1135,2022-10-12,REJECTED_HEIGHT_FLOOR,,80.5,84.99,0.05577639751552789,0
AGP,1151,2022-11-03,VALID,down,71.555,83.89,0.17238487876458658,35
AGP,1160,2022-11-17,REJECTED_TOO_SHORT,,74.0,83.89,0.13364864864864864,11
AGP,1173,2022-12-06,REJECTED_TOO_SHORT,,69.0,83.89,0.21579710144927536,9
AGP,1188,2022-12-27,REJECTED_TOO_SHORT,,80.5,68.8,0.14534161490683234,8
AGP,1200,2023-01-12,REJECTED_INSUFFICIENT_TOUCHES,,86.22,65.99,0.23463233588494553,1281
AGP,1212,2023-01-30,EXPIRED_NO_BREAKOUT,,53.0,83.89,0.5828301886792453,60
AGP,1220,2023-02-09,VALID,down,80.5,63.89,0.20633540372670806,271
AGP,1237,2023-03-06,REJECTED_TOO_SHORT,,80.5,57.97,0.27987577639751554,0
AGP,1256,2023-04-03,VALID,down,53.0,83.89,0.5828301886792453,43
AGP,1265,2023-04-17,EXPIRED_NO_BREAKOUT,,50.0,83.89,0.6778,60
AGP,1286,2023-05-22,REJECTED_TOO_SHORT,,80.5,56.98,0.2921739130434783,0
AGP,1297,2023-06-06,REJECTED_TOO_SHORT,,80.5,54.4,0.3242236024844721,0
AGP,1318,2023-07-10,REJECTED_INSUFFICIENT_TOUCHES,,86.22,67.1,0.22175829273950365,1102
AGP,1330,2023-07-26,VALID,down,58.025000000000006,83.89,0.44575613959500204,23
AGP,1354,2023-08-31,REJECTED_INSUFFICIENT_TOUCHES,,47.0,83.935,0.7858510638297873,1050
AGP,1365,2023-09-15,EXPIRED_NO_BREAKOUT,,46.21,83.89,0.8154079203635577,60
AGP,1387,2023-10-18,EXPIRED_NO_BREAKOUT,,57.79,83.89,0.4516352310088251,60
AGP,1401,2023-11-07,REJECTED_TOO_SHORT,,80.5,63.9,0.20621118012422363,0
AGP,1415,2023-11-28,VALID,down,80.5,73.5,0.08695652173913043,34
AGP,1426,2023-12-13,REJECTED_TOO_SHORT,,69.5,83.89,0.20705035971223024,13
AGP,1438,2024-01-01,REJECTED_TOO_SHORT,,80.5,73.0,0.09316770186335403,0
AGP,1447,2024-01-12,REJECTED_TOO_SHORT,,80.5,71.0,0.11801242236024845,0
AGP,1461,2024-02-01,EXPIRED_NO_BREAKOUT,,64.63,83.89,0.29800402289958233,60
AGP,1474,2024-02-22,REJECTED_HEIGHT_FLOOR,,80.5,81.2,0.008695652173913078,0
AGP,1494,2024-03-21,REJECTED_TOO_SHORT,,80.5,71.38499999999999,0.11322981366459639,0
AGP,1505,2024-04-08,REJECTED_HEIGHT_FLOOR,,80.5,81.5,0.012422360248447204,0
AGP,1518,2024-04-30,REJECTED_HEIGHT_FLOOR,,79.25,83.935,0.05911671924290224,0
AGP,1533,2024-05-22,VALID,up,80.5,92.875,0.15372670807453417,43
AGP,1554,2024-06-26,REJECTED_HEIGHT_FLOOR,,86.25,83.935,0.0268405797101449,0
AGP,1567,2024-07-15,VALID,up,86.22,102.745,0.19166086754813275,42
AGP,1581,2024-08-06,REJECTED_TOO_SHORT,,91.08,83.935,0.07844751866490993,0
AGP,1588,2024-08-16,REJECTED_TOO_SHORT,,86.22,99.985,0.15964973324054746,7
AGP,1596,2024-08-28,REJECTED_TOO_SHORT,,95.0,83.935,0.1164736842105263,0
AGP,1608,2024-09-13,REJECTED_TOO_SHORT,,86.22,109.875,0.2743562978427279,7
AGP,1639,2024-10-29,REJECTED_TOO_SHORT,,120.0,83.935,0.30054166666666665,0
AGP,1653,2024-11-18,REJECTED_TOO_SHORT,,147.03,83.935,0.4291301095014623,8
AGP,1672,2024-12-13,VALID,up,86.22,178.0,1.0644861980978892,33
AGP,1683,2024-12-31,REJECTED_TOO_SHORT,,86.22,178.97,1.0757364880538158,15
AGP,1694,2025-01-15,EXPIRED_NO_BREAKOUT,,86.22,191.85,1.2251217814892137,60
AGP,1713,2025-02-12,REJECTED_TOO_SHORT,,160.52,83.935,0.477105656615998,0
AGP,1730,2025-03-07,REJECTED_TOO_SHORT,,184.0,83.935,0.5438315217391304,4
AGP,1738,2025-03-19,VALID,up,86.22,194.4,1.2546972860125263,26
AGP,1747,2025-04-07,VALID,up,175.4,83.935,0.5214652223489168,158
AGP,1770,2025-05-09,REJECTED_INSUFFICIENT_TOUCHES,,142.0,83.935,0.4089084507042253,433
AGP,1781,2025-05-26,VALID,up,170.66,83.935,0.5081741474276339,28
AGP,1790,2025-06-11,VALID,up,86.22,205.0,1.3776385989329623,56
AGP,1816,2025-07-17,REJECTED_TOO_SHORT,,86.22,204.9,1.3764787752261658,20
AGP,1831,2025-08-07,EXPIRED_NO_BREAKOUT,,86.22,218.25,1.5313152400835073,60
AGP,1845,2025-08-28,REJECTED_TOO_SHORT,,185.1,83.935,0.5465424095083738,0
AGP,1856,2025-09-12,REJECTED_TOO_SHORT,,175.66,83.935,0.5221735170215188,0
AGP,1877,2025-10-13,REJECTED_TOO_SHORT,,188.08,83.935,0.5537271373883454,0
AGP,1886,2025-10-24,EXPIRED_NO_BREAKOUT,,86.22,209.0,1.4240315472048248,60
AGP,1898,2025-11-11,REJECTED_TOO_SHORT,,185.01,83.935,0.5463218204421382,0
AGP,1910,2025-11-27,REJECTED_TOO_SHORT,,86.22,189.85,1.2019253073532823,11
AGP,1920,2025-12-11,REJECTED_TOO_SHORT,,189.0,83.935,0.5558994708994709,0
AGP,1929,2025-12-24,REJECTED_TOO_SHORT,,188.01,83.935,0.5535609807988936,0
AGP,1943,2026-01-14,REJECTED_TOO_SHORT,,213.0,83.935,0.6059389671361503,0
AGP,1961,2026-02-10,REJECTED_INSUFFICIENT_TOUCHES,,86.22,258.67,2.00011598237068,156
AGP,1980,2026-03-09,REJECTED_TOO_SHORT,,171.515,83.935,0.5106258927790571,0
AGP,1989,2026-03-24,EXPIRED_NO_BREAKOUT,,86.22,210.84,1.4453723034098818,60
AGP,2003,2026-04-13,REJECTED_TOO_SHORT,,180.25,83.935,0.5343411927877947,0
AGP,2016,2026-04-30,REJECTED_TOO_SHORT,,175.825,83.935,0.5226219252097255,0
AGP,2030,2026-05-22,VALID,up,86.22,196.46,1.2785896543725355,25
AGP,2047,2026-06-22,REJECTED_TOO_SHORT,,199.8,83.935,0.5799049049049049,8
AGP-JUL,3,2025-07-08,REJECTED_INSUFFICIENT_TOUCHES,,194.0,204.0,0.05154639175257732,373
AGP-MAYB,10,2025-05-09,REJECTED_INSUFFICIENT_TOUCHES,,144.2,190.04,0.3178918169209432,388
AGP-MAYB,26,2026-05-06,REJECTED_INSUFFICIENT_TOUCHES,,144.2,198.48,0.3764216366158114,26
AGSML,5,2005-01-10,EXPIRED_NO_BREAKOUT,,5.9,6.99,0.18474576271186438,60
AGSML,15,2005-01-28,EXPIRED_NO_BREAKOUT,,5.2,7.5,0.44230769230769224,60
AGSML,30,2005-02-21,REJECTED_HEIGHT_FLOOR,,6.0,6.2,0.03333333333333336,346
AGSML,39,2005-03-08,REJECTED_TOO_SHORT,,6.0,7.3,0.21666666666666665,9
AGSML,50,2005-04-12,VALID,up,5.1,6.5,0.2745098039215687,2942
AGSML,65,2005-06-23,EXPIRED_NO_BREAKOUT,,4.35,6.2,0.4252873563218392,60
AGSML,74,2005-07-20,EXPIRED_NO_BREAKOUT,,4.51,5.35,0.18625277161862525,60
AGSML,88,2005-09-21,EXPIRED_NO_BREAKOUT,,4.55,6.2,0.36263736263736274,60
AGSML,99,2005-11-24,EXPIRED_NO_BREAKOUT,,5.2,6.2,0.1923076923076923,60
AGSML,107,2005-12-19,EXPIRED_NO_BREAKOUT,,5.4,6.2,0.1481481481481481,60
AGSML,114,2006-01-02,VALID,down,5.2,6.2,0.1923076923076923,65
AGSML,126,2006-02-02,VALID,down,5.2,6.15,0.1826923076923077,34
AGSML,143,2006-04-17,REJECTED_TOO_SHORT,,5.2,6.0,0.1538461538461538,15
AGSML,151,2006-05-15,VALID,down,4.85,6.025,0.24226804123711357,28
AGSML,168,2006-07-31,REJECTED_HEIGHT_FLOOR,,5.2,5.5,0.057692307692307654,0
AGSML,189,2006-12-06,EXPIRED_NO_BREAKOUT,,2.2,6.99,2.1772727272727272,60
AGSML,205,2007-01-03,EXPIRED_NO_BREAKOUT,,4.05,5.15,0.2716049382716051,60
AGSML,221,2007-02-21,EXPIRED_NO_BREAKOUT,,2.0,6.99,2.495,60
AGSML,232,2007-04-19,REJECTED_INSUFFICIENT_TOUCHES,,6.0,2.9,0.5166666666666667,7028
AGSML,248,2007-06-04,REJECTED_INSUFFICIENT_TOUCHES,,6.0,5.6,0.06666666666666672,6982
AGSML,259,2007-06-28,VALID,down,4.05,6.025,0.4876543209876545,46
AGSML,265,2007-07-13,VALID,down,4.05,5.05,0.2469135802469136,31
AGSML,282,2007-08-23,EXPIRED_NO_BREAKOUT,,3.0,6.025,1.0083333333333335,60
AGSML,298,2007-12-24,REJECTED_TOO_SHORT,,4.05,4.95,0.22222222222222232,9
AGSML,313,2008-02-21,EXPIRED_NO_BREAKOUT,,3.0,6.025,1.0083333333333335,60
AGSML,327,2008-04-10,EXPIRED_NO_BREAKOUT,,2.9,6.99,1.410344827586207,60
AGSML,342,2008-06-05,REJECTED_TOO_SHORT,,4.05,7.5,0.851851851851852,18
AGSML,362,2008-07-17,REJECTED_INSUFFICIENT_TOUCHES,,2.95,6.99,1.3694915254237288,6573
AGSML,370,2008-07-31,REJECTED_TOO_SHORT,,4.05,5.0,0.23456790123456794,15
AGSML,386,2008-08-27,EXPIRED_NO_BREAKOUT,,4.14,6.0,0.4492753623188407,60
AGSML,409,2008-12-17,REJECTED_TOO_SHORT,,3.14,6.0,0.9108280254777069,13
AGSML,419,2009-01-19,VALID,down,3.0,6.0,1.0,29
AGSML,432,2009-03-25,EXPIRED_NO_BREAKOUT,,3.0,6.9,1.3,60
AGSML,445,2009-06-12,EXPIRED_NO_BREAKOUT,,4.05,7.97,0.9679012345679012,60
AGSML,460,2009-08-06,EXPIRED_NO_BREAKOUT,,4.5,6.0,0.3333333333333333,60
AGSML,477,2009-10-15,EXPIRED_NO_BREAKOUT,,3.0,7.5,1.5,60
AGSML,493,2009-11-20,EXPIRED_NO_BREAKOUT,,3.45,6.99,1.026086956521739,60
AGSML,515,2010-01-22,REJECTED_TOO_SHORT,,5.01,6.0,0.19760479041916174,5
AGSML,525,2010-03-02,REJECTED_TOO_SHORT,,4.025,6.0,0.49068322981366447,8
AGSML,548,2010-04-14,REJECTED_HEIGHT_FLOOR,,4.05,4.0,0.012345679012345635,0
AGSML,558,2010-04-29,REJECTED_TOO_SHORT,,3.25,5.9,0.8153846153846155,8
AGSML,574,2010-05-26,EXPIRED_NO_BREAKOUT,,2.6,6.99,1.6884615384615387,60
AGSML,586,2010-06-22,REJECTED_TOO_SHORT,,3.0,3.75,0.25,0
AGSML,593,2010-07-12,REJECTED_INSUFFICIENT_TOUCHES,,6.0,3.6,0.39999999999999997,5848
AGSML,608,2010-08-05,VALID,up,3.0,6.970000000000001,1.3233333333333335,47
AGSML,615,2010-08-16,VALID,up,3.0,6.0,1.0,31
AGSML,628,2010-09-02,REJECTED_TOO_SHORT,,3.255,6.0,0.8433179723502304,14
AGSML,642,2010-09-28,REJECTED_HEIGHT_FLOOR,,7.0,6.99,0.0014285714285713982,371
AGSML,664,2010-11-01,EXPIRED_NO_BREAKOUT,,4.05,7.5,0.851851851851852,60
AGSML,673,2010-11-15,REJECTED_TOO_SHORT,,5.5,6.0,0.09090909090909091,7
AGSML,680,2010-11-29,REJECTED_TOO_SHORT,,4.05,6.99,0.7259259259259261,15
AGSML,694,2010-12-28,REJECTED_TOO_SHORT,,5.0,6.0,0.2,14
AGSML,704,2011-01-14,EXPIRED_NO_BREAKOUT,,4.55,6.5,0.4285714285714286,60
AGSML,713,2011-01-28,EXPIRED_NO_BREAKOUT,,4.51,6.995,0.5509977827050999,60
AGSML,788,2011-08-08,VALID,up,2.02,6.99,2.460396039603961,51
AGSML,805,2011-10-04,REJECTED_HEIGHT_FLOOR,,7.0,6.99,0.0014285714285713982,0
AGSML,832,2012-01-10,EXPIRED_NO_BREAKOUT,,4.02,6.5,0.6169154228855723,60
AGSML,864,2012-03-29,VALID,up,4.4,6.5,0.4772727272727271,22
AGSML,914,2012-06-27,EXPIRED_NO_BREAKOUT,,4.035,21.65,4.365551425030978,60
AGSML,924,2012-11-28,REJECTED_INSUFFICIENT_TOUCHES,,12.58,6.99,0.44435612082670906,4978
AGSML,948,2013-03-25,EXPIRED_NO_BREAKOUT,,4.035,7.98,0.9776951672862454,60
AGSML,960,2013-05-02,REJECTED_TOO_SHORT,,5.175000000000001,6.5,0.256038647342995,0
AGSML,977,2013-08-20,VALID,up,4.035,6.5,0.6109045848822799,79
AGSML,995,2013-12-17,REJECTED_HEIGHT_FLOOR,,6.7,6.5,0.029850746268656744,281
AGSML,1001,2014-01-15,EXPIRED_NO_BREAKOUT,,4.035,9.3,1.304832713754647,60
AGSML,1008,2014-01-30,VALID,up,7.55,6.5,0.1390728476821192,678
AGSML,1022,2014-04-04,REJECTED_TOO_SHORT,,6.0,6.5,0.08333333333333333,19
AGSML,1042,2014-07-04,VALID,up,4.66,6.5,0.3948497854077253,40
AGSML,1054,2014-09-09,REJECTED_TOO_SHORT,,4.035,7.98,0.9776951672862454,20
AGSML,1065,2014-10-02,REJECTED_INSUFFICIENT_TOUCHES,,7.31,6.99,0.043775649794801565,4305
AGSML,1078,2014-11-18,VALID,up,8.5,6.99,0.17764705882352938,3951
AGSML,1095,2015-01-01,VALID,up,4.035,10.98,1.721189591078067,32
AGSML,1106,2015-01-27,VALID,up,9.25,6.99,0.2443243243243243,4150
AGSML,1121,2015-03-05,REJECTED_INSUFFICIENT_TOUCHES,,6.0,13.24,1.2066666666666668,4151
AGSML,1142,2015-05-19,REJECTED_INSUFFICIENT_TOUCHES,,13.4,6.99,0.47835820895522385,4076
AGSML,1153,2015-07-30,REJECTED_TOO_SHORT,,10.0,6.5,0.35,0
AGSML,1165,2015-09-01,EXPIRED_NO_BREAKOUT,,4.035,10.09,1.500619578686493,60
AGSML,1178,2015-10-22,REJECTED_HEIGHT_FLOOR,,6.87,6.5,0.05385735080058226,0
AGSML,1189,2015-12-16,EXPIRED_NO_BREAKOUT,,4.035,10.0,1.4783147459727384,60
AGSML,1213,2016-05-03,EXPIRED_NO_BREAKOUT,,4.035,6.99,0.7323420074349443,60
AGSML,1225,2016-05-24,VALID,down,5.0,6.5,0.3,31
AGSML,1237,2016-06-22,EXPIRED_NO_BREAKOUT,,4.6,6.5,0.4130434782608697,60
AGSML,1255,2016-07-27,REJECTED_TOO_SHORT,,5.0,6.5,0.3,16
AGSML,1273,2016-08-26,VALID,up,4.31,6.5,0.5081206496519723,25
AGSML,1281,2016-09-07,REJECTED_TOO_SHORT,,4.035,6.05,0.49938042131350674,13
AGSML,1295,2016-09-30,REJECTED_HEIGHT_FLOOR,,6.63,6.5,0.019607843137254888,0
AGSML,1326,2016-11-16,REJECTED_HEIGHT_FLOOR,,6.6,6.5,0.015151515151515098,0
AGSML,1333,2016-11-25,REJECTED_TOO_SHORT,,4.035,8.65,1.143742255266419,11
AGSML,1345,2016-12-14,REJECTED_TOO_SHORT,,7.7,6.5,0.15584415584415587,0
AGSML,1369,2017-01-17,REJECTED_TOO_SHORT,,9.1,6.5,0.2857142857142857,13
AGSML,1382,2017-02-03,REJECTED_TOO_SHORT,,9.0,6.5,0.2777777777777778,0
AGSML,1403,2019-01-02,REJECTED_TOO_SHORT,,4.035,6.99,0.7323420074349443,19
AGSML,1419,2019-01-24,REJECTED_HEIGHT_FLOOR,,4.035,4.06,0.006195786864931714,0
AGSML,1432,2019-02-13,REJECTED_TOO_SHORT,,3.6,6.99,0.9416666666666667,13
AGSML,1442,2019-02-27,EXPIRED_NO_BREAKOUT,,2.4,6.99,1.9125,60
AGSML,1461,2019-03-27,VALID,down,2.5,6.99,1.796,43
AGSML,1468,2019-04-05,REJECTED_TOO_SHORT,,4.035,3.2,0.20693928128872366,0
AGSML,1478,2019-04-19,REJECTED_TOO_SHORT,,2.5,6.99,1.796,20
AGSML,1495,2019-05-17,REJECTED_INSUFFICIENT_TOUCHES,,1.88,6.99,2.718085106382979,2617
AGSML,1508,2019-06-13,REJECTED_INSUFFICIENT_TOUCHES,,6.0,4.49,0.25166666666666665,2590
AGSML,1519,2019-06-28,REJECTED_TOO_SHORT,,2.2,6.99,2.1772727272727272,19
AGSML,1528,2019-07-11,REJECTED_TOO_SHORT,,4.035,3.25,0.19454770755886,0
AGSML,1543,2019-08-01,REJECTED_INSUFFICIENT_TOUCHES,,6.0,1.85,0.6916666666666668,2541
AGSML,1560,2019-09-02,REJECTED_INSUFFICIENT_TOUCHES,,1.51,6.99,3.6291390728476824,2509
AGSML,1568,2019-09-18,EXPIRED_NO_BREAKOUT,,1.81,6.99,2.8618784530386736,60
AGSML,1574,2019-09-27,REJECTED_INSUFFICIENT_TOUCHES,,6.0,2.0,0.6666666666666666,2484
AGSML,1588,2019-10-17,REJECTED_INSUFFICIENT_TOUCHES,,6.0,3.88,0.35333333333333333,2464
AGSML,1601,2019-11-05,REJECTED_TOO_SHORT,,4.035,2.98,0.26146220570012396,0
AGSML,1617,2019-11-27,REJECTED_INSUFFICIENT_TOUCHES,,2.66,6.99,1.6278195488721805,2423
AGSML,1631,2019-12-17,REJECTED_TOO_SHORT,,4.035,3.29,0.18463444857496905,0
AGSML,1641,2024-01-01,REJECTED_TOO_SHORT,,4.035,7.49,0.8562577447335812,4
AGSML,1654,2024-01-18,REJECTED_HEIGHT_FLOOR,,6.81,6.99,0.0264317180616741,0
AGSML,1673,2024-02-23,EXPIRED_NO_BREAKOUT,,4.035,6.32,0.5662949194547707,60
AGSML,1683,2024-03-12,VALID,up,4.035,5.85,0.4498141263940519,48
AGSML,1697,2024-04-15,REJECTED_TOO_SHORT,,4.88,6.5,0.33196721311475413,15
AGSML,1722,2024-05-21,EXPIRED_NO_BREAKOUT,,4.035,6.99,0.7323420074349443,60
AGSML,1734,2024-06-07,EXPIRED_NO_BREAKOUT,,4.035,6.39,0.5836431226765798,60
AGSML,1752,2024-07-08,VALID,up,4.035,6.79,0.6827757125154894,59
AGSML,1763,2024-07-25,REJECTED_TOO_SHORT,,4.035,5.3,0.31350681536555136,15
AGSML,1775,2024-08-12,VALID,up,4.035,6.36,0.5762081784386618,23
AGSML,1790,2024-09-03,REJECTED_TOO_SHORT,,5.8,6.99,0.20517241379310353,20
AGSML,1807,2024-09-27,VALID,up,4.035,6.5,0.6109045848822799,47
AGSML,1812,2024-10-04,REJECTED_TOO_SHORT,,5.5,6.5,0.18181818181818182,7
AGSML,1823,2024-10-21,VALID,up,5.275,6.5,0.2322274881516587,23
AGSML,1840,2024-11-14,REJECTED_TOO_SHORT,,6.0,6.5,0.08333333333333333,0
AGSML,1849,2024-11-27,VALID,up,6.0,6.99,0.16500000000000004,33
AGSML,1872,2024-12-31,EXPIRED_NO_BREAKOUT,,6.0,8.0,0.3333333333333333,60
AGSML,1894,2025-01-30,VALID,down,6.0,6.99,0.16500000000000004,36
AGSML,1905,2025-02-17,REJECTED_TOO_SHORT,,6.0,6.99,0.16500000000000004,18
AGSML,1924,2025-03-14,REJECTED_HEIGHT_FLOOR,,6.0,6.33,0.055000000000000014,0
AGSML,1937,2025-04-08,VALID,down,5.115,6.99,0.36656891495601174,30
AGSML,1955,2025-05-05,REJECTED_HEIGHT_FLOOR,,6.0,5.995,0.0008333333333333156,0
AGSML,1967,2025-05-21,REJECTED_TOO_SHORT,,6.0,6.7,0.1166666666666667,9
AGSML,1978,2025-06-10,VALID,up,6.0,8.0,0.3333333333333333,22
AGSML,1987,2025-06-23,REJECTED_TOO_SHORT,,6.2,6.99,0.12741935483870967,8
AGSML,2008,2025-07-22,EXPIRED_NO_BREAKOUT,,6.0,10.88,0.8133333333333335,60
AGSML,2025,2025-08-15,REJECTED_TOO_SHORT,,8.21,6.99,0.1485992691839221,0
AGSML,2050,2025-09-19,EXPIRED_NO_BREAKOUT,,6.0,10.4,0.7333333333333334,60
AGSML,2066,2025-10-13,REJECTED_TOO_SHORT,,8.030000000000001,6.99,0.12951432129514331,0
AGSML,2077,2025-10-28,VALID,up,6.0,9.995000000000001,0.6658333333333335,49
AGSML,2094,2025-11-20,REJECTED_TOO_SHORT,,9.05,6.99,0.22762430939226522,0
AGSML,2113,2025-12-17,REJECTED_TOO_SHORT,,6.0,11.39,0.8983333333333334,15
AGSML,2132,2026-01-14,EXPIRED_NO_BREAKOUT,,6.0,11.28,0.8799999999999999,60
AGSML,2140,2026-01-26,REJECTED_TOO_SHORT,,10.05,6.99,0.30447761194029854,0
AGSML,2147,2026-02-04,EXPIRED_NO_BREAKOUT,,6.0,10.94,0.8233333333333333,60
AGSML,2165,2026-03-03,REJECTED_TOO_SHORT,,6.5649999999999995,6.99,0.06473724295506485,2
AGSML,2177,2026-03-19,REJECTED_INSUFFICIENT_TOUCHES,,6.35,6.99,0.10078740157480325,119
AGSML,2189,2026-04-08,REJECTED_TOO_SHORT,,6.0,8.8,0.4666666666666668,8
AGSML,2199,2026-04-22,REJECTED_TOO_SHORT,,6.0,9.7,0.6166666666666666,16
AGSML,2213,2026-05-14,EXPIRED_NO_BREAKOUT,,6.0,11.78,0.9633333333333333,60
AGSML,2224,2026-06-04,EXPIRED_NO_BREAKOUT,,6.0,10.71,0.7850000000000001,42
AGSML,2234,2026-06-18,REJECTED_TOO_SHORT,,9.3,6.99,0.24838709677419357,0
AGSML,2241,2026-07-01,EXPIRED_NO_BREAKOUT,,6.0,10.17,0.695,15
AGTL,6,2005-01-11,REJECTED_HEIGHT_FLOOR,,117.8593,119.72205,0.01580486223827896,43
AGTL,15,2005-01-27,REJECTED_INSUFFICIENT_TOUCHES,,113.1179,149.0176,0.31736533298443464,7840
AGTL,26,2005-02-15,REJECTED_HEIGHT_FLOOR,,117.8593,119.5527,0.014367979446679191,0
AGTL,37,2005-03-02,REJECTED_HEIGHT_FLOOR,,115.8273,119.5527,0.03216340189230007,0
AGTL,53,2005-03-25,REJECTED_INSUFFICIENT_TOUCHES,,91.4426,149.0176,0.6296299536539861,7783
AGTL,71,2005-04-21,EXPIRED_NO_BREAKOUT,,98.72415000000001,111.7632,0.13207558636868474,60
AGTL,82,2005-05-11,VALID,down,135.4705,107.8684,0.20374989388833728,1489
AGTL,94,2005-06-01,REJECTED_TOO_SHORT,,117.8593,102.9237,0.12672398359739118,12
AGTL,104,2005-06-23,VALID,down,98.5548,101.6029,0.030927971037433034,49
AGTL,117,2005-07-13,REJECTED_TOO_SHORT,,117.8593,101.6029,0.13793056636175507,0
AGTL,124,2005-07-22,REJECTED_HEIGHT_FLOOR,,98.5548,101.6029,0.030927971037433034,0
AGTL,136,2005-08-09,REJECTED_HEIGHT_FLOOR,,98.72415000000001,100.5869,0.018868230316492884,0
AGTL,149,2005-08-29,REJECTED_HEIGHT_FLOOR,,95.87925,101.6029,0.0596964410964834,0
AGTL,168,2005-09-23,EXPIRED_NO_BREAKOUT,,98.72415000000001,122.4653,0.24047965973877708,60
AGTL,187,2005-10-21,EXPIRED_NO_BREAKOUT,,107.3265,199.819,0.8617862317321444,60
AGTL,205,2005-11-24,REJECTED_TOO_SHORT,,117.2328,101.6029,0.13332360909233587,0
AGTL,219,2005-12-14,EXPIRED_NO_BREAKOUT,,117.3175,142.515,0.2147804036056001,60
AGTL,258,2006-02-15,EXPIRED_NO_BREAKOUT,,117.3175,169.2704,0.4428401559869585,60
AGTL,274,2006-03-09,VALID,up,135.8092,101.6029,0.2518702709389349,96
AGTL,286,2006-03-28,REJECTED_TOO_SHORT,,132.0837,101.6029,0.23076882310232064,0
AGTL,299,2006-04-18,REJECTED_TOO_SHORT,,149.0176,101.6029,0.31818187918742474,2
AGTL,307,2006-05-02,REJECTED_TOO_SHORT,,149.69495,101.6029,0.3212670166896078,0
AGTL,324,2006-05-25,EXPIRED_NO_BREAKOUT,,135.63985,151.727,0.11860194478245153,60
AGTL,335,2006-06-13,REJECTED_TOO_SHORT,,136.3849,101.6029,0.2550282325975968,0
AGTL,351,2006-07-10,REJECTED_TOO_SHORT,,135.8092,101.6029,0.2518702709389349,0
AGTL,361,2006-07-26,REJECTED_TOO_SHORT,,139.5346,101.6029,0.2718444027502856,0
AGTL,377,2006-08-22,EXPIRED_NO_BREAKOUT,,135.4705,143.36169999999998,0.05825032018040827,60
AGTL,387,2006-09-06,REJECTED_TOO_SHORT,,132.4224,101.6029,0.23273630443187862,0
AGTL,396,2006-09-21,EXPIRED_NO_BREAKOUT,,135.4705,139.8733,0.032500064589707826,60
AGTL,408,2006-10-16,REJECTED_TOO_SHORT,,134.1835,101.6029,0.24280630628952146,0
AGTL,424,2006-11-22,REJECTED_TOO_SHORT,,135.8092,101.6029,0.2518702709389349,0
AGTL,435,2006-12-11,EXPIRED_NO_BREAKOUT,,135.63985,148.9837,0.0983770624930653,60
AGTL,453,2007-01-16,VALID,up,135.63985,145.9695,0.07615497952850889,28
AGTL,471,2007-02-14,EXPIRED_NO_BREAKOUT,,135.4705,151.3206,0.11700038015656565,60
AGTL,484,2007-03-05,VALID,down,139.5346,148.9498,0.06747573720066563,35
AGTL,498,2007-03-26,REJECTED_HEIGHT_FLOOR,,135.63985,142.515,0.05068680037614308,0
AGTL,508,2007-04-09,REJECTED_TOO_SHORT,,135.4705,148.9498,0.09949989112020717,11
AGTL,528,2007-05-08,REJECTED_TOO_SHORT,,135.4705,166.1884,0.22674973518219846,17
AGTL,552,2007-06-11,VALID,up,178.1437,148.9498,0.16387837459309526,130
AGTL,567,2007-07-03,VALID,up,188.9814,148.9498,0.21182825399748334,156
AGTL,589,2007-08-02,EXPIRED_NO_BREAKOUT,,135.4705,197.7192,0.4595000387538248,60
AGTL,614,2007-09-28,EXPIRED_NO_BREAKOUT,,135.4705,197.58375,0.4585001900782829,60
AGTL,631,2007-11-07,EXPIRED_NO_BREAKOUT,,135.4705,179.4646,0.3247504069151587,60
AGTL,643,2007-11-30,EXPIRED_NO_BREAKOUT,,135.4705,199.819,0.4750000922710111,60
AGTL,655,2007-12-19,REJECTED_TOO_SHORT,,183.5625,148.9498,0.18856084439904658,0
AGTL,664,2008-01-08,EXPIRED_NO_BREAKOUT,,135.4705,200.83505,0.4825002491317299,60
AGTL,675,2008-01-23,VALID,down,187.96535,199.819,0.06306295282614581,41
AGTL,683,2008-02-11,VALID,down,184.59550000000002,199.819,0.08246950765321999,22
AGTL,693,2008-02-26,REJECTED_TOO_SHORT,,183.5625,199.819,0.08856111678583582,9
AGTL,712,2008-03-26,VALID,down,167.9834,199.819,0.1895163450674293,61
AGTL,721,2008-04-08,REJECTED_INSUFFICIENT_TOUCHES,,173.4023,149.0176,0.14062500901083785,6673
AGTL,732,2008-04-23,EXPIRED_NO_BREAKOUT,,135.4705,192.3681,0.4199999261831913,60
AGTL,746,2008-05-20,EXPIRED_NO_BREAKOUT,,135.4705,184.477,0.3617503441708713,60
AGTL,755,2008-06-03,VALID,down,165.9514,199.819,0.20408143589026656,56
AGTL,773,2008-08-05,EXPIRED_NO_BREAKOUT,,142.244,199.819,0.4047622395320716,60
AGTL,782,2008-08-19,EXPIRED_NO_BREAKOUT,,135.4705,169.98160000000001,0.2547499271059015,60
AGTL,791,2008-09-05,EXPIRED_NO_BREAKOUT,,135.4705,155.7233,0.14949970657818498,60
AGTL,818,2009-02-04,REJECTED_INSUFFICIENT_TOUCHES,,135.5111,84.6691,0.3751869773029663,6371
AGTL,830,2009-02-23,REJECTED_INSUFFICIENT_TOUCHES,,135.5111,98.1145,0.2759670610009069,6352
AGTL,842,2009-03-12,REJECTED_INSUFFICIENT_TOUCHES,,81.2823,149.0176,0.8333339484734066,6335
AGTL,867,2009-04-17,EXPIRED_NO_BREAKOUT,,96.1841,199.819,1.0774639467437963,60
AGTL,882,2009-05-12,EXPIRED_NO_BREAKOUT,,96.1841,199.819,1.0774639467437963,60
AGTL,893,2009-05-27,REJECTED_TOO_SHORT,,135.4705,111.0858,0.18000007381680871,0
AGTL,908,2009-06-17,EXPIRED_NO_BREAKOUT,,105.3351,199.819,0.8969840062809072,60
AGTL,929,2009-07-17,REJECTED_TOO_SHORT,,135.4705,119.5527,0.11750011995231424,0
AGTL,939,2009-07-31,EXPIRED_NO_BREAKOUT,,106.3443,148.9498,0.400637363732706,60
AGTL,962,2009-09-03,REJECTED_HEIGHT_FLOOR,,135.4705,129.3066,0.045499942791973044,897
AGTL,971,2009-09-16,EXPIRED_NO_BREAKOUT,,122.0928,148.9837,0.22024967893274627,60
AGTL,985,2009-10-09,EXPIRED_NO_BREAKOUT,,139.5346,182.63119999999998,0.3088595946811756,60
AGTL,1005,2009-11-06,VALID,up,139.5346,152.4043,0.09223303754050961,38
AGTL,1013,2009-11-19,REJECTED_HEIGHT_FLOOR,,143.5987,148.9498,0.03726426492718947,0
AGTL,1025,2009-12-10,REJECTED_HEIGHT_FLOOR,,143.5987,148.9498,0.03726426492718947,0
AGTL,1033,2009-12-22,VALID,up,139.5346,167.0284,0.1970393006465779,52
AGTL,1050,2010-01-19,VALID,up,139.5346,168.9995,0.21116554603661025,27
AGTL,1063,2010-02-08,EXPIRED_NO_BREAKOUT,,139.5346,175.72215,0.25934463566742577,60
AGTL,1080,2010-03-03,REJECTED_HEIGHT_FLOOR,,152.57365,148.9498,0.02375148002292648,0
AGTL,1092,2010-03-19,VALID,up,139.5346,153.0614,0.09694226378260287,40
AGTL,1105,2010-04-08,REJECTED_HEIGHT_FLOOR,,145.4615,148.9498,0.023980915912458,0
AGTL,1116,2010-04-23,REJECTED_HEIGHT_FLOOR,,149.0176,148.9498,0.0004549798144647142,0
AGTL,1129,2010-05-12,REJECTED_HEIGHT_FLOOR,,147.9406,148.9498,0.006821656800094235,0
AGTL,1147,2010-06-07,REJECTED_TOO_SHORT,,139.5346,155.1137,0.11165044368923537,8
AGTL,1162,2010-06-28,VALID,up,132.0837,148.9837,0.12794917162375075,31
AGTL,1177,2010-07-19,REJECTED_HEIGHT_FLOOR,,144.4827,148.9837,0.031152518606033835,0
AGTL,1187,2010-08-02,REJECTED_HEIGHT_FLOOR,,147.80175,148.9837,0.007996860659633601,0
AGTL,1203,2010-08-24,VALID,down,139.5346,153.0817,0.09708774741175306,57
AGTL,1211,2010-09-03,REJECTED_HEIGHT_FLOOR,,144.9534,149.0176,0.028037976342741872,0
AGTL,1223,2010-09-23,VALID,down,139.5346,149.0176,0.06796163818866413,27
AGTL,1235,2010-10-11,REJECTED_TOO_SHORT,,139.5346,150.88025,0.08131065699833573,9
AGTL,1246,2010-10-26,VALID,up,135.4705,149.0176,0.10000036908404414,56
AGTL,1264,2010-11-25,VALID,up,140.2628,149.0176,0.062417119863570306,26
AGTL,1275,2010-12-10,REJECTED_HEIGHT_FLOOR,,146.3081,149.0176,0.01851913872164283,0
AGTL,1294,2011-01-10,REJECTED_TOO_SHORT,,139.5346,162.5646,0.1650486689322935,7
AGTL,1308,2011-01-28,EXPIRED_NO_BREAKOUT,,135.4705,161.8839,0.19497528982324586,60
AGTL,1325,2011-02-23,REJECTED_HEIGHT_FLOOR,,145.6308,149.0176,0.023256069457834427,0
AGTL,1343,2011-03-21,REJECTED_HEIGHT_FLOOR,,139.5346,141.5667,0.014563412945606218,0
AGTL,1356,2011-04-08,VALID,up,135.7279,149.0176,0.09791428291456643,26
AGTL,1376,2011-05-06,REJECTED_TOO_SHORT,,135.4705,155.74025,0.14962482606914435,14
AGTL,1393,2011-05-31,REJECTED_HEIGHT_FLOOR,,155.1137,149.0176,0.03930084834543955,0
AGTL,1407,2011-06-21,REJECTED_HEIGHT_FLOOR,,152.0656,149.0176,0.02004398101871825,0
AGTL,1418,2011-07-07,REJECTED_TOO_SHORT,,135.4705,155.7911,0.15000018454202219,11
AGTL,1440,2011-08-09,EXPIRED_NO_BREAKOUT,,125.7166,148.9837,0.18507579746827388,60
AGTL,1452,2011-08-25,VALID,down,135.4705,148.9498,0.09949989112020717,55
AGTL,1467,2011-09-21,REJECTED_HEIGHT_FLOOR,,135.4705,140.8893,0.039999852366382385,0
AGTL,1509,2011-11-28,REJECTED_TOO_SHORT,,135.4705,115.8273,0.1449998339121801,0
AGTL,1527,2011-12-26,EXPIRED_NO_BREAKOUT,,110.4085,148.9837,0.3493861432770121,60
AGTL,1542,2012-01-18,REJECTED_HEIGHT_FLOOR,,135.4705,135.02685000000002,0.0032748827235447027,0
AGTL,1566,2012-02-21,VALID,down,122.02505,148.9837,0.22092717847687837,42
AGTL,1573,2012-03-01,REJECTED_HEIGHT_FLOOR,,135.4705,132.5918,0.021249644756607386,0
AGTL,1591,2012-03-28,REJECTED_HEIGHT_FLOOR,,135.4705,127.3423,0.059999778549573474,21
AGTL,1607,2012-04-19,REJECTED_INSUFFICIENT_TOUCHES,,119.9659,149.0176,0.24216631559468133,5201
AGTL,1617,2012-05-04,REJECTED_TOO_SHORT,,135.4705,144.02210000000002,0.06312518223524706,17
AGTL,1631,2012-05-24,EXPIRED_NO_BREAKOUT,,139.5346,144.608,0.03635944059752916,60
AGTL,1646,2012-06-15,REJECTED_HEIGHT_FLOOR,,135.4705,143.26005,0.05749997231869684,0
AGTL,1665,2012-07-13,VALID,up,139.2501,148.9837,0.06990012933563419,53
AGTL,1685,2012-08-24,REJECTED_HEIGHT_FLOOR,,144.818,148.9837,0.028765070640389915,0
AGTL,1699,2012-09-14,EXPIRED_NO_BREAKOUT,,135.4705,149.0176,0.10000036908404414,60
AGTL,1717,2012-10-19,VALID,up,140.212,149.0176,0.06280204262117364,34
AGTL,1729,2012-11-13,REJECTED_TOO_SHORT,,139.5346,149.0176,0.06796163818866413,9
AGTL,1740,2012-11-28,REJECTED_HEIGHT_FLOOR,,146.9855,149.0176,0.013825173231373064,0
AGTL,1765,2013-01-08,EXPIRED_NO_BREAKOUT,,139.5346,166.99790000000002,0.196820716868791,60
AGTL,1778,2013-01-29,REJECTED_HEIGHT_FLOOR,,152.4043,149.0176,0.02222181395144375,0
AGTL,1788,2013-02-13,REJECTED_HEIGHT_FLOOR,,155.554,149.0176,0.04202013448705925,0
AGTL,1797,2013-02-26,REJECTED_HEIGHT_FLOOR,,152.4043,149.0176,0.02222181395144375,0
AGTL,1815,2013-03-25,REJECTED_HEIGHT_FLOOR,,139.5346,144.9534,0.0388348122974515,0
AGTL,1821,2013-04-02,REJECTED_HEIGHT_FLOOR,,141.5667,149.0176,0.05263172765911751,0
AGTL,1840,2013-05-02,EXPIRED_NO_BREAKOUT,,134.84395,149.0176,0.10511150110924503,60
AGTL,1846,2013-05-10,EXPIRED_NO_BREAKOUT,,136.3849,149.0176,0.09262535661939116,60
AGTL,1856,2013-05-27,EXPIRED_NO_BREAKOUT,,137.6042,149.0176,0.08294368921878835,60
AGTL,1865,2013-06-07,REJECTED_HEIGHT_FLOOR,,135.6466,143.5987,0.05862365883110967,0
AGTL,1876,2013-06-26,VALID,up,131.8297,149.0176,0.13037957304006598,35
AGTL,1894,2013-07-26,REJECTED_TOO_SHORT,,133.4554,149.0176,0.11660974377956973,5
AGTL,1911,2013-08-26,EXPIRED_NO_BREAKOUT,,135.4705,149.0176,0.10000036908404414,60
AGTL,1921,2013-09-11,REJECTED_HEIGHT_FLOOR,,135.55855,142.9214,0.05431490673218332,0
AGTL,1935,2013-10-01,EXPIRED_NO_BREAKOUT,,132.0837,149.0176,0.12820582706268824,60
AGTL,1956,2013-11-18,VALID,up,135.4705,149.0176,0.10000036908404414,56
AGTL,1964,2013-11-28,REJECTED_HEIGHT_FLOOR,,135.4705,140.0257,0.03362503275620902,0
AGTL,1979,2013-12-19,REJECTED_TOO_SHORT,,135.49079999999998,144.91955000000002,0.06958959575115091,20
AGTL,1993,2014-01-09,VALID,up,135.5111,155.7843,0.14960545667476688,36
AGTL,2009,2014-02-03,REJECTED_TOO_SHORT,,135.5111,144.44205,0.0659056711959389,11
AGTL,2024,2014-02-27,REJECTED_TOO_SHORT,,183.22385,149.0176,0.1866910339456354,0
AGTL,2043,2014-03-26,REJECTED_INSUFFICIENT_TOUCHES,,135.5111,219.0,0.6161037730488499,4495
AGTL,2058,2014-04-16,VALID,up,135.5111,208.0,0.534929610932241,27
AGTL,2067,2014-04-29,REJECTED_TOO_SHORT,,195.0,149.0176,0.23580717948717955,0
AGTL,2085,2014-05-26,EXPIRED_NO_BREAKOUT,,135.5111,245.0,0.80796997441538,60
AGTL,2104,2014-06-20,VALID,up,245.5,149.0176,0.3930036659877801,1883
AGTL,2121,2014-07-16,REJECTED_TOO_SHORT,,252.12,149.0176,0.40894177375852775,0
AGTL,2138,2014-08-18,EXPIRED_NO_BREAKOUT,,135.5111,256.0,0.8891441365319889,60
AGTL,2159,2014-09-17,VALID,up,266.76,149.0176,0.4413795171689909,1780
AGTL,2182,2014-10-23,EXPIRED_NO_BREAKOUT,,135.5111,386.89,1.8550428710268014,60
AGTL,2195,2014-11-13,VALID,up,402.0,149.0176,0.6293094527363184,384
AGTL,2225,2014-12-26,REJECTED_TOO_SHORT,,364.1,149.0176,0.5907234276297721,7
AGTL,2237,2015-01-13,REJECTED_TOO_SHORT,,364.55,149.0176,0.5912286380469072,0
AGTL,2254,2015-02-06,EXPIRED_NO_BREAKOUT,,135.5111,414.98,2.0623321631954874,60
AGTL,2274,2015-03-06,VALID,up,135.5111,358.9,1.6484915257864483,33
AGTL,2285,2015-03-24,REJECTED_TOO_SHORT,,135.5111,356.95,1.6341015606839586,13
AGTL,2300,2015-04-14,REJECTED_TOO_SHORT,,343.0,149.0176,0.5655463556851312,0
AGTL,2320,2015-05-13,VALID,up,135.5111,421.0,2.1067565682811225,21
AGTL,2348,2015-06-22,REJECTED_TOO_SHORT,,490.0,149.0176,0.6958824489795918,4
AGTL,2363,2015-07-13,REJECTED_TOO_SHORT,,135.5111,498.0,2.6749757030973846,18
AGTL,2379,2015-08-07,EXPIRED_NO_BREAKOUT,,135.5111,564.0,3.162020675797038,60
AGTL,2399,2015-09-07,VALID,up,135.5111,490.5,2.619629683472424,50
AGTL,2414,2015-09-30,EXPIRED_NO_BREAKOUT,,135.5111,434.99,2.2099953435548825,60
AGTL,2428,2015-10-21,VALID,up,437.0,149.0176,0.6589986270022883,197
AGTL,2444,2015-11-13,REJECTED_TOO_SHORT,,478.5,149.0176,0.6885734587251828,0
AGTL,2461,2015-12-08,EXPIRED_NO_BREAKOUT,,135.5111,443.99,2.276410567104835,60
AGTL,2474,2015-12-29,EXPIRED_NO_BREAKOUT,,135.5111,417.75,2.0827732931103062,60
AGTL,2488,2016-01-18,REJECTED_TOO_SHORT,,382.01,149.0176,0.609911782414073,11
AGTL,2504,2016-02-10,VALID,up,135.5111,416.0,2.069859221864482,48
AGTL,2520,2016-03-03,REJECTED_TOO_SHORT,,365.0,149.0176,0.591732602739726,0
AGTL,2539,2016-03-31,VALID,up,135.5111,461.0,2.4019353396142455,41
AGTL,2554,2016-04-21,REJECTED_TOO_SHORT,,404.0,149.0176,0.6311445544554456,0
AGTL,2575,2016-05-20,EXPIRED_NO_BREAKOUT,,135.5111,476.99,2.5199330534546616,60
AGTL,2585,2016-06-03,EXPIRED_NO_BREAKOUT,,135.5111,454.0,2.350279054630949,60
AGTL,2597,2016-06-21,EXPIRED_NO_BREAKOUT,,135.5111,446.0,2.291243300364324,60
AGTL,2609,2016-07-14,EXPIRED_NO_BREAKOUT,,135.5111,445.0,2.283863831080996,60
AGTL,2620,2016-07-29,EXPIRED_NO_BREAKOUT,,135.5111,444.99,2.283790036388163,60
AGTL,2630,2016-08-12,REJECTED_TOO_SHORT,,422.0,149.0176,0.6468777251184834,0
AGTL,2648,2016-09-07,REJECTED_TOO_SHORT,,420.0,149.0176,0.6451961904761905,0
AGTL,2657,2016-09-23,REJECTED_TOO_SHORT,,428.0,149.0176,0.6518280373831775,0
AGTL,2669,2016-10-13,VALID,up,135.5111,494.0,2.645457825964072,22
AGTL,2677,2016-10-25,REJECTED_TOO_SHORT,,135.5111,493.5,2.641768091322408,10
AGTL,2695,2016-11-18,EXPIRED_NO_BREAKOUT,,135.5111,656.99,3.848237524453717,60
AGTL,2709,2016-12-08,EXPIRED_NO_BREAKOUT,,135.5111,662.8,3.8911122409898526,60
AGTL,2725,2017-01-02,REJECTED_TOO_SHORT,,135.5111,581.0,3.2874716536136153,17
AGTL,2736,2017-01-17,REJECTED_TOO_SHORT,,576.5,149.0176,0.7415132697311362,0
AGTL,2749,2017-02-03,EXPIRED_NO_BREAKOUT,,135.5111,625.0,3.6121683020800512,60
AGTL,2765,2017-02-27,REJECTED_TOO_SHORT,,525.0,149.0176,0.7161569523809523,17
AGTL,2783,2017-03-24,VALID,up,135.5111,585.0,3.3169895307469277,31
AGTL,2796,2017-04-12,REJECTED_TOO_SHORT,,135.5111,597.5,3.4092328967885286,12
AGTL,2811,2017-05-04,REJECTED_TOO_SHORT,,631.0,149.0176,0.7638389857369254,12
AGTL,2824,2017-05-23,REJECTED_TOO_SHORT,,644.0,149.0176,0.7686062111801242,10
AGTL,2836,2017-06-08,EXPIRED_NO_BREAKOUT,,135.5111,784.04,4.78579909690055,60
AGTL,2850,2017-07-04,REJECTED_TOO_SHORT,,601.2,149.0176,0.7521330671989355,0
AGTL,2868,2017-07-28,REJECTED_TOO_SHORT,,605.0,149.0176,0.7536899173553718,0
AGTL,2884,2017-08-22,REJECTED_TOO_SHORT,,577.56,149.0176,0.7419876722764734,0
AGTL,2907,2017-09-26,VALID,up,135.5111,634.0,3.6785835256300037,31
AGTL,2922,2017-10-17,REJECTED_TOO_SHORT,,135.5111,608.0,3.4867173242634735,9
AGTL,2941,2017-11-13,REJECTED_TOO_SHORT,,640.0,149.0176,0.76716,0
AGTL,2961,2017-12-12,REJECTED_TOO_SHORT,,582.0,149.0176,0.7439560137457044,0
AGTL,2979,2018-01-08,REJECTED_TOO_SHORT,,135.5111,634.0,3.6785835256300037,14
AGTL,3000,2018-02-07,VALID,up,135.5111,696.9,4.1427521435513395,55
AGTL,3009,2018-02-20,VALID,up,135.5111,699.0,4.158249029046329,42
AGTL,3023,2018-03-12,REJECTED_TOO_SHORT,,670.0,149.0176,0.777585671641791,0
AGTL,3036,2018-03-30,VALID,up,692.0,149.0176,0.7846566473988439,39
AGTL,3048,2018-04-17,REJECTED_TOO_SHORT,,720.0,149.0176,0.7930311111111111,9
AGTL,3062,2018-05-08,REJECTED_TOO_SHORT,,684.1,149.0176,0.7821698582078643,0
AGTL,3071,2018-05-21,EXPIRED_NO_BREAKOUT,,135.5111,701.0,4.173007967612985,60
AGTL,3083,2018-06-07,EXPIRED_NO_BREAKOUT,,135.5111,734.71,4.4217698771539755,60
AGTL,3105,2018-07-12,REJECTED_TOO_SHORT,,135.5111,667.0,3.9221060119798308,15
AGTL,3112,2018-07-23,REJECTED_TOO_SHORT,,641.03,149.0176,0.7675341247679516,0
AGTL,3125,2018-08-10,EXPIRED_NO_BREAKOUT,,135.5111,705.85,4.208798393637126,60
AGTL,3142,2018-09-10,EXPIRED_NO_BREAKOUT,,135.5111,609.99,3.5014024681372966,60
AGTL,3165,2018-10-15,REJECTED_TOO_SHORT,,484.5,149.0176,0.6924301341589267,0
AGTL,3184,2018-11-09,REJECTED_TOO_SHORT,,135.5111,562.9,3.153903259585377,11
AGTL,3210,2018-12-18,REJECTED_TOO_SHORT,,540.0,149.0176,0.7240414814814814,0
AGTL,3217,2018-12-28,REJECTED_TOO_SHORT,,544.99,149.0176,0.7265681939118148,0
AGTL,3230,2019-01-16,EXPIRED_NO_BREAKOUT,,135.5111,523.0,2.859462435180587,60
AGTL,3254,2019-02-20,REJECTED_TOO_SHORT,,467.5,149.0176,0.6812457754010695,0
AGTL,3266,2019-03-08,REJECTED_TOO_SHORT,,441.5,149.0176,0.6624742921857304,0
AGTL,3280,2019-03-29,EXPIRED_NO_BREAKOUT,,135.5111,446.0,2.291243300364324,60
AGTL,3292,2019-04-16,EXPIRED_NO_BREAKOUT,,135.5111,440.0,2.246966484664356,60
AGTL,3305,2019-05-06,REJECTED_TOO_SHORT,,377.0,149.0176,0.604727851458886,0
AGTL,3324,2019-06-03,EXPIRED_NO_BREAKOUT,,135.5111,344.99,1.545843108055355,60
AGTL,3331,2019-06-18,REJECTED_TOO_SHORT,,319.5,149.0176,0.5335912363067293,0
AGTL,3349,2019-07-15,EXPIRED_NO_BREAKOUT,,135.5111,334.93,1.4716056470650745,60
AGTL,3369,2019-08-16,REJECTED_TOO_SHORT,,245.0,149.0176,0.39176489795918373,0
AGTL,3386,2019-09-12,REJECTED_TOO_SHORT,,230.515,149.0176,0.3535448886189619,0
AGTL,3403,2019-10-07,EXPIRED_NO_BREAKOUT,,135.5111,262.0,0.9334209522319574,60
AGTL,3420,2019-10-30,REJECTED_TOO_SHORT,,265.0,149.0176,0.4376694339622642,0
AGTL,3440,2019-11-27,REJECTED_TOO_SHORT,,378.0,149.0176,0.605773544973545,0
AGTL,3458,2019-12-24,REJECTED_TOO_SHORT,,359.21500000000003,149.0176,0.5851576353994127,0
AGTL,3469,2020-01-09,REJECTED_TOO_SHORT,,340.625,149.0176,0.5625171376146789,0
AGTL,3493,2020-02-17,REJECTED_TOO_SHORT,,294.44,149.0176,0.49389485124303767,0
AGTL,3503,2020-03-02,EXPIRED_NO_BREAKOUT,,135.5111,299.0,1.2064613157150965,60
AGTL,3519,2020-03-25,REJECTED_TOO_SHORT,,210.15,149.0176,0.2908988817511302,0
AGTL,3538,2020-04-21,REJECTED_TOO_SHORT,,135.5111,295.0,1.176943438581784,17
AGTL,3557,2020-05-20,REJECTED_TOO_SHORT,,341.005,149.0176,0.5630046480256888,0
AGTL,3569,2020-06-11,VALID,up,135.5111,363.25,1.6805922171689256,36
AGTL,3585,2020-07-06,REJECTED_TOO_SHORT,,343.0,149.0176,0.5655463556851312,0
AGTL,3600,2020-07-27,EXPIRED_NO_BREAKOUT,,135.5111,429.7,2.1709579510460766,60
AGTL,3617,2020-08-21,REJECTED_TOO_SHORT,,393.8,149.0176,0.621590655154901,0
AGTL,3649,2020-10-08,VALID,up,135.5111,373.0,1.7525420426813745,55
AGTL,3661,2020-10-26,VALID,up,135.5111,371.85,1.7440556530055473,37
AGTL,3671,2020-11-10,REJECTED_TOO_SHORT,,349.99,149.0176,0.574223263521815,0
AGTL,3688,2020-12-03,EXPIRED_NO_BREAKOUT,,135.5111,410.0,2.0255824061645136,60
AGTL,3703,2020-12-24,EXPIRED_NO_BREAKOUT,,135.5111,376.0,1.7746804505313587,60
AGTL,3719,2021-01-18,EXPIRED_NO_BREAKOUT,,135.5111,385.0,1.8410956740813114,60
AGTL,3727,2021-01-28,EXPIRED_NO_BREAKOUT,,135.5111,374.93,1.7667844183981978,60
AGTL,3745,2021-02-24,REJECTED_TOO_SHORT,,358.0,149.0176,0.5837497206703911,0
AGTL,3758,2021-03-15,VALID,up,135.5111,355.0,1.619711595581469,38
AGTL,3773,2021-04-06,REJECTED_TOO_SHORT,,326.0,149.0176,0.5428907975460123,0
AGTL,3806,2021-05-31,EXPIRED_NO_BREAKOUT,,135.5111,405.0,1.9886850597478731,60
AGTL,3820,2021-06-18,REJECTED_TOO_SHORT,,360.21500000000003,149.0176,0.5863092875088489,0
AGTL,3833,2021-07-07,REJECTED_TOO_SHORT,,363.0,149.0176,0.5894831955922866,0
AGTL,3849,2021-08-03,EXPIRED_NO_BREAKOUT,,135.5111,383.375,1.8291040364959033,60
AGTL,3860,2021-08-20,REJECTED_TOO_SHORT,,350.0,149.0176,0.5742354285714286,0
AGTL,3872,2021-09-08,REJECTED_TOO_SHORT,,365.0,149.0176,0.591732602739726,0
AGTL,3887,2021-09-29,EXPIRED_NO_BREAKOUT,,135.5111,358.0,1.6418500034314532,60
AGTL,3895,2021-10-12,REJECTED_TOO_SHORT,,335.0,149.0176,0.5551713432835821,0
AGTL,3910,2021-11-03,REJECTED_TOO_SHORT,,346.0,149.0176,0.5693132947976879,0
AGTL,3921,2021-11-18,REJECTED_TOO_SHORT,,340.0,149.0176,0.5617129411764706,0
AGTL,3931,2021-12-02,EXPIRED_NO_BREAKOUT,,135.5111,356.9,1.633732587219792,60
AGTL,3941,2021-12-16,EXPIRED_NO_BREAKOUT,,135.5111,351.935,1.5970935222280684,60
AGTL,3955,2022-01-05,REJECTED_TOO_SHORT,,335.0,149.0176,0.5551713432835821,0
AGTL,3972,2022-01-31,REJECTED_TOO_SHORT,,334.975,149.0176,0.5551381446376596,0
AGTL,3999,2022-03-09,REJECTED_TOO_SHORT,,315.0,149.0176,0.526928253968254,0
AGTL,4013,2022-03-31,REJECTED_TOO_SHORT,,326.01,149.0176,0.5429048188705868,0
AGTL,4033,2022-04-28,EXPIRED_NO_BREAKOUT,,135.5111,455.0,2.357658523914277,60
AGTL,4046,2022-05-24,REJECTED_TOO_SHORT,,374.005,149.0176,0.601562545955268,0
AGTL,4060,2022-06-13,EXPIRED_NO_BREAKOUT,,135.5111,399.41,1.9474338264540694,60
AGTL,4069,2022-06-24,REJECTED_TOO_SHORT,,386.0,149.0176,0.6139440414507772,0
AGTL,4080,2022-07-15,EXPIRED_NO_BREAKOUT,,135.5111,397.93,1.9365122119147435,60
AGTL,4099,2022-08-15,EXPIRED_NO_BREAKOUT,,135.5111,397.865,1.9360325464113273,60
AGTL,4110,2022-08-30,REJECTED_TOO_SHORT,,375.01,149.0176,0.6026303298578705,0
AGTL,4129,2022-09-26,VALID,up,135.5111,345.5,1.5496066373898523,60
AGTL,4145,2022-10-18,EXPIRED_NO_BREAKOUT,,135.5111,355.0,1.619711595581469,60
AGTL,4163,2022-11-14,EXPIRED_NO_BREAKOUT,,135.5111,349.9,1.5820763022364956,60
AGTL,4181,2022-12-15,REJECTED_TOO_SHORT,,325.5,149.0176,0.5421886328725039,0
AGTL,4188,2022-12-26,EXPIRED_NO_BREAKOUT,,135.5111,340.0,1.5090195563315478,60
AGTL,4212,2023-01-27,REJECTED_TOO_SHORT,,135.5111,281.0,1.073630868615191,13
AGTL,4231,2023-02-23,REJECTED_TOO_SHORT,,269.645,149.0176,0.4473563388900221,0
AGTL,4240,2023-03-08,REJECTED_TOO_SHORT,,265.0,149.0176,0.4376694339622642,0
AGTL,4251,2023-03-24,REJECTED_TOO_SHORT,,267.28,149.0176,0.4424663274468722,0
AGTL,4263,2023-04-11,REJECTED_TOO_SHORT,,135.5111,260.0,0.9186620136653012,16
AGTL,4272,2023-04-28,REJECTED_TOO_SHORT,,245.11,149.0176,0.39203786055240514,0
AGTL,4281,2023-05-12,VALID,up,135.5111,264.0,0.9481798907986135,25
AGTL,4295,2023-06-06,REJECTED_TOO_SHORT,,251.0,149.0176,0.4063043824701196,0
AGTL,4308,2023-07-03,VALID,up,135.5111,269.985,0.9923460144593322,22
AGTL,4318,2023-07-17,REJECTED_TOO_SHORT,,262.5,149.0176,0.4323139047619048,0
AGTL,4337,2023-08-15,EXPIRED_NO_BREAKOUT,,135.5111,316.0,1.3319122935316738,60
AGTL,4360,2023-09-15,REJECTED_TOO_SHORT,,253.0,149.0176,0.4109976284584981,0
AGTL,4373,2023-10-06,REJECTED_TOO_SHORT,,251.1,149.0176,0.4065408203902828,0
AGTL,4391,2023-11-01,REJECTED_TOO_SHORT,,335.0,149.0176,0.5551713432835821,0
AGTL,4400,2023-11-15,REJECTED_TOO_SHORT,,135.5111,390.0,1.8779930204979518,14
AGTL,4429,2023-12-27,REJECTED_TOO_SHORT,,345.0,149.0176,0.568064927536232,0
AGTL,4438,2024-01-09,EXPIRED_NO_BREAKOUT,,135.5111,385.0,1.8410956740813114,60
AGTL,4452,2024-01-31,REJECTED_TOO_SHORT,,350.0,149.0176,0.5742354285714286,0
AGTL,4471,2024-03-01,VALID,up,135.5111,379.325,1.7992171858984245,56
AGTL,4484,2024-03-21,VALID,up,135.5111,380.0,1.8041983276646711,36
AGTL,4492,2024-04-02,REJECTED_TOO_SHORT,,335.0,149.0176,0.5551713432835821,0
AGTL,4508,2024-04-30,REJECTED_TOO_SHORT,,361.1,149.0176,0.5873231791747439,0
AGTL,4524,2024-05-23,REJECTED_TOO_SHORT,,350.0,149.0176,0.5742354285714286,0
AGTL,4534,2024-06-07,EXPIRED_NO_BREAKOUT,,135.5111,359.995,1.6565720446516927,60
AGTL,4543,2024-06-25,REJECTED_TOO_SHORT,,343.0,149.0176,0.5655463556851312,0
AGTL,4557,2024-07-15,VALID,up,135.5111,359.1,1.6499674196431142,52
AGTL,4570,2024-08-05,REJECTED_TOO_SHORT,,335.01,149.0176,0.5551846213545865,0
AGTL,4581,2024-08-21,REJECTED_TOO_SHORT,,135.5111,349.0,1.5754347798815005,8
AGTL,4592,2024-09-05,VALID,up,135.5111,375.0,1.7673009812480307,25
AGTL,4600,2024-09-18,REJECTED_TOO_SHORT,,135.5111,373.0,1.7525420426813745,7
AGTL,4617,2024-10-11,REJECTED_TOO_SHORT,,395.0,149.0176,0.622740253164557,0
AGTL,4628,2024-10-28,REJECTED_TOO_SHORT,,403.97,149.0176,0.6311171621655074,0
AGTL,4638,2024-11-11,VALID,up,135.5111,433.0,2.1953101996810593,24
AGTL,4660,2024-12-11,REJECTED_TOO_SHORT,,135.5111,560.95,3.139513294482888,12
AGTL,4673,2024-12-31,REJECTED_TOO_SHORT,,550.31,149.0176,0.729211535316458,0
AGTL,4684,2025-01-15,EXPIRED_NO_BREAKOUT,,135.5111,681.0,4.025418581946424,60
AGTL,4702,2025-02-11,EXPIRED_NO_BREAKOUT,,135.5111,617.495,3.556785385108674,60
AGTL,4714,2025-02-27,REJECTED_TOO_SHORT,,555.0,149.0176,0.7314998198198198,0
AGTL,4729,2025-03-20,EXPIRED_NO_BREAKOUT,,135.5111,577.0,3.2579537764803033,60
AGTL,4741,2025-04-11,EXPIRED_NO_BREAKOUT,,135.5111,504.96,2.726336809309348,60
AGTL,4767,2025-05-20,EXPIRED_NO_BREAKOUT,,135.5111,498.0,2.6749757030973846,60
AGTL,4777,2025-06-04,EXPIRED_NO_BREAKOUT,,135.5111,440.0,2.246966484664356,60
AGTL,4793,2025-06-30,EXPIRED_NO_BREAKOUT,,135.5111,434.0,2.2026896689643873,60
AGTL,4808,2025-07-21,REJECTED_TOO_SHORT,,402.725,149.0176,0.6299767831646906,0
AGTL,4824,2025-08-12,EXPIRED_NO_BREAKOUT,,135.5111,426.0,2.143653914697763,60
AGTL,4832,2025-08-25,REJECTED_TOO_SHORT,,401.5,149.0176,0.6288478206724782,0
AGTL,4853,2025-09-23,REJECTED_TOO_SHORT,,390.0,149.0176,0.6179035897435897,0
AGTL,4867,2025-10-13,REJECTED_TOO_SHORT,,390.0,149.0176,0.6179035897435897,0
AGTL,4884,2025-11-05,EXPIRED_NO_BREAKOUT,,135.5111,448.485,2.309581281533395,60
AGTL,4902,2025-12-01,VALID,up,135.5111,419.0,2.091997629714466,39
AGTL,4913,2025-12-16,VALID,up,135.5111,425.0,2.136274445414435,27
AGTL,4926,2026-01-05,REJECTED_TOO_SHORT,,135.5111,413.0,2.0477208140144976,4
AGTL,4938,2026-01-21,EXPIRED_NO_BREAKOUT,,135.5111,445.0,2.283863831080996,60
AGTL,4949,2026-02-06,REJECTED_TOO_SHORT,,410.025,149.0176,0.6365645997195293,0
AGTL,4963,2026-02-26,EXPIRED_NO_BREAKOUT,,135.5111,410.0,2.0255824061645136,60
AGTL,4974,2026-03-13,REJECTED_TOO_SHORT,,315.0,149.0176,0.526928253968254,0
AGTL,4985,2026-04-01,REJECTED_TOO_SHORT,,135.5111,326.99,1.4130126609554494,7
AGTL,4997,2026-04-17,EXPIRED_NO_BREAKOUT,,135.5111,408.99,2.0181291421883523,60
AGTL,5006,2026-04-30,REJECTED_TOO_SHORT,,346.0,149.0176,0.5693132947976879,0
AGTL,5022,2026-06-01,REJECTED_TOO_SHORT,,135.5111,359.3,1.65144331349978,10
AGTL,5042,2026-07-01,EXPIRED_NO_BREAKOUT,,135.5111,416.73,2.0752462344413116,15
AHCL,6,2005-01-11,EXPIRED_NO_BREAKOUT,,245.542,270.0962,0.10000000000000003,60
AHCL,17,2005-01-28,VALID,down,240.4265,262.90045,0.09347534485591219,52
AHCL,29,2005-02-15,EXPIRED_NO_BREAKOUT,,226.4443,255.7047,0.12921676544739702,60
AHCL,41,2005-03-03,REJECTED_TOO_SHORT,,246.5651,262.90045,0.06625167146526405,14
AHCL,63,2005-04-05,REJECTED_HEIGHT_FLOOR,,235.3111,238.7214,0.01449272898728525,617
AHCL,74,2005-04-20,EXPIRED_NO_BREAKOUT,,221.6016,262.2525,0.18344136504429576,60
AHCL,87,2005-05-10,REJECTED_HEIGHT_FLOOR,,245.88299999999998,248.8841,0.01220539850253986,57
AHCL,100,2005-05-27,EXPIRED_NO_BREAKOUT,,226.4443,261.9115,0.15662659647427643,60
AHCL,106,2005-06-06,EXPIRED_NO_BREAKOUT,,225.94979999999998,262.2525,0.1606671039319354,60
AHCL,119,2005-06-23,VALID,down,238.7214,262.2525,0.0985713890752987,48
AHCL,128,2005-07-06,REJECTED_HEIGHT_FLOOR,,245.88299999999998,252.3626,0.026352370843043257,0
AHCL,139,2005-07-21,REJECTED_HEIGHT_FLOOR,,245.88299999999998,251.6805,0.023578287234172407,0
AHCL,155,2005-08-12,EXPIRED_NO_BREAKOUT,,204.175,262.2525,0.284449614301457,60
AHCL,168,2005-09-01,REJECTED_TOO_SHORT,,235.3111,262.2525,0.1144926864903525,14
AHCL,191,2005-10-04,REJECTED_HEIGHT_FLOOR,,259.0,262.2525,0.012557915057915049,6
AHCL,209,2005-10-31,VALID,up,235.3111,326.0,0.3854000087543681,30
AHCL,223,2005-11-24,REJECTED_TOO_SHORT,,310.0,262.2525,0.15402419354838712,0
AHCL,237,2005-12-14,REJECTED_TOO_SHORT,,328.0,262.2525,0.20044969512195124,6
AHCL,253,2006-01-05,VALID,up,355.0,262.2525,0.2612605633802817,271
AHCL,267,2006-01-31,VALID,up,235.3111,485.0,1.0611012400180015,59
AHCL,275,2006-02-14,REJECTED_TOO_SHORT,,437.025,262.2525,0.39991419255191346,0
AHCL,288,2006-03-03,REJECTED_INSUFFICIENT_TOUCHES,,32.02,454.9,13.20674578388507,7440
AHCL,320,2006-04-21,REJECTED_INSUFFICIENT_TOUCHES,,527.0,38.355000000000004,0.9272201138519923,7391
AHCL,336,2006-05-16,REJECTED_INSUFFICIENT_TOUCHES,,562.5,38.355000000000004,0.9318133333333333,7366
AHCL,366,2006-06-27,REJECTED_TOO_SHORT,,425.2,262.2525,0.3832255409219191,0
AHCL,385,2006-07-24,EXPIRED_NO_BREAKOUT,,235.3111,605.0,1.5710644334245174,60
AHCL,400,2006-08-15,REJECTED_TOO_SHORT,,535.0,262.2525,0.5098084112149532,0
AHCL,414,2006-09-04,REJECTED_TOO_SHORT,,235.3111,510.0,1.1673435719776923,14
AHCL,423,2006-09-15,REJECTED_INSUFFICIENT_TOUCHES,,502.0,38.355000000000004,0.9235956175298804,7244
AHCL,435,2006-10-03,REJECTED_TOO_SHORT,,357.0,262.2525,0.26539915966386557,0
AHCL,463,2006-11-21,VALID,down,226.0,262.2525,0.16040929203539822,27
AHCL,477,2006-12-11,REJECTED_TOO_SHORT,,225.4553,262.2525,0.16321284086025037,7
AHCL,488,2006-12-27,REJECTED_TOO_SHORT,,235.3111,220.0,0.06506747875472092,8
AHCL,498,2007-01-12,REJECTED_TOO_SHORT,,213.0,262.2525,0.23123239436619716,12
AHCL,517,2007-02-13,REJECTED_TOO_SHORT,,221.2758,262.2525,0.1851838294110788,15
AHCL,542,2007-03-20,VALID,up,221.0,262.2525,0.1866628959276018,36
AHCL,559,2007-04-13,REJECTED_TOO_SHORT,,229.25,262.2525,0.14395856052344602,12
AHCL,577,2007-05-10,VALID,up,221.0,303.9,0.3751131221719456,28
AHCL,588,2007-05-25,REJECTED_INSUFFICIENT_TOUCHES,,32.02,293.4,8.163023110555901,6992
AHCL,599,2007-06-11,EXPIRED_NO_BREAKOUT,,107.9,262.2525,1.4305143651529193,60
AHCL,615,2007-07-03,EXPIRED_NO_BREAKOUT,,115.5,262.2525,1.2705844155844155,60
AHCL,631,2007-07-25,VALID,down,221.0,144.0,0.34841628959276016,55
AHCL,640,2007-08-07,REJECTED_TOO_SHORT,,121.1,262.2525,1.1655862923203963,20
AHCL,650,2007-08-22,EXPIRED_NO_BREAKOUT,,115.5,262.2525,1.2705844155844155,60
AHCL,658,2007-09-03,EXPIRED_NO_BREAKOUT,,115.8,262.2525,1.26470207253886,60
AHCL,669,2007-09-18,REJECTED_TOO_SHORT,,221.0,145.25,0.3427601809954751,0
AHCL,700,2007-11-06,REJECTED_INSUFFICIENT_TOUCHES,,149.5,38.355000000000004,0.7434448160535116,6827
AHCL,710,2007-11-22,REJECTED_TOO_SHORT,,221.0,171.65,0.22330316742081446,0
AHCL,729,2007-12-19,REJECTED_TOO_SHORT,,177.15,262.2525,0.480397967823878,12
AHCL,739,2008-01-08,REJECTED_TOO_SHORT,,221.0,173.4,0.21538461538461537,0
AHCL,751,2008-01-24,REJECTED_TOO_SHORT,,221.0,181.75,0.17760180995475114,19
AHCL,763,2008-02-12,REJECTED_TOO_SHORT,,221.0,182.9,0.17239819004524884,0
AHCL,777,2008-03-04,REJECTED_TOO_SHORT,,176.55,262.2525,0.48542905692438393,10
AHCL,787,2008-03-18,EXPIRED_NO_BREAKOUT,,161.5,262.2525,0.6238544891640867,60
AHCL,801,2008-04-08,REJECTED_INSUFFICIENT_TOUCHES,,32.02,198.0,5.18363522798251,6673
AHCL,812,2008-04-23,VALID,down,178.5295,262.2525,0.4689589115524324,30
AHCL,826,2008-05-14,REJECTED_INSUFFICIENT_TOUCHES,,32.02,201.4,5.289818863210493,6637
AHCL,845,2008-06-10,REJECTED_TOO_SHORT,,165.1,262.2525,0.5884463961235615,6
AHCL,857,2008-06-26,REJECTED_HEIGHT_FLOOR,,177.2,171.025,0.034847629796839634,0
AHCL,880,2008-07-29,REJECTED_TOO_SHORT,,127.015,262.2525,1.0647364484509705,6
AHCL,891,2008-08-13,REJECTED_TOO_SHORT,,108.3,262.2525,1.4215373961218836,12
AHCL,956,2009-02-10,REJECTED_HEIGHT_FLOOR,,25.3,24.65,0.025691699604743167,673
AHCL,973,2009-03-05,REJECTED_HEIGHT_FLOOR,,25.3,24.0,0.051383399209486195,813
AHCL,988,2009-03-30,EXPIRED_NO_BREAKOUT,,25.225,28.98,0.1488602576808721,60
AHCL,1019,2009-05-13,REJECTED_TOO_SHORT,,177.2,28.35,0.8400112866817157,0
AHCL,1031,2009-05-29,VALID,down,177.2,34.4,0.8058690744920993,75
AHCL,1049,2009-06-24,VALID,up,27.03,24.1,0.1083980762116167,1749
AHCL,1062,2009-07-13,REJECTED_TOO_SHORT,,177.2,30.2,0.8295711060948082,0
AHCL,1075,2009-07-30,EXPIRED_NO_BREAKOUT,,25.39,262.2525,9.32896809767625,60
AHCL,1089,2009-08-20,EXPIRED_NO_BREAKOUT,,29.77,262.2525,7.809287873698354,60
AHCL,1105,2009-09-11,EXPIRED_NO_BREAKOUT,,22.015,39.1,0.7760617760617761,60
AHCL,1117,2009-10-02,EXPIRED_NO_BREAKOUT,,40.41,262.2525,5.489792130660728,60
AHCL,1135,2009-10-28,EXPIRED_NO_BREAKOUT,,22.015,55.45,1.5187372246195776,60
AHCL,1147,2009-11-16,VALID,down,177.2,50.95,0.712471783295711,37
AHCL,1158,2009-12-03,REJECTED_TOO_SHORT,,177.2,49.23,0.7221783295711062,12
AHCL,1170,2009-12-21,VALID,down,46.17,262.2525,4.6801494476933065,38
AHCL,1184,2010-01-13,VALID,up,48.31,24.1,0.501138480645829,2049
AHCL,1206,2010-02-15,REJECTED_TOO_SHORT,,43.57,262.2525,5.0191071838420935,16
AHCL,1222,2010-03-09,REJECTED_TOO_SHORT,,177.2,46.4,0.7381489841986455,8
AHCL,1231,2010-03-22,REJECTED_TOO_SHORT,,43.6,262.2525,5.014965596330275,8
AHCL,1246,2010-04-13,REJECTED_TOO_SHORT,,46.62,262.2525,4.62532175032175,17
AHCL,1260,2010-05-03,REJECTED_TOO_SHORT,,43.7,262.2525,5.001201372997712,14
AHCL,1285,2010-06-07,REJECTED_TOO_SHORT,,43.63,36.25,0.1691496676598671,11
AHCL,1301,2010-06-29,VALID,down,32.055,262.2525,7.181328965839962,41
AHCL,1317,2010-07-21,REJECTED_TOO_SHORT,,43.63,35.55,0.18519367407746976,0
AHCL,1328,2010-08-05,REJECTED_TOO_SHORT,,43.63,34.99,0.19802887921155168,0
AHCL,1350,2010-09-06,VALID,down,21.885,262.2525,10.983207676490746,29
AHCL,1364,2010-09-28,REJECTED_TOO_SHORT,,43.63,23.59,0.4593169837267935,10
AHCL,1377,2010-10-15,EXPIRED_NO_BREAKOUT,,22.060000000000002,262.2525,10.888145965548503,60
AHCL,1401,2010-11-24,REJECTED_TOO_SHORT,,25.33,262.2525,9.353434662455587,15
AHCL,1413,2010-12-10,EXPIRED_NO_BREAKOUT,,23.7,262.2525,10.065506329113925,60
AHCL,1424,2010-12-29,REJECTED_HEIGHT_FLOOR,,25.3,26.22,0.03636363636363629,0
AHCL,1449,2011-02-02,REJECTED_TOO_SHORT,,24.39,262.2525,9.752460024600246,9
AHCL,1481,2011-03-21,VALID,down,23.24,262.2525,10.284530981067126,42
AHCL,1499,2011-04-15,REJECTED_TOO_SHORT,,22.44,262.2525,10.686831550802138,19
AHCL,1517,2011-05-11,REJECTED_HEIGHT_FLOOR,,22.01,22.66,0.029532030895047637,860
AHCL,1531,2011-05-31,EXPIRED_NO_BREAKOUT,,22.7,262.2525,10.552973568281939,60
AHCL,1540,2011-06-13,REJECTED_TOO_SHORT,,22.7,26.15,0.1519823788546255,16
AHCL,1555,2011-07-04,VALID,down,24.41,262.2525,9.743650143383858,32
AHCL,1573,2011-07-28,EXPIRED_NO_BREAKOUT,,26.6,262.2525,8.859116541353384,60
AHCL,1594,2011-08-29,EXPIRED_NO_BREAKOUT,,22.105,262.2525,10.863944808866773,60
AHCL,1604,2011-09-15,REJECTED_TOO_SHORT,,25.22,28.26,0.12053925455987323,15
AHCL,1617,2011-10-04,EXPIRED_NO_BREAKOUT,,25.259999999999998,31.5,0.24703087885985758,60
AHCL,1627,2011-10-18,EXPIRED_NO_BREAKOUT,,25.259999999999998,33.4,0.32224861441013464,60
AHCL,1636,2011-11-01,EXPIRED_NO_BREAKOUT,,25.259999999999998,32.6,0.29057798891528125,60
AHCL,1651,2011-11-28,EXPIRED_NO_BREAKOUT,,27.6,262.2525,8.501902173913043,60
AHCL,1663,2011-12-16,EXPIRED_NO_BREAKOUT,,25.8,262.2525,9.164825581395348,60
AHCL,1676,2012-01-04,REJECTED_TOO_SHORT,,25.259999999999998,28.265,0.11896278701504366,19
AHCL,1693,2012-01-27,EXPIRED_NO_BREAKOUT,,27.65,262.2525,8.484719710669077,60
AHCL,1707,2012-02-16,VALID,up,25.259999999999998,31.64,0.25257323832145695,21
AHCL,1715,2012-02-28,EXPIRED_NO_BREAKOUT,,29.65,262.2525,7.844940978077572,60
AHCL,1743,2012-04-09,EXPIRED_NO_BREAKOUT,,25.259999999999998,36.99,0.46437054631829,60
AHCL,1754,2012-04-24,REJECTED_TOO_SHORT,,25.259999999999998,34.44,0.3634204275534442,9
AHCL,1765,2012-05-10,EXPIRED_NO_BREAKOUT,,25.259999999999998,36.23,0.4342834520981789,60
AHCL,1772,2012-05-21,REJECTED_TOO_SHORT,,32.7,262.2525,7.019954128440367,10
AHCL,1788,2012-06-12,EXPIRED_NO_BREAKOUT,,30.02,262.2525,7.735926049300466,60
AHCL,1796,2012-06-22,REJECTED_TOO_SHORT,,25.259999999999998,32.2,0.2747426761678545,14
AHCL,1818,2012-07-24,VALID,down,32.035,34.55,0.07850788200405809,58
AHCL,1838,2012-08-28,REJECTED_HEIGHT_FLOOR,,32.035,33.57,0.04791634150148287,0
AHCL,1854,2012-09-19,REJECTED_HEIGHT_FLOOR,,32.035,33.425,0.043390042141407854,0
AHCL,1874,2012-10-18,REJECTED_TOO_SHORT,,24.46,262.2525,9.721688470973016,12
AHCL,1886,2012-11-07,REJECTED_TOO_SHORT,,32.035,25.46,0.20524426408615565,0
AHCL,1908,2012-12-10,REJECTED_TOO_SHORT,,32.035,26.88,0.1609177462150772,0
AHCL,1924,2013-01-02,REJECTED_TOO_SHORT,,23.22,262.2525,10.294250645994833,13
AHCL,1938,2013-01-22,REJECTED_TOO_SHORT,,32.035,24.35,0.23989386608397054,0
AHCL,1954,2013-02-15,REJECTED_TOO_SHORT,,32.035,25.2,0.21336038707663488,0
AHCL,1964,2013-03-01,REJECTED_TOO_SHORT,,32.035,24.825000000000003,0.22506633369751816,0
AHCL,1975,2013-03-18,VALID,down,23.95,262.2525,9.950000000000001,25
AHCL,1989,2013-04-05,REJECTED_TOO_SHORT,,23.4,262.2525,10.207371794871795,10
AHCL,2008,2013-05-03,REJECTED_TOO_SHORT,,32.035,23.74,0.25893553925394097,0
AHCL,2021,2013-05-22,REJECTED_TOO_SHORT,,32.035,24.69,0.22928047448103625,0
AHCL,2049,2013-07-01,EXPIRED_NO_BREAKOUT,,22.005000000000003,24.105,0.09543285616905238,60
AHCL,2060,2013-07-16,REJECTED_HEIGHT_FLOOR,,23.229999999999997,24.25,0.043908738699957095,0
AHCL,2077,2013-08-13,REJECTED_HEIGHT_FLOOR,,23.229999999999997,24.49,0.05424020662935866,0
AHCL,2090,2013-09-02,REJECTED_TOO_SHORT,,21.95,24.105,0.09817767653758548,9
AHCL,2101,2013-09-17,REJECTED_HEIGHT_FLOOR,,22.01,22.87,0.039073148568832324,0
AHCL,2121,2013-10-21,REJECTED_HEIGHT_FLOOR,,22.01,21.19,0.03725579282144481,11
AHCL,2140,2013-11-19,REJECTED_HEIGHT_FLOOR,,22.015,22.3,0.012945718828071776,2136
AHCL,2152,2013-12-05,REJECTED_HEIGHT_FLOOR,,22.01,22.93,0.04179918218991359,0
AHCL,2163,2013-12-20,EXPIRED_NO_BREAKOUT,,22.0,24.1,0.09545454545454551,60
AHCL,2172,2014-01-03,EXPIRED_NO_BREAKOUT,,22.0,24.2,0.09999999999999996,60
AHCL,2184,2014-01-22,REJECTED_HEIGHT_FLOOR,,23.0,24.105,0.04804347826086958,0
AHCL,2192,2014-02-03,VALID,up,22.0,24.05,0.09318181818181821,42
AHCL,2205,2014-02-21,REJECTED_HEIGHT_FLOOR,,23.229999999999997,24.1,0.03745157124408113,0
AHCL,2226,2014-03-24,REJECTED_HEIGHT_FLOOR,,25.375,24.1,0.050246305418719155,0
AHCL,2237,2014-04-08,REJECTED_TOO_SHORT,,27.19,24.1,0.11364472232438395,0
AHCL,2248,2014-04-23,EXPIRED_NO_BREAKOUT,,22.0,32.09,0.4586363636363638,60
AHCL,2259,2014-05-09,EXPIRED_NO_BREAKOUT,,22.0,30.49,0.3859090909090908,60
AHCL,2274,2014-05-30,EXPIRED_NO_BREAKOUT,,22.0,29.939999999999998,0.3609090909090908,60
AHCL,2290,2014-06-23,REJECTED_TOO_SHORT,,26.7,24.1,0.09737827715355797,0
AHCL,2306,2014-07-15,REJECTED_TOO_SHORT,,22.0,27.5,0.25,7
AHCL,2321,2014-08-12,REJECTED_HEIGHT_FLOOR,,23.975,24.1,0.005213764337851929,0
AHCL,2332,2014-08-28,REJECTED_HEIGHT_FLOOR,,25.075,24.1,0.03888334995014947,0
AHCL,2352,2014-09-25,REJECTED_HEIGHT_FLOOR,,25.0,24.1,0.03599999999999994,0
AHCL,2367,2014-10-21,EXPIRED_NO_BREAKOUT,,22.06,24.1,0.09247506799637366,60
AHCL,2375,2014-10-31,VALID,up,22.13,24.1,0.08901943063714426,54
AHCL,2393,2014-11-28,REJECTED_HEIGHT_FLOOR,,22.795,24.1,0.0572493967975433,0
AHCL,2405,2014-12-16,REJECTED_HEIGHT_FLOOR,,22.75,24.1,0.0593406593406594,0
AHCL,2427,2015-01-16,REJECTED_TOO_SHORT,,22.015,32.79,0.4894390188507835,12
AHCL,2443,2015-02-10,REJECTED_TOO_SHORT,,33.92,24.1,0.28950471698113206,0
AHCL,2464,2015-03-11,REJECTED_TOO_SHORT,,31.57,24.1,0.23661704149509025,0
AHCL,2476,2015-03-30,REJECTED_TOO_SHORT,,29.07,24.1,0.17096663226694184,0
AHCL,2491,2015-04-20,REJECTED_TOO_SHORT,,22.015,36.375,0.6522825346354758,10
AHCL,2506,2015-05-12,REJECTED_TOO_SHORT,,37.05,24.1,0.3495276653171389,0
AHCL,2525,2015-06-08,REJECTED_TOO_SHORT,,37.425,24.1,0.35604542418169666,0
AHCL,2549,2015-07-10,VALID,up,50.1,24.1,0.5189620758483033,95
AHCL,2565,2015-08-06,REJECTED_INSUFFICIENT_TOUCHES,,32.02,64.55,1.0159275452841972,3997
AHCL,2586,2015-09-07,REJECTED_TOO_SHORT,,48.135,24.1,0.4993248156227277,0
AHCL,2596,2015-09-21,REJECTED_TOO_SHORT,,48.11,24.1,0.4990646435252546,0
AHCL,2603,2015-10-02,VALID,up,22.015,54.2,1.4619577560754031,26
AHCL,2613,2015-10-16,REJECTED_TOO_SHORT,,22.015,53.25,1.4188053599818304,12
AHCL,2630,2015-11-11,VALID,up,53.0,38.355000000000004,0.27632075471698103,3248
AHCL,2656,2015-12-17,EXPIRED_NO_BREAKOUT,,22.015,54.0,1.4528730411083353,60
AHCL,2681,2016-01-25,EXPIRED_NO_BREAKOUT,,22.015,48.25,1.1916874858051327,60
AHCL,2696,2016-02-16,EXPIRED_NO_BREAKOUT,,22.015,46.795,1.1255961844197138,60
AHCL,2718,2016-03-17,REJECTED_TOO_SHORT,,40.905,24.1,0.4108299718860775,0
AHCL,2735,2016-04-12,REJECTED_TOO_SHORT,,40.075,24.1,0.3986275733000624,0
AHCL,2747,2016-04-28,EXPIRED_NO_BREAKOUT,,22.015,40.35,0.8328412446059505,60
AHCL,2758,2016-05-13,REJECTED_TOO_SHORT,,41.0,24.1,0.4121951219512195,0
AHCL,2774,2016-06-06,VALID,up,22.015,40.35,0.8328412446059505,45
AHCL,2788,2016-06-24,REJECTED_TOO_SHORT,,36.0,24.1,0.3305555555555555,0
AHCL,2802,2016-07-21,VALID,up,22.015,41.55,0.8873495344083577,21
AHCL,2813,2016-08-05,REJECTED_TOO_SHORT,,40.4,24.1,0.40346534653465344,0
AHCL,2828,2016-08-26,EXPIRED_NO_BREAKOUT,,22.015,47.25,1.1462639109697932,60
AHCL,2842,2016-09-20,EXPIRED_NO_BREAKOUT,,22.015,46.894999999999996,1.1301385419032475,60
AHCL,2857,2016-10-13,EXPIRED_NO_BREAKOUT,,22.015,44.265,1.0106745400863049,60
AHCL,2883,2016-11-18,VALID,up,22.015,41.5,0.8850783556665909,28
AHCL,2890,2016-11-29,REJECTED_TOO_SHORT,,22.015,40.605000000000004,0.8444242561889622,16
AHCL,2906,2016-12-22,REJECTED_TOO_SHORT,,40.33,24.1,0.40242995288866845,0
AHCL,2930,2017-01-25,EXPIRED_NO_BREAKOUT,,22.015,49.7,1.2575516693163753,60
AHCL,2945,2017-02-15,REJECTED_TOO_SHORT,,44.15,24.1,0.4541336353340883,0
AHCL,2957,2017-03-03,EXPIRED_NO_BREAKOUT,,22.015,44.39,1.016352486940722,60
AHCL,2966,2017-03-16,REJECTED_TOO_SHORT,,41.72,24.1,0.422339405560882,0
AHCL,2980,2017-04-06,REJECTED_TOO_SHORT,,40.61,24.1,0.40655011081014525,0
AHCL,2991,2017-04-21,EXPIRED_NO_BREAKOUT,,22.015,44.575,1.0247558482852601,60
AHCL,3004,2017-05-11,EXPIRED_NO_BREAKOUT,,22.015,43.545,0.9779695662048603,60
AHCL,3011,2017-05-22,REJECTED_TOO_SHORT,,42.5,24.1,0.4329411764705882,0
AHCL,3024,2017-06-08,EXPIRED_NO_BREAKOUT,,22.015,43.8,0.9895525777878718,60
AHCL,3036,2017-06-30,EXPIRED_NO_BREAKOUT,,22.015,41.67,0.8928003633885987,60
AHCL,3051,2017-07-21,REJECTED_TOO_SHORT,,37.26,24.1,0.35319377348362846,0
AHCL,3061,2017-08-04,EXPIRED_NO_BREAKOUT,,22.015,41.745000000000005,0.8962071315012493,60
AHCL,3080,2017-09-05,REJECTED_TOO_SHORT,,22.015,37.51,0.7038382920735861,16
AHCL,3090,2017-09-19,REJECTED_TOO_SHORT,,36.364999999999995,24.1,0.33727485219304265,0
AHCL,3101,2017-10-04,EXPIRED_NO_BREAKOUT,,22.015,39.74,0.8051328639563934,60
AHCL,3108,2017-10-13,REJECTED_TOO_SHORT,,36.51,24.1,0.33990687482881393,0
AHCL,3120,2017-10-31,REJECTED_TOO_SHORT,,33.925,24.1,0.28960943257184957,0
AHCL,3135,2017-11-21,REJECTED_TOO_SHORT,,33.93,24.1,0.28971411730032415,0
AHCL,3149,2017-12-12,REJECTED_TOO_SHORT,,31.5,24.1,0.23492063492063486,0
AHCL,3163,2018-01-02,REJECTED_TOO_SHORT,,34.685,24.1,0.305175147758397,0
AHCL,3171,2018-01-12,REJECTED_TOO_SHORT,,22.015,36.99,0.6802180331592097,14
AHCL,3181,2018-01-26,EXPIRED_NO_BREAKOUT,,22.015,38.45,0.7465364524188054,60
AHCL,3190,2018-02-09,EXPIRED_NO_BREAKOUT,,22.015,38.4,0.7442652736770383,60
AHCL,3203,2018-02-28,REJECTED_TOO_SHORT,,33.93,24.1,0.28971411730032415,0
AHCL,3219,2018-03-22,REJECTED_TOO_SHORT,,33.705,24.1,0.2849725560005933,0
AHCL,3232,2018-04-11,REJECTED_TOO_SHORT,,34.5,24.1,0.3014492753623188,0
AHCL,3255,2018-05-15,REJECTED_TOO_SHORT,,33.05,24.1,0.27080181543116477,0
AHCL,3271,2018-06-19,VALID,up,22.015,35.525,0.613672496025437,31
AHCL,3286,2018-07-10,REJECTED_TOO_SHORT,,30.0,24.1,0.19666666666666663,0
AHCL,3299,2018-07-30,EXPIRED_NO_BREAKOUT,,22.015,37.754999999999995,0.7149670679082442,60
AHCL,3320,2018-09-04,EXPIRED_NO_BREAKOUT,,22.015,34.68,0.5752895752895753,60
AHCL,3334,2018-09-27,REJECTED_TOO_SHORT,,29.02,24.1,0.16953824948311502,0
AHCL,3350,2018-10-19,EXPIRED_NO_BREAKOUT,,22.015,31.075,0.4115375880081762,60
AHCL,3365,2018-11-09,VALID,up,22.015,31.45,0.4285714285714285,47
AHCL,3388,2018-12-14,REJECTED_TOO_SHORT,,22.015,31.39,0.4258460140813082,12
AHCL,3399,2019-01-01,EXPIRED_NO_BREAKOUT,,22.015,32.5,0.47626618214853506,60
AHCL,3413,2019-01-23,REJECTED_TOO_SHORT,,29.65,24.1,0.18718381112984814,0
AHCL,3425,2019-02-11,REJECTED_TOO_SHORT,,29.7,24.1,0.18855218855218847,0
AHCL,3442,2019-03-07,VALID,down,22.015,28.89,0.3122870769929593,48
AHCL,3450,2019-03-20,VALID,down,22.015,27.7,0.2582330229389052,35
AHCL,3474,2019-04-30,REJECTED_HEIGHT_FLOOR,,22.015,22.9,0.0401998637292754,0
AHCL,3486,2019-05-17,REJECTED_TOO_SHORT,,22.015,20.39,0.07381330910742676,6
AHCL,3493,2019-05-28,REJECTED_TOO_SHORT,,18.6,24.1,0.29569892473118276,16
AHCL,3504,2019-06-19,REJECTED_TOO_SHORT,,22.015,24.99,0.13513513513513503,12
AHCL,3515,2019-07-05,REJECTED_HEIGHT_FLOOR,,23.66,24.1,0.018596787827557113,0
AHCL,3529,2019-07-25,VALID,down,22.015,25.16,0.14285714285714282,36
AHCL,3555,2019-09-20,VALID,up,19.4,24.1,0.24226804123711357,21
AHCL,3569,2019-10-10,REJECTED_HEIGHT_FLOOR,,23.07,24.1,0.044646727351538844,0
AHCL,3579,2019-10-29,REJECTED_TOO_SHORT,,22.02,24.5,0.11262488646684835,14
AHCL,3598,2019-11-25,REJECTED_TOO_SHORT,,22.02,26.14,0.18710263396911903,8
AHCL,3618,2019-12-24,REJECTED_TOO_SHORT,,30.5,24.1,0.20983606557377044,0
AHCL,3634,2020-01-16,VALID,down,22.02,35.47,0.6108083560399636,60
AHCL,3654,2020-02-14,VALID,down,22.02,31.5,0.43051771117166215,31
AHCL,3666,2020-03-05,REJECTED_TOO_SHORT,,22.02,28.18,0.27974568574023617,11
AHCL,3687,2020-04-09,REJECTED_TOO_SHORT,,26.515,24.1,0.09108052046011689,0
AHCL,3698,2020-04-28,REJECTED_TOO_SHORT,,25.7,24.1,0.06225680933852132,0
AHCL,3710,2020-05-19,REJECTED_TOO_SHORT,,22.02,28.97,0.315622161671208,13
AHCL,3729,2020-06-19,REJECTED_TOO_SHORT,,22.02,29.84,0.35513169845594916,10
AHCL,3750,2020-07-21,VALID,up,22.02,36.0,0.6348773841961853,27
AHCL,3763,2020-08-10,REJECTED_TOO_SHORT,,22.02,36.5,0.6575840145322435,7
AHCL,3777,2020-08-31,REJECTED_TOO_SHORT,,22.02,41.065,0.8648955495004541,7
AHCL,3789,2020-09-16,EXPIRED_NO_BREAKOUT,,22.02,46.8,1.1253405994550407,60
AHCL,3808,2020-10-13,REJECTED_TOO_SHORT,,38.11,24.1,0.36762004723169767,0
AHCL,3826,2020-11-10,EXPIRED_NO_BREAKOUT,,22.02,41.0,0.8619436875567666,60
AHCL,3844,2020-12-11,VALID,up,22.02,40.67,0.8469573115349683,39
AHCL,3858,2021-01-01,VALID,up,22.02,41.75,0.8960036330608538,27
AHCL,3876,2021-01-28,EXPIRED_NO_BREAKOUT,,22.02,43.72,0.9854677565849228,60
AHCL,3886,2021-02-12,REJECTED_TOO_SHORT,,39.035,24.1,0.3826053541693351,0
AHCL,3906,2021-03-12,REJECTED_TOO_SHORT,,35.5,24.1,0.32112676056338024,0
AHCL,3917,2021-03-31,REJECTED_TOO_SHORT,,35.15,24.1,0.3143669985775248,0
AHCL,3935,2021-04-26,REJECTED_TOO_SHORT,,33.965,24.1,0.29044604740173713,0
AHCL,3960,2021-06-08,REJECTED_TOO_SHORT,,38.01,24.1,0.36595632728229405,0
AHCL,3975,2021-06-29,REJECTED_TOO_SHORT,,37.09,24.1,0.3502291722836344,0
AHCL,3985,2021-07-13,EXPIRED_NO_BREAKOUT,,22.02,38.47,0.7470481380563124,60
AHCL,3997,2021-08-03,EXPIRED_NO_BREAKOUT,,22.02,39.974999999999994,0.8153950953678472,60
AHCL,4013,2021-08-27,REJECTED_TOO_SHORT,,22.02,37.06,0.6830154405086286,10
AHCL,4021,2021-09-08,REJECTED_TOO_SHORT,,37.120000000000005,24.1,0.3507543103448276,0
AHCL,4032,2021-09-23,EXPIRED_NO_BREAKOUT,,22.02,38.235,0.7363760217983651,60
AHCL,4049,2021-10-20,REJECTED_TOO_SHORT,,34.0,24.1,0.29117647058823526,0
AHCL,4058,2021-11-04,EXPIRED_NO_BREAKOUT,,22.02,37.48,0.7020890099909173,60
AHCL,4070,2021-11-24,REJECTED_TOO_SHORT,,33.705,24.1,0.2849725560005933,0
AHCL,4079,2021-12-10,EXPIRED_NO_BREAKOUT,,22.02,38.22,0.7356948228882834,60
AHCL,4092,2022-01-03,EXPIRED_NO_BREAKOUT,,22.02,36.7,0.6666666666666669,60
AHCL,4102,2022-01-28,VALID,down,35.0,38.39,0.09685714285714288,24
AHCL,4115,2022-02-18,REJECTED_TOO_SHORT,,22.02,35.55,0.6144414168937329,19
AHCL,4128,2022-03-09,VALID,up,34.019999999999996,38.39,0.12845385067607304,33
AHCL,4139,2022-03-30,REJECTED_TOO_SHORT,,35.15,38.39,0.09217638691322907,12
AHCL,4154,2022-04-25,REJECTED_HEIGHT_FLOOR,,36.25,38.39,0.05903448275862071,0
AHCL,4166,2022-05-25,EXPIRED_NO_BREAKOUT,,22.02,38.495000000000005,0.7481834695731155,60
AHCL,4183,2022-06-28,EXPIRED_NO_BREAKOUT,,32.3,38.394999999999996,0.18869969040247675,60
AHCL,4194,2022-07-21,EXPIRED_NO_BREAKOUT,,34.515,38.394999999999996,0.11241489207590889,60
AHCL,4209,2022-08-19,EXPIRED_NO_BREAKOUT,,22.02,37.0,0.6802906448683016,60
AHCL,4219,2022-09-06,VALID,up,22.02,36.0,0.6348773841961853,43
AHCL,4234,2022-10-11,REJECTED_TOO_SHORT,,22.02,36.0,0.6348773841961853,8
AHCL,4242,2022-10-24,EXPIRED_NO_BREAKOUT,,31.36,38.394999999999996,0.22433035714285704,60
AHCL,4250,2022-11-14,REJECTED_TOO_SHORT,,22.02,34.42,0.5631244323342417,11
AHCL,4260,2022-12-01,VALID,down,33.0,38.394999999999996,0.16348484848484837,54
AHCL,4269,2022-12-14,EXPIRED_NO_BREAKOUT,,32.02,34.88,0.08931917551530291,60
AHCL,4278,2022-12-30,VALID,down,32.02,34.89,0.08963148032479691,59
AHCL,4293,2023-01-24,VALID,down,32.02,38.394999999999996,0.19909431605246697,34
AHCL,4305,2023-02-10,REJECTED_TOO_SHORT,,32.25,38.394999999999996,0.1905426356589146,6
AHCL,4319,2023-03-03,REJECTED_HEIGHT_FLOOR,,32.02,32.73,0.022173641474078503,0
AHCL,4331,2023-04-04,REJECTED_HEIGHT_FLOOR,,32.02,31.09,0.029044347282948257,0
AHCL,4354,2023-05-24,REJECTED_TOO_SHORT,,32.02,27.4,0.14428482198625872,0
AHCL,4363,2023-06-07,REJECTED_TOO_SHORT,,24.0,38.394999999999996,0.5997916666666665,14
AHCL,4378,2023-07-07,EXPIRED_NO_BREAKOUT,,26.71,38.394999999999996,0.43747660052414805,60
AHCL,4389,2023-07-26,REJECTED_TOO_SHORT,,32.02,28.735,0.10259212991880086,0
AHCL,4408,2023-08-28,REJECTED_TOO_SHORT,,32.02,27.89,0.1289818863210494,0
AHCL,4422,2023-09-22,REJECTED_TOO_SHORT,,32.02,27.44,0.14303560274828236,0
AHCL,4437,2023-10-17,REJECTED_TOO_SHORT,,32.02,27.25,0.14896939412866966,0
AHCL,4451,2023-11-06,REJECTED_HEIGHT_FLOOR,,32.02,32.76,0.023110555902560736,0
AHCL,4468,2023-11-30,EXPIRED_NO_BREAKOUT,,29.89,38.394999999999996,0.2845433255269319,60
AHCL,4489,2024-01-01,REJECTED_TOO_SHORT,,32.02,37.0,0.15552779512804485,15
AHCL,4504,2024-01-23,EXPIRED_NO_BREAKOUT,,32.02,38.71,0.2089319175515302,60
AHCL,4516,2024-02-12,REJECTED_TOO_SHORT,,35.2,38.39,0.09062499999999993,15
AHCL,4527,2024-02-27,VALID,up,34.0,38.355000000000004,0.12808823529411775,31
AHCL,4538,2024-03-13,REJECTED_TOO_SHORT,,35.1,38.355000000000004,0.09273504273504281,16
AHCL,4553,2024-04-03,VALID,up,32.02,41.0,0.28044971892567133,44
AHCL,4567,2024-04-29,REJECTED_TOO_SHORT,,32.02,41.39,0.29262960649593994,18
AHCL,4589,2024-05-31,VALID,up,32.02,45.894999999999996,0.4333229231730166,28
AHCL,4601,2024-06-21,REJECTED_TOO_SHORT,,41.5,38.355000000000004,0.07578313253012038,0
AHCL,4628,2024-08-01,REJECTED_TOO_SHORT,,45.11,38.355000000000004,0.14974506761250267,0
AHCL,4635,2024-08-12,VALID,up,32.02,55.3,0.7270455965021859,29
AHCL,4655,2024-09-10,VALID,up,54.99,38.355000000000004,0.3025095471903982,37
AHCL,4670,2024-10-02,REJECTED_TOO_SHORT,,53.2,38.355000000000004,0.2790413533834586,0
AHCL,4686,2024-10-24,VALID,up,32.02,69.495,1.1703622735790131,41
AHCL,4697,2024-11-08,VALID,up,32.02,69.995,1.1859775140537163,26
AHCL,4715,2024-12-04,REJECTED_INSUFFICIENT_TOUCHES,,68.4,38.355000000000004,0.4392543859649123,589
AHCL,4723,2024-12-16,EXPIRED_NO_BREAKOUT,,32.02,71.88,1.2448469706433476,60
AHCL,4732,2024-12-30,VALID,up,32.02,70.25,1.193941286695815,49
AHCL,4747,2025-01-20,VALID,up,32.02,74.72,1.3335415365396623,29
AHCL,4761,2025-02-10,REJECTED_INSUFFICIENT_TOUCHES,,63.0,38.355000000000004,0.39119047619047614,521
AHCL,4777,2025-03-04,REJECTED_INSUFFICIENT_TOUCHES,,87.5,38.355000000000004,0.5616571428571429,499
AHCL,4794,2025-04-07,EXPIRED_NO_BREAKOUT,,10.14,38.355000000000004,2.782544378698225,60
AHCL,4804,2025-04-21,REJECTED_TOO_SHORT,,32.02,11.75,0.6330418488444722,8
AHCL,4816,2025-05-08,REJECTED_INSUFFICIENT_TOUCHES,,9.21,38.355000000000004,3.1644951140065145,434
AHCL,4839,2025-06-13,REJECTED_INSUFFICIENT_TOUCHES,,32.02,10.95,0.6580262336039976,398
AHCL,4860,2025-07-14,REJECTED_TOO_SHORT,,32.02,12.6,0.6064959400374765,7
AHCL,4868,2025-07-24,REJECTED_INSUFFICIENT_TOUCHES,,11.51,38.355000000000004,2.3323197219808867,357
AHCL,4880,2025-08-11,EXPIRED_NO_BREAKOUT,,12.2,38.355000000000004,2.143852459016394,60
AHCL,4902,2025-09-11,REJECTED_TOO_SHORT,,32.02,14.05,0.561211742660837,0
AHCL,4917,2025-10-02,VALID,down,32.02,17.25,0.46127420362273586,140
AHCL,4931,2025-10-22,REJECTED_TOO_SHORT,,32.02,16.68,0.47907557776389764,7
AHCL,4942,2025-11-06,REJECTED_TOO_SHORT,,15.31,38.355000000000004,1.5052253429131288,7
AHCL,4954,2025-11-24,REJECTED_TOO_SHORT,,32.02,15.78,0.5071830106183636,4
AHCL,4962,2025-12-04,EXPIRED_NO_BREAKOUT,,15.29,38.355000000000004,1.508502289077829,60
AHCL,4976,2025-12-24,REJECTED_TOO_SHORT,,32.02,17.69,0.4475327920049969,0
AHCL,4991,2026-01-15,VALID,down,16.7,38.355000000000004,1.2967065868263477,41
AHCL,5001,2026-01-29,REJECTED_TOO_SHORT,,17.84,38.355000000000004,1.149943946188341,11
AHCL,5027,2026-03-09,EXPIRED_NO_BREAKOUT,,12.16,38.355000000000004,2.1541940789473686,60
AHCL,5040,2026-03-30,EXPIRED_NO_BREAKOUT,,12.51,38.355000000000004,2.0659472422062355,60
AHCL,5050,2026-04-13,REJECTED_INSUFFICIENT_TOUCHES,,13.52,38.355000000000004,1.836908284023669,94
AHCL,5059,2026-04-24,EXPIRED_NO_BREAKOUT,,14.1,38.355000000000004,1.720212765957447,60
AHCL,5074,2026-05-19,EXPIRED_NO_BREAKOUT,,13.95,38.355000000000004,1.7494623655913983,58
AHCL,5084,2026-06-08,EXPIRED_NO_BREAKOUT,,14.125,38.355000000000004,1.7153982300884958,38
AHCL,5100,2026-07-02,REJECTED_TOO_SHORT,,32.02,16.6,0.4815740162398501,0
AHL,7,2007-02-12,EXPIRED_NO_BREAKOUT,,59.52,131.75,1.2135416666666665,60
AHL,22,2007-03-05,VALID,up,108.3,63.68,0.4120036934441366,6867
AHL,39,2007-03-29,EXPIRED_NO_BREAKOUT,,111.05,211.8,0.9072489869428187,60
AHL,52,2007-04-17,EXPIRED_NO_BREAKOUT,,114.325,211.8,0.8526131642247978,60
AHL,66,2007-05-08,REJECTED_INSUFFICIENT_TOUCHES,,128.5,63.68,0.5044357976653696,7009
AHL,82,2007-05-30,REJECTED_INSUFFICIENT_TOUCHES,,145.1,63.68,0.561130254996554,6987
AHL,93,2007-06-14,EXPIRED_NO_BREAKOUT,,113.575,211.8,0.8648470173893903,60
AHL,114,2007-07-13,REJECTED_INSUFFICIENT_TOUCHES,,59.52,291.9,3.904233870967741,6943
AHL,136,2007-08-15,REJECTED_INSUFFICIENT_TOUCHES,,203.25,63.68,0.6866912669126691,6910
AHL,145,2007-08-28,REJECTED_TOO_SHORT,,183.5,211.8,0.15422343324250687,6
AHL,152,2007-09-06,REJECTED_INSUFFICIENT_TOUCHES,,59.52,183.9,2.0897177419354835,6888
AHL,163,2007-09-21,VALID,up,170.075,211.8,0.24533294134940484,31
AHL,181,2007-10-23,VALID,up,188.15,236.75,0.2583045442466117,44
AHL,199,2007-11-19,REJECTED_TOO_SHORT,,189.0,211.9,0.1211640211640212,2
AHL,210,2007-12-04,REJECTED_INSUFFICIENT_TOUCHES,,219.5,63.68,0.709886104783599,6799
AHL,224,2007-12-27,REJECTED_INSUFFICIENT_TOUCHES,,59.52,276.9,3.652217741935483,6776
AHL,239,2008-01-18,VALID,up,305.0,211.9,0.30524590163934423,46
AHL,249,2008-02-01,EXPIRED_NO_BREAKOUT,,188.15,325.75,0.7313313845336168,60
AHL,263,2008-02-25,REJECTED_INSUFFICIENT_TOUCHES,,59.52,340.65,4.72328629032258,6716
AHL,273,2008-03-10,EXPIRED_NO_BREAKOUT,,188.15,323.4,0.7188413499867126,60
AHL,287,2008-03-31,REJECTED_TOO_SHORT,,293.55,211.9,0.2781468233691024,0
AHL,302,2008-04-21,EXPIRED_NO_BREAKOUT,,188.15,323.7,0.7204358224820621,60
AHL,317,2008-05-13,EXPIRED_NO_BREAKOUT,,188.15,322.0,0.7114004783417486,60
AHL,337,2008-06-10,REJECTED_TOO_SHORT,,237.5,211.9,0.1077894736842105,0
AHL,346,2008-06-23,REJECTED_INSUFFICIENT_TOUCHES,,209.98,63.68,0.6967330221925897,6597
AHL,370,2008-07-28,REJECTED_INSUFFICIENT_TOUCHES,,162.45,63.68,0.608002462296091,6562
AHL,385,2008-08-19,REJECTED_TOO_SHORT,,188.15,149.89,0.20334839224023396,0
AHL,437,2009-02-13,EXPIRED_NO_BREAKOUT,,34.37,70.89,1.0625545533895842,60
AHL,451,2009-03-05,EXPIRED_NO_BREAKOUT,,24.9,37.6,0.5100401606425704,60
AHL,481,2009-04-20,EXPIRED_NO_BREAKOUT,,72.15,211.9,1.9369369369369367,60
AHL,501,2009-05-19,EXPIRED_NO_BREAKOUT,,48.035,75.45,0.5707296762777143,60
AHL,514,2009-06-05,EXPIRED_NO_BREAKOUT,,63.12,211.9,2.3570975918884667,60
AHL,523,2009-06-18,REJECTED_TOO_SHORT,,188.15,72.9,0.6125431836300823,0
AHL,531,2009-06-30,EXPIRED_NO_BREAKOUT,,66.01,211.9,2.2101196788365396,60
AHL,554,2009-07-31,VALID,down,77.35,211.9,1.739495798319328,28
AHL,570,2009-08-25,REJECTED_TOO_SHORT,,188.15,87.49,0.5349986712729206,0
AHL,582,2009-09-11,VALID,down,188.15,68.99,0.6333244751528037,52
AHL,594,2009-10-02,REJECTED_TOO_SHORT,,72.0,211.9,1.9430555555555555,19
AHL,611,2009-10-27,REJECTED_TOO_SHORT,,188.15,70.74,0.6240233855965985,0
AHL,621,2009-11-11,EXPIRED_NO_BREAKOUT,,57.45,211.9,2.6884247171453435,60
AHL,639,2009-12-09,EXPIRED_NO_BREAKOUT,,58.02,70.815,0.2205274043433298,60
AHL,649,2009-12-23,REJECTED_TOO_SHORT,,188.15,63.58,0.6620781291522722,0
AHL,663,2010-01-15,REJECTED_TOO_SHORT,,188.15,69.99,0.6280095668349721,0
AHL,672,2010-01-28,REJECTED_TOO_SHORT,,67.0,70.815,0.056940298507462656,13
AHL,689,2010-02-23,REJECTED_TOO_SHORT,,188.15,71.9,0.6178580919479139,0
AHL,709,2010-03-24,VALID,down,63.11,70.89,0.12327681825384251,37
AHL,721,2010-04-09,REJECTED_TOO_SHORT,,188.15,72.25,0.6159978740366728,0
AHL,737,2010-05-03,REJECTED_TOO_SHORT,,59.7,70.89,0.1874371859296482,14
AHL,764,2010-06-09,VALID,down,59.56,48.95,0.17813969106783073,2309
AHL,781,2010-07-02,VALID,down,42.0,70.89,0.6878571428571428,38
AHL,799,2010-07-28,REJECTED_TOO_SHORT,,188.15,47.7,0.7464788732394365,0
AHL,816,2010-08-20,EXPIRED_NO_BREAKOUT,,24.9,35.23,0.414859437751004,60
AHL,847,2010-10-06,EXPIRED_NO_BREAKOUT,,24.62,70.89,1.8793663688058486,60
AHL,860,2010-10-25,EXPIRED_NO_BREAKOUT,,24.9,28.95,0.16265060240963858,60
AHL,884,2010-12-02,EXPIRED_NO_BREAKOUT,,26.0,70.89,1.7265384615384616,60
AHL,899,2010-12-27,REJECTED_TOO_SHORT,,188.15,27.61,0.8532553813446719,0
AHL,909,2011-01-10,REJECTED_TOO_SHORT,,188.15,26.79,0.8576136061652937,0
AHL,926,2011-02-02,REJECTED_TOO_SHORT,,24.91,70.89,1.8458450421517465,9
AHL,952,2011-03-11,REJECTED_TOO_SHORT,,24.9,22.8,0.08433734939759029,7
AHL,961,2011-03-25,EXPIRED_NO_BREAKOUT,,19.77,70.89,2.585735963581184,60
AHL,976,2011-04-15,EXPIRED_NO_BREAKOUT,,17.21,70.89,3.1191167925624637,60
AHL,994,2011-05-11,REJECTED_INSUFFICIENT_TOUCHES,,59.52,15.9,0.7328629032258065,5545
AHL,1009,2011-06-01,EXPIRED_NO_BREAKOUT,,16.5,70.89,3.2963636363636364,60
AHL,1022,2011-06-20,EXPIRED_NO_BREAKOUT,,15.41,70.89,3.600259571706684,60
AHL,1039,2011-07-13,REJECTED_INSUFFICIENT_TOUCHES,,17.71,63.68,2.5957086391869,5482
AHL,1064,2011-08-17,VALID,down,24.9,15.35,0.38353413654618473,21
AHL,1080,2011-09-14,EXPIRED_NO_BREAKOUT,,12.19,70.89,4.815422477440525,60
AHL,1097,2011-10-07,VALID,down,15.51,70.89,3.570599613152805,52
AHL,1113,2011-11-01,REJECTED_TOO_SHORT,,24.9,18.2,0.2690763052208835,13
AHL,1135,2011-12-09,REJECTED_TOO_SHORT,,24.9,15.5,0.37751004016064255,0
AHL,1148,2011-12-28,EXPIRED_NO_BREAKOUT,,13.0,70.89,4.453076923076923,60
AHL,1173,2012-02-01,EXPIRED_NO_BREAKOUT,,18.5,70.89,2.831891891891892,60
AHL,1182,2012-02-14,REJECTED_TOO_SHORT,,20.6,70.89,2.44126213592233,16
AHL,1191,2012-02-27,REJECTED_INSUFFICIENT_TOUCHES,,59.52,21.89,0.6322244623655914,5253
AHL,1207,2012-03-20,EXPIRED_NO_BREAKOUT,,26.025,70.89,1.723919308357349,60
AHL,1229,2012-04-20,EXPIRED_NO_BREAKOUT,,24.9,43.89,0.7626506024096387,60
AHL,1243,2012-05-11,REJECTED_HEIGHT_FLOOR,,39.49,38.0,0.03773107115725505,390
AHL,1265,2012-06-12,EXPIRED_NO_BREAKOUT,,31.695,70.89,1.236630383341221,60
AHL,1283,2012-07-06,REJECTED_TOO_SHORT,,24.9,37.870000000000005,0.5208835341365464,10
AHL,1307,2012-08-09,VALID,down,36.15,70.89,0.9609958506224068,36
AHL,1329,2012-09-17,VALID,down,28.6,70.89,1.4786713286713287,30
AHL,1340,2012-10-03,EXPIRED_NO_BREAKOUT,,24.9,32.0,0.28514056224899603,60
AHL,1350,2012-10-17,EXPIRED_NO_BREAKOUT,,27.23,42.45,0.5589423430040398,60
AHL,1357,2012-10-30,VALID,up,24.9,30.1,0.20883534136546197,34
AHL,1368,2012-11-15,REJECTED_TOO_SHORT,,24.9,29.9,0.20080321285140562,18
AHL,1386,2012-12-11,VALID,down,48.3,32.8,0.32091097308488614,2467
AHL,1404,2013-01-07,REJECTED_TOO_SHORT,,28.27,70.89,1.5076052352316947,8
AHL,1419,2013-01-29,EXPIRED_NO_BREAKOUT,,32.8,70.89,1.1612804878048784,60
AHL,1428,2013-02-12,EXPIRED_NO_BREAKOUT,,24.9,39.7,0.5943775100401608,60
AHL,1447,2013-03-11,EXPIRED_NO_BREAKOUT,,31.865000000000002,38.0,0.19253099011454566,60
AHL,1466,2013-04-05,VALID,up,33.2,38.0,0.14457831325301196,41
AHL,1476,2013-04-19,VALID,up,24.9,36.45,0.4638554216867472,26
AHL,1487,2013-05-07,REJECTED_TOO_SHORT,,35.35,38.0,0.07496463932107492,9
AHL,1495,2013-05-17,EXPIRED_NO_BREAKOUT,,24.9,40.74,0.6361445783132532,60
AHL,1514,2013-06-13,VALID,up,24.9,41.69,0.6742971887550201,33
AHL,1531,2013-07-08,REJECTED_TOO_SHORT,,24.9,41.79,0.6783132530120483,8
AHL,1547,2013-07-30,EXPIRED_NO_BREAKOUT,,24.9,42.725,0.7158634538152612,60
AHL,1558,2013-08-20,EXPIRED_NO_BREAKOUT,,24.9,39.94,0.6040160642570281,60
AHL,1572,2013-09-09,EXPIRED_NO_BREAKOUT,,24.9,38.01,0.5265060240963856,60
AHL,1595,2013-10-10,REJECTED_TOO_SHORT,,29.0,38.0,0.3103448275862069,20
AHL,1602,2013-10-25,REJECTED_TOO_SHORT,,28.4,38.0,0.33802816901408456,7
AHL,1615,2013-11-13,EXPIRED_NO_BREAKOUT,,28.75,38.0,0.3217391304347826,60
AHL,1629,2013-12-05,REJECTED_TOO_SHORT,,24.9,32.0,0.28514056224899603,13
AHL,1646,2013-12-31,EXPIRED_NO_BREAKOUT,,31.95,38.0,0.18935837245696402,60
AHL,1657,2014-01-16,VALID,up,24.9,35.9,0.44176706827309237,40
AHL,1670,2014-02-04,VALID,up,24.9,35.96,0.44417670682730936,30
AHL,1683,2014-02-24,REJECTED_TOO_SHORT,,24.9,36.97,0.48473895582329324,11
AHL,1697,2014-03-14,REJECTED_HEIGHT_FLOOR,,38.05,38.0,0.0013140604467804773,0
AHL,1712,2014-04-04,REJECTED_TOO_SHORT,,24.9,51.35,1.0622489959839359,19
AHL,1721,2014-04-17,EXPIRED_NO_BREAKOUT,,24.9,52.71,1.1168674698795182,60
AHL,1733,2014-05-06,REJECTED_TOO_SHORT,,58.0,38.0,0.3448275862068966,0
AHL,1745,2014-05-22,EXPIRED_NO_BREAKOUT,,24.9,66.9,1.6867469879518076,60
AHL,1758,2014-06-10,REJECTED_TOO_SHORT,,60.6,38.0,0.37293729372937295,0
AHL,1767,2014-06-23,REJECTED_TOO_SHORT,,60.5,38.0,0.371900826446281,0
AHL,1791,2014-07-28,EXPIRED_NO_BREAKOUT,,24.9,69.215,1.7797188755020084,60
AHL,1804,2014-08-21,EXPIRED_NO_BREAKOUT,,48.4,57.0,0.1776859504132232,60
AHL,1832,2014-09-30,VALID,up,45.21,38.0,0.15947799159477993,601
AHL,1847,2014-10-24,REJECTED_TOO_SHORT,,24.9,51.150000000000006,1.05421686746988,18
AHL,1864,2014-11-20,REJECTED_TOO_SHORT,,47.9,38.0,0.2066805845511482,0
AHL,1880,2014-12-12,REJECTED_TOO_SHORT,,48.035,51.65,0.0752576246486937,11
AHL,1901,2015-01-13,VALID,up,55.13,38.0,0.31072011608924366,85
AHL,1915,2015-02-02,EXPIRED_NO_BREAKOUT,,48.035,65.55,0.3646299573227855,60
AHL,1935,2015-03-03,REJECTED_TOO_SHORT,,59.5,38.0,0.36134453781512604,0
AHL,1951,2015-03-26,REJECTED_TOO_SHORT,,48.035,59.6,0.24076194441553045,19
AHL,1960,2015-04-08,REJECTED_TOO_SHORT,,55.56,38.0,0.3160547156227502,0
AHL,1980,2015-05-07,VALID,up,48.035,63.894999999999996,0.3301759133964817,35
AHL,1998,2015-06-02,VALID,up,48.035,65.25,0.35838451129384835,23
AHL,2009,2015-06-17,REJECTED_TOO_SHORT,,63.3,38.0,0.39968404423380727,0
AHL,2025,2015-07-09,REJECTED_TOO_SHORT,,67.0,38.0,0.43283582089552236,0
AHL,2043,2015-08-07,VALID,up,75.0,38.0,0.49333333333333335,697
AHL,2065,2015-09-09,EXPIRED_NO_BREAKOUT,,59.650000000000006,72.9,0.22212908633696563,60
AHL,2079,2015-10-01,REJECTED_TOO_SHORT,,59.975,38.0,0.36640266777824093,0
AHL,2092,2015-10-20,VALID,down,59.6,65.55,0.0998322147651006,41
AHL,2107,2015-11-11,REJECTED_TOO_SHORT,,58.85,38.0,0.3542905692438403,0
AHL,2143,2016-01-04,VALID,down,59.6,68.8,0.15436241610738247,43
AHL,2165,2016-02-03,REJECTED_TOO_SHORT,,57.52,38.0,0.3393602225312935,0
AHL,2183,2016-03-01,REJECTED_TOO_SHORT,,59.6,51.95,0.12835570469798654,0
AHL,2193,2016-03-15,REJECTED_TOO_SHORT,,59.6,52.98,0.11107382550335577,0
AHL,2209,2016-04-07,REJECTED_TOO_SHORT,,59.6,53.35,0.10486577181208054,0
AHL,2223,2016-04-27,REJECTED_TOO_SHORT,,59.6,50.06,0.1600671140939597,0
AHL,2237,2016-05-17,REJECTED_TOO_SHORT,,59.6,46.8,0.21476510067114102,0
AHL,2249,2016-06-02,REJECTED_TOO_SHORT,,44.905,38.0,0.1537690680325131,0
AHL,2261,2016-06-20,REJECTED_TOO_SHORT,,45.21,38.0,0.15947799159477993,0
AHL,2275,2016-07-15,REJECTED_TOO_SHORT,,59.6,47.9,0.19630872483221481,0
AHL,2289,2016-08-04,VALID,up,48.4,58.25,0.20351239669421492,27
AHL,2301,2016-08-22,REJECTED_TOO_SHORT,,55.56,38.0,0.3160547156227502,0
AHL,2315,2016-09-09,REJECTED_HEIGHT_FLOOR,,59.56,62.39,0.047515110812625896,0
AHL,2336,2016-10-17,REJECTED_HEIGHT_FLOOR,,59.56,59.15,0.006883814640698517,0
AHL,2345,2016-10-28,REJECTED_TOO_SHORT,,55.75,38.0,0.3183856502242152,0
AHL,2362,2016-11-22,REJECTED_TOO_SHORT,,59.56,72.85,0.2231363331094693,17
AHL,2378,2016-12-15,REJECTED_TOO_SHORT,,59.56,80.0,0.3431833445265278,18
AHL,2395,2017-01-09,REJECTED_TOO_SHORT,,59.56,87.0,0.460711887172599,11
AHL,2416,2017-02-07,REJECTED_TOO_SHORT,,93.75,38.0,0.5946666666666667,8
AHL,2425,2017-02-20,EXPIRED_NO_BREAKOUT,,59.52,108.92,0.8299731182795699,60
AHL,2443,2017-03-16,REJECTED_TOO_SHORT,,92.0,38.0,0.5869565217391305,0
AHL,2461,2017-04-12,EXPIRED_NO_BREAKOUT,,59.56,91.1,0.5295500335795834,60
AHL,2475,2017-05-03,REJECTED_TOO_SHORT,,91.3,38.0,0.583789704271632,0
AHL,2487,2017-05-19,REJECTED_INSUFFICIENT_TOUCHES,,89.0,63.68,0.2844943820224719,3345
AHL,2501,2017-06-08,EXPIRED_NO_BREAKOUT,,59.56,96.91499999999999,0.6271826729348554,60
AHL,2515,2017-07-04,REJECTED_TOO_SHORT,,74.0,38.0,0.4864864864864865,0
AHL,2526,2017-07-19,REJECTED_TOO_SHORT,,59.56,77.25,0.29701141705842843,6
AHL,2549,2017-08-22,REJECTED_TOO_SHORT,,72.0,38.0,0.4722222222222222,0
AHL,2566,2017-09-18,REJECTED_TOO_SHORT,,58.0,38.0,0.3448275862068966,0
AHL,2597,2017-10-31,REJECTED_HEIGHT_FLOOR,,39.9,38.0,0.04761904761904758,0
AHL,2604,2017-11-09,REJECTED_TOO_SHORT,,59.56,42.25,0.2906312961719275,0
AHL,2623,2017-12-07,REJECTED_TOO_SHORT,,59.56,41.99,0.29499664204163867,0
AHL,2650,2018-01-16,REJECTED_TOO_SHORT,,44.18,38.0,0.13988229968311452,0
AHL,2663,2018-02-02,REJECTED_TOO_SHORT,,59.56,51.945,0.1278542646071189,0
AHL,2676,2018-02-22,REJECTED_TOO_SHORT,,47.55,38.0,0.2008412197686645,0
AHL,2687,2018-03-09,REJECTED_TOO_SHORT,,47.01,38.0,0.19166134864922355,0
AHL,2700,2018-03-29,REJECTED_TOO_SHORT,,48.3,51.94,0.07536231884057973,18
AHL,2717,2018-04-23,REJECTED_HEIGHT_FLOOR,,51.0,51.9,0.017647058823529384,0
AHL,2729,2018-05-10,VALID,up,48.3,62.485,0.2936853002070394,27
AHL,2742,2018-05-29,REJECTED_TOO_SHORT,,48.3,61.5,0.2732919254658386,8
AHL,2751,2018-06-12,REJECTED_TOO_SHORT,,60.504999999999995,51.9,0.14221965126849018,0
AHL,2771,2018-07-12,REJECTED_TOO_SHORT,,53.825,63.68,0.18309335810496974,18
AHL,2794,2018-08-16,REJECTED_HEIGHT_FLOOR,,65.5,63.68,0.027786259541984736,0
AHL,2811,2018-09-13,REJECTED_TOO_SHORT,,43.5,63.68,0.46390804597701146,14
AHL,2832,2018-10-16,EXPIRED_NO_BREAKOUT,,34.16,63.68,0.8641686182669791,60
AHL,2855,2018-11-16,REJECTED_HEIGHT_FLOOR,,48.3,47.7,0.012422360248447088,0
AHL,2875,2018-12-17,REJECTED_TOO_SHORT,,41.16,63.68,0.5471331389698738,17
AHL,2887,2019-01-03,EXPIRED_NO_BREAKOUT,,40.0,63.68,0.592,60
AHL,2902,2019-01-24,REJECTED_TOO_SHORT,,48.3,43.945,0.09016563146997923,0
AHL,2913,2019-02-12,REJECTED_TOO_SHORT,,43.5,63.68,0.46390804597701146,14
AHL,2932,2019-03-13,REJECTED_TOO_SHORT,,48.3,42.4,0.12215320910973082,0
AHL,2949,2019-04-09,VALID,down,34.96,42.45,0.21424485125858128,24
AHL,2963,2019-04-29,REJECTED_TOO_SHORT,,48.3,36.629999999999995,0.2416149068322982,0
AHL,2976,2019-05-20,EXPIRED_NO_BREAKOUT,,25.79,42.45,0.6459868165955799,60
AHL,2992,2019-06-20,REJECTED_TOO_SHORT,,48.3,34.97,0.27598343685300203,0
AHL,3000,2019-07-04,REJECTED_TOO_SHORT,,48.3,34.32,0.2894409937888198,0
AHL,3011,2019-07-19,REJECTED_TOO_SHORT,,31.0,42.45,0.3693548387096775,20
AHL,3027,2019-08-16,VALID,down,28.1,42.45,0.51067615658363,45
AHL,3043,2019-09-13,REJECTED_TOO_SHORT,,48.3,32.9,0.3188405797101449,0
AHL,3054,2019-10-01,VALID,up,26.9,42.45,0.5780669144981414,49
AHL,3071,2019-10-24,REJECTED_TOO_SHORT,,48.3,34.0,0.2960662525879917,0
AHL,3082,2019-11-08,REJECTED_TOO_SHORT,,32.5,42.45,0.3061538461538462,11
AHL,3108,2019-12-16,REJECTED_TOO_SHORT,,59.52,64.65,0.08618951612903229,2
AHL,3123,2024-01-05,REJECTED_HEIGHT_FLOOR,,42.26,42.45,0.004495977283483314,0
AHL,3139,2024-01-29,REJECTED_TOO_SHORT,,59.52,48.0,0.19354838709677424,0
AHL,3148,2024-02-13,REJECTED_HEIGHT_FLOOR,,44.6,42.45,0.048206278026905795,0
AHL,3162,2024-03-04,REJECTED_TOO_SHORT,,59.52,49.75,0.16414650537634412,0
AHL,3182,2024-04-01,REJECTED_HEIGHT_FLOOR,,44.0,42.45,0.03522727272727266,0
AHL,3196,2024-04-25,REJECTED_TOO_SHORT,,48.07,51.9,0.07967547326815058,7
AHL,3208,2024-05-14,REJECTED_INSUFFICIENT_TOUCHES,,52.0,63.68,0.2246153846153846,793
AHL,3221,2024-06-03,VALID,up,48.25,57.5,0.19170984455958548,25
AHL,3243,2024-07-08,REJECTED_TOO_SHORT,,59.02,51.9,0.12063707217892247,0
AHL,3258,2024-07-31,REJECTED_HEIGHT_FLOOR,,59.510000000000005,59.25,0.004369013611157874,0
AHL,3264,2024-08-08,REJECTED_HEIGHT_FLOOR,,59.510000000000005,62.15,0.044362292051755896,0
AHL,3275,2024-08-26,REJECTED_HEIGHT_FLOOR,,59.510000000000005,60.45,0.015795664594185813,0
AHL,3291,2024-09-18,REJECTED_TOO_SHORT,,59.510000000000005,65.965,0.10846916484624429,12
AHL,3304,2024-10-07,REJECTED_TOO_SHORT,,58.035,51.9,0.10571207030240369,0
AHL,3317,2024-10-24,REJECTED_TOO_SHORT,,59.5,88.76,0.49176470588235305,5
AHL,3331,2024-11-13,REJECTED_TOO_SHORT,,59.5,50.0,0.15966386554621848,0
AHL,3340,2024-11-26,VALID,up,40.0,51.9,0.2975,34
AHL,3363,2024-12-30,REJECTED_HEIGHT_FLOOR,,59.5,60.0,0.008403361344537815,0
AHL,3379,2025-01-21,VALID,down,59.510000000000005,72.9,0.2250042009746261,36
AHL,3388,2025-02-03,VALID,down,59.510000000000005,75.4,0.26701394723575866,23
AHL,3396,2025-02-14,REJECTED_TOO_SHORT,,59.510000000000005,68.19,0.14585783901865218,12
AHL,3407,2025-03-03,VALID,up,55.075,63.68,0.15624148887880157,24
AHL,3426,2025-04-03,REJECTED_TOO_SHORT,,59.52,66.79,0.12214381720430112,12
AHL,3438,2025-04-21,REJECTED_HEIGHT_FLOOR,,63.11,63.68,0.009031849152273811,0
AHL,3448,2025-05-06,REJECTED_TOO_SHORT,,59.52,66.02,0.1092069892473117,6
AHL,3462,2025-05-26,REJECTED_TOO_SHORT,,71.15,63.68,0.10498945888966979,0
AHL,3469,2025-06-05,REJECTED_TOO_SHORT,,72.0,63.68,0.11555555555555556,0
AHL,3488,2025-07-04,REJECTED_TOO_SHORT,,74.51,63.68,0.14534961750100664,0
AHL,3506,2025-07-30,REJECTED_TOO_SHORT,,74.63,63.68,0.1467238375988208,0
AHL,3528,2025-09-01,REJECTED_TOO_SHORT,,91.5,63.68,0.3040437158469945,0
AHL,3553,2025-10-06,REJECTED_INSUFFICIENT_TOUCHES,,125.99,63.68,0.4945630605603619,283
AHL,3564,2025-10-21,EXPIRED_NO_BREAKOUT,,59.52,118.22,0.9862231182795698,60
AHL,3581,2025-11-13,REJECTED_TOO_SHORT,,91.75,63.68,0.3059400544959128,0
AHL,3592,2025-11-28,REJECTED_TOO_SHORT,,93.0,63.68,0.31526881720430106,0
AHL,3611,2025-12-26,REJECTED_INSUFFICIENT_TOUCHES,,59.52,128.97,1.1668346774193545,202
AHL,3625,2026-01-15,REJECTED_TOO_SHORT,,110.5,63.68,0.423710407239819,0
AHL,3634,2026-01-28,EXPIRED_NO_BREAKOUT,,59.52,118.555,0.9918514784946236,60
AHL,3657,2026-03-03,REJECTED_TOO_SHORT,,80.05,63.68,0.20449718925671453,0
AHL,3667,2026-03-17,REJECTED_TOO_SHORT,,75.0,63.68,0.15093333333333334,0
AHL,3681,2026-04-08,REJECTED_TOO_SHORT,,80.53,63.68,0.20923879299639886,0
AHL,3693,2026-04-24,REJECTED_TOO_SHORT,,95.0,63.68,0.3296842105263158,0
AHL,3702,2026-05-11,REJECTED_TOO_SHORT,,102.51,63.68,0.37879231294507854,8
AHL,3713,2026-06-01,REJECTED_TOO_SHORT,,100.01,63.68,0.3632636736326368,0
AHL,3723,2026-06-15,REJECTED_TOO_SHORT,,110.0,63.68,0.42109090909090907,0
AHL,3737,2026-07-07,EXPIRED_NO_BREAKOUT,,59.52,123.27,1.0710685483870965,9
AHTM,9,2005-01-31,EXPIRED_NO_BREAKOUT,,43.0,67.0,0.5581395348837209,60
AHTM,32,2005-05-18,EXPIRED_NO_BREAKOUT,,48.5,64.0,0.31958762886597936,60
AHTM,46,2005-07-27,EXPIRED_NO_BREAKOUT,,48.5,64.75,0.33505154639175255,60
AHTM,62,2005-09-30,REJECTED_INSUFFICIENT_TOUCHES,,61.75,52.0,0.15789473684210525,7594
AHTM,84,2006-01-02,EXPIRED_NO_BREAKOUT,,48.5,52.0,0.07216494845360824,60
AHTM,102,2006-03-03,EXPIRED_NO_BREAKOUT,,43.0,65.0,0.5116279069767442,60
AHTM,120,2006-06-12,EXPIRED_NO_BREAKOUT,,43.0,57.2,0.33023255813953495,60
AHTM,133,2006-08-21,VALID,down,48.5,65.0,0.3402061855670103,24
AHTM,142,2006-09-29,REJECTED_INSUFFICIENT_TOUCHES,,48.5,51.0,0.05154639175257732,7230
AHTM,154,2007-01-03,VALID,down,49.4,65.0,0.31578947368421056,35
AHTM,166,2007-02-06,VALID,down,43.0,52.25,0.21511627906976744,24
AHTM,176,2007-03-16,EXPIRED_NO_BREAKOUT,,40.25,65.0,0.6149068322981367,60
AHTM,186,2007-05-04,VALID,down,41.025,65.0,0.5843997562461914,32
AHTM,198,2007-09-07,VALID,down,43.0,65.0,0.5116279069767442,34
AHTM,210,2007-11-16,VALID,down,43.0,47.0,0.09302325581395349,54
AHTM,221,2008-12-15,REJECTED_HEIGHT_FLOOR,,43.0,43.05,0.0011627906976743525,0
AHTM,230,2009-05-22,REJECTED_INSUFFICIENT_TOUCHES,,28.06,52.0,0.8531717747683536,6264
AHTM,240,2009-08-04,REJECTED_INSUFFICIENT_TOUCHES,,48.5,30.39,0.3734020618556701,6190
AHTM,260,2009-11-05,REJECTED_INSUFFICIENT_TOUCHES,,13.05,52.0,2.9846743295019156,6097
AHTM,279,2010-01-14,REJECTED_TOO_SHORT,,43.0,19.01,0.557906976744186,4
AHTM,289,2010-02-19,VALID,down,43.0,19.5,0.5465116279069767,1014
AHTM,305,2010-04-16,REJECTED_TOO_SHORT,,43.0,23.0,0.46511627906976744,0
AHTM,322,2010-06-30,REJECTED_INSUFFICIENT_TOUCHES,,48.5,24.8,0.488659793814433,5860
AHTM,355,2012-10-19,REJECTED_INSUFFICIENT_TOUCHES,,48.5,15.0,0.6907216494845361,5018
AHTM,365,2012-11-30,REJECTED_INSUFFICIENT_TOUCHES,,16.6,52.0,2.1325301204819276,4976
AHTM,377,2013-04-09,EXPIRED_NO_BREAKOUT,,17.75,65.0,2.6619718309859155,60
AHTM,385,2013-05-20,REJECTED_TOO_SHORT,,43.0,19.5,0.5465116279069767,0
AHTM,410,2013-10-09,REJECTED_INSUFFICIENT_TOUCHES,,16.0,52.0,2.25,4663
AHTM,433,2014-01-02,REJECTED_TOO_SHORT,,43.0,34.8,0.19069767441860472,0
AHTM,466,2014-09-15,REJECTED_INSUFFICIENT_TOUCHES,,20.8,52.0,1.5,4322
AHTM,478,2014-12-16,EXPIRED_NO_BREAKOUT,,25.0,65.0,1.6,60
AHTM,497,2015-07-30,REJECTED_TOO_SHORT,,43.0,31.87,0.25883720930232557,0
AHTM,514,2017-02-09,EXPIRED_NO_BREAKOUT,,23.89,65.0,1.7208036835496023,60
AHTM,524,2017-10-10,REJECTED_INSUFFICIENT_TOUCHES,,48.5,29.73,0.3870103092783505,3201
AHTM,533,2018-02-22,REJECTED_INSUFFICIENT_TOUCHES,,30.0,52.0,0.7333333333333333,3066
AHTM,551,2020-08-07,EXPIRED_NO_BREAKOUT,,43.0,48.9,0.13720930232558137,60
AHTM,558,2020-09-28,EXPIRED_NO_BREAKOUT,,43.0,49.45,0.15000000000000008,60
AHTM,587,2022-05-16,EXPIRED_NO_BREAKOUT,,45.38,52.0,0.1458792419568091,60
AHTM,596,2023-01-30,EXPIRED_NO_BREAKOUT,,43.0,57.9,0.3465116279069767,60
AHTM,614,2024-05-06,EXPIRED_NO_BREAKOUT,,43.0,68.88,0.601860465116279,60
AHTM,667,2025-02-28,REJECTED_TOO_SHORT,,48.55,52.0,0.07106076210092695,0
AHTM,700,2025-08-11,REJECTED_INSUFFICIENT_TOUCHES,,48.5,88.0,0.8144329896907216,339
AHTM,730,2025-10-06,EXPIRED_NO_BREAKOUT,,48.5,99.0,1.041237113402062,60
AHTM,753,2025-11-07,REJECTED_INSUFFICIENT_TOUCHES,,48.5,103.0,1.1237113402061856,251
AHTM,777,2025-12-16,EXPIRED_NO_BREAKOUT,,48.5,106.48,1.1954639175257733,60
AHTM,826,2026-02-27,REJECTED_INSUFFICIENT_TOUCHES,,48.5,134.15,1.7659793814432991,139
AHTM,860,2026-04-22,REJECTED_INSUFFICIENT_TOUCHES,,68.27,52.0,0.23831844148234946,85
AHTM,886,2026-06-08,REJECTED_TOO_SHORT,,76.0,52.0,0.3157894736842105,0
AICL,7,2005-01-12,EXPIRED_NO_BREAKOUT,,66.9,80.25,0.19955156950672637,60
AICL,18,2005-01-31,REJECTED_HEIGHT_FLOOR,,73.0,71.75,0.017123287671232876,130
AICL,34,2005-02-22,VALID,down,371.0,86.85,0.7659029649595687,1506
AICL,46,2005-03-10,REJECTED_HEIGHT_FLOOR,,74.95,71.75,0.04269513008672452,92
AICL,60,2005-03-31,EXPIRED_NO_BREAKOUT,,66.95,85.0,0.2696041822255414,60
AICL,74,2005-04-20,EXPIRED_NO_BREAKOUT,,66.6,71.75,0.07732732732732742,60
AICL,84,2005-05-05,REJECTED_TOO_SHORT,,66.9,71.75,0.07249626307922263,18
AICL,110,2005-06-10,VALID,up,66.95,71.7,0.07094846900672143,28
AICL,121,2005-06-27,REJECTED_TOO_SHORT,,65.25,71.75,0.09961685823754789,11
AICL,138,2005-07-20,REJECTED_HEIGHT_FLOOR,,72.0,71.75,0.003472222222222222,0
AICL,149,2005-08-04,VALID,up,72.25,85.0,0.17647058823529413,32
AICL,165,2005-08-29,REJECTED_TOO_SHORT,,76.5,82.0,0.0718954248366013,4
AICL,186,2005-09-27,REJECTED_TOO_SHORT,,113.0,82.0,0.2743362831858407,0
AICL,195,2005-10-10,VALID,up,72.25,121.25,0.6782006920415224,28
AICL,204,2005-10-21,VALID,up,109.25,82.0,0.2494279176201373,222
AICL,222,2005-11-23,REJECTED_INSUFFICIENT_TOUCHES,,38.125,147.5,2.8688524590163933,7540
AICL,232,2005-12-07,REJECTED_INSUFFICIENT_TOUCHES,,38.125,153.0,3.0131147540983605,7526
AICL,264,2006-01-26,VALID,up,159.05,82.0,0.48443885570575296,33
AICL,279,2006-02-20,VALID,up,72.25,179.0,1.4775086505190311,60
AICL,285,2006-02-28,REJECTED_TOO_SHORT,,161.0,82.0,0.4906832298136646,0
AICL,303,2006-03-27,REJECTED_HEIGHT_FLOOR,,140.05,132.9,0.05105319528739739,154
AICL,321,2006-04-24,EXPIRED_NO_BREAKOUT,,72.25,187.8,1.5993079584775087,60
AICL,343,2006-05-25,REJECTED_INSUFFICIENT_TOUCHES,,38.125,142.35,2.7337704918032784,7357
AICL,358,2006-06-15,VALID,up,98.0,87.62,0.10591836734693873,1141
AICL,369,2006-06-30,REJECTED_TOO_SHORT,,72.25,126.0,0.7439446366782007,20
AICL,376,2006-07-11,REJECTED_TOO_SHORT,,109.0,132.9,0.2192660550458716,13
AICL,404,2006-08-21,VALID,up,136.8,169.5,0.23903508771929816,70
AICL,416,2006-09-06,VALID,up,136.8,157.7,0.1527777777777776,41
AICL,425,2006-09-19,REJECTED_TOO_SHORT,,146.6,132.9,0.09345156889495218,0
AICL,439,2006-10-09,REJECTED_TOO_SHORT,,136.8,161.4,0.17982456140350872,9
AICL,457,2006-11-13,REJECTED_TOO_SHORT,,161.0,132.9,0.17453416149068318,0
AICL,475,2006-12-07,VALID,up,136.8,162.825,0.19024122807017527,46
AICL,495,2007-01-09,REJECTED_INSUFFICIENT_TOUCHES,,150.55,57.1,0.6207240119561608,7128
AICL,522,2007-02-20,REJECTED_INSUFFICIENT_TOUCHES,,38.125,205.9,4.400655737704918,7086
AICL,537,2007-03-13,REJECTED_TOO_SHORT,,136.8,193.2,0.41228070175438575,14
AICL,552,2007-04-04,REJECTED_INSUFFICIENT_TOUCHES,,194.05,57.1,0.7057459417675858,7043
AICL,576,2007-05-09,REJECTED_INSUFFICIENT_TOUCHES,,38.125,271.8,6.129180327868853,7008
AICL,604,2007-06-18,REJECTED_TOO_SHORT,,287.5,132.9,0.5377391304347826,4
AICL,619,2007-07-09,EXPIRED_NO_BREAKOUT,,136.8,322.25,1.3556286549707601,60
AICL,632,2007-07-26,VALID,down,371.0,310.5,0.16307277628032346,319
AICL,652,2007-08-24,REJECTED_TOO_SHORT,,240.5,132.9,0.44740124740124737,0
AICL,679,2007-10-02,EXPIRED_NO_BREAKOUT,,136.8,381.3,1.787280701754386,60
AICL,689,2007-10-22,REJECTED_INSUFFICIENT_TOUCHES,,38.125,430.9,10.302295081967213,6842
AICL,705,2007-11-14,REJECTED_INSUFFICIENT_TOUCHES,,38.125,372.8,8.778360655737705,6819
AICL,717,2007-11-30,REJECTED_TOO_SHORT,,136.8,379.95,1.777412280701754,11
AICL,725,2007-12-12,REJECTED_TOO_SHORT,,371.0,132.9,0.6417789757412399,0
AICL,737,2008-01-03,REJECTED_INSUFFICIENT_TOUCHES,,321.0,57.1,0.8221183800623052,6769
AICL,748,2008-01-18,REJECTED_INSUFFICIENT_TOUCHES,,313.25,57.1,0.8177174780526735,6754
AICL,772,2008-02-25,VALID,down,371.0,421.9,0.13719676549865223,59
AICL,788,2008-03-18,REJECTED_TOO_SHORT,,363.85,132.9,0.6347395904905868,0
AICL,804,2008-04-10,REJECTED_TOO_SHORT,,370.75,132.9,0.6415374241402563,0
AICL,819,2008-05-05,REJECTED_HEIGHT_FLOOR,,371.0,380.0,0.02425876010781671,0
AICL,839,2008-06-02,REJECTED_TOO_SHORT,,249.0,132.9,0.4662650602409638,10
AICL,851,2008-06-18,REJECTED_TOO_SHORT,,371.0,286.49,0.2277897574123989,7
AICL,874,2008-07-22,REJECTED_INSUFFICIENT_TOUCHES,,191.0,57.1,0.7010471204188482,6568
AICL,895,2008-08-21,REJECTED_TOO_SHORT,,371.0,241.5,0.3490566037735849,0
AICL,944,2009-02-13,EXPIRED_NO_BREAKOUT,,48.15,132.9,1.7601246105919004,60
AICL,960,2009-03-09,EXPIRED_NO_BREAKOUT,,48.0,132.9,1.76875,60
AICL,980,2009-04-08,REJECTED_TOO_SHORT,,371.0,88.0,0.7628032345013477,0
AICL,990,2009-04-22,EXPIRED_NO_BREAKOUT,,66.95,96.5,0.4413741598207617,60
AICL,1022,2009-06-08,VALID,up,75.48,87.62,0.16083730789613143,24
AICL,1032,2009-06-22,REJECTED_TOO_SHORT,,67.0,87.24,0.3020895522388059,10
AICL,1046,2009-07-10,EXPIRED_NO_BREAKOUT,,86.8,122.86,0.41543778801843323,60
AICL,1058,2009-07-28,EXPIRED_NO_BREAKOUT,,66.85,110.5,0.6529543754674646,60
AICL,1065,2009-08-06,REJECTED_TOO_SHORT,,98.405,87.62,0.10959808952797111,0
AICL,1077,2009-08-25,EXPIRED_NO_BREAKOUT,,66.85,104.0,0.555721765145849,60
AICL,1097,2009-09-25,VALID,up,67.0,122.64,0.8304477611940299,34
AICL,1110,2009-10-14,REJECTED_TOO_SHORT,,67.0,122.52000000000001,0.8286567164179106,15
AICL,1128,2009-11-10,REJECTED_TOO_SHORT,,110.37,122.64,0.11117151399836908,6
AICL,1152,2009-12-16,REJECTED_TOO_SHORT,,109.375,123.5,0.12914285714285714,6
AICL,1180,2010-01-28,VALID,up,113.3,122.86,0.08437775816416596,22
AICL,1196,2010-02-22,VALID,down,113.15,128.525,0.13588157313300928,59
AICL,1213,2010-03-17,REJECTED_HEIGHT_FLOOR,,124.11,122.86,0.010071710579324792,0
AICL,1225,2010-04-05,REJECTED_TOO_SHORT,,113.15,129.2,0.1418471056120193,17
AICL,1248,2010-05-06,REJECTED_HEIGHT_FLOOR,,113.15,107.25,0.05214317277949629,0
AICL,1276,2010-06-15,EXPIRED_NO_BREAKOUT,,80.1,122.86,0.5338327091136081,60
AICL,1291,2010-07-06,VALID,down,76.95,122.86,0.5966211825860948,42
AICL,1306,2010-07-27,REJECTED_TOO_SHORT,,84.87,122.86,0.4476257806056321,13
AICL,1312,2010-08-04,REJECTED_TOO_SHORT,,113.15,89.5,0.2090145824127265,0
AICL,1333,2010-09-02,REJECTED_HEIGHT_FLOOR,,67.0,67.75,0.011194029850746268,258
AICL,1355,2010-10-06,EXPIRED_NO_BREAKOUT,,63.05,122.86,0.9486122125297384,60
AICL,1379,2010-11-10,VALID,up,66.95,84.45,0.26138909634055263,33
AICL,1389,2010-11-29,EXPIRED_NO_BREAKOUT,,79.25,122.86,0.5502839116719243,60
AICL,1411,2010-12-31,REJECTED_TOO_SHORT,,66.95,89.5,0.33681852128454065,11
AICL,1425,2011-01-20,REJECTED_TOO_SHORT,,90.0,122.86,0.3651111111111111,13
AICL,1438,2011-02-08,EXPIRED_NO_BREAKOUT,,66.95,92.5,0.3816280806572068,60
AICL,1464,2011-03-17,VALID,down,67.0,82.15,0.2261194029850747,48
AICL,1477,2011-04-06,VALID,down,68.10499999999999,122.86,0.8039791498421558,27
AICL,1489,2011-04-22,REJECTED_TOO_SHORT,,67.0,71.9,0.07313432835820904,12
AICL,1501,2011-05-10,REJECTED_HEIGHT_FLOOR,,67.0,69.4,0.035820895522388145,0
AICL,1515,2011-05-30,REJECTED_HEIGHT_FLOOR,,67.0,69.9,0.043283582089552325,0
AICL,1531,2011-06-21,VALID,down,63.635,122.86,0.9306985149681779,29
AICL,1540,2011-07-04,REJECTED_TOO_SHORT,,63.97,122.86,0.9205877755197749,14
AICL,1567,2011-08-10,EXPIRED_NO_BREAKOUT,,45.0,122.86,1.730222222222222,60
AICL,1582,2011-09-06,REJECTED_TOO_SHORT,,67.0,51.4,0.2328358208955224,0
AICL,1593,2011-09-21,VALID,down,48.25,122.86,1.546321243523316,43
AICL,1603,2011-10-05,REJECTED_TOO_SHORT,,67.0,54.96,0.1797014925373134,0
AICL,1612,2011-10-18,VALID,down,67.0,53.49,0.2016417910447761,98
AICL,1624,2011-11-04,EXPIRED_NO_BREAKOUT,,46.75,71.985,0.5397860962566845,60
AICL,1641,2011-12-07,EXPIRED_NO_BREAKOUT,,40.11,57.1,0.42358514086262783,60
AICL,1663,2012-01-06,REJECTED_TOO_SHORT,,67.0,49.21,0.26552238805970146,0
AICL,1680,2012-01-31,EXPIRED_NO_BREAKOUT,,48.185,122.86,1.5497561481788937,60
AICL,1696,2012-02-22,REJECTED_TOO_SHORT,,48.25,55.0,0.13989637305699482,12
AICL,1708,2012-03-09,VALID,up,48.25,59.4,0.2310880829015544,33
AICL,1722,2012-03-30,REJECTED_TOO_SHORT,,48.25,59.15,0.2259067357512953,12
AICL,1739,2012-04-24,VALID,down,66.9,81.5,0.21823617339312396,44
AICL,1755,2012-05-17,VALID,down,66.655,71.9,0.07868877053484366,21
AICL,1765,2012-05-31,REJECTED_TOO_SHORT,,66.85,71.9,0.07554225878833226,7
AICL,1777,2012-06-18,REJECTED_HEIGHT_FLOOR,,66.9,68.42,0.022720478325859432,0
AICL,1793,2012-07-10,REJECTED_HEIGHT_FLOOR,,66.9,64.1,0.04185351270553081,0
AICL,1803,2012-07-24,REJECTED_TOO_SHORT,,65.15,71.9,0.10360706062931695,6
AICL,1815,2012-08-09,REJECTED_HEIGHT_FLOOR,,66.9,69.7,0.041853512705530595,0
AICL,1825,2012-08-30,EXPIRED_NO_BREAKOUT,,62.0,71.9,0.1596774193548388,60
AICL,1835,2012-09-13,EXPIRED_NO_BREAKOUT,,62.05,71.9,0.15874294923448845,60
AICL,1843,2012-09-26,EXPIRED_NO_BREAKOUT,,62.1,71.94,0.15845410628019319,60
AICL,1864,2012-10-25,REJECTED_HEIGHT_FLOOR,,66.9,65.44999999999999,0.02167414050822148,0
AICL,1875,2012-11-14,REJECTED_TOO_SHORT,,63.7,71.94,0.1293563579277864,15
AICL,1891,2012-12-06,VALID,down,66.9,74.34,0.11121076233183852,27
AICL,1910,2013-01-03,REJECTED_TOO_SHORT,,63.3,71.98,0.13712480252764625,12
AICL,1925,2013-01-24,VALID,up,66.9,71.885,0.07451420029895364,34
AICL,1936,2013-02-12,REJECTED_TOO_SHORT,,66.9,71.99,0.0760837070254109,15
AICL,1955,2013-03-11,REJECTED_HEIGHT_FLOOR,,68.5,71.985,0.05087591240875912,0
AICL,1965,2013-03-25,REJECTED_TOO_SHORT,,66.55,71.985,0.08166791885800154,9
AICL,1977,2013-04-10,REJECTED_TOO_SHORT,,66.85,76.4,0.14285714285714304,14
AICL,1991,2013-04-30,REJECTED_HEIGHT_FLOOR,,76.5,71.985,0.05901960784313726,0
AICL,2006,2013-05-22,REJECTED_TOO_SHORT,,66.85,85.0,0.27150336574420353,9
AICL,2019,2013-06-10,REJECTED_TOO_SHORT,,83.05,71.985,0.1332329921733895,0
AICL,2040,2013-07-09,REJECTED_TOO_SHORT,,66.85,87.5,0.30890052356020953,6
AICL,2062,2013-08-13,EXPIRED_NO_BREAKOUT,,66.85,95.8,0.43305908750934935,60
AICL,2068,2013-08-22,REJECTED_TOO_SHORT,,84.87,71.985,0.1518204312477908,0
AICL,2083,2013-09-12,EXPIRED_NO_BREAKOUT,,66.85,85.0,0.27150336574420353,60
AICL,2096,2013-10-01,REJECTED_HEIGHT_FLOOR,,72.35,71.985,0.005044920525224532,0
AICL,2116,2013-11-04,REJECTED_HEIGHT_FLOOR,,70.025,71.985,0.027990003570153424,0
AICL,2141,2013-12-11,EXPIRED_NO_BREAKOUT,,37.0,71.985,0.9455405405405405,60
AICL,2163,2014-01-13,EXPIRED_NO_BREAKOUT,,36.85,71.985,0.9534599728629578,60
AICL,2177,2014-02-03,REJECTED_TOO_SHORT,,66.85,40.6,0.39267015706806274,0
AICL,2187,2014-02-18,EXPIRED_NO_BREAKOUT,,38.19,71.985,0.8849175176747841,60
AICL,2203,2014-03-12,REJECTED_TOO_SHORT,,66.85,46.35,0.30665669409124896,8
AICL,2215,2014-03-28,VALID,down,66.85,47.69,0.2866118175018698,48
AICL,2240,2014-05-05,REJECTED_TOO_SHORT,,66.85,50.3,0.2475691847419596,0
AICL,2253,2014-05-22,REJECTED_TOO_SHORT,,66.85,48.75,0.27075542258788327,0
AICL,2261,2014-06-03,REJECTED_TOO_SHORT,,45.925,71.985,0.5674469243331519,16
AICL,2289,2014-07-11,VALID,down,46.144999999999996,71.985,0.5599739950157114,31
AICL,2312,2014-08-21,REJECTED_TOO_SHORT,,66.85,50.875,0.23896783844427816,0
AICL,2322,2014-09-04,REJECTED_TOO_SHORT,,66.85,48.25,0.27823485415108445,0
AICL,2332,2014-09-18,VALID,down,46.5,71.985,0.5480645161290323,33
AICL,2341,2014-10-01,REJECTED_TOO_SHORT,,66.85,48.120000000000005,0.2801795063575167,0
AICL,2357,2014-10-28,REJECTED_TOO_SHORT,,66.85,46.89,0.2985789080029917,0
AICL,2370,2014-11-18,REJECTED_TOO_SHORT,,66.85,50.2,0.24906507105459974,0
AICL,2384,2014-12-08,REJECTED_TOO_SHORT,,66.85,53.55,0.19895287958115182,0
AICL,2398,2014-12-29,EXPIRED_NO_BREAKOUT,,48.71,71.985,0.47782796140422906,60
AICL,2411,2015-01-15,REJECTED_TOO_SHORT,,66.85,53.8,0.1952131637995512,0
AICL,2427,2015-02-09,REJECTED_TOO_SHORT,,66.85,57.1,0.14584891548242324,0
AICL,2443,2015-03-03,REJECTED_TOO_SHORT,,50.26,71.985,0.43225228810187033,8
AICL,2466,2015-04-06,REJECTED_TOO_SHORT,,66.85,48.14,0.2798803290949887,0
AICL,2475,2015-04-17,REJECTED_TOO_SHORT,,66.85,48.120000000000005,0.2801795063575167,0
AICL,2486,2015-05-05,REJECTED_TOO_SHORT,,45.0,71.985,0.5996666666666667,6
AICL,2500,2015-05-25,REJECTED_TOO_SHORT,,66.85,46.045,0.3112191473448017,0
AICL,2510,2015-06-08,EXPIRED_NO_BREAKOUT,,43.85,71.985,0.641619156214367,60
AICL,2526,2015-06-30,EXPIRED_NO_BREAKOUT,,47.35,71.985,0.5202745512143611,60
AICL,2545,2015-07-30,REJECTED_TOO_SHORT,,66.85,57.1,0.14584891548242324,0
AICL,2558,2015-08-19,REJECTED_TOO_SHORT,,66.85,60.85,0.08975317875841426,0
AICL,2571,2015-09-07,EXPIRED_NO_BREAKOUT,,52.01,71.985,0.38406075754662566,60
AICL,2582,2015-09-22,REJECTED_TOO_SHORT,,66.85,55.65,0.16753926701570676,0
AICL,2593,2015-10-09,REJECTED_TOO_SHORT,,66.85,56.93,0.14839192221391168,0
AICL,2609,2015-11-03,EXPIRED_NO_BREAKOUT,,55.91,71.985,0.2875156501520301,60
AICL,2619,2015-11-17,REJECTED_TOO_SHORT,,66.85,58.4,0.12640239341810017,0
AICL,2635,2015-12-09,REJECTED_TOO_SHORT,,66.85,58.9,0.11892296185489898,0
AICL,2646,2015-12-28,REJECTED_TOO_SHORT,,66.85,58.22,0.1290949887808526,0
AICL,2655,2016-01-08,REJECTED_TOO_SHORT,,66.85,58.39,0.12655198204936416,0
AICL,2668,2016-01-27,REJECTED_TOO_SHORT,,66.85,56.9,0.14884068810770376,0
AICL,2685,2016-02-22,REJECTED_TOO_SHORT,,66.85,55.5,0.1697830964846671,0
AICL,2699,2016-03-11,REJECTED_TOO_SHORT,,66.85,54.85,0.17950635751682864,0
AICL,2712,2016-03-31,EXPIRED_NO_BREAKOUT,,53.2,57.08,0.07293233082706758,60
AICL,2722,2016-04-14,VALID,down,54.0,57.08,0.057037037037037004,47
AICL,2737,2016-05-05,REJECTED_TOO_SHORT,,66.85,57.165,0.1448765893792071,0
AICL,2758,2016-06-03,REJECTED_TOO_SHORT,,66.85,54.555,0.18391922213911735,0
AICL,2774,2016-06-27,EXPIRED_NO_BREAKOUT,,46.650000000000006,57.08,0.22357984994640925,60
AICL,2787,2016-07-21,REJECTED_TOO_SHORT,,66.85,52.59,0.213313388182498,0
AICL,2803,2016-08-12,REJECTED_TOO_SHORT,,51.485,57.08,0.10867242886277555,12
AICL,2814,2016-08-29,REJECTED_TOO_SHORT,,66.85,52.65,0.21241585639491395,0
AICL,2828,2016-09-21,VALID,up,51.52,57.1,0.10830745341614903,48
AICL,2841,2016-10-10,REJECTED_HEIGHT_FLOOR,,55.55,57.1,0.02790279027902798,0
AICL,2850,2016-10-25,REJECTED_TOO_SHORT,,51.56,57.1,0.10744763382467026,14
AICL,2872,2016-11-24,REJECTED_HEIGHT_FLOOR,,57.7,57.1,0.010398613518197597,0
AICL,2882,2016-12-08,REJECTED_TOO_SHORT,,51.52,68.85,0.33637422360248426,11
AICL,2898,2017-01-02,REJECTED_TOO_SHORT,,72.5,57.1,0.21241379310344827,0
AICL,2909,2017-01-17,REJECTED_TOO_SHORT,,72.35,57.1,0.21078092605390455,0
AICL,2922,2017-02-03,VALID,up,51.52,76.275,0.48049301242236025,33
AICL,2933,2017-02-20,REJECTED_TOO_SHORT,,72.33,57.1,0.21056269874187747,0
AICL,2949,2017-03-14,REJECTED_TOO_SHORT,,74.2,57.1,0.23045822102425878,0
AICL,2959,2017-03-29,VALID,up,72.32499999999999,78.4,0.0839958520566888,43
AICL,2974,2017-04-19,REJECTED_TOO_SHORT,,66.3,57.1,0.13876319758672695,0
AICL,2991,2017-05-15,VALID,down,72.32499999999999,82.25,0.13722779122018683,28
AICL,3005,2017-06-02,REJECTED_TOO_SHORT,,73.0,57.1,0.21780821917808219,0
AICL,3018,2017-06-21,REJECTED_TOO_SHORT,,68.1,57.1,0.16152716593245217,0
AICL,3034,2017-07-19,REJECTED_HEIGHT_FLOOR,,72.32499999999999,71.75,0.007950224680262546,0
AICL,3045,2017-08-03,REJECTED_TOO_SHORT,,66.85,74.5,0.1144353029169784,18
AICL,3066,2017-09-06,REJECTED_TOO_SHORT,,66.85,62.23,0.06910994764397903,0
AICL,3079,2017-09-25,REJECTED_HEIGHT_FLOOR,,66.85,64.9,0.0291697830964845,0
AICL,3093,2017-10-13,REJECTED_HEIGHT_FLOOR,,55.375,57.1,0.03115124153498874,0
AICL,3107,2017-11-03,REJECTED_TOO_SHORT,,66.85,58.394999999999996,0.12647718773373223,0
AICL,3128,2017-12-05,REJECTED_TOO_SHORT,,66.85,54.504999999999995,0.18466716529543756,0
AICL,3144,2017-12-29,REJECTED_TOO_SHORT,,66.85,54.0,0.1922213911742707,0
AICL,3160,2018-01-22,REJECTED_TOO_SHORT,,66.85,58.5,0.1249065071054599,0
AICL,3169,2018-02-06,REJECTED_HEIGHT_FLOOR,,57.0,57.1,0.0017543859649123057,0
AICL,3182,2018-02-23,REJECTED_TOO_SHORT,,66.85,58.47,0.125355272999252,0
AICL,3201,2018-03-22,REJECTED_TOO_SHORT,,52.0,57.1,0.0980769230769231,8
AICL,3225,2018-04-26,REJECTED_TOO_SHORT,,66.85,58.5,0.1249065071054599,0
AICL,3240,2018-05-23,REJECTED_TOO_SHORT,,66.85,52.9,0.20867614061331335,0
AICL,3256,2018-06-19,REJECTED_TOO_SHORT,,66.85,51.75,0.22587883320867608,0
AICL,3276,2018-07-17,EXPIRED_NO_BREAKOUT,,44.11,57.1,0.29449104511448654,60
AICL,3301,2018-08-28,REJECTED_TOO_SHORT,,66.85,48.95,0.2677636499626027,0
AICL,3317,2018-09-24,REJECTED_TOO_SHORT,,44.0,57.1,0.2977272727272728,10
AICL,3335,2018-10-18,REJECTED_HEIGHT_FLOOR,,43.85,42.01,0.04196123147092368,60
AICL,3350,2018-11-08,VALID,down,43.81,57.1,0.30335539831088787,28
AICL,3360,2018-11-23,REJECTED_TOO_SHORT,,43.85,47.0,0.07183580387685287,13
AICL,3376,2018-12-17,REJECTED_HEIGHT_FLOOR,,43.85,41.8,0.04675028506271389,0
AICL,3384,2018-12-28,EXPIRED_NO_BREAKOUT,,39.6,57.1,0.4419191919191919,60
AICL,3400,2019-01-22,VALID,down,42.5,57.1,0.3435294117647059,56
AICL,3417,2019-02-15,VALID,down,43.85,47.69,0.08757126567844917,24
AICL,3429,2019-03-05,REJECTED_HEIGHT_FLOOR,,43.85,46.09,0.05108323831242878,0
AICL,3451,2019-04-08,REJECTED_TOO_SHORT,,37.5,57.1,0.5226666666666667,15
AICL,3464,2019-04-25,VALID,down,35.98,57.1,0.5869927737632019,22
AICL,3475,2019-05-13,VALID,down,35.0,57.1,0.6314285714285715,59
AICL,3491,2019-06-11,EXPIRED_NO_BREAKOUT,,32.0,57.1,0.784375,60
AICL,3504,2019-06-28,EXPIRED_NO_BREAKOUT,,34.26,57.1,0.6666666666666669,60
AICL,3519,2019-07-24,VALID,down,43.85,32.8,0.25199543899657934,1009
AICL,3538,2019-08-27,EXPIRED_NO_BREAKOUT,,27.0,57.1,1.114814814814815,60
AICL,3558,2019-09-27,EXPIRED_NO_BREAKOUT,,26.0,57.1,1.1961538461538461,60
AICL,3569,2019-10-14,VALID,down,43.85,31.89,0.27274800456100345,990
AICL,3590,2019-11-13,REJECTED_TOO_SHORT,,43.85,38.2,0.12884834663625994,0
AICL,3614,2019-12-17,REJECTED_HEIGHT_FLOOR,,43.85,46.045,0.05005701254275941,0
AICL,3625,2020-01-02,REJECTED_HEIGHT_FLOOR,,43.85,44.625,0.01767388825541616,0
AICL,3639,2020-01-22,REJECTED_TOO_SHORT,,43.8,57.1,0.3036529680365298,7
AICL,3655,2020-02-14,REJECTED_HEIGHT_FLOOR,,43.83,43.495000000000005,0.007643166780743641,0
AICL,3671,2020-03-11,REJECTED_HEIGHT_FLOOR,,43.83,43.215,0.014031485284051903,0
AICL,3694,2020-04-14,EXPIRED_NO_BREAKOUT,,31.01,57.1,0.8413415027410512,60
AICL,3707,2020-05-04,REJECTED_TOO_SHORT,,43.83,34.0,0.22427561031257126,14
AICL,3717,2020-05-18,REJECTED_TOO_SHORT,,43.83,33.9,0.2265571526351814,0
AICL,3729,2020-06-09,REJECTED_TOO_SHORT,,43.83,34.0,0.22427561031257126,0
AICL,3736,2020-06-18,REJECTED_TOO_SHORT,,43.83,34.49,0.2130960529317818,0
AICL,3745,2020-07-01,EXPIRED_NO_BREAKOUT,,31.99,57.1,0.7849327914973431,60
AICL,3762,2020-07-24,EXPIRED_NO_BREAKOUT,,36.85,57.1,0.5495251017639077,60
AICL,3780,2020-08-21,VALID,down,39.76,57.1,0.43611670020120735,45
AICL,3795,2020-09-11,REJECTED_HEIGHT_FLOOR,,43.83,46.3,0.05635409536846906,0
AICL,3812,2020-10-06,VALID,down,38.15,57.1,0.4967234600262124,27
AICL,3825,2020-10-23,REJECTED_HEIGHT_FLOOR,,43.83,41.9,0.044033766826374623,0
AICL,3836,2020-11-10,REJECTED_TOO_SHORT,,43.83,39.38,0.10152863335614866,0
AICL,3855,2020-12-07,REJECTED_TOO_SHORT,,43.83,39.66,0.09514031485284057,0
AICL,3869,2020-12-28,REJECTED_TOO_SHORT,,43.83,39.75,0.0930869267624914,0
AICL,3880,2021-01-12,VALID,down,43.0,57.1,0.32790697674418606,43
AICL,3887,2021-01-21,REJECTED_HEIGHT_FLOOR,,43.83,46.24,0.054985169974903124,0
AICL,3898,2021-02-08,REJECTED_TOO_SHORT,,43.85,46.85,0.06841505131128849,15
AICL,3908,2021-02-22,REJECTED_HEIGHT_FLOOR,,43.85,45.120000000000005,0.028962371721778863,0
AICL,3919,2021-03-09,EXPIRED_NO_BREAKOUT,,38.75,57.1,0.4735483870967742,60
AICL,3940,2021-04-08,REJECTED_HEIGHT_FLOOR,,43.85,41.870000000000005,0.04515393386545033,0
AICL,3951,2021-04-23,EXPIRED_NO_BREAKOUT,,38.015,57.1,0.5020386689464685,60
AICL,3962,2021-05-19,EXPIRED_NO_BREAKOUT,,38.015,57.1,0.5020386689464685,60
AICL,3974,2021-06-04,REJECTED_TOO_SHORT,,43.85,41.0,0.06499429874572409,0
AICL,3992,2021-06-30,REJECTED_HEIGHT_FLOOR,,43.85,43.165,0.015621436716077589,0
AICL,4010,2021-07-29,VALID,down,39.325,57.1,0.4520025429116338,55
AICL,4023,2021-08-17,REJECTED_HEIGHT_FLOOR,,43.85,42.275000000000006,0.03591790193842635,0
AICL,4053,2021-09-30,REJECTED_TOO_SHORT,,34.25,57.1,0.6671532846715329,11
AICL,4073,2021-10-29,REJECTED_HEIGHT_FLOOR,,43.85,41.5,0.05359179019384268,0
AICL,4087,2021-11-18,EXPIRED_NO_BREAKOUT,,37.0,57.1,0.5432432432432432,60
AICL,4094,2021-11-29,REJECTED_TOO_SHORT,,43.85,39.894999999999996,0.0901938426453821,0
AICL,4105,2021-12-15,REJECTED_TOO_SHORT,,43.85,39.78,0.09281641961231471,0
AICL,4109,2021-12-21,EXPIRED_NO_BREAKOUT,,37.5,57.1,0.5226666666666667,60
AICL,4126,2022-01-14,REJECTED_HEIGHT_FLOOR,,43.85,41.8,0.04675028506271389,0
AICL,4134,2022-01-27,REJECTED_HEIGHT_FLOOR,,43.85,41.925,0.04389965792474354,0
AICL,4146,2022-02-14,REJECTED_TOO_SHORT,,37.5,57.1,0.5226666666666667,9
AICL,4161,2022-03-07,REJECTED_TOO_SHORT,,43.85,38.03,0.13272519954389966,0
AICL,4179,2022-04-01,REJECTED_TOO_SHORT,,43.85,33.97,0.2253135689851768,0
AICL,4192,2022-04-20,VALID,down,31.0,57.1,0.8419354838709678,35
AICL,4200,2022-05-09,VALID,down,30.0,57.1,0.9033333333333334,35
AICL,4217,2022-06-01,REJECTED_TOO_SHORT,,43.85,32.8,0.25199543899657934,0
AICL,4233,2022-06-23,REJECTED_TOO_SHORT,,43.85,32.739999999999995,0.25336374002280515,0
AICL,4244,2022-07-13,REJECTED_TOO_SHORT,,43.85,32.894999999999996,0.2498289623717219,0
AICL,4255,2022-07-29,REJECTED_TOO_SHORT,,43.85,32.95,0.2485746864310148,0
AICL,4268,2022-08-19,REJECTED_TOO_SHORT,,43.85,33.94,0.2259977194982897,0
AICL,4283,2022-09-09,REJECTED_TOO_SHORT,,43.85,32.0,0.27023945267958954,0
AICL,4291,2022-09-21,VALID,down,29.2,57.1,0.9554794520547946,43
AICL,4303,2022-10-07,VALID,down,29.53,57.1,0.9336268201828648,27
AICL,4313,2022-10-21,REJECTED_TOO_SHORT,,29.0,57.1,0.9689655172413794,13
AICL,4327,2022-11-11,VALID,down,43.85,29.88,0.31858608893956675,21
AICL,4335,2022-11-23,REJECTED_TOO_SHORT,,28.42,57.1,1.0091484869809992,16
AICL,4349,2022-12-15,REJECTED_TOO_SHORT,,43.85,28.9,0.34093500570125435,0
AICL,4359,2022-12-29,EXPIRED_NO_BREAKOUT,,26.6,57.1,1.1466165413533833,60
AICL,4369,2023-01-13,VALID,down,28.0,57.1,1.0392857142857144,56
AICL,4380,2023-01-30,VALID,down,27.765,57.1,1.056546011165136,39
AICL,4394,2023-02-20,REJECTED_TOO_SHORT,,43.85,31.99,0.2704675028506272,0
AICL,4411,2023-03-15,REJECTED_TOO_SHORT,,43.85,28.0,0.36145952109464086,6
AICL,4423,2023-04-04,REJECTED_TOO_SHORT,,26.07,57.1,1.1902570003835826,14
AICL,4439,2023-05-04,REJECTED_INSUFFICIENT_TOUCHES,,38.125,22.5,0.4098360655737705,1169
AICL,4454,2023-05-25,EXPIRED_NO_BREAKOUT,,22.01,57.1,1.5942753293957292,60
AICL,4461,2023-06-05,REJECTED_TOO_SHORT,,43.85,23.5,0.4640820980615736,0
AICL,4471,2023-06-19,REJECTED_INSUFFICIENT_TOUCHES,,21.4,57.1,1.6682242990654208,1123
AICL,4488,2023-07-18,REJECTED_INSUFFICIENT_TOUCHES,,23.3,57.1,1.4506437768240341,1094
AICL,4504,2023-08-10,REJECTED_TOO_SHORT,,43.85,33.7,0.23147092360319266,0
AICL,4518,2023-08-31,VALID,down,28.54,57.1,1.0007007708479327,34
AICL,4534,2023-09-25,REJECTED_TOO_SHORT,,28.41,57.1,1.0098556846180922,10
AICL,4547,2023-10-13,REJECTED_TOO_SHORT,,43.85,28.98,0.33911060433295326,0
AICL,4572,2023-11-20,REJECTED_TOO_SHORT,,43.85,36.99,0.156442417331813,0
AICL,4589,2023-12-13,REJECTED_TOO_SHORT,,43.85,38.235,0.1280501710376283,0
AICL,4611,2024-01-15,REJECTED_TOO_SHORT,,43.85,40.53,0.0757126567844926,0
AICL,4621,2024-01-29,REJECTED_TOO_SHORT,,43.85,38.03,0.13272519954389966,0
AICL,4634,2024-02-20,EXPIRED_NO_BREAKOUT,,34.16,57.1,0.671545667447307,60
AICL,4642,2024-03-01,REJECTED_TOO_SHORT,,43.85,37.995000000000005,0.1335233751425313,0
AICL,4654,2024-03-19,REJECTED_TOO_SHORT,,43.85,36.995000000000005,0.1563283922462941,0
AICL,4670,2024-04-16,REJECTED_TOO_SHORT,,43.85,37.99,0.13363740022805015,0
AICL,4681,2024-05-02,REJECTED_TOO_SHORT,,43.85,37.855000000000004,0.13671607753705808,0
AICL,4696,2024-05-23,EXPIRED_NO_BREAKOUT,,33.7,57.1,0.6943620178041542,60
AICL,4706,2024-06-07,EXPIRED_NO_BREAKOUT,,33.7,57.1,0.6943620178041542,60
AICL,4718,2024-06-28,REJECTED_TOO_SHORT,,43.85,36.9,0.15849486887115172,0
AICL,4737,2024-07-29,REJECTED_TOO_SHORT,,35.155,57.1,0.6242355283743422,14
AICL,4748,2024-08-13,VALID,down,34.0,57.1,0.6794117647058824,42
AICL,4758,2024-08-28,VALID,down,34.084999999999994,57.1,0.6752237054422771,27
AICL,4770,2024-09-13,REJECTED_TOO_SHORT,,43.85,36.99,0.156442417331813,0
AICL,4788,2024-10-10,EXPIRED_NO_BREAKOUT,,31.75,57.1,0.7984251968503937,60
AICL,4807,2024-11-06,VALID,up,38.125,42.47,0.11396721311475407,29
AICL,4821,2024-11-26,EXPIRED_NO_BREAKOUT,,39.39,57.1,0.4496064991114496,60
AICL,4843,2024-12-27,VALID,down,48.185,57.1,0.18501608384351975,38
AICL,4851,2025-01-08,EXPIRED_NO_BREAKOUT,,38.125,54.5,0.42950819672131146,60
AICL,4869,2025-02-03,EXPIRED_NO_BREAKOUT,,46.225,57.1,0.23526230394808004,60
AICL,4881,2025-02-20,EXPIRED_NO_BREAKOUT,,38.125,52.9,0.38754098360655737,60
AICL,4900,2025-03-19,REJECTED_TOO_SHORT,,46.5,57.1,0.22795698924731186,19
AICL,4912,2025-04-10,EXPIRED_NO_BREAKOUT,,38.125,47.695,0.25101639344262294,60
AICL,4929,2025-05-06,VALID,up,38.125,48.345,0.2680655737704918,52
AICL,4939,2025-05-20,VALID,up,45.0,57.1,0.2688888888888889,45
AICL,4945,2025-05-29,VALID,up,38.125,48.0,0.25901639344262295,29
AICL,4958,2025-06-19,REJECTED_TOO_SHORT,,38.125,48.97,0.2844590163934426,11
AICL,4978,2025-07-17,VALID,up,38.125,72.75,0.9081967213114754,50
AICL,4998,2025-08-15,REJECTED_TOO_SHORT,,67.315,57.1,0.15174923865408893,0
AICL,5014,2025-09-08,VALID,up,38.125,76.45,1.0052459016393442,25
AICL,5025,2025-09-23,REJECTED_TOO_SHORT,,70.7,57.1,0.19236209335219237,0
AICL,5035,2025-10-07,EXPIRED_NO_BREAKOUT,,38.125,93.0,1.439344262295082,60
AICL,5052,2025-10-30,REJECTED_TOO_SHORT,,77.94,57.1,0.26738516807800866,0
AICL,5064,2025-11-17,VALID,up,38.125,85.0,1.2295081967213115,50
AICL,5074,2025-12-01,REJECTED_TOO_SHORT,,38.125,82.695,1.1690491803278686,15
AICL,5092,2025-12-26,REJECTED_TOO_SHORT,,77.75,57.1,0.2655948553054662,0
AICL,5110,2026-01-21,EXPIRED_NO_BREAKOUT,,38.125,124.89,2.2758032786885245,60
AICL,5136,2026-02-27,EXPIRED_NO_BREAKOUT,,38.125,85.0,1.2295081967213115,60
AICL,5151,2026-03-24,REJECTED_TOO_SHORT,,63.51,57.1,0.10092898756101397,0
AICL,5170,2026-04-20,REJECTED_TOO_SHORT,,77.0,57.1,0.2584415584415584,0
AICL,5178,2026-04-30,REJECTED_TOO_SHORT,,74.01,57.1,0.22848263748142147,0
AICL,5193,2026-05-25,VALID,up,38.125,76.63499999999999,1.0100983606557374,21
AICL,5209,2026-06-22,REJECTED_TOO_SHORT,,77.5,57.1,0.26322580645161286,0
AICL-APR,5,2025-04-04,REJECTED_INSUFFICIENT_TOUCHES,,43.275,47.59,0.09971114962449462,376
AICL-APR,18,2026-03-18,REJECTED_INSUFFICIENT_TOUCHES,,43.275,80.0,0.8486424032351243,28
AICL-APR,26,2026-04-01,REJECTED_INSUFFICIENT_TOUCHES,,43.275,71.35,0.6487579433853263,14
AICL-AUG,5,2024-07-26,REJECTED_INSUFFICIENT_TOUCHES,,67.75,39.48,0.417269372693727,399
AICL-AUG,14,2024-08-16,REJECTED_INSUFFICIENT_TOUCHES,,34.35,36.75,0.06986899563318773,378
AICL-AUG,29,2025-07-23,REJECTED_INSUFFICIENT_TOUCHES,,34.35,73.6,1.142649199417758,37
AICL-AUG,39,2025-08-06,REJECTED_INSUFFICIENT_TOUCHES,,34.35,75.0,1.1834061135371179,23
AICL-DEC,10,2024-12-11,REJECTED_INSUFFICIENT_TOUCHES,,47.75,57.6,0.20628272251308905,380
AICL-DEC,28,2025-12-05,REJECTED_INSUFFICIENT_TOUCHES,,76.25,57.6,0.2445901639344262,21
AICL-FEB,7,2025-01-21,VALID,up,47.9,53.99,0.12713987473903973,370
AICL-FEB,23,2025-02-13,VALID,up,47.9,53.8,0.12317327766179538,347
AICL-FEB,34,2025-02-28,REJECTED_INSUFFICIENT_TOUCHES,,48.11,53.894999999999996,0.12024527125337761,364
AICL-FEB,55,2026-02-24,REJECTED_INSUFFICIENT_TOUCHES,,76.51,53.894999999999996,0.29558227682655874,3
AICL-JAN,5,2024-12-30,REJECTED_INSUFFICIENT_TOUCHES,,49.0,53.325,0.08826530612244904,396
AICL-JAN,12,2025-01-08,REJECTED_INSUFFICIENT_TOUCHES,,47.42,55.0,0.1598481653310839,387
AICL-JAN,26,2025-01-28,REJECTED_INSUFFICIENT_TOUCHES,,47.3,53.325,0.12737843551797054,367
AICL-JAN,46,2026-01-15,REJECTED_INSUFFICIENT_TOUCHES,,97.15,53.325,0.45110653628409675,15
AICL-JUL,3,2024-07-05,REJECTED_INSUFFICIENT_TOUCHES,,35.7,86.41,1.4204481792717083,741
AICL-JUL,15,2024-07-26,REJECTED_INSUFFICIENT_TOUCHES,,33.1,86.41,1.610574018126888,720
AICL-JUL,33,2025-07-18,REJECTED_INSUFFICIENT_TOUCHES,,35.58,74.45,1.0924676784710514,363
AICL-JUL,43,2026-06-29,REJECTED_INSUFFICIENT_TOUCHES,,79.23,86.41,0.09062223905086447,17
AICL-JUNB,4,2025-05-29,REJECTED_INSUFFICIENT_TOUCHES,,45.5,49.4,0.08571428571428569,391
AICL-JUNB,17,2025-06-19,REJECTED_INSUFFICIENT_TOUCHES,,45.5,48.35,0.06263736263736266,370
AICL-JUNB,28,2026-06-08,REJECTED_INSUFFICIENT_TOUCHES,,72.02,49.4,0.31407942238267145,16
AICL-MAR,7,2025-03-04,REJECTED_INSUFFICIENT_TOUCHES,,45.37,85.055,0.8746969363015211,388
AICL-MAR,24,2026-02-23,REJECTED_INSUFFICIENT_TOUCHES,,45.445,85.11,0.8728132907910661,32
AICL-MAR,37,2026-03-12,REJECTED_INSUFFICIENT_TOUCHES,,45.445,79.89,0.7579491693255583,15
AICL-MAYB,6,2025-04-28,REJECTED_INSUFFICIENT_TOUCHES,,39.01,47.879999999999995,0.22737759548833628,399
AICL-MAYB,16,2025-05-13,REJECTED_INSUFFICIENT_TOUCHES,,74.68,47.76,0.3604713444027853,384
AICL-MAYB,30,2026-04-24,REJECTED_INSUFFICIENT_TOUCHES,,74.42,47.879999999999995,0.3566245632894384,38
AICL-MAYB,38,2026-05-08,REJECTED_INSUFFICIENT_TOUCHES,,74.68,84.69,0.13403856454204593,24
AICL-NOV,7,2024-11-05,EXPIRED_NO_BREAKOUT,,39.0,84.99,1.179230769230769,60
AICL-NOV,17,2024-11-20,REJECTED_INSUFFICIENT_TOUCHES,,40.0,43.52,0.08800000000000008,373
AICL-NOV,27,2025-10-28,REJECTED_INSUFFICIENT_TOUCHES,,40.0,84.78999999999999,1.1197499999999998,31
AICL-NOV,41,2025-11-17,REJECTED_INSUFFICIENT_TOUCHES,,40.0,84.995,1.124875,11
AICL-OCTB,4,2024-10-01,REJECTED_INSUFFICIENT_TOUCHES,,71.96,34.85,0.5157031684269038,395
AICL-OCTB,23,2025-10-08,REJECTED_INSUFFICIENT_TOUCHES,,71.96,94.7,0.31600889382990566,23
AIRLINK,6,2021-09-30,REJECTED_HEIGHT_FLOOR,,70.02,65.905,0.058768923164809986,981
AIRLINK,23,2021-10-26,VALID,down,60.66,41.9,0.3092647543686119,261
AIRLINK,40,2021-11-18,EXPIRED_NO_BREAKOUT,,17.985,66.0,2.669724770642202,60
AIRLINK,51,2021-12-03,VALID,down,54.0,41.9,0.2240740740740741,223
AIRLINK,65,2021-12-23,EXPIRED_NO_BREAKOUT,,54.0,58.0,0.07407407407407407,60
AIRLINK,78,2022-01-11,VALID,down,54.0,62.6,0.1592592592592593,57
AIRLINK,89,2022-01-26,VALID,down,54.0,41.9,0.2240740740740741,169
AIRLINK,112,2022-02-28,VALID,up,53.2,41.945,0.2115601503759399,689
AIRLINK,122,2022-03-14,VALID,down,51.795,41.9,0.19104160633265765,122
AIRLINK,137,2022-04-05,REJECTED_INSUFFICIENT_TOUCHES,,49.75,193.5,2.8894472361809047,1563
AIRLINK,159,2022-05-12,EXPIRED_NO_BREAKOUT,,35.8,41.9,0.170391061452514,60
AIRLINK,168,2022-05-25,VALID,down,38.01,41.9,0.1023414890818206,55
AIRLINK,182,2022-06-14,VALID,down,37.41,41.9,0.12002138465650902,37
AIRLINK,196,2022-07-04,REJECTED_TOO_SHORT,,51.49,41.9,0.1862497572344145,0
AIRLINK,208,2022-07-25,VALID,down,51.49,38.0,0.26199261992619927,70
AIRLINK,222,2022-08-16,REJECTED_TOO_SHORT,,51.49,42.175,0.1809089143523015,0
AIRLINK,238,2022-09-08,VALID,down,51.49,37.2,0.27752961740143717,25
AIRLINK,249,2022-09-23,REJECTED_INSUFFICIENT_TOUCHES,,155.8,34.98,0.7754813863928114,1392
AIRLINK,264,2022-10-14,REJECTED_TOO_SHORT,,51.49,38.34,0.2553893959992231,0
AIRLINK,294,2022-11-28,REJECTED_INSUFFICIENT_TOUCHES,,28.01,193.5,5.908247054623349,1326
AIRLINK,307,2022-12-15,VALID,down,25.6,41.945,0.6384765625,29
AIRLINK,324,2023-01-09,REJECTED_TOO_SHORT,,25.43,41.945,0.6494298073141959,4
AIRLINK,344,2023-02-06,REJECTED_TOO_SHORT,,22.75,41.945,0.8437362637362638,18
AIRLINK,354,2023-02-20,REJECTED_TOO_SHORT,,22.5,41.945,0.8642222222222222,7
AIRLINK,369,2023-03-13,REJECTED_HEIGHT_FLOOR,,20.53,21.7,0.05698977106673152,2
AIRLINK,382,2023-03-31,VALID,up,18.0,21.0,0.16666666666666666,49
AIRLINK,397,2023-04-27,REJECTED_INSUFFICIENT_TOUCHES,,155.8,19.68,0.8736842105263157,1176
AIRLINK,405,2023-05-10,VALID,down,18.5,41.945,1.2672972972972973,44
AIRLINK,422,2023-06-02,REJECTED_INSUFFICIENT_TOUCHES,,155.8,22.68,0.8544287548138639,1140
AIRLINK,453,2023-07-20,REJECTED_TOO_SHORT,,24.32,41.945,0.7247121710526315,19
AIRLINK,467,2023-08-10,VALID,down,22.85,41.945,0.835667396061269,21
AIRLINK,481,2023-08-31,REJECTED_INSUFFICIENT_TOUCHES,,21.46,193.5,8.016775396085741,1050
AIRLINK,500,2023-09-27,REJECTED_INSUFFICIENT_TOUCHES,,155.8,24.99,0.839602053915276,1023
AIRLINK,550,2023-12-08,REJECTED_INSUFFICIENT_TOUCHES,,155.8,72.0,0.5378690629011553,951
AIRLINK,570,2024-01-08,REJECTED_TOO_SHORT,,58.5,41.945,0.282991452991453,0
AIRLINK,587,2024-01-31,REJECTED_TOO_SHORT,,56.29,41.945,0.2548410019541659,0
AIRLINK,604,2024-02-27,REJECTED_TOO_SHORT,,17.985,62.894999999999996,2.4970809007506256,13
AIRLINK,615,2024-03-13,REJECTED_TOO_SHORT,,57.81,41.945,0.27443348901574127,0
AIRLINK,626,2024-03-28,REJECTED_TOO_SHORT,,17.985,64.075,2.5626911314984713,19
AIRLINK,654,2024-05-14,REJECTED_TOO_SHORT,,17.985,77.09,3.2863497358910205,20
AIRLINK,667,2024-06-03,REJECTED_INSUFFICIENT_TOUCHES,,155.8,81.85,0.47464698331193844,773
AIRLINK,686,2024-07-03,REJECTED_TOO_SHORT,,17.985,92.7,4.154295246038366,6
AIRLINK,697,2024-07-22,REJECTED_TOO_SHORT,,100.97,65.905,0.34728137070416953,9
AIRLINK,724,2024-08-29,VALID,down,171.0,151.83,0.11210526315789467,596
AIRLINK,739,2024-09-20,REJECTED_INSUFFICIENT_TOUCHES,,121.0,193.5,0.5991735537190083,664
AIRLINK,754,2024-10-11,REJECTED_TOO_SHORT,,125.06,65.905,0.47301295378218455,0
AIRLINK,770,2024-11-04,REJECTED_INSUFFICIENT_TOUCHES,,155.8,134.69,0.13549422336328634,619
AIRLINK,786,2024-11-26,REJECTED_INSUFFICIENT_TOUCHES,,123.0,193.5,0.573170731707317,597
AIRLINK,802,2024-12-18,EXPIRED_NO_BREAKOUT,,17.985,224.0,11.454823463997776,60
AIRLINK,810,2024-12-31,REJECTED_INSUFFICIENT_TOUCHES,,155.8,228.49,0.4665596919127086,562
AIRLINK,827,2025-01-23,REJECTED_TOO_SHORT,,189.5,65.905,0.6522163588390502,7
AIRLINK,836,2025-02-06,REJECTED_TOO_SHORT,,172.91,65.905,0.6188479555838298,0
AIRLINK,846,2025-02-20,EXPIRED_NO_BREAKOUT,,17.985,193.465,9.757019738671117,60
AIRLINK,859,2025-03-11,REJECTED_TOO_SHORT,,170.56,65.905,0.6135963883677298,0
AIRLINK,882,2025-04-17,EXPIRED_NO_BREAKOUT,,17.985,185.49,9.313594662218515,60
AIRLINK,901,2025-05-15,EXPIRED_NO_BREAKOUT,,17.985,163.5,8.09090909090909,60
AIRLINK,913,2025-06-03,VALID,up,151.5,65.905,0.564983498349835,101
AIRLINK,931,2025-07-01,VALID,down,171.0,158.4,0.07368421052631575,336
AIRLINK,954,2025-08-01,REJECTED_TOO_SHORT,,135.0,65.905,0.5118148148148148,0
AIRLINK,964,2025-08-18,EXPIRED_NO_BREAKOUT,,17.985,177.5,8.869335557408952,60
AIRLINK,983,2025-09-12,REJECTED_TOO_SHORT,,153.11,65.905,0.5695578342368233,0
AIRLINK,989,2025-09-22,REJECTED_TOO_SHORT,,155.98000000000002,65.905,0.5774778817797154,0
AIRLINK,1009,2025-10-20,REJECTED_TOO_SHORT,,150.0,65.905,0.5606333333333333,0
AIRLINK,1029,2025-11-17,VALID,down,170.91,193.5,0.13217482885729334,36
AIRLINK,1039,2025-12-01,VALID,down,171.0,184.54500000000002,0.07921052631578956,22
AIRLINK,1047,2025-12-11,REJECTED_TOO_SHORT,,171.0,193.5,0.13157894736842105,12
AIRLINK,1069,2026-01-13,REJECTED_INSUFFICIENT_TOUCHES,,180.01,193.5,0.07494028109549475,184
AIRLINK,1083,2026-02-02,REJECTED_TOO_SHORT,,175.61,193.5,0.101873469620181,14
AIRLINK,1102,2026-03-02,REJECTED_TOO_SHORT,,147.27,193.5,0.3139132206151965,7
AIRLINK,1121,2026-03-31,EXPIRED_NO_BREAKOUT,,118.0,193.5,0.6398305084745762,60
AIRLINK,1134,2026-04-17,REJECTED_TOO_SHORT,,171.0,151.74,0.11263157894736837,0
AIRLINK,1153,2026-05-18,EXPIRED_NO_BREAKOUT,,137.785,193.5,0.40436186812788044,59
AIRLINK,1170,2026-06-16,REJECTED_HEIGHT_FLOOR,,171.0,168.70499999999998,0.01342105263157904,0
AIRLINK,1184,2026-07-08,REJECTED_TOO_SHORT,,146.01,193.5,0.3252516950893775,6
AIRLINK-APR,5,2026-03-19,REJECTED_INSUFFICIENT_TOUCHES,,135.0,141.8,0.050370370370370454,36
AIRLINK-APR,14,2026-04-03,REJECTED_INSUFFICIENT_TOUCHES,,120.0,141.8,0.18166666666666675,21
AIRLINK-APR,24,2026-04-17,REJECTED_INSUFFICIENT_TOUCHES,,120.55,152.0,0.2608875985068437,7
AIRLINK-APRB,5,2024-03-19,REJECTED_INSUFFICIENT_TOUCHES,,60.9,65.45,0.074712643678161,402
AIRLINK-APRB,29,2025-03-21,REJECTED_INSUFFICIENT_TOUCHES,,60.9,182.0,1.9885057471264367,35
AIRLINK-AUG,3,2024-07-22,EXPIRED_NO_BREAKOUT,,102.11,145.98,0.4296347076682009,60
AIRLINK-AUG,21,2024-08-16,REJECTED_INSUFFICIENT_TOUCHES,,102.505,145.98,0.4241256524071996,699
AIRLINK-AUG,37,2025-07-23,REJECTED_INSUFFICIENT_TOUCHES,,102.505,145.99,0.4242232086239697,358
AIRLINK-AUG,54,2025-08-18,REJECTED_INSUFFICIENT_TOUCHES,,102.505,178.65,0.7428418125945078,332
AIRLINK-FEB,3,2024-01-22,REJECTED_INSUFFICIENT_TOUCHES,,54.6,195.99,2.5895604395604397,767
AIRLINK-FEB,14,2025-01-15,REJECTED_INSUFFICIENT_TOUCHES,,181.0,224.0,0.23756906077348067,408
AIRLINK-FEB,22,2025-02-03,REJECTED_INSUFFICIENT_TOUCHES,,181.0,200.84,0.10961325966850831,389
AIRLINK-FEB,32,2025-02-18,REJECTED_INSUFFICIENT_TOUCHES,,186.03,195.99,0.053539751652959246,374
AIRLINK-FEB,44,2026-01-22,VALID,down,181.0,195.99,0.0828176795580111,21
AIRLINK-FEB,64,2026-02-20,REJECTED_INSUFFICIENT_TOUCHES,,150.5,195.99,0.3022591362126246,7
AIRLINK-JAN,13,2024-01-18,REJECTED_INSUFFICIENT_TOUCHES,,53.3,215.44,3.04202626641651,743
AIRLINK-JAN,30,2024-12-31,REJECTED_INSUFFICIENT_TOUCHES,,182.255,232.24,0.2742585937285672,395
AIRLINK-JAN,47,2025-01-23,REJECTED_INSUFFICIENT_TOUCHES,,190.11,215.44,0.13323865130713788,372
AIRLINK-JAN,73,2026-01-15,REJECTED_INSUFFICIENT_TOUCHES,,181.51,215.44,0.1869318494848769,15
AIRLINK-JUL,5,2024-06-24,REJECTED_INSUFFICIENT_TOUCHES,,87.0,92.5,0.06321839080459771,752
AIRLINK-JUL,15,2024-07-08,REJECTED_INSUFFICIENT_TOUCHES,,89.99,92.5,0.027891987998666577,738
AIRLINK-JUL,31,2025-06-25,REJECTED_INSUFFICIENT_TOUCHES,,131.0,92.5,0.29389312977099236,386
AIRLINK-JUL,55,2026-06-17,REJECTED_INSUFFICIENT_TOUCHES,,87.0,169.0,0.9425287356321839,29
AIRLINK-JUL,68,2026-07-08,REJECTED_INSUFFICIENT_TOUCHES,,147.0,92.5,0.3707482993197279,8
AIRLINK-JUN,7,2024-06-03,REJECTED_INSUFFICIENT_TOUCHES,,71.1,82.97,0.16694796061884679,751
AIRLINK-JUN,23,2024-06-28,REJECTED_INSUFFICIENT_TOUCHES,,86.15,169.25,0.9645966337782935,726
AIRLINK-JUN,40,2025-06-12,REJECTED_INSUFFICIENT_TOUCHES,,71.1,162.89,1.290998593530239,377
AIRLINK-JUN,53,2026-05-18,REJECTED_INSUFFICIENT_TOUCHES,,140.0,169.25,0.20892857142857144,37
AIRLINK-JUN,70,2026-06-16,REJECTED_INSUFFICIENT_TOUCHES,,71.1,170.0,1.3909985935302394,8
AIRLINK-MAR,4,2025-02-24,REJECTED_INSUFFICIENT_TOUCHES,,133.335,191.25,0.4343570705366182,396
AIRLINK-MAR,14,2026-02-20,REJECTED_INSUFFICIENT_TOUCHES,,158.0,192.625,0.21914556962025317,35
AIRLINK-MAR,29,2026-03-13,REJECTED_INSUFFICIENT_TOUCHES,,133.65,192.625,0.4412644968200523,14
AIRLINK-MARB,8,2024-02-27,REJECTED_INSUFFICIENT_TOUCHES,,58.54,64.3,0.09839426033481377,394
AIRLINK-MARB,19,2024-03-13,REJECTED_INSUFFICIENT_TOUCHES,,58.3,64.3,0.10291595197255575,379
AIRLINK-MARB,32,2025-03-03,REJECTED_INSUFFICIENT_TOUCHES,,58.54,180.0,2.0748206354629315,24
AIRLINK-MAY,7,2024-04-29,REJECTED_INSUFFICIENT_TOUCHES,,73.75,84.7,0.1484745762711865,763
AIRLINK-MAY,23,2024-05-22,REJECTED_INSUFFICIENT_TOUCHES,,68.91,76.75,0.11377158612683215,740
AIRLINK-MAY,32,2025-04-23,REJECTED_INSUFFICIENT_TOUCHES,,73.75,186.75,1.5322033898305085,404
AIRLINK-MAY,45,2025-05-13,REJECTED_INSUFFICIENT_TOUCHES,,73.75,164.78,1.2343050847457628,384
AIRLINK-MAY,58,2026-03-30,REJECTED_INSUFFICIENT_TOUCHES,,123.53,149.89499999999998,0.21342993604792343,63
AIRLINK-MAY,70,2026-04-30,REJECTED_INSUFFICIENT_TOUCHES,,129.5,149.89499999999998,0.15749034749034735,32
AIRLINK-NOVB,3,2024-10-21,REJECTED_INSUFFICIENT_TOUCHES,,138.6,136.595,0.014466089466089434,373
AIRLINK-NOVB,13,2024-11-04,REJECTED_INSUFFICIENT_TOUCHES,,138.6,135.89,0.01955266955266961,359
AIRLINK-NOVB,29,2024-11-26,REJECTED_INSUFFICIENT_TOUCHES,,123.5,136.595,0.10603238866396761,337
