sector,symbol,start,end,kind,outcome,direction,breakout_idx,type_trigger,entry_price,lfd_level,r_lfd_denom,rolling_status,rolling_stop,r_rolling_denom,opposite_stop,r_opposite_denom,lfd_hit_bar,rolling_hit_bar,opposite_hit_bar,anchor_bar,simultaneous_hit,horizon_reached,realized_R_lfd,realized_R_rolling,realized_R_opposite
COMMERCIAL BANKS,ABL,1000,1080,ascending,down,down,1091,1.0,62.15,64.39,2.240000000000002,skipped_risk_gt_6pct,66.56,,66.97873873873874,4.828738738738743,,,,1181,False,True,4.638392857142853,,2.151700591428943
COMMERCIAL BANKS,ABL,3640,3720,descending,sequential,up,3721,4.0,86.0,85.41,0.5900000000000034,ok,84.56,1.4399999999999977,83.25227851605757,2.7477214839424278,3723.0,3725.0,3734.0,3723,False,False,-1.0,-0.3194444444444406,-0.16741143623479127
PHARMACEUTICALS,ABOT,2520,2600,descending,sequential,down,2604,3.0,620.0,641.5,21.5,skipped_risk_gt_6pct,680.64,,651.0088866238721,31.00888662387206,2619.0,,2619.0,2619,True,False,-1.0,,-1.0
PHARMACEUTICALS,ABOT,3840,3920,ascending,down,down,3928,4.0,755.01,770.0,14.990000000000009,ok,797.9,42.889999999999986,800.1312470625098,45.12124706250984,3930.0,3943.0,3947.0,3930,False,False,-1.0,-0.22755887153182547,-0.21630607829785228
CEMENT,ACPL,80,160,ascending,up,up,161,4.0,43.8009,42.0944,1.7064999999999984,skipped_risk_gt_6pct,39.7,,40.03824375,3.762656249999999,162.0,,,162,False,False,-1.0,,-0.13604750633279275
CEMENT,ACPL,600,680,descending,down,down,695,3.0,56.7137,60.5249,3.8111999999999995,skipped_risk_gt_6pct,61.19,,61.5031086240948,4.789408624094797,729.0,,731.0,729,False,False,-1.0,,-0.6294722870028227
CEMENT,ACPL,2440,2520,ascending,down,down,2521,1.0,137.1967,144.5117,7.314999999999998,skipped_risk_gt_6pct,151.5,,152.91179660968663,15.71509660968664,,,,2611,False,True,1.5468352699931633,,0.720014663672221
CEMENT,ACPL,3720,3800,descending,up,up,3801,1.0,145.63,142.1,3.530000000000001,ok,140.68,4.949999999999989,141.4559090909091,4.174090909090893,,,,3891,False,True,6.991501416430594,4.985858585858598,5.912664706522947
CEMENT,ACPL,3880,3960,ascending,down,down,3961,1.0,168.26,172.74,4.480000000000018,skipped_risk_gt_6pct,181.8,,181.5212488732279,13.261248873227913,3977.0,,,3977,False,False,-1.0,,-0.05127722181376183
TEXTILE COMPOSITE,ADMM,160,240,symmetrical,down,down,241,1.0,216.0,217.0,1.0,skipped_risk_gt_6pct,245.38,,242.0000146541618,26.000014654161788,248.0,,286.0,248,False,False,-1.0,,-0.15384606713518623
TEXTILE COMPOSITE,ADMM,520,600,descending,down,down,601,1.0,61.95,63.9,1.9499999999999957,skipped_risk_gt_6pct,66.16,,68.69742951907132,6.747429519071318,627.0,,,627,False,False,-1.0,,-0.21489665003563704
TEXTILE COMPOSITE,ADMM,1960,2040,descending,up,up,2041,1.0,88.05,83.5,4.549999999999997,skipped_risk_gt_6pct,81.67,,82.16516483516483,5.884835164835167,,,,2131,False,True,0.4285714285714295,,0.3313601732895134
TEXTILE COMPOSITE,ADMM,2520,2600,ascending,down,down,2613,3.0,78.0,83.5,5.5,skipped_risk_gt_6pct,84.84,,85.08890909090907,7.08890909090907,2621.0,,,2621,False,False,-1.0,,-0.13965477442355506
ENGINEERING,AGHA,1200,1280,symmetrical,sequential,up,1284,4.0,9.44,8.56,0.879999999999999,skipped_risk_gt_6pct,7.93,,8.103752611784373,1.336247388215627,1296.0,,1310.0,1296,False,False,-1.0,,-0.6735279768829524
INSURANCE,AGIC,1280,1360,descending,up,up,1361,4.0,6.5442,6.4527,0.09149999999999991,no_valid_consolidation,,,5.784576086956522,0.7596239130434776,1367.0,,,1367,False,False,-1.0,,0.42178766952754143
INSURANCE,AGIC,1960,2040,symmetrical,up,up,2046,4.0,24.2548,23.6446,0.610199999999999,skipped_risk_gt_6pct,22.75,,23.078007904938477,1.176792095061522,2054.0,,,2054,False,False,-1.0,,0.1296745624315413
AUTOMOBILE PARTS & ACCESSORIES,AGIL,1240,1320,descending,up,up,1324,1.0,69.91,68.0,1.9099999999999966,skipped_risk_gt_6pct,65.35,,66.00458606557378,3.905413934426221,1378.0,,,1378,False,False,-1.0,,-0.6836663270092713
AUTOMOBILE PARTS & ACCESSORIES,AGIL,1400,1480,descending,down,down,1481,3.0,67.49,70.03,2.5400000000000063,ok,71.09,3.6000000000000085,69.80364397680913,2.313643976809132,1506.0,,1505.0,1505,False,False,-0.14173228346456634,-0.0999999999999996,-1.0
AUTOMOBILE PARTS & ACCESSORIES,AGIL,1520,1600,symmetrical,up,up,1602,2.0,65.0,61.3,3.700000000000003,skipped_risk_gt_6pct,60.69,,59.2638435194942,5.736156480505798,,,,1692,False,True,10.578378378378371,,6.823384287548018
AUTOMOBILE PARTS & ACCESSORIES,AGIL,1920,2000,symmetrical,down,down,2001,4.0,70.5,71.75,1.25,ok,72.47,1.9699999999999989,77.70389982110913,7.2038998211091325,2009.0,2009.0,2027.0,2009,True,False,-1.0,-1.0,-0.25541721091239605
CHEMICAL,AGL,40,120,descending,sequential,down,125,4.0,21.46,23.75,2.289999999999999,skipped_risk_gt_6pct,24.78,,24.161381924198253,2.7013819241982517,152.0,,156.0,152,False,False,-1.0,,-0.6885364795472348
CHEMICAL,AGL,640,720,symmetrical,down,down,733,4.0,11.36,11.7,0.33999999999999986,skipped_risk_gt_6pct,12.07,,12.352036345531491,0.992036345531492,738.0,,743.0,738,False,False,-1.0,,-0.22176606834110876
CHEMICAL,AGL,2640,2720,symmetrical,sequential,up,2721,4.0,4.09,3.94,0.1499999999999999,ok,3.88,0.20999999999999996,3.8727182655321144,0.21728173446788546,2730.0,2731.0,2731.0,2730,False,False,-1.0,-0.5238095238095233,-0.506255163460406
PHARMACEUTICALS,AGP,1840,1920,descending,up,up,1932,1.0,200.24,194.0,6.240000000000009,skipped_risk_gt_6pct,186.13,,187.94051160815403,12.299488391845983,1976.0,,1976.0,1976,True,False,-1.0,,-1.0
AUTOMOBILE ASSEMBLER,AGTL,1640,1720,descending,up,up,1737,4.0,152.0453,146.999,5.046300000000002,ok,145.52,6.525299999999987,140.53302682135728,11.512273178642715,1740.0,1812.0,,1740,False,False,-1.0,-0.5107044886825153,-0.2894736728609239
AUTOMOBILE ASSEMBLER,AGTL,3680,3760,descending,sequential,down,3761,4.0,340.82,348.99,8.170000000000016,ok,358.55,17.730000000000018,366.69925935309516,25.879259353095165,3763.0,3781.0,3782.0,3763,False,False,-1.0,-0.5036661026508741,-0.34506397104181336
AUTOMOBILE ASSEMBLER,AGTL,4480,4560,descending,sequential,down,4575,3.0,335.67,342.85,7.180000000000007,ok,352.48,16.810000000000002,350.1503264311816,14.480326431181595,4581.0,4587.0,4587.0,4581,False,False,-1.0,-0.40630577037477594,-0.47167444963757327
FERTILIZER,AHCL,3240,3320,descending,down,down,3323,2.0,32.05,34.7,2.6500000000000057,skipped_risk_gt_6pct,35.19,,34.78633945656334,2.7363394565633428,,,,3413,False,True,0.7735849056603746,,0.7491760552890826
INSURANCE,AICL,1800,1880,ascending,sequential,up,1881,3.0,68.88,65.51,3.3699999999999903,skipped_risk_gt_6pct,63.61,,63.59110752688172,5.288892473118274,1909.0,,1910.0,1909,False,False,-1.0,,-0.7165961530251056
INSURANCE,AICL,3800,3880,descending,up,up,3881,4.0,44.02,43.0,1.0200000000000031,ok,42.57,1.4500000000000028,38.246565934065934,5.773434065934069,3885.0,3910.0,3937.0,3885,False,False,-1.0,-0.0896551724137947,-0.022516928142829705
INSURANCE,AICL,3920,4000,ascending,down,down,4009,4.0,39.65,40.35,0.7000000000000028,ok,41.61,1.9600000000000009,42.35029231815092,2.7002923181509217,4012.0,4021.0,4024.0,4012,False,False,-1.0,-0.1785714285714292,-0.12961559666979713
TECHNOLOGY & COMMUNICATION,AIRLINK,160,240,descending,down,down,241,4.0,35.18,36.38,1.2000000000000028,skipped_risk_gt_6pct,37.57,,38.830491474423276,3.6504914744232764,254.0,,,254,False,False,-1.0,,-0.27119635997955793
COMMERCIAL BANKS,AKBL,1800,1880,ascending,up,up,1884,3.0,16.51,15.51,1.0000000000000018,skipped_risk_gt_6pct,15.25,,15.36786788029238,1.1421321197076217,,,,1974,False,True,3.0199999999999942,,2.644177453632159
MISCELLANEOUS,AKDHL,240,320,descending,whipsaw,up,321,4.0,422.1,385.0,37.10000000000002,no_valid_consolidation,,,387.6242105263158,34.475789473684245,323.0,,323.0,323,True,False,-1.0,,-1.0
MISCELLANEOUS,AKDHL,880,960,descending,whipsaw,down,965,4.0,131.04,140.5,9.460000000000008,skipped_risk_gt_6pct,154.53,,147.81416988416993,16.774169884169936,968.0,,970.0,968,False,False,-1.0,,-0.5937700684311911
MISCELLANEOUS,AKGL,640,720,descending,sequential,down,725,4.0,11.0,11.5,0.5,no_valid_consolidation,,,13.082236932207257,2.082236932207257,726.0,,757.0,726,False,False,-1.0,,-0.4322274694484278
INSURANCE,ALAC,2720,2800,symmetrical,down,down,2801,4.0,5.0,5.1,0.09999999999999964,skipped_risk_gt_6pct,5.31,,5.662165605095545,0.6621656050955451,2802.0,,2848.0,2802,False,False,-1.0,,-0.3020392458637923
POWER GENERATION & DISTRIBUTION,ALTN,2200,2280,descending,whipsaw,down,2292,4.0,6.2456,6.3813,0.13570000000000082,ok,6.61,0.3644000000000007,6.785138046958373,0.5395380469583735,2293.0,2293.0,2294.0,2293,True,False,-1.0,-1.0,-0.7749221808490145
POWER GENERATION & DISTRIBUTION,ALTN,2400,2480,descending,up,up,2481,3.0,4.8335,4.6326,0.20089999999999986,skipped_risk_gt_6pct,4.44,,4.313294922737306,0.5202050772626938,2492.0,,2509.0,2492,False,False,-1.0,,0.2610508930719706
POWER GENERATION & DISTRIBUTION,ALTN,2520,2600,descending,down,down,2601,1.0,4.5212,5.0507,0.5294999999999996,skipped_risk_gt_6pct,5.1,,4.909398545139224,0.3881985451392236,,,,2691,False,True,0.051369216241738576,,0.07006723837732454
POWER GENERATION & DISTRIBUTION,ALTN,2600,2680,symmetrical,up,up,2681,1.0,4.5538,4.209,0.3448000000000002,no_valid_consolidation,,,3.696177610441767,0.8576223895582329,,,,2771,False,True,14.079756380510432,,5.66064979075545
TEXTILE COMPOSITE,ANL,2360,2440,symmetrical,down,down,2441,1.0,5.22,5.58,0.3600000000000003,skipped_risk_gt_6pct,5.78,,6.258194419761864,1.0381944197618642,2515.0,,2516.0,2515,False,False,-1.0,,-0.25043478856266455
TEXTILE COMPOSITE,ANL,3600,3680,symmetrical,down,down,3681,2.0,12.15,12.7,0.5499999999999989,no_valid_consolidation,,,13.212978723404259,1.0629787234042585,3745.0,,3746.0,3745,False,False,-1.0,,-0.8843074459567624
TEXTILE COMPOSITE,ANTM,440,520,descending,sequential,up,521,4.0,18.76,18.3,0.46000000000000085,skipped_risk_gt_6pct,16.29,,15.418020050125312,3.3419799498746894,525.0,,535.0,525,False,False,-1.0,,0.011968952716637029
OIL & GAS MARKETING COMPANIES,APL,1400,1480,symmetrical,up,up,1483,2.0,166.0422,164.4244,1.6178000000000168,ok,160.84,5.202200000000005,163.39091097228533,2.6512890277146823,1509.0,1531.0,1531.0,1509,False,False,-1.0,0.04986351928030432,0.09783920096542362
OIL & GAS MARKETING COMPANIES,APL,1560,1640,ascending,up,up,1644,1.0,189.8517,183.319,6.5327000000000055,skipped_risk_gt_6pct,176.26,,184.233357200333,5.618342799667005,,,,1734,False,True,1.1514075344038464,,1.3387933538775572
OIL & GAS MARKETING COMPANIES,APL,3160,3240,ascending,down,down,3241,4.0,327.2201,333.1737,5.9535999999999945,skipped_risk_gt_6pct,359.96,,365.7880972578165,38.5679972578165,3266.0,,3274.0,3266,False,False,-1.0,,-0.22980711030318585
OIL & GAS MARKETING COMPANIES,APL,3880,3960,descending,up,up,3961,4.0,257.2351,248.9871,8.24799999999999,skipped_risk_gt_6pct,241.77,,241.56416680200624,15.670933197993747,3965.0,,3976.0,3965,False,False,-1.0,,-0.6629343555194268
OIL & GAS MARKETING COMPANIES,APL,3920,4000,descending,sequential,up,4001,4.0,250.144,244.2096,5.934400000000011,ok,238.76,11.384000000000015,241.4859589107645,8.658041089235496,4003.0,4027.0,4027.0,4003,False,False,-1.0,-0.25207308503162223,-0.3314375584989718
OIL & GAS MARKETING COMPANIES,APL,4120,4200,symmetrical,up,up,4216,2.0,236.0668,230.2376,5.829200000000014,ok,223.29,12.776800000000009,226.16367882736154,9.903121172638464,,,,4306,False,True,7.847251766966289,3.5801765700331827,4.619068998810681
OIL & GAS MARKETING COMPANIES,APL,4640,4720,ascending,up,up,4722,4.0,412.9,408.0,4.899999999999977,skipped_risk_gt_6pct,383.13,,387.1217155040456,25.77828449595438,4726.0,,4764.0,4726,False,False,-1.0,,-0.021335787495334338
TEXTILE COMPOSITE,ARUJ,640,720,symmetrical,up,up,721,1.0,22.59,18.9,3.6900000000000013,no_valid_consolidation,,,14.741257848019053,7.848742151980947,743.0,,797.0,743,False,False,-1.0,,-0.4892503697590347
FOOD & PERSONAL CARE PRODUCTS,ASC,80,160,symmetrical,up,up,171,4.0,55.98,53.8,2.1799999999999997,ok,53.26,2.719999999999999,54.69250785340314,1.287492146596854,173.0,187.0,172.0,172,False,False,-0.6055045871559636,-0.48529411764705915,-1.0
ENGINEERING,ASL,0,80,ascending,down,down,87,4.0,10.4,10.74,0.33999999999999986,skipped_risk_gt_6pct,11.28,,11.509248480514838,1.1092484805148377,89.0,,,89,False,False,-1.0,,-0.30651382983386644
ENGINEERING,ASL,160,240,descending,whipsaw,down,241,4.0,8.61,8.83,0.22000000000000064,skipped_risk_gt_6pct,9.19,,9.124043766090473,0.5140437660904738,242.0,,243.0,242,False,False,-1.0,,-0.3696183331723558
ENGINEERING,ASL,1320,1400,descending,down,down,1401,1.0,18.24,19.0,0.7600000000000016,skipped_risk_gt_6pct,20.15,,20.870578121106405,2.6305781211064065,,,,1491,False,True,6.499999999999984,,1.877914197021551
ENGINEERING,ASL,2400,2480,descending,down,down,2481,4.0,10.2,10.68,0.4800000000000004,skipped_risk_gt_6pct,11.0,,11.203202029244999,1.0032020292449992,2486.0,,,2486,False,False,-1.0,,-0.02990424573062204
ENGINEERING,ASLPS,360,440,ascending,up,up,448,1.0,5.7582,5.051,0.7072000000000003,no_valid_consolidation,,,4.844228571428571,0.9139714285714291,483.0,,492.0,483,False,False,-1.0,,-0.9726781080996589
AUTOMOBILE PARTS & ACCESSORIES,ATBA,2600,2680,descending,up,up,2681,4.0,656.9995,654.7233,2.276200000000017,ok,629.32,27.679499999999962,618.2140110046948,38.78548899530517,2682.0,2771.0,,2682,False,False,-1.0,0.8773785653642593,0.6261465467907246
AUTOMOBILE PARTS & ACCESSORIES,ATBA,4040,4120,symmetrical,sequential,up,4121,3.0,170.19,168.0,2.1899999999999977,ok,166.32,3.8700000000000045,162.6741557377049,7.515844262295104,4123.0,4123.0,4123.0,4123,True,False,-1.0,-1.0,-1.0
INSURANCE,ATIL,1320,1400,ascending,up,up,1413,4.0,10.46,10.133,0.32700000000000173,ok,9.85,0.6100000000000012,9.887056475956477,0.5729435240435237,1430.0,1439.0,1439.0,1430,False,False,-1.0,-0.2296721311475411,-0.24452671881383833
INSURANCE,ATIL,2480,2560,descending,up,up,2570,4.0,41.9482,41.3112,0.6370000000000005,skipped_risk_gt_6pct,39.33,,38.9045005819754,3.0436994180246018,2571.0,,,2571,False,False,-1.0,,-0.27144598941252024
AUTOMOBILE ASSEMBLER,ATLH,3640,3720,descending,sequential,down,3721,4.0,379.1,384.8,5.699999999999989,ok,394.0,14.899999999999977,400.8588030815481,21.75880308154808,3722.0,3724.0,3726.0,3722,False,False,-1.0,-0.38791946308724706,-0.26563961162466393
REFINERY,ATRL,1440,1520,ascending,sequential,up,1530,3.0,131.8,124.42,7.38000000000001,skipped_risk_gt_6pct,120.58,,124.87575834970534,6.924241650294675,1547.0,,1547.0,1547,True,False,-1.0,,-1.0
REFINERY,ATRL,2640,2720,ascending,up,up,2721,4.0,224.51,222.05,2.4599999999999795,no_valid_consolidation,,,201.2628842676312,23.247115732368798,2722.0,,,2722,False,False,-1.0,,-0.10323861366845899
REFINERY,ATRL,5000,5080,ascending,sequential,up,5081,3.0,704.88,679.0,25.879999999999995,skipped_risk_gt_6pct,660.33,,662.840962349633,42.03903765036705,5088.0,,5095.0,5088,False,False,-1.0,,-0.6365512032544434
TECHNOLOGY & COMMUNICATION,AVN,560,640,descending,up,up,643,3.0,17.9872,17.0358,0.9514000000000031,skipped_risk_gt_6pct,16.76,,16.60678576210093,1.3804142378990711,669.0,,670.0,669,False,False,-1.0,,-0.6450962149994224
TECHNOLOGY & COMMUNICATION,AVN,1920,2000,ascending,down,down,2001,1.0,88.06,95.0,6.939999999999998,no_valid_consolidation,,,110.01091693862512,21.950916938625113,2024.0,,2026.0,2024,False,False,-1.0,,-0.40180553845020517
TECHNOLOGY & COMMUNICATION,AVN,2200,2280,descending,sequential,up,2281,4.0,67.8,66.0,1.7999999999999972,ok,63.9,3.8999999999999986,63.10416383261867,4.69583616738133,2282.0,2287.0,2288.0,2282,False,False,-1.0,-0.3564102564102567,-0.29600691984429794
COMMERCIAL BANKS,BAFL,1840,1920,ascending,down,down,1924,4.0,8.4127,8.7224,0.3097000000000012,skipped_risk_gt_6pct,8.94,,8.855473114039642,0.4427731140396425,1929.0,,1931.0,1929,False,False,-1.0,,-0.6644486547881487
COMMERCIAL BANKS,BAFL,3040,3120,ascending,down,down,3139,4.0,20.4176,20.9027,0.4850999999999992,ok,21.37,0.9524000000000008,21.95721253132832,1.53961253132832,3141.0,3155.0,3158.0,3141,False,False,-1.0,-0.42807643847122856,-0.26480688595607244
COMMERCIAL BANKS,BAFL,3840,3920,ascending,sequential,up,3921,4.0,19.2615,18.6576,0.603900000000003,ok,18.47,0.7915000000000028,18.249902048417134,1.0115979515828677,3926.0,3931.0,3932.0,3926,False,False,-1.0,-0.8085912823752348,-0.6326624119775842
COMMERCIAL BANKS,BAFL,4520,4600,descending,up,up,4608,4.0,21.0833,20.593,0.4903000000000013,skipped_risk_gt_6pct,19.7,,19.877369639842428,1.2059303601575735,4613.0,,4616.0,4613,False,False,-1.0,,-0.38086776415512735
COMMERCIAL BANKS,BAHL,4120,4200,ascending,down,down,4208,1.0,68.79,76.39,7.599999999999994,skipped_risk_gt_6pct,77.15,,77.13899963423556,8.348999634235554,,,,4298,False,True,1.5065789473684226,,1.37142178723408
ENGINEERING,BCL,760,840,ascending,down,down,845,1.0,45.07,47.14,2.0700000000000003,ok,47.61,2.539999999999999,50.68827586206897,5.61827586206897,,,,935,False,True,7.4685990338164245,6.086614173228349,2.7517338734425807
ENGINEERING,BCL,3400,3480,descending,up,up,3481,4.0,143.76,110.0,33.75999999999999,no_valid_consolidation,,,86.37464952838913,57.38535047161086,3519.0,,3545.0,3519,False,False,-1.0,,-0.5464809353305964
ENGINEERING,BECO,400,480,descending,up,up,496,4.0,20.24,18.83,1.4100000000000001,skipped_risk_gt_6pct,16.78,,17.154964579200907,3.085035420799091,499.0,,524.0,499,False,False,-1.0,,-0.40194027972580343
CHEMICAL,BERG,2280,2360,symmetrical,down,down,2362,3.0,98.86,111.3,12.439999999999998,skipped_risk_gt_6pct,112.41,,105.00521739130437,6.145217391304371,,,2370.0,2370,False,False,-0.2098070739549839,,-1.0
CHEMICAL,BERG,2840,2920,symmetrical,down,down,2934,4.0,149.72,151.35,1.6299999999999955,ok,156.35,6.6299999999999955,155.64441140278916,5.924411402789161,2937.0,,,2937,False,False,-1.0,-0.16591251885369457,-0.18567245338197208
GLASS & CERAMICS,BGL,3800,3880,symmetrical,whipsaw,down,3887,4.0,8.65,8.97,0.3200000000000003,skipped_risk_gt_6pct,9.24,,8.961585590696352,0.3115855906963514,3890.0,,3890.0,3890,True,False,-1.0,,-1.0
TEXTILE COMPOSITE,BHAT,1160,1240,descending,up,up,1250,2.0,899.09,799.99,99.10000000000002,no_valid_consolidation,,,757.8546402877697,141.23535971223032,1333.0,,,1333,False,False,-1.0,,-0.6882837286502985
TEXTILE COMPOSITE,BHAT,1240,1320,symmetrical,down,down,1321,1.0,899.54,927.7,28.160000000000082,skipped_risk_gt_6pct,956.37,,948.3932268370604,48.85322683706045,1348.0,,1362.0,1348,False,False,-1.0,,0.6304598896348609
COMMERCIAL BANKS,BIPL,2240,2320,symmetrical,sequential,down,2327,4.0,10.0,10.4,0.40000000000000036,skipped_risk_gt_6pct,10.81,,11.067872340425533,1.0678723404255326,2336.0,,2337.0,2336,False,False,-1.0,,-0.9364415222155802
COMMERCIAL BANKS,BIPL,3920,4000,descending,up,up,4001,4.0,13.53,13.5,0.02999999999999936,no_valid_consolidation,,,10.64319975620905,2.8868002437909492,4002.0,,4077.0,4002,False,False,-1.0,,0.12470554579393024
FOOD & PERSONAL CARE PRODUCTS,BNL,1280,1360,descending,whipsaw,down,1361,4.0,13.19,13.72,0.5300000000000011,skipped_risk_gt_6pct,14.34,,14.109146341463415,0.9191463414634153,1362.0,,1364.0,1362,False,False,-1.0,,-0.641899960196364
COMMERCIAL BANKS,BOK,440,520,descending,down,down,530,3.0,13.6,14.0,0.40000000000000036,skipped_risk_gt_6pct,15.0,,14.454703557312255,0.8547035573122557,552.0,,576.0,552,False,False,-1.0,,-0.40949870514243264
COMMERCIAL BANKS,BOK,3680,3760,ascending,down,down,3773,4.0,15.0,15.45,0.4499999999999993,ok,15.76,0.7599999999999998,16.657655786350148,1.6576557863501478,3778.0,,,3778,False,False,-1.0,-0.7894736842105261,-0.3619569303474571
COMMERCIAL BANKS,BOK,4280,4360,ascending,sequential,up,4363,4.0,15.31,13.15,2.16,no_valid_consolidation,,,13.994657087770833,1.315342912229168,4370.0,,4367.0,4367,False,False,-0.25925925925925947,,-1.0
COMMERCIAL BANKS,BOK,4600,4680,symmetrical,up,up,4702,4.0,33.6,32.5,1.1000000000000014,ok,32.17,1.4299999999999997,32.359949748743716,1.2400502512562852,4704.0,4704.0,4704.0,4704,True,False,-1.0,-1.0,-1.0
OIL & GAS MARKETING COMPANIES,BPL,720,800,descending,down,down,802,2.0,31.5,32.92,1.4200000000000017,ok,33.3,1.7999999999999972,32.59449389590918,1.0944938959091814,,,,892,False,True,6.239436619718302,4.92222222222223,8.095065703989254
CEMENT,BWCL,1000,1080,symmetrical,whipsaw,down,1081,4.0,119.23,125.0,5.769999999999996,skipped_risk_gt_6pct,127.16,,125.42685557042985,6.196855570429847,1085.0,,1085.0,1085,True,False,-1.0,,-1.0
AUTOMOBILE PARTS & ACCESSORIES,BWHL,0,80,descending,up,up,81,4.0,30.575,29.0463,1.5287000000000006,skipped_risk_gt_6pct,27.77,,26.667430180234668,3.9075698197653317,82.0,,,82,False,False,-1.0,,-0.5770594267040933
AUTOMOBILE PARTS & ACCESSORIES,BWHL,1400,1480,ascending,up,up,1492,1.0,48.9582,45.9466,3.0116000000000014,skipped_risk_gt_6pct,45.4,,45.37088749235848,3.5873125076415207,,,,1582,False,True,5.317339620135476,,4.4639824285975624
AUTOMOBILE PARTS & ACCESSORIES,BWHL,2280,2360,symmetrical,sequential,down,2373,4.0,74.0,80.0,6.0,skipped_risk_gt_6pct,82.31,,84.90493157149598,10.904931571495979,2377.0,,2377.0,2377,True,False,-1.0,,-1.0
INSURANCE,CENI,3480,3560,symmetrical,up,up,3595,3.0,26.49,25.0,1.4899999999999984,skipped_risk_gt_6pct,24.02,,23.83333333333333,2.65666666666667,,,,3685,False,True,7.7449664429530305,,4.343789209535755
PAPER & BOARD,CEPB,840,920,descending,down,down,921,4.0,13.79,14.15,0.3600000000000012,skipped_risk_gt_6pct,15.15,,15.777183098591552,1.9871830985915526,943.0,,1004.0,943,False,False,-1.0,,-0.3119994329860373
PAPER & BOARD,CEPB,1080,1160,ascending,sequential,down,1179,4.0,16.0,16.25,0.25,skipped_risk_gt_6pct,17.07,,18.384269899841858,2.3842698998418577,1185.0,,1193.0,1185,False,False,-1.0,,-0.008388312078815456
PAPER & BOARD,CEPB,2200,2280,ascending,sequential,down,2284,4.0,51.52,53.58,2.059999999999995,skipped_risk_gt_6pct,56.05,,55.5211320754717,4.001132075471695,2286.0,,2291.0,2286,False,False,-1.0,,-0.6723097236631143
PAPER & BOARD,CEPB,2520,2600,ascending,sequential,up,2601,4.0,53.47,52.8,0.6700000000000017,ok,51.98,1.490000000000002,50.59617098865476,2.8738290113452365,2604.0,2606.0,2612.0,2604,False,False,-1.0,0.18791946308724883,0.09743098802838426
TEXTILE COMPOSITE,CHBL,360,440,descending,up,up,441,1.0,10.85,9.9,0.9499999999999993,skipped_risk_gt_6pct,9.8,,9.871173135630178,0.9788268643698217,,,,531,False,True,0.6842105263157904,,0.6640602374746597
TEXTILE COMPOSITE,CHBL,1560,1640,symmetrical,sequential,down,1659,4.0,1.51,1.8,0.29000000000000004,no_valid_consolidation,,,2.0216034755134267,0.5116034755134267,1662.0,,1662.0,1662,True,False,-1.0,,-1.0
CEMENT,CHCC,1120,1200,symmetrical,sequential,up,1201,4.0,10.3699,10.2683,0.10159999999999947,no_valid_consolidation,,,9.330481336340572,1.0394186636594274,1202.0,,1211.0,1202,False,False,-1.0,,-0.30016778696426055
CEMENT,CHCC,1560,1640,descending,sequential,down,1642,3.0,5.3047,5.6385,0.3337999999999992,skipped_risk_gt_6pct,5.85,,5.7066656669297515,0.4019656669297511,1660.0,,1660.0,1660,True,False,-1.0,,-1.0
CEMENT,CHCC,2280,2360,symmetrical,up,up,2361,1.0,58.85,58.04,0.8100000000000023,ok,56.68,2.1700000000000017,52.42277888807757,6.427221111922428,2376.0,,,2376,False,False,-1.0,0.11981566820276397,0.0404529415547414
FOOD & PERSONAL CARE PRODUCTS,CLOV,1480,1560,descending,up,up,1561,1.0,91.0,84.45,6.549999999999997,skipped_risk_gt_6pct,79.2,,79.94298245614036,11.057017543859644,,,,1651,False,True,4.995419847328246,,2.959206664022215
REFINERY,CNERGY,2840,2920,descending,sequential,up,2937,4.0,24.29,23.36,0.9299999999999997,ok,22.96,1.3299999999999983,22.83314940303324,1.4568505969667598,2944.0,2944.0,2944.0,2944,True,False,-1.0,-1.0,-1.0
PAPER & BOARD,CPPL,3160,3240,symmetrical,up,up,3246,2.0,168.95,160.1,8.849999999999994,skipped_risk_gt_6pct,153.45,,158.41468392737056,10.535316072629428,3291.0,,3291.0,3291,True,False,-1.0,,-1.0
PAPER & BOARD,CPPL,4480,4560,ascending,down,down,4561,2.0,124.0,126.9,2.9000000000000057,ok,128.17,4.1699999999999875,132.75437158469947,8.75437158469947,,,,4651,False,True,7.468965517241363,5.1942446043165615,2.474192440935047
TEXTILE COMPOSITE,CRTM,2240,2320,descending,sequential,down,2326,3.0,27.5,28.49,0.9899999999999984,skipped_risk_gt_6pct,30.55,,29.84562211981566,2.3456221198156584,2339.0,,2348.0,2339,False,False,-1.0,,0.042632612966601965
TEXTILE COMPOSITE,CRTM,3560,3640,descending,up,up,3641,1.0,18.68,18.0,0.6799999999999997,skipped_risk_gt_6pct,17.18,,17.18650744960561,1.4934925503943894,3649.0,,3667.0,3649,False,False,-1.0,,-0.4553085985065214
ENGINEERING,CSAP,4920,5000,descending,up,up,5011,1.0,106.0,103.8,2.200000000000003,ok,101.47,4.530000000000001,100.1457142857143,5.8542857142856946,5024.0,5029.0,5029.0,5024,False,False,-1.0,-0.45916114790286927,-0.35529526598340744
INSURANCE,CYAN,640,720,descending,up,up,721,1.0,10.1499,10.133,0.01690000000000147,skipped_risk_gt_6pct,9.4,,9.175973988439308,0.9739260115606925,,,,811,False,True,405.3372781064736,,7.03359384459064
INSURANCE,CYAN,1840,1920,symmetrical,sequential,up,1928,4.0,59.0189,58.2595,0.7593999999999994,ok,57.25,1.7689000000000021,57.705593413958916,1.3133065860410866,1930.0,1932.0,1930.0,1930,True,False,-1.0,-0.47000961049239703,-1.0
INSURANCE,CYAN,4120,4200,descending,up,up,4201,1.0,24.01,23.75,0.26000000000000156,ok,22.88,1.1300000000000026,23.00143141945774,1.00856858054226,4206.0,,,4206,False,False,-1.0,-0.21238938053097473,-0.23796101190358843
CHEMICAL,DAAG,840,920,symmetrical,up,up,923,2.0,18.9,17.8,1.0999999999999979,skipped_risk_gt_6pct,16.94,,18.447966507177036,0.452033492822963,929.0,,924.0,924,False,False,-0.1636363636363637,,-1.0
CHEMICAL,DAAG,2240,2320,descending,down,down,2322,4.0,94.01,101.86,7.849999999999994,skipped_risk_gt_6pct,103.97,,106.52123021196678,12.511230211966776,2326.0,,,2326,False,False,-1.0,,-0.5722858486890905
CEMENT,DBCI,1840,1920,symmetrical,sequential,down,1922,4.0,2.23,2.29,0.06000000000000005,skipped_risk_gt_6pct,2.37,,2.450981331987892,0.22098133198789194,1923.0,,1929.0,1923,False,False,-1.0,,-0.3167688391154928
CEMENT,DCL,680,760,symmetrical,up,up,768,4.0,15.6,15.15,0.4499999999999993,ok,14.75,0.8499999999999996,14.267891396332864,1.3321086036671357,778.0,779.0,818.0,778,False,False,-1.0,-0.47058823529411825,-0.30027581752632493
CEMENT,DCL,1560,1640,ascending,down,down,1641,4.0,1.3,1.41,0.10999999999999988,skipped_risk_gt_6pct,1.42,,1.6824664822302617,0.3824664822302617,1670.0,,1673.0,1670,False,False,-1.0,,-0.20916865586102867
CEMENT,DCL,2520,2600,ascending,down,down,2605,1.0,14.79,15.39,0.6000000000000014,skipped_risk_gt_6pct,16.01,,15.873142857142858,1.0831428571428585,,,,2695,False,True,4.416666666666654,,2.4465840147718234
CEMENT,DCL,4760,4840,ascending,up,up,4854,4.0,9.24,8.61,0.6300000000000008,no_valid_consolidation,,,7.455182749951653,1.7848172500483468,4867.0,,,4867,False,False,-1.0,,-0.31375761299081534
REAL ESTATE INVESTMENT TRUST,DCR,1240,1320,descending,down,down,1331,4.0,10.51,10.8,0.2900000000000009,ok,10.91,0.40000000000000036,10.962193760033502,0.4521937600335022,1342.0,1351.0,1363.0,1342,False,False,-1.0,-0.6,-0.5307459350660192
AUTOMOBILE ASSEMBLER,DFML,3840,3920,ascending,down,down,3930,4.0,6.82,7.03,0.20999999999999996,skipped_risk_gt_6pct,7.54,,7.441614539306847,0.6216145393068464,3931.0,,4003.0,3931,False,False,-1.0,,-0.12869711845737544
CEMENT,DGKC,680,760,descending,up,up,764,1.0,95.0,91.9,3.0999999999999943,ok,90.98,4.019999999999996,89.32525641025642,5.674743589743585,824.0,830.0,831.0,824,False,False,-1.0,-0.5497512437810935,-0.38944490884033994
CEMENT,DGKC,1480,1560,symmetrical,down,down,1573,1.0,21.86,22.97,1.1099999999999994,skipped_risk_gt_6pct,23.73,,23.574249043008322,1.7142490430083228,1617.0,,1617.0,1617,True,False,-1.0,,-1.0
CEMENT,DGKC,2920,3000,ascending,down,down,3015,3.0,227.28,242.0,14.719999999999999,skipped_risk_gt_6pct,249.82,,243.6798362770391,16.3998362770391,,,,3105,False,True,5.752717391304349,,5.163466181583644
CEMENT,DNCC,240,320,ascending,down,down,324,4.0,0.1817,0.198,0.01630000000000001,no_valid_consolidation,,,0.21641074631562385,0.03471074631562385,327.0,,367.0,327,False,False,-1.0,,-0.5329761518746963
CEMENT,DNCC,1440,1520,symmetrical,sequential,up,1522,4.0,6.15,5.45,0.7000000000000002,skipped_risk_gt_6pct,5.15,,5.050855421686747,1.0991445783132532,1525.0,,1526.0,1525,False,False,-1.0,,-0.227449604840566
CEMENT,DNCC,2160,2240,symmetrical,sequential,up,2241,4.0,18.49,17.8,0.6899999999999977,no_valid_consolidation,,,16.817576059850374,1.6724239401496241,2242.0,,2245.0,2242,False,False,-1.0,,-0.2929879130743371
CHEMICAL,DOL,680,760,descending,down,down,761,4.0,4.61,4.65,0.040000000000000036,skipped_risk_gt_6pct,5.04,,4.852932947419198,0.2429329474191979,762.0,,807.0,762,False,False,-1.0,,0.32930897537728565
CHEMICAL,DOL,3200,3280,descending,whipsaw,up,3282,4.0,23.16,22.85,0.3099999999999987,skipped_risk_gt_6pct,21.2,,22.25787845903419,0.9021215409658119,3283.0,,3283.0,3283,True,False,-1.0,,-1.0
CHEMICAL,DOL,3560,3640,symmetrical,down,down,3646,2.0,24.55,26.0,1.4499999999999993,skipped_risk_gt_6pct,26.93,,26.311521805661812,1.7615218056618112,3731.0,,3731.0,3731,True,False,-1.0,,-1.0
ENGINEERING,DSL,2280,2360,ascending,whipsaw,down,2362,4.0,11.31,12.35,1.0399999999999991,skipped_risk_gt_6pct,12.61,,12.4971875,1.1871875000000003,2364.0,,2365.0,2364,False,False,-1.0,,-0.7833640431692547
ENGINEERING,DSL,3080,3160,ascending,sequential,down,3172,3.0,4.42,4.7,0.28000000000000025,skipped_risk_gt_6pct,4.98,,4.971039755351683,0.5510397553516828,3186.0,,3187.0,3186,False,False,-1.0,,-0.3992452411343571
ENGINEERING,DSL,4000,4080,descending,up,up,4091,3.0,6.12,5.55,0.5700000000000003,skipped_risk_gt_6pct,5.3,,5.28304347826087,0.8369565217391299,,,,4181,False,True,1.5087719298245612,,1.0275324675324686
ENGINEERING,DSL,4360,4440,descending,down,down,4441,1.0,5.92,6.25,0.33000000000000007,no_valid_consolidation,,,7.650065274151444,1.7300652741514444,4471.0,,,4471,False,False,-1.0,,-0.43350965492782173
CHEMICAL,DYNO,400,480,ascending,sequential,down,481,4.0,18.0,18.3,0.3000000000000007,ok,18.94,0.9400000000000013,20.156232970027244,2.1562329700272436,482.0,486.0,497.0,482,False,False,-1.0,-0.4255319148936149,-0.18550871151689358
CHEMICAL,DYNO,880,960,descending,down,down,992,4.0,9.61,10.25,0.6400000000000006,no_valid_consolidation,,,11.258889243536549,1.6488892435365496,995.0,,1001.0,995,False,False,-1.0,,-0.20619941656649138
MISCELLANEOUS,ECOP,280,360,descending,down,down,376,4.0,24.715,24.7889,0.07390000000000185,skipped_risk_gt_6pct,26.42,,27.606928427326913,2.8919284273269135,377.0,,388.0,377,False,False,-1.0,,-0.025553882766147708
MISCELLANEOUS,ECOP,1040,1120,ascending,down,down,1121,4.0,4.88,5.16,0.28000000000000025,no_valid_consolidation,,,5.868000000000001,0.9880000000000013,1124.0,,,1124,False,False,-1.0,,-0.34412955465586986
MISCELLANEOUS,ECOP,4920,5000,ascending,up,up,5004,2.0,51.34,48.3,3.0400000000000063,skipped_risk_gt_6pct,46.03,,44.52596899224807,6.814031007751936,,,,5025,False,True,-0.08552631578947519,,-0.038156562496445626
FERTILIZER,EFERT,520,600,descending,down,down,601,1.0,66.58,68.25,1.6700000000000017,ok,69.08,2.5,70.75599999999999,4.175999999999988,619.0,620.0,,619,False,False,-1.0,-0.5560000000000003,-0.3328544061302693
FERTILIZER,EFERT,1320,1400,ascending,up,up,1401,4.0,69.02,67.0,2.019999999999996,ok,65.34,3.6799999999999926,64.76854245598395,4.2514575440160485,1405.0,,,1405,False,False,-1.0,-0.49184782608695815,-0.42573634600857957
INSURANCE,EFUG,1680,1760,symmetrical,up,up,1763,1.0,45.6791,43.8775,1.8016000000000005,ok,43.44,2.2391000000000005,41.3455874025569,4.333512597443097,,,,1853,False,True,0.4483792184724689,0.3607699522129427,0.18640767318332632
INSURANCE,EFUL,760,840,descending,sequential,down,841,4.0,104.5,106.0,1.5,no_valid_consolidation,,,117.5263419952753,13.026341995275303,842.0,,852.0,842,False,False,-1.0,,-0.12129268528133758
INSURANCE,EFUL,2760,2840,symmetrical,sequential,down,2841,4.0,206.66,212.01,5.349999999999994,skipped_risk_gt_6pct,222.2,,221.67200000000003,15.012000000000029,2850.0,,2853.0,2850,False,False,-1.0,,0.22715161204369771
FERTILIZER,ENGRO,80,160,descending,up,up,161,1.0,93.7758,88.8765,4.899300000000011,skipped_risk_gt_6pct,85.26,,86.9981223121651,6.77767768783491,,,,251,False,True,6.9140693568468805,,4.997891838497987
FERTILIZER,ENGRO,1280,1360,descending,up,up,1381,2.0,137.5634,133.6592,3.904200000000003,ok,131.33,6.233399999999989,132.28165727383862,5.281742726161383,,,,1471,False,True,4.3116899748988216,2.700564699842786,3.1871488015915226
FERTILIZER,ENGRO,1320,1400,ascending,up,up,1405,2.0,141.0312,137.3337,3.6975000000000193,ok,134.75,6.2812000000000126,134.22096752475244,6.810232475247574,,,,1495,False,True,4.399513184584149,2.589823600585866,2.3886409251262175
FERTILIZER,ENGRO,1840,1920,symmetrical,sequential,down,1930,3.0,88.74,92.5,3.760000000000005,ok,94.03,5.290000000000006,95.43436894510222,6.694368945102227,1945.0,1948.0,1948.0,1945,False,False,-1.0,-0.3081285444234419,-0.24348822321670213
FERTILIZER,ENGRO,1880,1960,ascending,up,up,1961,1.0,99.16,93.55,5.609999999999999,skipped_risk_gt_6pct,92.42,,93.36451455881051,5.795485441189484,,,,2051,False,True,3.9946524064171123,,3.86680291537416
FERTILIZER,ENGRO,4200,4280,descending,down,down,4284,4.0,253.68,257.0,3.319999999999993,ok,261.84,8.159999999999968,266.60543818727086,12.925438187270856,4285.0,4374.0,,4285,False,False,-1.0,0.16911764705882362,0.1067662062984478
CHEMICAL,EPCL,2840,2920,descending,sequential,up,2923,4.0,27.57,25.99,1.5800000000000018,skipped_risk_gt_6pct,25.54,,25.632947688300412,1.9370523116995884,2927.0,,2928.0,2927,False,False,-1.0,,-0.846647243388615
CHEMICAL,EPCLPS,280,360,descending,up,up,364,4.0,12.0,11.51,0.4900000000000002,skipped_risk_gt_6pct,11.19,,11.282088756133987,0.7179112438660127,366.0,,366.0,366,True,False,-1.0,,-1.0
POWER GENERATION & DISTRIBUTION,EPQL,960,1040,descending,up,up,1053,2.0,16.8362,16.3721,0.46410000000000196,ok,16.11,0.7262000000000022,16.03714183571666,0.7990581642833412,1061.0,1073.0,1073.0,1061,False,False,-1.0,-0.5378683558248438,-0.4888254916340462
POWER GENERATION & DISTRIBUTION,EPQL,1960,2040,symmetrical,sequential,up,2045,4.0,20.6677,19.071,1.5966999999999985,skipped_risk_gt_6pct,17.93,,18.40033213910852,2.267367860891479,2052.0,,2053.0,2052,False,False,-1.0,,-0.8117782878320923
POWER GENERATION & DISTRIBUTION,EPQL,2040,2120,symmetrical,down,down,2123,4.0,17.4892,17.9992,0.509999999999998,skipped_risk_gt_6pct,18.68,,18.351799999999997,0.8625999999999969,2124.0,,2148.0,2124,False,False,-1.0,,-0.04277764896823487
AUTOMOBILE PARTS & ACCESSORIES,EXIDE,4120,4200,descending,up,up,4221,4.0,857.18,842.0,15.17999999999995,no_valid_consolidation,,,766.5632334047109,90.61676659528905,4223.0,,4248.0,4223,False,False,-1.0,,-0.05032181318459236
AUTOMOBILE PARTS & ACCESSORIES,EXIDE,4160,4240,ascending,down,down,4242,1.0,832.81,900.0,67.19000000000005,skipped_risk_gt_6pct,909.0,,872.5535710412148,39.743571041214864,,,,4332,False,True,3.040184551272508,,5.1396991928120395
COMMERCIAL BANKS,FABL,600,680,ascending,down,down,681,4.0,73.0,74.85,1.8499999999999943,skipped_risk_gt_6pct,80.04,,78.88632126993375,5.886321269933745,682.0,,,682,False,False,-1.0,,-0.15289685335339093
COMMERCIAL BANKS,FABL,2040,2120,symmetrical,sequential,down,2127,4.0,10.07,11.54,1.4699999999999989,skipped_risk_gt_6pct,11.67,,11.717391304347824,1.647391304347824,2154.0,,2155.0,2154,False,False,-1.0,,-0.8498284507785708
TEXTILE COMPOSITE,FASM,120,200,descending,down,down,201,1.0,34.3,36.1,1.8000000000000043,no_valid_consolidation,,,44.73309859154929,10.433098591549296,,,,291,False,True,0.8611111111111075,,0.14856564292946312
TEXTILE COMPOSITE,FASM,360,440,symmetrical,up,up,441,1.0,47.99,47.35,0.6400000000000006,ok,46.59,1.3999999999999986,45.7395652173913,2.2504347826087,,,,531,False,True,57.82812499999994,26.43571428571431,16.445710973724854
FERTILIZER,FATIMA,1240,1320,symmetrical,up,up,1323,1.0,40.68,39.25,1.4299999999999997,skipped_risk_gt_6pct,37.62,,38.127142143392454,2.5528578566075453,,,,1413,False,True,3.965034965034967,,2.2210402296094856
FERTILIZER,FATIMA,2080,2160,ascending,down,down,2161,4.0,34.43,34.5,0.07000000000000028,ok,35.84,1.4100000000000037,37.034006131207846,2.6040061312078464,2162.0,2176.0,,2162,False,False,-1.0,-0.22695035460992868,-0.12288757548031232
CEMENT,FCCL,2520,2600,descending,up,up,2612,4.0,36.72,34.54,2.1799999999999997,skipped_risk_gt_6pct,33.71,,33.308695652173924,3.411304347826075,2634.0,,2648.0,2634,False,False,-1.0,,-0.515931684935
CEMENT,FCCL,2560,2640,ascending,sequential,down,2647,4.0,34.02,34.88,0.8599999999999994,ok,35.55,1.529999999999994,36.31812545322698,2.29812545322698,2651.0,2652.0,2661.0,2651,False,False,-1.0,-0.6535947712418326,-0.4351372544069867
CEMENT,FCCL,5080,5160,ascending,down,down,5167,4.0,56.16,58.9,2.740000000000002,skipped_risk_gt_6pct,61.7,,59.943028080671624,3.7830280806716274,5168.0,,,5168,False,False,-1.0,,-0.2352612724571668
FOOD & PERSONAL CARE PRODUCTS,FCEPL,720,800,descending,up,up,808,1.0,99.36,98.1,1.2600000000000051,ok,93.75,5.609999999999999,96.01525423728813,3.3447457627118666,,,,898,False,True,14.626984126984073,3.2852049910873458,5.510134792743487
FOOD & PERSONAL CARE PRODUCTS,FCEPL,1000,1080,descending,down,down,1093,4.0,139.44,149.0,9.560000000000002,skipped_risk_gt_6pct,153.52,,151.30396812311076,11.863968123110766,1101.0,,1129.0,1101,False,False,-1.0,,-0.4568454621385881
FOOD & PERSONAL CARE PRODUCTS,FCEPL,2920,3000,descending,up,up,3004,2.0,59.23,55.1,4.1299999999999955,skipped_risk_gt_6pct,53.96,,56.127612874385335,3.102387125614662,,,3010.0,3010,False,False,-0.1549636803874078,,-1.0
FOOD & PERSONAL CARE PRODUCTS,FCEPL,3280,3360,symmetrical,sequential,up,3384,3.0,89.79,84.05,5.740000000000009,skipped_risk_gt_6pct,80.19,,79.28969879518071,10.500301204819294,3395.0,,3396.0,3395,False,False,-1.0,,-0.6066492642207619
FOOD & PERSONAL CARE PRODUCTS,FCEPL,3480,3560,symmetrical,sequential,up,3565,4.0,93.79,85.5,8.290000000000006,skipped_risk_gt_6pct,84.64,,84.79623684210524,8.993763157894762,3581.0,,3590.0,3581,False,False,-1.0,,-0.90395976158917
CEMENT,FECTC,3520,3600,symmetrical,up,up,3606,2.0,35.35,34.55,0.8000000000000043,skipped_risk_gt_6pct,32.69,,34.602742912193776,0.7472570878062257,3616.0,,3616.0,3616,True,False,-1.0,,-1.0
CEMENT,FECTC,4240,4320,descending,down,down,4323,3.0,30.0,33.3,3.299999999999997,no_valid_consolidation,,,32.604285714285766,2.6042857142857656,4345.0,,4344.0,4344,False,False,-0.6575757575757587,,-1.0
PHARMACEUTICALS,FEROZ,1240,1320,ascending,sequential,up,1333,4.0,98.53,94.03,4.5,skipped_risk_gt_6pct,91.18,,93.43393827036778,5.0960617296322255,1334.0,,1336.0,1334,False,False,-1.0,,-0.9458284172605301
FERTILIZER,FFC,360,440,descending,up,up,445,4.0,59.1387,57.8466,1.2920999999999978,ok,57.27,1.868699999999997,56.61867824877721,2.5200217512227923,449.0,480.0,482.0,449,False,False,-1.0,-0.5584631026917106,-0.4141234096466076
FERTILIZER,FFC,400,480,ascending,down,down,481,2.0,57.0515,58.0206,0.9691000000000045,ok,59.65,2.5985000000000014,59.378700116088496,2.3272001160884983,514.0,,515.0,514,False,False,-1.0,-0.36336347893015264,-0.40572359612416603
FERTILIZER,FFC,2760,2840,descending,down,down,2843,4.0,110.07,110.69,0.6200000000000045,ok,113.6,3.530000000000001,113.15547109088894,3.0854710908889444,2844.0,2926.0,2926.0,2844,False,False,-1.0,-0.5382436260623243,-0.6157892730255993
FERTILIZER,FFC,3520,3600,symmetrical,up,up,3603,2.0,95.68,93.4,2.280000000000001,ok,90.98,4.700000000000003,91.5135559440559,4.166444055944112,,,,3693,False,True,4.311403508771927,2.091489361702126,2.359326050706453
FERTILIZER,FFC,4880,4960,symmetrical,down,down,4961,4.0,374.09,375.0,0.910000000000025,skipped_risk_gt_6pct,406.27,,400.2393774488464,26.14937744884645,4962.0,,5022.0,4962,False,False,-1.0,,0.16558711611663998
FOOD & PERSONAL CARE PRODUCTS,FFL,280,360,ascending,sequential,up,372,4.0,52.0,49.9,2.1000000000000014,no_valid_consolidation,,,43.840066225165565,8.159933774834435,373.0,,399.0,373,False,False,-1.0,,-0.30024753479690014
CEMENT,FLYNG,160,240,descending,down,down,241,1.0,11.8,12.15,0.34999999999999964,ok,12.37,0.5699999999999985,12.565153774464118,0.7651537744641175,,,,331,False,True,20.571428571428594,12.631578947368457,9.409873204954897
CEMENT,FLYNG,1320,1400,symmetrical,down,down,1401,3.0,3.41,3.72,0.31000000000000005,skipped_risk_gt_6pct,3.76,,3.710697674418604,0.30069767441860407,1422.0,,1422.0,1422,True,False,-1.0,,-1.0
CEMENT,FLYNG,3680,3760,descending,down,down,3761,1.0,6.66,6.85,0.1899999999999995,skipped_risk_gt_6pct,7.27,,7.650119668347724,0.9901196683477238,,,,3851,False,True,4.4210526315789584,,0.8483822984768717
TEXTILE COMPOSITE,FML,1720,1800,descending,down,down,1807,4.0,62.03,64.0,1.9699999999999989,skipped_risk_gt_6pct,67.67,,70.26114851176565,8.231148511765653,1818.0,,1849.0,1818,False,False,-1.0,,-0.057100172512763926
AUTOMOBILE ASSEMBLER,GAL,520,600,symmetrical,up,up,601,4.0,475.3,465.05,10.25,skipped_risk_gt_6pct,441.54,,426.7,48.60000000000002,602.0,,,602,False,False,-1.0,,-0.0814814814814822
TEXTILE COMPOSITE,GATM,840,920,symmetrical,sequential,up,922,4.0,23.98,22.7,1.2800000000000011,skipped_risk_gt_6pct,21.29,,21.0036873895109,2.9763126104890993,927.0,,949.0,927,False,False,-1.0,,-0.47710042117069557
TEXTILE COMPOSITE,GATM,1000,1080,ascending,up,up,1081,2.0,22.43,21.4,1.0300000000000011,skipped_risk_gt_6pct,20.11,,20.2003648712113,2.2296351287887006,1111.0,,,1111,False,False,-1.0,,-0.23770705491527466
TEXTILE COMPOSITE,GFIL,1720,1800,ascending,down,down,1813,1.0,3.46,4.2,0.7400000000000002,no_valid_consolidation,,,5.026780958721704,1.5667809587217043,1846.0,,,1846,False,False,-1.0,,-0.5042185352089934
TEXTILE COMPOSITE,GFIL,2840,2920,descending,down,down,2923,4.0,8.38,9.3,0.9199999999999999,skipped_risk_gt_6pct,9.79,,10.191397228637413,1.8113972286374125,2937.0,,2970.0,2937,False,False,-1.0,,-0.39748321826770405
GLASS & CERAMICS,GGGL,1880,1960,ascending,down,down,1961,4.0,6.3,6.4,0.10000000000000053,skipped_risk_gt_6pct,6.75,,6.829554719347758,0.5295547193477583,1963.0,,1999.0,1963,False,False,-1.0,,-0.35879200592154004
CHEMICAL,GGL,1760,1840,descending,down,down,1841,4.0,30.75,32.19,1.4399999999999977,skipped_risk_gt_6pct,34.34,,33.28041213063764,2.530412130637643,1844.0,,1846.0,1844,False,False,-1.0,,-0.3596252124236725
GLASS & CERAMICS,GHGL,40,120,descending,down,down,128,3.0,67.05,73.0,5.950000000000003,skipped_risk_gt_6pct,75.7,,73.97177105184298,6.921771051842981,184.0,,185.0,184,False,False,-1.0,,-0.9824075296725451
GLASS & CERAMICS,GHGL,1360,1440,ascending,down,down,1442,4.0,52.64,54.0,1.3599999999999994,ok,55.05,2.4099999999999966,54.58500856468764,1.9450085646876403,1445.0,1446.0,1446.0,1445,False,False,-1.0,-0.13278008298755217,-0.16452369712386888
GLASS & CERAMICS,GHGL,2480,2560,symmetrical,whipsaw,up,2565,4.0,95.83,93.7,2.1299999999999955,ok,92.07,3.760000000000005,94.09915690290865,1.730843097091352,2567.0,2567.0,2567.0,2567,True,False,-1.0,-1.0,-1.0
GLASS & CERAMICS,GHGL,3200,3280,descending,down,down,3292,3.0,44.99,48.05,3.059999999999995,skipped_risk_gt_6pct,49.99,,49.27678488820355,4.286784888203549,,,,3382,False,True,1.3790849673202632,,0.9844207512284253
GLASS & CERAMICS,GHGL,3880,3960,ascending,down,down,3991,2.0,41.26,43.0,1.740000000000002,skipped_risk_gt_6pct,44.89,,43.716541353383455,2.4565413533834572,4017.0,,4022.0,4017,False,False,-1.0,,-0.7123836924583745
GLASS & CERAMICS,GHGL,4000,4080,symmetrical,sequential,down,4086,4.0,39.81,40.8,0.9899999999999949,ok,41.28,1.4699999999999989,41.40594859343602,1.5959485934360202,4090.0,4090.0,4090.0,4090,True,False,-1.0,-1.0,-1.0
AUTOMOBILE ASSEMBLER,GHNI,920,1000,symmetrical,down,down,1001,1.0,7.9702,8.9671,0.9969000000000001,skipped_risk_gt_6pct,9.23,,9.207879802895729,1.2376798028957285,,,,1091,False,True,2.587621627043836,,2.0842224248668013
AUTOMOBILE ASSEMBLER,GHNI,1360,1440,descending,up,up,1447,2.0,3.3355,3.0756,0.2599,skipped_risk_gt_6pct,2.95,,3.0152524185899465,0.3202475814100536,,,,1537,False,True,5.344363216621776,,4.337269289854485
AUTOMOBILE ASSEMBLER,GHNI,4040,4120,symmetrical,down,down,4121,2.0,85.99,88.0,2.010000000000005,ok,90.55,4.560000000000002,88.64367571884986,2.6536757188498683,4149.0,4149.0,4149.0,4149,True,False,-1.0,-1.0,-1.0
PHARMACEUTICALS,GLAXO,1480,1560,ascending,down,down,1567,2.0,70.5,73.9,3.4000000000000057,ok,74.64,4.140000000000001,76.25995139732687,5.759951397326873,1616.0,,,1616,False,False,-1.0,-0.00966183574879378,-0.006944503041912783
PHARMACEUTICALS,GLAXO,2440,2520,descending,up,up,2521,4.0,200.2,192.02,8.179999999999978,ok,190.1,10.099999999999994,188.6713587909864,11.528641209013585,2526.0,2545.0,2547.0,2526,False,False,-1.0,-0.6376237623762377,-0.5586087625803576
PHARMACEUTICALS,GLAXO,2560,2640,ascending,down,down,2641,4.0,219.4,228.0,8.599999999999994,skipped_risk_gt_6pct,234.98,,241.3298716452742,21.929871645274204,2648.0,,2707.0,2648,False,False,-1.0,,-0.21659953495549095
PHARMACEUTICALS,GLAXO,3400,3480,symmetrical,down,down,3481,1.0,116.51,118.99,2.4799999999999898,ok,121.4,4.890000000000001,144.43428880475926,27.924288804759257,,,,3571,False,True,7.431451612903259,3.7689161554192236,0.6599989037808155
FOOD & PERSONAL CARE PRODUCTS,GLPL,640,720,symmetrical,sequential,up,724,4.0,47.5087,46.5257,0.982999999999997,no_valid_consolidation,,,44.80355670283514,2.7051432971648595,725.0,,730.0,725,False,False,-1.0,,-0.12113960851665341
FOOD & PERSONAL CARE PRODUCTS,GLPL,720,800,ascending,down,down,807,4.0,43.5769,45.8704,2.2934999999999945,no_valid_consolidation,,,48.2419746031746,4.665074603174595,818.0,,,818,False,False,-1.0,,-0.491632009151421
AUTOMOBILE PARTS & ACCESSORIES,GTYR,4640,4720,ascending,down,down,4721,4.0,37.28,38.43,1.1499999999999986,skipped_risk_gt_6pct,39.88,,43.91327036310109,6.63327036310109,4730.0,,4767.0,4730,False,False,-1.0,,-0.286434879930288
GLASS & CERAMICS,GVGL,720,800,symmetrical,down,down,801,1.0,15.75,16.0,0.25,no_valid_consolidation,,,19.668383713756942,3.918383713756942,804.0,,880.0,804,False,False,-1.0,,-0.20416581387660004
CEMENT,GWLC,960,1040,descending,up,up,1052,4.0,12.4716,11.59,0.8816000000000006,skipped_risk_gt_6pct,11.29,,11.256584509938312,1.2150154900616883,1059.0,,1064.0,1059,False,False,-1.0,,-0.4378545000878874
CEMENT,GWLC,2720,2800,descending,down,down,2814,2.0,56.8,58.49,1.6900000000000048,skipped_risk_gt_6pct,60.59,,60.845605461020966,4.045605461020969,,,,2904,False,True,16.337278106508826,,6.824689225387836
PHARMACEUTICALS,HALEON,0,80,descending,up,up,84,4.0,139.71,134.0,5.710000000000008,skipped_risk_gt_6pct,130.68,,130.70440313111544,9.005596868884567,86.0,,96.0,86,False,False,-1.0,,-0.5585415462443432
OIL & GAS MARKETING COMPANIES,HASCOL,2600,2680,symmetrical,sequential,up,2685,4.0,12.37,12.0,0.3699999999999992,ok,11.78,0.5899999999999999,11.82586991010048,0.5441300898995198,2689.0,2694.0,2694.0,2689,False,False,-1.0,-0.644067796610168,-0.6983624082802893
COMMERCIAL BANKS,HBL,2040,2120,descending,up,up,2123,1.0,176.22,173.0,3.219999999999999,ok,170.82,5.400000000000006,171.53178294573647,4.688217054263532,2154.0,2154.0,2154.0,2154,True,False,-1.0,-1.0,-1.0
COMMERCIAL BANKS,HBL,3200,3280,ascending,sequential,up,3288,4.0,140.12,136.8,3.319999999999993,skipped_risk_gt_6pct,130.98,,130.50667650434502,9.613323495654981,3309.0,,3315.0,3309,False,False,-1.0,,-0.3682389343914201
COMMERCIAL BANKS,HBL,3800,3880,descending,sequential,down,3885,3.0,70.51,72.2,1.6899999999999977,ok,74.74,4.22999999999999,73.39912457055601,2.8891245705560067,3898.0,3899.0,3898.0,3898,True,False,-1.0,-0.6430260047281336,-1.0
AUTOMOBILE ASSEMBLER,HINO,1840,1920,descending,up,up,1935,3.0,682.2704,637.6039,44.66650000000004,skipped_risk_gt_6pct,622.41,,628.5307873180873,53.73961268191272,1952.0,,1952.0,1952,True,False,-1.0,,-1.0
PHARMACEUTICALS,HINOON,680,760,descending,down,down,762,4.0,79.25,87.0,7.75,skipped_risk_gt_6pct,88.88,,88.2278620237761,8.977862023776098,784.0,,,784,False,False,-1.0,,-0.7295723617330734
COMMERCIAL BANKS,HMB,880,960,descending,up,up,966,4.0,28.07,26.3,1.7699999999999996,no_valid_consolidation,,,24.371052097428958,3.6989479025710423,970.0,,996.0,970,False,False,-1.0,,-0.4541832013455165
COMMERCIAL BANKS,HMB,1080,1160,ascending,down,down,1175,1.0,30.94,33.19,2.2499999999999964,skipped_risk_gt_6pct,34.95,,34.424193548387095,3.4841935483870934,,,,1265,False,True,3.9244444444444513,,2.534302379409317
COMMERCIAL BANKS,HMB,4200,4280,descending,up,up,4292,4.0,35.48,34.5,0.9799999999999969,ok,33.46,2.019999999999996,33.81488515176373,1.6651148482362643,4297.0,4297.0,4297.0,4297,True,False,-1.0,-1.0,-1.0
COMMERCIAL BANKS,HMB,4960,5040,descending,up,up,5045,2.0,114.36,111.01,3.3499999999999943,ok,109.01,5.349999999999994,110.33178847427689,4.028211525723108,5086.0,5091.0,5087.0,5086,False,False,-1.0,-0.6056074766355137,-0.8043271757975469
OIL & GAS MARKETING COMPANIES,HTL,1560,1640,descending,down,down,1642,2.0,37.46,39.14,1.6799999999999997,skipped_risk_gt_6pct,40.2,,39.133739882014,1.6737398820139973,,,,1732,False,True,8.589285714285715,,8.621411340594037
POWER GENERATION & DISTRIBUTION,HUBC,1320,1400,descending,up,up,1401,1.0,36.37,35.65,0.7199999999999989,skipped_risk_gt_6pct,33.07,,33.247153854155826,3.1228461458441714,,,,1491,False,True,1.9722222222222276,,0.4547134036333211
TECHNOLOGY & COMMUNICATION,HUMNL,3640,3720,symmetrical,down,down,3725,2.0,6.57,7.22,0.6499999999999995,skipped_risk_gt_6pct,7.36,,7.097058823529409,0.5270588235294085,,,,3815,False,True,1.246153846153848,,1.5368303571428676
PHARMACEUTICALS,IBLHL,360,440,ascending,up,up,441,4.0,9.4,9.16,0.2400000000000002,no_valid_consolidation,,,7.82930553449583,1.57069446550417,442.0,,,442,False,False,-1.0,,0.03183305289354901
PHARMACEUTICALS,IBLHL,3320,3400,symmetrical,down,down,3426,4.0,32.9,34.15,1.25,ok,34.83,1.9299999999999997,34.43828962371721,1.538289623717212,3428.0,3455.0,3428.0,3428,True,False,-1.0,0.2746113989637312,-1.0
PHARMACEUTICALS,IBLHL,3920,4000,symmetrical,down,down,4002,3.0,60.12,63.74,3.6200000000000045,skipped_risk_gt_6pct,64.38,,63.857709824333114,3.737709824333116,4042.0,,4042.0,4042,True,False,-1.0,,-1.0
INSURANCE,IGIL,2120,2200,descending,down,down,2203,2.0,47.09,50.9,3.809999999999995,skipped_risk_gt_6pct,56.05,,54.75616596002422,7.666165960024216,,,,2293,False,True,2.664041994750661,,1.3239995133066418
INSURANCE,IGIL,2640,2720,descending,sequential,down,2730,4.0,12.85,13.68,0.8300000000000001,skipped_risk_gt_6pct,13.98,,14.523047918303222,1.6730479183032223,2736.0,,2753.0,2736,False,False,-1.0,,-0.08367961160490027
TEXTILE COMPOSITE,ILP,800,880,ascending,down,down,881,2.0,60.01,62.0,1.990000000000002,skipped_risk_gt_6pct,64.53,,64.00466328643861,3.994663286438616,,,,971,False,True,5.3618090452261224,,2.6710636754350023
AUTOMOBILE ASSEMBLER,INDU,3000,3080,ascending,down,down,3084,4.0,1699.2,1778.97,79.76999999999998,ok,1796.76,97.55999999999995,1800.9362490948592,101.7362490948592,3103.0,3104.0,3104.0,3103,False,False,-1.0,-0.6169536695366963,-0.5916278665225676
AUTOMOBILE ASSEMBLER,INDU,3360,3440,ascending,down,down,3441,4.0,1200.31,1240.0,39.690000000000055,skipped_risk_gt_6pct,1297.85,,1354.6308087507425,154.32080875074257,3469.0,,,3469,False,False,-1.0,,-0.0528768612998914
FOOD & PERSONAL CARE PRODUCTS,ISIL,1680,1760,symmetrical,down,down,1761,4.0,1776.71,1800.0,23.289999999999964,ok,1818.0,41.289999999999964,1929.7521202695696,153.04212026956952,1763.0,1769.0,1804.0,1763,False,False,-1.0,0.7149430854928556,0.19288807517827924
ENGINEERING,ISL,2560,2640,descending,sequential,down,2641,4.0,60.73,62.02,1.2900000000000063,skipped_risk_gt_6pct,67.66,,69.67586462882093,8.945864628820935,2643.0,,,2643,False,False,-1.0,,-0.1788535894948906
ENGINEERING,ISL,2840,2920,symmetrical,sequential,up,2932,4.0,44.99,43.07,1.9200000000000017,skipped_risk_gt_6pct,41.42,,42.02201683446114,2.967983165538861,2934.0,,2935.0,2934,False,False,-1.0,,-0.650273230121099
ENGINEERING,ISL,3320,3400,descending,sequential,down,3405,3.0,77.45,82.25,4.799999999999997,skipped_risk_gt_6pct,83.07,,81.96877079978532,4.518770799785315,3434.0,,3433.0,3433,False,False,-0.7895833333333322,,-1.0
ENGINEERING,ITTEFAQ,120,200,symmetrical,down,down,201,1.0,19.91,21.01,1.1000000000000014,skipped_risk_gt_6pct,21.61,,21.53085209825998,1.6208520982599808,,,,291,False,True,4.6363636363636305,,3.1464931349843446
INSURANCE,JGICL,400,480,ascending,up,up,481,4.0,140.0579,135.2912,4.766699999999986,no_valid_consolidation,,,55.76592820629849,84.29197179370149,482.0,,,482,False,False,-1.0,,-0.08307908631131651
INSURANCE,JGICL,1120,1200,ascending,up,up,1201,2.0,37.1271,35.603,1.5240999999999971,skipped_risk_gt_6pct,34.66,,34.11503730081752,3.0120626991824793,,,,1291,False,True,3.7322354176235213,,1.8885065047098426
INSURANCE,JGICL,3640,3720,descending,sequential,up,3721,4.0,82.21,81.37,0.8399999999999892,skipped_risk_gt_6pct,77.22,,77.60668319578335,4.603316804216647,3722.0,,3753.0,3722,False,False,-1.0,,-0.10644498756877954
INSURANCE,JLICL,1560,1640,ascending,up,up,1641,4.0,82.5,77.5,5.0,skipped_risk_gt_6pct,72.52,,71.71258813029897,10.787411869701032,1643.0,,,1643,False,False,-1.0,,-0.0927006414586555
INSURANCE,JLICL,4280,4360,descending,up,up,4361,2.0,178.3,167.35,10.950000000000017,skipped_risk_gt_6pct,162.86,,160.2619387755102,18.03806122448981,,,,4381,False,True,-0.7305936073059349,,-0.44350664411420265
COMMERCIAL BANKS,JSBL,160,240,symmetrical,sequential,down,242,4.0,18.8,19.35,0.5500000000000007,skipped_risk_gt_6pct,20.15,,20.150328227571116,1.350328227571115,244.0,,245.0,244,False,False,-1.0,,-0.407308377896614
COMMERCIAL BANKS,JSBL,1200,1280,symmetrical,up,up,1281,4.0,5.51,5.34,0.16999999999999993,ok,5.23,0.27999999999999936,5.027353401774839,0.48264659822516087,1284.0,1289.0,1294.0,1284,False,False,-1.0,-0.39285714285714174,-0.22791002858924742
COMMERCIAL BANKS,JSBL,1600,1680,symmetrical,sequential,down,1684,4.0,4.09,4.38,0.29000000000000004,skipped_risk_gt_6pct,4.49,,4.960273037542661,0.8702730375426615,1692.0,,1702.0,1692,False,False,-1.0,,-0.3562100474528421
COMMERCIAL BANKS,JSBL,3240,3320,descending,sequential,up,3321,3.0,7.15,6.75,0.40000000000000036,skipped_risk_gt_6pct,6.68,,6.18155737704918,0.9684426229508203,3333.0,,3346.0,3333,False,False,-1.0,,-0.3923825645366066
COMMERCIAL BANKS,JSBL,3360,3440,ascending,down,down,3448,4.0,5.25,5.45,0.20000000000000018,skipped_risk_gt_6pct,5.71,,5.862617119263141,0.6126171192631409,3454.0,,,3454,False,False,-1.0,,-0.08161704664757016
TEXTILE COMPOSITE,JUBS,560,640,ascending,sequential,down,641,4.0,5.41,5.65,0.2400000000000002,skipped_risk_gt_6pct,6.06,,7.001666666666666,1.591666666666666,645.0,,670.0,645,False,False,-1.0,,-0.05654450261780099
PROPERTY,JVDC,1120,1200,symmetrical,up,up,1201,1.0,30.3,28.75,1.5500000000000007,skipped_risk_gt_6pct,28.15,,25.209679125528915,5.090320874471086,1249.0,,1264.0,1249,False,False,-1.0,,-0.36932838741631235
POWER GENERATION & DISTRIBUTION,KAPCO,1680,1760,symmetrical,up,up,1762,4.0,45.45,43.75,1.7000000000000028,ok,42.87,2.5800000000000054,43.18741179983789,2.2625882001621136,1765.0,,1768.0,1765,False,False,-1.0,-0.4961240310077513,-0.5657238024613978
POWER GENERATION & DISTRIBUTION,KAPCO,2440,2520,ascending,sequential,down,2532,4.0,86.27,87.7,1.4300000000000068,ok,89.39,3.1200000000000045,88.90959426664645,2.639594266646455,2538.0,2546.0,2545.0,2538,False,False,-1.0,-0.17307692307692482,-0.204576895329472
POWER GENERATION & DISTRIBUTION,KAPCO,2480,2560,ascending,sequential,up,2561,3.0,93.68,89.11,4.570000000000007,ok,88.22,5.460000000000008,86.19015756687432,7.489842433125688,2597.0,2597.0,2599.0,2597,True,False,-1.0,-1.0,-0.7837281027486602
POWER GENERATION & DISTRIBUTION,KAPCO,4200,4280,descending,up,up,4282,1.0,27.7,26.89,0.8099999999999987,skipped_risk_gt_6pct,26.03,,26.47502254283138,1.2249774571686203,4338.0,,4340.0,4338,False,False,-1.0,,-0.8898122929701877
POWER GENERATION & DISTRIBUTION,KAPCO,5160,5240,descending,up,up,5241,4.0,28.26,28.16,0.10000000000000142,ok,27.47,0.7900000000000027,26.963499276851643,1.296500723148359,5242.0,5250.0,,5242,False,False,-1.0,0.025316455696201907,0.01542613871547449
POWER GENERATION & DISTRIBUTION,KEL,3160,3240,ascending,sequential,up,3242,3.0,6.75,6.45,0.2999999999999998,skipped_risk_gt_6pct,6.15,,6.214601718644397,0.5353982813556026,3271.0,,3274.0,3271,False,False,-1.0,,-0.48561978821017565
TEXTILE COMPOSITE,KML,1280,1360,descending,sequential,up,1373,3.0,17.6,16.1,1.5,skipped_risk_gt_6pct,15.85,,15.770959367945824,1.829040632054177,1384.0,,1393.0,1384,False,False,-1.0,,-0.6779510407089047
CEMENT,KOHC,2120,2200,ascending,sequential,up,2201,3.0,122.65,115.75,6.900000000000006,skipped_risk_gt_6pct,113.36,,116.01509689922477,6.634903100775233,2272.0,,2272.0,2272,True,False,-1.0,,-1.0
CEMENT,KOHC,3800,3880,symmetrical,whipsaw,down,3883,4.0,212.66,219.5,6.840000000000003,ok,225.23,12.569999999999993,219.44161080184767,6.781610801847677,3884.0,3884.0,3884.0,3884,True,False,-1.0,-1.0,-1.0
CEMENT,KOHC,4240,4320,ascending,down,down,4327,4.0,155.77,166.85,11.079999999999984,skipped_risk_gt_6pct,170.59,,164.85301215601464,9.083012156014632,4332.0,,4329.0,4329,False,False,-0.5478339350180507,,-1.0
CEMENT,KOHC,4840,4920,ascending,down,down,4922,3.0,373.07,389.0,15.930000000000007,ok,393.9,20.829999999999984,403.8717585117585,30.80175851175852,4926.0,4927.0,4951.0,4926,False,False,-1.0,-0.6711473835813744,-0.4538701903874474
POWER GENERATION & DISTRIBUTION,KOHE,2440,2520,ascending,up,up,2540,4.0,32.6888,32.2702,0.41859999999999786,ok,31.65,1.038800000000002,31.50473764271323,1.18406235728677,2541.0,,,2541,False,False,-1.0,-0.14651520985752817,-0.12854052750123784
POWER GENERATION & DISTRIBUTION,KOHP,3560,3640,ascending,down,down,3649,3.0,3.72,4.14,0.4199999999999995,no_valid_consolidation,,,4.4872544673777535,0.7672544673777533,3688.0,,3708.0,3688,False,False,-1.0,,-0.09123439872463557
TEXTILE COMPOSITE,KOIL,1720,1800,descending,sequential,up,1801,4.0,3.79,3.45,0.33999999999999986,no_valid_consolidation,,,2.6839634146341464,1.1060365853658536,1802.0,,1816.0,1802,False,False,-1.0,,-0.3797342742157781
TEXTILE COMPOSITE,KOIL,3760,3840,descending,whipsaw,down,3855,4.0,5.5,5.99,0.4900000000000002,no_valid_consolidation,,,5.974404322614653,0.47440432261465304,3857.0,,3857.0,3857,True,False,-1.0,,-1.0
TEXTILE COMPOSITE,KOIL,3960,4040,symmetrical,up,up,4041,3.0,5.1,4.9,0.1999999999999993,skipped_risk_gt_6pct,4.65,,4.605144904954816,0.49485509504518355,4047.0,,,4047,False,False,-1.0,,-0.30311903727353456
TEXTILE COMPOSITE,KTML,2200,2280,descending,sequential,up,2281,4.0,24.15,24.0,0.14999999999999858,ok,23.76,0.389999999999997,22.89966185752931,1.2503381424706888,2282.0,2282.0,2283.0,2282,True,False,-1.0,-1.0,-0.47187235193365384
AUTOMOBILE PARTS & ACCESSORIES,LOADS,1120,1200,symmetrical,down,down,1201,4.0,19.56,20.18,0.620000000000001,no_valid_consolidation,,,22.497631187592944,2.9376311875929453,1202.0,,,1202,False,False,-1.0,,-0.49699908081255934
AUTOMOBILE PARTS & ACCESSORIES,LOADS,2200,2280,symmetrical,down,down,2288,1.0,17.86,18.38,0.5199999999999996,no_valid_consolidation,,,19.300695296523514,1.440695296523515,,,,2378,False,True,7.096153846153851,,2.561263307310153
CHEMICAL,LOTCHEM,1000,1080,descending,up,up,1084,1.0,3.03,2.91,0.11999999999999966,skipped_risk_gt_6pct,2.79,,2.822403490216816,0.20759650978318378,,,,1174,False,True,34.7500000000001,,20.087042910091295
CHEMICAL,LOTCHEM,1720,1800,symmetrical,down,down,1801,1.0,7.4,7.69,0.29000000000000004,skipped_risk_gt_6pct,7.98,,8.507202426080365,1.1072024260803648,1819.0,,,1819,False,False,-1.0,,-0.14450835387564973
CHEMICAL,LOTCHEM,4400,4480,descending,up,up,4484,4.0,25.91,24.81,1.1000000000000014,skipped_risk_gt_6pct,23.9,,23.67467251768405,2.235327482315949,4485.0,,4566.0,4485,False,False,-1.0,,-0.7336732594997002
CHEMICAL,LPGL,1640,1720,symmetrical,down,down,1731,4.0,106.25,109.0,2.75,skipped_risk_gt_6pct,114.23,,115.50971830985915,9.259718309859153,1732.0,,,1732,False,False,-1.0,,-0.007559625212946454
POWER GENERATION & DISTRIBUTION,LPL,80,160,descending,down,down,161,4.0,9.1843,9.3813,0.19699999999999918,skipped_risk_gt_6pct,10.42,,9.933703609022555,0.7494036090225542,163.0,,171.0,163,False,False,-1.0,,0.1383767021555389
POWER GENERATION & DISTRIBUTION,LPL,120,200,descending,down,down,207,4.0,9.1895,9.3294,0.13989999999999903,ok,9.55,0.36050000000000004,9.621449927961875,0.4319499279618739,209.0,282.0,283.0,209,False,False,-1.0,-0.3880721220527018,-0.3238801327276695
POWER GENERATION & DISTRIBUTION,LPL,400,480,ascending,down,down,488,1.0,16.057,16.7463,0.6893000000000029,skipped_risk_gt_6pct,17.53,,17.581321126760564,1.5243211267605652,541.0,,,541,False,False,-1.0,,-0.47601518293065986
POWER GENERATION & DISTRIBUTION,LPL,720,800,descending,up,up,821,1.0,11.9987,11.3093,0.6893999999999991,skipped_risk_gt_6pct,11.16,,11.322844072891227,0.6758559271087723,856.0,,856.0,856,True,False,-1.0,,-1.0
CEMENT,LUCK,2040,2120,descending,up,up,2121,1.0,239.98,237.5,2.4799999999999898,ok,228.64,11.340000000000003,224.87402072598854,15.105979274011446,,,,2211,False,True,39.48387096774209,8.634920634920631,6.482201400108037
MISCELLANEOUS,MACFL,3800,3880,descending,up,up,3881,4.0,16.99,15.22,1.7699999999999978,skipped_risk_gt_6pct,15.07,,15.103274554029117,1.8867254459708818,3892.0,,3904.0,3892,False,False,-1.0,,-0.9116323753798272
PHARMACEUTICALS,MACTER,360,440,symmetrical,sequential,up,441,4.0,183.0,157.0,26.0,no_valid_consolidation,,,144.05692307692308,38.943076923076916,451.0,,456.0,451,False,False,-1.0,,-0.8468770987239758
PHARMACEUTICALS,MACTER,1000,1080,symmetrical,down,down,1086,4.0,381.43,395.0,13.569999999999993,skipped_risk_gt_6pct,410.06,,457.0893650793651,75.6593650793651,1097.0,,,1097,False,False,-1.0,,-0.22376608609179827
OIL & GAS EXPLORATION COMPANIES,MARI,680,760,symmetrical,whipsaw,down,763,4.0,143.7893,149.6427,5.8533999999999935,ok,151.6,7.810699999999997,147.3682883402275,3.578988340227511,767.0,795.0,766.0,766,False,False,-0.24782177879523185,-0.18571958979348957,-1.0
COMMERCIAL BANKS,MCB,1280,1360,ascending,up,up,1379,4.0,200.01,196.15,3.859999999999985,ok,191.76,8.25,184.522168136525,15.48783186347498,1382.0,,,1382,False,False,-1.0,-0.2315151515151511,-0.12332261977251688
COMMERCIAL BANKS,MCB,1800,1880,symmetrical,up,up,1882,2.0,187.99,186.0,1.990000000000009,ok,181.27,6.719999999999999,182.05393979303858,5.936060206961429,1891.0,,,1891,False,False,-1.0,-0.2812500000000022,-0.3183929970561189
COMMERCIAL BANKS,MCB,2080,2160,ascending,whipsaw,up,2165,4.0,299.54,283.0,16.54000000000002,skipped_risk_gt_6pct,279.28,,287.9970189398184,11.542981060181603,2167.0,,2166.0,2166,False,False,-0.8494558645707373,,-1.0
COMMERCIAL BANKS,MCB,2120,2200,ascending,down,down,2201,4.0,277.66,282.97,5.310000000000002,ok,288.61,10.949999999999989,300.4427368421053,22.782736842105294,2219.0,2265.0,2276.0,2219,False,False,-1.0,-0.5369863013698631,-0.25809015136114083
COMMERCIAL BANKS,MCB,3080,3160,symmetrical,up,up,3162,1.0,210.14,199.5,10.639999999999986,skipped_risk_gt_6pct,193.54,,200.37478260869563,9.765217391304361,,,,3252,False,True,-0.847744360902255,,-0.9236865538735498
COMMERCIAL BANKS,MCB,4120,4200,ascending,down,down,4201,1.0,148.81,154.0,5.189999999999998,skipped_risk_gt_6pct,162.41,,165.09529724315138,16.285297243151376,4224.0,,,4224,False,False,-1.0,,-0.2922881866342208
COMMERCIAL BANKS,MEBL,1000,1080,descending,up,up,1082,4.0,11.58,11.24,0.33999999999999986,skipped_risk_gt_6pct,10.71,,10.731236792197237,0.8487632078027634,1083.0,,,1083,False,False,-1.0,,-0.035345547172882165
COMMERCIAL BANKS,MEBL,1560,1640,ascending,sequential,down,1645,3.0,18.92,19.4,0.4799999999999969,ok,19.7,0.7799999999999976,19.84712292358804,0.9271229235880369,1676.0,1676.0,1676.0,1676,True,False,-1.0,-1.0,-1.0
COMMERCIAL BANKS,MEBL,2080,2160,ascending,down,down,2169,2.0,38.57,39.0,0.4299999999999997,ok,39.59,1.0200000000000031,39.541976793822045,0.9719767938220443,2180.0,2201.0,2201.0,2180,False,False,-1.0,-0.1470588235294099,-0.15432467210473497
COMMERCIAL BANKS,MEBL,2280,2360,descending,up,up,2361,4.0,53.05,50.75,2.299999999999997,skipped_risk_gt_6pct,47.51,,40.779912987431516,12.270087012568482,2365.0,,,2365,False,False,-1.0,,-0.19152268419880356
COMMERCIAL BANKS,MEBL,4800,4880,symmetrical,up,up,4893,4.0,243.26,240.65,2.609999999999985,ok,234.13,9.129999999999995,234.34704543483912,8.912954565160874,4896.0,,,4896,False,False,-1.0,-0.244249726177436,-0.2501976178266022
PAPER & BOARD,MERIT,720,800,symmetrical,down,down,801,2.0,17.35,18.13,0.7799999999999976,no_valid_consolidation,,,19.462405255179384,2.1124052551793824,853.0,,873.0,853,False,False,-1.0,,-0.2840364075637782
PAPER & BOARD,MERIT,1400,1480,ascending,down,down,1493,4.0,17.71,18.46,0.75,skipped_risk_gt_6pct,19.7,,20.056779661016947,2.346779661016946,1511.0,,1532.0,1511,False,False,-1.0,,-0.3408926765852962
PAPER & BOARD,MERIT,4240,4320,ascending,down,down,4344,2.0,12.87,13.18,0.3100000000000005,ok,13.59,0.7200000000000006,13.937181455326993,1.0671814553269936,,,,4434,False,True,11.741935483870945,5.055555555555549,3.4108538729101805
PAPER & BOARD,MERIT,4280,4360,descending,down,down,4361,2.0,12.36,13.15,0.7900000000000009,skipped_risk_gt_6pct,13.28,,13.557735799207396,1.197735799207397,,,,4451,False,True,2.8481012658227813,,1.8785445016245987
FOOD & PERSONAL CARE PRODUCTS,MFFL,2040,2120,ascending,down,down,2121,4.0,261.0,273.98,12.980000000000018,skipped_risk_gt_6pct,279.75,,292.9327272727272,31.93272727272722,2131.0,,2146.0,2131,False,False,-1.0,,-0.40679268917610983
FOOD & PERSONAL CARE PRODUCTS,MFL,1240,1320,descending,up,up,1321,4.0,30.05,29.8,0.25,ok,29.5,0.5500000000000007,27.503506245407785,2.546493754592216,1325.0,1342.0,1363.0,1325,False,False,-1.0,0.10909090909090663,0.02356180920993731
CEMENT,MLCF,1360,1440,symmetrical,down,down,1441,1.0,2.75,2.89,0.14000000000000012,skipped_risk_gt_6pct,2.92,,2.964593175853018,0.21459317585301818,1489.0,,,1489,False,False,-1.0,,1.8173923679060688
CEMENT,MLCF,2560,2640,symmetrical,down,down,2643,2.0,69.04,70.94,1.8999999999999915,skipped_risk_gt_6pct,74.43,,73.20899603698811,4.168996036988105,2653.0,,2666.0,2653,False,False,-1.0,,-0.31662299227169055
CEMENT,MLCF,4080,4160,ascending,down,down,4168,4.0,32.51,34.41,1.8999999999999986,skipped_risk_gt_6pct,36.28,,37.32989913544669,4.81989913544669,4172.0,,4226.0,4172,False,False,-1.0,,-0.3547792084328596
ENGINEERING,MSCL,1520,1600,descending,whipsaw,down,1601,4.0,20.65,22.26,1.610000000000003,no_valid_consolidation,,,25.380617464788727,4.730617464788729,1603.0,,1604.0,1603,False,False,-1.0,,-0.6764444649812572
TEXTILE COMPOSITE,MSOT,840,920,symmetrical,whipsaw,up,921,4.0,29.88,29.6,0.2799999999999976,ok,28.18,1.6999999999999993,27.862291870714987,2.017708129285012,922.0,923.0,923.0,922,False,False,-1.0,-0.8705882352941182,-0.7335054949322369
TEXTILE COMPOSITE,MSOT,960,1040,descending,up,up,1041,1.0,28.35,27.0,1.3500000000000014,no_valid_consolidation,,,24.697120236461522,3.652879763538479,,,,1131,False,True,76.7777777777777,,28.374873171187026
AUTOMOBILE ASSEMBLER,MTL,200,280,symmetrical,up,up,283,1.0,65.7186,62.5698,3.1487999999999943,skipped_risk_gt_6pct,60.33,,61.35838711396903,4.360212886030965,308.0,,310.0,308,False,False,-1.0,,-0.9504811137266481
AUTOMOBILE ASSEMBLER,MTL,1560,1640,descending,up,up,1643,1.0,140.8413,129.3095,11.531799999999976,skipped_risk_gt_6pct,127.95,,128.54099153503444,12.300308464965553,,,,1733,False,True,2.9119911895801236,,2.7300534857028924
AUTOMOBILE ASSEMBLER,MTL,3360,3440,symmetrical,sequential,up,3448,4.0,321.1768,313.305,7.8718000000000075,ok,310.18,10.996800000000007,309.8136717981524,11.363128201847587,3452.0,3452.0,3452.0,3452,True,False,-1.0,-1.0,-1.0
AUTOMOBILE ASSEMBLER,MTL,4160,4240,ascending,down,down,4243,3.0,304.0909,309.7447,5.653800000000047,ok,316.26,12.169100000000014,324.5336263202726,20.44272632027264,4259.0,4260.0,4261.0,4259,False,False,-1.0,-0.9043314624746289,-0.5383283925826803
AUTOMOBILE ASSEMBLER,MTL,5040,5120,ascending,sequential,up,5123,4.0,292.0763,280.5072,11.569099999999992,skipped_risk_gt_6pct,270.78,,273.2841174890773,18.792182510922714,5132.0,,5132.0,5132,True,False,-1.0,,-1.0
ENGINEERING,MUGHAL,1120,1200,ascending,sequential,down,1201,4.0,42.01,42.19,0.17999999999999972,ok,44.22,2.210000000000001,45.49063218390805,3.4806321839080496,1202.0,1210.0,1211.0,1202,False,False,-1.0,0.895927601809953,0.5688621765764561
FOOD & PERSONAL CARE PRODUCTS,MUREB,2600,2680,ascending,sequential,up,2681,3.0,1008.17,960.17,48.0,no_valid_consolidation,,,780.1115951626834,228.05840483731652,2684.0,,2695.0,2684,False,False,-1.0,,-0.026045959605116017
FOOD & PERSONAL CARE PRODUCTS,MUREB,2800,2880,ascending,up,up,2882,4.0,820.0,806.01,13.990000000000009,ok,772.2,47.799999999999955,752.4198147475481,67.58018525245188,2884.0,2909.0,2910.0,2884,False,False,-1.0,-0.2092050209205023,-0.14797236738319222
FOOD & PERSONAL CARE PRODUCTS,MUREB,3120,3200,descending,up,up,3208,3.0,589.99,555.0,34.99000000000001,skipped_risk_gt_6pct,549.45,,550.475555688551,39.51444431144898,3249.0,,3252.0,3249,False,False,-1.0,,-0.5818125599539014
MISCELLANEOUS,MWMP,760,840,symmetrical,up,up,841,3.0,0.07,0.0653,0.00470000000000001,no_valid_consolidation,,,0.04774988523335884,0.02225011476664117,872.0,,,872,False,False,-1.0,,-0.03595487072270843
FOOD & PERSONAL CARE PRODUCTS,NATF,680,760,descending,down,down,762,2.0,32.01,32.8819,0.8719000000000037,skipped_risk_gt_6pct,33.97,,33.22749562295365,1.217495622953649,768.0,,773.0,768,False,False,-1.0,,-0.34784519304684774
FOOD & PERSONAL CARE PRODUCTS,NATF,1120,1200,symmetrical,up,up,1213,4.0,32.2841,31.6364,0.6477000000000039,ok,31.32,0.964100000000002,30.557237020346854,1.7268629796531485,1218.0,1218.0,,1218,True,False,-1.0,-1.0,0.05767684012775614
FOOD & PERSONAL CARE PRODUCTS,NATF,2000,2080,descending,whipsaw,up,2081,4.0,358.39,335.12,23.269999999999982,skipped_risk_gt_6pct,329.67,,332.5010841654779,25.888915834522095,2084.0,,2084.0,2084,True,False,-1.0,,-1.0
FOOD & PERSONAL CARE PRODUCTS,NATF,3440,3520,descending,down,down,3521,4.0,162.28,166.6,4.319999999999993,skipped_risk_gt_6pct,178.77,,228.72919397116647,66.44919397116647,3527.0,,,3527,False,False,-1.0,,-0.07870674853135741
COMMERCIAL BANKS,NBP,1320,1400,symmetrical,up,up,1401,2.0,39.3505,37.8842,1.4662999999999968,skipped_risk_gt_6pct,36.59,,37.45168772893773,1.898812271062269,,,,1491,False,True,3.4741867285003147,,2.682834989869803
COMMERCIAL BANKS,NBP,1760,1840,descending,down,down,1842,4.0,33.9481,34.4876,0.5395000000000039,ok,34.91,0.9619,34.52934610436026,0.581246104360261,1843.0,1846.0,1843.0,1843,True,False,-1.0,-0.41667533007589547,-1.0
COMMERCIAL BANKS,NBP,3160,3240,ascending,sequential,up,3242,4.0,52.26,51.01,1.25,ok,50.29,1.9699999999999989,48.70487220447285,3.5551277955271487,3243.0,3246.0,3259.0,3243,False,False,-1.0,-0.5076142131979698,-0.28128384055789524
COMMERCIAL BANKS,NBP,4840,4920,descending,up,up,4921,1.0,64.69,62.56,2.1299999999999955,skipped_risk_gt_6pct,58.9,,59.20467623005766,5.48532376994234,,,,5011,False,True,19.85446009389676,,7.709663417086599
TEXTILE COMPOSITE,NCL,360,440,symmetrical,down,down,444,4.0,46.9,47.75,0.8500000000000014,skipped_risk_gt_6pct,49.89,,49.97311083977751,3.073110839777513,447.0,,,447,False,False,-1.0,,-0.1301612668252987
TEXTILE COMPOSITE,NCL,1280,1360,symmetrical,whipsaw,up,1361,4.0,16.51,16.5,0.010000000000001563,ok,15.74,0.7700000000000014,15.976975405546833,0.5330245944531686,1362.0,1366.0,1364.0,1362,False,False,-1.0,0.8311688311688258,1.200695064843255
TEXTILE COMPOSITE,NCL,2640,2720,descending,up,up,2740,2.0,34.47,33.15,1.3200000000000003,ok,32.67,1.7999999999999972,32.36290322580645,2.1070967741935505,2793.0,,,2793,False,False,-1.0,-0.7333333333333346,-0.6264543784445801
TEXTILE COMPOSITE,NCL,3360,3440,symmetrical,down,down,3476,2.0,50.79,52.39,1.6000000000000014,ok,52.91,2.1199999999999974,54.6505128205128,3.8605128205128025,,,,3566,False,True,12.599999999999989,9.509433962264163,5.2221041445271235
POWER GENERATION & DISTRIBUTION,NCPL,0,80,symmetrical,down,down,81,4.0,9.15,9.61,0.4599999999999991,skipped_risk_gt_6pct,10.1,,10.350999442689952,1.2009994426899517,86.0,,104.0,86,False,False,-1.0,,-0.4995839120925344
POWER GENERATION & DISTRIBUTION,NCPL,1240,1320,ascending,whipsaw,down,1333,4.0,49.04,52.0,2.960000000000001,skipped_risk_gt_6pct,53.38,,53.7913930301016,4.751393030101603,1335.0,,1335.0,1335,True,False,-1.0,,-1.0
FOOD & PERSONAL CARE PRODUCTS,NESTLE,2720,2800,ascending,up,up,2828,2.0,6290.0,5850.0,440.0,skipped_risk_gt_6pct,5742.01,,5734.009797539968,555.9902024600324,2843.0,,2846.0,2843,False,False,-1.0,,-0.8992604506118809
TECHNOLOGY & COMMUNICATION,NETSOL,1200,1280,ascending,up,up,1281,4.0,25.39,24.79,0.6000000000000014,no_valid_consolidation,,,18.592301829268294,6.797698170731707,1282.0,,,1282,False,False,-1.0,,-0.17358817210811583
CHEMICAL,NICL,2560,2640,ascending,down,down,2643,1.0,25.69,27.0,1.3099999999999987,skipped_risk_gt_6pct,28.38,,28.15008298755187,2.4600829875518677,2693.0,,2726.0,2693,False,False,-1.0,,-0.3292571852651458
TEXTILE COMPOSITE,NML,3400,3480,ascending,down,down,3481,4.0,122.55,128.0,5.450000000000003,skipped_risk_gt_6pct,135.33,,139.48437464371224,16.934374643712246,3484.0,,,3484,False,False,-1.0,,-0.21494741179306182
REFINERY,NRL,2360,2440,ascending,sequential,up,2441,4.0,207.33,205.0,2.3300000000000125,ok,200.97,6.360000000000014,194.9755203862661,12.3544796137339,2442.0,2442.0,2466.0,2442,True,False,-1.0,-1.0,-0.4654182272159802
CHEMICAL,NRSL,4720,4800,ascending,sequential,down,4806,4.0,21.26,21.65,0.389999999999997,skipped_risk_gt_6pct,23.73,,23.89891831126655,2.638918311266547,4808.0,,4810.0,4808,False,False,-1.0,,-0.09094635441170992
OIL & GAS MARKETING COMPANIES,OBOY,440,520,symmetrical,down,down,527,4.0,5.94,6.2,0.2599999999999998,skipped_risk_gt_6pct,6.42,,6.611699819168173,0.6716998191681727,532.0,,547.0,532,False,False,-1.0,,-0.38707766859604276
OIL & GAS EXPLORATION COMPANIES,OGDC,360,440,descending,up,up,441,4.0,135.85,135.55,0.29999999999998295,skipped_risk_gt_6pct,125.88,,124.30631229235881,11.543687707641183,442.0,,471.0,442,False,False,-1.0,,0.08662743010087356
OIL & GAS EXPLORATION COMPANIES,OGDC,480,560,ascending,up,up,562,4.0,124.55,119.05,5.5,ok,117.86,6.689999999999998,117.37260604113109,7.177393958868905,574.0,579.0,579.0,574,False,False,-1.0,-0.8295964125560537,-0.7732611630077819
OIL & GAS EXPLORATION COMPANIES,OGDC,520,600,ascending,down,down,607,4.0,120.5,121.75,1.25,ok,125.04,4.540000000000006,124.42902130492678,3.9290213049267777,614.0,680.0,623.0,614,False,False,-1.0,-0.3303964757709247,-0.3817744633044066
OIL & GAS EXPLORATION COMPANIES,OGDC,2400,2480,descending,down,down,2482,1.0,197.74,205.3,7.560000000000002,ok,207.56,9.819999999999993,212.29584623473738,14.555846234737373,,,,2572,False,True,5.370370370370372,4.134419551934832,2.789257274723647
OIL & GAS EXPLORATION COMPANIES,OGDC,3760,3840,ascending,down,down,3841,4.0,108.86,113.0,4.140000000000001,ok,115.14,6.280000000000001,116.76985068072024,7.90985068072024,3848.0,3922.0,3922.0,3848,False,False,-1.0,-0.5557324840764322,-0.4412219826736615
MISCELLANEOUS,PABC,480,560,symmetrical,up,up,561,1.0,54.13,53.03,1.1000000000000014,skipped_risk_gt_6pct,48.91,,49.43841302592625,4.691586974073751,,,,651,False,True,14.427272727272706,,3.3826507081078203
PROPERTY,PACE,2240,2320,symmetrical,up,up,2333,1.0,7.17,6.5,0.6699999999999999,skipped_risk_gt_6pct,6.4,,6.425393794749404,0.7446062052505962,,,,2423,False,True,6.985074626865672,,6.285201448764387
CABLE & ELECTRICAL GOODS,PAEL,1000,1080,descending,down,down,1085,4.0,13.4691,14.1692,0.7001000000000008,skipped_risk_gt_6pct,14.81,,15.993470041351777,2.5243700413517782,1088.0,,1110.0,1088,False,False,-1.0,,-0.23510816175040108
CABLE & ELECTRICAL GOODS,PAEL,2160,2240,symmetrical,up,up,2243,1.0,22.1,20.0,2.1000000000000014,skipped_risk_gt_6pct,19.7,,19.608216973786664,2.491783026213337,,,,2333,False,True,3.347619047619044,,2.8212729302852693
CABLE & ELECTRICAL GOODS,PAEL,2680,2760,descending,up,up,2761,4.0,65.59,63.97,1.6200000000000045,skipped_risk_gt_6pct,61.13,,59.67729470970909,5.912705290290916,2775.0,,,2775,False,False,-1.0,,-0.26214734607950235
CABLE & ELECTRICAL GOODS,PAEL,4200,4280,descending,sequential,down,4293,4.0,14.5,15.25,0.75,no_valid_consolidation,,,16.716614494726088,2.2166144947260875,4297.0,,4304.0,4297,False,False,-1.0,,-0.22556921881979583
CABLE & ELECTRICAL GOODS,PAEL,4240,4320,ascending,sequential,down,4334,4.0,15.68,16.24,0.5599999999999987,skipped_risk_gt_6pct,16.7,,17.07100636074512,1.39100636074512,4342.0,,4348.0,4342,False,False,-1.0,,-0.2516163907492968
CABLE & ELECTRICAL GOODS,PAEL,4640,4720,symmetrical,up,up,4728,4.0,23.92,22.44,1.4800000000000004,skipped_risk_gt_6pct,22.03,,21.855362035225056,2.0646379647749455,4733.0,,,4733,False,False,-1.0,,-0.6780849833654048
CABLE & ELECTRICAL GOODS,PAEL,4760,4840,descending,up,up,4859,4.0,26.23,25.0,1.2300000000000004,skipped_risk_gt_6pct,24.16,,23.785999999999998,2.4440000000000026,4861.0,,4874.0,4861,False,False,-1.0,,-0.38052373158756087
CABLE & ELECTRICAL GOODS,PAEL,4800,4880,ascending,up,up,4881,1.0,32.38,30.5,1.8800000000000026,no_valid_consolidation,,,25.273580526464755,7.106419473535247,,,,4971,False,True,7.563829787234032,,2.0010076879019274
CABLE & ELECTRICAL GOODS,PAEL,4960,5040,descending,up,up,5044,2.0,42.49,40.8,1.6900000000000048,skipped_risk_gt_6pct,39.4,,39.8194661592265,2.6705338407735013,,,,5134,False,True,7.781065088757374,,4.924109104789023
TECHNOLOGY & COMMUNICATION,PAKD,40,120,symmetrical,up,up,121,2.0,55.3,53.95,1.3499999999999943,skipped_risk_gt_6pct,49.5,,49.89122807017544,5.40877192982456,134.0,,,134,False,False,-1.0,,-0.4714563736620171
TECHNOLOGY & COMMUNICATION,PAKD,600,680,descending,down,down,700,4.0,111.0,114.0,3.0,skipped_risk_gt_6pct,117.67,,120.74410380721517,9.744103807215168,701.0,,705.0,701,False,False,-1.0,,-0.10262616447697682
TECHNOLOGY & COMMUNICATION,PAKD,2960,3040,symmetrical,down,down,3041,1.0,69.99,74.75,4.760000000000005,no_valid_consolidation,,,79.84113636363634,9.851136363636343,,,,3131,False,True,2.195378151260501,,1.0607913254123909
CHEMICAL,PAKOXY,2080,2160,descending,up,up,2163,1.0,117.9081,112.3779,5.530200000000008,skipped_risk_gt_6pct,109.13,,110.55520122161732,7.352898778382681,,,,2253,False,True,6.0293841090738045,,4.534769348114726
CHEMICAL,PAKOXY,3000,3080,descending,down,down,3090,4.0,163.3546,170.0455,6.690899999999999,skipped_risk_gt_6pct,174.72,,177.9805779698733,14.625977969873304,3091.0,,,3091,False,False,-1.0,,-0.4574668452107588
CHEMICAL,PAKOXY,3800,3880,descending,up,up,3887,2.0,156.05,151.0,5.050000000000011,ok,146.93,9.120000000000005,146.54124309703593,9.50875690296408,3936.0,3936.0,3936.0,3936,True,False,-1.0,-1.0,-1.0
CHEMICAL,PAKOXY,4400,4480,descending,up,up,4481,1.0,86.01,80.0,6.010000000000005,skipped_risk_gt_6pct,77.48,,78.52369431117202,7.486305688827983,,,,4571,False,True,11.279534109816963,,9.055200631356112
INSURANCE,PAKRI,2280,2360,descending,up,up,2364,2.0,26.47,25.6,0.8699999999999974,ok,24.97,1.5,25.126211145852487,1.3437888541475118,,,,2454,False,True,4.264367816091967,2.473333333333334,2.7608504033571504
INSURANCE,PAKRI,3680,3760,symmetrical,up,up,3762,2.0,24.99,24.15,0.8399999999999999,ok,23.88,1.1099999999999994,23.457806215722115,1.532193784277883,3797.0,,,3797,False,False,-1.0,-0.4504504504504507,-0.3263294794239412
CABLE & ELECTRICAL GOODS,PCAL,1720,1800,symmetrical,sequential,down,1808,4.0,67.01,71.49,4.47999999999999,skipped_risk_gt_6pct,78.17,,77.1527777777778,10.142777777777795,1810.0,,1824.0,1810,False,False,-1.0,,-0.36676343320370197
ENGINEERING,PECO,0,80,ascending,up,up,82,1.0,80.4,76.65,3.75,skipped_risk_gt_6pct,72.27,,65.38182860418458,15.018171395815429,,,,172,False,True,7.093333333333332,,1.771187669852513
ENGINEERING,PECO,1560,1640,descending,sequential,up,1649,3.0,236.95,216.0,20.94999999999999,skipped_risk_gt_6pct,213.84,,222.8821715378312,14.06782846216879,1673.0,,1666.0,1666,False,False,0.14558472553699348,,-1.0
TRANSPORT,PIBTL,1640,1720,symmetrical,down,down,1725,4.0,12.64,12.93,0.28999999999999915,ok,13.33,0.6899999999999995,13.069849418206704,0.42984941820670386,1729.0,1729.0,1729.0,1729,True,False,-1.0,-1.0,-1.0
TRANSPORT,PICT,680,760,ascending,sequential,up,761,4.0,77.35,72.5,4.849999999999994,skipped_risk_gt_6pct,68.31,,69.81235356762514,7.537646432374856,773.0,,774.0,773,False,False,-1.0,,-0.9220384721348995
TRANSPORT,PICT,2600,2680,ascending,up,up,2681,4.0,368.2,363.0,5.199999999999989,skipped_risk_gt_6pct,338.58,,331.55093233551617,36.64906766448382,2684.0,,,2684,False,False,-1.0,,0.13097195388278962
TRANSPORT,PICT,4680,4760,descending,up,up,4771,4.0,44.07,42.0,2.0700000000000003,skipped_risk_gt_6pct,41.09,,41.14642865714629,2.9235713428537125,4775.0,,4790.0,4775,False,False,-1.0,,-0.7422428754147843
TRANSPORT,PICT,4720,4800,descending,down,down,4801,1.0,39.05,40.26,1.2100000000000009,skipped_risk_gt_6pct,41.86,,41.846409553641365,2.796409553641368,4861.0,,4861.0,4861,True,False,-1.0,,-1.0
INSURANCE,PIL,1040,1120,symmetrical,up,up,1132,4.0,3.0552,2.6659,0.3893,no_valid_consolidation,,,2.4137059701492536,0.6414940298507465,1135.0,,1186.0,1135,False,False,-1.0,,-0.14512995549102978
INSURANCE,PIL,3080,3160,descending,up,up,3170,4.0,0.7248,0.6631,0.06169999999999998,no_valid_consolidation,,,0.6172878227605992,0.10751217723940076,3194.0,,3209.0,3194,False,False,-1.0,,-0.2864791765068316
CEMENT,PIOC,2560,2640,descending,up,up,2641,4.0,87.64,87.0,0.6400000000000006,ok,83.7,3.9399999999999977,84.52942412708921,3.110575872910786,2642.0,2660.0,2642.0,2642,True,False,-1.0,-0.01776649746193082,-1.0
CEMENT,PIOC,3880,3960,descending,up,up,3965,4.0,135.35,127.0,8.349999999999994,skipped_risk_gt_6pct,125.73,,121.67428571428573,13.675714285714264,3985.0,,4002.0,3985,False,False,-1.0,,-0.6149587381176232
CEMENT,PIOC,4480,4560,descending,up,up,4561,4.0,99.57,99.5,0.06999999999999318,ok,96.44,3.1299999999999955,84.3184,15.251599999999996,4562.0,,,4562,False,False,-1.0,0.7092651757188551,0.1455584987804567
INSURANCE,PKGI,640,720,descending,up,up,733,4.0,1.1105,0.9733,0.1372,no_valid_consolidation,,,0.8857429577464788,0.22475704225352122,735.0,,799.0,735,False,False,-1.0,,0.3123372655919538
INSURANCE,PKGI,1320,1400,descending,sequential,down,1402,3.0,1.2685,1.4185,0.15000000000000013,skipped_risk_gt_6pct,1.43,,1.415187933153109,0.14668793315310902,1411.0,,1411.0,1411,True,False,-1.0,,-1.0
POWER GENERATION & DISTRIBUTION,PKGP,1440,1520,ascending,up,up,1521,4.0,14.6209,13.7536,0.8673000000000002,no_valid_consolidation,,,12.665617501251878,1.9552824987481223,1523.0,,1546.0,1523,False,False,-1.0,,-0.5329664642665243
POWER GENERATION & DISTRIBUTION,PKGP,1960,2040,symmetrical,up,up,2041,1.0,11.1323,10.5822,0.5501000000000005,skipped_risk_gt_6pct,10.27,,7.7529914556652635,3.3793085443347373,2085.0,,2116.0,2085,False,False,-1.0,,-0.17811336020472576
POWER GENERATION & DISTRIBUTION,PKGP,2960,3040,descending,up,up,3051,4.0,51.63,50.01,1.6200000000000045,ok,49.5,2.1300000000000026,47.50406779661017,4.12593220338983,3053.0,,,3053,False,False,-1.0,-0.7652582159624416,-0.39506223555026154
POWER GENERATION & DISTRIBUTION,PKGP,3080,3160,ascending,sequential,down,3161,4.0,80.95,86.99,6.039999999999992,no_valid_consolidation,,,95.01484100164629,14.064841001646286,3163.0,,3164.0,3163,False,False,-1.0,,-0.5801700850400563
PAPER & BOARD,PKGS,1000,1080,ascending,sequential,up,1092,4.0,175.78,166.5,9.280000000000001,skipped_risk_gt_6pct,155.43,,157.4595313921747,18.32046860782529,1098.0,,1099.0,1098,False,False,-1.0,,-0.8198480247161616
PAPER & BOARD,PKGS,1320,1400,symmetrical,up,up,1401,4.0,132.55,129.0,3.5500000000000114,skipped_risk_gt_6pct,121.87,,106.01430224642615,26.535697753573857,1404.0,,1436.0,1404,False,False,-1.0,,-0.14772552945106054
PAPER & BOARD,PKGS,3480,3560,symmetrical,up,up,3570,1.0,306.76,288.0,18.75999999999999,skipped_risk_gt_6pct,279.18,,283.65970653377633,23.10029346622366,,,,3660,False,True,0.24626865671641826,,0.19999745919917367
PAPER & BOARD,PKGS,4040,4120,symmetrical,down,down,4130,4.0,472.19,479.98,7.7900000000000205,ok,489.69,17.5,483.9556207871274,11.765620787127375,4131.0,,,4131,False,False,-1.0,-0.4102857142857147,-0.6102525425479937
TRANSPORT,PNSC,920,1000,symmetrical,sequential,down,1001,4.0,25.5076,26.986,1.4784000000000006,skipped_risk_gt_6pct,27.64,,27.2774393939394,1.7698393939393995,1004.0,,1004.0,1004,True,False,-1.0,,-1.0
TRANSPORT,PNSC,1240,1320,descending,sequential,up,1326,4.0,26.2629,24.5327,1.7302,skipped_risk_gt_6pct,23.68,,24.105522500000003,2.1573774999999955,1332.0,,1336.0,1332,False,False,-1.0,,-0.8019922336262446
TRANSPORT,PNSC,1280,1360,descending,sequential,down,1361,4.0,22.6411,23.1705,0.529399999999999,ok,23.81,1.1688999999999972,24.92880257561436,2.2877025756143574,1379.0,1380.0,1381.0,1379,False,False,-1.0,-0.6462486098040893,-0.33020026643854133
TRANSPORT,PNSC,4640,4720,ascending,up,up,4746,1.0,225.7073,206.5912,19.116100000000017,skipped_risk_gt_6pct,201.33,,201.86154343615794,23.84575656384206,,,,4836,False,True,10.853296435988502,,8.700613018695169
OIL & GAS EXPLORATION COMPANIES,POL,360,440,symmetrical,up,up,446,2.0,354.6,331.9,22.700000000000045,skipped_risk_gt_6pct,322.74,,327.3752559726962,27.224744027303814,532.0,,532.0,532,True,False,-1.0,,-1.0
OIL & GAS EXPLORATION COMPANIES,POL,400,480,ascending,sequential,down,493,4.0,344.75,353.0,8.25,ok,359.61,14.860000000000014,359.6517649530747,14.90176495307469,495.0,511.0,511.0,495,False,False,-1.0,-0.29609690444145176,-0.2952670380894796
OIL & GAS EXPLORATION COMPANIES,POL,1640,1720,ascending,sequential,up,1721,3.0,379.17,374.25,4.920000000000016,ok,366.3,12.870000000000005,363.84922010398606,15.32077989601396,1730.0,1731.0,1733.0,1730,False,False,-1.0,-0.760683760683762,-0.6390014128815404
OIL & GAS EXPLORATION COMPANIES,POL,1720,1800,descending,up,up,1809,1.0,375.35,368.99,6.360000000000014,ok,355.41,19.939999999999998,363.8333925686591,11.516607431340901,,,,1899,False,True,7.855345911949666,2.505516549648946,4.338083094161962
OIL & GAS EXPLORATION COMPANIES,POL,2440,2520,descending,sequential,up,2525,3.0,388.12,380.8,7.319999999999993,ok,370.76,17.360000000000014,364.39694269905283,23.723057300947175,2552.0,2553.0,2557.0,2552,False,False,-1.0,-0.6186635944700462,-0.4527241098714203
CEMENT,POWER,160,240,ascending,sequential,down,241,3.0,16.6368,17.4512,0.8143999999999991,skipped_risk_gt_6pct,19.04,,19.03866788154897,2.40186788154897,254.0,,264.0,254,False,False,-1.0,,0.11299539083097834
CEMENT,POWER,4560,4640,descending,up,up,4659,4.0,5.52,5.22,0.2999999999999998,skipped_risk_gt_6pct,5.04,,5.01194196834637,0.5080580316536292,4664.0,,4676.0,4664,False,False,-1.0,,-0.43302139970889336
CEMENT,POWER,4920,5000,symmetrical,up,up,5001,1.0,15.65,15.0,0.6500000000000004,skipped_risk_gt_6pct,14.56,,14.276334355828212,1.3736656441717887,,,,5091,False,True,3.2769230769230764,,1.5505956700869676
CEMENT,POWERPS,40,120,symmetrical,up,up,130,4.0,11.0,10.58,0.41999999999999993,ok,10.39,0.6099999999999994,10.288520758867197,0.7114792411328033,142.0,142.0,142.0,142,True,False,-1.0,-1.0,-1.0
CEMENT,POWERPS,400,480,symmetrical,up,up,481,4.0,30.3,28.77,1.5300000000000011,no_valid_consolidation,,,23.93898720682303,6.361012793176972,484.0,,,484,False,False,-1.0,,-0.10061290879441169
OIL & GAS EXPLORATION COMPANIES,PPL,400,480,ascending,sequential,down,483,4.0,230.5,243.5,13.0,skipped_risk_gt_6pct,247.55,,247.67013170468238,17.170131704682376,499.0,,499.0,499,True,False,-1.0,,-1.0
OIL & GAS EXPLORATION COMPANIES,PPL,520,600,ascending,down,down,613,4.0,262.45,268.5,6.050000000000011,ok,271.19,8.740000000000009,273.6308773903262,11.180877390326202,615.0,617.0,617.0,615,False,False,-1.0,-0.12013729977116823,-0.09391034024829581
OIL & GAS EXPLORATION COMPANIES,PPL,2760,2840,ascending,down,down,2856,4.0,156.48,160.9,4.420000000000016,skipped_risk_gt_6pct,167.66,,170.9174937468734,14.4374937468734,2862.0,,2899.0,2862,False,False,-1.0,,-0.3858010328978509
OIL & GAS EXPLORATION COMPANIES,PPL,3000,3080,ascending,up,up,3087,4.0,178.83,170.62,8.210000000000008,skipped_risk_gt_6pct,167.81,,163.86914443785813,14.960855562141887,3100.0,,3107.0,3100,False,False,-1.0,,-0.6951474103069998
PAPER & BOARD,PPP,80,160,symmetrical,whipsaw,down,162,4.0,35.223,35.4783,0.2552999999999983,skipped_risk_gt_6pct,38.67,,37.96335680263491,2.7403568026349134,163.0,,166.0,163,False,False,-1.0,,-0.3725427283842672
PAPER & BOARD,PPP,320,400,symmetrical,down,down,411,2.0,25.2687,25.6516,0.38289999999999935,skipped_risk_gt_6pct,27.07,,26.938711660018413,1.6700116600184138,417.0,,497.0,417,False,False,-1.0,,0.3668237861244908
CHEMICAL,PPVC,960,1040,symmetrical,up,up,1042,4.0,1.3813,1.3354,0.04590000000000005,ok,1.3,0.08129999999999993,1.2919779661016952,0.08932203389830473,1046.0,,,1046,False,False,-1.0,-0.5227552275522758,-0.4758064516129049
REFINERY,PRL,1680,1760,symmetrical,down,down,1765,2.0,46.9895,47.9314,0.9418999999999969,skipped_risk_gt_6pct,50.71,,49.984018457676385,2.994518457676385,1792.0,,1824.0,1792,False,False,-1.0,,0.0754044442174554
REFINERY,PRL,2480,2560,descending,down,down,2561,4.0,35.8182,36.005,0.18680000000000518,no_valid_consolidation,,,45.83597992015379,10.017779920153792,2562.0,,,2562,False,False,-1.0,,-0.178732215547865
REFINERY,PRL,2640,2720,symmetrical,up,up,2721,4.0,37.0482,35.1098,1.9384000000000015,skipped_risk_gt_6pct,32.91,,33.370081594372806,3.6781184056271954,2725.0,,2761.0,2725,False,False,-1.0,,-0.4698869936747709
REFINERY,PRL,2760,2840,descending,down,down,2849,4.0,31.5287,33.5528,2.024099999999997,skipped_risk_gt_6pct,35.45,,35.40480359919377,3.876103599193769,2853.0,,2868.0,2853,False,False,-1.0,,-0.5141503442824703
REFINERY,PRL,2840,2920,ascending,down,down,2921,4.0,33.6696,33.7863,0.11669999999999447,ok,34.91,1.240399999999994,35.30672276995305,1.637122769953045,2922.0,2923.0,2923.0,2922,False,False,-1.0,-0.35141889712995705,-0.2662598114205563
REFINERY,PRL,3920,4000,ascending,down,down,4005,1.0,25.02,25.88,0.8599999999999994,skipped_risk_gt_6pct,27.27,,27.159553819006803,2.139553819006803,,,,4095,False,True,9.01162790697675,,3.6222505510974283
REFINERY,PRL,4120,4200,descending,up,up,4204,1.0,14.09,12.31,1.7799999999999994,skipped_risk_gt_6pct,11.88,,11.991715546327537,2.0982844536724627,,,,4294,False,True,2.7471910112359565,,2.3304752563178064
MISCELLANEOUS,PSEL,920,1000,ascending,up,up,1002,1.0,551.25,525.0,26.25,skipped_risk_gt_6pct,495.0,,504.9795965153601,46.27040348463993,,,,1092,False,True,15.914285714285715,,9.028449473942402
OIL & GAS MARKETING COMPANIES,PSO,1160,1240,ascending,down,down,1265,1.0,303.54,316.75,13.20999999999998,ok,320.62,17.079999999999984,319.1123802716226,15.572380271622592,,,,1355,False,True,2.9288417865253638,2.265222482435599,2.4845270488612736
OIL & GAS MARKETING COMPANIES,PSO,1200,1280,ascending,down,down,1281,4.0,255.0,268.99,13.990000000000009,no_valid_consolidation,,,322.04968240525096,67.04968240525096,1284.0,,,1284,False,False,-1.0,,-0.2657730709639339
OIL & GAS MARKETING COMPANIES,PSO,1480,1560,ascending,down,down,1561,1.0,268.06,269.0,0.9399999999999977,ok,276.22,8.160000000000025,285.534546298753,17.474546298753012,1622.0,,,1622,False,False,-1.0,0.2745098039215689,0.1281864468298016
OIL & GAS MARKETING COMPANIES,PSO,1600,1680,descending,up,up,1685,4.0,237.62,233.0,4.6200000000000045,ok,227.7,9.920000000000016,222.74520814736672,14.87479185263328,1686.0,,,1686,False,False,-1.0,-0.0786290322580645,-0.05243770855603051
TECHNOLOGY & COMMUNICATION,PTC,2680,2760,ascending,sequential,up,2767,4.0,16.21,15.2,1.0100000000000016,skipped_risk_gt_6pct,14.76,,15.090000000000003,1.1199999999999974,2783.0,,2783.0,2783,True,False,-1.0,,-1.0
TEXTILE COMPOSITE,QUET,1280,1360,symmetrical,up,up,1361,1.0,18.66,16.16,2.5,no_valid_consolidation,,,8.740877006766624,9.919122993233376,1376.0,,,1376,False,False,-1.0,,-0.2631281013231198
FOOD & PERSONAL CARE PRODUCTS,QUICE,3400,3480,descending,down,down,3483,2.0,3.21,3.48,0.27,no_valid_consolidation,,,3.753063427800271,0.5430634278002708,3530.0,,3554.0,3530,False,False,-1.0,,-0.12889838721701696
FOOD & PERSONAL CARE PRODUCTS,QUICE,3640,3720,ascending,down,down,3746,2.0,4.58,5.0,0.41999999999999993,skipped_risk_gt_6pct,5.05,,5.199405708937764,0.619405708937764,3780.0,,3780.0,3780,True,False,-1.0,,-1.0
FOOD & PERSONAL CARE PRODUCTS,QUICE,4760,4840,ascending,up,up,4843,2.0,8.43,8.13,0.29999999999999893,skipped_risk_gt_6pct,7.92,,8.0490176970453,0.38098230295469904,4877.0,,4877.0,4877,True,False,-1.0,,-1.0
TEXTILE COMPOSITE,REDCO,2040,2120,symmetrical,down,down,2129,4.0,3.05,3.2,0.15000000000000036,no_valid_consolidation,,,3.758717434869741,0.7087174348697411,2130.0,,2218.0,2130,False,False,-1.0,,0.014109995758517974
INSURANCE,RICL,840,920,ascending,sequential,down,922,4.0,7.58,8.01,0.4299999999999997,skipped_risk_gt_6pct,8.33,,8.281154642637265,0.701154642637265,925.0,,932.0,925,False,False,-1.0,,-0.6275363140219965
FOOD & PERSONAL CARE PRODUCTS,RMPL,2400,2480,descending,down,down,2485,4.0,8800.0,9024.0,224.0,ok,9114.24,314.2399999999998,9103.108174061435,303.1081740614354,2488.0,2488.0,2488.0,2488,True,False,-1.0,-1.0,-1.0
CHEMICAL,SARC,1320,1400,symmetrical,sequential,down,1401,4.0,14.75,15.4,0.6500000000000004,ok,15.63,0.8800000000000008,16.81962962962963,2.069629629629631,1402.0,1402.0,1413.0,1402,True,False,-1.0,-1.0,-0.48317823908375057
AUTOMOBILE ASSEMBLER,SAZEW,2000,2080,descending,up,up,2085,1.0,24.4019,23.2399,1.1620000000000026,skipped_risk_gt_6pct,22.77,,22.96233247303018,1.439567526969821,,,,2175,False,True,1.3699655765920786,,1.105818219830803
COMMERCIAL BANKS,SBL,2880,2960,descending,up,up,2975,4.0,8.16,7.0,1.1600000000000001,no_valid_consolidation,,,6.0,2.16,3000.0,,,3000,False,False,-1.0,,-0.6435185185185187
FOOD & PERSONAL CARE PRODUCTS,SCL,1800,1880,symmetrical,sequential,down,1894,4.0,195.858,220.9723,25.114299999999986,no_valid_consolidation,,,224.90990296964623,29.05190296964622,1905.0,,1911.0,1905,False,False,-1.0,,-0.757268810342165
PHARMACEUTICALS,SEARL,1040,1120,descending,down,down,1122,3.0,23.4085,24.4394,1.030899999999999,skipped_risk_gt_6pct,25.09,,24.69289654569306,1.2843965456930597,1128.0,,1156.0,1128,False,False,-1.0,,-0.36328344354758646
PHARMACEUTICALS,SEARL,1280,1360,descending,up,up,1361,4.0,28.1809,27.6654,0.5154999999999994,no_valid_consolidation,,,26.428488178350364,1.7524118216496376,1362.0,,1367.0,1362,False,False,-1.0,,-0.34483903414389355
PHARMACEUTICALS,SEARL,1560,1640,descending,up,up,1651,2.0,20.4135,19.596,0.817499999999999,ok,19.4,1.0135000000000005,19.49513049262855,0.9183695073714482,,,,1741,False,True,4.381162079510711,3.5338924518993586,3.899955269912256
PHARMACEUTICALS,SEARL,4160,4240,descending,down,down,4248,1.0,83.5,104.3,20.799999999999997,skipped_risk_gt_6pct,105.55,,105.04057070316816,21.540570703168157,,,,4338,False,True,1.4177884615384617,,1.3690445070548969
PHARMACEUTICALS,SEARL,4640,4720,descending,sequential,down,4729,4.0,56.09,58.21,2.1199999999999974,ok,59.07,2.979999999999997,60.69028368794328,4.600283687943275,4731.0,4733.0,4737.0,4731,False,False,-1.0,-0.36577181208053605,-0.23694190922545488
POWER GENERATION & DISTRIBUTION,SEL,880,960,descending,up,up,970,4.0,19.76,19.75,0.010000000000001563,ok,19.3,0.46000000000000085,18.5745128034586,1.185487196541402,973.0,974.0,974.0,973,False,False,-1.0,-0.5434782608695642,-0.21088376216070673
PAPER & BOARD,SEPL,320,400,symmetrical,up,up,401,4.0,58.17,55.7609,2.4091000000000022,skipped_risk_gt_6pct,53.61,,48.781057874015744,9.388942125984258,404.0,,,404,False,False,-1.0,,-0.2659724563738552
PAPER & BOARD,SEPL,3760,3840,descending,up,up,3871,2.0,117.38,112.6,4.780000000000001,no_valid_consolidation,,,108.5944144144144,8.785585585585594,3893.0,,3916.0,3893,False,False,-1.0,,-0.5759433962264149
PAPER & BOARD,SEPL,4200,4280,ascending,down,down,4282,4.0,135.16,138.9,3.740000000000009,ok,141.5,6.340000000000003,143.29097681746566,8.130976817465665,4284.0,4324.0,4324.0,4284,False,False,-1.0,0.14668769716088428,0.11437740149527045
OIL & GAS MARKETING COMPANIES,SHEL,480,560,descending,up,up,561,1.0,213.8553,208.9703,4.884999999999991,ok,206.88,6.975300000000004,201.98982536231884,11.86547463768116,577.0,649.0,,577,False,False,-1.0,0.879302682321906,0.516911475291698
OIL & GAS MARKETING COMPANIES,SHEL,960,1040,descending,up,up,1042,4.0,171.2073,166.3182,4.889100000000013,ok,164.29,6.9173000000000116,162.70109148403256,8.506208515967444,1045.0,,,1045,False,False,-1.0,-0.22699608228644083,-0.1845945813640115
OIL & GAS MARKETING COMPANIES,SHEL,3360,3440,ascending,down,down,3441,1.0,191.7087,202.0375,10.328800000000001,no_valid_consolidation,,,230.35228887399464,38.643588873994645,,,,3531,False,True,6.525966230346215,,1.7442841610749236
FOOD & PERSONAL CARE PRODUCTS,SHEZ,600,680,ascending,down,down,681,4.0,118.86,121.0,2.1400000000000006,skipped_risk_gt_6pct,126.25,,156.93620253164556,38.07620253164556,683.0,,,683,False,False,-1.0,,0.0
FOOD & PERSONAL CARE PRODUCTS,SHEZ,3040,3120,descending,up,up,3121,1.0,175.74,151.01,24.730000000000018,no_valid_consolidation,,,117.00276771004941,58.7372322899506,3132.0,,,3132,False,False,-1.0,,-0.23426367677787618
FOOD & PERSONAL CARE PRODUCTS,SHEZ,3320,3400,symmetrical,up,up,3406,1.0,239.36,226.0,13.360000000000014,skipped_risk_gt_6pct,222.75,,222.14886203107835,17.211137968921662,,,,3425,False,True,-0.220808383233534,,-0.17140063633949504
MISCELLANEOUS,SHFA,40,120,descending,sequential,down,133,4.0,14.5,15.5,1.0,skipped_risk_gt_6pct,16.01,,15.734556534585556,1.2345565345855558,136.0,,138.0,136,False,False,-1.0,,-0.6480059661816646
MISCELLANEOUS,SHFA,720,800,descending,down,down,803,3.0,19.25,21.45,2.1999999999999993,no_valid_consolidation,,,22.864446036294176,3.6144460362941757,,,,893,False,True,1.5227272727272732,,0.926836357870954
MISCELLANEOUS,SHFA,1120,1200,descending,up,up,1208,2.0,32.9,31.0,1.8999999999999986,skipped_risk_gt_6pct,29.53,,29.438355193193907,3.461644806806092,1292.0,,1295.0,1292,False,False,-1.0,,-0.6730904324495924
MISCELLANEOUS,SHFA,4280,4360,descending,sequential,up,4361,3.0,550.02,542.0,8.019999999999982,ok,534.6,15.419999999999959,497.82278436845775,52.197215631542235,4383.0,4383.0,4392.0,4383,True,False,-1.0,-1.0,-0.3435049127249814
INSURANCE,SHNI,1080,1160,descending,down,down,1165,4.0,6.0005,7.0044,1.0039000000000007,no_valid_consolidation,,,7.492536438571243,1.492036438571243,1168.0,,1246.0,1168,False,False,-1.0,,-0.6206952967494699
COMMERCIAL BANKS,SILK,1320,1400,descending,up,up,1417,2.0,2.1274,1.9814,0.14600000000000013,skipped_risk_gt_6pct,1.94,,2.00021347631242,0.12718652368758,1433.0,,1427.0,1427,False,False,-0.6315068493150683,,-1.0
COMMERCIAL BANKS,SILK,1760,1840,ascending,sequential,up,1841,4.0,1.7971,1.7357,0.0613999999999999,skipped_risk_gt_6pct,1.65,,1.6412823625922888,0.15581763740771115,1844.0,,1852.0,1844,False,False,-1.0,,-0.1970251924669515
COMMERCIAL BANKS,SILK,1800,1880,descending,sequential,up,1887,4.0,1.728,1.705,0.02299999999999991,skipped_risk_gt_6pct,1.57,,1.6181920583468394,0.10980794165316055,1888.0,,1911.0,1888,False,False,-1.0,,-0.14024486542733433
CHEMICAL,SITC,520,600,symmetrical,up,up,627,3.0,330.65,305.0,25.649999999999977,skipped_risk_gt_6pct,301.95,,305.16222983658406,25.487770163415917,648.0,,648.0,648,True,False,-1.0,,-1.0
CHEMICAL,SITC,800,880,ascending,up,up,881,4.0,178.99,175.0,3.990000000000009,no_valid_consolidation,,,161.44304545454548,17.546954545454525,882.0,,904.0,882,False,False,-1.0,,0.1270875805954409
CHEMICAL,SITC,3800,3880,descending,sequential,down,3884,4.0,218.68,233.05,14.370000000000005,no_valid_consolidation,,,245.5648854961832,26.884885496183188,3885.0,,3888.0,3885,False,False,-1.0,,-0.5661173450844997
CEMENT,SMCPL,1160,1240,symmetrical,down,down,1241,4.0,9.8,10.08,0.27999999999999936,skipped_risk_gt_6pct,10.5,,10.911321150389455,1.111321150389454,1243.0,,1284.0,1243,False,False,-1.0,,-0.026994897010181162
CEMENT,SMCPL,2520,2600,ascending,sequential,up,2601,4.0,16.65,15.61,1.0399999999999991,no_valid_consolidation,,,12.771037702813123,3.8789622971868756,2602.0,,2609.0,2602,False,False,-1.0,,-0.32225113425478014
CEMENT,SMCPL,2640,2720,descending,up,up,2737,4.0,13.5,13.1,0.40000000000000036,skipped_risk_gt_6pct,12.09,,12.372739403453691,1.127260596546309,2738.0,,,2738,False,False,-1.0,,-0.026613189613753106
CEMENT,SMCPL,3080,3160,descending,up,up,3161,3.0,46.34,44.2,2.1400000000000006,no_valid_consolidation,,,38.762998266897746,7.577001733102257,3169.0,,3200.0,3169,False,False,-1.0,,0.6202981292015188
COMMERCIAL BANKS,SNBL,1920,2000,descending,up,up,2001,1.0,5.3814,5.1237,0.2576999999999998,no_valid_consolidation,,,4.502680397727272,0.8787196022727279,,,,2091,False,True,4.11757857974389,,1.2075524402273052
COMMERCIAL BANKS,SNBL,4280,4360,ascending,down,down,4361,4.0,6.7381,7.0792,0.34109999999999996,skipped_risk_gt_6pct,7.23,,7.531582767624021,0.7934827676240204,4362.0,,4369.0,4362,False,False,-1.0,,0.03818608448262814
OIL & GAS MARKETING COMPANIES,SNGP,560,640,descending,down,down,642,1.0,66.25,70.3,4.049999999999997,skipped_risk_gt_6pct,72.52,,71.43211687809678,5.182116878096778,683.0,,685.0,683,False,False,-1.0,,-0.7815338972994044
MISCELLANEOUS,SPEL,680,760,descending,down,down,769,4.0,26.0184,28.5858,2.5673999999999992,skipped_risk_gt_6pct,29.4,,29.81365477787091,3.795254777870909,773.0,,,773,False,False,-1.0,,-0.17015985429107003
POWER GENERATION & DISTRIBUTION,SPWL,920,1000,ascending,down,down,1023,2.0,13.9048,14.46,0.555200000000001,ok,14.6,0.6951999999999998,15.244927695625385,1.3401276956253856,,,,1113,False,True,5.969560518731976,4.7674050632911396,2.4731225321429866
OIL & GAS MARKETING COMPANIES,SSGC,400,480,descending,sequential,down,481,3.0,25.75,26.4,0.6499999999999986,ok,27.22,1.4699999999999989,27.4012039582188,1.651203958218801,503.0,504.0,504.0,503,False,False,-1.0,-0.8503401360544224,-0.7570233790793534
OIL & GAS MARKETING COMPANIES,SSGC,520,600,ascending,up,up,618,3.0,28.6,27.5,1.1000000000000014,skipped_risk_gt_6pct,25.49,,26.08625,2.5137500000000017,639.0,,642.0,639,False,False,-1.0,,-0.5171556439582297
OIL & GAS MARKETING COMPANIES,SSGC,680,760,ascending,sequential,up,761,4.0,28.95,28.05,0.8999999999999986,ok,27.77,1.1799999999999997,27.538420965880995,1.4115790341190042,771.0,776.0,788.0,771,False,False,-1.0,-0.46610169491525494,-0.38963457709845284
OIL & GAS MARKETING COMPANIES,SSGC,920,1000,ascending,down,down,1011,4.0,13.5,13.95,0.4499999999999993,ok,14.29,0.7899999999999991,14.479190751445087,0.9791907514450866,1012.0,1044.0,1044.0,1012,False,False,-1.0,-0.632911392405064,-0.5106257378984652
OIL & GAS MARKETING COMPANIES,SSGC,2080,2160,descending,up,up,2163,2.0,25.29,24.0,1.2899999999999991,skipped_risk_gt_6pct,23.76,,23.7094029209622,1.5805970790377977,,,,2253,False,True,6.418604651162796,,5.2385266996953606
OIL & GAS MARKETING COMPANIES,SSGC,3000,3080,descending,down,down,3088,3.0,34.86,36.85,1.990000000000002,skipped_risk_gt_6pct,38.03,,39.58743045458948,4.727430454589481,3115.0,,,3115,False,False,-1.0,,-0.4547925179761739
OIL & GAS MARKETING COMPANIES,SSGC,3840,3920,ascending,down,down,3922,4.0,13.96,14.7,0.7399999999999984,skipped_risk_gt_6pct,15.25,,15.729270497094902,1.769270497094901,3924.0,,,3924,False,False,-1.0,,-0.42955557177260417
OIL & GAS MARKETING COMPANIES,SSGC,4760,4840,descending,up,up,4841,1.0,16.68,15.16,1.5199999999999996,no_valid_consolidation,,,8.47911865373645,8.20088134626355,,,,4931,False,True,13.500000000000005,,2.502170088017337
OIL & GAS MARKETING COMPANIES,SSGC,5080,5160,symmetrical,down,down,5161,1.0,32.59,33.24,0.6499999999999986,ok,34.48,1.8899999999999935,34.75759493670887,2.1675949367088663,5245.0,,,5245,False,False,-1.0,-0.18518518518518282,-0.16146928287782925
GLASS & CERAMICS,STCL,3480,3560,symmetrical,down,down,3566,4.0,14.36,14.85,0.4900000000000002,skipped_risk_gt_6pct,15.71,,15.47360312657591,1.11360312657591,3568.0,,,3568,False,False,-1.0,,-0.1257180378349605
GLASS & CERAMICS,STCL,3640,3720,symmetrical,up,up,3722,4.0,8.79,8.45,0.33999999999999986,skipped_risk_gt_6pct,8.17,,8.26875,0.5212499999999984,3724.0,,3742.0,3724,False,False,-1.0,,-0.5755395683453234
MISCELLANEOUS,STPL,120,200,symmetrical,down,down,202,1.0,22.3392,25.2664,2.927199999999999,skipped_risk_gt_6pct,25.67,,25.35302397223224,3.013823972232238,,,,292,False,True,1.1315933315113422,,1.0990688343176913
TECHNOLOGY & COMMUNICATION,SYS,120,200,descending,down,down,201,4.0,31.7097,32.5702,0.8604999999999983,skipped_risk_gt_6pct,34.52,,38.04644660795825,6.336746607958251,208.0,,,208,False,False,-1.0,,-0.008332351483596772
TECHNOLOGY & COMMUNICATION,SYS,2280,2360,descending,up,up,2384,4.0,416.97,413.02,3.9500000000000455,ok,403.43,13.54000000000002,407.3961817113765,9.5738182886235,2385.0,,,2385,False,False,-1.0,-0.22304283604136146,-0.31544363063467407
TECHNOLOGY & COMMUNICATION,TELE,360,440,symmetrical,down,down,444,4.0,10.85,11.15,0.3000000000000007,skipped_risk_gt_6pct,12.22,,12.342105263157896,1.492105263157896,446.0,,,446,False,False,-1.0,,-0.16754850088183407
TECHNOLOGY & COMMUNICATION,TELE,3200,3280,ascending,sequential,down,3283,3.0,1.91,2.0,0.09000000000000008,skipped_risk_gt_6pct,2.05,,2.07647390556299,0.16647390556299002,3310.0,,3310.0,3310,True,False,-1.0,,-1.0
GLASS & CERAMICS,TGL,3360,3440,descending,up,up,3443,2.0,90.12,84.25,5.8700000000000045,skipped_risk_gt_6pct,78.21,,84.51877021068107,5.601229789318936,3455.0,,3455.0,3455,True,False,-1.0,,-1.0
GLASS & CERAMICS,TGL,3560,3640,descending,sequential,down,3658,3.0,91.09,102.69,11.599999999999994,skipped_risk_gt_6pct,104.03,,102.12863750673614,11.038637506736137,3665.0,,3665.0,3665,True,False,-1.0,,-1.0
GLASS & CERAMICS,TGL,4280,4360,ascending,sequential,down,4363,4.0,111.33,114.84,3.510000000000005,skipped_risk_gt_6pct,118.16,,117.33104776579353,6.00104776579353,4365.0,,4365.0,4365,True,False,-1.0,,-1.0
AUTOMOBILE PARTS & ACCESSORIES,THALL,2400,2480,ascending,up,up,2484,4.0,295.05,288.0,7.050000000000011,skipped_risk_gt_6pct,277.21,,282.2416469428008,12.808353057199213,2486.0,,2486.0,2486,True,False,-1.0,,-1.0
CEMENT,THCCL,880,960,symmetrical,up,up,964,4.0,26.5,24.15,2.3500000000000014,no_valid_consolidation,,,24.142486003732337,2.357513996267663,966.0,,966.0,966,True,False,-1.0,,-1.0
CEMENT,THCCL,920,1000,symmetrical,sequential,down,1005,4.0,24.0,24.9,0.8999999999999986,skipped_risk_gt_6pct,25.75,,25.71217485159201,1.7121748515920103,1008.0,,1013.0,1008,False,False,-1.0,,-0.3270693991792374
CEMENT,THCCL,960,1040,descending,up,up,1041,4.0,30.4,27.02,3.379999999999999,no_valid_consolidation,,,23.980176540861027,6.419823459138971,1044.0,,1106.0,1044,False,False,-1.0,,-0.49066769827070567
TEXTILE COMPOSITE,TOWL,360,440,descending,sequential,down,441,4.0,105.11,109.0,3.8900000000000006,skipped_risk_gt_6pct,116.15,,113.81276542593056,8.702765425930565,442.0,,445.0,442,False,False,-1.0,,-0.29186125049767275
TEXTILE COMPOSITE,TOWL,1840,1920,ascending,whipsaw,up,1930,4.0,180.35,161.1,19.25,skipped_risk_gt_6pct,159.49,,154.4610903931901,25.888909606809904,1932.0,,1932.0,1932,True,False,-1.0,,-1.0
PROPERTY,TPLP,400,480,ascending,down,down,481,4.0,7.15,7.41,0.2599999999999998,no_valid_consolidation,,,8.204913627639156,1.0549136276391557,483.0,,,483,False,False,-1.0,,0.11375338876658
PROPERTY,TPLP,720,800,descending,sequential,down,808,4.0,8.61,9.5,0.8900000000000006,skipped_risk_gt_6pct,9.6,,9.418423686405339,0.8084236864053391,811.0,,811.0,811,True,False,-1.0,,-1.0
FOOD & PERSONAL CARE PRODUCTS,TREET,3720,3800,symmetrical,up,up,3801,1.0,17.2,16.2,1.0,skipped_risk_gt_6pct,16.04,,16.13435166452087,1.0656483354791284,3814.0,,3814.0,3814,True,False,-1.0,,-1.0
TECHNOLOGY & COMMUNICATION,TRG,960,1040,symmetrical,down,down,1041,4.0,1.54,1.57,0.030000000000000027,no_valid_consolidation,,,1.6949999999999994,0.15499999999999936,1042.0,,1043.0,1042,False,False,-1.0,,-0.3870967741935503
TECHNOLOGY & COMMUNICATION,TRG,2320,2400,symmetrical,up,up,2408,1.0,12.33,11.36,0.9700000000000006,skipped_risk_gt_6pct,10.64,,10.717575757575759,1.6124242424242414,,,,2498,False,True,6.463917525773193,,3.888554782935542
TECHNOLOGY & COMMUNICATION,TRG,3400,3480,descending,down,down,3487,2.0,22.12,23.57,1.4499999999999993,skipped_risk_gt_6pct,24.23,,24.11645049148885,1.9964504914888472,,,,3577,False,True,5.282758620689658,,3.836809393799481
MISCELLANEOUS,TRIPF,3640,3720,descending,sequential,down,3723,4.0,159.5,166.99,7.490000000000009,skipped_risk_gt_6pct,169.68,,176.1790718157181,16.67907181571809,3730.0,,3731.0,3730,False,False,-1.0,,-0.39450636538414124
POWER GENERATION & DISTRIBUTION,TSPL,3400,3480,symmetrical,down,down,3489,4.0,2.91,3.29,0.3799999999999999,no_valid_consolidation,,,3.6470731707317086,0.7370731707317084,3493.0,,3494.0,3493,False,False,-1.0,,-0.7597617471872922
MISCELLANEOUS,UBDL,1000,1080,symmetrical,sequential,up,1081,4.0,35.8,33.5,2.299999999999997,skipped_risk_gt_6pct,32.48,,26.62416202754175,9.175837972458247,1083.0,,1091.0,1083,False,False,-1.0,,-0.09917350357879125
COMMERCIAL BANKS,UBL,1600,1680,ascending,up,up,1684,2.0,40.7806,39.7068,1.0737999999999985,skipped_risk_gt_6pct,38.32,,38.59491558348293,2.18568441651707,1713.0,,1725.0,1713,False,False,-1.0,,-0.39987474559238434
COMMERCIAL BANKS,UBL,2000,2080,ascending,down,down,2088,1.0,66.5825,67.9261,1.3436000000000092,ok,69.74,3.157499999999999,67.21433647892579,0.6318364789257913,2090.0,2090.0,2089.0,2089,False,False,-0.7286394760345285,-0.31005542359461585,-1.0
COMMERCIAL BANKS,UBL,2360,2440,ascending,sequential,up,2441,4.0,92.6991,91.6502,1.0489000000000033,ok,88.51,4.189099999999996,85.88467142857141,6.814428571428593,2444.0,2449.0,2453.0,2444,False,False,-1.0,-0.2420328948938931,-0.14878723716483983
COMMERCIAL BANKS,UBL,4520,4600,descending,up,up,4601,4.0,102.7232,101.3896,1.3336000000000041,skipped_risk_gt_6pct,94.77,,89.61839724057107,13.104802759428935,4602.0,,,4602,False,False,-1.0,,-0.2016131069274585
MISCELLANEOUS,UDPL,2880,2960,symmetrical,up,up,2964,2.0,117.84,115.64,2.200000000000003,ok,112.38,5.460000000000008,112.57615027213598,5.263849727864027,,,,2977,False,True,1.6681818181818169,0.6721611721611714,0.6972083531513009
INSURANCE,UNIC,2480,2560,symmetrical,sequential,down,2575,3.0,7.62,8.23,0.6100000000000003,no_valid_consolidation,,,8.055661157024787,0.4356611570247866,2583.0,,2582.0,2582,False,False,-0.9344262295081952,,-1.0
INSURANCE,UNIC,2520,2600,symmetrical,up,up,2601,1.0,8.99,8.32,0.6699999999999999,skipped_risk_gt_6pct,8.22,,7.968367129135539,1.0216328708644609,2670.0,,2671.0,2670,False,False,-1.0,,-0.9788252008315315
INSURANCE,UNIC,2680,2760,ascending,sequential,up,2772,3.0,8.44,7.46,0.9799999999999995,skipped_risk_gt_6pct,7.39,,7.682321724709787,0.7576782752902123,2791.0,,2791.0,2791,True,False,-1.0,,-1.0
INSURANCE,UNIC,3120,3200,ascending,down,down,3201,4.0,7.36,7.69,0.33000000000000007,no_valid_consolidation,,,8.307593307593308,0.9475933075933076,3207.0,,3290.0,3207,False,False,-1.0,,-0.5170994730265652
INSURANCE,UNIC,3640,3720,ascending,sequential,up,3723,4.0,16.5,15.9,0.5999999999999996,skipped_risk_gt_6pct,14.85,,15.968369699464816,0.5316303005351841,3731.0,,3731.0,3731,True,False,-1.0,,-1.0
FOOD & PERSONAL CARE PRODUCTS,UPFL,400,480,symmetrical,up,up,490,2.0,1776.23,1700.0,76.23000000000002,ok,1683.0,93.23000000000002,1651.5084112149532,124.72158878504683,,,,580,False,True,14.610651974288334,11.946476456076368,8.930049808133397
INSURANCE,UVIC,1280,1360,symmetrical,whipsaw,up,1361,4.0,3.7722,3.3833,0.3889,no_valid_consolidation,,,3.249040000000001,0.5231599999999994,1363.0,,1363.0,1363,True,False,-1.0,,-1.0
CHEMICAL,WAHN,1080,1160,descending,down,down,1172,4.0,34.76,36.7,1.9400000000000048,skipped_risk_gt_6pct,38.28,,37.81060167658194,3.050601676581941,1189.0,,1208.0,1189,False,False,-1.0,,-0.3769748141253632
CABLE & ELECTRICAL GOODS,WAVES,920,1000,symmetrical,up,up,1002,1.0,19.88,18.9,0.9800000000000004,skipped_risk_gt_6pct,17.64,,17.983350413874653,1.8966495861253456,1017.0,,1018.0,1017,False,False,-1.0,,-0.7065089987115005
CABLE & ELECTRICAL GOODS,WAVES,3840,3920,symmetrical,up,up,3925,4.0,7.57,7.25,0.3200000000000003,skipped_risk_gt_6pct,6.69,,6.744737897450591,0.8252621025494093,3928.0,,3990.0,3928,False,False,-1.0,,-0.10905626190996873
TECHNOLOGY & COMMUNICATION,WTL,2440,2520,symmetrical,up,up,2527,4.0,1.57,1.51,0.06000000000000005,skipped_risk_gt_6pct,1.45,,1.468164893617021,0.10183510638297899,2531.0,,,2531,False,False,-1.0,,-0.5891877774875937
TEXTILE COMPOSITE,ZAHID,560,640,symmetrical,sequential,down,643,4.0,14.0,14.5,0.5,no_valid_consolidation,,,15.931996583791992,1.9319965837919924,647.0,,648.0,647,False,False,-1.0,,-0.5745351773973464
FOOD & PERSONAL CARE PRODUCTS,ZIL,2360,2440,ascending,down,down,2441,1.0,106.14,108.0,1.8599999999999994,skipped_risk_gt_6pct,113.12,,116.57603414547395,10.436034145473954,2447.0,,,2447,False,False,-1.0,,-0.2098498308334673
FOOD & PERSONAL CARE PRODUCTS,ZIL,2920,3000,symmetrical,sequential,down,3014,4.0,212.0,226.0,14.0,skipped_risk_gt_6pct,232.3,,261.2752241238794,49.27522412387941,3017.0,,3038.0,3017,False,False,-1.0,,-0.1039061737624606
