symbol,date,support_source,support_level,touch_depth_pct,lower_wick_ratio,close_position,recovery_ratio,body_ratio,volume_ma_ratio,trend_state,return_5d,return_10d,return_20d,max_favorable,max_adverse
AGHA,2021-02-02,pivot,38.04,0.11,0.787,0.787,0.787,0.013,0.4,uptrend,-0.0111,-0.015,-0.0769,0.0939,-0.1032
AGHA,2023-05-04,pivot,11.47,0.35,0.743,0.743,0.743,0.086,0.82,uptrend,-0.034,-0.0603,-0.0917,-0.0042,-0.1129
AGHA,2023-12-13,pivot,15.55,2.59,0.711,0.711,0.711,0.011,0.91,uptrend,-0.0966,-0.1414,-0.1333,-0.005,-0.1869
AGL,2020-08-26,pivot,5.32,0.31,0.8,0.8,0.8,0.0,0.64,uptrend,0.0218,-0.0073,-0.0491,0.1564,-0.0545
AGL,2022-03-28,pivot,5.89,0.68,0.625,0.708,0.708,0.083,0.06,uptrend,0.0739,0.2332,0.1461,0.3054,-0.0033
AGL,2022-07-20,pivot,6.59,4.96,0.878,0.878,0.878,0.02,0.19,uptrend,-0.0548,0.1941,0.1689,0.3052,-0.0815
AGL,2022-08-25,pivot,7.33,0.18,0.895,0.947,0.947,0.053,0.17,uptrend,-0.0453,-0.0586,-0.1425,0.0093,-0.2011
AGL,2023-10-03,pivot,8.15,1.02,0.742,0.742,0.742,0.0,0.75,uptrend,-0.0764,-0.0465,-0.2029,,-0.2208
AGP,2020-06-12,pivot,112.63,2.29,0.757,0.757,0.757,0.099,0.38,uptrend,0.0109,-0.0657,0.0262,0.0617,-0.0969
AGP,2020-09-04,pivot,117.12,1.72,0.709,0.709,0.709,0.291,1.2,uptrend,-0.0182,-0.0285,-0.1098,0.0072,-0.1224
AGP,2020-12-22,pivot,111.65,2.76,0.786,0.835,0.835,0.049,0.3,uptrend,-0.0005,0.0115,0.0038,0.0268,-0.0325
AGP,2021-01-04,pivot,113.51,0.56,0.877,0.881,0.881,0.004,0.53,uptrend,-0.0106,-0.0028,0.145,0.1968,-0.0286
AGP,2021-01-12,pivot,113.16,1.03,0.815,0.815,0.815,0.085,3.03,uptrend,0.0022,0.0411,0.0846,0.2193,-0.0088
AGP,2021-01-19,pivot,113.99,0.87,0.781,0.781,0.781,0.156,0.15,uptrend,0.0356,0.1747,0.1342,0.2129,-0.0096
AGP,2021-02-10,pivot,122.58,2.05,0.808,0.808,0.808,0.081,0.3,uptrend,0.0441,-0.0206,-0.1146,0.0555,-0.1405
AGP,2021-09-14,pivot,137.74,0.65,0.749,0.77,0.77,0.021,2.59,uptrend,-0.1546,-0.125,-0.2149,-0.0096,-0.2826
AGP,2023-05-04,pivot,55.5,5.22,0.805,0.805,0.805,0.195,0.57,uptrend,-0.0704,-0.0902,-0.1039,-0.0004,-0.1404
AGP,2023-12-20,pivot,68.35,1.24,0.635,0.792,0.792,0.157,0.28,uptrend,-0.0321,-0.013,-0.0483,0.0217,-0.1041
AHCL,2020-07-28,pivot,33.22,0.65,0.8,0.8,0.8,0.033,0.52,uptrend,-0.0295,0.0491,0.1161,0.2125,-0.0402
AHCL,2020-07-30,pivot,33.33,2.05,0.889,0.889,0.889,0.083,0.6,uptrend,0.0745,0.1481,0.2324,0.242,-0.023
AHCL,2020-09-02,pivot,39.52,1.2,0.726,0.726,0.726,0.263,0.05,uptrend,0.1137,0.1373,0.0693,0.1655,-0.0373
AHCL,2021-01-15,pivot,40.89,2.01,0.748,0.748,0.748,0.21,0.05,uptrend,-0.012,0.0094,-0.0366,0.053,-0.0602
AHCL,2021-05-24,pivot,36.98,2.6,0.556,0.879,0.879,0.323,0.19,uptrend,0.0097,0.0157,-0.0065,0.0458,-0.0452
AHCL,2021-06-21,pivot,37.73,1.5,0.884,0.884,0.884,0.116,0.04,uptrend,-0.0234,-0.0055,-0.0029,0.0674,-0.0291
AHCL,2022-04-11,pivot,38.36,0.67,0.878,0.967,0.967,0.089,0.66,uptrend,-0.0128,-0.0169,-0.0636,0.0564,-0.0908
AHCL,2022-10-05,pivot,35.25,0.71,0.969,1.0,1.0,0.031,1.21,uptrend,0.0006,0.0172,-0.055,0.0267,-0.1345
AHCL,2023-08-22,pivot,27.14,1.06,0.69,0.774,0.774,0.083,0.28,uptrend,-0.004,0.0043,-0.061,0.0076,-0.0755
AHCL,2023-12-13,pivot,36.49,0.65,0.974,0.974,0.974,0.013,0.61,uptrend,-0.0222,-0.0267,-0.0311,0.067,-0.0743
AHCL,2023-12-19,pivot,37.1,5.5,0.552,0.794,0.794,0.242,0.5,uptrend,-0.0192,-0.0005,0.0219,0.0703,-0.0738
AHCL,2023-12-29,pivot,35.34,0.54,0.906,0.906,0.906,0.094,0.39,uptrend,0.0108,0.0233,0.0406,0.1,-0.0222
AICL,2020-09-16,pivot,44.24,2.34,0.555,0.929,0.929,0.374,1.22,uptrend,-0.0615,-0.1039,-0.1061,-0.0134,-0.1475
AICL,2021-01-14,pivot,43.58,0.76,0.85,0.85,0.85,0.15,0.69,uptrend,0.0222,0.0356,-0.0123,0.072,-0.0238
AICL,2021-01-19,pivot,43.81,1.84,0.89,0.89,0.89,0.11,0.29,uptrend,0.0261,0.033,-0.0127,0.0648,-0.0205
AICL,2021-11-23,pivot,37.78,2.06,0.909,0.909,0.909,0.091,0.12,uptrend,0.0647,0.0184,0.0383,0.0652,-0.0543
AICL,2021-12-01,pivot,39.69,0.22,0.75,0.975,0.975,0.225,0.53,uptrend,-0.04,-0.0537,-0.003,0.0113,-0.1123
AICL,2021-12-09,pivot,37.83,2.19,0.612,1.0,1.0,0.388,0.11,uptrend,-0.0129,-0.0099,0.0139,0.0253,-0.0621
AICL,2021-12-27,pivot,38.9,0.82,0.977,0.977,0.977,0.0,0.53,uptrend,0.0254,0.0336,0.0177,0.0715,-0.0128
AICL,2023-09-05,pivot,30.99,1.2,0.766,0.766,0.766,0.187,0.93,uptrend,-0.0649,-0.0834,-0.1279,0.0031,-0.1693
AICL,2023-09-12,pivot,30.17,3.5,0.667,0.889,0.889,0.222,0.62,uptrend,-0.0227,-0.0408,-0.0642,0.0003,-0.1143
AIRLINK,2022-10-12,pivot,35.46,1.74,0.701,0.814,0.814,0.113,1.84,uptrend,-0.0201,-0.0456,-0.097,0.0156,-0.1126
AIRLINK,2023-08-25,pivot,23.69,2.86,0.732,0.732,0.732,0.101,1.02,uptrend,-0.1016,-0.0653,-0.0735,0.0567,-0.1241
AIRLINK,2023-11-27,pivot,60.54,2.53,0.716,0.716,0.716,0.156,0.61,uptrend,0.0383,0.086,-0.2229,0.1303,-0.2276
AKBL,2020-09-24,pivot,18.92,0.41,0.762,0.762,0.762,0.0,0.1,uptrend,-0.0278,-0.0562,0.0446,0.0656,-0.0814
AKBL,2021-01-14,pivot,23.42,1.79,0.78,0.78,0.78,0.22,0.16,uptrend,-0.0077,0.0421,-0.02,0.0723,-0.034
AKBL,2021-09-14,pivot,21.66,0.35,0.714,1.0,1.0,0.286,1.62,uptrend,0.0241,0.0136,0.0123,0.0955,-0.0227
AKBL,2021-10-25,pivot,23.92,4.88,0.65,1.45,1.45,0.8,0.28,uptrend,-0.0337,-0.0248,0.0109,0.0358,-0.0737
AKBL,2022-01-13,pivot,23.07,0.29,1.0,1.0,1.0,0.0,1.13,uptrend,0.0035,-0.0043,-0.0078,0.0325,-0.0433
AKBL,2022-01-20,pivot,22.95,3.72,0.704,0.939,0.939,0.235,11.55,uptrend,-0.0108,0.0108,-0.1299,0.0258,-0.1368
AKBL,2022-04-26,pivot,19.7,0.51,0.709,0.709,0.709,0.291,0.13,uptrend,-0.0738,-0.1202,-0.1002,-0.0127,-0.13
AKBL,2022-08-24,pivot,19.08,0.44,1.0,1.0,1.0,0.0,6.96,uptrend,-0.0561,-0.0275,-0.0743,,-0.0764
AKBL,2022-09-12,pivot,18.49,0.87,0.581,1.0,1.0,0.419,0.01,uptrend,-0.0338,-0.0376,-0.0569,-0.0011,-0.074
AKBL,2023-02-13,pivot,20.43,0.6,0.571,0.929,0.929,0.357,0.35,uptrend,-0.1032,-0.1187,-0.1042,0.0217,-0.1302
AKBL,2023-09-15,pivot,15.4,2.27,0.71,0.71,0.71,0.159,0.15,uptrend,-0.0368,-0.0152,0.129,0.1309,-0.0476
AKBL,2023-10-27,pivot,18.21,2.73,0.722,0.722,0.722,0.241,0.54,uptrend,-0.013,0.047,0.2222,0.227,-0.0319
ALAC,2020-08-13,pivot,8.35,4.07,0.63,0.891,0.891,0.261,2.12,uptrend,0.0012,0.0945,-0.0697,0.144,-0.0767
ALAC,2020-09-01,pivot,9.38,2.95,0.773,0.773,0.773,0.227,1.0,uptrend,-0.0343,-0.1545,-0.1953,0.0397,-0.1953
ALAC,2021-06-04,pivot,6.21,1.4,0.929,0.929,0.929,0.071,0.23,uptrend,-0.1221,-0.0934,-0.0661,0.0345,-0.1379
ALAC,2023-12-08,pivot,5.6,10.54,0.848,0.99,0.99,0.141,1.95,uptrend,0.0067,-0.0017,-0.085,0.165,-0.14
ALTN,2020-07-21,pivot,27.13,0.49,0.833,0.833,0.833,0.167,1.77,uptrend,-0.016,-0.0106,-0.0819,0.0621,-0.1135
ALTN,2020-08-19,pivot,26.13,0.48,0.714,1.0,1.0,0.286,2.19,uptrend,0.0172,0.0412,0.015,0.0918,-0.0637
ALTN,2020-09-22,pivot,27.21,0.76,0.987,0.987,0.987,0.013,5.73,uptrend,-0.0724,-0.0994,-0.0994,0.0501,-0.1697
ALTN,2021-01-01,pivot,24.61,0.0,0.728,1.0,1.0,0.272,2.43,uptrend,0.0208,0.1323,0.1172,0.1569,-0.0318
ALTN,2022-11-18,pivot,18.06,1.88,0.667,0.952,0.952,0.286,0.34,uptrend,0.0022,0.0105,-0.0546,0.0325,-0.0546
ALTN,2022-12-07,pivot,17.77,0.88,0.878,0.878,0.878,0.085,0.44,uptrend,-0.0537,-0.0695,-0.0613,0.0309,-0.102
ALTN,2023-06-14,pivot,14.44,2.98,0.896,0.896,0.896,0.104,2.5,uptrend,-0.06,0.0228,0.1318,0.2443,-1.0
ALTN,2023-07-18,pivot,16.85,6.65,0.69,1.0,1.0,0.31,5.46,uptrend,0.0347,0.0836,0.135,0.2842,-0.0396
ALTN,2023-10-17,pivot,15.25,0.33,0.724,0.724,0.724,0.276,0.17,uptrend,-0.0032,0.0846,0.6746,0.6753,-0.0413
ANL,2020-05-18,pivot,9.59,3.44,0.757,0.905,0.905,0.149,1.05,uptrend,0.011,0.215,0.48,0.72,-0.06
ANL,2020-05-28,pivot,9.86,4.63,0.56,0.92,0.92,0.36,1.68,uptrend,0.0985,0.4305,0.5222,0.6946,-0.0335
ANL,2020-06-22,pivot,14.31,4.33,0.608,0.819,0.819,0.211,1.15,uptrend,0.0293,0.0117,-0.0339,0.0684,-0.0619
ANL,2020-06-25,pivot,14.96,0.25,0.815,0.815,0.815,0.185,0.68,uptrend,0.0353,-0.0308,0.0488,0.07,-0.0751
ANL,2020-08-13,pivot,16.92,1.28,0.556,0.818,0.818,0.263,0.44,uptrend,-0.0254,0.0865,0.2295,0.2431,-0.0797
ANL,2020-09-04,pivot,20.25,0.23,0.811,0.811,0.811,0.011,1.34,uptrend,0.0284,-0.0336,-0.1527,0.0468,-0.2113
ANL,2020-10-22,pivot,22.23,1.03,0.565,0.791,0.791,0.226,0.61,uptrend,-0.1015,-0.127,-0.1633,-0.0065,-0.1767
ANL,2020-10-26,pivot,22.17,3.01,0.824,0.824,0.824,0.157,0.39,uptrend,-0.1061,-0.107,-0.1541,0.0075,-0.1581
ANL,2021-01-20,pivot,27.51,1.85,0.631,0.73,0.73,0.099,0.32,uptrend,0.1423,0.0889,0.1348,0.1917,-0.0235
ANL,2021-03-18,pivot,32.52,5.72,0.703,0.703,0.703,0.186,1.45,uptrend,0.1472,0.012,0.0694,0.1745,-0.0895
ANL,2021-03-29,pivot,36.55,3.15,0.749,0.749,0.749,0.103,2.29,uptrend,-0.2008,-0.1095,-0.1624,-0.0026,-0.2248
ANL,2021-04-30,pivot,33.95,5.01,0.793,0.793,0.793,0.041,0.61,uptrend,-0.0114,-0.0993,-0.0581,0.0009,-0.1216
ANL,2021-05-05,pivot,32.43,0.1,0.578,0.751,0.751,0.173,1.1,uptrend,-0.0912,-0.0895,-0.0848,0.0095,-0.114
ANL,2022-08-29,pivot,10.6,0.91,0.76,0.76,0.76,0.04,0.53,uptrend,-0.0214,-0.0698,-0.1023,0.0233,-0.1228
ASC,2020-06-12,pivot,11.87,2.7,0.724,0.724,0.724,0.138,0.46,uptrend,-0.038,-0.0135,0.0389,0.1132,-0.0794
ASC,2020-10-16,pivot,18.96,3.2,0.747,0.747,0.747,0.2,0.44,uptrend,0.0141,-0.0885,0.0267,0.1204,-0.1126
ASC,2022-01-26,pivot,14.41,1.09,0.607,0.921,0.921,0.315,1.52,uptrend,0.0198,-0.0423,-0.1222,0.0733,-0.1347
ASC,2022-09-19,pivot,10.43,4.15,0.725,0.725,0.725,0.174,0.76,uptrend,0.0346,0.0533,0.2208,0.2722,-0.0645
ASC,2023-07-04,pivot,7.77,2.66,0.846,0.942,0.942,0.096,0.58,uptrend,0.2067,0.13,0.1683,0.2983,-0.0396
ASC,2023-08-09,pivot,9.31,1.11,0.828,0.966,0.966,0.138,0.37,uptrend,0.0242,0.0537,0.1032,0.1547,-0.0947
ASL,2020-05-13,pivot,9.63,1.14,0.562,0.958,0.958,0.396,1.66,uptrend,-0.068,-0.127,-0.118,0.008,-0.16
ASL,2020-08-13,pivot,13.1,2.62,0.757,0.824,0.824,0.068,0.62,uptrend,0.0311,0.0252,0.0452,0.1348,-0.0111
ASL,2020-09-14,pivot,13.92,0.17,0.667,0.747,0.747,0.08,0.7,uptrend,0.0573,0.0805,0.0539,0.157,-0.0512
ASL,2020-12-23,pivot,20.19,0.26,0.789,0.789,0.789,0.056,0.57,uptrend,0.1175,0.1007,0.1554,0.1799,-0.0163
ASL,2021-08-27,pivot,25.03,4.12,0.854,0.854,0.854,0.031,0.95,uptrend,-0.0265,-0.0399,-0.1194,0.0213,-0.17
ASL,2022-04-14,pivot,13.62,0.42,0.816,0.816,0.816,0.053,0.5,uptrend,-0.056,-0.1162,-0.1456,0.0043,-0.264
ASL,2023-08-11,pivot,5.93,0.28,0.864,0.864,0.864,0.136,0.32,uptrend,-0.0848,-0.1485,-0.1338,0.0082,-0.2007
ASL,2023-11-20,pivot,7.4,1.04,0.767,0.767,0.767,0.1,0.36,uptrend,-0.0236,0.0131,0.1824,0.2073,-0.042
ASTL,2020-04-27,pivot,32.63,3.46,0.76,0.76,0.76,0.24,0.61,uptrend,0.0777,0.0957,0.0594,0.1401,-0.0282
ASTL,2020-05-04,pivot,34.87,0.35,0.792,0.792,0.792,0.208,0.94,uptrend,-0.0275,0.0033,-0.0397,0.0556,-0.0503
ASTL,2020-05-28,pivot,34.25,0.09,0.722,0.944,0.944,0.222,0.27,uptrend,-0.0255,0.0193,-0.0935,0.0425,-0.117
ASTL,2021-06-24,pivot,44.18,0.39,0.583,0.714,0.714,0.131,0.28,uptrend,-0.0029,-0.0074,-0.0392,0.0143,-0.0435
ASTL,2021-11-18,pivot,45.8,1.07,0.861,0.884,0.884,0.023,0.22,uptrend,-0.1033,-0.0897,-0.0852,0.0625,-0.1709
ASTL,2023-07-07,pivot,17.14,3.17,0.698,0.767,0.767,0.07,1.59,uptrend,0.1884,0.1548,0.166,0.2856,-0.019
ASTL,2023-08-09,pivot,19.54,0.87,0.574,0.713,0.713,0.139,0.34,uptrend,0.0831,0.0694,-0.0264,0.1907,-0.0562
ATRL,2020-06-22,pivot,87.02,1.16,0.768,0.846,0.846,0.077,0.61,uptrend,0.015,0.1418,0.3799,0.3827,-0.0169
ATRL,2021-03-01,pivot,221.51,0.64,0.667,0.851,0.851,0.184,0.56,uptrend,0.0215,-0.1043,0.124,0.2343,-0.2174
ATRL,2022-08-25,pivot,162.28,0.42,0.866,0.866,0.866,0.117,0.52,uptrend,-0.0264,-0.0376,-0.1386,0.0137,-0.1672
ATRL,2022-12-02,pivot,164.77,1.62,0.737,0.737,0.737,0.263,0.32,uptrend,-0.0466,-0.1293,-0.1404,0.0001,-0.2695
ATRL,2023-02-15,pivot,160.13,0.36,0.59,0.827,0.827,0.236,0.36,uptrend,0.0095,-0.0066,0.0275,0.0684,-0.036
ATRL,2023-09-18,pivot,240.55,0.21,0.746,0.756,0.756,0.01,0.69,uptrend,0.0384,0.0421,0.1567,0.2186,-0.0124
ATRL,2023-11-14,pivot,289.79,1.11,0.702,0.786,0.786,0.084,0.61,uptrend,0.0055,0.0541,0.1685,0.2886,-0.0166
AVN,2020-08-21,pivot,57.29,0.33,0.6,0.776,0.776,0.176,0.44,uptrend,0.0526,0.1109,0.1393,0.3554,-0.0077
AVN,2021-05-18,pivot,87.99,3.93,0.723,0.723,0.723,0.277,1.01,uptrend,-0.0079,-0.0341,0.0025,0.0438,-0.1605
AVN,2021-07-07,pivot,89.4,1.45,0.672,0.95,0.95,0.278,0.77,uptrend,0.0214,0.2179,0.2866,0.4553,-0.001
AVN,2022-07-07,pivot,76.73,0.74,0.689,0.787,0.787,0.098,0.24,uptrend,-0.065,-0.0368,0.009,0.0548,-0.1316
AVN,2022-08-29,pivot,81.2,1.85,0.739,0.739,0.739,0.261,0.91,uptrend,-0.0656,-0.0732,-0.0622,0.0182,-0.1016
BAFL,2020-06-12,pivot,33.2,1.72,0.649,0.888,0.888,0.239,0.24,uptrend,-0.0024,-0.0574,0.0662,0.1183,-0.0721
BAFL,2020-07-17,pivot,35.06,0.18,0.737,0.737,0.737,0.263,0.48,uptrend,0.0475,0.0725,0.0461,0.1217,-0.0104
BAFL,2021-01-18,pivot,36.61,0.83,0.759,0.759,0.759,0.038,0.41,uptrend,0.0059,-0.0275,-0.0709,0.0181,-0.097
BAFL,2021-01-22,pivot,36.32,0.48,0.75,0.9,0.9,0.15,0.07,uptrend,-0.006,-0.0207,-0.1012,0.0278,-0.1075
BAFL,2021-06-08,pivot,32.06,0.48,0.732,0.732,0.732,0.268,0.13,uptrend,-0.0022,-0.0186,-0.0226,0.021,-0.056
BAFL,2021-10-22,pivot,35.4,0.56,0.552,0.883,0.883,0.331,0.53,uptrend,-0.0079,-0.0175,-0.0093,0.0229,-0.0578
BAFL,2022-02-03,pivot,37.2,0.24,0.82,0.82,0.82,0.067,0.69,uptrend,-0.0111,-0.0061,-0.0458,0.0182,-0.0526
BAFL,2022-02-15,pivot,36.35,0.27,0.758,0.778,0.778,0.02,0.23,uptrend,0.0269,-0.0118,-0.0467,0.0389,-0.072
BAFL,2022-09-16,pivot,32.23,2.25,0.733,0.733,0.733,0.128,2.09,uptrend,-0.0517,-0.0649,-0.0541,-0.015,-0.0823
BAFL,2023-05-15,pivot,30.5,0.81,0.789,0.789,0.789,0.211,0.15,uptrend,-0.0346,-0.0561,-0.0846,0.0045,-0.1154
BAHL,2020-08-20,pivot,64.91,0.47,0.807,0.807,0.807,0.043,0.58,uptrend,-0.0062,-0.0194,-0.0126,0.0121,-0.0288
BAHL,2020-09-24,pivot,64.43,0.36,0.625,1.0,1.0,0.375,0.49,uptrend,-0.0155,-0.0457,0.1057,0.1106,-0.0591
BAHL,2020-11-10,pivot,68.16,0.23,0.725,0.725,0.725,0.025,1.86,uptrend,-0.0113,-0.0443,0.0069,0.0156,-0.1143
BAHL,2020-11-18,pivot,68.91,0.59,0.966,0.966,0.966,0.034,0.29,uptrend,-0.0294,0.0091,0.0651,0.0881,-0.1065
BAHL,2020-11-23,pivot,67.41,2.84,0.96,0.96,0.96,0.04,0.5,uptrend,0.0001,0.054,0.0685,0.1267,-0.0748
BAHL,2021-06-01,pivot,72.35,0.14,0.59,0.875,0.875,0.285,6.64,uptrend,-0.0229,-0.0246,-0.0559,0.0116,-0.0694
BAHL,2021-06-08,pivot,71.39,0.37,0.802,0.802,0.802,0.198,0.06,uptrend,-0.0066,-0.0233,-0.0399,0.0151,-0.0521
BAHL,2021-11-03,pivot,71.0,0.64,0.937,0.937,0.937,0.053,0.04,uptrend,-0.0073,0.0067,0.0236,0.0769,-0.0334
BAHL,2021-11-05,pivot,71.11,0.14,0.697,0.758,0.758,0.061,0.44,uptrend,-0.026,0.0186,-0.0065,0.0694,-0.0401
BAHL,2022-02-02,pivot,74.05,0.06,0.667,0.967,0.967,0.3,0.39,uptrend,0.0175,0.0062,0.0049,0.0396,-0.0396
BAHL,2022-02-14,pivot,75.5,0.53,0.809,0.864,0.864,0.055,0.3,uptrend,0.0054,-0.0005,-0.0274,0.0105,-0.0289
BAHL,2022-02-23,pivot,75.67,0.15,0.859,0.859,0.859,0.141,0.28,uptrend,-0.0126,-0.032,-0.1158,0.0021,-0.1255
BAHL,2022-02-28,pivot,75.21,0.28,0.773,0.773,0.773,0.127,1.25,uptrend,-0.0101,-0.0312,-0.1237,0.0065,-0.1243
BAHL,2022-03-03,pivot,75.26,0.28,0.784,0.784,0.784,0.216,0.69,uptrend,-0.0122,-0.0995,-0.1102,0.008,-0.1231
BAHL,2023-05-15,pivot,45.57,0.99,0.659,0.989,0.989,0.33,0.2,uptrend,-0.0498,-0.0787,-0.1009,0.0109,-0.1065
BAHL,2023-08-04,pivot,55.3,0.87,0.554,0.709,0.709,0.155,0.89,uptrend,-0.0325,-0.0706,-0.0702,0.0532,-0.1127
BAHL,2023-08-17,pivot,54.32,0.35,0.977,0.977,0.977,0.011,0.22,uptrend,0.0096,-0.0722,-0.1829,0.0364,-0.2071
BAHL,2023-11-10,pivot,63.4,1.58,0.646,0.818,0.818,0.172,0.42,uptrend,0.0101,0.1106,0.3244,0.3267,-0.0096
BAHL,2023-12-05,pivot,74.6,0.8,0.77,0.97,0.97,0.2,0.21,uptrend,0.1262,0.0454,0.0957,0.1576,-0.0117
BECO,2020-10-23,pivot,4.47,1.49,0.909,0.909,0.909,0.0,0.16,uptrend,-0.1131,-0.0222,0.1619,0.4945,-0.1663
BECO,2020-10-29,pivot,4.26,11.74,0.633,1.0,1.0,0.367,0.06,uptrend,0.1059,0.4188,0.4353,0.5859,-0.1035
BECO,2020-12-09,pivot,7.47,1.56,0.692,0.985,0.985,0.292,0.32,uptrend,-0.0288,0.0813,-0.035,0.155,-0.15
BECO,2020-12-11,pivot,7.48,5.75,0.862,0.862,0.862,0.062,0.79,uptrend,-0.1424,-0.0176,0.0812,0.0871,-0.2
BECO,2021-01-05,pivot,7.77,0.86,1.0,1.0,1.0,0.0,0.69,uptrend,0.2737,0.3475,0.98,1.0112,-0.0625
BECO,2021-02-10,pivot,19.0,5.19,0.724,0.724,0.724,0.276,1.49,uptrend,-0.1726,-0.1916,-0.2051,-0.0228,-0.2726
BECO,2021-03-01,pivot,16.63,3.81,0.6,0.918,0.918,0.318,0.57,uptrend,-0.0367,-0.0887,-0.096,0.0311,-0.1525
BECO,2021-03-25,pivot,16.21,0.08,0.667,0.8,0.8,0.133,0.29,uptrend,-0.0544,-0.1376,0.1731,0.1731,-0.2018
BECO,2021-04-26,pivot,20.61,0.0,1.0,1.0,1.0,0.0,0.05,uptrend,-0.1892,-0.1359,-0.0018,0.0749,-0.2325
BECO,2021-04-27,pivot,21.12,2.95,0.725,0.725,0.725,0.275,4.04,uptrend,-0.2793,-0.1852,-0.0869,-0.034,-0.286
BECO,2021-05-26,pivot,21.49,5.06,0.789,0.875,0.875,0.086,0.41,uptrend,0.0028,-0.0171,0.0567,0.1485,-0.0775
BECO,2021-07-15,pivot,22.17,0.54,0.798,0.798,0.798,0.202,3.15,uptrend,-0.1105,-0.068,-0.1643,-0.0033,-0.2014
BECO,2022-05-20,pivot,19.0,4.98,0.765,0.765,0.765,0.088,0.12,uptrend,-0.0147,-0.0886,-0.1165,0.0501,-0.1392
BECO,2023-05-19,pivot,8.61,3.41,0.621,1.0,1.0,0.379,0.18,uptrend,-0.0186,-0.0465,-0.0825,0.0058,-0.1719
BECO,2023-07-31,pivot,9.71,3.95,0.736,0.736,0.736,0.0,0.29,uptrend,-0.0605,-0.0771,-0.1914,0.0742,-0.2188
BGL,2020-07-30,pivot,6.31,1.37,1.0,1.0,1.0,0.0,0.14,uptrend,0.0661,-0.0126,0.0252,0.1165,-0.0646
BGL,2021-02-24,pivot,7.8,0.64,0.88,0.88,0.88,0.12,0.32,uptrend,0.06,0.0362,0.1062,0.2875,-0.05
BGL,2021-02-26,pivot,7.87,2.96,0.739,0.739,0.739,0.152,0.43,uptrend,0.0012,-0.016,0.0111,0.2716,-0.0617
BGL,2022-07-18,pivot,8.98,6.42,0.73,0.73,0.73,0.0,0.73,uptrend,-0.099,-0.0086,0.1206,0.1561,-0.155
BGL,2022-08-29,pivot,10.09,1.85,0.64,0.76,0.76,0.12,0.19,uptrend,-0.0394,-0.067,-0.1498,0.0246,-0.1921
BGL,2022-09-09,pivot,9.5,0.91,0.622,0.703,0.703,0.081,0.15,uptrend,-0.0849,-0.1544,-0.0798,-0.0031,-0.1616
BIPL,2020-09-01,pivot,9.76,4.07,0.706,0.739,0.739,0.034,4.75,uptrend,0.1194,0.0796,0.0427,0.1649,-0.0209
BIPL,2020-09-18,pivot,10.9,1.28,0.735,0.735,0.735,0.163,0.17,uptrend,-0.0142,-0.104,-0.1102,-0.0044,-0.1476
BIPL,2021-02-04,pivot,13.41,3.18,0.871,0.871,0.871,0.048,1.87,uptrend,-0.0088,-0.0375,-0.2125,0.0588,-0.2493
BIPL,2021-09-15,pivot,11.0,0.12,0.745,0.745,0.745,0.255,1.22,uptrend,0.1461,0.0957,0.1617,0.2087,-0.0252
BIPL,2021-09-22,pivot,12.72,5.21,0.677,0.903,0.903,0.226,0.81,uptrend,-0.0526,-0.0248,0.0361,0.0564,-0.0902
BIPL,2021-10-12,pivot,12.96,0.15,0.714,0.776,0.776,0.061,0.88,uptrend,-0.0052,0.0238,0.0424,0.0759,-0.0134
BIPL,2021-11-09,pivot,14.05,2.14,0.818,0.818,0.818,0.109,1.56,uptrend,-0.0455,0.0357,-0.0524,0.1126,-0.1238
BIPL,2022-02-07,pivot,13.37,2.72,0.961,0.961,0.961,0.49,0.44,uptrend,-0.0525,-0.0717,-0.247,-0.003,-0.2515
BIPL,2022-08-26,pivot,11.55,2.6,0.735,0.735,0.735,0.088,0.88,uptrend,0.0371,-0.0069,-0.0604,0.069,-0.0923
BIPL,2022-11-25,pivot,15.08,1.75,0.828,0.845,0.845,0.017,0.33,uptrend,-0.0442,-0.0617,-0.0727,0.0065,-0.1045
BIPL,2022-12-27,pivot,14.24,0.84,0.697,1.0,1.0,0.303,0.35,uptrend,-0.0388,-0.1059,-0.0955,-0.0042,-0.1246
BIPL,2023-05-05,pivot,14.99,2.49,0.625,0.812,0.812,0.188,2.69,uptrend,-0.0352,-0.0327,-0.0553,0.0314,-0.1038
BIPL,2023-05-15,pivot,15.15,0.04,0.743,0.771,0.771,0.029,0.15,uptrend,0.0381,-0.0245,0.0955,0.1181,-0.0801
BIPL,2023-05-24,pivot,15.86,2.08,0.851,0.851,0.851,0.149,0.17,uptrend,-0.0663,0.0362,0.0075,0.1187,-0.0837
BNL,2021-01-04,pivot,39.88,0.84,0.603,0.975,0.975,0.372,4.51,uptrend,0.0657,0.2542,0.1698,0.3234,-0.0842
BNL,2021-02-08,pivot,50.38,2.72,0.737,0.82,0.82,0.083,0.13,uptrend,-0.0077,0.062,0.0187,0.1561,-0.0461
BNL,2021-08-30,pivot,40.95,5.72,0.761,0.905,0.905,0.143,0.16,uptrend,-0.0168,-0.0231,-0.1848,0.028,-0.2028
BNL,2022-01-05,pivot,32.4,2.93,0.899,0.899,0.899,0.0,0.06,uptrend,-0.0371,-0.0694,-0.021,0.0171,-0.1386
BNL,2022-01-06,pivot,31.82,2.23,0.603,0.782,0.782,0.179,0.07,uptrend,-0.071,-0.1018,-0.0042,0.024,-0.153
BNL,2022-01-14,pivot,30.93,2.21,0.705,0.705,0.705,0.295,0.01,uptrend,-0.0228,0.0237,0.0686,0.1474,-0.0933
BNL,2022-01-19,pivot,31.43,6.45,0.704,0.73,0.73,0.025,2.11,uptrend,0.0407,0.0374,-0.0097,0.1552,-0.0871
BNL,2022-08-29,pivot,24.45,0.22,0.773,0.927,0.927,0.155,0.5,uptrend,-0.0431,-0.0318,-0.0333,0.0196,-0.1149
BNL,2023-03-09,pivot,19.5,1.28,0.96,0.96,0.96,0.04,0.21,uptrend,-0.0626,-0.1436,-0.1595,0.0256,-0.2051
BNL,2023-06-22,pivot,16.0,7.13,0.561,1.0,1.0,0.439,0.05,uptrend,0.075,0.0625,0.1319,0.2025,-0.0312
BNL,2023-12-07,pivot,15.81,6.45,0.807,0.807,0.807,0.021,0.84,uptrend,0.0425,-0.0745,-0.0985,0.1312,-0.1379
BOP,2021-02-01,pivot,9.51,0.63,0.8,0.8,0.8,0.2,0.78,uptrend,-0.0333,-0.0427,-0.0458,0.0083,-0.0729
BOP,2021-10-25,pivot,8.62,3.68,0.7,0.82,0.82,0.12,1.9,uptrend,,0.008,-0.017,0.0227,-0.0568
BOP,2022-08-18,pivot,5.77,3.7,0.735,0.824,0.824,0.088,2.07,uptrend,0.0102,-0.0017,-0.0644,0.0678,-0.0678
BOP,2023-11-08,pivot,4.3,0.7,0.769,0.769,0.769,0.0,0.46,uptrend,-0.0068,0.1023,0.2341,0.3568,-0.0273
CEPB,2020-05-14,pivot,65.7,1.06,0.6,0.97,0.97,0.37,1.13,uptrend,-0.043,-0.0294,0.0611,0.1514,-0.0833
CEPB,2020-06-01,pivot,63.44,1.48,0.656,0.788,0.788,0.131,0.17,uptrend,-0.0033,0.0259,0.0991,0.1855,-0.0562
CEPB,2020-08-31,pivot,101.54,0.54,0.687,0.905,0.905,0.218,2.28,uptrend,0.0393,0.1053,0.0211,0.1244,-0.0276
CEPB,2020-09-09,pivot,109.31,0.28,0.593,0.839,0.839,0.246,0.91,uptrend,0.0185,-0.014,-0.2119,0.0618,-0.2776
CEPB,2020-10-23,pivot,110.49,4.97,0.742,0.742,0.742,0.258,1.25,uptrend,-0.135,-0.0416,-0.0935,0.0375,-0.1434
CEPB,2021-05-18,pivot,100.06,1.06,0.565,0.73,0.73,0.165,0.36,uptrend,0.1077,0.1321,0.2785,0.2833,-0.0127
CEPB,2023-06-07,pivot,54.8,2.18,0.587,0.804,0.804,0.217,1.42,uptrend,-0.4973,-0.5116,-0.4609,-0.4107,-0.5321
CHCC,2020-05-11,pivot,79.79,1.56,0.765,0.765,0.765,0.192,0.26,uptrend,0.1131,0.073,0.0912,0.1837,0.0321
CHCC,2020-06-12,pivot,86.94,3.38,0.731,0.865,0.865,0.135,0.41,uptrend,-0.0529,-0.0108,0.1868,0.1939,-0.0808
CHCC,2021-06-28,pivot,180.42,2.17,0.731,0.731,0.731,0.234,2.6,uptrend,-0.0611,-0.0543,-0.0994,0.0068,-0.1245
CHCC,2022-08-29,pivot,99.3,1.31,0.816,0.816,0.816,0.184,1.01,uptrend,0.027,0.1057,0.1235,0.1748,-0.0388
CHCC,2022-10-21,pivot,121.63,1.17,0.711,0.821,0.821,0.111,0.35,uptrend,-0.0307,0.0152,0.0136,0.0661,-0.0705
CHCC,2022-10-26,pivot,118.29,2.56,0.707,0.707,0.707,0.111,0.63,uptrend,0.0687,0.089,0.0549,0.1031,-0.0216
CHCC,2023-02-08,pivot,102.22,1.04,0.738,0.813,0.813,0.075,1.08,uptrend,0.0291,0.0071,0.0744,0.1048,-0.0567
CHCC,2023-12-11,pivot,162.59,1.04,0.743,0.743,0.743,0.257,0.85,uptrend,0.0093,-0.0933,-0.0247,0.0467,-0.1053
CHCC,2023-12-21,pivot,157.75,0.35,0.708,0.708,0.708,0.292,0.11,uptrend,-0.011,0.0203,-0.0751,0.0528,-0.0988
CLOV,2020-09-23,pivot,96.88,4.21,0.682,0.793,0.793,0.111,3.96,uptrend,-0.1205,-0.1691,-0.1192,-0.0083,-0.2409
CLOV,2022-03-17,pivot,24.55,1.03,0.771,0.771,0.771,0.029,0.09,uptrend,-0.0912,-0.0532,-0.038,0.01,-0.12
CLOV,2023-11-29,pivot,23.12,0.52,1.0,1.0,1.0,0.0,7.41,uptrend,0.0624,0.161,-0.0366,0.3416,-0.1312
CLOV,2023-12-27,pivot,22.95,5.94,0.73,0.825,0.825,0.095,0.55,uptrend,0.1737,0.0499,0.2849,0.3457,-0.0109
CNERGY,2020-05-11,pivot,6.1,1.42,0.812,0.812,0.812,0.063,0.52,uptrend,0.0373,0.0292,-0.0178,0.094,-0.0292
CNERGY,2020-09-24,pivot,9.98,3.58,0.722,0.722,0.722,0.056,0.57,uptrend,-0.0118,-0.0187,-0.0285,0.1122,-0.1437
CNERGY,2021-06-30,pivot,11.33,0.47,0.775,0.825,0.825,0.05,0.42,uptrend,-0.0719,-0.1002,-0.137,0.0171,-0.1695
CNERGY,2023-11-03,pivot,3.72,0.36,0.632,0.737,0.737,0.105,0.97,uptrend,0.2051,0.1538,0.1821,0.2692,-0.0128
CNERGY,2023-11-14,pivot,4.56,2.34,0.857,0.857,0.857,0.036,1.15,uptrend,-0.055,-0.0275,0.0592,0.0994,-0.1036
CNERGY,2023-12-08,pivot,4.95,1.08,0.759,0.759,0.759,0.069,1.43,uptrend,0.1079,0.0116,-0.052,0.2466,-0.131
CPHL,2022-04-12,pivot,35.7,1.8,0.759,0.844,0.844,0.085,3.44,uptrend,-0.0571,-0.119,-0.2005,0.0094,-0.2493
CPHL,2022-04-14,pivot,35.84,0.07,0.841,0.841,0.841,0.159,0.87,uptrend,-0.091,-0.111,-0.1636,0.0096,-0.2329
CPHL,2022-08-29,pivot,33.49,2.32,0.876,0.876,0.876,0.124,0.61,uptrend,-0.0138,-0.0268,-0.1118,0.0147,-0.1441
CPHL,2022-09-16,pivot,32.86,0.64,0.701,0.701,0.701,0.234,0.76,uptrend,-0.0718,-0.1026,-0.0877,0.0006,-0.1293
CPHL,2023-03-24,pivot,25.73,2.4,0.756,0.756,0.756,0.244,0.18,uptrend,-0.0169,-0.0173,0.0008,0.0381,-0.0373
CRTM,2020-12-14,pivot,27.76,2.59,0.895,1.0,1.0,0.105,5.72,uptrend,0.1044,0.1845,0.1973,0.2794,-0.0759
CRTM,2020-12-28,pivot,33.84,2.18,0.756,0.895,0.895,0.14,3.29,uptrend,0.0094,0.0113,0.0461,0.0828,-0.0455
CRTM,2022-02-18,pivot,21.09,0.41,0.863,0.882,0.882,0.02,0.2,uptrend,-0.0948,-0.1167,-0.1511,-0.0014,-0.1609
CRTM,2022-08-11,pivot,17.9,3.07,0.696,0.975,0.975,0.278,0.59,uptrend,0.0309,0.0248,-0.0243,0.075,-0.0353
CRTM,2022-09-02,pivot,17.8,0.86,0.712,0.712,0.712,0.121,1.2,uptrend,-0.0246,-0.0306,-0.0737,-0.0033,-0.1147
CRTM,2023-12-20,pivot,15.4,2.62,0.854,0.854,0.854,0.146,0.39,uptrend,-0.0311,-0.0227,-0.0428,0.0253,-0.0545
CSAP,2020-04-20,pivot,51.7,3.28,0.822,0.923,0.923,0.101,4.25,uptrend,-0.0867,-0.0872,-0.1053,-0.0214,-0.1584
CSAP,2020-04-22,pivot,50.83,5.57,0.756,0.997,0.997,0.241,0.48,uptrend,-0.0208,-0.0783,-0.0959,-0.0018,-0.1145
CSAP,2020-09-24,pivot,77.25,0.97,0.704,0.704,0.704,0.042,0.29,uptrend,-0.1158,-0.1217,-0.0958,0.0119,-0.2172
CSAP,2020-12-10,pivot,84.03,4.54,0.782,0.782,0.782,0.045,0.93,uptrend,0.0126,0.0026,-0.0405,0.0942,-0.0581
CSAP,2021-01-08,pivot,81.49,0.54,0.829,0.84,0.84,0.011,0.39,uptrend,-0.0018,0.006,0.0178,0.0658,-0.0121
CSAP,2022-07-04,pivot,40.34,0.84,0.596,0.843,0.843,0.247,1.45,uptrend,0.0572,-0.1147,-0.0874,0.1215,-0.1305
CSAP,2023-07-26,pivot,26.39,1.39,0.939,0.939,0.939,0.051,0.2,uptrend,0.0663,0.0281,-0.0007,0.1751,-0.0189
CSIL,2020-06-22,pivot,1.65,3.23,0.579,1.0,1.0,0.421,0.39,uptrend,0.1061,0.1285,0.1453,0.3128,-0.0168
CSIL,2020-08-25,pivot,2.28,1.02,0.643,0.857,0.857,0.214,0.78,uptrend,-0.0417,0.05,0.3958,0.6125,-0.05
CSIL,2020-10-21,pivot,3.07,1.85,0.778,0.778,0.778,0.0,2.98,uptrend,-0.0762,-0.0671,-0.2073,-0.0122,-0.2226
CSIL,2021-03-02,pivot,2.82,0.12,0.722,0.722,0.722,0.0,0.18,uptrend,-0.1467,-0.12,-0.1767,0.0167,-0.2333
CSIL,2022-01-27,pivot,2.13,1.09,0.818,0.909,0.909,0.091,0.16,uptrend,-0.018,-0.0045,-0.0991,0.0946,-0.1171
CSIL,2022-04-15,pivot,2.14,0.78,0.786,0.786,0.786,0.214,0.71,uptrend,-0.1106,-0.1593,-0.146,-0.0088,-0.3363
CSIL,2022-09-12,pivot,2.0,4.5,0.923,0.923,0.923,0.077,0.24,uptrend,-0.2304,-0.1176,-0.1618,-0.0196,-0.2549
CSIL,2023-06-02,pivot,1.31,0.51,0.769,0.769,0.769,0.231,0.03,uptrend,0.014,-0.1189,-0.049,0.3217,-0.2587
CSIL,2023-07-10,pivot,1.46,4.33,0.733,0.733,0.733,0.2,2.32,uptrend,0.0258,0.0645,0.1806,0.2645,-0.0581
CSIL,2023-07-26,pivot,1.68,0.4,0.571,0.762,0.762,0.19,1.26,uptrend,-0.0319,0.016,0.234,0.3032,-0.1117
CSIL,2023-08-04,pivot,1.77,5.65,0.957,0.957,0.957,0.043,0.71,uptrend,0.0474,0.1895,0.1789,0.5,-0.0947
CSIL,2023-09-04,pivot,2.13,0.94,0.813,0.813,0.813,0.187,0.46,uptrend,-0.0441,-0.0837,-0.1982,0.0529,-0.2247
CSIL,2023-09-11,pivot,2.07,1.13,0.8,0.8,0.8,0.133,0.43,uptrend,-0.0545,-0.1182,-0.1682,0.0864,-0.2227
CSIL,2023-09-13,pivot,2.14,4.06,0.833,0.833,0.833,0.167,0.06,uptrend,-0.0737,-0.1106,-0.1475,0.1014,-0.212
CSIL,2023-12-11,pivot,2.32,1.29,0.778,0.778,0.778,0.222,2.09,uptrend,0.0607,-0.0567,-0.004,0.2186,-0.1417
DCL,2020-07-06,pivot,7.99,1.04,0.75,0.75,0.75,0.071,0.56,uptrend,0.0757,0.1563,0.1001,0.1844,-0.0098
DCL,2020-12-31,pivot,10.15,0.43,0.559,0.824,0.824,0.265,1.18,uptrend,-0.0124,0.0392,0.0517,0.1234,-0.0278
DCL,2022-04-19,pivot,7.27,1.7,0.8,0.8,0.8,0.057,0.59,uptrend,-0.0653,-0.2067,-0.2813,0.0133,-0.2947
DCR,2020-08-11,pivot,11.15,3.59,0.818,0.891,0.891,0.073,1.94,uptrend,-0.0071,-0.0301,-0.0177,0.0212,-0.0389
DCR,2020-09-02,pivot,11.15,1.32,0.818,0.818,0.818,0.045,0.15,uptrend,-0.0107,-0.0196,-0.0374,0.0107,-0.0446
DCR,2021-06-24,pivot,10.86,0.55,0.95,0.95,0.95,0.05,2.54,uptrend,0.06,0.0709,0.07,0.1,-0.0182
DCR,2021-07-29,pivot,11.74,3.6,0.759,0.759,0.759,0.052,1.32,uptrend,-0.0437,-0.0286,0.0084,0.0395,-0.0756
DCR,2021-07-30,pivot,11.42,0.18,0.709,0.745,0.745,0.036,1.02,uptrend,-0.0377,-0.036,-0.0042,0.0351,-0.0795
DCR,2021-09-03,pivot,11.7,1.45,0.846,0.846,0.846,0.154,0.3,uptrend,-0.012,-0.0086,-0.0094,0.0506,-0.018
DCR,2021-12-10,pivot,11.97,1.53,0.9,1.0,1.0,0.1,0.03,uptrend,0.0133,0.01,0.0217,0.04,-0.01
DCR,2021-12-20,pivot,12.04,0.36,0.833,1.0,1.0,0.167,0.02,uptrend,0.0057,0.0099,0.0304,0.0443,-0.0148
DCR,2022-02-02,pivot,13.0,1.97,0.735,0.765,0.765,0.029,1.75,uptrend,-0.0099,-0.0099,0.0489,0.1277,-0.0206
DCR,2022-02-08,pivot,12.99,1.05,0.733,0.733,0.733,0.267,2.15,uptrend,-0.0008,0.0615,0.0808,0.1346,-0.0146
DCR,2022-03-16,pivot,13.91,1.41,0.789,0.789,0.789,0.0,0.37,uptrend,0.0291,0.0603,0.061,0.0987,-0.0163
DCR,2022-03-29,pivot,14.37,0.46,0.9,0.9,0.9,0.1,0.09,uptrend,0.0386,0.031,0.0283,0.0676,-0.0048
DCR,2022-04-08,pivot,15.15,1.12,0.808,0.808,0.808,0.038,0.15,uptrend,-0.0138,-0.0125,-0.042,0.0072,-0.0814
DCR,2023-04-18,pivot,13.69,0.07,0.857,0.929,0.929,0.071,0.16,uptrend,-0.008,-0.0123,-0.0065,0.0094,-0.0333
DCR,2023-04-27,pivot,13.66,0.1,0.667,0.867,0.867,0.2,1.05,uptrend,-0.0087,-0.0087,-0.0094,0.0109,-0.0159
DCR,2023-07-18,pivot,13.87,0.48,0.8,0.8,0.8,0.2,0.3,uptrend,-0.0086,-0.0186,-0.0107,,-0.0357
DCR,2023-07-25,pivot,13.82,2.27,0.771,0.771,0.771,0.229,0.89,uptrend,-0.0179,-0.0214,-0.0093,-0.0007,-0.035
DFML,2020-08-13,pivot,5.76,0.75,0.929,0.929,0.929,0.036,0.26,uptrend,-0.0017,-0.0083,0.3183,0.6917,-0.055
DFML,2021-07-07,pivot,12.18,0.99,0.587,0.762,0.762,0.175,0.94,uptrend,-0.0549,-0.1142,-0.2209,0.1594,-0.2328
DFML,2022-04-12,pivot,5.62,1.54,0.597,0.844,0.844,0.247,2.55,uptrend,-0.1095,-0.1317,-0.2794,-0.0175,-0.2873
DFML,2022-08-17,pivot,4.61,4.41,0.64,0.933,0.933,0.292,4.42,uptrend,-0.017,-0.0943,-0.1264,0.0075,-0.1604
DGKC,2020-04-27,pivot,81.37,4.76,0.729,0.775,0.775,0.046,0.98,uptrend,0.0005,0.0225,-0.0157,0.0633,-0.0571
DGKC,2020-07-10,pivot,94.47,0.28,0.673,0.822,0.822,0.15,0.82,uptrend,0.0896,0.0194,0.0859,0.1458,0.0109
DGKC,2020-09-18,pivot,112.31,1.34,0.724,0.724,0.724,0.1,0.46,uptrend,-0.0251,-0.0509,-0.0399,0.0249,-0.0933
DGKC,2021-01-12,pivot,111.32,0.11,0.76,0.76,0.76,0.007,0.32,uptrend,-0.018,0.0098,0.0692,0.0915,-0.0283
DGKC,2022-08-29,pivot,59.44,0.75,0.574,0.835,0.835,0.261,0.55,uptrend,-0.011,-0.0115,0.0036,0.0362,-0.0854
DGKC,2022-09-13,pivot,59.63,0.21,0.589,0.845,0.845,0.256,1.13,uptrend,-0.0363,0.0005,0.0025,0.0376,-0.092
DOL,2020-05-04,pivot,27.13,1.4,0.827,0.827,0.827,0.173,0.17,uptrend,0.1122,0.0275,-0.0158,0.1507,-0.0356
DOL,2020-07-27,pivot,30.49,0.61,0.636,0.782,0.782,0.145,0.54,uptrend,-0.0086,-0.0099,-0.0261,0.0414,-0.0573
DOL,2020-09-17,pivot,45.66,0.21,0.606,0.763,0.763,0.158,1.0,uptrend,-0.0364,-0.0821,-0.2654,0.0319,-0.3185
DOL,2021-01-18,pivot,35.87,5.78,0.708,0.708,0.708,0.235,0.3,uptrend,-0.0324,-0.022,-0.069,0.0159,-0.0797
DOL,2021-01-20,pivot,35.01,0.81,0.746,0.746,0.746,0.016,0.31,uptrend,-0.0064,-0.0147,-0.1311,0.0275,-0.1331
DOL,2021-11-18,pivot,24.0,1.83,0.738,0.864,0.864,0.126,0.17,uptrend,-0.0801,-0.1159,-0.1126,0.0057,-0.2245
DOL,2021-11-19,pivot,23.81,0.25,0.694,0.724,0.724,0.031,0.28,uptrend,-0.0873,-0.1549,-0.1306,-0.0097,-0.2289
DOL,2022-08-29,pivot,22.88,1.87,0.713,0.713,0.713,0.287,0.46,uptrend,-0.0775,-0.0881,-0.1055,0.0275,-0.1314
DOL,2022-09-19,pivot,21.31,1.45,0.62,0.9,0.9,0.28,0.26,uptrend,-0.0181,-0.0084,0.1544,0.1544,-0.0465
DOL,2022-11-29,pivot,23.34,2.33,0.839,0.839,0.839,0.0,0.46,uptrend,-0.0898,-0.0985,-0.0517,0.0095,-0.1808
DOL,2023-03-14,pivot,22.86,0.39,0.697,0.879,0.879,0.182,0.41,uptrend,0.1766,0.1429,0.1896,0.2468,-0.013
DOL,2023-04-10,pivot,25.37,1.47,0.817,0.817,0.817,0.183,0.68,uptrend,0.0211,0.0199,0.0203,0.1172,-0.0387
DOL,2023-08-04,pivot,25.31,5.52,0.904,0.928,0.928,0.024,0.32,uptrend,-0.0831,-0.0692,-0.045,-0.0077,-0.0958
DSL,2022-02-03,pivot,4.17,2.56,0.75,0.75,0.75,0.25,0.3,uptrend,-0.0093,-0.0442,-0.107,0.0814,-0.1349
DSL,2022-02-15,pivot,4.09,2.2,0.611,0.778,0.778,0.167,0.61,uptrend,,-0.0383,-0.0024,0.0909,-0.1148
DSL,2022-08-22,pivot,5.38,1.55,0.625,0.938,0.938,0.312,1.37,uptrend,0.0293,0.1813,0.0751,0.1996,-0.0256
DSL,2022-10-19,pivot,5.79,3.28,0.682,0.773,0.773,0.091,2.22,uptrend,-0.0596,-0.1325,-0.1474,0.0265,-0.1705
DSL,2023-02-21,pivot,4.42,0.38,0.833,0.833,0.833,0.0,0.59,uptrend,-0.0243,0.0642,0.1925,0.3496,-0.0376
DSL,2023-03-01,pivot,4.36,0.31,0.789,0.789,0.789,0.0,0.77,uptrend,0.1432,0.1872,0.1542,0.3436,-0.0308
DSL,2023-07-07,pivot,5.4,1.54,0.667,0.704,0.704,0.037,0.17,uptrend,-0.0411,-0.0143,-0.0519,0.0555,-0.0948
DSL,2023-12-06,pivot,5.78,1.38,0.6,0.88,0.88,0.28,0.9,uptrend,-0.084,-0.1176,-0.0756,0.0504,-0.1597
ECOP,2020-05-28,pivot,14.52,0.11,0.633,0.8,0.8,0.167,1.87,uptrend,-0.0663,0.19,0.3294,0.3994,-0.1562
ECOP,2021-01-04,pivot,31.76,1.57,0.747,1.0,1.0,0.253,0.0,uptrend,0.0831,0.0468,0.0115,0.1532,-0.0307
ECOP,2021-03-24,pivot,35.8,4.58,0.72,0.72,0.72,0.067,0.01,uptrend,-0.024,-0.0475,-0.05,0.0612,-0.1536
ECOP,2022-06-14,pivot,33.68,3.46,0.788,0.788,0.788,0.202,0.12,uptrend,-0.0442,-0.114,-0.1472,0.0504,-0.2328
ECOP,2022-07-29,pivot,30.02,3.36,1.0,1.0,1.0,0.0,0.24,uptrend,-0.0026,0.0138,,0.0656,-0.0475
ECOP,2022-08-17,pivot,30.38,0.56,0.69,1.0,1.0,0.31,0.55,uptrend,-0.0321,-0.0397,-0.0251,0.0159,-0.1603
ECOP,2023-04-28,pivot,15.3,0.0,0.605,0.816,0.816,0.211,0.85,uptrend,0.0219,-0.087,-0.0572,0.0949,-0.1052
ECOP,2023-08-16,pivot,16.06,3.51,0.714,1.0,1.0,0.286,0.26,uptrend,-0.0593,-0.1173,-0.1481,,-0.1667
EFERT,2020-07-16,pivot,62.73,0.13,0.583,0.783,0.783,0.2,0.54,uptrend,0.0022,0.0434,-0.0262,0.0844,-0.0392
EFERT,2021-05-18,pivot,67.97,0.28,0.723,0.723,0.723,0.17,1.17,uptrend,0.0281,0.05,0.0379,0.0755,-0.0063
EFERT,2021-05-19,pivot,67.85,0.04,0.789,0.789,0.789,0.211,0.54,uptrend,0.0412,0.0519,0.0412,0.0793,-0.0016
EFERT,2021-06-04,pivot,71.51,0.01,0.714,0.875,0.875,0.161,1.28,uptrend,-0.0004,-0.0341,-0.0167,0.0186,-0.0505
EFERT,2021-06-28,pivot,70.18,0.54,0.741,0.741,0.741,0.111,0.75,uptrend,0.0144,0.0392,0.0654,0.0693,-0.012
EFERT,2021-08-13,pivot,75.61,0.07,0.6,0.72,0.72,0.12,0.48,uptrend,0.0098,0.0106,-0.0324,0.0288,-0.0498
EFERT,2021-08-25,pivot,76.78,0.02,0.671,0.795,0.795,0.123,0.5,uptrend,-0.005,0.0012,-0.0652,0.0066,-0.0909
EFERT,2021-12-10,pivot,73.11,0.16,0.552,0.869,0.869,0.317,0.4,uptrend,0.0093,0.0114,0.092,0.0947,-0.0086
EFERT,2022-03-28,pivot,90.3,0.33,0.835,0.835,0.835,0.165,0.4,uptrend,-0.0069,0.024,0.0858,0.0922,-0.0236
EFERT,2022-04-28,pivot,93.55,1.86,0.752,0.78,0.78,0.028,0.89,uptrend,-0.0666,-0.0525,-0.0761,-0.0087,-0.1359
EFERT,2022-11-18,pivot,81.4,0.37,0.717,0.983,0.983,0.267,0.56,uptrend,0.0015,-0.0053,-0.0158,0.0135,-0.0293
EFERT,2023-02-23,pivot,85.24,0.69,0.885,0.885,0.885,0.115,0.55,uptrend,0.0265,0.0272,-0.0572,0.0734,-0.0587
ENGRO,2020-06-01,pivot,288.31,0.97,0.845,0.845,0.845,0.103,1.36,uptrend,-0.0089,-0.0347,0.0004,0.0185,-0.0565
ENGRO,2021-11-17,pivot,283.22,0.23,0.701,0.701,0.701,0.299,0.6,uptrend,-0.0332,-0.0214,-0.0418,0.0196,-0.0688
ENGRO,2022-04-28,pivot,276.75,1.36,0.716,0.716,0.716,0.038,0.77,uptrend,-0.0416,-0.0402,-0.0547,-0.0028,-0.0756
ENGRO,2023-01-03,pivot,263.71,0.23,0.703,0.703,0.703,0.241,1.01,uptrend,0.0406,-0.0265,0.0962,0.1026,-0.0421
ENGRO,2023-02-08,pivot,293.14,0.36,0.654,0.788,0.788,0.134,0.55,uptrend,0.0011,0.0048,0.0057,0.0268,-0.025
ENGRO,2023-02-22,pivot,298.8,0.4,0.758,0.758,0.758,0.217,0.22,uptrend,-0.0021,-0.001,-0.0534,0.0199,-0.0568
ENGRO,2023-02-23,pivot,298.01,0.34,0.661,0.723,0.723,0.062,0.47,uptrend,0.0175,0.0012,-0.0509,0.0225,-0.0676
ENGRO,2023-02-24,pivot,297.33,0.11,0.8,0.8,0.8,0.2,0.84,uptrend,0.0064,-0.0033,-0.0575,0.0216,-0.0684
ENGRO,2023-11-15,pivot,288.83,0.46,0.567,0.762,0.762,0.195,0.53,uptrend,-0.0041,0.0141,0.0881,0.118,-0.0296
EPCL,2020-07-21,pivot,31.34,5.53,0.747,0.747,0.747,0.141,1.14,uptrend,-0.0337,-0.0214,0.0217,0.0458,-0.0824
EPCL,2020-08-13,pivot,30.15,0.84,0.763,0.763,0.763,0.085,2.51,uptrend,0.031,0.1067,0.2368,0.3187,-0.0442
EPCL,2020-08-21,pivot,32.14,1.83,0.638,0.92,0.92,0.281,0.93,uptrend,0.0678,0.1397,0.2785,0.3244,0.0018
EPCL,2020-09-14,pivot,39.41,2.19,0.774,0.774,0.774,0.034,0.34,uptrend,0.0716,0.0152,0.0487,0.1161,-0.0465
EPCL,2020-09-29,pivot,40.2,0.19,0.576,0.881,0.881,0.305,0.35,uptrend,-0.0204,0.0033,0.031,0.1351,-0.0834
EPCL,2021-08-10,pivot,56.06,3.99,0.727,0.727,0.727,0.029,3.67,uptrend,0.0253,0.0496,-0.0224,0.1357,-0.0482
EPCL,2021-09-03,pivot,63.57,0.89,0.775,0.899,0.899,0.124,0.57,uptrend,-0.134,-0.1425,-0.1287,0.0102,-0.202
EPCL,2022-05-31,pivot,83.71,0.06,0.786,0.786,0.786,0.046,0.81,uptrend,-0.0289,-0.0704,-0.0631,0.0003,-0.1011
EPCL,2023-03-17,pivot,46.71,0.4,0.6,0.75,0.75,0.15,0.67,uptrend,-0.0213,-0.0066,-0.0592,0.0841,-0.0729
EPCL,2023-03-21,pivot,46.65,0.32,0.754,0.754,0.754,0.246,0.31,uptrend,-0.0274,0.0165,-0.0295,0.088,-0.0696
EPCL,2023-10-12,pivot,41.85,0.6,0.667,0.8,0.8,0.133,0.99,uptrend,0.0377,-0.0171,-0.019,0.0498,-0.0877
EPQL,2020-06-10,pivot,20.79,0.14,0.958,0.958,0.958,0.042,0.66,uptrend,-0.0329,-0.0429,0.01,0.0381,-0.0548
EPQL,2020-06-29,pivot,20.01,0.8,0.6,1.0,1.0,0.4,0.05,uptrend,0.0692,0.0995,0.1318,0.193,-0.005
EPQL,2021-06-29,pivot,21.23,1.77,0.556,1.0,1.0,0.444,0.81,uptrend,0.0211,0.0258,-0.0709,0.0329,-0.0728
EPQL,2021-07-08,pivot,21.55,0.62,0.884,0.953,0.953,0.07,0.72,uptrend,-0.016,-0.0659,-0.0957,0.0069,-0.113
EPQL,2021-11-10,pivot,17.91,0.07,0.9,0.9,0.9,0.1,0.91,uptrend,0.0022,-0.0078,-0.0006,0.0128,-0.0278
EPQL,2022-01-20,pivot,19.83,4.12,0.856,0.856,0.856,0.144,0.58,uptrend,0.0078,0.0735,0.3294,0.3471,-0.0196
EPQL,2022-06-24,pivot,22.42,6.79,0.792,0.792,0.792,0.07,7.0,uptrend,-0.0364,-0.0532,-0.0611,0.0029,-0.1709
EPQL,2022-10-17,pivot,25.65,1.38,0.632,0.895,0.895,0.263,2.08,uptrend,0.0549,-0.1246,0.0229,0.0705,-0.1528
EPQL,2023-07-11,pivot,24.67,2.3,0.825,0.825,0.825,0.165,0.87,uptrend,-0.0275,0.0399,-0.0156,0.075,-0.0546
EPQL,2023-10-27,pivot,25.52,0.65,0.667,0.852,0.852,0.185,0.49,uptrend,0.1047,0.1182,0.1306,0.1951,-0.0004
FABL,2020-12-15,pivot,17.29,0.21,0.833,0.833,0.833,0.0,0.31,uptrend,-0.0308,-0.0057,0.0815,0.1538,-0.0313
FABL,2021-06-17,pivot,16.82,0.4,0.8,0.8,0.8,0.0,0.15,uptrend,0.0012,0.0294,0.0729,0.1041,-0.02
FABL,2021-08-20,pivot,18.38,0.4,0.8,0.8,0.8,0.2,0.01,uptrend,0.0426,0.1202,0.4865,0.6024,-0.014
FABL,2021-09-22,pivot,26.06,2.15,0.639,0.955,0.955,0.316,1.24,uptrend,-0.0425,-0.037,0.0026,0.0425,-0.0758
FABL,2021-10-25,pivot,26.33,1.25,0.61,1.0,1.0,0.39,0.33,uptrend,0.0623,0.0198,-0.0332,0.0869,-0.0958
FABL,2022-07-21,pivot,23.5,2.09,0.827,0.827,0.827,0.173,1.07,uptrend,0.0629,0.0629,0.0258,0.1075,-0.0183
FABL,2022-08-23,pivot,24.41,1.32,0.728,0.765,0.765,0.037,2.27,uptrend,-0.0036,0.104,0.0867,0.1647,-0.0233
FABL,2022-08-26,pivot,24.53,0.1,0.622,0.919,0.919,0.297,0.31,uptrend,0.1248,0.0598,0.0337,0.1485,-0.0368
FABL,2023-08-17,pivot,25.98,1.85,0.708,0.708,0.708,0.292,0.5,uptrend,-0.0928,-0.1576,-0.183,0.0345,-0.1857
FABL,2023-12-28,pivot,30.37,2.78,0.576,0.768,0.768,0.192,1.09,uptrend,-0.008,-0.0024,0.0015,0.0178,-0.0796
FATIMA,2020-05-21,pivot,26.59,0.35,0.714,0.743,0.743,0.029,1.61,uptrend,0.0074,0.0213,-0.0423,0.0842,-0.1507
FATIMA,2020-06-11,pivot,27.69,0.47,0.568,0.977,0.977,0.409,0.3,uptrend,-0.0425,-0.0707,0.0025,0.0179,-0.175
FATIMA,2020-06-30,pivot,26.3,0.38,0.615,0.815,0.815,0.2,0.98,uptrend,0.054,0.0559,0.0428,0.108,0.0019
FATIMA,2020-07-09,pivot,27.79,0.1,0.705,0.705,0.705,0.295,0.13,uptrend,0.028,0.0152,-0.006,0.055,-0.0248
FATIMA,2020-07-21,pivot,28.61,0.03,0.975,0.975,0.975,0.0,0.44,uptrend,-0.0345,-0.02,-0.1041,0.0238,-0.1172
FATIMA,2020-09-14,pivot,30.87,0.4,0.762,0.762,0.762,0.238,0.28,uptrend,-0.0729,-0.0672,-0.1103,-0.006,-0.1363
FATIMA,2020-09-24,pivot,28.99,0.98,0.766,0.766,0.766,0.074,0.12,uptrend,-0.0304,-0.0395,0.0189,0.0691,-0.0809
FATIMA,2020-10-26,pivot,30.02,1.71,0.718,0.826,0.826,0.107,0.11,uptrend,-0.1035,-0.0971,-0.0877,-0.0258,-0.1355
FATIMA,2020-10-27,pivot,29.83,1.08,0.71,0.71,0.71,0.0,0.08,uptrend,-0.0811,-0.0732,-0.0709,,-0.1126
FATIMA,2021-01-06,pivot,28.57,1.98,0.72,0.72,0.72,0.28,4.67,uptrend,-0.0121,-0.0086,0.0286,0.0552,-0.0276
FATIMA,2021-06-30,pivot,28.59,0.27,1.0,1.0,1.0,0.0,0.42,uptrend,-0.0111,-0.0174,-0.0296,0.0118,-0.0299
FATIMA,2021-07-02,pivot,28.61,0.33,0.88,0.88,0.88,0.04,1.17,uptrend,-0.0059,-0.0181,-0.0094,0.0111,-0.0306
FATIMA,2021-09-07,pivot,28.77,0.86,0.908,0.99,0.99,0.082,1.96,uptrend,,,-0.0153,0.0373,-0.0492
FATIMA,2021-10-25,pivot,29.84,1.98,1.0,1.013,1.013,0.013,0.06,uptrend,0.001,0.0167,0.115,0.1417,-0.0493
FATIMA,2021-10-29,pivot,29.71,2.4,0.833,0.833,0.833,0.167,0.17,uptrend,0.0098,-0.0184,0.1154,0.1459,-0.0649
FATIMA,2021-11-23,pivot,33.12,1.83,0.551,0.944,0.944,0.393,0.96,uptrend,0.0775,0.0329,0.0641,0.0946,-0.0225
FATIMA,2022-01-03,pivot,35.48,0.22,0.667,0.983,0.983,0.317,0.01,uptrend,-0.0089,-0.0181,-0.0047,0.0208,-0.05
FATIMA,2022-01-05,pivot,35.33,0.24,1.0,1.0,1.0,0.0,0.01,uptrend,-0.0093,-0.0054,0.0096,0.0352,-0.0366
FATIMA,2022-01-13,pivot,34.82,0.21,0.743,1.0,1.0,0.257,0.01,uptrend,-0.0028,0.0006,0.0123,0.0684,-0.0256
FATIMA,2022-02-01,pivot,35.57,1.3,0.899,1.0,1.0,0.101,0.7,uptrend,0.0298,-0.0033,0.0306,0.0554,-0.039
FATIMA,2022-04-08,pivot,41.01,0.02,0.59,0.95,0.95,0.36,1.71,uptrend,-0.0157,-0.07,-0.1069,0.0119,-0.1426
FATIMA,2022-04-12,pivot,41.71,2.89,0.893,0.893,0.893,0.073,0.27,uptrend,-0.0121,-0.0169,-0.1238,0.006,-0.1426
FATIMA,2022-04-18,pivot,40.99,6.69,0.8,0.8,0.8,0.086,1.33,uptrend,-0.0299,-0.1138,-0.1145,0.012,-0.1497
FATIMA,2022-09-23,pivot,37.23,0.61,0.98,1.0,1.0,0.02,0.08,uptrend,0.0219,-0.0141,-0.0125,0.0264,-0.0373
FATIMA,2022-11-18,pivot,37.09,2.94,0.663,0.963,0.963,0.3,1.29,uptrend,-0.0449,-0.0549,-0.0544,0.0026,-0.1082
FATIMA,2023-10-03,pivot,28.52,0.07,0.58,1.0,1.0,0.42,0.76,uptrend,0.0014,-0.0007,0.0941,0.1645,-0.0738
FATIMA,2023-10-11,pivot,28.89,7.04,1.0,1.0,1.0,0.0,1.08,uptrend,-0.0007,0.0962,0.0976,0.1645,-0.0307
FATIMA,2023-10-17,pivot,28.79,2.35,0.759,0.777,0.777,0.018,0.11,uptrend,0.1156,0.0855,0.1187,0.1553,-0.0246
FATIMA,2023-10-26,pivot,31.06,0.97,0.811,0.811,0.811,0.033,2.21,uptrend,0.0153,0.0009,0.0544,0.1101,-0.04
FATIMA,2023-12-26,pivot,33.57,1.36,0.699,0.957,0.957,0.258,0.51,uptrend,0.0802,0.0514,-0.0024,0.1207,-0.02
FCCL,2020-06-09,pivot,16.62,0.1,0.703,0.703,0.703,0.297,0.57,uptrend,-0.0501,-0.0336,0.0401,0.046,-0.0796
FCCL,2020-06-12,pivot,16.78,0.76,0.72,0.72,0.72,0.0,0.28,uptrend,-0.0538,-0.0166,0.0645,0.068,-0.0757
FCCL,2020-09-14,pivot,21.76,0.49,0.765,0.765,0.765,0.118,0.74,uptrend,-0.0443,-0.0999,-0.1066,0.0031,-0.18
FCCL,2021-03-01,pivot,24.43,1.76,0.739,0.826,0.826,0.087,0.95,uptrend,-0.0565,-0.0815,-0.1189,,-0.1352
FCCL,2021-03-05,pivot,23.99,0.75,0.628,0.894,0.894,0.266,0.19,uptrend,-0.0844,-0.0687,-0.0566,0.0105,-0.1212
FCCL,2021-06-14,pivot,23.88,0.4,0.736,0.847,0.847,0.111,1.24,uptrend,-0.0265,-0.0637,-0.0612,0.0245,-0.0812
FCCL,2022-04-12,pivot,17.52,0.95,0.618,0.854,0.854,0.236,2.95,uptrend,-0.0175,-0.0652,-0.1732,0.0307,-0.205
FCCL,2022-08-22,pivot,14.9,2.66,0.714,0.743,0.743,0.029,1.25,uptrend,-0.0175,0.0263,0.0168,0.0741,-0.0572
FCCL,2022-08-29,pivot,14.36,2.51,0.676,0.797,0.797,0.122,1.26,uptrend,0.0339,0.0495,0.0387,0.0821,-0.0231
FCCL,2022-09-19,pivot,14.91,1.07,0.75,0.875,0.875,0.125,0.58,uptrend,0.0106,0.004,-0.062,0.0627,-0.0805
FCCL,2022-09-22,pivot,14.73,0.88,0.569,0.892,0.892,0.323,0.65,uptrend,-0.0007,0.0282,-0.0518,0.0557,-0.0866
FCCL,2023-02-28,pivot,11.47,0.58,0.667,0.8,0.8,0.133,1.29,uptrend,-0.0009,0.0094,0.0085,0.1265,-0.0427
FCCL,2023-10-31,pivot,13.64,0.86,0.583,0.833,0.833,0.25,1.7,uptrend,0.0671,0.1657,0.2129,0.2586,-0.0179
FCCL,2023-11-14,pivot,16.25,1.21,0.755,0.755,0.755,0.094,0.99,uptrend,-0.0247,0.0386,0.1918,0.2786,-0.0434
FCEPL,2020-12-28,pivot,81.34,1.58,0.77,0.77,0.77,0.19,0.22,uptrend,0.0299,-0.0138,0.0737,0.1289,-0.05
FCEPL,2020-12-30,pivot,80.75,0.69,0.826,0.903,0.903,0.077,0.31,uptrend,-0.0087,-0.054,0.0175,0.0993,-0.0788
FCEPL,2021-02-08,pivot,85.24,0.11,0.744,0.782,0.782,0.038,0.27,uptrend,-0.1698,-0.1551,-0.177,-0.0147,-0.2225
FCEPL,2021-05-05,pivot,78.48,1.87,0.983,0.99,0.99,0.007,2.23,uptrend,0.0304,0.0649,0.0654,0.0988,-0.0125
FCEPL,2021-05-17,pivot,79.29,0.05,0.66,0.725,0.725,0.064,1.78,uptrend,0.0292,0.0422,0.0374,0.0733,-0.0232
FCEPL,2022-01-17,pivot,86.02,0.47,0.659,0.798,0.798,0.139,0.39,uptrend,0.0428,0.057,-0.0526,0.0792,-0.0563
FCEPL,2022-09-02,pivot,70.97,0.67,0.667,0.793,0.793,0.127,0.23,uptrend,-0.0596,-0.076,-0.0861,,-0.1389
FCEPL,2023-07-31,pivot,69.06,5.12,0.848,0.848,0.848,0.07,0.3,uptrend,-0.0199,-0.0906,-0.1797,0.0298,-0.1832
FFBL,2020-04-20,pivot,14.82,1.17,0.564,0.985,0.985,0.421,4.06,uptrend,-0.0732,0.0864,0.0738,0.1577,-0.0864
FFBL,2020-08-20,pivot,18.15,0.81,0.576,0.712,0.712,0.136,0.57,uptrend,-0.0054,0.1232,0.2152,0.2722,-0.0312
FFBL,2020-11-09,pivot,25.28,0.25,0.648,0.782,0.782,0.134,1.13,uptrend,-0.1832,-0.2354,-0.22,0.0304,-0.2774
FFBL,2021-01-28,pivot,27.08,1.0,0.783,0.783,0.783,0.0,0.7,uptrend,-0.0069,-0.0473,-0.1124,0.0233,-0.1218
FFBL,2021-07-12,pivot,27.09,1.07,0.733,0.733,0.733,0.04,0.38,uptrend,-0.0069,-0.0113,-0.0657,0.0207,-0.0672
FFBL,2022-01-06,pivot,25.38,0.91,0.778,0.778,0.778,0.022,0.7,uptrend,0.0598,0.0246,-0.0602,0.091,-0.1164
FFBL,2022-01-20,pivot,26.18,1.15,0.833,0.833,0.833,0.167,0.92,uptrend,-0.1243,-0.0852,-0.1255,0.0304,-0.1399
FFBL,2023-12-05,pivot,24.31,0.47,0.725,0.8,0.8,0.075,0.9,uptrend,0.1404,0.1668,0.2972,0.32,-0.018
FFC,2020-06-03,pivot,107.17,1.89,0.803,0.803,0.803,0.05,0.74,uptrend,-0.0015,-0.0338,0.0262,0.0317,-0.051
FFC,2020-06-12,pivot,108.94,2.24,0.833,0.833,0.833,0.16,0.73,uptrend,-0.0428,0.0133,0.0233,0.0417,-0.0462
FFC,2020-07-09,pivot,110.29,0.36,0.736,0.736,0.736,0.264,0.88,uptrend,-0.0003,0.0002,-0.0217,0.0225,-0.0225
FFC,2020-07-21,pivot,110.5,0.0,0.787,0.787,0.787,0.213,1.15,uptrend,0.0046,-0.0221,-0.0182,0.0624,-0.0652
FFC,2020-07-22,pivot,110.64,0.57,0.664,0.782,0.782,0.118,0.91,uptrend,-0.0061,-0.0186,-0.0171,0.0629,-0.0647
FFC,2021-01-19,pivot,110.59,0.81,0.649,0.883,0.883,0.234,1.13,uptrend,0.0021,-0.0157,-0.0212,0.0267,-0.0368
FFC,2021-01-20,pivot,110.29,0.04,0.8,0.912,0.912,0.112,0.26,uptrend,0.0196,-0.0086,-0.0222,0.0314,-0.0324
FFC,2021-05-06,pivot,107.63,0.59,0.8,0.808,0.808,0.008,0.51,uptrend,0.0067,-0.003,-0.0132,0.018,-0.0337
FFC,2021-05-21,pivot,108.53,0.02,0.6,0.96,0.96,0.36,0.17,uptrend,-0.0099,-0.0135,-0.019,0.0037,-0.0404
FFC,2022-02-17,pivot,108.87,0.34,0.8,0.887,0.887,0.087,0.25,uptrend,-0.0364,-0.0183,-0.0392,0.0055,-0.0441
FFC,2022-02-23,pivot,107.92,0.39,0.717,0.717,0.717,0.283,0.22,uptrend,-0.0062,-0.0066,0.0243,0.0382,-0.0419
FFC,2022-03-03,pivot,107.27,0.02,0.779,0.779,0.779,0.221,0.28,uptrend,-0.0093,-0.0232,0.0594,0.0718,-0.0374
FFC,2022-04-28,pivot,118.82,4.05,0.787,0.787,0.787,0.213,3.32,uptrend,-0.0542,-0.0361,-0.0784,0.0037,-0.0902
FFC,2022-05-09,pivot,120.26,2.66,0.776,0.776,0.776,0.222,1.16,uptrend,-0.0598,-0.0448,-0.1012,-0.0246,-0.1189
FFC,2022-11-03,pivot,103.17,0.16,0.765,0.765,0.765,0.051,3.36,uptrend,-0.0188,-0.0101,-0.0131,-0.0004,-0.0328
FFC,2023-05-03,pivot,102.68,0.1,0.62,0.732,0.732,0.113,1.59,uptrend,-0.038,-0.0017,-0.0214,0.0128,-0.0405
FFC,2023-05-19,pivot,102.5,0.2,0.829,0.986,0.986,0.157,1.05,uptrend,-0.0144,-0.0117,-0.0439,0.0155,-0.0485
FFC,2023-05-23,pivot,101.43,0.18,0.718,0.718,0.718,0.282,0.41,uptrend,0.0041,-0.0064,-0.0473,0.022,-0.0718
FFC,2023-10-17,pivot,101.4,0.15,0.667,0.707,0.707,0.04,0.49,uptrend,0.0388,0.0134,0.037,0.0554,-0.0127
FFC,2023-10-19,pivot,101.57,0.19,0.847,0.875,0.875,0.028,0.37,uptrend,-0.0067,0.022,0.0316,0.0544,-0.0137
FFL,2020-12-23,pivot,15.63,0.23,0.577,0.739,0.739,0.162,0.9,uptrend,0.0401,0.0311,0.1437,0.1587,-0.009
FFL,2021-06-18,pivot,17.25,0.81,0.636,0.748,0.748,0.112,0.98,uptrend,-0.0017,-0.0363,0.2129,0.2343,-0.0622
FFL,2021-06-25,pivot,17.95,0.89,0.706,0.706,0.706,0.137,0.94,uptrend,-0.0426,0.0426,0.088,0.2262,-0.0683
FFL,2022-08-25,pivot,6.75,1.33,0.706,0.735,0.735,0.029,0.52,uptrend,-0.01,-0.02,-0.0957,0.0314,-0.1214
FFL,2022-08-29,pivot,6.73,2.43,0.758,0.758,0.758,0.0,0.71,uptrend,-0.0435,-0.0319,-0.0623,0.0275,-0.1087
FFL,2023-11-01,pivot,6.69,1.35,0.727,0.818,0.818,0.091,0.75,uptrend,0.0173,0.127,0.3059,0.3882,-0.0087
FLYNG,2020-09-18,pivot,11.18,0.69,0.75,0.95,0.95,0.2,0.12,uptrend,-0.0381,-0.1186,-0.1761,-0.0044,-0.2381
FLYNG,2021-06-02,pivot,18.13,3.2,0.848,0.848,0.848,0.105,4.84,uptrend,0.0057,0.2133,0.0935,0.3104,-0.0288
FLYNG,2021-07-19,pivot,19.7,0.37,0.742,0.742,0.742,0.065,0.43,uptrend,-0.0696,0.0069,0.0212,0.0469,-0.1185
FLYNG,2022-01-04,pivot,12.69,4.23,0.733,0.733,0.733,0.217,2.23,uptrend,-0.0652,-0.0966,-0.1064,-0.0262,-0.1573
FLYNG,2022-08-29,pivot,7.14,1.07,0.591,0.841,0.841,0.25,0.64,uptrend,0.044,0.0107,-0.0067,0.0893,-0.12
FLYNG,2022-10-21,pivot,8.0,2.5,0.762,0.762,0.762,0.143,0.2,uptrend,-0.1192,-0.0572,-0.0852,0.0097,-0.135
FLYNG,2023-10-19,pivot,5.94,0.62,0.714,0.714,0.714,0.286,0.65,uptrend,-0.0307,0.1003,0.1537,0.2395,-0.0437
GAIL,2020-06-22,pivot,5.55,0.06,0.667,0.867,0.867,0.2,0.42,uptrend,0.0596,0.093,0.1982,0.2456,-0.0351
GAIL,2020-07-24,pivot,6.43,0.26,0.793,0.793,0.793,0.138,0.37,uptrend,-0.0284,-0.0433,-0.0164,0.0194,-0.1045
GAIL,2021-01-21,pivot,6.07,1.21,0.556,0.704,0.704,0.148,0.2,uptrend,0.0351,0.0016,0.2105,0.2472,-0.0431
GATM,2020-07-30,pivot,34.11,1.07,0.619,0.714,0.714,0.095,0.49,uptrend,0.0299,0.0368,0.1647,0.1865,-0.0445
GATM,2020-08-05,pivot,33.73,1.42,0.684,0.779,0.779,0.095,0.45,uptrend,0.0713,0.0643,0.2135,0.2427,-0.0202
GATM,2020-08-21,pivot,35.87,3.81,0.75,0.75,0.75,0.07,0.24,uptrend,0.114,0.1112,0.0688,0.1644,-0.0216
GATM,2020-09-07,pivot,40.14,0.35,0.724,0.724,0.724,0.276,0.41,uptrend,-0.0473,-0.0512,-0.1284,0.0066,-0.1459
GATM,2021-01-28,pivot,43.79,0.43,0.77,0.77,0.77,0.03,0.35,uptrend,0.2399,0.1211,0.2164,0.3812,-0.0325
GATM,2021-08-31,pivot,54.3,0.16,0.653,0.806,0.806,0.153,0.47,uptrend,-0.017,0.0115,0.0011,0.0965,-0.0577
GATM,2021-09-22,pivot,54.39,1.75,0.607,0.848,0.848,0.241,3.19,uptrend,-0.0393,-0.0636,-0.0655,0.0168,-0.1341
GCIL,2020-06-23,pivot,3.03,0.11,0.773,1.0,1.0,0.227,0.38,uptrend,-0.0523,-0.0123,0.0308,0.1631,-0.0769
GCIL,2020-07-09,pivot,3.33,9.7,0.769,0.769,0.769,0.231,1.07,uptrend,0.0118,0.0588,0.0294,0.1324,-0.0853
GCIL,2020-09-22,pivot,8.35,4.15,0.721,0.926,0.926,0.206,0.43,uptrend,0.0449,0.1106,0.4297,0.4389,-0.0346
GCIL,2020-10-13,pivot,10.53,0.28,0.757,0.757,0.757,0.054,0.36,uptrend,0.1417,0.5115,1.0846,1.4213,-0.0322
GCIL,2020-11-09,pivot,20.57,3.97,0.74,1.0,1.0,0.26,2.42,uptrend,-0.2115,-0.09,0.0377,0.1549,-0.2321
GCIL,2021-04-29,pivot,18.95,6.37,0.845,0.845,0.845,0.155,6.68,uptrend,-0.1045,-0.0904,0.0754,0.1167,-0.2825
GCIL,2021-07-07,pivot,35.12,2.9,0.592,0.994,0.994,0.402,2.24,uptrend,0.1887,0.5854,0.2941,0.7023,-0.0128
GCIL,2021-07-12,pivot,41.65,2.58,0.686,0.743,0.743,0.056,2.33,uptrend,0.1388,0.1562,-0.6846,0.4129,-0.7278
GCIL,2023-12-20,pivot,11.83,2.34,0.667,0.88,0.88,0.213,0.41,uptrend,-0.061,,-0.0797,0.0642,-0.0976
GGGL,2020-05-05,pivot,11.15,1.37,0.796,0.796,0.796,0.184,0.97,uptrend,-0.0218,0.1584,0.0836,0.2037,-0.0566
GGGL,2020-07-13,pivot,12.08,0.63,0.645,0.903,0.903,0.258,1.31,uptrend,0.2136,0.3972,0.2697,0.502,-0.0203
GGGL,2020-12-10,pivot,14.21,1.48,0.8,0.8,0.8,0.175,3.95,uptrend,0.0118,0.0618,0.3972,0.4792,-0.0861
GGGL,2020-12-11,pivot,14.08,0.21,0.756,0.756,0.756,0.0,2.16,uptrend,-0.0076,0.111,0.491,0.491,-0.0924
GGL,2020-12-28,pivot,14.68,5.68,0.75,0.75,0.75,0.073,3.63,uptrend,0.0465,0.0994,0.1362,0.1743,-0.0704
GGL,2021-03-09,pivot,20.88,1.76,0.587,0.917,0.917,0.331,4.56,uptrend,-0.0143,-0.0161,0.1566,0.1566,-0.1115
GGL,2021-04-09,pivot,27.04,0.16,0.807,0.807,0.807,0.054,1.54,uptrend,0.1762,0.2216,0.389,0.6036,-0.0387
GGL,2021-06-21,pivot,48.3,1.32,0.792,0.825,0.825,0.033,0.46,uptrend,-0.0083,-0.0172,-0.0244,0.0576,-0.0392
GGL,2022-04-20,pivot,18.69,1.34,0.76,0.76,0.76,0.01,0.97,uptrend,0.0164,-0.1802,-0.1807,0.1422,-0.2397
GHGL,2020-09-21,pivot,53.34,0.64,0.77,0.77,0.77,0.23,0.16,uptrend,-0.0415,0.0002,-0.0278,0.0046,-0.0704
GHGL,2020-12-04,pivot,64.28,0.12,0.74,0.75,0.75,0.01,0.21,uptrend,-0.0169,-0.0103,0.121,0.158,-0.0353
GHGL,2021-12-24,pivot,42.65,0.09,0.773,0.773,0.773,0.091,0.44,uptrend,0.0116,0.0174,0.0016,0.0416,-0.0186
GHGL,2022-05-06,pivot,42.57,0.74,0.987,0.987,0.987,0.013,0.39,uptrend,0.0007,0.0121,-0.0667,0.023,-0.1051
GHNI,2020-06-22,pivot,112.83,3.39,0.6,0.797,0.797,0.197,0.64,uptrend,0.0473,0.116,0.5547,0.5547,-0.0106
GHNI,2021-07-29,pivot,283.57,0.68,0.679,0.705,0.705,0.026,0.44,uptrend,-0.012,-0.0402,-0.098,0.0131,-0.1237
GHNL,2020-06-22,pivot,60.03,5.89,0.729,0.836,0.836,0.107,0.55,uptrend,0.0441,0.0842,0.4281,0.4281,-0.0077
GHNL,2021-08-10,pivot,121.74,1.02,0.635,0.756,0.756,0.122,0.48,uptrend,-0.002,-0.0102,-0.0925,0.0619,-0.1429
GTYR,2020-06-22,pivot,56.66,2.94,0.705,0.893,0.893,0.189,1.09,uptrend,0.0007,0.0569,0.2,0.2239,-0.0404
GTYR,2020-06-29,pivot,57.63,1.09,0.558,0.907,0.907,0.349,0.27,uptrend,0.0518,0.0782,0.1092,0.218,-0.0119
GTYR,2020-07-30,pivot,69.04,0.06,0.737,0.778,0.778,0.041,0.72,uptrend,0.1636,0.123,0.0763,0.1909,-0.0014
GTYR,2020-08-21,pivot,74.5,2.01,0.606,0.768,0.768,0.162,0.27,uptrend,0.0127,0.0926,-0.0032,0.1202,-0.0124
GTYR,2021-01-04,pivot,79.55,5.59,0.758,0.758,0.758,0.134,0.69,uptrend,-0.0549,-0.0042,0.1464,0.1664,-0.0581
GTYR,2021-02-24,pivot,92.5,3.57,0.74,0.794,0.794,0.054,1.54,uptrend,-0.0189,-0.0785,-0.057,0.0074,-0.1415
GTYR,2021-07-07,pivot,86.87,1.0,0.748,0.748,0.748,0.122,0.44,uptrend,-0.021,-0.0065,-0.035,0.0136,-0.0484
GTYR,2022-02-04,pivot,47.06,1.83,0.823,0.823,0.823,0.131,0.35,uptrend,0.0034,0.0061,-0.1065,0.0284,-0.1368
GTYR,2022-04-12,pivot,42.46,0.13,0.554,0.709,0.709,0.156,2.44,uptrend,-0.0691,-0.0841,-0.2358,0.055,-0.2382
GTYR,2023-03-27,pivot,26.05,1.45,0.939,0.939,0.939,0.061,0.48,uptrend,0.0008,0.0192,-0.0319,0.0577,-0.0381
GTYR,2023-07-26,pivot,25.82,0.06,0.913,1.0,1.0,0.087,0.32,uptrend,0.0027,-0.0234,-0.1717,0.068,-0.174
GWLC,2020-04-20,pivot,16.88,2.23,0.836,0.836,0.836,0.164,1.29,uptrend,-0.0441,0.0207,-0.0609,0.0587,-0.0777
GWLC,2020-07-24,pivot,21.15,2.85,0.861,0.861,0.861,0.139,0.3,uptrend,0.0965,0.0784,0.1749,0.1827,-0.0529
GWLC,2020-08-28,pivot,25.54,4.05,0.755,0.755,0.755,0.0,0.21,uptrend,0.2061,0.0592,0.0205,0.2296,-0.0323
GWLC,2020-11-18,pivot,28.01,0.58,0.635,0.873,0.873,0.238,0.03,uptrend,-0.0762,0.0098,0.2925,0.296,-0.1222
GWLC,2021-01-22,pivot,37.94,2.48,0.895,0.895,0.895,0.105,0.14,uptrend,0.0974,0.0618,0.1262,0.1536,-0.0128
GWLC,2021-02-10,pivot,39.52,0.05,0.684,0.712,0.712,0.028,2.57,uptrend,0.0192,0.0888,-0.0634,0.1606,-0.0876
GWLC,2021-03-05,pivot,41.62,1.61,0.803,0.803,0.803,0.102,1.57,uptrend,-0.1067,0.0216,-0.1237,0.0807,-0.1702
GWLC,2022-08-25,pivot,20.88,1.8,0.667,0.883,0.883,0.217,0.13,uptrend,0.0773,0.0569,0.0123,0.109,-0.0422
GWLC,2022-08-29,pivot,20.81,1.47,1.0,1.0,1.0,0.0,0.09,uptrend,0.029,0.049,-0.0019,0.1143,-0.0376
GWLC,2022-09-22,pivot,21.08,4.11,0.723,0.723,0.723,0.044,0.52,uptrend,-0.0367,-0.0596,-0.1284,0.0229,-0.1326
GWLC,2023-07-10,pivot,16.51,0.65,0.583,0.817,0.817,0.233,0.14,uptrend,0.0535,0.0812,0.0888,0.25,-0.0465
GWLC,2023-07-24,pivot,17.43,0.08,0.701,0.701,0.701,0.299,1.67,uptrend,-0.0415,-0.0149,-0.0633,0.1309,-0.1213
GWLC,2023-08-02,pivot,17.72,0.36,0.773,0.773,0.773,0.227,0.67,uptrend,0.0481,-0.0331,-0.105,0.174,-0.1077
GWLC,2023-10-27,pivot,16.6,0.6,0.71,0.71,0.71,0.0,0.52,uptrend,-0.0273,0.0494,0.2356,0.3089,-0.046
GWLC,2023-12-01,pivot,25.44,1.72,0.67,0.852,0.852,0.183,1.81,uptrend,-0.0267,-0.1227,0.0626,0.1282,-0.1542
HASCOL,2020-08-28,pivot,16.44,0.87,0.667,0.792,0.792,0.125,0.39,uptrend,0.2837,0.3159,0.3057,0.4392,0.0072
HASCOL,2022-01-20,pivot,6.4,1.51,0.725,0.725,0.725,0.15,0.79,uptrend,-0.1358,-0.1,-0.1881,0.0149,-0.191
HASCOL,2022-08-23,pivot,6.47,8.55,0.683,0.829,0.829,0.146,4.52,uptrend,-0.0881,-0.0084,-0.0448,0.028,-0.1399
HBL,2020-07-22,pivot,109.01,0.47,0.574,0.726,0.726,0.151,1.41,uptrend,0.0821,0.1548,0.1096,0.192,-0.0304
HBL,2021-10-25,pivot,126.8,0.2,0.596,1.286,1.286,0.69,0.17,uptrend,-0.0158,-0.0182,-0.0335,0.0054,-0.0531
HBL,2022-01-20,pivot,120.81,0.92,0.651,0.851,0.851,0.2,0.33,uptrend,-0.0118,0.009,-0.0046,0.0453,-0.0192
HBL,2023-03-01,pivot,68.83,1.06,0.712,0.727,0.727,0.015,0.78,uptrend,0.0565,0.0694,0.031,0.1224,-0.0209
HBL,2023-03-03,pivot,69.85,0.85,0.644,0.721,0.721,0.077,1.04,uptrend,0.0384,0.043,0.009,0.0953,-0.0339
HBL,2023-08-04,pivot,103.96,1.69,0.669,0.784,0.784,0.115,0.6,uptrend,-0.0235,-0.0603,-0.0818,0.0077,-0.1038
HBL,2023-08-23,pivot,97.67,0.17,0.633,0.763,0.763,0.13,0.71,uptrend,-0.0262,-0.0285,-0.0497,0.0025,-0.0647
HBL,2023-08-30,pivot,96.21,0.9,0.776,0.869,0.869,0.093,0.5,uptrend,-0.0062,-0.0243,-0.0788,0.0076,-0.0798
HCAR,2020-09-04,pivot,325.87,0.7,0.771,0.771,0.771,0.096,0.58,uptrend,-0.0152,-0.0691,-0.2026,0.0302,-0.235
HCAR,2020-10-22,pivot,306.27,1.72,0.667,0.769,0.769,0.102,1.13,uptrend,-0.0188,0.0065,-0.089,0.0467,-0.0931
HCAR,2021-04-23,pivot,289.03,3.09,0.721,0.77,0.77,0.05,0.44,uptrend,-0.0562,0.0334,0.1469,0.1839,-0.094
HCAR,2021-06-23,pivot,337.11,0.03,0.779,0.817,0.817,0.039,0.35,uptrend,0.0052,0.0393,0.126,0.1628,-0.0333
HCAR,2022-09-22,pivot,172.7,0.69,0.816,0.882,0.882,0.066,0.62,uptrend,0.0408,0.062,-0.0154,0.0904,-0.0381
HCAR,2023-12-14,pivot,198.39,1.2,0.774,0.774,0.774,0.108,0.48,uptrend,0.0877,0.0451,0.2951,0.4132,-0.034
HMB,2020-08-04,pivot,35.03,1.22,0.69,0.966,0.966,0.276,1.85,uptrend,-0.0294,-0.0297,-0.0266,0.0233,-0.0563
HMB,2020-09-01,pivot,35.6,1.69,0.98,0.98,0.98,0.02,7.28,uptrend,-0.0034,0.0025,-0.0186,0.0248,-0.038
HMB,2020-09-02,pivot,35.16,0.74,0.803,0.803,0.803,0.197,1.11,uptrend,-0.0113,-0.0003,-0.0563,0.0245,-0.0566
HMB,2020-11-13,pivot,37.02,0.32,0.875,1.0,1.0,0.125,0.02,uptrend,-0.0198,-0.0107,0.0188,0.059,-0.0536
HMB,2020-12-01,pivot,37.13,0.04,0.831,0.831,0.831,0.169,0.12,uptrend,0.0182,0.0417,0.033,0.0665,-0.0681
HMB,2020-12-09,pivot,38.27,0.16,0.899,0.899,0.899,0.101,0.14,uptrend,0.0044,0.0023,0.0087,0.0386,-0.0231
HMB,2020-12-24,pivot,38.99,1.9,0.867,0.867,0.867,0.133,0.43,uptrend,,0.0087,0.0359,0.0869,-0.0192
HMB,2021-04-29,pivot,38.34,0.89,1.0,1.0,1.0,0.0,0.09,uptrend,0.0455,0.0312,0.0662,0.1429,-0.026
HMB,2021-07-01,pivot,40.37,0.83,0.61,0.987,0.987,0.377,0.56,uptrend,0.0027,-0.0262,-0.015,0.0147,-0.0355
HMB,2021-07-08,pivot,39.73,0.33,0.557,0.936,0.936,0.379,2.6,uptrend,-0.031,-0.0237,0.0061,0.0217,-0.0402
HMB,2021-08-05,pivot,40.5,0.44,0.576,0.992,0.992,0.415,11.51,uptrend,0.0014,0.0422,0.0412,0.0718,-0.012
HMB,2021-08-20,pivot,42.37,0.61,0.796,0.796,0.796,0.204,0.06,uptrend,0.0204,0.0211,0.0394,0.1293,-0.0136
HMB,2021-08-27,pivot,43.29,0.68,0.8,0.94,0.94,0.14,0.24,uptrend,,0.0517,0.0138,0.106,-0.0172
HMB,2021-09-27,pivot,44.03,0.53,0.95,0.95,0.95,0.05,10.38,uptrend,-0.0057,-0.0334,0.023,0.0455,-0.0545
HMB,2021-11-10,pivot,45.66,0.24,0.833,0.867,0.867,0.033,0.06,uptrend,0.0037,-0.0299,-0.0719,0.0549,-0.0743
HMB,2022-01-28,pivot,44.55,0.11,0.98,0.98,0.98,0.02,0.45,uptrend,0.022,0.02,0.0222,0.042,-0.0333
HMB,2022-02-14,pivot,45.7,0.01,0.667,0.933,0.933,0.267,0.32,uptrend,-0.0478,0.0004,-0.0265,0.0098,-0.0543
HMB,2022-02-24,pivot,44.9,0.4,0.737,0.737,0.737,0.0,1.16,uptrend,-0.0022,-0.0022,-0.0552,0.0299,-0.0665
HMB,2022-02-28,pivot,45.07,0.15,0.621,0.703,0.703,0.083,2.42,uptrend,-0.0312,-0.036,-0.0689,-0.0097,-0.0936
HMB,2022-04-06,pivot,45.0,0.0,1.0,1.0,1.0,0.0,0.34,uptrend,0.0503,0.0287,-0.0317,0.0891,-0.0372
HMB,2023-03-08,pivot,33.51,0.6,0.864,0.864,0.864,0.136,0.41,uptrend,0.0379,-0.0588,-0.147,0.0722,-0.1649
HMB,2023-10-19,pivot,38.11,0.02,0.682,0.727,0.727,0.045,0.43,uptrend,0.0281,0.0918,0.1926,0.2245,-0.0051
HMB,2023-11-30,pivot,52.29,0.53,0.712,0.712,0.712,0.18,0.98,uptrend,0.094,0.0699,0.036,0.1236,-0.0506
HMB,2023-12-12,pivot,58.89,1.42,0.706,0.794,0.794,0.088,0.09,uptrend,-0.1287,-0.113,-0.0837,0.0042,-0.1515
HMB,2023-12-14,pivot,56.91,1.52,0.69,0.745,0.745,0.055,0.57,uptrend,-0.1049,-0.0379,-0.0261,-0.0003,-0.1183
HTL,2022-01-20,pivot,44.8,0.22,0.692,0.881,0.881,0.188,1.08,uptrend,-0.0406,0.0131,-0.0006,0.0888,-0.0539
HTL,2022-02-18,pivot,46.73,0.5,0.73,0.737,0.737,0.007,0.33,uptrend,-0.0677,-0.1074,-0.2058,0.0341,-0.2068
HUBC,2020-11-11,pivot,80.93,0.16,0.821,0.821,0.821,0.084,0.24,uptrend,-0.019,-0.0426,0.0229,0.0434,-0.0543
HUBC,2020-12-08,pivot,84.32,0.96,0.765,0.765,0.765,0.235,0.75,uptrend,-0.0569,-0.0819,0.0107,0.0822,-0.0927
HUBC,2021-09-02,pivot,79.36,0.13,0.733,0.733,0.733,0.253,0.61,uptrend,-0.0001,-0.0004,-0.0809,0.0188,-0.0911
HUBC,2021-09-20,pivot,78.72,0.21,0.817,0.835,0.835,0.017,0.62,uptrend,-0.0604,-0.0719,-0.0596,-0.0006,-0.0878
HUBC,2022-01-20,pivot,78.28,0.35,0.647,0.856,0.856,0.209,0.91,uptrend,0.0304,-0.0617,-0.0874,0.0372,-0.0935
HUBC,2023-05-03,pivot,71.71,0.61,0.838,0.857,0.857,0.019,1.98,uptrend,-0.0342,-0.0252,-0.0603,0.023,-0.0687
HUBC,2023-07-18,pivot,79.01,0.39,0.681,0.773,0.773,0.092,0.84,uptrend,0.0176,0.0483,0.0731,0.1228,-0.0111
HUBC,2023-09-21,pivot,83.84,0.04,0.728,0.728,0.728,0.105,0.55,uptrend,0.0399,-0.0059,0.1204,0.1408,-0.0205
HUBC,2023-12-20,pivot,114.92,0.02,0.706,0.747,0.747,0.041,1.31,uptrend,-0.0121,0.0095,-0.0336,0.0396,-0.0917
HUMNL,2021-07-07,pivot,7.69,0.22,0.577,0.846,0.846,0.269,0.26,uptrend,-0.053,-0.0467,-0.1122,0.0441,-0.1803
HUMNL,2021-11-01,pivot,7.0,2.0,0.735,0.735,0.735,0.206,1.33,uptrend,0.0056,-0.0389,-0.1194,0.0361,-0.1458
HUMNL,2021-11-03,pivot,6.93,0.67,0.737,0.737,0.737,0.053,0.45,uptrend,0.024,-0.0354,-0.1174,0.0552,-0.1301
HUMNL,2023-07-07,pivot,5.86,0.57,0.696,0.739,0.739,0.043,0.63,uptrend,-0.0083,-0.0182,-0.0198,0.0528,-0.0429
HUMNL,2023-12-20,pivot,6.54,2.09,0.839,0.839,0.839,0.145,0.99,uptrend,-0.0413,-0.0442,-0.0769,0.0385,-0.1168
IBLHL,2020-04-23,pivot,62.23,5.2,0.742,0.742,0.742,0.135,0.94,uptrend,-0.0027,-0.077,0.0679,0.0951,-0.0937
IBLHL,2020-07-29,pivot,84.29,4.95,0.922,0.922,0.922,0.0,0.74,uptrend,-0.0612,-0.0691,-0.0543,0.0058,-0.1607
IBLHL,2021-01-04,pivot,111.13,2.37,0.858,0.858,0.858,0.017,0.42,uptrend,0.0082,0.0003,0.0754,0.1022,-0.0756
IBLHL,2021-02-08,pivot,123.69,0.56,0.57,0.812,0.812,0.242,0.61,uptrend,-0.0512,-0.0594,-0.1525,-0.0117,-0.1575
IBLHL,2021-06-18,pivot,113.9,2.55,0.635,0.708,0.708,0.073,0.92,uptrend,-0.0596,-0.038,-0.0067,0.0104,-0.1183
IBLHL,2021-07-26,pivot,117.77,0.66,0.725,0.75,0.75,0.025,1.58,uptrend,-0.0147,-0.0165,-0.0079,0.0806,-0.0631
IBLHL,2022-04-12,pivot,58.87,5.72,0.955,0.955,0.955,0.045,2.02,uptrend,-0.1148,-0.1148,-0.2726,0.0328,-0.2787
ILP,2020-06-18,pivot,43.45,1.04,0.722,0.722,0.722,0.222,0.26,uptrend,-0.0212,0.0205,0.1077,0.1503,-0.0319
ILP,2020-07-10,pivot,48.22,2.09,0.735,0.735,0.735,0.071,0.76,uptrend,0.0268,-0.0044,0.1143,0.1403,-0.0349
ILP,2021-01-13,pivot,72.61,0.84,0.593,0.804,0.804,0.211,0.88,uptrend,-0.0564,-0.0246,-0.0764,0.0134,-0.0882
ILP,2021-05-28,pivot,67.09,3.56,0.855,0.9,0.9,0.045,2.47,uptrend,0.0457,0.0323,0.0361,0.0855,0.0022
ILP,2021-06-08,pivot,71.25,3.16,0.735,0.735,0.735,0.135,0.42,uptrend,-0.023,-0.0018,-0.0208,0.0119,-0.0503
ILP,2021-08-27,pivot,74.28,1.61,0.664,0.94,0.94,0.276,0.75,uptrend,-0.0033,0.0061,-0.027,0.0299,-0.0698
ILP,2021-09-09,pivot,74.47,0.64,0.787,0.787,0.787,0.213,1.03,uptrend,0.0219,-0.042,-0.0687,0.0265,-0.1423
ILP,2021-09-15,pivot,74.32,2.99,0.794,0.815,0.815,0.021,0.51,uptrend,-0.0332,-0.0547,-0.0433,0.0265,-0.1423
ILP,2021-10-25,pivot,76.18,0.24,0.77,0.77,0.77,0.23,0.37,uptrend,-0.0256,-0.037,-0.0487,-0.0068,-0.0521
ILP,2021-10-28,pivot,74.66,1.88,0.92,0.92,0.92,0.08,2.0,uptrend,-0.0163,-0.0145,-0.0401,0.0196,-0.0401
ILP,2022-01-17,pivot,74.39,1.85,0.784,0.784,0.784,0.216,0.49,uptrend,-0.014,-0.0289,0.0151,0.1083,-0.0419
ILP,2022-02-02,pivot,73.76,0.42,0.741,0.741,0.741,0.111,3.62,uptrend,0.0799,0.0568,0.0451,0.1414,0.0001
ILP,2022-08-22,pivot,65.67,2.55,0.832,0.832,0.832,0.168,0.17,uptrend,-0.0591,-0.057,-0.0451,0.0071,-0.0902
ILP,2022-09-08,pivot,62.47,0.36,0.577,0.723,0.723,0.146,0.05,uptrend,0.0008,-0.0079,-0.0076,0.0527,-0.0362
ILP,2023-05-12,pivot,48.51,3.11,0.795,0.926,0.926,0.131,0.19,uptrend,-0.0116,-0.0474,0.1023,0.1023,-0.0568
ILP,2023-11-17,pivot,58.98,5.79,0.756,0.756,0.756,0.134,1.99,uptrend,0.0495,0.1465,0.117,0.2261,-0.0382
INIL,2020-04-27,pivot,93.25,4.56,0.619,0.759,0.759,0.139,0.25,uptrend,0.0164,0.0153,-0.0162,0.0594,-0.0388
INIL,2020-05-04,pivot,98.92,3.86,0.713,0.713,0.713,0.191,0.28,uptrend,-0.0397,-0.034,-0.0394,0.0252,-0.0698
INIL,2020-09-03,pivot,146.51,0.02,0.781,0.805,0.805,0.024,0.45,uptrend,0.0515,0.0844,-0.0292,0.1007,-0.0537
INIL,2020-09-18,pivot,159.36,0.23,0.745,0.955,0.955,0.21,0.26,uptrend,-0.0567,-0.1425,-0.1265,-0.0061,-0.181
INIL,2020-09-24,pivot,153.41,1.24,0.866,0.866,0.866,0.128,0.43,uptrend,-0.0669,-0.0717,-0.0366,0.0191,-0.1388
INIL,2020-09-29,pivot,144.28,0.19,0.686,0.866,0.866,0.18,0.59,uptrend,-0.0767,-0.0926,-0.0027,0.0391,-0.1159
INIL,2022-07-13,pivot,100.51,0.01,0.665,0.805,0.805,0.14,0.49,uptrend,-0.0489,-0.0404,0.0612,0.1404,-0.0896
INIL,2023-05-15,pivot,74.32,1.72,0.784,0.784,0.784,0.216,0.2,uptrend,-0.0467,-0.0282,-0.0374,0.0776,-0.0781
INIL,2023-12-13,pivot,138.92,5.63,0.739,0.739,0.739,0.168,1.24,uptrend,-0.0139,-0.0061,0.0167,0.0979,-0.0775
ISL,2020-05-14,pivot,53.23,1.0,0.785,0.785,0.785,0.062,0.36,uptrend,-0.0274,-0.0452,-0.0602,0.035,-0.0741
ISL,2020-09-24,pivot,79.21,2.93,0.779,0.779,0.779,0.08,0.92,uptrend,-0.0506,-0.0924,-0.0954,0.0185,-0.169
ISL,2022-09-06,pivot,59.64,0.89,0.876,0.876,0.876,0.103,0.06,uptrend,-0.0118,-0.1162,-0.098,0.0078,-0.1262
ITTEFAQ,2020-06-22,pivot,7.09,4.05,0.906,0.906,0.906,0.031,0.58,uptrend,-0.0309,0.0183,0.3329,0.3329,-0.0365
ITTEFAQ,2020-10-01,pivot,15.83,2.15,0.778,0.867,0.867,0.089,0.43,uptrend,-0.0537,-0.1013,0.0439,0.1049,-0.1275
ITTEFAQ,2020-10-05,pivot,15.72,5.17,0.711,0.711,0.711,0.289,0.97,uptrend,-0.0617,-0.0636,0.124,0.134,-0.109
ITTEFAQ,2021-02-12,pivot,17.81,2.7,0.814,0.814,0.814,0.031,0.25,uptrend,0.0421,-0.0486,-0.2404,0.0814,-0.2481
ITTEFAQ,2023-10-23,pivot,6.55,0.56,0.552,0.716,0.716,0.164,2.08,uptrend,-0.1156,-0.0766,0.0808,0.156,-0.163
JSBL,2020-06-24,pivot,5.15,0.97,0.933,0.933,0.933,0.067,0.06,uptrend,-0.0038,0.1962,0.0952,0.2724,-0.0667
JSBL,2020-08-06,pivot,5.76,2.78,0.938,0.938,0.938,0.0,0.35,uptrend,-0.0372,-0.0676,0.076,0.1807,-0.0693
JSBL,2020-09-24,pivot,6.85,1.41,0.588,0.765,0.765,0.176,0.18,uptrend,-0.0353,-0.0635,-0.0494,0.048,-0.1114
JSBL,2020-10-01,pivot,6.72,3.23,0.708,0.708,0.708,0.292,0.2,uptrend,-0.0487,-0.0688,-0.0874,0.0645,-0.1318
JSBL,2021-05-26,pivot,5.32,0.38,0.722,0.722,0.722,0.0,0.38,uptrend,0.062,0.0785,0.031,0.2117,-0.0219
JSBL,2022-04-08,pivot,4.34,2.07,0.939,0.939,0.939,0.061,1.87,uptrend,0.0371,0.0524,-0.0633,0.1114,-0.1266
JSBL,2022-04-14,pivot,4.83,2.55,0.75,0.75,0.75,0.25,0.12,uptrend,-0.0303,-0.0889,-0.1515,0.0283,-0.1919
JSBL,2022-09-06,pivot,3.9,0.0,0.8,1.0,1.0,0.2,0.66,uptrend,-0.0425,-0.025,-0.075,0.0125,-0.1
JSBL,2023-05-08,pivot,4.61,2.32,0.708,0.708,0.708,0.125,0.14,uptrend,-0.0084,-0.0654,-0.0506,0.0021,-0.1561
JSBL,2023-07-24,pivot,5.13,1.36,0.722,0.889,0.889,0.167,0.77,uptrend,0.0344,0.0477,0.1298,0.229,-0.021
JSBL,2023-08-02,pivot,5.32,0.94,0.591,1.0,1.0,0.409,0.06,uptrend,-0.0255,0.0182,0.0255,0.173,-0.0656
JSBL,2023-09-08,pivot,5.55,0.6,0.643,0.893,0.893,0.25,0.02,uptrend,,-0.0069,0.0328,0.0517,-0.0517
JSBL,2023-11-30,pivot,8.61,0.12,0.556,0.741,0.741,0.185,0.94,uptrend,0.062,0.1251,0.0192,0.2446,-0.0383
JVDC,2021-03-25,pivot,34.55,3.63,0.994,0.994,0.994,0.006,0.5,uptrend,0.0568,0.114,0.0283,0.1425,-0.086
JVDC,2021-05-05,pivot,33.49,3.71,0.969,0.969,0.969,0.022,2.22,uptrend,0.1177,0.1304,0.3965,0.4455,-0.0435
JVDC,2021-07-08,pivot,41.45,2.77,0.777,0.877,0.877,0.1,0.03,uptrend,-0.0351,-0.0282,0.1433,0.1715,-0.1056
JVDC,2021-08-16,pivot,52.08,2.07,0.708,0.752,0.752,0.044,0.31,uptrend,0.032,0.0516,0.2207,0.2617,-0.0467
JVDC,2021-09-07,pivot,55.93,1.67,0.639,0.857,0.857,0.218,0.12,uptrend,0.1243,0.1898,0.126,0.3151,-0.0422
JVDC,2021-09-15,pivot,62.71,2.56,0.716,0.884,0.884,0.168,1.3,uptrend,0.002,-0.1166,-0.2402,0.1458,-0.2439
JVDC,2022-01-04,pivot,49.53,0.1,0.593,0.983,0.983,0.39,0.8,uptrend,-0.0217,-0.0234,-0.0422,0.0156,-0.082
JVDC,2022-04-04,pivot,48.17,2.42,0.848,0.848,0.848,0.112,0.15,uptrend,0.0052,-0.0259,-0.0462,0.0446,-0.057
KAPCO,2020-07-27,pivot,22.83,3.55,0.769,0.769,0.769,0.083,1.0,uptrend,0.0528,0.2026,0.2939,0.3056,-0.013
KAPCO,2021-02-19,pivot,39.17,5.03,0.603,0.741,0.741,0.138,0.99,uptrend,-0.0349,0.0668,0.0788,0.1143,-0.096
KAPCO,2021-03-09,pivot,39.4,2.96,0.567,0.748,0.748,0.181,2.59,uptrend,0.0166,0.0159,-0.0313,0.0553,-0.1106
KAPCO,2022-08-29,pivot,30.85,3.58,0.729,0.729,0.729,0.271,0.6,uptrend,-0.0206,0.018,-0.011,0.0786,-0.0367
KAPCO,2022-09-22,pivot,30.26,0.56,0.805,0.805,0.805,0.171,0.42,uptrend,-0.0111,-0.0013,-0.0951,0.0479,-0.1062
KAPCO,2023-07-19,pivot,23.82,6.98,0.804,0.804,0.804,0.19,0.58,uptrend,-0.0167,0.0121,0.0387,0.1104,-0.0292
KAPCO,2023-09-19,pivot,26.01,0.03,0.583,0.917,0.917,0.333,0.26,uptrend,0.0168,0.0313,-0.1357,0.0575,-0.1502
KEL,2020-07-17,pivot,3.28,2.03,0.833,0.833,0.833,0.083,0.85,uptrend,-0.0511,0.0901,0.1471,0.2072,-0.0601
KEL,2020-09-25,pivot,4.11,0.24,0.667,0.8,0.8,0.133,0.58,uptrend,-0.0494,-0.12,-0.0871,0.0282,-0.1365
KEL,2022-06-29,pivot,3.05,2.73,0.75,0.75,0.75,0.063,1.32,uptrend,-0.0863,-0.0256,-0.0927,0.0096,-0.1022
KEL,2023-08-11,pivot,2.07,12.7,0.872,0.897,0.897,0.026,2.46,uptrend,0.0136,-0.0818,-0.1227,0.1136,-0.1636
KEL,2023-11-14,pivot,3.07,0.98,0.588,0.882,0.882,0.294,0.38,uptrend,0.0935,0.0343,0.4143,0.4673,-0.0312
KOHC,2020-04-16,pivot,115.07,0.32,0.565,0.727,0.727,0.163,0.64,uptrend,0.1419,0.221,0.1768,0.2646,-0.0068
KOHC,2020-04-21,pivot,136.81,3.52,0.978,0.978,0.978,0.022,3.2,uptrend,-0.1145,-0.0851,-0.0952,0.03,-0.191
KOHC,2020-08-24,pivot,165.87,0.52,0.749,0.749,0.749,0.117,0.33,uptrend,0.0378,0.1187,0.1809,0.265,-0.0144
KOHC,2020-08-31,pivot,172.61,1.17,0.628,0.97,0.97,0.343,0.82,uptrend,0.077,0.1701,0.0506,0.2178,0.0029
KOHC,2020-10-16,pivot,188.31,2.29,0.77,0.77,0.77,0.003,0.44,uptrend,0.0743,0.0253,0.0948,0.1762,-0.0255
KOHC,2021-07-13,pivot,215.73,0.26,0.701,0.701,0.701,0.299,0.17,uptrend,-0.0245,-0.0512,-0.0043,0.0183,-0.0618
KOHC,2021-11-19,pivot,180.31,1.28,0.621,0.952,0.952,0.331,0.81,uptrend,-0.0915,-0.1033,-0.0488,0.056,-0.13
KOHC,2022-01-04,pivot,185.54,0.29,0.729,0.816,0.816,0.087,0.46,uptrend,-0.034,-0.0902,-0.0438,0.0125,-0.1175
KOHC,2022-09-22,pivot,153.5,0.61,0.809,0.906,0.906,0.097,0.32,uptrend,0.0246,0.0581,0.0213,0.0886,-0.0443
KOHC,2022-09-29,pivot,160.44,1.21,0.969,0.969,0.969,0.031,0.11,uptrend,0.032,-0.0172,-0.0183,0.0617,-0.0493
KOHC,2022-11-17,pivot,162.52,0.26,0.655,0.993,0.993,0.338,0.55,uptrend,-0.0114,0.0021,-0.0967,0.0242,-0.097
KOHC,2023-07-31,pivot,174.31,0.05,0.964,0.969,0.969,0.004,1.75,uptrend,-0.0179,-0.0557,-0.0878,0.0483,-0.1032
KOHC,2023-10-19,pivot,177.33,0.67,0.971,1.0,1.0,0.029,0.39,uptrend,0.022,0.0245,0.2245,0.2527,-0.0278
KOHC,2023-10-24,pivot,177.68,0.1,0.7,0.73,0.73,0.03,1.48,uptrend,-0.041,0.0475,0.185,0.2356,-0.0411
KOHC,2023-11-22,pivot,210.38,0.13,0.801,0.801,0.801,0.186,0.37,uptrend,-0.0048,0.0377,-0.066,0.0744,-0.0955
KOHC,2023-11-27,pivot,210.06,1.93,0.643,0.896,0.896,0.254,0.56,uptrend,0.0487,0.023,-0.1162,0.0636,-0.1187
KTML,2020-06-08,pivot,34.4,1.16,0.8,1.0,1.0,0.2,2.95,uptrend,-0.1093,-0.0183,0.0864,0.1014,-0.1122
KTML,2020-09-03,pivot,57.35,1.47,0.583,0.985,0.985,0.402,3.53,uptrend,-0.0154,-0.032,-0.1467,0.009,-0.1803
KTML,2020-09-22,pivot,60.31,1.82,0.744,0.946,0.946,0.202,0.05,uptrend,-0.0891,-0.1405,-0.1076,0.0248,-0.1817
KTML,2020-12-31,pivot,65.83,1.27,0.716,0.716,0.716,0.029,1.22,uptrend,-0.0354,0.0176,0.1212,0.1511,-0.115
KTML,2021-01-05,pivot,65.22,5.69,0.636,0.913,0.913,0.277,1.6,uptrend,0.0061,0.0443,0.1652,0.194,-0.0151
KTML,2021-01-28,pivot,76.17,0.22,0.96,0.96,0.96,0.03,0.58,uptrend,0.0191,-0.0077,-0.0256,0.0494,-0.0381
KTML,2021-02-18,pivot,77.52,0.33,0.837,1.0,1.0,0.163,0.46,uptrend,-0.0284,-0.0759,-0.1557,0.0184,-0.2126
KTML,2021-03-01,pivot,74.57,2.1,0.861,0.861,0.861,0.139,0.6,uptrend,-0.0784,-0.0954,-0.1753,0.0188,-0.208
KTML,2021-06-23,pivot,76.99,1.8,0.977,1.0,1.0,0.023,0.24,uptrend,-0.06,-0.0569,-0.0422,,-0.125
KTML,2021-07-23,pivot,77.32,3.0,0.673,1.0,1.0,0.327,0.08,uptrend,0.1248,0.1242,0.1239,0.2132,-0.0001
KTML,2021-08-10,pivot,85.73,0.86,0.98,1.0,1.0,0.02,0.6,uptrend,-0.0233,-0.0407,-0.1107,0.0349,-0.1215
KTML,2021-08-13,pivot,85.28,2.97,0.739,0.739,0.739,0.0,6.61,uptrend,-0.0285,-0.0678,-0.1469,0.0056,-0.161
KTML,2022-08-23,pivot,52.35,0.24,0.706,0.706,0.706,0.294,0.53,uptrend,-0.0365,-0.037,0.0009,0.0735,-0.0741
KTML,2022-09-27,pivot,51.79,0.46,0.551,0.882,0.882,0.331,0.76,uptrend,-0.002,-0.0119,-0.0448,0.0639,-0.07
KTML,2022-10-03,pivot,52.17,0.33,0.872,0.949,0.949,0.077,0.31,uptrend,0.0072,0.0004,-0.0547,0.0649,-0.0691
KTML,2022-10-17,pivot,53.36,0.67,0.97,0.97,0.97,0.03,0.42,uptrend,-0.0183,-0.0556,-0.1272,0.0639,-0.1454
KTML,2023-04-18,pivot,52.74,0.19,0.956,0.956,0.956,0.029,0.99,uptrend,-0.0152,-0.0181,-0.0372,0.0444,-0.0463
KTML,2023-07-06,pivot,54.42,0.77,0.671,0.987,0.987,0.315,0.04,uptrend,-0.0512,-0.0449,-0.0249,0.0092,-0.0768
KTML,2023-09-05,pivot,60.0,2.5,1.0,1.0,1.0,0.0,0.01,uptrend,-0.0333,-0.05,0.0403,0.0417,-0.0833
KTML,2023-11-27,pivot,80.86,0.32,0.566,0.909,0.909,0.343,0.42,uptrend,0.1244,0.1171,-0.0217,0.1532,-0.027
KTML,2023-12-08,pivot,93.04,3.27,0.65,0.832,0.832,0.182,0.48,uptrend,-0.0365,-0.103,0.0208,0.0312,-0.1979
LOADS,2020-05-11,pivot,13.81,0.36,0.708,0.708,0.708,0.292,0.09,uptrend,0.0921,0.07,0.0714,0.1679,-0.0286
LOADS,2020-08-13,pivot,18.77,0.89,0.709,0.709,0.709,0.2,0.19,uptrend,-0.0261,0.0235,0.0956,0.188,-0.035
LOADS,2021-08-10,pivot,21.74,0.86,0.572,0.876,0.876,0.303,0.41,uptrend,-0.0687,-0.0826,-0.0861,0.0065,-0.1739
LOADS,2023-04-19,pivot,6.75,0.79,0.667,0.75,0.75,0.083,0.21,uptrend,-0.0352,-0.0381,-0.0674,0.063,-0.0836
LOTCHEM,2020-09-07,pivot,13.69,1.0,0.571,0.743,0.743,0.171,1.51,uptrend,-0.0519,-0.0702,-0.2232,-0.0042,-0.2281
LOTCHEM,2021-06-18,pivot,15.45,0.02,0.6,0.72,0.72,0.12,1.1,uptrend,-0.0278,-0.0136,-0.0228,0.0093,-0.0494
LOTCHEM,2021-07-07,pivot,15.43,0.19,0.552,0.724,0.724,0.172,0.15,uptrend,0.0006,0.0096,0.0025,0.0542,-0.0178
LOTCHEM,2022-01-26,pivot,15.02,0.16,0.741,0.889,0.889,0.148,1.54,uptrend,-0.0039,0.0131,-0.0308,0.0445,-0.0491
LOTCHEM,2022-04-12,pivot,15.05,0.27,0.703,0.703,0.703,0.068,1.29,uptrend,0.1175,0.3943,0.6762,0.7651,-0.0222
LOTCHEM,2023-06-01,pivot,26.91,3.32,0.724,0.724,0.724,0.195,0.11,uptrend,0.0635,0.0261,0.0407,0.1064,-0.1046
LOTCHEM,2023-07-10,pivot,27.93,2.94,0.818,0.818,0.818,0.102,0.76,uptrend,-0.0084,-0.0305,-0.0162,0.0618,-0.0344
LPL,2020-05-11,pivot,10.61,0.53,0.9,0.94,0.94,0.04,0.17,uptrend,-0.0317,0.0941,0.0661,0.1656,-0.0443
LPL,2020-05-14,pivot,10.8,2.22,0.792,0.792,0.792,0.0,0.05,uptrend,0.1009,0.1343,0.038,0.1926,-0.0139
LPL,2021-06-11,pivot,18.51,0.07,0.6,0.8,0.8,0.2,0.19,uptrend,-0.0379,-0.056,-0.0395,0.008,-0.0928
LPL,2022-11-01,pivot,13.1,0.0,0.875,0.875,0.875,0.125,0.58,uptrend,0.0935,0.0747,0.2157,0.2157,-0.0075
LPL,2023-02-15,pivot,15.79,1.54,1.0,1.0,1.0,0.0,0.04,uptrend,-0.0006,0.0209,0.007,0.0722,-0.0348
LPL,2023-04-04,pivot,15.89,1.8,0.618,0.865,0.865,0.247,0.94,uptrend,-0.1862,-0.2226,-0.1874,0.0036,-0.2292
LUCK,2020-08-13,pivot,603.38,1.26,0.774,0.774,0.774,0.007,1.02,uptrend,-0.0263,-0.0147,0.0706,0.0993,-0.0383
LUCK,2020-10-13,pivot,641.56,0.76,0.563,0.702,0.702,0.139,0.79,uptrend,-0.0019,0.061,0.0165,0.0855,-0.0321
LUCK,2020-10-29,pivot,669.95,2.08,0.708,0.708,0.708,0.292,2.37,uptrend,0.0042,-0.0298,-0.0461,0.0191,-0.0616
LUCK,2020-12-10,pivot,669.67,0.1,0.766,0.766,0.766,0.08,0.75,uptrend,0.0122,0.0358,0.0328,0.0577,-0.0155
LUCK,2021-04-02,pivot,806.94,0.24,0.713,0.832,0.832,0.119,0.18,uptrend,0.0478,0.0512,0.0233,0.0722,-0.022
LUCK,2021-06-02,pivot,932.86,1.88,0.76,0.76,0.76,0.24,0.58,uptrend,-0.0284,-0.032,-0.0824,-0.0043,-0.0882
LUCK,2021-11-09,pivot,764.4,2.15,0.741,0.747,0.747,0.006,2.05,uptrend,-0.0175,-0.0714,-0.1438,-0.0002,-0.1819
LUCK,2022-08-29,pivot,510.53,2.61,0.726,0.726,0.726,0.274,1.08,uptrend,0.0002,-0.0091,-0.0601,0.0242,-0.0909
LUCK,2022-10-21,pivot,510.72,0.51,0.706,0.706,0.706,0.16,0.28,uptrend,-0.0665,-0.0615,-0.0569,0.006,-0.0712
LUCK,2023-08-02,pivot,588.9,0.58,0.585,0.748,0.748,0.163,1.02,uptrend,0.0221,0.0484,-0.0582,0.0597,-0.0738
LUCK,2023-10-19,pivot,591.32,1.07,0.756,0.756,0.756,0.185,0.59,uptrend,0.0158,0.0952,0.1639,0.2377,-0.0061
LUCK,2023-12-14,pivot,797.3,0.04,0.721,0.877,0.877,0.156,0.28,uptrend,-0.0513,-0.0344,-0.0331,0.0097,-0.1043
MACFL,2020-05-14,pivot,12.63,3.03,0.747,0.805,0.805,0.058,1.78,uptrend,0.3611,0.1849,0.6925,0.7766,-0.0682
MACFL,2020-06-03,pivot,14.93,2.57,0.62,0.973,0.973,0.353,0.57,uptrend,0.3063,0.424,0.4118,0.4948,-0.0055
MACFL,2020-07-03,pivot,22.07,2.34,0.56,0.816,0.816,0.256,0.05,uptrend,0.0197,-0.0908,-0.1596,0.0434,-0.1846
MACFL,2020-07-07,pivot,22.28,0.37,0.8,0.8,0.8,0.124,0.12,uptrend,-0.0542,-0.1303,-0.1802,0.0232,-0.2017
MACFL,2022-04-28,pivot,18.77,1.42,0.74,0.74,0.74,0.26,0.06,uptrend,-0.1842,-0.1632,-0.2105,-0.0263,-0.2889
MACFL,2022-08-12,pivot,16.16,0.39,0.75,0.75,0.75,0.25,0.2,uptrend,-0.0242,-0.057,0.0152,0.0788,-0.0788
MACFL,2022-08-15,pivot,16.17,5.86,0.551,0.98,0.98,0.429,1.01,uptrend,-0.0413,-0.0204,0.0419,0.0665,-0.0893
MACFL,2022-09-22,pivot,15.66,4.23,0.71,0.935,0.935,0.226,0.97,uptrend,-0.003,-0.0876,-0.0574,0.0538,-0.1299
MACFL,2023-02-03,pivot,15.72,1.38,0.755,0.755,0.755,0.245,0.28,uptrend,0.01,0.0081,0.0131,0.0832,-0.0619
MACFL,2023-02-23,pivot,16.48,2.91,0.8,0.8,0.8,0.2,0.88,uptrend,-0.0303,-0.0303,-0.0485,0.0394,-0.0576
MACFL,2023-08-16,pivot,17.96,1.19,1.0,1.0,1.0,0.0,2.93,uptrend,-0.0433,-0.0417,-0.0667,0.0056,-0.0883
MACFL,2023-11-14,pivot,19.34,1.76,0.922,0.956,0.956,0.033,0.27,uptrend,-0.0085,0.0568,0.1884,0.2136,-0.0683
MACFL,2023-11-20,pivot,19.3,3.94,0.921,0.921,0.921,0.079,0.22,uptrend,0.0823,0.1111,0.1515,0.246,-0.0152
MACFL,2023-11-30,pivot,21.29,1.1,0.898,0.898,0.898,0.102,0.05,uptrend,0.1146,0.065,-0.026,0.1448,-0.0951
MACFL,2023-12-19,pivot,22.33,1.45,1.0,1.0,1.0,0.0,0.05,uptrend,-0.1231,-0.0667,-0.0893,-0.0178,-0.1333
MACFL,2023-12-20,pivot,22.17,3.04,0.882,0.882,0.882,0.098,0.11,uptrend,-0.0536,-0.0527,-0.1131,0.0041,-0.1368
MACFL,2023-12-21,pivot,21.63,0.51,0.828,0.879,0.879,0.052,0.07,uptrend,-0.0502,-0.0697,-0.095,-0.0271,-0.1403
MARI,2020-05-14,pivot,1146.05,0.0,0.593,0.773,0.773,0.18,0.73,uptrend,0.0239,0.0195,0.0168,0.0709,-0.0083
MARI,2020-06-09,pivot,1247.15,2.42,0.808,0.808,0.808,0.192,0.25,uptrend,-0.0288,-0.0048,-0.0045,,-0.063
MARI,2020-07-07,pivot,1246.71,0.14,0.652,0.838,0.838,0.186,1.94,uptrend,0.0203,0.049,0.064,0.0962,-0.0229
MARI,2020-08-05,pivot,1325.66,0.43,0.814,0.833,0.833,0.019,0.94,uptrend,-0.0046,-0.0111,0.0922,0.1033,-0.0243
MARI,2020-08-12,pivot,1336.96,0.22,0.741,0.741,0.741,0.259,0.67,uptrend,-0.0104,0.0384,0.0626,0.1077,-0.0236
MARI,2020-08-21,pivot,1324.95,0.22,0.588,0.737,0.737,0.149,2.35,uptrend,0.0337,0.1001,0.0713,0.111,-0.0175
MARI,2021-01-05,pivot,1360.05,0.45,0.888,0.929,0.929,0.04,0.51,uptrend,-0.0025,0.0512,0.0384,0.1216,-0.0232
MARI,2021-03-04,pivot,1558.72,2.48,0.767,0.767,0.767,0.007,0.43,uptrend,-0.0055,0.0081,-0.0085,0.0425,-0.0621
MARI,2021-05-19,pivot,1543.3,0.21,0.66,0.887,0.887,0.227,1.94,uptrend,-0.0347,-0.0368,-0.0425,-0.0037,-0.0641
MARI,2021-10-14,pivot,1736.29,0.36,0.7,0.815,0.815,0.116,0.79,uptrend,0.0046,-0.0394,-0.0402,0.0169,-0.0672
MARI,2021-10-15,pivot,1738.41,4.97,0.994,0.994,0.994,0.006,0.46,uptrend,0.046,-0.0044,0.0085,0.0588,-0.0288
MARI,2021-10-25,pivot,1755.53,0.31,0.866,0.939,0.939,0.073,0.09,uptrend,-0.0491,-0.0486,-0.0423,0.0084,-0.0725
MARI,2022-02-02,pivot,1708.67,2.38,0.846,1.0,1.0,0.154,0.68,uptrend,0.0104,0.0494,0.0532,0.0583,-0.0058
MARI,2022-03-02,pivot,1772.08,0.79,0.865,0.875,0.875,0.011,0.47,uptrend,-0.0085,-0.0313,-0.0142,0.0067,-0.0529
MARI,2022-03-03,pivot,1767.26,0.12,0.569,0.836,0.836,0.266,0.57,uptrend,-0.0165,-0.0449,-0.021,-0.0011,-0.0592
MARI,2022-03-04,pivot,1774.57,0.25,0.986,0.986,0.986,0.013,0.23,uptrend,-0.0213,-0.0445,-0.0239,0.0027,-0.0556
MARI,2022-03-30,pivot,1743.74,0.69,0.757,0.757,0.757,0.243,0.43,uptrend,-0.017,-0.0171,-0.0233,0.0136,-0.0395
MARI,2022-03-31,pivot,1738.22,1.05,0.8,0.99,0.99,0.191,1.11,uptrend,-0.0222,-0.0216,-0.0308,0.0136,-0.0401
MARI,2022-04-01,pivot,1736.35,0.36,0.872,0.872,0.872,0.128,1.32,uptrend,-0.0173,-0.0155,-0.0306,0.0108,-0.0912
MARI,2022-06-23,pivot,1711.25,0.07,0.697,0.71,0.71,0.013,2.77,uptrend,0.001,-0.0066,-0.0195,0.0443,-0.0357
MARI,2023-05-15,pivot,1536.35,0.22,0.584,0.775,0.775,0.191,0.58,uptrend,-0.0164,-0.0103,-0.0032,0.0634,-0.0265
MCB,2020-07-14,pivot,163.69,0.41,0.584,0.756,0.756,0.172,0.38,uptrend,-0.0016,0.0686,0.0936,0.1289,-0.0112
MCB,2020-09-14,pivot,176.09,0.05,0.705,0.88,0.88,0.175,0.59,uptrend,-0.0126,-0.0329,-0.0211,0.0037,-0.0563
MCB,2020-12-22,pivot,183.72,1.75,0.747,0.747,0.747,0.253,0.23,uptrend,-0.0069,0.0494,0.0455,0.0941,-0.0189
MCB,2021-01-14,pivot,198.09,0.05,0.795,0.795,0.795,0.205,0.63,uptrend,-0.0265,-0.0244,-0.0775,0.0012,-0.0851
MCB,2021-01-19,pivot,194.3,0.39,0.684,0.716,0.716,0.032,0.82,uptrend,-0.0002,-0.0137,-0.0388,0.0102,-0.0711
MCB,2021-08-26,pivot,165.05,0.02,0.724,0.759,0.759,0.035,0.61,uptrend,-0.0497,-0.0668,-0.0535,-0.0033,-0.0888
MCB,2022-01-27,pivot,160.62,0.01,0.82,0.82,0.82,0.144,0.92,uptrend,0.0117,-0.0066,-0.0194,0.0259,-0.0246
MCB,2022-02-04,pivot,162.87,0.51,0.727,0.727,0.727,0.273,0.17,uptrend,-0.0168,-0.0142,-0.0638,0.0103,-0.0644
MCB,2022-11-17,pivot,119.49,0.2,0.853,0.853,0.853,0.147,0.63,uptrend,-0.0031,-0.007,-0.0193,0.0025,-0.0271
MCB,2023-02-21,pivot,114.54,0.47,0.793,0.793,0.793,0.207,0.29,uptrend,0.0088,0.0187,-0.0116,0.0506,-0.0176
MCB,2023-03-01,pivot,116.07,1.35,0.625,0.832,0.832,0.207,11.62,uptrend,0.006,-0.0345,-0.0267,0.027,-0.0397
MCB,2023-03-03,pivot,116.84,0.62,0.691,0.965,0.965,0.275,0.48,uptrend,0.0066,-0.0446,-0.0429,0.0129,-0.0529
MCB,2023-03-10,pivot,118.68,0.36,0.566,0.828,0.828,0.262,0.4,uptrend,-0.0552,-0.0616,-0.047,0.0016,-0.0634
MCB,2023-08-08,pivot,143.11,0.08,0.837,0.837,0.837,0.025,0.68,uptrend,-0.0208,-0.0854,-0.1126,0.0204,-0.134
MCB,2023-08-16,pivot,142.32,0.92,0.755,0.755,0.755,0.245,0.26,uptrend,-0.0721,-0.0379,-0.1309,-0.0079,-0.1337
MCB,2023-10-09,pivot,135.57,0.19,0.591,0.913,0.913,0.322,0.18,uptrend,0.0358,0.0628,0.0292,0.1077,-0.0072
MCB,2023-10-16,pivot,140.6,1.14,0.83,0.83,0.83,0.088,0.84,uptrend,0.0189,0.0355,0.0539,0.0757,-0.0275
MCB,2023-11-16,pivot,148.28,0.36,0.56,0.951,0.951,0.391,0.83,uptrend,0.0247,0.1183,0.2362,0.3588,-0.0123
MCB,2023-12-26,pivot,165.86,2.33,0.648,0.8,0.8,0.152,0.85,uptrend,0.0499,0.0313,0.05,0.0691,-0.0271
MDTL,2021-01-04,pivot,1.55,0.21,0.8,0.933,0.933,0.133,1.85,uptrend,0.0765,0.2059,0.1588,0.3412,
MDTL,2021-01-11,pivot,1.75,3.04,0.667,0.722,0.722,0.056,1.17,uptrend,0.0904,0.117,0.2181,0.2766,-0.0479
MDTL,2022-02-15,pivot,2.39,1.54,0.682,0.864,0.864,0.182,1.11,uptrend,-0.0623,-0.0739,-0.1556,0.0311,-0.2218
MDTL,2022-08-22,pivot,2.08,0.64,0.722,0.722,0.722,0.278,0.77,uptrend,-0.0222,-0.0133,-0.08,0.0622,-0.3733
MDTL,2023-07-14,pivot,1.7,2.94,0.667,0.867,0.867,0.2,0.31,uptrend,-0.0389,-0.0056,-0.0722,0.1,-0.0889
MEBL,2020-06-25,pivot,67.94,0.65,0.8,0.808,0.808,0.008,0.44,uptrend,-0.0145,0.0602,0.0755,0.1316,-0.039
MEBL,2020-08-13,pivot,84.12,0.73,0.783,0.783,0.783,0.061,0.5,uptrend,-0.0059,0.0498,-0.0158,0.093,-0.04
MEBL,2020-11-12,pivot,89.43,0.76,0.717,0.717,0.717,0.283,0.52,uptrend,0.014,0.0457,0.0858,0.1308,-0.0161
MEBL,2020-11-30,pivot,93.45,1.55,0.657,0.904,0.904,0.246,0.25,uptrend,0.03,0.0442,0.1281,0.1445,-0.0102
MEBL,2021-07-05,pivot,115.37,1.16,0.568,0.847,0.847,0.28,1.47,uptrend,0.0298,0.0594,0.1283,0.1311,-0.005
MEBL,2021-07-15,pivot,121.16,0.83,0.877,0.877,0.877,0.014,0.33,uptrend,-0.0122,0.0536,0.1519,0.1707,-0.0203
MEBL,2021-11-10,pivot,140.07,0.02,0.59,0.862,0.862,0.272,0.28,uptrend,0.0092,0.0387,0.008,0.119,-0.028
MEBL,2022-04-22,pivot,140.43,1.73,0.758,0.758,0.758,0.242,0.25,uptrend,-0.0335,-0.0579,-0.0871,0.0292,-0.1074
MEBL,2023-08-04,pivot,125.83,1.42,0.617,0.853,0.853,0.236,0.88,uptrend,0.0148,-0.013,-0.1097,0.054,-0.1184
MEBL,2023-11-15,pivot,143.86,0.62,0.861,0.875,0.875,0.013,1.53,uptrend,0.0499,0.0721,0.1282,0.2259,-0.0205
MEBL,2023-11-27,pivot,158.39,5.61,0.713,0.713,0.713,0.037,3.25,uptrend,-0.0381,0.051,-0.0801,0.1082,-0.096
MEBL,2023-12-21,pivot,149.22,0.15,0.739,0.739,0.739,0.196,0.28,uptrend,0.0513,0.0609,0.0741,0.101,-0.0488
MERIT,2020-10-13,pivot,14.36,0.74,0.904,0.918,0.918,0.014,0.19,uptrend,0.0387,0.0407,-0.03,0.0814,-0.0788
MERIT,2021-04-23,pivot,15.88,2.31,0.607,0.753,0.753,0.146,0.75,uptrend,-0.0506,-0.0549,0.047,0.047,-0.0976
MERIT,2021-05-05,pivot,14.89,0.6,0.727,0.864,0.864,0.136,0.51,uptrend,-0.0201,-0.0031,0.2962,0.334,-0.0566
MERIT,2022-02-17,pivot,12.45,1.5,0.75,0.75,0.75,0.25,0.06,uptrend,-0.0752,-0.068,-0.1616,,-0.18
MERIT,2022-08-22,pivot,9.48,1.93,0.8,0.8,0.8,0.2,1.1,uptrend,0.0241,0.0272,-0.0743,0.0576,-0.1361
MERIT,2022-08-29,pivot,9.75,1.57,0.75,0.9,0.9,0.15,0.17,uptrend,0.001,-0.0082,-0.1082,0.0306,-0.1582
MERIT,2022-10-24,pivot,12.11,0.91,0.84,0.84,0.84,0.16,0.4,uptrend,0.0531,0.1265,0.0482,0.151,-0.0408
MERIT,2023-06-19,pivot,8.0,0.04,0.625,1.0,1.0,0.375,0.18,uptrend,0.0142,0.0212,0.0212,0.1085,-0.0861
MERIT,2023-07-14,pivot,8.82,3.63,0.77,0.77,0.77,0.23,2.66,uptrend,-0.0325,-0.0411,-0.0887,0.0173,-0.1234
MERIT,2023-12-11,pivot,10.16,1.48,0.574,0.907,0.907,0.333,0.29,uptrend,-0.0133,-0.0142,0.2645,0.3223,-0.1469
MFL,2021-02-10,pivot,27.42,1.45,0.78,0.78,0.78,0.08,0.82,uptrend,-0.0578,-0.1438,-0.2355,-0.0043,-0.2466
MFL,2021-05-24,pivot,24.46,6.66,0.752,0.752,0.752,0.025,0.69,uptrend,0.1046,0.2258,0.4684,0.5332,-0.0342
MFL,2022-05-09,pivot,32.01,3.16,0.792,0.792,0.792,0.208,0.11,uptrend,-0.1085,-0.093,-0.1172,0.0233,-0.1457
MFL,2022-11-15,pivot,35.41,0.44,0.867,0.973,0.973,0.107,0.66,uptrend,-0.0822,-0.0694,-0.0972,0.0347,-0.125
MFL,2023-10-10,pivot,30.1,3.65,0.619,0.758,0.758,0.139,1.12,uptrend,0.01,-0.0336,-0.1387,0.0242,-0.1749
MFL,2023-12-20,pivot,35.55,0.84,0.749,0.749,0.749,0.251,0.15,uptrend,0.0295,-0.0065,-0.1357,0.0811,-0.1419
MLCF,2020-07-22,pivot,31.44,0.45,0.652,0.748,0.748,0.096,0.85,uptrend,-0.0108,0.1125,0.0533,0.1399,-0.0718
MLCF,2020-11-02,pivot,41.02,0.3,0.719,0.719,0.719,0.281,0.83,uptrend,0.0092,-0.0525,-0.0606,0.0509,-0.1453
MLCF,2021-01-19,pivot,42.77,0.34,0.603,0.846,0.846,0.244,0.34,uptrend,0.0341,0.044,0.1106,0.1359,-0.015
MLCF,2021-01-22,pivot,42.91,0.02,0.579,0.705,0.705,0.126,0.44,uptrend,0.0461,0.0176,0.0634,0.1243,-0.0087
MLCF,2021-03-01,pivot,46.22,0.91,0.881,0.881,0.881,0.015,0.76,uptrend,-0.0617,-0.0013,-0.06,0.0148,-0.1198
MLCF,2021-11-18,pivot,35.67,0.2,0.733,0.733,0.733,0.267,0.34,uptrend,-0.1146,-0.0768,-0.0631,0.0255,-0.1919
MLCF,2022-02-04,pivot,34.59,0.5,0.722,0.722,0.722,0.111,0.57,uptrend,-0.0472,-0.064,-0.0706,-0.0043,-0.1192
MLCF,2022-03-30,pivot,35.48,1.01,0.661,0.729,0.729,0.068,1.6,uptrend,-0.0796,0.0047,-0.0573,0.0749,-0.0975
MLCF,2022-08-29,pivot,27.05,1.38,0.684,0.908,0.908,0.224,1.07,uptrend,-0.011,0.0039,-0.006,0.0567,-0.0603
MLCF,2023-03-27,pivot,24.35,1.22,0.874,0.884,0.884,0.011,0.13,uptrend,0.012,0.0416,0.108,0.124,-0.008
MLCF,2023-04-04,pivot,24.99,0.77,0.915,0.915,0.915,0.042,0.29,uptrend,0.0388,0.0318,0.0937,0.1544,-0.0024
MLCF,2023-06-14,pivot,28.04,2.79,0.71,0.927,0.927,0.218,0.3,uptrend,-0.0467,0.0684,0.0958,0.1596,-0.0663
MLCF,2023-08-17,pivot,30.53,1.36,0.752,0.752,0.752,0.156,0.56,uptrend,-0.0522,-0.1298,-0.0856,0.0112,-0.15
MLCF,2023-10-24,pivot,34.39,0.24,0.582,0.701,0.701,0.119,0.41,uptrend,0.0263,0.0377,0.1112,0.1349,-0.0132
MUGHAL,2020-04-27,pivot,39.91,3.54,0.713,0.779,0.779,0.066,0.89,uptrend,0.042,0.0763,,0.1208,-0.0329
MUGHAL,2020-06-05,pivot,40.4,0.38,0.638,0.713,0.713,0.074,0.27,uptrend,0.0223,-0.0347,0.0687,0.0823,-0.0702
MUGHAL,2020-06-11,pivot,41.37,0.76,0.653,0.84,0.84,0.188,1.83,uptrend,-0.0642,-0.0664,0.0962,0.1176,-0.0988
MUGHAL,2020-06-12,pivot,41.39,0.19,0.667,0.808,0.808,0.141,0.87,uptrend,-0.06,-0.0435,0.1388,0.1442,-0.0946
MUGHAL,2020-09-09,pivot,66.84,0.51,0.6,0.768,0.768,0.168,0.6,uptrend,-0.0319,-0.0296,-0.0312,0.0362,-0.1304
MUGHAL,2020-09-24,pivot,66.19,1.5,0.562,0.909,0.909,0.347,0.79,uptrend,-0.0652,-0.0205,-0.0386,0.0044,-0.1228
MUGHAL,2021-03-19,pivot,93.03,2.66,0.657,0.731,0.731,0.075,0.28,uptrend,-0.1032,-0.0738,0.0148,0.0348,-0.1203
MUGHAL,2021-08-27,pivot,112.99,4.42,0.856,0.921,0.921,0.066,1.46,uptrend,0.0123,-0.0017,-0.1146,0.0565,-0.1478
MUGHAL,2022-01-27,pivot,103.23,0.13,0.556,0.744,0.744,0.189,0.9,uptrend,0.025,0.0664,-0.0858,0.0925,-0.0896
NBP,2020-09-07,pivot,39.5,0.28,0.792,0.792,0.792,0.188,0.99,uptrend,0.0186,0.0025,-0.0683,0.0507,-0.0839
NBP,2021-01-05,pivot,42.16,0.38,0.633,0.772,0.772,0.139,1.75,uptrend,-0.0058,-0.0033,-0.0243,0.0206,-0.0301
NBP,2021-06-04,pivot,35.56,0.68,0.653,0.874,0.874,0.222,1.44,uptrend,0.0065,-0.0135,-0.0132,0.0541,-0.0646
NBP,2021-06-15,pivot,36.98,1.97,0.735,0.735,0.735,0.265,1.29,uptrend,-0.0716,-0.0893,-0.082,-0.0219,-0.099
NBP,2021-06-17,pivot,36.52,0.33,0.702,0.702,0.702,0.175,0.16,uptrend,-0.0295,0.0043,-0.0406,0.0124,-0.0641
NBP,2021-10-25,pivot,35.04,2.4,0.654,1.423,1.423,0.769,1.04,uptrend,0.0129,0.0226,0.0031,0.0692,-0.0566
NBP,2022-01-17,pivot,35.28,1.92,0.918,0.918,0.918,0.082,0.28,uptrend,-0.0305,-0.0305,0.005,0.0588,-0.0779
NBP,2022-02-09,pivot,36.46,2.63,0.783,0.783,0.783,0.05,2.29,uptrend,-0.0512,-0.0568,-0.1718,-0.0126,-0.2086
NBP,2023-12-01,pivot,30.6,0.27,0.798,0.807,0.807,0.009,0.72,uptrend,0.1851,0.1123,0.0468,0.218,-0.0111
NCL,2020-06-01,pivot,31.4,0.31,0.642,0.872,0.872,0.229,0.82,uptrend,-0.021,0.0006,0.0188,0.1053,-0.0367
NCL,2020-07-30,pivot,38.22,0.05,0.761,0.913,0.913,0.152,1.24,uptrend,-0.0144,0.0758,0.0528,0.099,-0.0589
NCL,2021-01-12,pivot,47.19,0.4,0.779,0.779,0.779,0.137,0.77,uptrend,0.0822,0.0277,0.019,0.1199,-0.0271
NCL,2021-01-25,pivot,49.49,0.76,0.718,0.718,0.718,0.242,0.27,uptrend,0.0077,-0.0165,0.0737,0.0993,-0.0665
NCL,2023-02-13,pivot,23.19,0.6,0.8,0.8,0.8,0.2,0.26,uptrend,-0.0757,-0.077,-0.0983,0.0068,-0.1536
NCL,2023-03-21,pivot,21.68,0.12,1.0,1.0,1.0,0.0,0.44,uptrend,-0.0575,-0.0635,-0.0119,0.0164,-0.0744
NCL,2023-04-26,pivot,21.19,1.76,0.741,0.963,0.963,0.222,0.95,uptrend,-0.0082,-0.0365,-0.0425,0.0183,-0.0868
NCL,2023-05-23,pivot,20.35,1.7,0.583,0.756,0.756,0.172,3.23,uptrend,-0.0275,-0.0124,-0.0693,0.0206,-0.0821
NCL,2023-07-19,pivot,21.69,0.77,0.73,0.73,0.73,0.27,0.29,uptrend,0.0384,0.1046,0.0987,0.1718,-0.0311
NCPL,2020-07-24,pivot,14.39,1.67,0.943,0.943,0.943,0.057,0.09,uptrend,0.0241,0.0193,0.0083,0.1945,-0.0186
NCPL,2021-01-14,pivot,18.93,0.97,0.699,0.785,0.785,0.086,0.38,uptrend,0.0279,-0.0488,-0.1087,0.0645,-0.1108
NCPL,2021-01-22,pivot,19.94,2.21,0.727,0.727,0.727,0.2,0.15,uptrend,-0.0648,-0.0783,-0.1476,0.0035,-0.1641
NCPL,2022-01-17,pivot,16.84,0.18,0.95,0.95,0.95,0.0,0.16,uptrend,-0.0159,-0.0306,0.0588,0.1311,-0.0506
NCPL,2022-01-18,pivot,16.87,0.12,0.882,0.882,0.882,0.0,0.44,uptrend,-0.0088,-0.0306,0.0282,0.1304,-0.0511
NCPL,2022-01-24,pivot,16.63,2.0,0.978,0.978,0.978,0.022,0.36,uptrend,-0.0155,-0.0352,0.0161,0.1487,-0.0358
NCPL,2022-02-14,pivot,17.8,0.56,0.771,0.886,0.886,0.114,1.31,uptrend,-0.0571,-0.1884,-0.1125,0.0443,-0.251
NCPL,2022-07-27,pivot,16.95,2.6,0.776,0.776,0.776,0.224,0.07,uptrend,-0.0553,0.2935,0.5053,0.6024,-0.0876
NCPL,2022-07-29,pivot,16.76,6.26,0.654,0.805,0.805,0.151,0.67,uptrend,0.0416,0.4647,-0.1393,0.5746,-0.1445
NCPL,2022-08-19,pivot,25.48,2.67,0.66,0.732,0.732,0.072,4.9,uptrend,-0.0281,-0.4599,-0.4702,0.0156,-0.4873
NCPL,2022-10-26,pivot,15.93,2.8,0.833,0.833,0.833,0.135,2.17,uptrend,-0.1198,-0.1107,-0.1174,-0.0055,-0.1496
NCPL,2022-11-21,pivot,14.39,0.05,0.568,0.73,0.73,0.162,0.81,uptrend,-0.0461,-0.0075,-0.0536,0.0725,-0.0576
NCPL,2023-05-17,pivot,15.56,4.09,0.762,0.916,0.916,0.154,1.33,uptrend,0.019,-0.022,-0.033,0.0581,-0.0581
NCPL,2023-06-02,pivot,15.45,0.3,0.737,0.737,0.737,0.14,1.14,uptrend,-0.0006,-0.0363,0.1847,0.1935,-0.0495
NCPL,2023-07-04,pivot,17.42,1.51,0.712,0.712,0.712,0.238,3.02,uptrend,0.0228,0.0562,0.1342,0.1409,-0.0033
NCPL,2023-10-09,pivot,22.25,0.22,0.611,0.822,0.822,0.211,0.98,uptrend,-0.0411,-0.0576,0.0615,0.0762,-0.1065
NCPL,2023-10-12,pivot,21.77,5.18,0.801,0.801,0.801,0.018,3.18,uptrend,-0.0139,-0.0143,0.1054,0.1233,-0.0493
NCPL,2023-11-06,pivot,23.43,4.34,0.716,0.95,0.95,0.234,0.99,uptrend,0.0641,0.0231,0.0508,0.0954,-0.0357
NCPL,2023-11-20,pivot,24.74,0.96,0.714,0.714,0.714,0.043,0.4,uptrend,-0.0151,-0.0135,0.2214,0.327,-0.0357
NETSOL,2020-06-12,pivot,50.41,3.68,0.742,0.892,0.892,0.149,0.52,uptrend,-0.0384,-0.0402,0.1715,0.2277,-0.0792
NETSOL,2020-06-22,pivot,47.93,2.98,0.816,0.816,0.816,0.096,0.47,uptrend,0.0235,0.0986,0.2913,0.3173,-0.0031
NETSOL,2021-02-25,pivot,267.47,0.51,0.556,0.885,0.885,0.329,2.06,uptrend,-0.0033,-0.1452,-0.1851,0.0584,-0.2092
NETSOL,2021-03-01,pivot,271.76,3.92,0.638,0.853,0.853,0.215,1.08,uptrend,-0.0069,-0.1077,-0.2371,0.0458,-0.3044
NETSOL,2022-02-14,pivot,102.1,3.72,0.756,0.756,0.756,0.032,0.94,uptrend,-0.0304,-0.082,-0.1764,0.0222,-0.1845
NETSOL,2022-04-28,pivot,98.45,3.5,0.64,0.704,0.704,0.064,0.92,uptrend,-0.1513,-0.1104,-0.0874,-0.01,-0.205
NETSOL,2022-08-29,pivot,100.59,1.88,0.683,0.79,0.79,0.107,0.8,uptrend,-0.0464,-0.0334,-0.0153,0.0251,-0.0748
NETSOL,2022-10-27,pivot,100.7,0.44,0.577,0.838,0.838,0.262,1.29,uptrend,0.0582,0.1046,0.0583,0.1316,-0.0642
NML,2020-06-22,pivot,73.27,0.91,0.757,0.757,0.757,0.062,0.46,uptrend,0.0141,0.0925,0.1959,0.2153,-0.006
NML,2020-07-30,pivot,94.24,0.13,0.676,0.734,0.734,0.058,0.88,uptrend,-0.0079,0.0927,0.1277,0.1727,-0.0435
NML,2020-08-13,pivot,99.05,1.0,0.746,0.749,0.749,0.003,0.59,uptrend,0.0092,0.0713,0.0539,0.1059,-0.0196
NML,2021-01-26,pivot,112.7,0.0,0.704,0.704,0.704,0.296,0.65,uptrend,-0.0146,0.0012,0.0102,0.086,-0.0391
NML,2022-02-15,pivot,90.6,0.66,0.556,0.811,0.811,0.256,0.27,uptrend,-0.0467,-0.0959,-0.1126,0.024,-0.1716
NML,2023-02-23,pivot,53.55,1.97,0.6,0.873,0.873,0.273,1.08,uptrend,-0.0444,-0.0098,-0.0244,0.05,-0.0833
NML,2023-05-15,pivot,54.89,0.16,0.931,0.931,0.931,0.041,0.21,uptrend,0.0078,0.0805,0.0574,0.1467,-0.0222
NML,2023-06-14,pivot,57.79,0.42,0.623,0.706,0.706,0.083,1.27,uptrend,-0.0658,0.0138,0.0037,0.0664,-0.0988
NML,2023-11-23,pivot,73.22,0.32,0.777,0.777,0.777,0.004,0.96,uptrend,0.0363,0.0985,0.0468,0.1423,-0.0132
NML,2023-12-05,pivot,81.11,0.27,0.573,0.706,0.706,0.133,0.57,uptrend,0.0046,-0.0529,-0.0417,0.039,-0.1192
NPL,2020-06-04,pivot,19.6,0.46,0.798,0.798,0.798,0.152,0.44,uptrend,-0.0302,0.0405,0.0561,0.1361,-0.0537
NPL,2020-06-25,pivot,21.93,1.5,0.733,0.733,0.733,0.267,0.04,uptrend,-0.0333,0.0364,0.0356,0.0622,-0.0489
NPL,2020-07-20,pivot,21.83,1.07,0.561,0.827,0.827,0.265,9.28,uptrend,0.0438,0.0168,0.1404,0.2157,-0.0035
NPL,2020-12-01,pivot,22.6,1.67,0.69,1.0,1.0,0.31,0.74,uptrend,-0.015,0.0244,-0.015,0.0878,-0.0385
NPL,2021-01-14,pivot,27.06,1.11,0.865,0.878,0.878,0.014,0.28,uptrend,0.0015,-0.0502,-0.12,0.0364,-0.1345
NPL,2021-09-15,pivot,19.43,0.6,0.737,0.737,0.737,0.061,2.65,uptrend,-0.0394,-0.0246,-0.0394,0.0217,-0.064
NPL,2021-12-29,pivot,19.09,2.55,0.762,0.762,0.762,0.238,0.42,uptrend,0.0131,0.0484,0.0478,0.0883,-0.0137
NPL,2022-01-06,pivot,19.1,0.19,0.607,0.82,0.82,0.213,2.5,uptrend,-0.0075,-0.0466,-0.0025,0.0376,-0.0481
NPL,2022-04-12,pivot,19.26,1.3,0.898,0.898,0.898,0.102,0.98,uptrend,-0.0251,-0.0738,-0.1179,0.0026,-0.1436
NPL,2022-08-11,pivot,23.11,0.46,0.716,0.716,0.716,0.202,0.84,uptrend,0.0897,-0.0942,-0.1598,0.1955,-0.1694
NPL,2023-07-03,pivot,16.81,3.49,0.926,0.931,0.931,0.005,1.76,uptrend,0.0845,0.127,0.2286,0.2479,-0.0337
NPL,2023-09-15,pivot,23.33,0.33,0.739,0.739,0.739,0.065,0.41,uptrend,0.0244,0.0724,0.1477,0.1564,-0.0194
NPL,2023-10-09,pivot,26.86,1.34,0.714,0.729,0.729,0.014,1.58,uptrend,0.0199,-0.1125,-0.0085,0.0276,-0.1467
NPL,2023-11-24,pivot,29.11,0.34,0.737,0.737,0.737,0.039,0.64,uptrend,-0.0141,0.0816,0.0699,0.1555,-0.0208
NRL,2021-01-22,pivot,357.78,1.03,0.644,0.786,0.786,0.142,0.98,uptrend,0.249,0.3559,0.5653,0.5895,-0.0157
NRL,2021-03-01,pivot,610.8,0.94,0.598,0.932,0.932,0.333,0.33,uptrend,0.0064,-0.0741,-0.0591,0.0317,-0.1737
NRL,2021-03-10,pivot,579.5,3.28,0.709,0.709,0.709,0.176,0.7,uptrend,-0.0258,0.0056,-0.0781,0.0455,-0.1904
NRL,2021-03-25,pivot,593.09,2.04,0.697,0.799,0.799,0.102,1.77,uptrend,-0.0877,-0.0931,-0.1242,0.0285,-0.2036
NRL,2022-02-08,pivot,272.33,0.46,0.724,0.783,0.783,0.059,0.36,uptrend,-0.0497,-0.1267,-0.2496,0.0078,-0.2532
NRL,2022-04-21,pivot,256.79,2.64,0.705,0.705,0.705,0.124,1.26,uptrend,-0.0213,-0.1615,-0.0794,0.0204,-0.206
NRL,2022-06-07,pivot,234.19,0.51,0.706,0.706,0.706,0.15,1.34,uptrend,-0.0099,0.0688,-0.0189,0.1202,-0.0321
NRL,2022-08-19,pivot,255.37,0.93,0.644,0.729,0.729,0.084,0.43,uptrend,-0.0306,-0.065,-0.0978,-0.0039,-0.1146
NRL,2022-08-29,pivot,247.15,2.59,0.77,0.77,0.77,0.229,0.33,uptrend,-0.0567,-0.0627,-0.0649,0.0202,-0.1174
NRL,2023-08-04,pivot,225.47,1.32,0.713,0.713,0.713,0.074,1.17,uptrend,-0.1724,-0.1958,-0.1538,0.0062,-0.2453
NRL,2023-12-20,pivot,300.8,1.58,0.662,0.77,0.77,0.108,0.7,uptrend,0.0231,0.0688,-0.0556,0.0813,-0.0896
NRSL,2020-09-07,pivot,9.02,0.67,0.78,0.78,0.78,0.051,1.24,uptrend,0.0398,0.0471,-0.2115,0.1728,-0.223
NRSL,2021-04-19,pivot,13.67,6.73,0.747,0.747,0.747,0.032,1.18,uptrend,-0.0613,-0.0971,0.2854,0.3358,-0.1168
NRSL,2021-05-28,pivot,20.28,2.37,0.767,0.966,0.966,0.199,2.78,uptrend,-0.0279,-0.0874,-0.0572,0.0636,-0.1034
NRSL,2021-06-16,pivot,20.14,1.44,0.552,0.759,0.759,0.207,0.53,uptrend,0.0418,-0.054,-0.1357,0.0657,-0.1662
NRSL,2022-04-12,pivot,17.63,3.39,0.852,0.852,0.852,0.0,1.73,uptrend,0.051,-0.04,-0.2362,0.1123,-0.274
NRSL,2022-04-15,pivot,18.24,0.88,0.597,0.819,0.819,0.222,1.58,uptrend,-0.0516,-0.1229,-0.2016,0.0798,-0.2952
NRSL,2022-04-27,pivot,17.34,1.83,0.842,0.842,0.842,0.14,0.06,uptrend,-0.158,-0.1484,-0.1711,-0.0085,-0.2467
OBOY,2020-05-29,pivot,3.0,6.67,0.741,1.0,1.0,0.259,0.99,uptrend,-0.0326,-0.0554,-0.2508,0.0293,-0.3485
OBOY,2020-07-17,pivot,2.5,7.72,0.681,0.826,0.826,0.145,2.97,uptrend,0.4633,0.2633,0.2767,0.6633,-0.1933
OBOY,2020-08-04,pivot,3.57,4.39,0.857,1.0,1.0,0.143,0.26,uptrend,-0.0676,0.0873,0.0141,0.1268,-0.1465
OBOY,2020-08-26,pivot,3.41,8.71,0.759,0.759,0.759,0.0,0.98,uptrend,0.0588,0.3,0.5029,0.6912,-0.0735
OBOY,2020-08-28,pivot,3.28,1.83,0.813,0.813,0.813,0.187,0.1,uptrend,0.0621,0.1834,0.426,0.7012,-0.068
OBOY,2021-12-27,pivot,15.59,0.58,1.0,1.0,1.0,0.0,9.07,uptrend,0.4346,0.4788,0.2448,0.7815,0.0746
OBOY,2022-01-04,pivot,24.01,5.46,1.0,1.0,1.0,0.0,8.03,uptrend,-0.1127,-0.2017,-0.254,0.1552,-0.3225
OBOY,2022-02-15,pivot,20.57,0.84,0.833,0.833,0.833,0.111,0.35,uptrend,-0.0099,-0.077,-0.1014,0.2254,-0.2488
OCTOPUS,2022-08-29,pivot,69.77,1.82,0.73,0.73,0.73,0.222,0.45,uptrend,-0.0328,-0.0403,-0.0405,0.0257,-0.0921
OCTOPUS,2022-10-21,pivot,69.87,1.18,0.612,0.759,0.759,0.147,0.46,uptrend,-0.0757,-0.0382,-0.0298,0.0232,-0.0909
OGDC,2023-01-26,pivot,85.1,1.29,0.73,0.73,0.73,0.035,0.93,uptrend,-0.0015,0.2157,0.017,0.2576,-0.0258
OGDC,2023-02-02,pivot,86.37,1.7,0.763,0.883,0.883,0.121,0.85,uptrend,0.2136,0.0695,-0.0603,0.2554,-0.0905
OGDC,2023-08-17,pivot,97.05,0.26,0.583,0.88,0.88,0.298,0.52,uptrend,0.0082,-0.0695,-0.0565,0.0255,-0.118
OGDC,2023-11-14,pivot,102.73,0.71,0.667,0.793,0.793,0.126,0.99,uptrend,0.0418,0.0481,0.2042,0.2214,-0.0026
PABC,2022-07-14,pivot,31.69,0.27,0.73,0.73,0.73,0.27,0.28,uptrend,-0.0766,-0.0705,-0.0049,0.0157,-0.092
PABC,2023-05-03,pivot,48.53,0.27,0.772,0.772,0.772,0.228,0.2,uptrend,-0.0036,0.0485,-0.008,0.1314,-0.014
PABC,2023-07-10,pivot,48.39,2.63,0.65,0.747,0.747,0.097,1.31,uptrend,-0.0516,-0.0786,-0.0388,0.0667,-0.1552
PABC,2023-11-14,pivot,58.73,0.88,0.905,0.905,0.905,0.037,0.37,uptrend,0.0008,0.2052,0.2338,0.3702,-0.0399
PABC,2023-12-20,pivot,64.36,0.55,0.628,0.714,0.714,0.085,0.4,uptrend,0.0909,0.0475,0.063,0.1765,-0.0431
PACE,2021-01-25,pivot,4.04,0.91,0.867,0.867,0.867,0.133,0.59,uptrend,-0.0361,0.1325,0.1614,0.2723,-0.0651
PACE,2022-08-29,pivot,3.25,1.75,0.643,0.857,0.857,0.214,0.19,uptrend,-0.0781,-0.0751,-0.1141,0.033,-0.1592
PACE,2023-10-18,pivot,1.93,1.04,0.714,0.714,0.714,0.286,0.82,uptrend,-0.0488,-0.0585,0.0488,0.1024,-0.0976
PAEL,2020-09-16,pivot,37.43,0.21,0.688,0.807,0.807,0.119,0.28,uptrend,-0.0146,-0.14,-0.1046,0.0146,-0.2357
PAEL,2022-04-12,pivot,17.78,0.15,0.72,0.928,0.928,0.208,1.95,uptrend,-0.0168,-0.0532,-0.2063,0.0511,-0.2211
PAEL,2022-04-28,pivot,17.68,3.92,0.62,0.749,0.749,0.129,2.29,uptrend,-0.1481,-0.1642,-0.1273,0.0053,-0.2086
PAEL,2022-08-25,pivot,16.24,0.43,0.697,0.758,0.758,0.061,0.25,uptrend,0.0103,0.0042,-0.0618,0.0455,-0.0939
PAEL,2022-08-29,pivot,16.29,2.97,0.878,0.878,0.878,0.111,1.39,uptrend,-0.015,-0.0257,-0.0676,0.0323,-0.1053
PAEL,2022-09-13,pivot,16.17,0.12,0.714,0.714,0.714,0.0,0.32,uptrend,-0.0497,-0.0406,0.0333,0.103,-0.0939
PAKRI,2020-05-05,pivot,27.9,3.02,0.903,0.903,0.903,0.097,1.05,uptrend,-0.0584,-0.1342,-0.1456,0.0409,-0.1634
PAKRI,2020-08-28,pivot,25.69,0.73,0.88,0.88,0.88,0.12,0.05,uptrend,-0.0431,0.0815,0.0812,0.2308,-0.0538
PAKRI,2020-10-01,pivot,26.81,2.08,1.0,1.0,1.0,0.0,0.04,uptrend,0.0355,0.0056,-0.0452,0.0617,-0.1028
PAKRI,2020-10-16,pivot,26.53,1.26,0.724,0.724,0.724,0.048,0.16,uptrend,0.0154,-0.0903,-0.0561,0.0422,-0.1193
PAKRI,2020-12-07,pivot,26.12,0.45,0.714,0.714,0.714,0.0,0.63,uptrend,0.0109,0.006,0.0483,0.0861,-0.0236
PAKRI,2021-01-22,pivot,28.37,2.53,0.636,0.727,0.727,0.091,0.38,uptrend,-0.0584,-0.0431,-0.0852,,-0.1089
PAKRI,2021-04-06,pivot,26.83,0.31,0.61,0.837,0.837,0.228,0.45,uptrend,-0.039,-0.0708,-0.0747,-0.0136,-0.1648
PAKRI,2021-11-05,pivot,22.75,0.0,0.75,0.86,0.86,0.11,0.11,uptrend,-0.0396,-0.0383,-0.0227,0.0316,-0.1107
PAKRI,2023-10-19,pivot,6.22,0.37,0.917,0.917,0.917,0.0,0.53,uptrend,0.0253,0.0475,0.2136,0.25,-0.0158
PAKRI,2023-10-31,pivot,6.44,0.67,0.667,0.733,0.733,0.067,1.14,uptrend,0.0229,0.1435,0.1679,0.2061,-0.0183
PIAA,2020-09-01,pivot,4.75,2.88,0.826,0.826,0.826,0.0,0.56,uptrend,0.0764,0.0806,0.0083,0.2025,-0.0393
PIAA,2022-04-12,pivot,4.0,1.25,0.793,0.828,0.828,0.034,2.36,uptrend,-0.0566,-0.0613,-0.1816,-0.0094,-0.2193
PIAA,2022-04-21,pivot,3.93,0.85,0.667,0.8,0.8,0.133,0.43,uptrend,-0.0519,-0.1457,-0.1358,0.0148,-0.1901
PIAA,2022-08-04,pivot,3.48,0.29,0.909,0.909,0.909,0.091,1.41,uptrend,0.1061,0.3994,0.1369,0.6061,-0.0223
PIAA,2023-07-04,pivot,3.6,6.86,0.879,0.879,0.879,0.061,1.02,uptrend,0.038,-0.0163,0.0788,0.1223,-0.0245
PIAA,2023-12-27,pivot,6.42,3.38,0.898,0.898,0.898,0.068,0.34,uptrend,0.1664,0.4713,0.5228,0.8247,-0.0133
PIBTL,2023-06-15,pivot,4.25,2.28,0.667,0.733,0.733,0.067,0.87,uptrend,-0.1279,-0.0581,0.014,0.1465,-0.1581
PIL,2020-06-23,pivot,0.65,0.0,0.667,1.0,1.0,0.333,1.49,uptrend,-0.1125,-0.175,-0.05,0.175,-0.3625
PIL,2020-07-15,pivot,0.74,15.84,0.882,1.0,1.0,0.118,1.13,uptrend,-0.1013,-0.0127,-0.0633,0.1392,-0.2152
PIL,2020-07-17,pivot,0.74,4.98,0.818,0.818,0.818,0.182,0.41,uptrend,-0.0123,0.0123,0.037,0.1111,-0.2346
PIL,2020-09-28,pivot,1.2,8.08,0.714,0.714,0.714,0.071,0.15,uptrend,-0.3065,-0.2258,-0.0081,0.4516,-0.3548
PIL,2020-11-06,pivot,1.87,6.42,0.825,0.825,0.825,0.175,0.85,uptrend,-0.214,-0.2791,-0.2093,-0.0698,-0.3721
PIL,2021-01-27,pivot,1.33,2.26,0.556,0.889,0.889,0.333,2.53,uptrend,-0.0843,-0.0964,-0.0181,0.1024,-0.247
PIL,2021-07-07,pivot,1.55,1.08,0.636,0.909,0.909,0.273,0.08,uptrend,0.061,0.0061,-0.0549,0.1524,-0.0854
PIL,2021-07-15,pivot,1.65,2.83,0.714,0.714,0.714,0.286,0.1,uptrend,-0.069,-0.0747,-0.1092,0.0862,-0.1379
PIL,2022-11-04,pivot,0.88,2.27,0.692,1.0,1.0,0.308,0.83,uptrend,-0.0909,-0.1919,-0.1414,0.101,-0.2929
PIL,2023-05-02,pivot,0.69,18.84,1.0,1.0,1.0,0.0,0.46,uptrend,-0.1304,-0.1884,-0.058,-0.0145,-0.2899
PIL,2023-07-11,pivot,0.66,12.56,0.833,0.833,0.833,0.083,2.52,uptrend,,0.1286,0.1143,0.4,-0.3714
PIL,2023-07-20,pivot,0.58,5.17,0.769,1.0,1.0,0.231,3.02,uptrend,0.1765,0.2353,0.2353,0.4559,-0.1765
PIL,2023-07-26,pivot,0.72,1.39,0.9,1.0,1.0,0.1,0.66,uptrend,-0.0494,-0.0741,0.037,0.2222,-0.3086
PIL,2023-07-31,pivot,0.74,5.41,0.727,0.727,0.727,0.273,0.19,uptrend,-0.0741,0.0247,-0.0494,0.2222,-0.3086
PIL,2023-08-18,pivot,0.79,28.81,0.757,0.757,0.757,0.135,0.53,uptrend,-0.0968,-0.1183,-0.0538,,-0.3548
PIL,2023-08-28,pivot,0.8,25.0,0.625,0.917,0.917,0.292,0.8,uptrend,-0.0357,-0.1429,-0.119,0.1071,-0.2857
PIL,2023-09-19,pivot,0.68,11.33,0.583,0.917,0.917,0.333,0.67,uptrend,-0.0595,-0.0595,-0.0238,0.1071,-0.2262
PIL,2023-12-08,pivot,0.88,3.41,0.714,0.714,0.714,0.286,0.74,uptrend,,-0.0808,,0.1111,-0.2121
PIL,2023-12-14,pivot,0.87,5.75,0.706,0.824,0.824,0.118,0.13,uptrend,-0.0606,-0.0909,,0.1111,-0.2121
PIL,2023-12-27,pivot,0.87,10.0,1.0,1.0,1.0,0.0,0.89,uptrend,-0.0222,0.0889,0.0556,0.1778,-0.0667
PIOC,2020-06-22,pivot,62.13,3.31,0.674,0.901,0.901,0.227,0.61,uptrend,0.0042,0.0159,0.1377,0.1731,-0.033
PIOC,2020-08-26,pivot,88.91,1.27,0.731,0.884,0.884,0.153,0.71,uptrend,0.0675,0.0922,0.0695,0.1885,-0.0082
PIOC,2020-10-01,pivot,88.47,2.11,0.707,0.807,0.807,0.1,1.19,uptrend,0.0529,-0.0251,-0.0003,0.1418,-0.0584
PIOC,2022-01-05,pivot,91.49,1.09,0.714,0.726,0.726,0.011,0.81,uptrend,-0.0309,-0.1262,-0.0178,0.0027,-0.1382
PIOC,2022-04-01,pivot,78.6,5.21,0.802,0.802,0.802,0.12,0.87,uptrend,-0.1429,-0.0785,-0.225,-0.0309,-0.232
PIOC,2022-08-17,pivot,64.87,0.26,0.661,0.855,0.855,0.194,1.17,uptrend,-0.0479,0.0066,0.0204,0.0651,-0.0647
PIOC,2022-08-29,pivot,65.0,2.01,0.721,0.905,0.905,0.184,0.88,uptrend,0.0313,0.0288,0.0259,0.0851,-0.0822
PIOC,2022-10-21,pivot,72.96,2.53,0.701,0.761,0.761,0.06,0.45,uptrend,-0.0884,-0.0335,-0.0492,0.0208,-0.094
PIOC,2023-02-06,pivot,51.93,0.35,0.806,0.839,0.839,0.032,1.63,uptrend,0.091,0.0235,0.1139,0.149,-0.0263
PIOC,2023-08-02,pivot,94.19,4.45,0.808,0.909,0.909,0.102,1.04,uptrend,-0.0155,-0.0409,-0.1639,0.0299,-0.185
PIOC,2023-11-13,pivot,108.97,0.76,0.718,0.731,0.731,0.013,0.68,uptrend,-0.0836,-0.0579,0.0027,0.0365,-0.1079
PIOC,2023-12-21,pivot,108.56,0.42,0.83,0.83,0.83,0.17,0.13,uptrend,0.0127,0.0757,0.0142,0.1013,-0.1322
PKGP,2020-08-21,pivot,17.72,0.64,0.722,0.963,0.963,0.241,0.63,uptrend,0.1019,0.0518,0.1201,0.2039,-0.1041
PKGP,2020-09-09,pivot,16.59,1.97,0.738,0.738,0.738,0.006,0.11,uptrend,0.0256,0.0435,-0.0803,0.1483,-0.1221
PKGP,2020-09-16,pivot,18.13,0.74,0.8,0.8,0.8,0.2,0.05,uptrend,0.0119,-0.027,-0.0827,0.1135,-0.1486
PKGP,2020-12-17,pivot,18.47,0.52,0.759,0.759,0.759,0.0,0.43,uptrend,0.0536,0.1026,0.2589,0.4714,-0.0359
PKGP,2021-01-06,pivot,24.16,0.36,0.602,1.0,1.0,0.398,6.04,uptrend,-0.0259,0.132,0.1796,0.2215,-0.0868
PKGP,2021-01-20,pivot,26.77,1.32,0.565,0.928,0.928,0.362,4.68,uptrend,0.0037,0.033,-0.0337,0.0696,-0.0746
PKGP,2021-02-19,pivot,28.67,0.55,0.845,0.845,0.845,0.0,1.71,uptrend,-0.0254,-0.0237,-0.0698,-0.0028,-0.1406
PKGP,2021-02-24,pivot,27.77,4.4,0.749,0.749,0.749,0.026,0.24,uptrend,-0.0154,-0.0877,0.0439,0.0877,-0.1228
PKGP,2021-06-11,pivot,28.96,1.62,0.554,0.97,0.97,0.416,0.32,uptrend,-0.0522,-0.1108,-0.1742,0.0068,-0.1949
PKGP,2021-08-02,pivot,26.65,1.5,0.874,0.874,0.874,0.126,0.16,uptrend,-0.0189,-0.0389,-0.0916,-0.0033,-0.137
PKGP,2023-01-04,pivot,27.95,3.39,0.785,1.0,1.0,0.215,0.12,uptrend,0.0565,0.0247,-0.0032,0.1014,-1.0
PKGP,2023-04-12,pivot,30.0,4.34,0.852,0.852,0.852,0.148,0.53,uptrend,0.0319,0.1242,0.1523,0.2097,-0.0677
PKGP,2023-04-17,pivot,30.22,4.36,0.972,0.981,0.981,0.009,1.33,uptrend,-0.0322,0.1429,0.2798,0.2798,-0.066
PKGP,2023-05-25,pivot,38.78,4.06,0.749,0.749,0.749,0.233,0.02,uptrend,-0.0238,,0.0375,0.0745,-0.1213
PKGP,2023-06-19,pivot,39.56,1.26,0.585,1.0,1.0,0.415,0.47,uptrend,0.0375,0.039,0.0527,0.1152,
PKGP,2023-11-06,pivot,36.07,0.02,0.653,1.0,1.0,0.347,1.13,uptrend,0.1555,0.2829,0.2963,0.3347,-0.04
PKGP,2023-11-16,pivot,45.33,0.72,0.753,0.753,0.753,0.247,1.91,uptrend,-0.0121,0.0197,0.028,0.038,-0.0956
PKGP,2023-11-29,pivot,48.07,4.26,0.765,0.765,0.765,0.232,1.19,uptrend,-0.0024,0.0206,0.0204,0.0816,-0.0204
POL,2020-05-14,pivot,307.98,0.48,0.765,0.765,0.765,0.055,0.23,uptrend,0.0389,0.0878,0.1003,0.1572,0.0144
POL,2020-07-28,pivot,391.31,0.33,0.785,0.785,0.785,0.048,0.51,uptrend,0.0282,0.0333,0.0936,0.1187,-0.0073
POL,2021-08-24,pivot,394.53,0.36,0.783,0.783,0.783,0.212,0.34,uptrend,-0.0193,-0.041,-0.1032,0.0034,-0.117
POL,2022-01-17,pivot,383.25,0.07,0.684,0.866,0.866,0.182,1.6,uptrend,0.0042,0.0148,-0.0616,0.0355,-0.0639
POL,2022-01-21,pivot,386.31,0.34,0.572,0.762,0.762,0.191,0.37,uptrend,0.0026,-0.007,-0.0595,0.023,-0.0752
POL,2022-05-25,pivot,377.06,0.41,0.728,0.917,0.917,0.189,1.38,uptrend,0.0284,0.0241,0.0747,0.1013,-0.0124
POL,2022-08-29,pivot,424.29,1.6,0.761,0.761,0.761,0.239,0.86,uptrend,-0.0291,-0.1221,-0.2025,0.0051,-0.2071
POL,2022-12-06,pivot,413.38,0.09,0.739,0.755,0.755,0.016,1.36,uptrend,-0.0144,-0.0598,-0.026,0.0031,-0.0712
POL,2022-12-13,pivot,411.8,0.44,0.801,0.801,0.801,0.199,0.37,uptrend,-0.0483,0.0,-0.0002,0.0126,-0.0598
POL,2023-01-09,pivot,410.73,1.4,0.813,0.833,0.833,0.02,0.84,uptrend,-0.0248,-0.0331,0.0686,0.077,-0.0527
POL,2023-02-24,pivot,434.85,0.19,0.712,0.712,0.712,0.288,0.1,uptrend,0.0179,-0.0464,-0.1141,0.0317,-0.1179
POL,2023-08-10,pivot,440.65,0.38,0.651,0.793,0.793,0.142,0.52,uptrend,0.0076,0.0107,-0.0096,0.0276,-0.0317
POL,2023-12-15,pivot,446.24,0.28,0.734,0.748,0.748,0.014,0.69,uptrend,-0.0512,-0.0369,-0.0542,-0.0039,-0.1052
POWER,2020-05-06,pivot,6.36,0.1,0.714,0.714,0.714,0.286,0.31,uptrend,0.0339,-0.0524,-0.0586,0.077,-0.0801
POWER,2020-05-08,pivot,6.3,0.05,0.75,0.75,0.75,0.05,0.17,uptrend,0.0246,-0.0385,-0.0231,0.0754,-0.0815
POWER,2020-05-28,pivot,6.12,0.16,0.765,0.824,0.824,0.059,0.46,uptrend,-0.0398,0.0111,-0.0414,0.0303,-0.0621
POWER,2020-08-13,pivot,8.47,1.1,0.629,0.714,0.714,0.086,0.41,uptrend,0.016,0.0344,0.1294,0.2898,-0.0252
POWER,2020-09-29,pivot,8.71,0.15,0.705,0.886,0.886,0.182,0.44,uptrend,-0.1094,0.0186,0.1214,0.1652,-0.1466
POWER,2020-11-30,pivot,9.45,0.39,0.75,0.833,0.833,0.083,0.21,uptrend,-0.0187,0.0352,0.0031,0.0591,-0.0477
POWER,2020-12-08,pivot,9.38,0.43,0.571,0.738,0.738,0.167,1.09,uptrend,0.0051,-0.0523,0.0676,0.0779,-0.0584
POWER,2023-05-04,pivot,4.31,1.24,0.556,0.704,0.704,0.148,4.49,uptrend,-0.0706,-0.0706,-0.1148,-0.0066,-0.1479
POWER,2023-07-17,pivot,4.31,2.63,0.667,0.8,0.8,0.133,0.68,uptrend,-0.0115,-0.0046,-0.1011,0.0207,-0.1034
POWER,2023-12-20,pivot,5.27,1.39,0.8,0.8,0.8,0.15,0.51,uptrend,0.0768,0.0696,-0.0446,0.1429,-0.0875
PPL,2020-09-09,pivot,100.4,1.89,0.782,0.782,0.782,0.1,0.84,uptrend,-0.0197,-0.0511,-0.1371,0.0478,-0.1566
PPL,2021-06-08,pivot,92.17,0.17,0.789,0.789,0.789,0.008,0.48,uptrend,-0.0094,-0.0349,-0.0741,0.0188,-0.0889
PPL,2023-02-02,pivot,74.87,2.76,0.797,0.797,0.797,0.203,1.26,uptrend,0.1032,-0.0091,-0.1716,0.1316,-0.2045
PPL,2023-11-14,pivot,81.65,0.73,0.705,0.867,0.867,0.161,1.15,uptrend,0.0665,0.1117,0.3712,0.382,-0.0042
PREMA,2020-09-01,pivot,18.68,0.04,0.868,0.868,0.868,0.0,0.45,uptrend,0.1165,0.1501,0.1333,0.2856,-0.0026
PREMA,2022-02-14,pivot,25.7,0.78,0.92,0.92,0.92,0.08,1.11,uptrend,0.0215,-0.0192,-0.1388,0.0827,-0.1535
PREMA,2022-08-25,pivot,21.42,4.3,0.909,0.909,0.909,0.0,0.23,uptrend,0.0727,0.0698,0.0214,0.1116,-0.0143
PREMA,2022-09-06,pivot,22.37,1.36,0.785,0.785,0.785,0.215,0.28,uptrend,-0.0404,-0.0652,-0.0543,-0.0004,-0.0917
PREMA,2022-09-23,pivot,21.47,2.17,0.7,1.0,1.0,0.3,0.3,uptrend,0.0349,0.046,0.1386,0.2047,-0.0284
PREMA,2023-07-04,pivot,17.14,4.24,0.755,0.755,0.755,0.029,2.72,uptrend,0.064,-0.0343,-0.0191,0.0843,-0.059
PREMA,2023-07-11,pivot,17.8,1.33,0.618,0.958,0.958,0.34,2.98,uptrend,-0.0953,-0.0684,-0.1237,0.0158,-0.1311
PRL,2021-02-08,pivot,27.69,0.25,0.675,0.732,0.732,0.057,0.77,uptrend,-0.0662,-0.0666,-0.0964,0.0381,-0.1539
PRL,2022-01-20,pivot,13.67,0.88,0.624,0.847,0.847,0.224,0.66,uptrend,-0.0201,0.0021,-0.059,0.0521,-0.0806
PRL,2022-08-29,pivot,18.76,1.92,0.725,0.725,0.725,0.15,0.56,uptrend,-0.0672,-0.076,-0.0969,0.0198,-0.162
PRL,2023-08-17,pivot,15.89,0.57,0.646,0.919,0.919,0.273,0.87,uptrend,-0.0709,-0.193,-0.1543,0.0143,-0.2049
PRL,2023-10-16,pivot,15.93,0.38,0.705,0.754,0.754,0.049,1.2,uptrend,0.1019,0.1711,0.4351,0.4618,-0.0243
PSMC,2020-12-17,pivot,219.06,0.49,0.833,0.87,0.87,0.037,0.89,uptrend,-0.0158,0.0664,-0.014,0.1071,-0.0826
PSMC,2021-01-12,pivot,223.6,0.2,0.626,0.788,0.788,0.163,0.51,uptrend,-0.058,-0.0663,0.1643,0.1823,-0.0819
PSMC,2021-03-01,pivot,262.15,2.92,0.785,0.903,0.903,0.119,0.34,uptrend,-0.0527,-0.018,0.0926,0.1296,-0.1481
PSMC,2021-04-06,pivot,295.13,1.4,0.638,0.833,0.833,0.195,1.23,uptrend,-0.0183,0.0996,-0.2045,0.1185,-0.2266
PSMC,2022-07-07,pivot,200.21,0.11,0.667,0.803,0.803,0.137,0.21,uptrend,-0.1035,-0.1211,-0.0231,0.0148,-0.2511
PSMC,2023-11-14,pivot,441.35,5.51,0.743,0.743,0.743,0.257,0.74,uptrend,0.0376,0.1726,0.2475,0.2919,-0.0457
PSO,2020-07-21,pivot,169.83,0.6,0.569,0.832,0.832,0.262,2.59,uptrend,-0.0065,0.0353,0.0853,0.1177,-0.0185
PSO,2020-09-14,pivot,201.19,1.04,0.596,0.797,0.797,0.201,1.66,uptrend,-0.0225,-0.0314,-0.0146,0.0115,-0.0933
PSO,2020-10-01,pivot,196.92,0.72,0.776,0.776,0.776,0.167,0.49,uptrend,0.0272,0.0141,-0.0295,0.0771,-0.0636
PSO,2021-01-05,pivot,241.73,1.85,0.722,0.722,0.722,0.102,1.55,uptrend,-0.0351,-0.0413,0.0289,0.0472,-0.0592
PSO,2022-01-17,pivot,184.85,0.79,0.73,0.73,0.73,0.27,0.41,uptrend,-0.0101,0.0046,-0.0198,0.0642,-0.0534
PSO,2022-08-17,pivot,187.42,1.02,0.771,0.771,0.771,0.086,0.35,uptrend,-0.0272,-0.1088,-0.1136,0.0026,-0.1366
PSO,2023-08-23,pivot,119.97,2.8,0.638,0.882,0.882,0.243,2.02,uptrend,-0.0632,-0.0803,-0.0385,0.001,-0.1276
PSO,2023-10-24,pivot,132.0,0.23,0.737,0.874,0.874,0.137,1.89,uptrend,0.0396,0.0268,0.3038,0.323,-0.0037
PSO,2023-11-14,pivot,144.42,2.22,0.864,0.864,0.864,0.033,0.86,uptrend,0.1386,0.1901,0.4329,0.483,-0.0129
PTC,2023-02-10,pivot,6.44,1.35,0.8,0.84,0.84,0.04,1.02,uptrend,-0.0803,-0.1,-0.1091,0.0576,-0.1576
PTC,2023-12-29,pivot,11.43,1.57,0.675,0.817,0.817,0.142,0.44,uptrend,0.0586,0.0153,-0.0032,0.159,-0.0522
PTL,2022-08-02,pivot,32.03,1.64,0.729,0.789,0.789,0.06,2.35,uptrend,-0.0102,-0.0179,0.0236,0.069,-0.1042
PTL,2023-03-28,pivot,18.87,0.88,0.967,1.0,1.0,0.033,0.11,uptrend,-0.0126,0.0358,0.0526,0.0779,-0.0521
PTL,2023-03-30,pivot,18.73,1.25,0.861,0.861,0.861,0.125,0.27,uptrend,0.0151,0.0317,0.0421,0.0656,-0.063
PTL,2023-04-04,pivot,18.59,3.12,0.758,0.758,0.758,0.242,0.2,uptrend,0.0358,0.0537,0.0863,0.1132,-0.0132
PTL,2023-04-20,pivot,19.85,0.52,0.614,0.727,0.727,0.114,0.04,uptrend,-0.0079,0.0317,0.0347,0.0847,-0.055
PTL,2023-05-09,pivot,20.44,1.4,0.662,0.721,0.721,0.059,0.12,uptrend,0.0082,-0.0034,0.0187,0.0514,-0.084
QUICE,2020-04-21,pivot,2.91,2.86,0.867,0.867,0.867,0.133,0.19,uptrend,0.0638,0.094,0.1812,0.2416,-0.0604
QUICE,2022-06-06,pivot,4.31,1.47,0.714,0.714,0.714,0.286,1.22,uptrend,-0.1283,-0.1304,-0.2174,-0.0196,-0.2326
QUICE,2023-07-26,pivot,3.94,6.09,0.658,0.763,0.763,0.105,0.81,uptrend,-0.0319,-0.0613,-0.0907,0.0098,-0.1005
RPL,2020-09-07,pivot,28.88,0.27,0.649,0.857,0.857,0.208,0.73,uptrend,0.1999,0.3003,0.0558,0.42,-0.0196
RPL,2020-10-29,pivot,36.17,2.94,0.84,0.845,0.845,0.004,2.03,uptrend,0.0045,-0.0408,-0.0883,0.0624,-0.1464
RPL,2020-12-11,pivot,37.12,1.13,0.556,0.711,0.711,0.156,3.79,uptrend,0.1564,0.1049,0.1564,0.2208,-0.0104
RPL,2021-01-07,pivot,42.15,5.91,0.811,0.944,0.944,0.133,0.96,uptrend,0.0143,-0.0005,0.0134,0.0719,-0.0637
RPL,2021-01-19,pivot,41.88,0.64,0.597,0.832,0.832,0.235,0.63,uptrend,-0.0192,-0.0407,-0.1685,0.0348,-0.1963
RPL,2021-07-16,pivot,34.25,0.08,0.782,0.872,0.872,0.09,0.18,uptrend,-0.064,-0.0626,-0.1191,,-0.1429
RPL,2021-07-29,pivot,32.47,2.84,0.655,0.869,0.869,0.214,0.5,uptrend,-0.0297,-0.0621,-0.087,0.0121,-0.0909
RPL,2022-04-12,pivot,18.65,0.8,0.886,0.886,0.886,0.057,3.06,uptrend,-0.0486,-0.0368,-0.1662,0.023,-0.2225
RPL,2023-03-22,pivot,11.25,2.19,0.714,0.743,0.743,0.029,1.15,uptrend,-0.0427,-0.0094,0.0256,0.0504,-0.0949
RPL,2023-03-29,pivot,11.06,1.45,0.84,0.92,0.92,0.08,0.07,uptrend,,0.0556,0.0224,0.1256,-0.0502
RPL,2023-03-30,pivot,10.97,2.37,0.559,0.721,0.721,0.162,0.23,uptrend,0.0176,0.0219,-0.0061,0.1018,-0.0702
RPL,2023-08-04,pivot,12.39,3.12,0.636,0.909,0.909,0.273,0.34,uptrend,-0.0367,-0.0757,-0.1004,0.012,-0.145
RPL,2023-08-08,pivot,12.05,0.03,0.738,0.738,0.738,0.262,0.64,uptrend,-0.0425,-0.0585,-0.097,0.0144,-0.1395
RPL,2023-11-14,pivot,14.54,3.49,0.817,0.849,0.849,0.032,0.54,uptrend,-0.0134,0.004,0.137,0.1664,-0.0341
SAZEW,2020-06-05,pivot,110.41,0.65,0.718,0.718,0.718,0.003,0.62,uptrend,0.2716,0.0701,0.0667,0.3208,-0.0415
SAZEW,2020-06-15,pivot,143.85,5.31,0.775,0.775,0.775,0.043,2.0,uptrend,-0.1621,-0.1898,-0.1145,-0.0017,-0.2661
SAZEW,2020-08-06,pivot,167.15,1.29,0.741,0.741,0.741,0.115,0.91,uptrend,0.0056,-0.0248,0.0557,0.1064,-0.0472
SBL,2020-12-07,pivot,7.5,0.0,0.842,0.842,0.842,0.158,0.14,uptrend,-0.0355,-0.1704,-0.1243,0.0237,-0.1728
SBL,2021-09-28,pivot,10.47,4.46,0.96,0.96,0.96,0.04,0.01,uptrend,-0.0124,-0.0943,0.0552,0.1429,-0.119
SBL,2021-11-12,pivot,11.19,3.9,0.965,0.965,0.965,0.035,0.07,uptrend,0.0042,-0.0345,0.0513,0.1354,-0.1379
SEARL,2020-06-29,pivot,195.8,0.4,0.798,0.876,0.876,0.078,0.23,uptrend,0.0931,0.0982,0.1424,0.1875,-0.008
SEARL,2020-09-24,pivot,264.99,1.83,0.569,0.817,0.817,0.247,2.25,uptrend,-0.0611,-0.0487,-0.0307,0.013,-0.1584
SHEL,2020-07-24,pivot,228.33,4.44,0.692,0.744,0.744,0.053,1.58,uptrend,0.0499,-0.0119,0.1023,0.1023,-0.0566
SHEL,2020-09-24,pivot,240.2,0.5,0.572,0.771,0.771,0.199,0.4,uptrend,-0.0176,-0.0787,0.0194,0.0821,-0.1543
SHEL,2023-06-16,pivot,95.86,0.69,0.994,1.0,1.0,0.006,4.92,uptrend,0.101,0.1392,0.1617,0.2062,0.0189
SHEL,2023-07-10,pivot,116.58,5.6,0.729,0.751,0.751,0.022,0.49,uptrend,-0.0488,0.1242,0.1325,0.3001,-0.1062
SHEL,2023-09-06,pivot,133.05,0.41,0.693,0.804,0.804,0.111,0.17,uptrend,0.03,0.0192,0.0694,0.0955,-0.0197
SILK,2021-04-26,pivot,1.27,5.51,0.65,0.95,0.95,0.3,2.26,uptrend,-0.0571,-0.0286,0.2143,0.2714,-0.1071
SILK,2022-01-31,pivot,1.27,2.36,0.733,0.933,0.933,0.2,0.92,uptrend,-0.0216,-0.0576,-0.1295,0.0576,-0.1727
SILK,2022-04-12,pivot,1.18,0.28,0.8,0.8,0.8,0.2,1.29,uptrend,-0.1016,-0.1406,-0.2031,0.0078,-0.2188
SMBL,2020-07-21,pivot,1.42,1.41,0.8,0.8,0.8,0.2,1.05,uptrend,0.0867,0.0733,0.1067,0.18,-0.0667
SMBL,2020-07-27,pivot,1.58,3.16,0.737,0.737,0.737,0.105,0.6,uptrend,-0.0698,-0.0407,-0.0291,0.0349,-0.1337
SMBL,2020-09-17,pivot,2.09,11.34,0.733,0.733,0.733,0.133,3.74,uptrend,-0.0651,-0.1581,-0.1628,0.014,-0.3116
SMBL,2020-10-29,pivot,1.75,0.19,0.882,0.882,0.882,0.0,4.55,uptrend,0.0677,0.0938,0.0417,0.1354,-0.0469
SMBL,2021-06-25,pivot,2.42,5.09,0.778,0.778,0.778,0.056,0.72,uptrend,-0.0565,0.0081,-0.0887,0.0685,-0.1613
SMBL,2021-07-09,pivot,2.4,0.28,0.786,0.786,0.786,0.214,0.3,uptrend,-0.087,-0.1067,0.1265,0.2964,-0.1779
SMBL,2021-07-19,pivot,2.27,0.29,0.6,0.8,0.8,0.2,0.58,uptrend,-0.0871,0.0166,0.1743,0.361,-0.1245
SMBL,2022-01-24,pivot,2.65,0.13,0.667,0.867,0.867,0.2,0.15,uptrend,-0.025,-0.0607,-0.0714,0.0357,-0.1071
SMBL,2022-12-02,pivot,1.62,12.78,0.714,0.714,0.714,0.029,1.24,uptrend,-0.0057,0.0455,-0.0341,0.3068,-0.3011
SMBL,2022-12-15,pivot,1.9,1.93,0.7,0.9,0.9,0.2,2.71,uptrend,-0.1408,-0.1408,-0.1262,-0.0097,-0.4029
SMBL,2022-12-26,pivot,1.7,27.65,0.627,0.806,0.806,0.179,0.19,uptrend,-0.0526,-0.1,0.1053,0.3211,-0.1895
SMBL,2023-03-02,pivot,2.09,1.28,0.643,0.857,0.857,0.214,0.79,uptrend,-0.1136,-0.1182,-0.1364,,-0.1909
SMBL,2023-05-23,pivot,1.97,3.9,0.733,0.733,0.733,0.267,0.07,uptrend,-0.0686,-0.0833,-0.1569,-0.0098,-0.1765
SMBL,2023-07-27,pivot,1.91,5.07,0.571,0.714,0.714,0.143,1.12,uptrend,-0.041,0.041,-0.0359,0.1897,-0.2308
SMBL,2023-09-08,pivot,1.9,5.26,0.643,0.857,0.857,0.214,0.05,uptrend,-0.0206,-0.0155,-0.0464,0.0567,-0.1082
SNBL,2020-11-26,pivot,9.72,0.75,0.824,0.824,0.824,0.059,0.04,uptrend,0.0173,0.0092,0.0143,0.0692,-0.0316
SNBL,2020-11-27,pivot,9.69,1.82,0.865,0.919,0.919,0.054,0.06,uptrend,0.0111,0.002,0.0071,0.0628,-0.0253
SNBL,2021-01-22,pivot,10.68,1.65,0.7,0.9,0.9,0.2,0.19,uptrend,-0.0352,-0.0509,-0.0426,0.0046,-0.0731
SNBL,2021-06-10,pivot,9.05,0.41,0.643,1.0,1.0,0.357,0.06,uptrend,-0.0044,,0.0186,0.0929,-0.0164
SNBL,2021-06-14,pivot,9.13,1.46,0.864,0.864,0.864,0.0,2.89,uptrend,-0.0022,-0.0022,0.0033,0.0846,-0.0239
SNBL,2021-06-28,pivot,9.08,0.26,1.0,1.0,1.0,0.0,0.06,uptrend,0.0283,0.0054,,0.087,-0.0207
SNBL,2021-11-26,pivot,9.68,2.93,0.733,0.733,0.733,0.267,0.51,uptrend,-0.035,-0.035,-0.02,,-0.078
SNBL,2021-12-21,pivot,9.69,0.41,0.75,0.75,0.75,0.2,0.08,uptrend,-0.0142,0.0152,-0.0041,0.0244,-0.0355
SNBL,2022-03-01,pivot,10.24,0.36,0.655,0.966,0.966,0.31,0.09,uptrend,-0.021,0.0105,-0.1106,0.0181,-0.1706
SNBL,2022-03-04,pivot,10.47,3.85,0.849,0.868,0.868,0.019,0.07,uptrend,-0.0255,-0.1575,-0.1368,0.0075,-0.1792
SNBL,2022-09-14,pivot,9.69,3.85,0.933,0.967,0.967,0.033,0.06,uptrend,0.001,0.0114,0.0416,0.079,-0.0333
SNBL,2022-09-28,pivot,9.6,0.73,0.909,0.909,0.909,0.045,8.9,uptrend,-0.04,0.0277,0.0062,0.0769,-0.0462
SNBL,2022-10-26,pivot,9.95,1.51,0.571,1.0,1.0,0.429,0.07,uptrend,-0.0177,-0.0049,-0.0542,0.0345,-0.0926
SNBL,2022-11-03,pivot,9.91,1.99,0.95,1.0,1.0,0.05,0.01,uptrend,-0.0212,-0.0101,-0.0192,0.0595,-0.0908
SNBL,2023-02-15,pivot,9.65,1.04,0.778,0.778,0.778,0.222,0.27,uptrend,-0.1,-0.1,-0.013,,-0.186
SNBL,2023-03-16,pivot,9.86,2.64,1.0,1.0,1.0,0.0,0.82,uptrend,-0.0554,0.0072,0.0297,0.0646,-0.1385
SNBL,2023-07-06,pivot,9.51,1.65,0.815,0.815,0.815,0.169,8.37,uptrend,-0.025,-0.025,-0.032,0.088,-0.065
SNGP,2020-06-11,pivot,56.53,0.45,0.756,0.756,0.756,0.041,0.36,uptrend,-0.0617,-0.0757,0.0118,0.0157,-0.1009
SNGP,2021-06-21,pivot,46.84,2.01,0.551,0.839,0.839,0.288,1.01,uptrend,-0.0172,0.0203,0.0814,0.0814,-0.0359
SNGP,2022-08-19,pivot,34.12,0.21,0.8,0.84,0.84,0.04,0.21,uptrend,-0.0177,-0.02,-0.0385,0.0272,-0.0478
SNGP,2022-10-21,pivot,33.81,2.18,0.714,0.714,0.714,0.19,0.58,uptrend,-0.006,0.0708,0.1399,0.1583,-0.0245
SNGP,2023-02-08,pivot,42.6,1.81,0.773,0.889,0.889,0.116,1.43,uptrend,0.0014,-0.0421,-0.0764,0.1014,-0.14
SNGP,2023-06-19,pivot,41.33,2.02,0.667,0.813,0.813,0.147,2.22,uptrend,-0.0517,0.0236,0.0433,0.0648,-0.0835
SNGP,2023-12-20,pivot,70.05,1.49,0.861,0.861,0.861,0.092,1.09,uptrend,-0.0375,0.0518,-0.0144,0.0984,-0.1042
SPEL,2020-05-04,pivot,37.08,2.92,0.833,0.833,0.833,0.0,0.77,uptrend,-0.0073,0.178,0.2745,0.2906,-0.0323
SPEL,2020-05-28,pivot,45.82,0.49,0.957,0.957,0.957,0.043,0.01,uptrend,0.0055,0.0417,-0.0702,0.1464,-0.0957
SPEL,2021-04-30,pivot,38.64,1.66,0.779,0.863,0.863,0.084,0.27,uptrend,0.0508,0.0824,0.2182,0.2575,-0.067
SPEL,2021-06-28,pivot,43.17,3.28,0.921,0.921,0.921,0.079,0.43,uptrend,0.0121,0.0684,0.037,0.0928,-0.0049
SPEL,2021-07-07,pivot,44.19,0.43,0.79,0.79,0.79,0.21,0.26,uptrend,-0.0187,0.0082,,0.0556,-0.0333
SPEL,2022-08-04,pivot,14.51,0.05,0.8,0.95,0.95,0.15,1.72,uptrend,0.1027,0.0235,,0.1201,-0.0067
SPEL,2022-08-31,pivot,14.9,0.65,1.0,1.0,1.0,0.0,0.43,uptrend,-0.0013,-0.0113,-0.06,0.0333,-0.1013
SPEL,2023-02-27,pivot,10.21,2.02,0.78,0.78,0.78,0.22,0.44,uptrend,0.0619,0.1352,0.0971,0.181,-0.0276
SPEL,2023-04-03,pivot,11.04,1.24,0.714,0.886,0.886,0.171,0.48,uptrend,-0.0196,0.0018,0.016,0.0658,-0.0489
SPEL,2023-04-05,pivot,11.05,0.42,0.8,0.8,0.8,0.2,0.1,uptrend,-0.0338,0.0133,-0.0027,0.0658,-0.0489
SPEL,2023-04-26,pivot,11.23,4.75,0.556,0.736,0.736,0.181,0.15,uptrend,0.0096,-0.0158,-0.063,0.0499,-0.0806
SPEL,2023-10-24,pivot,12.52,3.97,0.615,0.949,0.949,0.333,1.96,uptrend,0.0078,0.0156,0.2836,0.2883,-0.0508
SPEL,2023-10-30,pivot,12.67,4.08,0.638,0.702,0.702,0.064,0.65,uptrend,-0.0046,0.0084,0.1803,0.2643,-0.0359
SPEL,2023-11-10,pivot,12.84,1.48,0.911,0.911,0.911,0.089,4.21,uptrend,0.1061,0.2061,0.2053,0.2634,-0.0076
SPEL,2023-11-28,pivot,15.49,2.15,0.806,0.806,0.806,0.139,0.15,uptrend,0.0277,-0.0155,-0.1476,0.0631,-0.1817
SPEL,2023-11-30,pivot,14.74,0.18,1.0,1.0,1.0,0.0,0.75,uptrend,0.04,-0.046,-0.11,0.1,-0.1533
SPWL,2020-07-30,pivot,16.81,1.88,0.804,0.902,0.902,0.098,0.34,uptrend,-0.0065,0.0271,0.1053,0.1088,-0.0088
SPWL,2021-02-22,pivot,15.88,0.8,0.64,0.96,0.96,0.32,1.01,uptrend,-0.0406,-0.065,0.0019,0.0094,-0.0956
SPWL,2021-03-26,pivot,16.44,2.7,0.56,0.73,0.73,0.17,1.17,uptrend,0.0318,0.0747,-0.1012,0.0935,-0.1171
SPWL,2021-06-28,pivot,17.28,0.14,0.708,0.708,0.708,0.208,0.15,uptrend,0.0526,0.0514,0.0126,0.0857,-0.0286
SPWL,2021-10-11,pivot,16.82,1.88,0.778,0.778,0.778,0.222,0.12,uptrend,-0.0265,-0.0077,0.1115,0.1611,-0.0555
SPWL,2021-11-08,pivot,18.9,0.53,0.833,0.833,0.833,0.028,1.48,uptrend,-0.1545,-0.1127,-0.107,0.0031,-0.167
SPWL,2021-12-15,pivot,17.2,0.19,0.792,0.792,0.792,0.208,0.79,uptrend,0.0689,0.0554,0.2333,0.2701,-0.0203
SPWL,2022-01-05,pivot,18.47,3.88,0.625,0.944,0.944,0.319,3.13,uptrend,0.1376,0.1464,0.0287,0.3418,-0.0193
SPWL,2022-03-30,pivot,21.62,2.82,0.725,0.739,0.739,0.014,0.87,uptrend,0.0364,0.0286,-0.029,0.0825,-0.0899
SPWL,2022-11-14,pivot,18.81,3.21,0.949,0.962,0.962,0.013,0.42,uptrend,-0.0021,-0.0037,-0.0032,0.0263,-0.01
SPWL,2023-04-07,pivot,20.71,0.55,0.656,0.844,0.844,0.188,0.85,uptrend,0.0038,-0.131,-0.131,0.0115,-0.163
SSGC,2020-06-12,pivot,13.77,1.57,0.6,0.72,0.72,0.12,0.39,uptrend,-0.0674,-0.0942,0.0304,0.0435,-0.1232
SSGC,2023-07-24,pivot,9.52,1.12,0.571,0.81,0.81,0.238,0.87,uptrend,0.0214,-0.0366,-0.0875,0.0549,-0.0895
SSGC,2023-10-06,pivot,9.19,0.29,0.583,0.833,0.833,0.25,1.19,uptrend,0.0862,0.1426,0.0904,0.2021,-0.0213
STCL,2020-11-23,pivot,17.54,3.06,0.75,0.75,0.75,0.25,0.27,uptrend,-0.0157,0.0545,0.1124,0.2556,-0.0281
STCL,2021-03-15,pivot,23.31,0.92,0.837,0.875,0.875,0.039,0.77,uptrend,-0.0292,-0.0767,-0.039,0.0397,-0.1157
STCL,2021-04-21,pivot,24.64,0.55,0.6,0.96,0.96,0.36,0.77,uptrend,0.0032,-0.0184,0.0908,0.14,-0.0776
STCL,2021-06-30,pivot,32.12,1.47,0.919,0.919,0.919,0.081,0.49,uptrend,-0.051,-0.0734,0.0122,0.0373,-0.0967
STCL,2021-07-05,pivot,33.24,0.71,0.571,0.743,0.743,0.171,0.58,uptrend,-0.0843,-0.0722,0.0009,0.0794,-0.1292
STCL,2023-03-27,pivot,8.67,1.81,0.909,0.909,0.909,0.0,0.07,uptrend,-0.0093,-0.0255,-0.0151,0.0731,-0.0429
STCL,2023-05-15,pivot,8.86,1.54,0.893,0.893,0.893,0.071,0.26,uptrend,-0.0511,-0.0611,-0.0222,0.0111,-0.0833
STCL,2023-07-14,pivot,9.16,1.78,0.6,0.92,0.92,0.32,0.2,uptrend,0.0568,0.0432,-0.0347,0.1432,-0.0453
STPL,2020-12-16,pivot,21.49,6.45,0.903,0.903,0.903,0.097,2.36,uptrend,-0.0912,-0.085,-0.1423,0.0209,-0.1704
STPL,2021-05-25,pivot,15.76,0.87,0.628,0.744,0.744,0.115,2.96,uptrend,0.0494,0.0732,0.0445,0.1323,-0.0293
STPL,2021-12-17,pivot,11.91,0.36,0.686,0.829,0.829,0.143,1.04,uptrend,-0.0294,-0.0318,-0.0064,0.0541,-0.0851
STPL,2022-04-08,pivot,12.1,0.63,0.611,0.722,0.722,0.111,0.44,uptrend,-0.0123,-0.0369,-0.1303,0.0648,-0.1598
STPL,2023-04-03,pivot,6.37,5.45,0.633,1.0,1.0,0.367,0.13,uptrend,0.0364,0.0759,0.0301,0.1788,-0.0237
STPL,2023-10-19,pivot,6.47,0.05,0.788,0.848,0.848,0.061,1.82,uptrend,0.0015,0.0779,0.1765,0.2485,-0.05
SYS,2020-09-22,pivot,295.42,1.84,0.79,0.79,0.79,0.21,0.29,uptrend,-0.0523,-0.1279,-0.0594,0.0435,-0.1538
SYS,2020-10-01,pivot,266.88,3.89,0.74,0.74,0.74,0.26,0.54,uptrend,0.0225,0.0122,0.0872,0.1501,-0.085
SYS,2020-10-29,pivot,296.21,2.37,0.582,0.745,0.745,0.163,1.12,uptrend,0.0096,0.1631,0.1944,0.2315,-0.0608
SYS,2020-12-22,pivot,396.89,6.27,0.702,0.702,0.702,0.146,0.75,uptrend,0.0351,0.0002,0.1016,0.1852,-0.037
SYS,2021-06-28,pivot,544.15,1.13,0.818,0.872,0.872,0.054,0.94,uptrend,0.0002,0.0143,0.137,0.1696,-0.0161
SYS,2021-07-07,pivot,555.97,0.89,0.873,0.873,0.873,0.127,0.21,uptrend,0.0362,0.1214,0.1189,0.1786,-0.0
SYS,2021-08-16,pivot,611.27,2.01,0.609,0.757,0.757,0.149,0.78,uptrend,0.0129,0.1632,0.2875,0.3424,-0.0113
SYS,2021-09-15,pivot,798.85,2.61,0.853,0.853,0.853,0.147,1.81,uptrend,-0.0965,-0.0814,-0.195,0.0027,-0.2048
SYS,2021-09-30,pivot,706.66,0.38,0.761,0.761,0.761,0.21,0.94,uptrend,-0.0403,-0.0837,-0.0628,0.0206,-0.1672
SYS,2021-11-18,pivot,804.76,2.44,0.72,0.72,0.72,0.183,1.2,uptrend,-0.0894,-0.1095,-0.0856,-0.0119,-0.1543
SYS,2022-01-17,pivot,775.31,0.69,0.762,0.773,0.773,0.012,1.47,uptrend,-0.0155,-0.0586,-0.1142,0.0153,-0.1252
SYS,2022-03-30,pivot,707.84,0.39,0.562,0.795,0.795,0.233,0.97,uptrend,-0.472,-0.4311,-0.4542,-0.4208,-0.5057
SYS,2022-08-05,pivot,357.19,1.73,0.893,0.893,0.893,0.006,0.63,uptrend,0.0012,0.0531,0.0982,0.1324,-0.0125
SYS,2022-09-22,pivot,380.04,1.33,0.57,0.837,0.837,0.267,0.65,uptrend,-0.0398,0.0666,0.1075,0.1661,-0.0488
SYS,2022-10-21,pivot,424.27,0.53,0.709,0.769,0.769,0.061,0.39,uptrend,0.0052,0.033,0.0794,0.0858,-0.0175
TELE,2020-06-22,pivot,1.29,3.35,0.7,0.9,0.9,0.2,0.31,uptrend,-0.037,-0.037,-0.037,0.0519,-0.1111
TELE,2020-09-01,pivot,1.31,0.76,0.636,0.909,0.909,0.273,0.74,uptrend,0.078,0.2837,0.2837,0.7305,-0.0142
TELE,2020-09-29,pivot,1.73,0.39,0.818,0.818,0.818,0.091,0.04,uptrend,-0.1967,-0.2131,-0.0656,0.0656,-0.2623
TELE,2021-04-15,pivot,11.45,0.52,0.925,0.925,0.925,0.075,4.3,uptrend,0.1976,0.2675,0.3245,0.4418,-0.0522
TELE,2021-09-20,pivot,21.57,0.93,0.741,0.753,0.753,0.012,0.71,uptrend,-0.2723,-0.1364,-0.2642,0.0396,-0.3267
TELE,2022-01-20,pivot,16.7,0.42,0.596,0.86,0.86,0.265,1.32,uptrend,-0.0434,-0.03,-0.1051,0.045,-0.1329
TELE,2022-04-14,pivot,15.4,3.51,0.636,0.768,0.768,0.131,2.16,uptrend,-0.0688,-0.1767,-0.3091,,-0.4208
TELE,2022-04-20,pivot,14.49,1.95,0.678,0.828,0.828,0.149,0.66,uptrend,-0.0723,-0.2865,-0.2865,0.0391,-0.3912
TELE,2022-08-25,pivot,11.84,0.76,0.6,0.756,0.756,0.156,0.78,uptrend,-0.0697,-0.1098,-0.1303,0.0041,-0.1631
TGL,2020-10-02,pivot,86.87,0.2,0.593,0.719,0.719,0.126,0.96,uptrend,-0.0229,-0.059,-0.0584,0.0407,-0.1319
TGL,2021-03-01,pivot,104.43,0.77,0.762,0.762,0.762,0.238,0.47,uptrend,0.0074,0.0331,-0.2204,0.0894,-0.2364
TGL,2022-03-02,pivot,127.04,2.0,0.797,0.797,0.797,0.203,0.56,uptrend,-0.0522,-0.0072,-0.0018,0.0173,-0.0808
TGL,2023-07-04,pivot,72.27,1.07,0.553,0.885,0.885,0.332,3.72,uptrend,0.0944,0.0377,0.1835,0.2058,-0.0282
TGL,2023-08-17,pivot,86.74,1.31,0.575,0.751,0.751,0.175,0.85,uptrend,-0.0495,-0.1331,-0.103,0.0095,-0.1373
TGL,2023-12-20,pivot,96.47,3.6,0.667,0.848,0.848,0.181,0.67,uptrend,-0.0347,-0.0207,-0.0793,0.0222,-0.1105
THCCL,2020-04-22,pivot,9.4,1.63,0.736,0.736,0.736,0.014,0.52,uptrend,-0.0582,-0.0792,-0.0672,0.0181,-0.0963
THCCL,2020-05-04,pivot,9.47,1.23,0.933,0.933,0.933,0.0,0.46,uptrend,-0.0411,-0.0305,-0.0568,0.0316,-0.0621
THCCL,2020-05-06,pivot,9.27,1.15,0.933,0.933,0.933,0.067,0.59,uptrend,0.0204,0.0043,-0.0827,0.0526,-0.087
THCCL,2020-09-14,pivot,19.43,3.52,0.73,0.73,0.73,0.098,2.79,uptrend,0.0934,0.0198,0.1345,0.177,-0.1789
THCCL,2020-10-06,pivot,17.44,0.25,0.775,0.775,0.775,0.225,0.04,uptrend,0.344,0.294,0.1286,0.4198,-0.0099
THCCL,2020-10-16,pivot,23.65,2.55,0.724,0.724,0.724,0.134,0.69,uptrend,-0.05,-0.1788,-0.1796,-0.0078,-0.221
THCCL,2021-09-07,pivot,29.04,2.43,0.701,0.701,0.701,0.032,0.12,uptrend,-0.1191,-0.2518,-0.0926,-0.0134,-0.3876
THCCL,2022-08-25,pivot,14.67,0.41,0.706,0.706,0.706,0.294,0.16,uptrend,0.01,-0.008,-0.0074,0.0294,-0.0502
THCCL,2022-09-02,pivot,14.7,2.54,0.701,0.701,0.701,0.069,0.98,uptrend,-0.0211,-0.0132,-0.0184,0.0164,-0.0658
THCCL,2022-09-12,pivot,14.42,1.53,0.625,0.925,0.925,0.3,0.31,uptrend,-0.0287,-0.0073,-0.038,0.03,-0.052
THCCL,2022-09-22,pivot,14.57,0.46,0.971,0.971,0.971,0.029,0.4,uptrend,-0.0074,-0.0054,-0.0781,0.0404,-0.0909
THCCL,2023-05-12,pivot,11.51,0.84,0.946,1.0,1.0,0.054,0.02,uptrend,-0.0407,-0.0552,-0.0042,0.0552,-0.0781
THCCL,2023-07-10,pivot,11.76,0.06,0.625,0.875,0.875,0.25,0.25,uptrend,-0.0409,0.0025,0.0017,0.0792,-0.0651
THCCL,2023-11-13,pivot,16.7,0.0,0.8,0.8,0.8,0.0,1.32,uptrend,-0.0187,0.0158,0.0532,0.0994,-0.0345
THCCL,2023-12-12,pivot,17.75,0.26,0.829,0.829,0.829,0.0,2.34,uptrend,-0.0693,-0.0547,0.0596,0.1354,-0.1078
THCCL,2023-12-15,pivot,17.73,1.28,0.769,0.785,0.785,0.015,0.46,uptrend,-0.0193,0.0744,0.0722,0.1548,-0.0926
THCCL,2023-12-20,pivot,16.6,0.32,0.829,0.829,0.829,0.076,0.74,uptrend,0.008,0.0898,0.0562,0.1909,-0.0642
TOMCL,2020-12-23,pivot,27.9,4.47,0.914,0.914,0.914,0.086,0.29,uptrend,0.0631,0.0214,0.0089,0.0977,-0.0018
TOMCL,2021-08-10,pivot,37.79,1.17,0.766,0.766,0.766,0.048,0.32,uptrend,-0.0093,0.0314,0.0198,0.1186,-0.0619
TOMCL,2021-09-20,pivot,38.81,0.25,0.717,0.717,0.717,0.283,0.3,uptrend,-0.1086,-0.0884,-0.0922,0.005,-0.1647
TPL,2020-05-28,pivot,4.07,1.47,0.714,0.714,0.714,0.0,0.6,uptrend,-0.0699,0.0313,0.3229,0.4699,-0.0843
TPL,2020-06-12,pivot,4.12,0.0,0.692,0.846,0.846,0.154,0.78,uptrend,0.1271,0.2282,0.2729,0.4353,-0.0494
TPL,2020-07-22,pivot,6.88,2.81,0.638,0.793,0.793,0.155,1.72,uptrend,-0.1417,-0.1568,-0.0165,0.0935,-0.216
TPL,2020-11-23,pivot,7.22,7.25,0.8,0.8,0.8,0.2,0.69,uptrend,0.0151,0.0534,0.0397,0.0945,-0.0466
TPL,2021-07-16,pivot,23.8,2.0,0.606,0.83,0.83,0.225,1.04,uptrend,-0.0675,-0.0243,-0.1349,0.0188,-0.1922
TPL,2021-07-23,pivot,23.63,0.97,0.612,0.744,0.744,0.132,0.3,uptrend,-0.0883,-0.079,-0.1166,0.0522,-0.1657
TPL,2021-09-13,pivot,21.9,1.58,0.655,0.774,0.774,0.119,1.29,uptrend,0.0474,-0.043,-0.2381,0.1408,-0.2381
TPL,2022-12-15,pivot,7.63,0.39,0.75,0.75,0.75,0.125,1.85,uptrend,-0.1012,-0.13,-0.1238,-0.0125,-0.1687
TPLP,2020-04-24,pivot,4.43,7.29,0.898,0.898,0.898,0.102,1.92,uptrend,0.1362,0.0638,0.0191,0.2106,-0.0851
TPLP,2020-05-07,pivot,5.03,3.51,0.8,0.8,0.8,0.0,0.34,uptrend,0.0101,0.0061,0.1495,0.1616,-0.0909
TPLP,2020-07-24,pivot,6.6,1.26,0.604,0.979,0.979,0.375,0.48,uptrend,-0.03,,0.3557,0.4786,-0.0714
TPLP,2020-09-21,pivot,10.41,1.15,0.848,0.848,0.848,0.043,0.41,uptrend,-0.094,-0.1972,-0.1628,-0.0047,-0.2521
TPLP,2020-10-02,pivot,9.33,0.82,0.84,0.84,0.84,0.12,0.15,uptrend,-0.0305,-0.0526,-0.0979,0.0895,-0.1537
TPLP,2021-05-06,pivot,9.14,0.4,0.865,0.962,0.962,0.096,1.26,uptrend,0.0738,0.3139,0.9958,1.053,-0.0125
TPLP,2021-06-21,pivot,21.46,3.68,0.873,0.873,0.873,0.044,1.43,uptrend,0.3373,0.4972,0.5691,0.7516,0.0131
TPLT,2020-12-17,pivot,9.92,2.39,0.788,0.788,0.788,0.212,1.93,uptrend,-0.0206,0.002,-0.0216,0.0098,-0.0637
TPLT,2021-03-29,pivot,10.23,6.55,0.872,0.872,0.872,0.128,1.25,uptrend,-0.0086,0.001,0.0276,0.0943,-0.1057
TPLT,2021-07-23,pivot,20.67,0.68,0.734,0.734,0.734,0.0,0.39,uptrend,-0.0912,-0.1299,-0.1587,-0.0009,-0.1734
TPLT,2021-08-09,pivot,18.01,2.85,0.7,0.83,0.83,0.13,0.3,uptrend,-0.0243,-0.0514,-0.0243,0.0432,-0.1216
TPLT,2021-12-30,pivot,16.57,2.55,0.714,0.743,0.743,0.029,2.6,uptrend,-0.0773,-0.139,-0.2378,-0.0122,-0.2471
TPLT,2022-04-18,pivot,13.47,3.24,0.793,0.793,0.793,0.092,0.29,uptrend,-0.0432,-0.1367,-0.3094,0.0029,-0.3345
TPLT,2022-07-29,pivot,8.83,0.0,0.591,0.848,0.848,0.258,0.54,uptrend,-0.0411,-0.0148,-0.0516,0.0116,-0.0832
TPLT,2022-12-13,pivot,8.64,2.7,0.793,0.793,0.793,0.207,0.53,uptrend,0.0845,0.1313,0.1235,0.1902,-0.0323
TPLT,2023-01-03,pivot,9.94,3.35,0.661,1.0,1.0,0.339,0.01,uptrend,-0.0196,-0.1549,-0.098,0.0225,-0.1863
TPLT,2023-04-28,pivot,9.39,7.42,0.773,0.92,0.92,0.148,0.07,uptrend,-0.0773,-0.0899,-0.0355,0.0449,-1.0
TPLT,2023-10-26,pivot,8.14,1.68,1.0,1.0,1.0,0.0,0.58,uptrend,0.0194,-0.0012,-0.1018,0.0279,-0.1212
TPLT,2023-12-29,pivot,7.17,2.0,0.757,0.757,0.757,0.0,1.95,uptrend,-0.0799,-0.1388,-0.1695,0.0442,-0.2383
TREET,2020-05-04,pivot,16.58,1.71,0.818,0.818,0.818,0.073,0.39,uptrend,-0.0178,0.0688,0.0552,0.1395,-0.0362
TREET,2020-06-22,pivot,18.0,1.35,0.742,0.742,0.742,0.076,0.38,uptrend,-0.0282,0.0385,0.2058,0.2215,-0.0499
TREET,2020-11-02,pivot,27.01,5.17,0.812,0.812,0.812,0.188,0.37,uptrend,0.0579,-0.0196,0.0026,0.0882,-0.1052
TREET,2020-11-18,pivot,26.52,1.95,0.812,0.812,0.812,0.063,0.1,uptrend,-0.0455,0.0769,0.1668,0.2668,-0.0951
TREET,2021-07-30,pivot,54.92,3.5,0.721,0.759,0.759,0.038,0.98,uptrend,-0.0297,-0.0906,-0.0689,0.0369,-0.1336
TRG,2020-12-16,pivot,71.6,2.16,0.798,0.876,0.876,0.079,0.99,uptrend,-0.0208,0.227,0.2879,0.3275,-0.0537
TRG,2021-02-18,pivot,125.82,0.26,0.697,0.74,0.74,0.043,0.55,uptrend,0.1381,0.1106,0.0785,0.1944,-0.1321
TRG,2021-03-01,pivot,138.14,1.93,0.868,0.868,0.868,0.001,0.9,uptrend,0.0237,-0.0942,0.0886,0.1869,-0.2168
TRG,2022-08-29,pivot,92.05,3.02,0.823,0.823,0.823,0.046,0.66,uptrend,-0.0606,0.034,0.3618,0.3699,-0.0698
TRG,2022-10-27,pivot,107.86,3.99,0.553,0.843,0.843,0.29,0.9,uptrend,0.0388,0.1623,0.2548,0.2863,-0.0828
TRG,2022-11-28,pivot,145.04,2.37,0.647,0.805,0.805,0.159,0.66,uptrend,-0.0739,-0.0625,-0.2215,0.0065,-0.266
TRG,2023-02-21,pivot,110.29,1.84,0.637,0.924,0.924,0.287,2.14,uptrend,-0.0623,-0.0391,-0.0348,0.0104,-0.0907
TRG,2023-12-20,pivot,82.77,3.58,0.832,0.832,0.832,0.168,0.62,uptrend,-0.0763,-0.0147,-0.107,0.0161,-0.131
UBL,2020-08-13,pivot,120.19,0.83,0.647,0.827,0.827,0.18,0.28,uptrend,-0.0277,0.039,0.0599,0.0821,-0.04
UBL,2020-09-24,pivot,123.63,2.93,0.837,0.837,0.837,0.161,1.45,uptrend,-0.0584,-0.033,-0.0241,-0.0016,-0.0833
UBL,2021-05-28,pivot,127.25,0.2,0.716,0.716,0.716,0.09,1.61,uptrend,0.0038,0.0102,-0.0294,0.0223,-0.0315
UBL,2021-11-24,pivot,138.11,0.79,0.687,0.866,0.866,0.179,0.87,uptrend,0.0075,-0.0064,-0.0664,0.0286,-0.0688
UBL,2022-01-11,pivot,140.41,0.0,0.838,0.838,0.838,0.162,1.44,uptrend,-0.0135,-0.0199,-0.027,0.0036,-0.0312
UBL,2022-02-22,pivot,143.11,0.43,0.739,0.739,0.739,0.018,2.33,uptrend,0.019,-0.0109,-0.0467,0.035,-0.0493
UBL,2022-03-11,pivot,145.29,0.16,0.967,0.967,0.967,0.03,0.33,uptrend,-0.0585,-0.075,-0.0379,0.006,-0.1121
UBL,2022-08-17,pivot,119.78,0.43,0.803,0.803,0.803,0.071,0.17,uptrend,-0.0385,-0.0374,-0.0361,0.0021,-0.0689
UBL,2022-08-25,pivot,115.15,0.01,0.707,0.707,0.707,0.203,0.8,uptrend,-0.0069,-0.0184,-0.0191,0.0246,-0.0296
UBL,2022-08-29,pivot,115.78,1.34,0.733,0.823,0.823,0.09,0.93,uptrend,-0.0108,-0.0127,-0.0303,0.022,-0.0343
UBL,2022-09-01,pivot,115.21,0.18,0.771,0.771,0.771,0.229,0.19,uptrend,-0.0163,-0.0009,-0.0357,0.0268,-0.0387
UBL,2022-09-05,pivot,115.92,0.27,0.8,0.8,0.8,0.157,0.44,uptrend,-0.0043,0.0022,-0.0256,0.0308,-0.0376
UBL,2022-09-06,pivot,115.88,0.76,0.804,0.804,0.804,0.196,0.62,uptrend,0.0204,-0.0129,-0.0387,0.0264,-0.0417
UBL,2023-10-24,pivot,156.83,4.35,0.887,0.887,0.887,0.113,1.07,uptrend,0.0555,-0.0055,0.0353,0.0674,-0.0239
UBL,2023-11-15,pivot,156.21,0.77,0.714,0.714,0.714,0.01,0.56,uptrend,0.0326,0.1604,0.1406,0.206,-0.0201
UNITY,2020-08-04,pivot,12.19,2.76,0.561,0.765,0.765,0.204,1.73,uptrend,0.0257,0.0904,0.1723,0.191,-0.0522
UNITY,2021-06-18,pivot,44.17,3.55,0.751,0.751,0.751,0.249,2.22,uptrend,-0.0637,-0.0017,-0.0133,0.0225,-0.095
UNITY,2022-08-25,pivot,21.57,0.34,0.645,0.763,0.763,0.118,0.42,uptrend,0.0544,-0.022,-0.0108,0.0804,-0.0651
UNITY,2022-10-07,pivot,22.98,1.1,0.766,0.766,0.766,0.021,0.83,uptrend,-0.022,-0.0504,-0.1405,0.0388,-0.1698
UNITY,2023-07-04,pivot,16.8,4.4,0.845,1.0,1.0,0.155,1.51,uptrend,0.201,0.3095,0.5648,0.639,-0.0471
UNITY,2023-08-23,pivot,25.12,4.25,0.771,0.854,0.854,0.083,0.68,uptrend,-0.1087,-0.0894,-0.0832,0.0137,-0.1565
WAVES,2020-06-22,pivot,19.24,0.74,0.8,0.84,0.84,0.04,0.2,uptrend,0.0974,0.1765,0.3816,0.426,0.0056
WAVES,2020-07-24,pivot,25.17,1.09,0.725,0.725,0.725,0.025,0.25,uptrend,0.0502,0.0615,0.0428,0.1276,-0.0082
WAVES,2021-01-07,pivot,28.71,0.03,0.642,0.881,0.881,0.239,1.81,uptrend,-0.0326,-0.0084,-0.0735,0.0238,-0.0769
WAVES,2022-04-12,pivot,14.95,0.31,0.757,0.757,0.757,0.057,2.12,uptrend,-0.0026,-0.034,-0.1929,0.0571,-0.2179
WAVES,2022-08-17,pivot,13.64,1.0,0.571,0.857,0.857,0.286,1.52,uptrend,-0.1007,-0.138,-0.1683,-0.0387,-0.1725
WAVES,2023-07-21,pivot,7.54,6.72,0.69,0.701,0.701,0.011,0.48,uptrend,-0.038,-0.0506,-0.1861,0.019,-0.1886
WTL,2021-04-23,pivot,1.48,2.03,0.692,0.846,0.846,0.154,0.77,uptrend,-0.1139,0.0696,1.3228,1.5506,-0.1646
