sector,symbol,start,end,kind,outcome,horizon,excluded_insufficient_data,raw_pct_move,pct_of_measured_move,height_pct_of_price
COMMERCIAL BANKS,ABL,1000,1080,ascending,down,10,False,4.505229283990341,97.84256579089067,4.604569849097096
COMMERCIAL BANKS,ABL,1000,1080,ascending,down,20,False,6.999195494770719,152.0054147108482,4.604569849097096
COMMERCIAL BANKS,ABL,1000,1080,ascending,down,30,False,5.551086082059527,120.55601856377598,4.604569849097096
COMMERCIAL BANKS,ABL,1000,1080,ascending,down,60,False,4.5374094931617055,98.5414412608257,4.604569849097096
COMMERCIAL BANKS,ABL,1000,1080,ascending,down,90,False,16.71761866452132,363.06580663119826,4.604569849097096
COMMERCIAL BANKS,ABL,3640,3720,descending,sequential,10,False,-1.744186046511628,-109.17065089025355,1.597669366526919
COMMERCIAL BANKS,ABL,3640,3720,descending,sequential,20,False,-6.244186046511633,-390.83093018710804,1.597669366526919
COMMERCIAL BANKS,ABL,3640,3720,descending,sequential,30,False,-7.209302325581398,-451.23869034638153,1.597669366526919
COMMERCIAL BANKS,ABL,3640,3720,descending,sequential,60,False,-15.17441860465116,-949.7846627452055,1.597669366526919
COMMERCIAL BANKS,ABL,3640,3720,descending,sequential,90,False,-18.069767441860474,-1131.007943223027,1.597669366526919
PHARMACEUTICALS,ABOT,2520,2600,descending,sequential,10,False,2.477419354838712,132.72648887322055,1.8665598524233746
PHARMACEUTICALS,ABOT,2520,2600,descending,sequential,20,False,-3.9451612903225866,-211.36002069264168,1.8665598524233746
PHARMACEUTICALS,ABOT,2520,2600,descending,sequential,30,False,-5.9564516129032175,-319.1138824276057,1.8665598524233746
PHARMACEUTICALS,ABOT,2520,2600,descending,sequential,60,False,-4.853225806451618,-260.00911785125044,1.8665598524233746
PHARMACEUTICALS,ABOT,2520,2600,descending,sequential,90,False,-8.709677419354838,-466.6165624449156,1.8665598524233746
PHARMACEUTICALS,ABOT,3840,3920,ascending,down,10,False,-1.6754744970265265,-45.82387917636923,3.656334922187353
PHARMACEUTICALS,ABOT,3840,3920,ascending,down,20,False,-4.684706162832281,-128.12573964175357,3.656334922187353
PHARMACEUTICALS,ABOT,3840,3920,ascending,down,30,False,-0.08741606071442341,-2.3908110874626316,3.656334922187353
PHARMACEUTICALS,ABOT,3840,3920,ascending,down,60,False,-0.654295969589814,-17.894858745554696,3.656334922187353
PHARMACEUTICALS,ABOT,3840,3920,ascending,down,90,False,5.1337068383200215,140.40581477281216,3.656334922187353
CEMENT,ACPL,80,160,ascending,up,10,False,-1.8182274793440283,-34.45000020372131,5.277873638873367
CEMENT,ACPL,80,160,ascending,up,20,False,14.15587350944844,268.21167913505036,5.277873638873367
CEMENT,ACPL,80,160,ascending,up,30,False,8.506446214575506,161.17184299227222,5.277873638873367
CEMENT,ACPL,80,160,ascending,up,60,False,18.96125422080368,359.25934416366994,5.277873638873367
CEMENT,ACPL,80,160,ascending,up,90,False,16.55856386512606,313.7355116493602,5.277873638873367
CEMENT,ACPL,600,680,descending,down,10,False,-0.20048065987582253,-3.0019355694788556,6.678379839798711
CEMENT,ACPL,600,680,descending,down,20,False,3.5106156008160276,52.56687527557342,6.678379839798711
CEMENT,ACPL,600,680,descending,down,30,False,1.8055602085563116,27.03590169873794,6.678379839798711
CEMENT,ACPL,600,680,descending,down,60,False,-11.33394576619052,-169.71100832941138,6.678379839798711
CEMENT,ACPL,600,680,descending,down,90,False,10.762302582973785,161.15139960799482,6.678379839798711
CEMENT,ACPL,2440,2520,ascending,down,10,False,5.081973546010939,80.64816327186956,6.301412629670581
CEMENT,ACPL,2440,2520,ascending,down,20,False,3.8766238546553993,61.51991755629654,6.301412629670581
CEMENT,ACPL,2440,2520,ascending,down,30,False,4.09922396092617,65.05246048520497,6.301412629670581
CEMENT,ACPL,2440,2520,ascending,down,60,False,4.832259084948825,76.68533024160081,6.301412629670581
CEMENT,ACPL,2440,2520,ascending,down,90,False,8.247355803747457,130.88106252420744,6.301412629670581
CEMENT,ACPL,3720,3800,descending,up,10,False,1.6960791045800994,240.90390483048472,0.7040479919881617
CEMENT,ACPL,3720,3800,descending,up,20,False,1.2772093662020283,181.4094182124312,0.7040479919881617
CEMENT,ACPL,3720,3800,descending,up,30,False,5.582640939366885,792.934715089814,0.7040479919881617
CEMENT,ACPL,3720,3800,descending,up,60,False,25.24891849206895,3586.2496277801333,0.7040479919881617
CEMENT,ACPL,3720,3800,descending,up,90,False,16.947057611755824,2407.088409399339,0.7040479919881617
CEMENT,ACPL,3880,3960,ascending,down,10,False,3.7858076785926573,349.0796578282463,1.0845111119179982
CEMENT,ACPL,3880,3960,ascending,down,20,False,10.80470700106976,996.2744394532976,1.0845111119179982
CEMENT,ACPL,3880,3960,ascending,down,30,False,17.306549387852137,1595.7927215005536,1.0845111119179982
CEMENT,ACPL,3880,3960,ascending,down,60,False,16.010935457030786,1476.3274696849212,1.0845111119179982
CEMENT,ACPL,3880,3960,ascending,down,90,False,18.934981576132166,1745.9462948835028,1.0845111119179982
TEXTILE COMPOSITE,ADMM,160,240,symmetrical,down,10,False,4.166666666666666,192.00391085840698,2.170094686112602
TEXTILE COMPOSITE,ADMM,160,240,symmetrical,down,20,False,5.208333333333334,240.0048885730087,2.170094686112602
TEXTILE COMPOSITE,ADMM,160,240,symmetrical,down,30,False,-2.314814814814815,-106.66883936578164,2.170094686112602
TEXTILE COMPOSITE,ADMM,160,240,symmetrical,down,60,False,-27.384259259259245,-1261.8923696971965,2.170094686112602
TEXTILE COMPOSITE,ADMM,160,240,symmetrical,down,90,False,70.60185185185185,3253.3996006563407,2.170094686112602
TEXTILE COMPOSITE,ADMM,520,600,descending,down,10,False,6.376109765940279,120.76451537644617,5.279787482328498
TEXTILE COMPOSITE,ADMM,520,600,descending,down,20,False,-0.5649717514124202,-10.70065326120391,5.279787482328498
TEXTILE COMPOSITE,ADMM,520,600,descending,down,30,False,-1.2106537530266344,-22.929971274008746,5.279787482328498
TEXTILE COMPOSITE,ADMM,520,600,descending,down,60,False,7.3446327683615875,139.10849239565323,5.279787482328498
TEXTILE COMPOSITE,ADMM,520,600,descending,down,90,False,21.727199354318,411.5165511308771,5.279787482328498
TEXTILE COMPOSITE,ADMM,1960,2040,descending,up,10,False,16.240772288472456,335.93142731318693,4.834549842022157
TEXTILE COMPOSITE,ADMM,1960,2040,descending,up,20,False,35.74105621805792,739.2840571710485,4.834549842022157
TEXTILE COMPOSITE,ADMM,1960,2040,descending,up,30,False,40.01135718341852,827.6128800170335,4.834549842022157
TEXTILE COMPOSITE,ADMM,1960,2040,descending,up,60,False,28.847245883021017,596.6893883744722,4.834549842022157
TEXTILE COMPOSITE,ADMM,1960,2040,descending,up,90,False,2.2146507666098842,45.80883099725284,4.834549842022157
TEXTILE COMPOSITE,ADMM,2520,2600,ascending,down,10,False,4.115384615384608,59.9375332420475,6.866122766122738
TEXTILE COMPOSITE,ADMM,2520,2600,ascending,down,20,False,7.051282051282051,102.6967080471221,6.866122766122738
TEXTILE COMPOSITE,ADMM,2520,2600,ascending,down,30,False,0.9615384615384616,14.004096551880284,6.866122766122738
TEXTILE COMPOSITE,ADMM,2520,2600,ascending,down,60,False,6.730769230769231,98.028675863162,6.866122766122738
TEXTILE COMPOSITE,ADMM,2520,2600,ascending,down,90,False,2.307692307692304,33.60983172451263,6.866122766122738
ENGINEERING,AGHA,1200,1280,symmetrical,sequential,10,False,-7.097457627118644,-124.4604129111116,5.702582420474194
ENGINEERING,AGHA,1200,1280,symmetrical,sequential,20,False,-8.474576271186429,-148.60944825207335,5.702582420474194
ENGINEERING,AGHA,1200,1280,symmetrical,sequential,30,False,-18.644067796610166,-326.9407861545618,5.702582420474194
ENGINEERING,AGHA,1200,1280,symmetrical,sequential,60,False,-31.144067796610166,-546.1397223263702,5.702582420474194
ENGINEERING,AGHA,1200,1280,symmetrical,sequential,90,False,-15.254237288135588,-267.49700685373233,5.702582420474194
INSURANCE,AGIC,1280,1360,descending,up,10,False,4.895938388191073,66.28254555393517,7.386467051430863
INSURANCE,AGIC,1280,1360,descending,up,20,False,7.22624614162159,97.83088574424444,7.386467051430863
INSURANCE,AGIC,1280,1360,descending,up,30,False,20.512820512820507,277.70814341948335,7.386467051430863
INSURANCE,AGIC,1280,1360,descending,up,60,False,7.342379511628621,99.40313089471233,7.386467051430863
INSURANCE,AGIC,1280,1360,descending,up,90,False,5.012071758198103,67.85479070440304,7.386467051430863
INSURANCE,AGIC,1960,2040,symmetrical,up,10,False,3.144944505829783,95.43695081254762,3.295311175654513
INSURANCE,AGIC,1960,2040,symmetrical,up,20,False,18.23927634942362,553.4917759565132,3.295311175654513
INSURANCE,AGIC,1960,2040,symmetrical,up,30,False,13.207694971716947,400.802663775558,3.295311175654513
INSURANCE,AGIC,1960,2040,symmetrical,up,60,False,6.918218249583591,209.9412735493636,3.295311175654513
INSURANCE,AGIC,1960,2040,symmetrical,up,90,False,1.8870491614031,57.26467276730839,3.295311175654513
INSURANCE,AGIC,2520,2600,ascending,up,10,False,-4.704633887513259,-97.78743560617697,4.811082178758025
INSURANCE,AGIC,2520,2600,ascending,up,20,False,-6.261054120976299,-130.1381661826567,4.811082178758025
INSURANCE,AGIC,2520,2600,ascending,up,30,False,-0.7782101167315135,-16.175365288239735,4.811082178758025
INSURANCE,AGIC,2520,2600,ascending,up,60,False,-4.492394764768305,-93.37597234574801,4.811082178758025
INSURANCE,AGIC,2520,2600,ascending,up,90,False,-6.261054120976299,-130.1381661826567,4.811082178758025
AUTOMOBILE PARTS & ACCESSORIES,AGIL,1240,1320,descending,up,10,False,1.6020597911600696,50.00579851388925,3.2037480427696656
AUTOMOBILE PARTS & ACCESSORIES,AGIL,1240,1320,descending,up,20,False,7.366614218280655,229.9373770951151,3.2037480427696656
AUTOMOBILE PARTS & ACCESSORIES,AGIL,1240,1320,descending,up,30,False,8.02460306107853,250.47547291331927,3.2037480427696656
AUTOMOBILE PARTS & ACCESSORIES,AGIL,1240,1320,descending,up,60,False,-1.3016735803175463,-40.6297112925347,3.2037480427696656
AUTOMOBILE PARTS & ACCESSORIES,AGIL,1240,1320,descending,up,90,False,3.6904591617794282,115.19192871949436,3.2037480427696656
AUTOMOBILE PARTS & ACCESSORIES,AGIL,1400,1480,descending,down,10,False,3.170840124462884,232.6749002575233,1.3627770425402208
AUTOMOBILE PARTS & ACCESSORIES,AGIL,1400,1480,descending,down,20,False,-0.9631056452807908,-70.67228278850067,1.3627770425402208
AUTOMOBILE PARTS & ACCESSORIES,AGIL,1400,1480,descending,down,30,False,2.57815972736701,189.18426469536877,1.3627770425402208
AUTOMOBILE PARTS & ACCESSORIES,AGIL,1400,1480,descending,down,60,False,10.697881167580372,785.0059718968764,1.3627770425402208
AUTOMOBILE PARTS & ACCESSORIES,AGIL,1400,1480,descending,down,90,False,9.61623944288042,705.635561995946,1.3627770425402208
AUTOMOBILE PARTS & ACCESSORIES,AGIL,1520,1600,symmetrical,up,10,False,3.4461538461538384,54.92982051538991,6.273739498544903
AUTOMOBILE PARTS & ACCESSORIES,AGIL,1520,1600,symmetrical,up,20,False,17.461538461538453,278.32743877217706,6.273739498544903
AUTOMOBILE PARTS & ACCESSORIES,AGIL,1520,1600,symmetrical,up,30,False,36.523076923076914,582.1580084979282,6.273739498544903
AUTOMOBILE PARTS & ACCESSORIES,AGIL,1520,1600,symmetrical,up,60,False,31.23076923076923,497.80149842072217,6.273739498544903
AUTOMOBILE PARTS & ACCESSORIES,AGIL,1520,1600,symmetrical,up,90,False,60.215384615384615,959.8005245412348,6.273739498544903
AUTOMOBILE PARTS & ACCESSORIES,AGIL,1920,2000,symmetrical,down,10,False,-3.546099290780142,-90.164827110637,3.932907547672543
AUTOMOBILE PARTS & ACCESSORIES,AGIL,1920,2000,symmetrical,down,20,False,-0.8085106382978626,-20.55758058122499,3.932907547672543
AUTOMOBILE PARTS & ACCESSORIES,AGIL,1920,2000,symmetrical,down,30,False,-20.099290780141846,-511.0542400630906,3.932907547672543
AUTOMOBILE PARTS & ACCESSORIES,AGIL,1920,2000,symmetrical,down,60,False,-22.000000000000007,-559.3825873943922,3.932907547672543
AUTOMOBILE PARTS & ACCESSORIES,AGIL,1920,2000,symmetrical,down,90,False,-41.843971631205676,-1063.9449599055167,3.932907547672543
CHEMICAL,AGL,40,120,descending,sequential,10,False,-3.6812674743709186,-37.27032883680224,9.877206853983763
CHEMICAL,AGL,40,120,descending,sequential,20,False,-2.516309412861133,-25.475920977054685,9.877206853983763
CHEMICAL,AGL,40,120,descending,sequential,30,False,-10.857409133271194,-109.92388125284715,9.877206853983763
CHEMICAL,AGL,40,120,descending,sequential,60,False,-18.49953401677539,-187.29519681279118,9.877206853983763
CHEMICAL,AGL,40,120,descending,sequential,90,False,-3.541472506989739,-35.85499989363248,9.877206853983763
CHEMICAL,AGL,640,720,symmetrical,down,10,False,-5.545774647887331,-90.06527030887109,6.15750624948837
CHEMICAL,AGL,640,720,symmetrical,down,20,False,0.9683098591549246,15.725682117421835,6.15750624948837
CHEMICAL,AGL,640,720,symmetrical,down,30,False,1.4084507042253533,22.87371944352281,6.15750624948837
CHEMICAL,AGL,640,720,symmetrical,down,60,False,-1.2323943661971881,-20.01450451308252,6.15750624948837
CHEMICAL,AGL,640,720,symmetrical,down,90,False,-18.397887323943664,-298.78796023101637,6.15750624948837
CHEMICAL,AGL,2640,2720,symmetrical,sequential,10,False,-4.889975550122243,-146.3672249883181,3.3408951700167324
CHEMICAL,AGL,2640,2720,symmetrical,sequential,20,False,42.05378973105134,1258.758134899537,3.3408951700167324
CHEMICAL,AGL,2640,2720,symmetrical,sequential,30,False,44.25427872860637,1324.6233861442806,3.3408951700167324
CHEMICAL,AGL,2640,2720,symmetrical,sequential,60,False,66.25916870415648,1983.2758985917128,3.3408951700167324
CHEMICAL,AGL,2640,2720,symmetrical,sequential,90,False,30.073349633251844,900.1584336781576,3.3408951700167324
PHARMACEUTICALS,AGP,1840,1920,descending,up,10,False,9.358769476628035,281.68839973130366,3.3223836997033462
PHARMACEUTICALS,AGP,1840,1920,descending,up,20,False,6.052736715940873,182.18054454340472,3.3223836997033462
PHARMACEUTICALS,AGP,1840,1920,descending,up,30,False,21.274470635237712,640.3375575535509,3.3223836997033462
PHARMACEUTICALS,AGP,1840,1920,descending,up,60,False,-10.132840591290462,-304.9870667314921,3.3223836997033462
PHARMACEUTICALS,AGP,1840,1920,descending,up,90,False,-8.564722333200162,-257.7884768085306,3.3223836997033462
AUTOMOBILE ASSEMBLER,AGTL,1640,1720,descending,up,10,False,2.5081340889853254,41.4024656793717,6.057934105685338
AUTOMOBILE ASSEMBLER,AGTL,1640,1720,descending,up,20,False,6.473070854541385,106.85277755772292,6.057934105685338
AUTOMOBILE ASSEMBLER,AGTL,1640,1720,descending,up,30,False,1.572623422098542,25.95973139791407,6.057934105685338
AUTOMOBILE ASSEMBLER,AGTL,1640,1720,descending,up,60,False,0.34752800645597387,5.736741278348021,6.057934105685338
AUTOMOBILE ASSEMBLER,AGTL,1640,1720,descending,up,90,False,-6.446302516421092,-106.41090516932614,6.057934105685338
AUTOMOBILE ASSEMBLER,AGTL,3680,3760,descending,sequential,10,False,0.419576315943902,11.733206786913748,3.575973078492598
AUTOMOBILE ASSEMBLER,AGTL,3680,3760,descending,sequential,20,False,-5.284314300803941,-147.7727651974234,3.575973078492598
AUTOMOBILE ASSEMBLER,AGTL,3680,3760,descending,sequential,30,False,-2.8343407077049543,-79.26068360950109,3.575973078492598
AUTOMOBILE ASSEMBLER,AGTL,3680,3760,descending,sequential,60,False,-6.8775306613461655,-192.32613082885098,3.575973078492598
AUTOMOBILE ASSEMBLER,AGTL,3680,3760,descending,sequential,90,False,-11.495804236840563,-321.4734558820129,3.575973078492598
AUTOMOBILE ASSEMBLER,AGTL,4480,4560,descending,sequential,10,False,1.8053445348109758,79.7021326157946,2.2651144650214916
AUTOMOBILE ASSEMBLER,AGTL,4480,4560,descending,sequential,20,False,-8.115113057467157,-358.26503175812616,2.2651144650214916
AUTOMOBILE ASSEMBLER,AGTL,4480,4560,descending,sequential,30,False,-12.804242261745156,-565.2801418856184,2.2651144650214916
AUTOMOBILE ASSEMBLER,AGTL,4480,4560,descending,sequential,60,False,-27.06229332380015,-1194.7428592110193,2.2651144650214916
AUTOMOBILE ASSEMBLER,AGTL,4480,4560,descending,sequential,90,False,-68.09068430303572,-3006.05931199109,2.2651144650214916
FERTILIZER,AHCL,3240,3320,descending,down,10,False,6.24024960998439,220.3445595674086,2.8320416089399063
FERTILIZER,AHCL,3240,3320,descending,down,20,False,6.14664586583463,217.03939117389774,2.8320416089399063
FERTILIZER,AHCL,3240,3320,descending,down,30,False,5.397815912636497,190.59804402580843,2.8320416089399063
FERTILIZER,AHCL,3240,3320,descending,down,60,False,10.015600624024954,353.6530181056911,2.8320416089399063
FERTILIZER,AHCL,3240,3320,descending,down,90,False,6.396255850234001,225.8531735565939,2.8320416089399063
INSURANCE,AICL,1800,1880,ascending,sequential,10,False,6.271777003484331,185.28115457806518,3.3850053545741594
INSURANCE,AICL,1800,1880,ascending,sequential,20,False,2.3954703832752697,70.76710765134446,3.3850053545741594
INSURANCE,AICL,1800,1880,ascending,sequential,30,False,-4.48606271777002,-132.52749251069872,3.3850053545741594
INSURANCE,AICL,1800,1880,ascending,sequential,60,False,2.8890824622532074,85.34942074313675,3.3850053545741594
INSURANCE,AICL,1800,1880,ascending,sequential,90,False,3.9634146341463476,117.0873962958606,3.3850053545741594
INSURANCE,AICL,3800,3880,descending,up,10,False,2.8169014084506925,181.06027792613605,1.5557810032744197
INSURANCE,AICL,3800,3880,descending,up,20,False,1.0904134484325236,70.08784951979443,1.5557810032744197
INSURANCE,AICL,3800,3880,descending,up,30,False,-4.588823262153573,-294.95303339580397,1.5557810032744197
INSURANCE,AICL,3800,3880,descending,up,60,False,-5.883689232167204,-378.1823547005604,1.5557810032744197
INSURANCE,AICL,3800,3880,descending,up,90,False,-9.086778736937754,-584.0654126649574,1.5557810032744197
INSURANCE,AICL,3920,4000,ascending,down,10,False,-3.404791929382097,-65.4625728671451,5.201127576045705
INSURANCE,AICL,3920,4000,ascending,down,20,False,-3.5308953341740197,-67.88711260296515,5.201127576045705
INSURANCE,AICL,3920,4000,ascending,down,30,False,-1.1349306431273716,-21.820857622381816,5.201127576045705
INSURANCE,AICL,3920,4000,ascending,down,60,False,5.195460277427479,99.89103711579143,5.201127576045705
INSURANCE,AICL,3920,4000,ascending,down,90,False,7.793190416141227,149.83655567368731,5.201127576045705
TECHNOLOGY & COMMUNICATION,AIRLINK,160,240,descending,down,10,False,4.462762933484935,65.50163366233002,6.813208593378136
TECHNOLOGY & COMMUNICATION,AIRLINK,160,240,descending,down,20,False,-3.63843092666288,-53.40260578839649,6.813208593378136
TECHNOLOGY & COMMUNICATION,AIRLINK,160,240,descending,down,30,False,-3.6668561682774277,-53.819813646118256,6.813208593378136
TECHNOLOGY & COMMUNICATION,AIRLINK,160,240,descending,down,60,False,21.688459351904488,318.3295954417694,6.813208593378136
TECHNOLOGY & COMMUNICATION,AIRLINK,160,240,descending,down,90,False,39.312109152927796,576.9984672293147,6.813208593378136
COMMERCIAL BANKS,AKBL,1800,1880,ascending,up,10,False,2.1199273167776975,45.134030425054576,4.696959914310896
COMMERCIAL BANKS,AKBL,1800,1880,ascending,up,20,False,-1.453664445790442,-30.949049434323584,4.696959914310896
COMMERCIAL BANKS,AKBL,1800,1880,ascending,up,30,False,0.7268322228951994,15.474524717161334,4.696959914310896
COMMERCIAL BANKS,AKBL,1800,1880,ascending,up,60,False,9.751665657177464,207.61653995525222,4.696959914310896
COMMERCIAL BANKS,AKBL,1800,1880,ascending,up,90,False,18.29194427619624,389.44220538190183,4.696959914310896
MISCELLANEOUS,AKDHL,240,320,descending,whipsaw,10,False,-14.714522624970389,-252.1841190523885,5.834833168822025
MISCELLANEOUS,AKDHL,240,320,descending,whipsaw,20,False,-11.250888415067521,-192.8227952632093,5.834833168822025
MISCELLANEOUS,AKDHL,240,320,descending,whipsaw,30,False,-23.364131722340677,-400.4250172427395,5.834833168822025
MISCELLANEOUS,AKDHL,240,320,descending,whipsaw,60,False,-39.64226486614547,-679.4069979236219,5.834833168822025
MISCELLANEOUS,AKDHL,240,320,descending,whipsaw,90,False,-48.12840559109217,-824.846301489176,5.834833168822025
MISCELLANEOUS,AKDHL,880,960,descending,whipsaw,10,False,-14.484126984126998,-134.9135328342691,10.735859242467273
MISCELLANEOUS,AKDHL,880,960,descending,whipsaw,20,False,-14.583333333333345,-135.83759812765447,10.735859242467273
MISCELLANEOUS,AKDHL,880,960,descending,whipsaw,30,False,-12.240537240537257,-114.01544081462998,10.735859242467273
MISCELLANEOUS,AKDHL,880,960,descending,whipsaw,60,False,-13.62942612942614,-126.95235492202559,10.735859242467273
MISCELLANEOUS,AKDHL,880,960,descending,whipsaw,90,False,-4.281135531135542,-39.87697150686253,10.735859242467273
MISCELLANEOUS,AKGL,640,720,descending,sequential,10,False,-15.909090909090908,-109.98079261325006,14.465335747338706
MISCELLANEOUS,AKGL,640,720,descending,sequential,20,False,18.181818181818183,125.69233441514294,14.465335747338706
MISCELLANEOUS,AKGL,640,720,descending,sequential,30,False,-9.999999999999996,-69.1307839283286,14.465335747338706
MISCELLANEOUS,AKGL,640,720,descending,sequential,60,False,-18.090909090909093,-125.06387274306722,14.465335747338706
MISCELLANEOUS,AKGL,640,720,descending,sequential,90,False,27.27272727272727,188.53850162271442,14.465335747338706
INSURANCE,ALAC,2720,2800,symmetrical,down,10,False,-1.9999999999999927,-23.936063508536087,8.355592803665282
INSURANCE,ALAC,2720,2800,symmetrical,down,20,False,3.399999999999999,40.69130796451147,8.355592803665282
INSURANCE,ALAC,2720,2800,symmetrical,down,30,False,2.599999999999998,31.116882561096997,8.355592803665282
INSURANCE,ALAC,2720,2800,symmetrical,down,60,False,4.0000000000000036,47.872127017072394,8.355592803665282
INSURANCE,ALAC,2720,2800,symmetrical,down,90,False,3.399999999999999,40.69130796451147,8.355592803665282
POWER GENERATION & DISTRIBUTION,ALTN,2200,2280,descending,whipsaw,10,False,-14.956129114896902,-262.99529761054407,5.686842787981954
POWER GENERATION & DISTRIBUTION,ALTN,2200,2280,descending,whipsaw,20,False,4.566414755988211,80.29788981750029,5.686842787981954
POWER GENERATION & DISTRIBUTION,ALTN,2200,2280,descending,whipsaw,30,False,-2.3904828999615764,-42.035325910774276,5.686842787981954
POWER GENERATION & DISTRIBUTION,ALTN,2200,2280,descending,whipsaw,60,False,5.871333418726781,103.24416618540455,5.686842787981954
POWER GENERATION & DISTRIBUTION,ALTN,2200,2280,descending,whipsaw,90,False,17.39304470347124,305.84711679085075,5.686842787981954
POWER GENERATION & DISTRIBUTION,ALTN,2400,2480,descending,up,10,False,3.088859004861906,62.92589284985055,4.908724954022232
POWER GENERATION & DISTRIBUTION,ALTN,2400,2480,descending,up,20,False,2.5281886831488634,51.50397927831043,4.908724954022232
POWER GENERATION & DISTRIBUTION,ALTN,2400,2480,descending,up,30,False,-4.661218578669698,-94.95782758922505,4.908724954022232
POWER GENERATION & DISTRIBUTION,ALTN,2400,2480,descending,up,60,False,1.1234095376021611,22.885974425632348,4.908724954022232
POWER GENERATION & DISTRIBUTION,ALTN,2400,2480,descending,up,90,False,1.1234095376021611,22.885974425632348,4.908724954022232
POWER GENERATION & DISTRIBUTION,ALTN,2520,2600,descending,down,10,False,15.794479341767676,231.93780719215277,6.809790750794878
POWER GENERATION & DISTRIBUTION,ALTN,2520,2600,descending,down,20,False,15.013713173493768,220.47245977038696,6.809790750794878
POWER GENERATION & DISTRIBUTION,ALTN,2520,2600,descending,down,30,False,17.59709811554455,258.40879344920427,6.809790750794878
POWER GENERATION & DISTRIBUTION,ALTN,2520,2600,descending,down,60,False,18.377864283818457,269.8741408709701,6.809790750794878
POWER GENERATION & DISTRIBUTION,ALTN,2520,2600,descending,down,90,False,0.6016101919844412,8.834488664930237,6.809790750794878
POWER GENERATION & DISTRIBUTION,ALTN,2600,2680,symmetrical,up,10,False,-1.3131889850234986,-35.79850573394852,3.66827876778715
POWER GENERATION & DISTRIBUTION,ALTN,2600,2680,symmetrical,up,20,False,9.899424656330979,269.86565860976543,3.66827876778715
POWER GENERATION & DISTRIBUTION,ALTN,2600,2680,symmetrical,up,30,False,6.803109490974572,185.45781064175983,3.66827876778715
POWER GENERATION & DISTRIBUTION,ALTN,2600,2680,symmetrical,up,60,False,18.652553911019375,508.4824543547798,3.66827876778715
POWER GENERATION & DISTRIBUTION,ALTN,2600,2680,symmetrical,up,90,False,106.60766832096272,2906.2041101438067,3.66827876778715
TEXTILE COMPOSITE,ANL,2360,2440,symmetrical,down,10,False,4.022988505747126,140.49296764708293,2.863480338640747
TEXTILE COMPOSITE,ANL,2360,2440,symmetrical,down,20,False,18.582375478927197,648.9437077031926,2.863480338640747
TEXTILE COMPOSITE,ANL,2360,2440,symmetrical,down,30,False,14.176245210727956,495.07045742305377,2.863480338640747
TEXTILE COMPOSITE,ANL,2360,2440,symmetrical,down,60,False,21.264367816091944,742.605686134581,2.863480338640747
TEXTILE COMPOSITE,ANL,2360,2440,symmetrical,down,90,False,-13.793103448275875,-481.69017478999916,2.863480338640747
TEXTILE COMPOSITE,ANL,3600,3680,symmetrical,down,10,False,12.592592592592602,182.8481907430723,6.886911235718479
TEXTILE COMPOSITE,ANL,3600,3680,symmetrical,down,20,False,30.534979423868318,443.37698539659993,6.886911235718479
TEXTILE COMPOSITE,ANL,3600,3680,symmetrical,down,30,False,27.572016460905346,400.35388169234756,6.886911235718479
TEXTILE COMPOSITE,ANL,3600,3680,symmetrical,down,60,False,17.36625514403293,252.16319115547873,6.886911235718479
TEXTILE COMPOSITE,ANL,3600,3680,symmetrical,down,90,False,-20.823045267489707,-302.35681214377286,6.886911235718479
TEXTILE COMPOSITE,ANTM,440,520,descending,sequential,10,False,-2.9850746268656834,-26.278690013698725,11.359297686869493
TEXTILE COMPOSITE,ANTM,440,520,descending,sequential,20,False,-20.09594882729212,-176.91189527079254,11.359297686869493
TEXTILE COMPOSITE,ANTM,440,520,descending,sequential,30,False,-21.32196162046909,-187.70492866927592,11.359297686869493
TEXTILE COMPOSITE,ANTM,440,520,descending,sequential,60,False,-4.317697228145001,-38.010248055528464,11.359297686869493
TEXTILE COMPOSITE,ANTM,440,520,descending,sequential,90,False,-30.703624733475486,-270.2950972837573,11.359297686869493
OIL & GAS MARKETING COMPANIES,APL,1400,1480,symmetrical,up,10,False,2.0333987383930023,7552.967065403747,0.026921853634275135
OIL & GAS MARKETING COMPANIES,APL,1400,1480,symmetrical,up,20,False,1.0167294820232415,3776.595385426241,0.026921853634275135
OIL & GAS MARKETING COMPANIES,APL,1400,1480,symmetrical,up,30,False,-0.19320389635888932,-717.6470795194979,0.026921853634275135
OIL & GAS MARKETING COMPANIES,APL,1400,1480,symmetrical,up,60,False,-4.993369155552022,-18547.64245948798,0.026921853634275135
OIL & GAS MARKETING COMPANIES,APL,1400,1480,symmetrical,up,90,False,4.315589651305504,16030.061339502932,0.026921853634275135
OIL & GAS MARKETING COMPANIES,APL,1560,1640,ascending,up,10,False,1.9173386385268176,715.2116841823271,0.268079881932974
OIL & GAS MARKETING COMPANIES,APL,1560,1640,ascending,up,20,False,0.5974136655083905,222.84912288112585,0.268079881932974
OIL & GAS MARKETING COMPANIES,APL,1560,1640,ascending,up,30,False,2.551781206067691,951.8734444629804,0.268079881932974
OIL & GAS MARKETING COMPANIES,APL,1560,1640,ascending,up,60,False,4.580206550691942,1708.523040843884,0.268079881932974
OIL & GAS MARKETING COMPANIES,APL,1560,1640,ascending,up,90,False,3.961934499401382,1477.89325735079,0.268079881932974
OIL & GAS MARKETING COMPANIES,APL,3160,3240,ascending,down,10,False,-0.8820668412484458,-27.037062308084465,3.262435952535773
OIL & GAS MARKETING COMPANIES,APL,3160,3240,ascending,down,20,False,0.7409997124259878,22.713080753356575,3.262435952535773
OIL & GAS MARKETING COMPANIES,APL,3160,3240,ascending,down,30,False,-9.466838986969318,-290.1770065282381,3.262435952535773
OIL & GAS MARKETING COMPANIES,APL,3160,3240,ascending,down,60,False,2.189199257625066,67.10321028443428,3.262435952535773
OIL & GAS MARKETING COMPANIES,APL,3160,3240,ascending,down,90,False,-17.140175679916968,-525.3796834415871,3.262435952535773
OIL & GAS MARKETING COMPANIES,APL,3880,3960,descending,up,10,False,-4.231382109206706,-175.63966482367513,2.4091267274135344
OIL & GAS MARKETING COMPANIES,APL,3880,3960,descending,up,20,False,-5.253482125884055,-218.065827177313,2.4091267274135344
OIL & GAS MARKETING COMPANIES,APL,3880,3960,descending,up,30,False,-4.17299194394544,-173.21595815034644,2.4091267274135344
OIL & GAS MARKETING COMPANIES,APL,3880,3960,descending,up,60,False,-2.0266285588553044,-84.12295359120088,2.4091267274135344
OIL & GAS MARKETING COMPANIES,APL,3880,3960,descending,up,90,False,-9.473162877072367,-393.21978247457577,2.4091267274135344
OIL & GAS MARKETING COMPANIES,APL,3920,4000,descending,sequential,10,False,0.5975757963413065,51.60972010159366,1.157874515042863
OIL & GAS MARKETING COMPANIES,APL,3920,4000,descending,sequential,20,False,0.7507275809133869,64.83669613244713,1.157874515042863
OIL & GAS MARKETING COMPANIES,APL,3920,4000,descending,sequential,30,False,-7.807822694128181,-674.3237365267639,1.157874515042863
OIL & GAS MARKETING COMPANIES,APL,3920,4000,descending,sequential,60,False,-2.0810812971728314,-179.7328872978772,1.157874515042863
OIL & GAS MARKETING COMPANIES,APL,3920,4000,descending,sequential,90,False,-10.372385505948571,-895.8125747818707,1.157874515042863
OIL & GAS MARKETING COMPANIES,APL,4120,4200,symmetrical,up,10,False,2.2433480692753007,151.94804418436954,1.476391539830078
OIL & GAS MARKETING COMPANIES,APL,4120,4200,symmetrical,up,20,False,5.196325785752164,351.96122746342905,1.476391539830078
OIL & GAS MARKETING COMPANIES,APL,4120,4200,symmetrical,up,30,False,12.365567712189929,837.553411719842,1.476391539830078
OIL & GAS MARKETING COMPANIES,APL,4120,4200,symmetrical,up,60,False,21.241106330919884,1438.7176949933337,1.476391539830078
OIL & GAS MARKETING COMPANIES,APL,4120,4200,symmetrical,up,90,False,19.377227123847995,1312.47210520308,1.476391539830078
OIL & GAS MARKETING COMPANIES,APL,4640,4720,ascending,up,10,False,1.7025914264955269,35.875923093608876,4.745777333876701
OIL & GAS MARKETING COMPANIES,APL,4640,4720,ascending,up,20,False,1.1503996124969726,24.24048857676265,4.745777333876701
OIL & GAS MARKETING COMPANIES,APL,4640,4720,ascending,up,30,False,11.266650520707202,237.40369022968412,4.745777333876701
OIL & GAS MARKETING COMPANIES,APL,4640,4720,ascending,up,60,False,1.7679825623637715,37.2538034969195,4.745777333876701
OIL & GAS MARKETING COMPANIES,APL,4640,4720,ascending,up,90,False,8.658270767740374,182.44157191984522,4.745777333876701
CHEMICAL,ARPL,4720,4800,ascending,up,10,False,0.0975717928816937,2.5457799259166447,3.8326876525496045
CHEMICAL,ARPL,4720,4800,ascending,up,20,False,4.226632664375209,110.27855769993522,3.8326876525496045
CHEMICAL,ARPL,4720,4800,ascending,up,30,False,4.224415123627899,110.22069906525536,3.8326876525496045
CHEMICAL,ARPL,4720,4800,ascending,up,60,False,-2.4880807184831957,-64.9173881108746,3.8326876525496045
CHEMICAL,ARPL,4720,4800,ascending,up,90,False,-0.5654728905643667,-14.753951843380694,3.8326876525496045
TEXTILE COMPOSITE,ARUJ,640,720,symmetrical,up,10,False,-9.9601593625498,-483.87709450757825,2.0584068714155284
TEXTILE COMPOSITE,ARUJ,640,720,symmetrical,up,20,False,-13.590084108012396,-660.2234133947845,2.0584068714155284
TEXTILE COMPOSITE,ARUJ,640,720,symmetrical,up,30,False,-19.87605135015493,-965.6036241506779,2.0584068714155284
TEXTILE COMPOSITE,ARUJ,640,720,symmetrical,up,60,False,-18.54803010181497,-901.0866782163349,2.0584068714155284
TEXTILE COMPOSITE,ARUJ,640,720,symmetrical,up,90,False,-29.08366533864542,-1412.9211159621284,2.0584068714155284
FOOD & PERSONAL CARE PRODUCTS,ASC,80,160,symmetrical,up,10,False,1.1075384065737846,214.8629904565744,0.5154626230512357
FOOD & PERSONAL CARE PRODUCTS,ASC,80,160,symmetrical,up,20,False,-6.2879599857091755,-1219.8673006566703,0.5154626230512357
FOOD & PERSONAL CARE PRODUCTS,ASC,80,160,symmetrical,up,30,False,-4.180064308681666,-810.9345123683543,0.5154626230512357
FOOD & PERSONAL CARE PRODUCTS,ASC,80,160,symmetrical,up,60,False,2.804573061807789,544.0885403497088,0.5154626230512357
FOOD & PERSONAL CARE PRODUCTS,ASC,80,160,symmetrical,up,90,False,3.340478742408011,648.0545034738583,0.5154626230512357
ENGINEERING,ASL,0,80,ascending,down,10,False,1.2500000000000075,19.448305790456754,6.427295073761026
ENGINEERING,ASL,0,80,ascending,down,20,False,12.307692307692317,191.49101085988093,6.427295073761026
ENGINEERING,ASL,0,80,ascending,down,30,False,3.8461538461538494,59.84094089371279,6.427295073761026
ENGINEERING,ASL,0,80,ascending,down,60,False,15.38461538461538,239.3637635748509,6.427295073761026
ENGINEERING,ASL,0,80,ascending,down,90,False,9.615384615384615,149.60235223428182,6.427295073761026
ENGINEERING,ASL,160,240,descending,whipsaw,10,False,-3.3681765389082576,-125.3591825437584,2.6868207582101515
ENGINEERING,ASL,160,240,descending,whipsaw,20,False,4.761904761904764,177.2319477342786,2.6868207582101515
ENGINEERING,ASL,160,240,descending,whipsaw,30,False,-8.24622531939606,-306.9138607105803,2.6868207582101515
ENGINEERING,ASL,160,240,descending,whipsaw,60,False,7.200929152148655,268.0092868176892,2.6868207582101515
ENGINEERING,ASL,160,240,descending,whipsaw,90,False,4.761904761904764,177.2319477342786,2.6868207582101515
ENGINEERING,ASL,1320,1400,descending,down,10,False,7.6754385964912215,265.2870709325565,2.8932576960912413
ENGINEERING,ASL,1320,1400,descending,down,20,False,6.688596491228065,231.1787332412278,2.8932576960912413
ENGINEERING,ASL,1320,1400,descending,down,30,False,12.22587719298244,422.56440584257194,2.8932576960912413
ENGINEERING,ASL,1320,1400,descending,down,60,False,12.00657894736841,414.984775244499,2.8932576960912413
ENGINEERING,ASL,1320,1400,descending,down,90,False,27.083333333333325,936.0843788620211,2.8932576960912413
ENGINEERING,ASL,2400,2480,descending,down,10,False,1.7647058823529385,68.76346640495422,2.5663422375486826
ENGINEERING,ASL,2400,2480,descending,down,20,False,5.98039215686274,233.03174726123385,2.5663422375486826
ENGINEERING,ASL,2400,2480,descending,down,30,False,12.745098039215677,496.62503514689183,2.5663422375486826
ENGINEERING,ASL,2400,2480,descending,down,60,False,23.03921568627451,897.745255842459,2.5663422375486826
ENGINEERING,ASL,2400,2480,descending,down,90,False,29.70588235294117,1157.518351150064,2.5663422375486826
ENGINEERING,ASLPS,360,440,ascending,up,10,False,1.7540203535827166,21.853809610297205,8.026153722672897
ENGINEERING,ASLPS,360,440,ascending,up,20,False,5.380153520197269,67.0327744284164,8.026153722672897
ENGINEERING,ASLPS,360,440,ascending,up,30,False,5.262061060748149,65.56142883089161,8.026153722672897
ENGINEERING,ASLPS,360,440,ascending,up,60,False,-6.316209926713219,-78.69535203232779,8.026153722672897
ENGINEERING,ASLPS,360,440,ascending,up,90,False,-5.147441908929877,-64.13335810388216,8.026153722672897
AUTOMOBILE PARTS & ACCESSORIES,ATBA,2600,2680,descending,up,10,False,9.72190998623286,431.19383063370014,2.2546496020003675
AUTOMOBILE PARTS & ACCESSORIES,ATBA,2600,2680,descending,up,20,False,7.763613214317511,344.3379054301603,2.2546496020003675
AUTOMOBILE PARTS & ACCESSORIES,ATBA,2600,2680,descending,up,30,False,7.775211396660111,344.8523171743315,2.2546496020003675
AUTOMOBILE PARTS & ACCESSORIES,ATBA,2600,2680,descending,up,60,False,9.785639106270251,434.02039490252713,2.2546496020003675
AUTOMOBILE PARTS & ACCESSORIES,ATBA,2600,2680,descending,up,90,False,3.1124072392749107,138.04394423477265,2.2546496020003675
AUTOMOBILE PARTS & ACCESSORIES,ATBA,4040,4120,symmetrical,sequential,10,False,0.05288207297726272,7.512716724113276,0.7039007980632248
AUTOMOBILE PARTS & ACCESSORIES,ATBA,4040,4120,symmetrical,sequential,20,False,-2.526587931135796,-358.9409101520661,0.7039007980632248
AUTOMOBILE PARTS & ACCESSORIES,ATBA,4040,4120,symmetrical,sequential,30,False,-5.435101944885128,-772.1403299782797,0.7039007980632248
AUTOMOBILE PARTS & ACCESSORIES,ATBA,4040,4120,symmetrical,sequential,60,False,10.682178741406666,1517.568778270825,0.7039007980632248
AUTOMOBILE PARTS & ACCESSORIES,ATBA,4040,4120,symmetrical,sequential,90,False,34.5378694400376,4906.638767148464,0.7039007980632248
INSURANCE,ATIL,1320,1400,ascending,up,10,False,-0.858508604206504,-33.918540219800946,2.5310894827523396
INSURANCE,ATIL,1320,1400,ascending,up,20,False,-3.4694072657743935,-137.07169538714666,2.5310894827523396
INSURANCE,ATIL,1320,1400,ascending,up,30,False,-1.2370936902485699,-48.87593657508062,2.5310894827523396
INSURANCE,ATIL,1320,1400,ascending,up,60,False,20.234225621414897,799.4275097461959,2.5310894827523396
INSURANCE,ATIL,1320,1400,ascending,up,90,False,25.351816443594643,1001.6167589628932,2.5310894827523396
INSURANCE,ATIL,2480,2560,descending,up,10,False,13.14096909998522,266.5042593393493,4.930866445647443
INSURANCE,ATIL,2480,2560,descending,up,20,False,27.10867212419127,549.7750227674597,4.930866445647443
INSURANCE,ATIL,2480,2560,descending,up,30,False,20.25259725089516,410.73100385374374,4.930866445647443
INSURANCE,ATIL,2480,2560,descending,up,60,False,25.54507702356716,518.0646708879373,4.930866445647443
INSURANCE,ATIL,2480,2560,descending,up,90,False,22.5380350050777,457.08062170234587,4.930866445647443
AUTOMOBILE ASSEMBLER,ATLH,3640,3720,descending,sequential,10,False,-4.972302822474272,-278.8117027823754,1.7833910029075681
AUTOMOBILE ASSEMBLER,ATLH,3640,3720,descending,sequential,20,False,1.8781324188868385,105.31243097138024,1.7833910029075681
AUTOMOBILE ASSEMBLER,ATLH,3640,3720,descending,sequential,30,False,2.3845950936428437,133.71128876141557,1.7833910029075681
AUTOMOBILE ASSEMBLER,ATLH,3640,3720,descending,sequential,60,False,9.786336059087319,548.7487625053661,1.7833910029075681
AUTOMOBILE ASSEMBLER,ATLH,3640,3720,descending,sequential,90,False,10.590873120548675,593.8615313905783,1.7833910029075681
REFINERY,ATRL,1440,1520,ascending,sequential,10,False,0.63732928679816,29.14955661728976,2.1864115985219987
REFINERY,ATRL,1440,1520,ascending,sequential,20,False,-1.7147192716236868,-78.42618804175879,2.1864115985219987
REFINERY,ATRL,1440,1520,ascending,sequential,30,False,-3.421851289833084,-156.5053575523582,2.1864115985219987
REFINERY,ATRL,1440,1520,ascending,sequential,60,False,-10.955993930197277,-501.0947589924727,2.1864115985219987
REFINERY,ATRL,1440,1520,ascending,sequential,90,False,-15.766312594840679,-721.1045077467854,2.1864115985219987
REFINERY,ATRL,2560,2640,descending,whipsaw,10,False,-1.4839847193652664,-58.659366109935085,2.5298342238886304
REFINERY,ATRL,2560,2640,descending,whipsaw,20,False,1.905181702419427,75.30855913123649,2.5298342238886304
REFINERY,ATRL,2560,2640,descending,whipsaw,30,False,2.4977960622979696,98.73358652167276,2.5298342238886304
REFINERY,ATRL,2560,2640,descending,whipsaw,60,False,-5.338426878244689,-211.0188417816147,2.5298342238886304
REFINERY,ATRL,2560,2640,descending,whipsaw,90,False,14.301106866490345,565.2981816534993,2.5298342238886304
REFINERY,ATRL,2640,2720,ascending,up,10,False,3.9508262438198765,68.76000756336795,5.745819966902807
REFINERY,ATRL,2640,2720,ascending,up,20,False,11.821299719388902,205.73738452444036,5.745819966902807
REFINERY,ATRL,2640,2720,ascending,up,30,False,12.672041334461726,220.5436544732603,5.745819966902807
REFINERY,ATRL,2640,2720,ascending,up,60,False,16.939111843570455,294.80756343121584,5.745819966902807
REFINERY,ATRL,2640,2720,ascending,up,90,False,36.2745534720057,631.3207458805731,5.745819966902807
REFINERY,ATRL,5000,5080,ascending,sequential,10,False,-2.7096810804676004,-121.95790598607135,2.2218166658068643
REFINERY,ATRL,5000,5080,ascending,sequential,20,False,-14.901827261377818,-670.7046306165923,2.2218166658068643
REFINERY,ATRL,5000,5080,ascending,sequential,30,False,-4.2645556690500435,-191.94003423776408,2.2218166658068643
REFINERY,ATRL,5000,5080,ascending,sequential,60,False,-6.945863125638412,-312.6208940878561,2.2218166658068643
REFINERY,ATRL,5000,5080,ascending,sequential,90,False,19.318181818181813,869.4768616818487,2.2218166658068643
TECHNOLOGY & COMMUNICATION,AVN,560,640,descending,up,10,False,0.030577299412903842,0.8170564802492055,3.742372792096042
TECHNOLOGY & COMMUNICATION,AVN,560,640,descending,up,20,False,1.199186087884708,32.04346959814934,3.742372792096042
TECHNOLOGY & COMMUNICATION,AVN,560,640,descending,up,30,False,-0.6148816936488257,-16.4302630391998,3.742372792096042
TECHNOLOGY & COMMUNICATION,AVN,560,640,descending,up,60,False,7.164539227895384,191.44376110864792,3.742372792096042
TECHNOLOGY & COMMUNICATION,AVN,560,640,descending,up,90,False,41.42056573563422,1106.7995637183762,3.742372792096042
TECHNOLOGY & COMMUNICATION,AVN,1920,2000,ascending,down,10,False,4.20168067226891,84.21972929573614,4.988950578925254
TECHNOLOGY & COMMUNICATION,AVN,1920,2000,ascending,down,20,False,-1.7374517374517389,-34.82599616823684,4.988950578925254
TECHNOLOGY & COMMUNICATION,AVN,1920,2000,ascending,down,30,False,5.939132409720649,119.04572546397299,4.988950578925254
TECHNOLOGY & COMMUNICATION,AVN,1920,2000,ascending,down,60,False,18.08993867817398,362.6000777516423,4.988950578925254
TECHNOLOGY & COMMUNICATION,AVN,1920,2000,ascending,down,90,False,15.73926868044515,315.4825535240276,4.988950578925254
TECHNOLOGY & COMMUNICATION,AVN,2200,2280,descending,sequential,10,False,-9.675516224188783,-346.47490328398527,2.7925590374603053
TECHNOLOGY & COMMUNICATION,AVN,2200,2280,descending,sequential,20,False,-30.339233038348084,-1086.4312134987167,2.7925590374603053
TECHNOLOGY & COMMUNICATION,AVN,2200,2280,descending,sequential,30,False,-24.999999999999993,-895.2362211377368,2.7925590374603053
TECHNOLOGY & COMMUNICATION,AVN,2200,2280,descending,sequential,60,False,-18.348082595870206,-657.0347251299968,2.7925590374603053
TECHNOLOGY & COMMUNICATION,AVN,2200,2280,descending,sequential,90,False,-28.89380530973451,-1034.671243191048,2.7925590374603053
COMMERCIAL BANKS,BAFL,1840,1920,ascending,down,10,False,-1.5333959370951222,-112.83245427651467,1.3590025555389238
COMMERCIAL BANKS,BAFL,1840,1920,ascending,down,20,False,-13.435638974407743,-988.6397137111878,1.3590025555389238
COMMERCIAL BANKS,BAFL,1840,1920,ascending,down,30,False,-13.496261604478951,-993.1005316709575,1.3590025555389238
COMMERCIAL BANKS,BAFL,1840,1920,ascending,down,60,False,7.361489177077503,541.6832475460831,1.3590025555389238
COMMERCIAL BANKS,BAFL,1840,1920,ascending,down,90,False,-1.1660941196048893,-85.80514546144212,1.3590025555389238
COMMERCIAL BANKS,BAFL,3040,3120,ascending,down,10,False,1.0872972337591162,21.264942447499703,5.113097467550206
COMMERCIAL BANKS,BAFL,3040,3120,ascending,down,20,False,-6.243632944126631,-122.11057942374973,5.113097467550206
COMMERCIAL BANKS,BAFL,3040,3120,ascending,down,30,False,-16.809517279210084,-328.75409447776246,5.113097467550206
COMMERCIAL BANKS,BAFL,3040,3120,ascending,down,60,False,-21.435428257973513,-419.22588790867854,5.113097467550206
COMMERCIAL BANKS,BAFL,3040,3120,ascending,down,90,False,-34.37769375440795,-672.3457546542534,5.113097467550206
COMMERCIAL BANKS,BAFL,3840,3920,ascending,sequential,10,False,-4.50172624146614,-254.7906903159851,1.7668330957788179
COMMERCIAL BANKS,BAFL,3840,3920,ascending,sequential,20,False,-10.262959790255175,-580.8675315611108,1.7668330957788179
COMMERCIAL BANKS,BAFL,3840,3920,ascending,sequential,30,False,-11.066635516444732,-626.3543253114451,1.7668330957788179
COMMERCIAL BANKS,BAFL,3840,3920,ascending,sequential,60,False,-19.58777872959012,-1108.6377528464766,1.7668330957788179
COMMERCIAL BANKS,BAFL,3840,3920,ascending,sequential,90,False,-13.022869454611538,-737.0741178510171,1.7668330957788179
COMMERCIAL BANKS,BAFL,4520,4600,descending,up,10,False,-4.748782211513381,-122.07021153675069,3.8902056052255665
COMMERCIAL BANKS,BAFL,4520,4600,descending,up,20,False,13.317175205020071,342.32574204128474,3.8902056052255665
COMMERCIAL BANKS,BAFL,4520,4600,descending,up,30,False,20.71023037190572,532.3685294187651,3.8902056052255665
COMMERCIAL BANKS,BAFL,4520,4600,descending,up,60,False,23.598772488177847,606.6201862564412,3.8902056052255665
COMMERCIAL BANKS,BAFL,4520,4600,descending,up,90,False,27.172691182120438,698.4898470564227,3.8902056052255665
COMMERCIAL BANKS,BAHL,4120,4200,ascending,down,10,False,1.1920337258322538,31.998091809543766,3.7253275380524946
COMMERCIAL BANKS,BAHL,4120,4200,ascending,down,20,False,-3.924989097252491,-105.35957059239882,3.7253275380524946
COMMERCIAL BANKS,BAHL,4120,4200,ascending,down,30,False,1.1774967291757554,31.607871177719865,3.7253275380524946
COMMERCIAL BANKS,BAHL,4120,4200,ascending,down,60,False,12.778020061055395,343.00393537303336,3.7253275380524946
COMMERCIAL BANKS,BAHL,4120,4200,ascending,down,90,False,16.64486117168193,446.80262343813774,3.7253275380524946
ENGINEERING,BCL,760,840,ascending,down,10,False,21.36676281340138,334.1245812879987,6.394849110183934
ENGINEERING,BCL,760,840,ascending,down,20,False,22.675837585977366,354.59535002734634,6.394849110183934
ENGINEERING,BCL,760,840,ascending,down,30,False,37.87441757266474,592.2644447129944,6.394849110183934
ENGINEERING,BCL,760,840,ascending,down,60,False,33.96938096294653,531.1991006769739,6.394849110183934
ENGINEERING,BCL,760,840,ascending,down,90,False,34.30219658309297,536.4035334073166,6.394849110183934
ENGINEERING,BCL,3400,3480,descending,up,10,False,-14.712020033388976,-181.02399830650165,8.127110311904199
ENGINEERING,BCL,3400,3480,descending,up,20,False,-6.552587646076787,-80.62629144431413,8.127110311904199
ENGINEERING,BCL,3400,3480,descending,up,30,False,-15.18503060656649,-186.84415522604866,8.127110311904199
ENGINEERING,BCL,3400,3480,descending,up,60,False,-36.790484140233715,-452.6883815806559,8.127110311904199
ENGINEERING,BCL,3400,3480,descending,up,90,False,-27.615470228158035,-339.79445545002915,8.127110311904199
ENGINEERING,BECO,400,480,descending,up,10,False,-6.274703557312251,-66.9601994933108,9.370795793311643
ENGINEERING,BECO,400,480,descending,up,20,False,-10.424901185770748,-111.24883537865023,9.370795793311643
ENGINEERING,BECO,400,480,descending,up,30,False,-13.982213438735169,-149.21052328036967,9.370795793311643
ENGINEERING,BECO,400,480,descending,up,60,False,-28.80434782608695,-307.3842228708677,9.370795793311643
ENGINEERING,BECO,400,480,descending,up,90,False,-35.52371541501975,-379.0896333518934,9.370795793311643
CHEMICAL,BERG,2280,2360,symmetrical,down,10,False,-0.6777260772810051,-14.883368798855917,4.553579814088205
CHEMICAL,BERG,2280,2360,symmetrical,down,20,False,0.7687639085575613,16.882627294224694,4.553579814088205
CHEMICAL,BERG,2280,2360,symmetrical,down,30,False,8.173174185717174,179.4889849175455,4.553579814088205
CHEMICAL,BERG,2280,2360,symmetrical,down,60,False,8.931822779688446,196.14947237895132,4.553579814088205
CHEMICAL,BERG,2280,2360,symmetrical,down,90,False,6.918875177018009,151.9436456480213,4.553579814088205
CHEMICAL,BERG,2840,2920,symmetrical,down,10,False,-1.6831418648143268,-70.43543309719648,2.3896237884868214
CHEMICAL,BERG,2840,2920,symmetrical,down,20,False,14.279989313384982,597.5831585785929,2.3896237884868214
CHEMICAL,BERG,2840,2920,symmetrical,down,30,False,13.805770772107925,577.7382548091447,2.3896237884868214
CHEMICAL,BERG,2840,2920,symmetrical,down,60,False,5.223083088431735,218.5734471508229,2.3896237884868214
CHEMICAL,BERG,2840,2920,symmetrical,down,90,False,12.857333689553835,538.0484472702487,2.3896237884868214
GLASS & CERAMICS,BGL,3800,3880,symmetrical,whipsaw,10,False,-18.497109826589593,-1554.9251929638433,1.1895819754088777
GLASS & CERAMICS,BGL,3800,3880,symmetrical,whipsaw,20,False,-16.878612716762994,-1418.8692385795064,1.1895819754088777
GLASS & CERAMICS,BGL,3800,3880,symmetrical,whipsaw,30,False,-18.95953757225432,-1593.7983227879383,1.1895819754088777
GLASS & CERAMICS,BGL,3800,3880,symmetrical,whipsaw,60,False,-32.369942196531774,-2721.119087686725,1.1895819754088777
GLASS & CERAMICS,BGL,3800,3880,symmetrical,whipsaw,90,False,-26.70520231213873,-2244.9232473415495,1.1895819754088777
TEXTILE COMPOSITE,BHAT,1160,1240,descending,up,10,False,7.088278147905106,78.19568522862797,9.064794466830811
TEXTILE COMPOSITE,BHAT,1160,1240,descending,up,20,False,4.650257482565699,51.30019769981061,9.064794466830811
TEXTILE COMPOSITE,BHAT,1160,1240,descending,up,30,False,-5.271997241655449,-58.1590378132271,9.064794466830811
TEXTILE COMPOSITE,BHAT,1160,1240,descending,up,60,False,5.652381852762231,62.35532282000419,9.064794466830811
TEXTILE COMPOSITE,BHAT,1160,1240,descending,up,90,False,-2.901822954320483,-32.01201047567716,9.064794466830811
TEXTILE COMPOSITE,BHAT,1240,1320,symmetrical,down,10,False,2.9326100006670073,85.37981181283834,3.4347815231727163
TEXTILE COMPOSITE,BHAT,1240,1320,symmetrical,down,20,False,3.123818840740813,90.94665321989196,3.4347815231727163
TEXTILE COMPOSITE,BHAT,1240,1320,symmetrical,down,30,False,3.4239722524845986,99.68529961468603,3.4347815231727163
TEXTILE COMPOSITE,BHAT,1240,1320,symmetrical,down,60,False,-3.0949151788692038,-90.10515393743073,3.4347815231727163
TEXTILE COMPOSITE,BHAT,1240,1320,symmetrical,down,90,False,0.5047024034506485,14.693872086060766,3.4347815231727163
COMMERCIAL BANKS,BIPL,2240,2320,symmetrical,sequential,10,False,-15.0,-265.3695921805314,5.652493896058548
COMMERCIAL BANKS,BIPL,2240,2320,symmetrical,sequential,20,False,-3.100000000000005,-54.843049050643245,5.652493896058548
COMMERCIAL BANKS,BIPL,2240,2320,symmetrical,sequential,30,False,-9.700000000000006,-171.6056696100771,5.652493896058548
COMMERCIAL BANKS,BIPL,2240,2320,symmetrical,sequential,60,False,-14.499999999999993,-256.5239391078469,5.652493896058548
COMMERCIAL BANKS,BIPL,2240,2320,symmetrical,sequential,90,False,-4.199999999999999,-74.30348581054879,5.652493896058548
COMMERCIAL BANKS,BIPL,3920,4000,descending,up,10,False,8.795269770879537,251.2689031185836,3.5003415312115664
COMMERCIAL BANKS,BIPL,3920,4000,descending,up,20,False,12.712490761271255,363.17858265879283,3.5003415312115664
COMMERCIAL BANKS,BIPL,3920,4000,descending,up,30,False,-1.2564671101256464,-35.89555758836904,3.5003415312115664
COMMERCIAL BANKS,BIPL,3920,4000,descending,up,60,False,-3.9172209903917175,-111.90967954020925,3.5003415312115664
COMMERCIAL BANKS,BIPL,3920,4000,descending,up,90,False,-30.67257945306725,-876.2739058337148,3.5003415312115664
FOOD & PERSONAL CARE PRODUCTS,BNL,1280,1360,descending,whipsaw,10,False,-2.3502653525398065,-149.75378462277172,1.5694196700671719
FOOD & PERSONAL CARE PRODUCTS,BNL,1280,1360,descending,whipsaw,20,False,-2.3502653525398065,-149.75378462277172,1.5694196700671719
FOOD & PERSONAL CARE PRODUCTS,BNL,1280,1360,descending,whipsaw,30,False,1.4404852160727786,91.78457767202099,1.5694196700671719
FOOD & PERSONAL CARE PRODUCTS,BNL,1280,1360,descending,whipsaw,60,False,-22.289613343442,-1420.2455702933808,1.5694196700671719
FOOD & PERSONAL CARE PRODUCTS,BNL,1280,1360,descending,whipsaw,90,False,-0.9855951478392782,-62.79997419664648,1.5694196700671719
COMMERCIAL BANKS,BOK,440,520,descending,down,10,False,5.147058823529407,119.59912944408416,4.303592214637145
COMMERCIAL BANKS,BOK,440,520,descending,down,20,False,1.8382352941176472,42.71397480145867,4.303592214637145
COMMERCIAL BANKS,BOK,440,520,descending,down,30,False,4.044117647058816,93.9707445632089,4.303592214637145
COMMERCIAL BANKS,BOK,440,520,descending,down,60,False,4.411764705882351,102.51353952350075,4.303592214637145
COMMERCIAL BANKS,BOK,440,520,descending,down,90,False,10.882352941176473,252.86673082463543,4.303592214637145
COMMERCIAL BANKS,BOK,3680,3760,ascending,down,10,False,-2.06666666666667,-22.827268009759116,9.053499813394788
COMMERCIAL BANKS,BOK,3680,3760,ascending,down,20,False,6.266666666666663,69.21816751346299,9.053499813394788
COMMERCIAL BANKS,BOK,3680,3760,ascending,down,30,False,3.4666666666666637,38.290901177660366,9.053499813394788
COMMERCIAL BANKS,BOK,3680,3760,ascending,down,60,False,7.4666666666666615,82.47271022880695,9.053499813394788
COMMERCIAL BANKS,BOK,3680,3760,ascending,down,90,False,17.333333333333332,191.45450588830192,9.053499813394788
COMMERCIAL BANKS,BOK,4280,4360,ascending,sequential,10,False,-6.8582625734813885,-146.52337847231846,4.680660960037219
COMMERCIAL BANKS,BOK,4280,4360,ascending,sequential,20,False,1.6329196603527107,34.88651868388533,4.680660960037219
COMMERCIAL BANKS,BOK,4280,4360,ascending,sequential,30,False,-5.551926845199214,-118.61416352521006,4.680660960037219
COMMERCIAL BANKS,BOK,4280,4360,ascending,sequential,60,False,0.0,0.0,4.680660960037219
COMMERCIAL BANKS,BOK,4280,4360,ascending,sequential,90,False,17.57021554539516,375.37894103860606,4.680660960037219
COMMERCIAL BANKS,BOK,4600,4680,symmetrical,up,10,True,,,1.980506700167483
COMMERCIAL BANKS,BOK,4600,4680,symmetrical,up,20,True,,,1.980506700167483
COMMERCIAL BANKS,BOK,4600,4680,symmetrical,up,30,True,,,1.980506700167483
COMMERCIAL BANKS,BOK,4600,4680,symmetrical,up,60,True,,,1.980506700167483
COMMERCIAL BANKS,BOK,4600,4680,symmetrical,up,90,True,,,1.980506700167483
COMMERCIAL BANKS,BOP,3840,3920,symmetrical,sequential,10,False,-0.6230529595015627,-17.17985802241255,3.6266478959764306
COMMERCIAL BANKS,BOP,3840,3920,symmetrical,sequential,20,False,-4.5690550363447695,-125.98562549769134,3.6266478959764306
COMMERCIAL BANKS,BOP,3840,3920,symmetrical,sequential,30,False,-4.880581516095541,-134.57555450889737,3.6266478959764306
COMMERCIAL BANKS,BOP,3840,3920,symmetrical,sequential,60,False,-19.003115264797515,-523.9856696835786,3.6266478959764306
COMMERCIAL BANKS,BOP,3840,3920,symmetrical,sequential,90,False,-12.253374870197314,-337.8705411074444,3.6266478959764306
OIL & GAS MARKETING COMPANIES,BPL,720,800,descending,down,10,False,15.428571428571427,1154.8238742423396,1.336010778153842
OIL & GAS MARKETING COMPANIES,BPL,720,800,descending,down,20,False,15.777777777777773,1180.96186316552,1.336010778153842
OIL & GAS MARKETING COMPANIES,BPL,720,800,descending,down,30,False,14.0952380952381,1055.0242801720144,1.336010778153842
OIL & GAS MARKETING COMPANIES,BPL,720,800,descending,down,60,False,23.809523809523807,1782.1356083986725,1.336010778153842
OIL & GAS MARKETING COMPANIES,BPL,720,800,descending,down,90,False,28.126984126984123,2105.2961987216313,1.336010778153842
CEMENT,BWCL,1000,1080,symmetrical,whipsaw,10,False,-7.355531326008552,-257.9906190747318,2.851084800055418
CEMENT,BWCL,1000,1080,symmetrical,whipsaw,20,False,-6.9277866308814815,-242.98774384917706,2.851084800055418
CEMENT,BWCL,1000,1080,symmetrical,whipsaw,30,False,-7.338757024238866,-257.4022710266709,2.851084800055418
CEMENT,BWCL,1000,1080,symmetrical,whipsaw,60,False,-41.44929967290111,-1453.8080267586374,2.851084800055418
CEMENT,BWCL,1000,1080,symmetrical,whipsaw,90,False,-21.194330286001843,-743.3777587250256,2.851084800055418
AUTOMOBILE PARTS & ACCESSORIES,BWHL,0,80,descending,up,10,False,15.000163532297622,1163.255801128239,1.2894982786889178
AUTOMOBILE PARTS & ACCESSORIES,BWHL,0,80,descending,up,20,False,28.749959116925588,2229.546141477348,1.2894982786889178
AUTOMOBILE PARTS & ACCESSORIES,BWHL,0,80,descending,up,30,False,32.249877350776785,2500.963195047183,1.2894982786889178
AUTOMOBILE PARTS & ACCESSORIES,BWHL,0,80,descending,up,60,False,22.500081766148817,1744.871019837693,1.2894982786889178
AUTOMOBILE PARTS & ACCESSORIES,BWHL,0,80,descending,up,90,False,75.00016353229765,5816.228278222533,1.2894982786889178
AUTOMOBILE PARTS & ACCESSORIES,BWHL,1400,1480,ascending,up,10,False,17.736150430367136,348.94980213206634,5.082722592762661
AUTOMOBILE PARTS & ACCESSORIES,BWHL,1400,1480,ascending,up,20,False,18.65734442851249,367.0738287995271,5.082722592762661
AUTOMOBILE PARTS & ACCESSORIES,BWHL,1400,1480,ascending,up,30,False,21.764280549530007,428.2012278325082,5.082722592762661
AUTOMOBILE PARTS & ACCESSORIES,BWHL,1400,1480,ascending,up,60,False,15.222577627445455,299.4965267063962,5.082722592762661
AUTOMOBILE PARTS & ACCESSORIES,BWHL,1400,1480,ascending,up,90,False,32.70892312217363,643.5315428929407,5.082722592762661
AUTOMOBILE PARTS & ACCESSORIES,BWHL,1880,1960,descending,down,10,False,-1.4819008291984526,-12.2996419998601,12.048324896084846
AUTOMOBILE PARTS & ACCESSORIES,BWHL,1880,1960,descending,down,20,False,9.090855030613259,75.45326930524068,12.048324896084846
AUTOMOBILE PARTS & ACCESSORIES,BWHL,1880,1960,descending,down,30,False,2.2726840244906095,18.86307054376602,12.048324896084846
AUTOMOBILE PARTS & ACCESSORIES,BWHL,1880,1960,descending,down,60,False,28.572736830587576,237.15111500580798,12.048324896084846
AUTOMOBILE PARTS & ACCESSORIES,BWHL,1880,1960,descending,down,90,False,28.963549521177146,240.3948247659637,12.048324896084846
AUTOMOBILE PARTS & ACCESSORIES,BWHL,2280,2360,symmetrical,sequential,10,False,-8.108108108108109,-63.74957044952039,12.7186866530002
AUTOMOBILE PARTS & ACCESSORIES,BWHL,2280,2360,symmetrical,sequential,20,False,-0.13513513513512745,-1.0624928408252794,12.7186866530002
AUTOMOBILE PARTS & ACCESSORIES,BWHL,2280,2360,symmetrical,sequential,30,False,-14.121621621621625,-111.03050186624803,12.7186866530002
AUTOMOBILE PARTS & ACCESSORIES,BWHL,2280,2360,symmetrical,sequential,60,False,0.12162162162162624,0.9562435567428421,12.7186866530002
AUTOMOBILE PARTS & ACCESSORIES,BWHL,2280,2360,symmetrical,sequential,90,False,-8.13513513513513,-63.96206901768541,12.7186866530002
INSURANCE,CENI,3480,3560,symmetrical,up,10,False,1.1702529256323229,17.645265119430928,6.632107354077908
INSURANCE,CENI,3480,3560,symmetrical,up,20,False,5.096262740656857,76.84228358461807,6.632107354077908
INSURANCE,CENI,3480,3560,symmetrical,up,30,False,8.871272178180451,133.76249364729807,6.632107354077908
INSURANCE,CENI,3480,3560,symmetrical,up,60,False,40.43035107587771,609.615449771303,6.632107354077908
INSURANCE,CENI,3480,3560,symmetrical,up,90,False,43.563608909022285,656.8592241233273,6.632107354077908
PAPER & BOARD,CEPB,840,920,descending,down,10,False,4.350978970268308,51.828200760835294,8.395002925812902
PAPER & BOARD,CEPB,840,920,descending,down,20,False,2.465554749818708,29.369313764473343,8.395002925812902
PAPER & BOARD,CEPB,840,920,descending,down,30,False,5.221174764321964,62.1938409130023,8.395002925812902
PAPER & BOARD,CEPB,840,920,descending,down,60,False,5.656272661348799,67.37666098908586,8.395002925812902
PAPER & BOARD,CEPB,840,920,descending,down,90,False,5.87382160986221,69.96807102712759,8.395002925812902
PAPER & BOARD,CEPB,1080,1160,ascending,sequential,10,False,0.0,0.0,12.44890743587652
PAPER & BOARD,CEPB,1080,1160,ascending,sequential,20,False,-21.93750000000001,-176.22028369154953,12.44890743587652
PAPER & BOARD,CEPB,1080,1160,ascending,sequential,30,False,-18.81250000000001,-151.11767917708377,12.44890743587652
PAPER & BOARD,CEPB,1080,1160,ascending,sequential,60,False,-22.93750000000001,-184.25311713617856,12.44890743587652
PAPER & BOARD,CEPB,1080,1160,ascending,sequential,90,False,-4.62499999999999,-37.151854681409205,12.44890743587652
PAPER & BOARD,CEPB,2200,2280,ascending,sequential,10,False,-11.645962732919255,-217.02199196725283,5.366259256654759
PAPER & BOARD,CEPB,2200,2280,ascending,sequential,20,False,-30.939440993788796,-576.5550919930014,5.366259256654759
PAPER & BOARD,CEPB,2200,2280,ascending,sequential,30,False,-12.208850931677016,-227.51138824567002,5.366259256654759
PAPER & BOARD,CEPB,2200,2280,ascending,sequential,60,False,-9.666149068322975,-180.12825333281975,5.366259256654759
PAPER & BOARD,CEPB,2200,2280,ascending,sequential,90,False,3.4355590062111863,64.0214876303397,5.366259256654759
PAPER & BOARD,CEPB,2520,2600,ascending,sequential,10,False,-2.749205161772955,-96.14470898438682,2.859445091481222
PAPER & BOARD,CEPB,2520,2600,ascending,sequential,20,False,0.785487189077991,27.46991685268208,2.859445091481222
PAPER & BOARD,CEPB,2520,2600,ascending,sequential,30,False,3.75911726201608,131.46317350926358,2.859445091481222
PAPER & BOARD,CEPB,2520,2600,ascending,sequential,60,False,-2.0946325042079623,-73.25311160715175,2.859445091481222
PAPER & BOARD,CEPB,2520,2600,ascending,sequential,90,False,-5.6480269309893325,-197.52178308357009,2.859445091481222
TEXTILE COMPOSITE,CHBL,360,440,descending,up,10,False,22.11981566820277,397.2265751676387,5.568563900556678
TEXTILE COMPOSITE,CHBL,360,440,descending,up,20,False,18.89400921658987,339.29769962235815,5.568563900556678
TEXTILE COMPOSITE,CHBL,360,440,descending,up,30,False,37.32718894009218,670.3198455953903,5.568563900556678
TEXTILE COMPOSITE,CHBL,360,440,descending,up,60,False,15.668202764976968,281.3688240770776,5.568563900556678
TEXTILE COMPOSITE,CHBL,360,440,descending,up,90,False,5.990783410138252,107.58219744123552,5.568563900556678
TEXTILE COMPOSITE,CHBL,1560,1640,symmetrical,sequential,10,False,-5.960264900662257,-21.174173889651787,28.148748242665324
TEXTILE COMPOSITE,CHBL,1560,1640,symmetrical,sequential,20,False,-23.84105960264901,-84.6966955586071,28.148748242665324
TEXTILE COMPOSITE,CHBL,1560,1640,symmetrical,sequential,30,False,-39.73509933774834,-141.1611592643451,28.148748242665324
TEXTILE COMPOSITE,CHBL,1560,1640,symmetrical,sequential,60,False,-25.827814569536418,-91.75475352182431,28.148748242665324
TEXTILE COMPOSITE,CHBL,1560,1640,symmetrical,sequential,90,False,-124.50331125827816,-442.3049656949481,28.148748242665324
CEMENT,CHCC,1120,1200,symmetrical,sequential,10,False,-11.19682928475684,-316.5599597638396,3.5370326977264943
CEMENT,CHCC,1120,1200,symmetrical,sequential,20,False,-23.092797423311694,-652.886173151724,3.5370326977264943
CEMENT,CHCC,1120,1200,symmetrical,sequential,30,False,-21.76298710691521,-615.289395568886,3.5370326977264943
CEMENT,CHCC,1120,1200,symmetrical,sequential,60,False,-14.275933229828636,-403.613267103943,3.5370326977264943
CEMENT,CHCC,1120,1200,symmetrical,sequential,90,False,-29.18157359280224,-825.0297943685774,3.5370326977264943
CEMENT,CHCC,1560,1640,descending,sequential,10,False,6.976831866081036,126.0522672642179,5.534872174458325
CEMENT,CHCC,1560,1640,descending,sequential,20,False,-26.538729805644046,-479.4822530520551,5.534872174458325
CEMENT,CHCC,1560,1640,descending,sequential,30,False,-36.799442004260364,-664.8652551377444,5.534872174458325
CEMENT,CHCC,1560,1640,descending,sequential,60,False,-96.9894621750523,-1752.3342747214258,5.534872174458325
CEMENT,CHCC,1560,1640,descending,sequential,90,False,-209.16545704752392,-3779.0476537607487,5.534872174458325
CEMENT,CHCC,2280,2360,symmetrical,up,10,False,10.467289719626175,409.4663799769331,2.556324580351588
CEMENT,CHCC,2280,2360,symmetrical,up,20,False,15.802888700084969,618.1878788612788,2.556324580351588
CEMENT,CHCC,2280,2360,symmetrical,up,30,False,16.771452846219194,656.0768133721309,2.556324580351588
CEMENT,CHCC,2280,2360,symmetrical,up,60,False,34.34154630416313,1343.395379761983,2.556324580351588
CEMENT,CHCC,2280,2360,symmetrical,up,90,False,33.305012744265085,1302.8475726538775,2.556324580351588
FOOD & PERSONAL CARE PRODUCTS,CLOV,1480,1560,descending,up,10,False,38.61538461538462,851.2560721131182,4.536283015230375
FOOD & PERSONAL CARE PRODUCTS,CLOV,1480,1560,descending,up,20,False,50.461538461538446,1112.398373119931,4.536283015230375
FOOD & PERSONAL CARE PRODUCTS,CLOV,1480,1560,descending,up,30,False,13.736263736263737,302.8087905923158,4.536283015230375
FOOD & PERSONAL CARE PRODUCTS,CLOV,1480,1560,descending,up,60,False,122.9120879120879,2709.5330582200413,4.536283015230375
FOOD & PERSONAL CARE PRODUCTS,CLOV,1480,1560,descending,up,90,False,35.956043956043956,792.6322902544458,4.536283015230375
REFINERY,CNERGY,2840,2920,descending,sequential,10,False,-4.693289419514206,-210.4923264013134,2.2296724539811645
REFINERY,CNERGY,2840,2920,descending,sequential,20,False,-6.216550020584595,-278.81001128594966,2.2296724539811645
REFINERY,CNERGY,2840,2920,descending,sequential,30,False,-12.06257719226019,-541.002207329691,2.2296724539811645
REFINERY,CNERGY,2840,2920,descending,sequential,60,False,-12.144915603128856,-544.695055161293,2.2296724539811645
REFINERY,CNERGY,2840,2920,descending,sequential,90,False,-14.038699053108274,-629.6305552881388,2.2296724539811645
PAPER & BOARD,CPPL,3160,3240,symmetrical,up,10,False,0.6214856466410248,17.074276292720924,3.6398945172626465
PAPER & BOARD,CPPL,3160,3240,symmetrical,up,20,False,-0.9174311926605404,-25.20488405115891,3.6398945172626465
PAPER & BOARD,CPPL,3160,3240,symmetrical,up,30,False,-0.2604320804971872,-7.154934827425796,3.6398945172626465
PAPER & BOARD,CPPL,3160,3240,symmetrical,up,60,False,-16.040248594258657,-440.67894050736373,3.6398945172626465
PAPER & BOARD,CPPL,3160,3240,symmetrical,up,90,False,-31.879254217224023,-875.8290677389894,3.6398945172626465
PAPER & BOARD,CPPL,4480,4560,ascending,down,10,False,4.169354838709679,90.57151286691774,4.603384338777654
PAPER & BOARD,CPPL,4480,4560,ascending,down,20,False,3.66129032258065,79.53475211137466,4.603384338777654
PAPER & BOARD,CPPL,4480,4560,ascending,down,30,False,4.0403225806451655,87.76852600836716,4.603384338777654
PAPER & BOARD,CPPL,4480,4560,ascending,down,60,False,12.096774193548388,262.78001798912294,4.603384338777654
PAPER & BOARD,CPPL,4480,4560,ascending,down,90,False,17.46774193548387,379.4543459762935,4.603384338777654
TEXTILE COMPOSITE,CRTM,2240,2320,descending,sequential,10,False,-0.5818181818181823,-8.537250956562275,6.8150530513684835
TEXTILE COMPOSITE,CRTM,2240,2320,descending,sequential,20,False,-7.018181818181817,-102.98058966353231,6.8150530513684835
TEXTILE COMPOSITE,CRTM,2240,2320,descending,sequential,30,False,-27.600000000000012,-404.9858422519227,6.8150530513684835
TEXTILE COMPOSITE,CRTM,2240,2320,descending,sequential,60,False,-104.61818181818184,-1535.1044376268528,6.8150530513684835
TEXTILE COMPOSITE,CRTM,2240,2320,descending,sequential,90,False,-35.52727272727274,-521.3058865350836,6.8150530513684835
TEXTILE COMPOSITE,CRTM,3560,3640,descending,up,10,False,-2.5695931477516085,-18777.652341882378,0.01368431527523966
TEXTILE COMPOSITE,CRTM,3560,3640,descending,up,20,False,-4.978586723768736,-36381.701412397066,0.01368431527523966
TEXTILE COMPOSITE,CRTM,3560,3640,descending,up,30,False,-10.224839400428266,-74719.40827707357,0.01368431527523966
TEXTILE COMPOSITE,CRTM,3560,3640,descending,up,60,False,-13.383297644539615,-97800.27261397064,0.01368431527523966
TEXTILE COMPOSITE,CRTM,3560,3640,descending,up,90,False,-30.567451820128476,-223375.82265030892,0.01368431527523966
ENGINEERING,CSAP,4920,5000,descending,up,10,False,0.4905660377358453,19.442447379026266,2.5231701964900175
ENGINEERING,CSAP,4920,5000,descending,up,20,False,-5.471698113207545,-216.85806691990987,2.5231701964900175
ENGINEERING,CSAP,4920,5000,descending,up,30,False,-9.632075471698107,-381.7449764228069,2.5231701964900175
ENGINEERING,CSAP,4920,5000,descending,up,60,False,-8.500000000000005,-336.87779016351556,2.5231701964900175
ENGINEERING,CSAP,4920,5000,descending,up,90,False,15.037735849056602,595.985790810925,2.5231701964900175
INSURANCE,CYAN,640,720,descending,up,10,False,42.06839476250997,1633.1080389018655,2.5759713234157857
INSURANCE,CYAN,640,720,descending,up,20,False,68.46471393806834,2657.8212775786214,2.5759713234157857
INSURANCE,CYAN,640,720,descending,up,30,False,62.04396102424652,2408.565672306285,2.5759713234157857
INSURANCE,CYAN,640,720,descending,up,60,False,78.11998147765003,3032.641736634765,2.5759713234157857
INSURANCE,CYAN,640,720,descending,up,90,False,67.49032010167588,2619.9950088024448,2.5759713234157857
INSURANCE,CYAN,1840,1920,symmetrical,sequential,10,False,9.072686885048697,3263.189998531752,0.27803121758557986
INSURANCE,CYAN,1840,1920,symmetrical,sequential,20,False,59.227976122902994,21302.635235437985,0.27803121758557986
INSURANCE,CYAN,1840,1920,symmetrical,sequential,30,False,40.61597217162636,14608.421501849696,0.27803121758557986
INSURANCE,CYAN,1840,1920,symmetrical,sequential,60,False,34.02486322178148,12237.785208888781,0.27803121758557986
INSURANCE,CYAN,1840,1920,symmetrical,sequential,90,False,39.83656083051361,14328.089189571545,0.27803121758557986
INSURANCE,CYAN,4120,4200,descending,up,10,False,2.0408163265306056,117.29756937980899,1.7398624177134066
INSURANCE,CYAN,4120,4200,descending,up,20,False,14.119117034568918,811.507673872558,1.7398624177134066
INSURANCE,CYAN,4120,4200,descending,up,30,False,17.492711370262388,1005.407737541223,1.7398624177134066
INSURANCE,CYAN,4120,4200,descending,up,60,False,49.937526030820486,2870.1997078855393,1.7398624177134066
INSURANCE,CYAN,4120,4200,descending,up,90,False,32.528113286130775,1869.5796262373697,1.7398624177134066
CHEMICAL,DAAG,840,920,symmetrical,up,10,False,-7.35449735449734,-10068.143435114313,0.07304720479892367
CHEMICAL,DAAG,840,920,symmetrical,up,20,False,0.31746031746032954,434.59611950135456,0.07304720479892367
CHEMICAL,DAAG,840,920,symmetrical,up,30,False,-9.25925925925926,-12675.720152122361,0.07304720479892367
CHEMICAL,DAAG,840,920,symmetrical,up,60,False,-18.095238095238088,-24771.97881157626,0.07304720479892367
CHEMICAL,DAAG,840,920,symmetrical,up,90,False,-18.042328042328034,-24699.546124992703,0.07304720479892367
CHEMICAL,DAAG,2240,2320,descending,down,10,False,0.010637166258914067,0.14028502028744952,7.582538917639316
CHEMICAL,DAAG,2240,2320,descending,down,20,False,4.818636315285609,63.54911419018213,7.582538917639316
CHEMICAL,DAAG,2240,2320,descending,down,30,False,1.0743537921497766,14.168787049025225,7.582538917639316
CHEMICAL,DAAG,2240,2320,descending,down,60,False,6.105733432613561,80.52360164495495,7.582538917639316
CHEMICAL,DAAG,2240,2320,descending,down,90,False,38.43208169343687,506.8497782982958,7.582538917639316
CEMENT,DBCI,1840,1920,symmetrical,sequential,10,False,-59.64125560538117,-792.5024844496035,7.525686893814887
CEMENT,DBCI,1840,1920,symmetrical,sequential,20,False,-104.93273542600899,-1394.3276794075732,7.525686893814887
CEMENT,DBCI,1840,1920,symmetrical,sequential,30,False,-89.68609865470854,-1191.7330593227123,7.525686893814887
CEMENT,DBCI,1840,1920,symmetrical,sequential,60,False,-110.31390134529151,-1465.831662966936,7.525686893814887
CEMENT,DBCI,1840,1920,symmetrical,sequential,90,False,-73.54260089686099,-977.2211086446239,7.525686893814887
CEMENT,DCL,680,760,symmetrical,up,10,False,-2.5641025641025665,-37.162543551755654,6.899696089239918
CEMENT,DCL,680,760,symmetrical,up,20,False,-2.5641025641025665,-37.162543551755654,6.899696089239918
CEMENT,DCL,680,760,symmetrical,up,30,False,7.05128205128205,102.19699476732794,6.899696089239918
CEMENT,DCL,680,760,symmetrical,up,60,False,-12.179487179487182,-176.52208187083923,6.899696089239918
CEMENT,DCL,680,760,symmetrical,up,90,False,-21.41025641025641,-310.3072386571594,6.899696089239918
CEMENT,DCL,1560,1640,ascending,down,10,False,13.076923076923089,47.09946800319808,27.76448149273184
CEMENT,DCL,1560,1640,ascending,down,20,False,6.923076923076929,24.93501247228134,27.76448149273184
CEMENT,DCL,1560,1640,ascending,down,30,False,-15.38461538461538,-55.41113882729181,27.76448149273184
CEMENT,DCL,1560,1640,ascending,down,60,False,-60.76923076923075,-218.8739983678026,27.76448149273184
CEMENT,DCL,1560,1640,ascending,down,90,False,-365.38461538461536,-1316.0145471481806,27.76448149273184
CEMENT,DCL,2520,2600,ascending,down,10,False,5.206220419202161,164.2582263768464,3.169534052594654
CEMENT,DCL,2520,2600,ascending,down,20,False,16.835699797160235,531.172706075776,3.169534052594654
CEMENT,DCL,2520,2600,ascending,down,30,False,9.46585530764029,298.65132068517516,3.169534052594654
CEMENT,DCL,2520,2600,ascending,down,60,False,16.970926301555103,535.4391535141359,3.169534052594654
CEMENT,DCL,2520,2600,ascending,down,90,False,17.917511832319125,565.3042855826533,3.169534052594654
CEMENT,DCL,4760,4840,ascending,up,10,False,10.60606060606061,63.41203817041367,16.725626414274615
CEMENT,DCL,4760,4840,ascending,up,20,False,-0.9740259740259725,-5.8235545258543056,16.725626414274615
CEMENT,DCL,4760,4840,ascending,up,30,False,-4.329004329004333,-25.88246455935253,16.725626414274615
CEMENT,DCL,4760,4840,ascending,up,60,False,-2.8138528138528116,-16.823601963579115,16.725626414274615
CEMENT,DCL,4760,4840,ascending,up,90,False,7.359307359307356,44.000189750899246,16.725626414274615
REAL ESTATE INVESTMENT TRUST,DCR,1240,1320,descending,down,10,False,-0.8563273073263546,-38.289935353673776,2.2364292324254165
REAL ESTATE INVESTMENT TRUST,DCR,1240,1320,descending,down,20,False,-2.0932445290199873,-93.59761975342519,2.2364292324254165
REAL ESTATE INVESTMENT TRUST,DCR,1240,1320,descending,down,30,False,-1.8078020932445242,-80.83430796886677,2.2364292324254165
REAL ESTATE INVESTMENT TRUST,DCR,1240,1320,descending,down,60,False,1.9029495718363396,85.088745230386,2.2364292324254165
REAL ESTATE INVESTMENT TRUST,DCR,1240,1320,descending,down,90,False,8.563273073263563,382.89935353673854,2.2364292324254165
AUTOMOBILE ASSEMBLER,DFML,3840,3920,ascending,down,10,False,1.1730205278592385,17.753647461827438,6.607208633501252
AUTOMOBILE ASSEMBLER,DFML,3840,3920,ascending,down,20,False,1.1730205278592385,17.753647461827438,6.607208633501252
AUTOMOBILE ASSEMBLER,DFML,3840,3920,ascending,down,30,False,17.155425219941346,259.64709412922605,6.607208633501252
AUTOMOBILE ASSEMBLER,DFML,3840,3920,ascending,down,60,False,26.24633431085044,397.2378619583886,6.607208633501252
AUTOMOBILE ASSEMBLER,DFML,3840,3920,ascending,down,90,False,-2.63929618768328,-39.94570678911164,6.607208633501252
AUTOMOBILE ASSEMBLER,DFML,3880,3960,descending,down,10,False,5.641025641025642,44.081458514803664,12.796821682139313
AUTOMOBILE ASSEMBLER,DFML,3880,3960,descending,down,20,False,11.62393162393162,90.834520575959,12.796821682139313
AUTOMOBILE ASSEMBLER,DFML,3880,3960,descending,down,30,False,14.87179487179486,116.21475426630043,12.796821682139313
AUTOMOBILE ASSEMBLER,DFML,3880,3960,descending,down,60,False,-36.752136752136764,-287.1973812328117,12.796821682139313
AUTOMOBILE ASSEMBLER,DFML,3880,3960,descending,down,90,False,-97.60683760683763,-762.742812483421,12.796821682139313
CEMENT,DGKC,680,760,descending,up,10,False,14.736842105263156,560.2132657811966,2.6305771400670386
CEMENT,DGKC,680,760,descending,up,20,False,14.368421052631586,546.207934136667,2.6305771400670386
CEMENT,DGKC,680,760,descending,up,30,False,18.631578947368425,708.269628880513,2.6305771400670386
CEMENT,DGKC,680,760,descending,up,60,False,-2.3263157894736777,-88.43366552688863,2.6305771400670386
CEMENT,DGKC,680,760,descending,up,90,False,-37.28421052631579,-1417.3395624264276,2.6305771400670386
CEMENT,DGKC,1480,1560,symmetrical,down,10,False,3.522415370539797,95.67279754181841,3.6817313395692803
CEMENT,DGKC,1480,1560,symmetrical,down,20,False,5.8554437328453846,159.0404946149711,3.6817313395692803
CEMENT,DGKC,1480,1560,symmetrical,down,30,False,6.1299176578225065,166.4955178000477,3.6817313395692803
CEMENT,DGKC,1480,1560,symmetrical,down,60,False,4.025617566331194,109.34034004779241,3.6817313395692803
CEMENT,DGKC,1480,1560,symmetrical,down,90,False,13.540713632204945,367.7811437971204,3.6817313395692803
CEMENT,DGKC,2920,3000,ascending,down,10,False,2.8775079197465647,69.21898753621737,4.157107785260467
CEMENT,DGKC,2920,3000,ascending,down,20,False,8.430130235832452,202.7883488064107,4.157107785260467
CEMENT,DGKC,2920,3000,ascending,down,30,False,13.608764519535377,327.3613584855055,4.157107785260467
CEMENT,DGKC,2920,3000,ascending,down,60,False,31.590989088349176,759.9271108716229,4.157107785260467
CEMENT,DGKC,2920,3000,ascending,down,90,False,37.2580077437522,896.2482973343874,4.157107785260467
CEMENT,DNCC,240,320,ascending,down,10,False,5.17336268574573,40.10679541764497,12.898967947635406
CEMENT,DNCC,240,320,ascending,down,20,False,-2.5316455696202493,-19.626729672464545,12.898967947635406
CEMENT,DNCC,240,320,ascending,down,30,False,6.053935057787567,46.93348399937186,12.898967947635406
CEMENT,DNCC,240,320,ascending,down,60,False,-51.67859108420474,-400.6412861400921,12.898967947635406
CEMENT,DNCC,240,320,ascending,down,90,False,-19.59273527793065,-151.89382094342147,12.898967947635406
CEMENT,DNCC,1440,1520,symmetrical,sequential,10,False,1.6260162601625958,18.114158870445618,8.976493315488929
CEMENT,DNCC,1440,1520,symmetrical,sequential,20,False,-0.8130081300813123,-9.05707943522297,8.976493315488929
CEMENT,DNCC,1440,1520,symmetrical,sequential,30,False,-10.569105691056915,-117.742032657897,8.976493315488929
CEMENT,DNCC,1440,1520,symmetrical,sequential,60,False,-2.439024390243908,-27.171238305668588,8.976493315488929
CEMENT,DNCC,1440,1520,symmetrical,sequential,90,False,50.081300813008134,557.916093209727,8.976493315488929
CEMENT,DNCC,2160,2240,symmetrical,sequential,10,False,-4.002163331530549,-401.28218162769247,0.997343892842901
CEMENT,DNCC,2160,2240,symmetrical,sequential,20,False,-15.84640346133044,-1588.8605299582982,0.997343892842901
CEMENT,DNCC,2160,2240,symmetrical,sequential,30,False,-29.691725256895612,-2977.0799691027514,0.997343892842901
CEMENT,DNCC,2160,2240,symmetrical,sequential,60,False,-25.04056246619794,-2510.725001265162,0.997343892842901
CEMENT,DNCC,2160,2240,symmetrical,sequential,90,False,-47.268793942671714,-4739.467928954107,0.997343892842901
CHEMICAL,DOL,680,760,descending,down,10,False,17.570498915401313,1530.2378565570284,1.1482201175531106
CHEMICAL,DOL,680,760,descending,down,20,False,17.78741865509762,1549.1296819466206,1.1482201175531106
CHEMICAL,DOL,680,760,descending,down,30,False,8.242950108459866,717.8893648045312,1.1482201175531106
CHEMICAL,DOL,680,760,descending,down,60,False,9.761388286334059,850.1321425316822,1.1482201175531106
CHEMICAL,DOL,680,760,descending,down,90,False,-9.544468546637733,-831.2403171420879,1.1482201175531106
CHEMICAL,DOL,3200,3280,descending,whipsaw,10,False,-15.803108808290157,-807.2193019322187,1.957721869442751
CHEMICAL,DOL,3200,3280,descending,whipsaw,20,False,-22.19343696027634,-1133.6358502545368,1.957721869442751
CHEMICAL,DOL,3200,3280,descending,whipsaw,30,False,-21.24352331606218,-1085.114471449868,1.957721869442751
CHEMICAL,DOL,3200,3280,descending,whipsaw,60,False,-32.38341968911917,-1654.13791379553,1.957721869442751
CHEMICAL,DOL,3200,3280,descending,whipsaw,90,False,-28.79965457685666,-1471.079984668825,1.957721869442751
CHEMICAL,DOL,3560,3640,symmetrical,down,10,False,1.6700610997963345,68.98370409215397,2.4209501675429497
CHEMICAL,DOL,3560,3640,symmetrical,down,20,False,0.4887983706721018,20.19035241721596,2.4209501675429497
CHEMICAL,DOL,3560,3640,symmetrical,down,30,False,3.9511201629328,163.20534870582804,2.4209501675429497
CHEMICAL,DOL,3560,3640,symmetrical,down,60,False,10.590631364562125,437.45763570634233,2.4209501675429497
CHEMICAL,DOL,3560,3640,symmetrical,down,90,False,-2.2810590631364507,-94.22164461367348,2.4209501675429497
CHEMICAL,DOL,4080,4160,ascending,sequential,10,False,3.12917892484622,69.47016075794971,4.5043496239328
CHEMICAL,DOL,4080,4160,ascending,sequential,20,False,2.59427654453062,57.59491960274449,4.5043496239328
CHEMICAL,DOL,4080,4160,ascending,sequential,30,False,-6.9269858250869305,-153.78437295990577,4.5043496239328
CHEMICAL,DOL,4080,4160,ascending,sequential,60,False,-8.424712489970576,-187.03504819447966,4.5043496239328
CHEMICAL,DOL,4080,4160,ascending,sequential,90,False,-13.238833912810918,-293.9122185913255,4.5043496239328
ENGINEERING,DSL,2280,2360,ascending,whipsaw,10,False,-15.119363395225454,-202.85700459248187,7.453212387513385
ENGINEERING,DSL,2280,2360,ascending,whipsaw,20,False,-17.418213969938098,-233.7007596767189,7.453212387513385
ENGINEERING,DSL,2280,2360,ascending,whipsaw,30,False,-12.820512820512814,-172.01324950824488,7.453212387513385
ENGINEERING,DSL,2280,2360,ascending,whipsaw,60,False,3.5366931918656084,47.45193089882624,7.453212387513385
ENGINEERING,DSL,2280,2360,ascending,whipsaw,90,False,-14.677276746242265,-196.92551323012876,7.453212387513385
ENGINEERING,DSL,3080,3160,ascending,sequential,10,False,16.063348416289593,188.76998308044406,8.50948236269334
ENGINEERING,DSL,3080,3160,ascending,sequential,20,False,-49.32126696832579,-579.6036100216451,8.50948236269334
ENGINEERING,DSL,3080,3160,ascending,sequential,30,False,-9.502262443438912,-111.66675055462886,8.50948236269334
ENGINEERING,DSL,3080,3160,ascending,sequential,60,False,-20.361990950226254,-239.28589404563346,8.50948236269334
ENGINEERING,DSL,3080,3160,ascending,sequential,90,False,-33.48416289592761,-393.49235909726383,8.50948236269334
ENGINEERING,DSL,4000,4080,descending,up,10,False,3.758169934640515,33.95142644089329,11.069254899151844
ENGINEERING,DSL,4000,4080,descending,up,20,False,11.437908496732028,103.33042829837113,11.069254899151844
ENGINEERING,DSL,4000,4080,descending,up,30,False,9.803921568627445,88.5689385414609,11.069254899151844
ENGINEERING,DSL,4000,4080,descending,up,60,False,11.27450980392156,101.85427932268001,11.069254899151844
ENGINEERING,DSL,4000,4080,descending,up,90,False,14.052287581699352,126.94881190942739,11.069254899151844
ENGINEERING,DSL,4360,4440,descending,down,10,False,7.4324324324324245,296.6587992460406,2.5053807442496154
ENGINEERING,DSL,4360,4440,descending,down,20,False,9.628378378378383,384.30798993237136,2.5053807442496154
ENGINEERING,DSL,4360,4440,descending,down,30,False,-12.66891891891892,-505.6684078057516,2.5053807442496154
ENGINEERING,DSL,4360,4440,descending,down,60,False,4.3918918918918886,175.2983813726604,2.5053807442496154
ENGINEERING,DSL,4360,4440,descending,down,90,True,,,2.5053807442496154
CHEMICAL,DYNO,400,480,ascending,sequential,10,False,1.1111111111111072,12.54670169085032,8.85580241316636
CHEMICAL,DYNO,400,480,ascending,sequential,20,False,-5.555555555555555,-62.73350845425183,8.85580241316636
CHEMICAL,DYNO,400,480,ascending,sequential,30,False,-27.77777777777778,-313.66754227125915,8.85580241316636
CHEMICAL,DYNO,400,480,ascending,sequential,60,False,-20.333333333333332,-229.6046409425617,8.85580241316636
CHEMICAL,DYNO,400,480,ascending,sequential,90,False,38.88888888888889,439.1345591797628,8.85580241316636
CHEMICAL,DYNO,880,960,descending,down,10,False,-11.446409989594187,-88.69605905510231,12.905206963573344
CHEMICAL,DYNO,880,960,descending,down,20,False,-5.931321540062438,-45.9606851467348,12.905206963573344
CHEMICAL,DYNO,880,960,descending,down,30,False,-12.903225806451616,-99.98464838938796,12.905206963573344
CHEMICAL,DYNO,880,960,descending,down,60,False,5.202913631633716,40.31639047959191,12.905206963573344
CHEMICAL,DYNO,880,960,descending,down,90,False,6.8678459937565055,53.217635433061325,12.905206963573344
MISCELLANEOUS,ECOP,280,360,descending,down,10,False,-3.7370018207566273,-37.52136981497413,9.959662558122425
MISCELLANEOUS,ECOP,280,360,descending,down,20,False,0.7473194416346325,7.503461460400278,9.959662558122425
MISCELLANEOUS,ECOP,280,360,descending,down,30,False,1.046328140805184,10.505658547154994,9.959662558122425
MISCELLANEOUS,ECOP,280,360,descending,down,60,False,7.546024681367585,75.76586693907174,9.959662558122425
MISCELLANEOUS,ECOP,280,360,descending,down,90,False,27.372041270483514,274.82900259668673,9.959662558122425
MISCELLANEOUS,ECOP,1040,1120,ascending,down,10,False,-4.098360655737709,-28.292022879635876,14.485923022095534
MISCELLANEOUS,ECOP,1040,1120,ascending,down,20,False,2.4590163934426252,16.975213727781522,14.485923022095534
MISCELLANEOUS,ECOP,1040,1120,ascending,down,30,False,18.23770491803278,125.89950181437948,14.485923022095534
MISCELLANEOUS,ECOP,1040,1120,ascending,down,60,False,14.959016393442614,103.26588351067079,14.485923022095534
MISCELLANEOUS,ECOP,1040,1120,ascending,down,90,False,18.442622950819672,127.3141029583613,14.485923022095534
MISCELLANEOUS,ECOP,4920,5000,ascending,up,10,False,9.700038955979737,86.04264748204477,11.273524513531415
MISCELLANEOUS,ECOP,4920,5000,ascending,up,20,False,6.271912738605373,55.6340009823663,11.273524513531415
MISCELLANEOUS,ECOP,4920,5000,ascending,up,30,True,,,11.273524513531415
MISCELLANEOUS,ECOP,4920,5000,ascending,up,60,True,,,11.273524513531415
MISCELLANEOUS,ECOP,4920,5000,ascending,up,90,True,,,11.273524513531415
FERTILIZER,EFERT,520,600,descending,down,10,False,3.0940222288975705,128.88197892017237,2.400663191875695
FERTILIZER,EFERT,520,600,descending,down,20,False,-3.0940222288975705,-128.88197892017237,2.400663191875695
FERTILIZER,EFERT,520,600,descending,down,30,False,-1.7272454190447668,-71.94867755252369,2.400663191875695
FERTILIZER,EFERT,520,600,descending,down,60,False,4.6860919194953405,195.19989040336748,2.400663191875695
FERTILIZER,EFERT,520,600,descending,down,90,False,4.025232802643436,167.67170073109781,2.400663191875695
FERTILIZER,EFERT,1320,1400,ascending,up,10,False,-0.10141987829613618,-2.381805298827044,4.25810952499274
FERTILIZER,EFERT,1320,1400,ascending,up,20,False,4.520428861199659,106.16046474773017,4.25810952499274
FERTILIZER,EFERT,1320,1400,ascending,up,30,False,3.709069834830488,87.1060223571119,4.25810952499274
FERTILIZER,EFERT,1320,1400,ascending,up,60,False,7.896261953057089,185.44055540869516,4.25810952499274
FERTILIZER,EFERT,1320,1400,ascending,up,90,False,-0.11590843233845016,-2.7220631986596864,4.25810952499274
INSURANCE,EFUG,1680,1760,symmetrical,up,10,False,3.0534752217097174,55.745870564282676,5.4774913205250595
INSURANCE,EFUG,1680,1760,symmetrical,up,20,False,1.5267376108548587,27.872935282141338,5.4774913205250595
INSURANCE,EFUG,1680,1760,symmetrical,up,30,False,3.040777948777456,55.5140623844197,5.4774913205250595
INSURANCE,EFUG,1680,1760,symmetrical,up,60,False,11.323121515091147,206.72093943191751,5.4774913205250595
INSURANCE,EFUG,1680,1760,symmetrical,up,90,False,1.7684236335654608,32.285284085049796,5.4774913205250595
INSURANCE,EFUG,1800,1880,descending,up,10,False,2.639073629649659,214.56717320762078,1.229952182431943
INSURANCE,EFUG,1800,1880,descending,up,20,False,-0.29347709808877015,-23.86085429016336,1.229952182431943
INSURANCE,EFUG,1800,1880,descending,up,30,False,-0.29347709808877015,-23.86085429016336,1.229952182431943
INSURANCE,EFUG,1800,1880,descending,up,60,False,12.6802694176276,1030.9562923458802,1.229952182431943
INSURANCE,EFUG,1800,1880,descending,up,90,False,-0.8800276118755285,-71.54974188797156,1.229952182431943
INSURANCE,EFUL,120,200,descending,up,10,False,5.614193162563535,146.43698849544268,3.8338627557464804
INSURANCE,EFUL,120,200,descending,up,20,False,8.393501445230738,218.9306707093239,3.8338627557464804
INSURANCE,EFUL,120,200,descending,up,30,False,11.172889464766278,291.4264327281803,3.8338627557464804
INSURANCE,EFUL,120,200,descending,up,60,False,16.731506030100682,436.4137971559428,3.8338627557464804
INSURANCE,EFUL,120,200,descending,up,90,False,27.95997209209609,729.2898539518034,3.8338627557464804
INSURANCE,EFUL,760,840,descending,sequential,10,False,-7.43540669856459,-93.73200857521581,7.932622816460828
INSURANCE,EFUL,760,840,descending,sequential,20,False,-19.119617224880386,-241.02516490769796,7.932622816460828
INSURANCE,EFUL,760,840,descending,sequential,30,False,-54.25837320574162,-683.9903328461696,7.932622816460828
INSURANCE,EFUL,760,840,descending,sequential,60,False,-33.33014354066987,-420.16549017693296,7.932622816460828
INSURANCE,EFUL,760,840,descending,sequential,90,False,-31.751196172248807,-400.26100959146237,7.932622816460828
INSURANCE,EFUL,2760,2840,symmetrical,sequential,10,False,-1.5629536436659197,-33.21440596320716,4.705649847831878
INSURANCE,EFUL,2760,2840,symmetrical,sequential,20,False,0.682280073550758,14.499167928211188,4.705649847831878
INSURANCE,EFUL,2760,2840,symmetrical,sequential,30,False,-5.729217071518438,-121.7518782056886,4.705649847831878
INSURANCE,EFUL,2760,2840,symmetrical,sequential,60,False,2.637181844575626,56.04288312677376,4.705649847831878
INSURANCE,EFUL,2760,2840,symmetrical,sequential,90,False,5.859866447304745,124.52831461747354,4.705649847831878
FERTILIZER,ENGRO,80,160,descending,up,10,False,1.5918819140972433,53.862458688157766,2.9554572013015723
FERTILIZER,ENGRO,80,160,descending,up,20,False,15.061241812919754,509.6078470121929,2.9554572013015723
FERTILIZER,ENGRO,80,160,descending,up,30,False,12.775470857086797,432.2671582407123,2.9554572013015723
FERTILIZER,ENGRO,80,160,descending,up,60,False,37.75515644761229,1277.4726167912384,2.9554572013015723
FERTILIZER,ENGRO,80,160,descending,up,90,False,36.12243243992586,1222.2282367688383,2.9554572013015723
FERTILIZER,ENGRO,1280,1360,descending,up,10,False,-1.1686247940949344,-71.10206381036986,1.6435877265274215
FERTILIZER,ENGRO,1280,1360,descending,up,20,False,-0.7456925315890737,-45.36980409099159,1.6435877265274215
FERTILIZER,ENGRO,1280,1360,descending,up,30,False,1.6193260707426504,98.5238600049642,1.6435877265274215
FERTILIZER,ENGRO,1280,1360,descending,up,60,False,16.47742059297749,1002.5276002633003,1.6435877265274215
FERTILIZER,ENGRO,1280,1360,descending,up,90,False,12.237048517265489,744.5327267757087,1.6435877265274215
FERTILIZER,ENGRO,1320,1400,ascending,up,10,False,1.3949395594733607,52.871085427291916,2.6383788950042937
FERTILIZER,ENGRO,1320,1400,ascending,up,20,False,7.116084951415004,269.7142917906574,2.6383788950042937
FERTILIZER,ENGRO,1320,1400,ascending,up,30,False,5.3954018685227,204.4968551991817,2.6383788950042937
FERTILIZER,ENGRO,1320,1400,ascending,up,60,False,18.748262795750158,710.5978156226741,2.6383788950042937
FERTILIZER,ENGRO,1320,1400,ascending,up,90,False,11.534468968568639,437.1801559817232,2.6383788950042937
FERTILIZER,ENGRO,1840,1920,symmetrical,sequential,10,False,5.566824430921792,145.71965569602094,3.820228921302483
FERTILIZER,ENGRO,1840,1920,symmetrical,sequential,20,False,-6.040117196303808,-158.10877622078388,3.820228921302483
FERTILIZER,ENGRO,1840,1920,symmetrical,sequential,30,False,-6.423258958755921,-168.1380642646397,3.820228921302483
FERTILIZER,ENGRO,1840,1920,symmetrical,sequential,60,False,-45.368492224476,-1187.58569601656,3.820228921302483
FERTILIZER,ENGRO,1840,1920,symmetrical,sequential,90,False,-58.417849898580144,-1529.1714476278808,3.820228921302483
FERTILIZER,ENGRO,1880,1960,ascending,up,10,False,24.17305365066559,745.470350732686,3.2426579577453465
FERTILIZER,ENGRO,1880,1960,ascending,up,20,False,18.102057281161763,558.2475092053282,3.2426579577453465
FERTILIZER,ENGRO,1880,1960,ascending,up,30,False,35.538523598225105,1095.968926150182,3.2426579577453465
FERTILIZER,ENGRO,1880,1960,ascending,up,60,False,41.23638563937073,1271.6847159557592,3.2426579577453465
FERTILIZER,ENGRO,1880,1960,ascending,up,90,False,22.59983864461476,696.9541326624736,3.2426579577453465
FERTILIZER,ENGRO,4200,4280,descending,down,10,False,3.3546199936928494,95.46473086194015,3.513988845309014
FERTILIZER,ENGRO,4200,4280,descending,down,20,False,5.8183538315988725,165.5769010014378,3.513988845309014
FERTILIZER,ENGRO,4200,4280,descending,down,30,False,-0.43361715547145785,-12.339741944551516,3.513988845309014
FERTILIZER,ENGRO,4200,4280,descending,down,60,False,8.155944497004098,232.09932802979284,3.513988845309014
FERTILIZER,ENGRO,4200,4280,descending,down,90,False,-2.0616524755597676,-58.669863972731804,3.513988845309014
CHEMICAL,EPCL,2840,2920,descending,sequential,10,False,-8.886470801595934,-164.58449741116686,5.39933647541278
CHEMICAL,EPCL,2840,2920,descending,sequential,20,False,-0.10881392818281152,-2.0153203764633445,5.39933647541278
CHEMICAL,EPCL,2840,2920,descending,sequential,30,False,11.280377221617698,208.92154569335878,5.39933647541278
CHEMICAL,EPCL,2840,2920,descending,sequential,60,False,50.126949582879945,928.3909200907456,5.39933647541278
CHEMICAL,EPCL,2840,2920,descending,sequential,90,False,70.620239390642,1307.942924324661,5.39933647541278
CHEMICAL,EPCLPS,280,360,descending,up,10,False,4.083333333333336,94.30499738234013,4.329922535046901
CHEMICAL,EPCLPS,280,360,descending,up,20,False,5.41666666666667,125.0984659153492,4.329922535046901
CHEMICAL,EPCLPS,280,360,descending,up,30,False,4.166666666666666,96.22958916565317,4.329922535046901
CHEMICAL,EPCLPS,280,360,descending,up,60,False,-8.166666666666671,-188.60999476468027,4.329922535046901
CHEMICAL,EPCLPS,280,360,descending,up,90,False,2.083333333333333,48.11479458282658,4.329922535046901
POWER GENERATION & DISTRIBUTION,EPQL,960,1040,descending,up,10,False,-3.226975208182381,-222.27223024485488,1.4518121335389256
POWER GENERATION & DISTRIBUTION,EPQL,960,1040,descending,up,20,False,-5.815445290504987,-400.5645879490829,1.4518121335389256
POWER GENERATION & DISTRIBUTION,EPQL,960,1040,descending,up,30,False,-5.075967261020903,-349.6297588206379,1.4518121335389256
POWER GENERATION & DISTRIBUTION,EPQL,960,1040,descending,up,60,False,-17.579976479253045,-1210.8988534487746,1.4518121335389256
POWER GENERATION & DISTRIBUTION,EPQL,960,1040,descending,up,90,False,-22.31976336703057,-1537.372697982906,1.4518121335389256
POWER GENERATION & DISTRIBUTION,EPQL,1960,2040,symmetrical,sequential,10,False,-12.804037217493963,-406.16539376379563,3.1524195350183177
POWER GENERATION & DISTRIBUTION,EPQL,1960,2040,symmetrical,sequential,20,False,-15.343748941585172,-486.72928114867864,3.1524195350183177
POWER GENERATION & DISTRIBUTION,EPQL,1960,2040,symmetrical,sequential,30,False,-10.37222332431765,-329.02420534763564,3.1524195350183177
POWER GENERATION & DISTRIBUTION,EPQL,1960,2040,symmetrical,sequential,60,False,-12.804037217493963,-406.16539376379563,3.1524195350183177
POWER GENERATION & DISTRIBUTION,EPQL,1960,2040,symmetrical,sequential,90,False,-14.270576793740961,-452.68647257186973,3.1524195350183177
POWER GENERATION & DISTRIBUTION,EPQL,2040,2120,symmetrical,down,10,False,-2.366603389520379,-73.44072191066147,3.222467492080599
POWER GENERATION & DISTRIBUTION,EPQL,2040,2120,symmetrical,down,20,False,5.11458500102921,158.71641881876545,3.222467492080599
POWER GENERATION & DISTRIBUTION,EPQL,2040,2120,symmetrical,down,30,False,-7.015758296548729,-217.71385789896604,3.222467492080599
POWER GENERATION & DISTRIBUTION,EPQL,2040,2120,symmetrical,down,60,False,3.3815154495345707,104.9355954046035,3.222467492080599
POWER GENERATION & DISTRIBUTION,EPQL,2040,2120,symmetrical,down,90,False,-5.536559705418196,-171.81118875596462,3.222467492080599
AUTOMOBILE PARTS & ACCESSORIES,EXIDE,4120,4200,descending,up,10,False,2.7928789752444128,31.255826468425735,8.93554671499647
AUTOMOBILE PARTS & ACCESSORIES,EXIDE,4120,4200,descending,up,20,False,0.4491472036211791,5.026521800477841,8.93554671499647
AUTOMOBILE PARTS & ACCESSORIES,EXIDE,4120,4200,descending,up,30,False,-9.20576775006416,-103.0241130586244,8.93554671499647
AUTOMOBILE PARTS & ACCESSORIES,EXIDE,4120,4200,descending,up,60,False,-21.571898551062784,-241.41666133151998,8.93554671499647
AUTOMOBILE PARTS & ACCESSORIES,EXIDE,4120,4200,descending,up,90,False,-31.303810168226036,-350.32898564213264,8.93554671499647
AUTOMOBILE PARTS & ACCESSORIES,EXIDE,4160,4240,ascending,down,10,False,6.935555528872131,677.8941159715814,1.0231030725103512
AUTOMOBILE PARTS & ACCESSORIES,EXIDE,4160,4240,ascending,down,20,False,12.2296802391902,1195.351726310691,1.0231030725103512
AUTOMOBILE PARTS & ACCESSORIES,EXIDE,4160,4240,ascending,down,30,False,16.228191304139,1586.1736456641138,1.0231030725103512
AUTOMOBILE PARTS & ACCESSORIES,EXIDE,4160,4240,ascending,down,60,False,24.288853399935157,2374.037773177484,1.0231030725103512
AUTOMOBILE PARTS & ACCESSORIES,EXIDE,4160,4240,ascending,down,90,False,24.52780346057324,2397.393197186893,1.0231030725103512
COMMERCIAL BANKS,FABL,600,680,ascending,down,10,False,4.520547945205475,104.03976075274932,4.3450195506971285
COMMERCIAL BANKS,FABL,600,680,ascending,down,20,False,11.643835616438356,267.98120193889997,4.3450195506971285
COMMERCIAL BANKS,FABL,600,680,ascending,down,30,False,13.013698630136986,299.50840216700584,4.3450195506971285
COMMERCIAL BANKS,FABL,600,680,ascending,down,60,False,11.917808219178086,274.2866419845213,4.3450195506971285
COMMERCIAL BANKS,FABL,600,680,ascending,down,90,False,17.739726027397264,408.27724295397127,4.3450195506971285
COMMERCIAL BANKS,FABL,2040,2120,symmetrical,sequential,10,False,-2.284011916583917,-18.022550737888125,12.673078022093318
COMMERCIAL BANKS,FABL,2040,2120,symmetrical,sequential,20,False,-5.660377358490569,-44.66458226346182,12.673078022093318
COMMERCIAL BANKS,FABL,2040,2120,symmetrical,sequential,30,False,-16.88182720953326,-133.21015762786845,12.673078022093318
COMMERCIAL BANKS,FABL,2040,2120,symmetrical,sequential,60,False,-27.606752730883805,-217.8377871796908,12.673078022093318
COMMERCIAL BANKS,FABL,2040,2120,symmetrical,sequential,90,False,-36.84210526315789,-290.71157929376,12.673078022093318
TEXTILE COMPOSITE,FASM,120,200,descending,down,10,False,21.282798833819236,109.3751745625849,19.45852787795199
TEXTILE COMPOSITE,FASM,120,200,descending,down,20,False,25.510204081632644,131.10038046885174,19.45852787795199
TEXTILE COMPOSITE,FASM,120,200,descending,down,30,False,21.282798833819236,109.3751745625849,19.45852787795199
TEXTILE COMPOSITE,FASM,120,200,descending,down,60,False,8.921282798833815,45.847675912535585,19.45852787795199
TEXTILE COMPOSITE,FASM,120,200,descending,down,90,False,4.518950437317777,23.223495968767992,19.45852787795199
TEXTILE COMPOSITE,FASM,360,440,symmetrical,up,10,False,4.188372577620333,354.56839605136565,1.1812594196955928
TEXTILE COMPOSITE,FASM,360,440,symmetrical,up,20,False,24.817670347989157,2100.9500482446606,1.1812594196955928
TEXTILE COMPOSITE,FASM,360,440,symmetrical,up,30,False,25.0260470931444,2118.590266953684,1.1812594196955928
TEXTILE COMPOSITE,FASM,360,440,symmetrical,up,60,False,46.48885184413418,3935.5327939830713,1.1812594196955928
TEXTILE COMPOSITE,FASM,360,440,symmetrical,up,90,False,77.12023338195456,6528.644944209481,1.1812594196955928
FERTILIZER,FATIMA,1240,1320,symmetrical,up,10,False,10.422812192723702,403.8043752961773,2.581153853293172
FERTILIZER,FATIMA,1240,1320,symmetrical,up,20,False,21.066863323500492,816.1800698793014,2.581153853293172
FERTILIZER,FATIMA,1240,1320,symmetrical,up,30,False,19.444444444444454,753.3237284416892,2.581153853293172
FERTILIZER,FATIMA,1240,1320,symmetrical,up,60,False,12.733529990167158,493.3270434042918,2.581153853293172
FERTILIZER,FATIMA,1240,1320,symmetrical,up,90,False,13.938053097345138,539.9931150776708,2.581153853293172
FERTILIZER,FATIMA,2080,2160,ascending,down,10,False,-1.5683996514667415,-31.288562606072418,5.012693204264839
FERTILIZER,FATIMA,2080,2160,ascending,down,20,False,-1.8007551553877357,-35.923905214379346,5.012693204264839
FERTILIZER,FATIMA,2080,2160,ascending,down,30,False,-0.20331106593087506,-4.0559247822686695,5.012693204264839
FERTILIZER,FATIMA,2080,2160,ascending,down,60,False,5.605576532094103,111.82764042540714,5.012693204264839
FERTILIZER,FATIMA,2080,2160,ascending,down,90,False,7.493465001452217,149.48979911790167,5.012693204264839
CEMENT,FCCL,2520,2600,descending,up,10,False,-3.6764705882352984,-61.917758721347006,5.93766742233159
CEMENT,FCCL,2520,2600,descending,up,20,False,-2.9684095860566346,-49.99285704167995,5.93766742233159
CEMENT,FCCL,2520,2600,descending,up,30,False,-5.310457516339858,-89.43676259750094,5.93766742233159
CEMENT,FCCL,2520,2600,descending,up,60,False,3.0228758169934626,50.91015717088523,5.93766742233159
CEMENT,FCCL,2520,2600,descending,up,90,False,7.352941176470597,123.83551744269401,5.93766742233159
CEMENT,FCCL,2560,2640,ascending,sequential,10,False,-4.115226337448555,-91.94370187633669,4.475811016379883
CEMENT,FCCL,2560,2640,ascending,sequential,20,False,-8.02469135802468,-179.29021865885653,4.475811016379883
CEMENT,FCCL,2560,2640,ascending,sequential,30,False,-11.52263374485595,-257.44236525374265,4.475811016379883
CEMENT,FCCL,2560,2640,ascending,sequential,60,False,-14.814814814814811,-330.9973267548123,4.475811016379883
CEMENT,FCCL,2560,2640,ascending,sequential,90,False,-31.422692533803637,-702.0558378986,4.475811016379883
CEMENT,FCCL,5080,5160,ascending,down,10,False,2.5997150997150884,51.4431191349339,5.05357206839676
CEMENT,FCCL,5080,5160,ascending,down,20,False,7.4430199430199435,147.28235478357848,5.05357206839676
CEMENT,FCCL,5080,5160,ascending,down,30,False,30.217236467236468,597.9381724108438,5.05357206839676
CEMENT,FCCL,5080,5160,ascending,down,60,False,13.746438746438747,272.01430117924065,5.05357206839676
CEMENT,FCCL,5080,5160,ascending,down,90,False,-4.113247863247867,-81.39288027513557,5.05357206839676
FOOD & PERSONAL CARE PRODUCTS,FCEPL,720,800,descending,up,10,False,3.0394524959742313,234.58736194548996,1.2956590972196087
FOOD & PERSONAL CARE PRODUCTS,FCEPL,720,800,descending,up,20,False,4.760466988727862,367.41662980204296,1.2956590972196087
FOOD & PERSONAL CARE PRODUCTS,FCEPL,720,800,descending,up,30,False,18.78019323671497,1449.470256259221,1.2956590972196087
FOOD & PERSONAL CARE PRODUCTS,FCEPL,720,800,descending,up,60,False,35.78904991948469,2762.2273479409373,1.2956590972196087
FOOD & PERSONAL CARE PRODUCTS,FCEPL,720,800,descending,up,90,False,18.5487117552335,1431.6043313428434,1.2956590972196087
FOOD & PERSONAL CARE PRODUCTS,FCEPL,1000,1080,descending,down,10,False,-1.0757314974182444,-20.128080594111864,5.344431588439346
FOOD & PERSONAL CARE PRODUCTS,FCEPL,1000,1080,descending,down,20,False,0.41594951233504307,7.78285782972304,5.344431588439346
FOOD & PERSONAL CARE PRODUCTS,FCEPL,1000,1080,descending,down,30,False,9.158060814687317,171.35705945787228,5.344431588439346
FOOD & PERSONAL CARE PRODUCTS,FCEPL,1000,1080,descending,down,60,False,-8.534136546184744,-159.68277271328753,5.344431588439346
FOOD & PERSONAL CARE PRODUCTS,FCEPL,1000,1080,descending,down,90,False,-11.173264486517507,-209.06366377084206,5.344431588439346
FOOD & PERSONAL CARE PRODUCTS,FCEPL,2920,3000,descending,up,10,False,0.6078001013000279,47.761507471993816,1.2725731105879081
FOOD & PERSONAL CARE PRODUCTS,FCEPL,2920,3000,descending,up,20,False,6.010467668411282,472.30824055637504,1.2725731105879081
FOOD & PERSONAL CARE PRODUCTS,FCEPL,2920,3000,descending,up,30,False,21.661320276886723,1702.167057960194,1.2725731105879081
FOOD & PERSONAL CARE PRODUCTS,FCEPL,2920,3000,descending,up,60,False,38.22387303731219,3003.668136572002,1.2725731105879081
FOOD & PERSONAL CARE PRODUCTS,FCEPL,2920,3000,descending,up,90,False,20.47948674658113,1609.297460097985,1.2725731105879081
FOOD & PERSONAL CARE PRODUCTS,FCEPL,3280,3360,symmetrical,sequential,10,False,0.5234435906002883,6.995546316591721,7.482526266158919
FOOD & PERSONAL CARE PRODUCTS,FCEPL,3280,3360,symmetrical,sequential,20,False,12.58492036975164,168.19079442018426,7.482526266158919
FOOD & PERSONAL CARE PRODUCTS,FCEPL,3280,3360,symmetrical,sequential,30,False,18.565541819801744,248.11863212251956,7.482526266158919
FOOD & PERSONAL CARE PRODUCTS,FCEPL,3280,3360,symmetrical,sequential,60,False,-3.808887403942534,-50.90376255902926,7.482526266158919
FOOD & PERSONAL CARE PRODUCTS,FCEPL,3280,3360,symmetrical,sequential,90,False,-5.078516538590046,-67.87168341203902,7.482526266158919
FOOD & PERSONAL CARE PRODUCTS,FCEPL,3480,3560,symmetrical,sequential,10,False,-4.2435227636208595,-108.00630564382104,3.928958349538389
FOOD & PERSONAL CARE PRODUCTS,FCEPL,3480,3560,symmetrical,sequential,20,False,-4.574048406013441,-116.4188570884403,3.928958349538389
FOOD & PERSONAL CARE PRODUCTS,FCEPL,3480,3560,symmetrical,sequential,30,False,-11.802964068664044,-300.40949836108,3.928958349538389
FOOD & PERSONAL CARE PRODUCTS,FCEPL,3480,3560,symmetrical,sequential,60,False,-21.29224864058003,-541.9311366098254,3.928958349538389
FOOD & PERSONAL CARE PRODUCTS,FCEPL,3480,3560,symmetrical,sequential,90,False,10.704765966520942,272.4581177547641,3.928958349538389
CEMENT,FECTC,3520,3600,symmetrical,up,10,False,-3.0268741159830275,-1747.605209667654,0.17320125273365689
CEMENT,FECTC,3520,3600,symmetrical,up,20,False,5.403111739745394,3119.5569630516,0.17320125273365689
CEMENT,FECTC,3520,3600,symmetrical,up,30,False,12.022630834512023,6941.422561764044,0.17320125273365689
CEMENT,FECTC,3520,3600,symmetrical,up,60,False,-12.729844413012728,-7349.7415359854585,0.17320125273365689
CEMENT,FECTC,3520,3600,symmetrical,up,90,False,-11.400282885431404,-6582.1018644492015,0.17320125273365689
CEMENT,FECTC,4240,4320,descending,down,10,False,1.900000000000001,32.983776657880846,5.760407668616783
CEMENT,FECTC,4240,4320,descending,down,20,False,-0.5999999999999991,-10.41592947090972,5.760407668616783
CEMENT,FECTC,4240,4320,descending,down,30,False,-8.499999999999991,-147.55900083788777,5.760407668616783
CEMENT,FECTC,4240,4320,descending,down,60,False,-6.666666666666667,-115.73254967677484,5.760407668616783
CEMENT,FECTC,4240,4320,descending,down,90,False,-129.73333333333335,-2252.1554167100385,5.760407668616783
PHARMACEUTICALS,FEROZ,1240,1320,ascending,sequential,10,False,-6.627423119861972,-559.9600001704994,1.1835529533973896
PHARMACEUTICALS,FEROZ,1240,1320,ascending,sequential,20,False,-8.708007713386785,-735.7514244200431,1.1835529533973896
PHARMACEUTICALS,FEROZ,1240,1320,ascending,sequential,30,False,-7.7945803308637025,-658.5747015787806,1.1835529533973896
PHARMACEUTICALS,FEROZ,1240,1320,ascending,sequential,60,False,-18.806454886836494,-1588.982971387343,1.1835529533973896
PHARMACEUTICALS,FEROZ,1240,1320,ascending,sequential,90,False,-24.794478838932314,-2094.9192655689585,1.1835529533973896
FERTILIZER,FFC,360,440,descending,up,10,False,-0.8402281416399017,-39.23076097020944,2.141758459077415
FERTILIZER,FFC,360,440,descending,up,20,False,-1.42850620659568,-66.69782022063421,2.141758459077415
FERTILIZER,FFC,360,440,descending,up,30,False,-0.4619648385913163,-21.569418186881467,2.141758459077415
FERTILIZER,FFC,360,440,descending,up,60,False,-5.29399530256837,-247.1798479483449,2.141758459077415
FERTILIZER,FFC,360,440,descending,up,90,False,-3.7814493724075775,-176.5581621205071,2.141758459077415
FERTILIZER,FFC,400,480,ascending,down,10,False,8.536673005968293,363.5030313594187,2.3484461667466916
FERTILIZER,FFC,400,480,ascending,down,20,False,5.095746825236841,216.9837613223211,2.3484461667466916
FERTILIZER,FFC,400,480,ascending,down,30,False,1.1759550581492093,50.0737498180877,2.3484461667466916
FERTILIZER,FFC,400,480,ascending,down,60,False,4.399007913902343,187.31568030772874,2.3484461667466916
FERTILIZER,FFC,400,480,ascending,down,90,False,0.130583770803573,5.5604327939299125,2.3484461667466916
FERTILIZER,FFC,2760,2840,descending,down,10,False,3.57045516489506,296.55545495335093,1.2039755483360453
FERTILIZER,FFC,2760,2840,descending,down,20,False,5.4419914599800085,452.0018257431485,1.2039755483360453
FERTILIZER,FFC,2760,2840,descending,down,30,False,5.859907331698,486.7131512593165,1.2039755483360453
FERTILIZER,FFC,2760,2840,descending,down,60,False,4.669755610066309,387.8613329415325,1.2039755483360453
FERTILIZER,FFC,2760,2840,descending,down,90,False,-6.9137821386390605,-574.2460590826995,1.2039755483360453
FERTILIZER,FFC,3520,3600,symmetrical,up,10,False,0.34489966555183765,13.015312816000394,2.649952947176458
FERTILIZER,FFC,3520,3600,symmetrical,up,20,False,1.8917224080267432,71.38701877866872,2.649952947176458
FERTILIZER,FFC,3520,3600,symmetrical,up,30,False,2.4038461538461506,90.71278629333644,2.649952947176458
FERTILIZER,FFC,3520,3600,symmetrical,up,60,False,6.051421404682265,228.35957940800776,2.649952947176458
FERTILIZER,FFC,3520,3600,symmetrical,up,90,False,10.273829431438125,387.698560549347,2.649952947176458
FERTILIZER,FFC,4880,4960,symmetrical,down,10,False,5.7071827635061,223.15461080411288,2.5575016097318803
FERTILIZER,FFC,4880,4960,symmetrical,down,20,False,4.664652891015528,182.39100508345544,2.5575016097318803
FERTILIZER,FFC,4880,4960,symmetrical,down,30,False,0.46245555882273287,18.08231740941954,2.5575016097318803
FERTILIZER,FFC,4880,4960,symmetrical,down,60,False,-4.89721724718652,-191.48442482114123,2.5575016097318803
FERTILIZER,FFC,4880,4960,symmetrical,down,90,False,-20.893367906118858,-816.9444674683604,2.5575016097318803
FOOD & PERSONAL CARE PRODUCTS,FFL,280,360,ascending,sequential,10,False,1.5000000000000022,10.642431017133578,14.094524057380367
FOOD & PERSONAL CARE PRODUCTS,FFL,280,360,ascending,sequential,20,False,-9.80769230769231,-69.58512588125792,14.094524057380367
FOOD & PERSONAL CARE PRODUCTS,FFL,280,360,ascending,sequential,30,False,-18.269230769230766,-129.61935213175494,14.094524057380367
FOOD & PERSONAL CARE PRODUCTS,FFL,280,360,ascending,sequential,60,False,-26.5,-188.01628130269296,14.094524057380367
FOOD & PERSONAL CARE PRODUCTS,FFL,280,360,ascending,sequential,90,False,-28.846153846153843,-204.6621349448762,14.094524057380367
CEMENT,FLYNG,160,240,descending,down,10,False,16.10169491525424,490.59186287677556,3.282095797683172
CEMENT,FLYNG,160,240,descending,down,20,False,28.8135593220339,877.9012283058089,3.282095797683172
CEMENT,FLYNG,160,240,descending,down,30,False,29.745762711864423,906.3039151039384,3.282095797683172
CEMENT,FLYNG,160,240,descending,down,60,False,53.38983050847458,1626.69933480194,3.282095797683172
CEMENT,FLYNG,160,240,descending,down,90,False,61.016949152542374,1859.0849540593601,3.282095797683172
CEMENT,FLYNG,1320,1400,symmetrical,down,10,False,4.105571847507335,68.3980403495613,6.002469992597774
CEMENT,FLYNG,1320,1400,symmetrical,down,20,False,-3.2258064516128995,-53.741317417512334,6.002469992597774
CEMENT,FLYNG,1320,1400,symmetrical,down,30,False,-2.0527859237536608,-34.199020174780536,6.002469992597774
CEMENT,FLYNG,1320,1400,symmetrical,down,60,False,-29.61876832844574,-493.4430053789773,6.002469992597774
CEMENT,FLYNG,1320,1400,symmetrical,down,90,False,-51.02639296187683,-850.0899300588326,6.002469992597774
CEMENT,FLYNG,3680,3760,descending,down,10,False,11.26126126126126,121.32143451986563,9.282169557117543
CEMENT,FLYNG,3680,3760,descending,down,20,False,12.312312312312317,132.64476840838648,9.282169557117543
CEMENT,FLYNG,3680,3760,descending,down,30,False,15.765765765765764,169.85000832781188,9.282169557117543
CEMENT,FLYNG,3680,3760,descending,down,60,False,12.462462462462463,134.262387535318,9.282169557117543
CEMENT,FLYNG,3680,3760,descending,down,90,False,12.612612612612612,135.88000666224949,9.282169557117543
TEXTILE COMPOSITE,FML,1720,1800,descending,down,10,False,3.8046106722553596,32.68893834404803,11.6388321707245
TEXTILE COMPOSITE,FML,1720,1800,descending,down,20,False,4.481702402063519,38.506461269683726,11.6388321707245
TEXTILE COMPOSITE,FML,1720,1800,descending,down,30,False,3.2726100274060954,28.118027473905748,11.6388321707245
TEXTILE COMPOSITE,FML,1720,1800,descending,down,60,False,-20.82863130743189,-178.958086188602,11.6388321707245
TEXTILE COMPOSITE,FML,1720,1800,descending,down,90,False,-17.298081573432217,-148.62385950493035,11.6388321707245
AUTOMOBILE ASSEMBLER,GAL,520,600,symmetrical,up,10,False,14.502419524510838,691.3988894859286,2.097547413663584
AUTOMOBILE ASSEMBLER,GAL,520,600,symmetrical,up,20,False,27.91289711760993,1330.7397456564363,2.097547413663584
AUTOMOBILE ASSEMBLER,GAL,520,600,symmetrical,up,30,True,,,2.097547413663584
AUTOMOBILE ASSEMBLER,GAL,520,600,symmetrical,up,60,True,,,2.097547413663584
AUTOMOBILE ASSEMBLER,GAL,520,600,symmetrical,up,90,True,,,2.097547413663584
TEXTILE COMPOSITE,GATM,840,920,symmetrical,sequential,10,False,9.46622185154295,142.2602185148177,6.654159504582062
TEXTILE COMPOSITE,GATM,840,920,symmetrical,sequential,20,False,12.468723936613838,187.38240236092722,6.654159504582062
TEXTILE COMPOSITE,GATM,840,920,symmetrical,sequential,30,False,-5.75479566305254,-86.4841857050433,6.654159504582062
TEXTILE COMPOSITE,GATM,840,920,symmetrical,sequential,60,False,0.5004170141784862,7.5203639743516595,6.654159504582062
TEXTILE COMPOSITE,GATM,840,920,symmetrical,sequential,90,False,-17.51459549624687,-263.2127391023059,6.654159504582062
TEXTILE COMPOSITE,GATM,1000,1080,ascending,up,10,False,0.4904146232724005,8.48912638203349,5.7769739924042245
TEXTILE COMPOSITE,GATM,1000,1080,ascending,up,20,False,0.9362460989745915,16.206514002064086,5.7769739924042245
TEXTILE COMPOSITE,GATM,1000,1080,ascending,up,30,False,-2.3629068212215834,-40.90215438616166,5.7769739924042245
TEXTILE COMPOSITE,GATM,1000,1080,ascending,up,60,False,7.846633972358455,135.82602211253666,5.7769739924042245
TEXTILE COMPOSITE,GATM,1000,1080,ascending,up,90,False,32.81319661168078,567.9997288342437,5.7769739924042245
TEXTILE COMPOSITE,GFIL,1720,1800,ascending,down,10,False,-1.1560693641618507,-3.8341359242028132,30.152018264772884
TEXTILE COMPOSITE,GFIL,1720,1800,ascending,down,20,False,-5.491329479768785,-18.212145639963342,30.152018264772884
TEXTILE COMPOSITE,GFIL,1720,1800,ascending,down,30,False,-6.6473988439306355,-22.046281564166154,30.152018264772884
TEXTILE COMPOSITE,GFIL,1720,1800,ascending,down,60,False,65.3179190751445,216.6286797174587,30.152018264772884
TEXTILE COMPOSITE,GFIL,1720,1800,ascending,down,90,False,12.716763005780345,42.1754951662309,30.152018264772884
TEXTILE COMPOSITE,GFIL,2840,2920,descending,down,10,False,-4.2959427207637155,-33.51628462338916,12.817478933108879
TEXTILE COMPOSITE,GFIL,2840,2920,descending,down,20,False,15.035799522673038,117.30699618186232,12.817478933108879
TEXTILE COMPOSITE,GFIL,2840,2920,descending,down,30,False,12.05250596658712,94.03179852673091,12.817478933108879
TEXTILE COMPOSITE,GFIL,2840,2920,descending,down,60,False,-18.257756563245813,-142.4442096494041,12.817478933108879
TEXTILE COMPOSITE,GFIL,2840,2920,descending,down,90,False,-15.751789976133631,-122.89304361909366,12.817478933108879
GLASS & CERAMICS,GGGL,1880,1960,ascending,down,10,False,7.936507936507936,120.888981201388,6.565121037199057
GLASS & CERAMICS,GGGL,1880,1960,ascending,down,20,False,2.3809523809523725,36.266694360416274,6.565121037199057
GLASS & CERAMICS,GGGL,1880,1960,ascending,down,30,False,13.650793650793641,207.92904766638722,6.565121037199057
GLASS & CERAMICS,GGGL,1880,1960,ascending,down,60,False,-1.5873015873015959,-24.177796240277733,6.565121037199057
GLASS & CERAMICS,GGGL,1880,1960,ascending,down,90,False,9.523809523809518,145.06677744166552,6.565121037199057
CHEMICAL,GGL,1760,1840,descending,down,10,False,1.3333333333333337,29.59797838220456,4.504812173709084
CHEMICAL,GGL,1760,1840,descending,down,20,False,19.544715447154477,433.8630489684132,4.504812173709084
CHEMICAL,GGL,1760,1840,descending,down,30,False,20.22764227642276,449.0229891153957,4.504812173709084
CHEMICAL,GGL,1760,1840,descending,down,60,False,26.17886178861789,581.1310389676747,4.504812173709084
CHEMICAL,GGL,1760,1840,descending,down,90,False,40.13008130081301,890.8269591131807,4.504812173709084
GLASS & CERAMICS,GHGL,40,120,descending,down,10,False,2.0879940343027465,45.04585325866393,4.635263588665957
GLASS & CERAMICS,GHGL,40,120,descending,down,20,False,8.650260999254284,186.61853492875161,4.635263588665957
GLASS & CERAMICS,GHGL,40,120,descending,down,30,False,1.1185682326621924,24.131707102855824,4.635263588665957
GLASS & CERAMICS,GHGL,40,120,descending,down,60,False,-13.3482475764355,-287.97170476074626,4.635263588665957
GLASS & CERAMICS,GHGL,40,120,descending,down,90,False,-11.856823266219244,-255.7960952902718,4.635263588665957
GLASS & CERAMICS,GHGL,1360,1440,ascending,down,10,False,2.0896656534954436,161.35632538865644,1.2950627429461465
GLASS & CERAMICS,GHGL,1360,1440,ascending,down,20,False,5.148176291793314,397.52331073023504,1.2950627429461465
GLASS & CERAMICS,GHGL,1360,1440,ascending,down,30,False,3.210486322188445,247.9019908243897,1.2950627429461465
GLASS & CERAMICS,GHGL,1360,1440,ascending,down,60,False,26.00683890577507,2008.152813246094,1.2950627429461465
GLASS & CERAMICS,GHGL,1360,1440,ascending,down,90,False,24.012158054711247,1854.1308662841952,1.2950627429461465
GLASS & CERAMICS,GHGL,2480,2560,symmetrical,whipsaw,10,False,-3.0157570698111242,-2519.4545407851365,0.11969880865051549
GLASS & CERAMICS,GHGL,2480,2560,symmetrical,whipsaw,20,False,-4.205363664823126,-3513.2878198491694,0.11969880865051549
GLASS & CERAMICS,GHGL,2480,2560,symmetrical,whipsaw,30,False,-1.3148283418553741,-1098.4473084391987,0.11969880865051549
GLASS & CERAMICS,GHGL,2480,2560,symmetrical,whipsaw,60,False,-2.2226860064697855,-1856.8990214091102,0.11969880865051549
GLASS & CERAMICS,GHGL,2480,2560,symmetrical,whipsaw,90,False,27.14181362830012,22675.09086706623,0.11969880865051549
GLASS & CERAMICS,GHGL,3200,3280,descending,down,10,False,5.534563236274732,104.37534581888018,5.302557987092771
GLASS & CERAMICS,GHGL,3200,3280,descending,down,20,False,3.3563014003111915,63.295892444381316,5.302557987092771
GLASS & CERAMICS,GHGL,3200,3280,descending,down,30,False,2.2004889975550164,41.49863147015723,5.302557987092771
GLASS & CERAMICS,GHGL,3200,3280,descending,down,60,False,12.26939319848856,231.38630880330058,5.302557987092771
GLASS & CERAMICS,GHGL,3200,3280,descending,down,90,False,9.37986219159813,176.89315636774052,5.302557987092771
GLASS & CERAMICS,GHGL,3880,3960,ascending,down,10,False,2.8841492971400817,161.86114312317403,1.7818663834255053
GLASS & CERAMICS,GHGL,3880,3960,ascending,down,20,False,2.641783809985449,148.25936639013398,1.7818663834255053
GLASS & CERAMICS,GHGL,3880,3960,ascending,down,30,False,-4.798836645661668,-269.3151793141898,1.7818663834255053
GLASS & CERAMICS,GHGL,3880,3960,ascending,down,60,False,1.9146873485215685,107.4540361910148,1.7818663834255053
GLASS & CERAMICS,GHGL,3880,3960,ascending,down,90,False,3.1022782355792566,174.10274218291036,1.7818663834255053
GLASS & CERAMICS,GHGL,4000,4080,symmetrical,sequential,10,False,-4.4963576990705825,-182.72696912506072,2.460697356608163
GLASS & CERAMICS,GHGL,4000,4080,symmetrical,sequential,20,False,-3.21527254458679,-130.66509524026705,2.460697356608163
GLASS & CERAMICS,GHGL,4000,4080,symmetrical,sequential,30,False,-2.48681235870383,-101.06128459989343,2.460697356608163
GLASS & CERAMICS,GHGL,4000,4080,symmetrical,sequential,60,False,0.0,0.0,2.460697356608163
GLASS & CERAMICS,GHGL,4000,4080,symmetrical,sequential,90,False,2.7380055262496943,111.26949516554016,2.460697356608163
AUTOMOBILE ASSEMBLER,GHNI,920,1000,symmetrical,down,10,False,5.156708740056717,90.60342061162565,5.691516617414599
AUTOMOBILE ASSEMBLER,GHNI,920,1000,symmetrical,down,20,False,4.682442096810616,82.27055127070227,5.691516617414599
AUTOMOBILE ASSEMBLER,GHNI,920,1000,symmetrical,down,30,False,6.401345010162859,112.47169147457754,5.691516617414599
AUTOMOBILE ASSEMBLER,GHNI,920,1000,symmetrical,down,60,False,30.646658804045074,538.46208074442,5.691516617414599
AUTOMOBILE ASSEMBLER,GHNI,920,1000,symmetrical,down,90,False,32.365561717397306,568.663220948295,5.691516617414599
AUTOMOBILE ASSEMBLER,GHNI,1360,1440,descending,up,10,False,29.60275820716533,504.75149772634575,5.864818299799212
AUTOMOBILE ASSEMBLER,GHNI,1360,1440,descending,up,20,False,23.228901214210744,396.0719672254128,5.864818299799212
AUTOMOBILE ASSEMBLER,GHNI,1360,1440,descending,up,30,False,35.12816669165043,598.9642798115855,5.864818299799212
AUTOMOBILE ASSEMBLER,GHNI,1360,1440,descending,up,60,False,16.28841253185429,277.73089802990046,5.864818299799212
AUTOMOBILE ASSEMBLER,GHNI,1360,1440,descending,up,90,False,41.6429320941388,710.0464151730752,5.864818299799212
AUTOMOBILE ASSEMBLER,GHNI,4040,4120,symmetrical,down,10,False,9.059192929410388,733.6464600917202,1.2348172344861872
AUTOMOBILE ASSEMBLER,GHNI,4040,4120,symmetrical,down,20,False,12.885219211536224,1043.4920125566452,1.2348172344861872
AUTOMOBILE ASSEMBLER,GHNI,4040,4120,symmetrical,down,30,False,-2.163042214210954,-175.1710418190758,1.2348172344861872
AUTOMOBILE ASSEMBLER,GHNI,4040,4120,symmetrical,down,60,False,-19.176648447493907,-1552.9948815035282,1.2348172344861872
AUTOMOBILE ASSEMBLER,GHNI,4040,4120,symmetrical,down,90,False,-24.60751250145367,-1992.8060456406704,1.2348172344861872
PHARMACEUTICALS,GLAXO,1480,1560,ascending,down,10,False,1.517730496453891,34.45426781184426,4.4050580460518285
PHARMACEUTICALS,GLAXO,1480,1560,ascending,down,20,False,2.014184397163123,45.72435541384974,4.4050580460518285
PHARMACEUTICALS,GLAXO,1480,1560,ascending,down,30,False,1.3617021276595656,30.912240279785504,4.4050580460518285
PHARMACEUTICALS,GLAXO,1480,1560,ascending,down,60,False,2.7234042553191515,61.82448055957147,4.4050580460518285
PHARMACEUTICALS,GLAXO,1480,1560,ascending,down,90,False,6.269503546099293,142.32510628818008,4.4050580460518285
PHARMACEUTICALS,GLAXO,2440,2520,descending,up,10,False,-1.9130869130869053,-47.5810211109489,4.0206932689107076
PHARMACEUTICALS,GLAXO,2440,2520,descending,up,20,False,-2.8971028971028887,-72.0548100374684,4.0206932689107076
PHARMACEUTICALS,GLAXO,2440,2520,descending,up,30,False,-4.615384615384606,-114.7907663355532,4.0206932689107076
PHARMACEUTICALS,GLAXO,2440,2520,descending,up,60,False,9.675324675324678,240.6382190389254,4.0206932689107076
PHARMACEUTICALS,GLAXO,2440,2520,descending,up,90,False,12.592407592407598,313.1899588007904,4.0206932689107076
PHARMACEUTICALS,GLAXO,2560,2640,ascending,down,10,False,-0.36463081130354735,-62.58797697942683,0.5825892270386123
PHARMACEUTICALS,GLAXO,2560,2640,ascending,down,20,False,-0.7839562443026431,-134.56415050577047,0.5825892270386123
PHARMACEUTICALS,GLAXO,2560,2640,ascending,down,30,False,0.4010938924339086,68.84677467737063,0.5825892270386123
PHARMACEUTICALS,GLAXO,2560,2640,ascending,down,60,False,0.70191431175934,120.4818556853986,0.5825892270386123
PHARMACEUTICALS,GLAXO,2560,2640,ascending,down,90,False,6.7046490428441246,1150.836426709236,0.5825892270386123
PHARMACEUTICALS,GLAXO,3400,3480,symmetrical,down,10,False,14.3163676937602,199.9825079394561,7.158809958566187
PHARMACEUTICALS,GLAXO,3400,3480,symmetrical,down,20,False,9.939061024804737,138.8367770946583,7.158809958566187
PHARMACEUTICALS,GLAXO,3400,3480,symmetrical,down,30,False,14.960089262724235,208.9745271813381,7.158809958566187
PHARMACEUTICALS,GLAXO,3400,3480,symmetrical,down,60,False,21.465968586387437,299.8538683192923,7.158809958566187
PHARMACEUTICALS,GLAXO,3400,3480,symmetrical,down,90,False,15.818384688009617,220.96388617051412,7.158809958566187
FOOD & PERSONAL CARE PRODUCTS,GLPL,640,720,symmetrical,sequential,10,False,-3.7793077899416256,-109.55887104313271,3.4495680303731255
FOOD & PERSONAL CARE PRODUCTS,GLPL,640,720,symmetrical,sequential,20,False,-13.448273684609344,-389.8538473860653,3.4495680303731255
FOOD & PERSONAL CARE PRODUCTS,GLPL,640,720,symmetrical,sequential,30,False,3.848137288538736,111.55417880315,3.4495680303731255
FOOD & PERSONAL CARE PRODUCTS,GLPL,640,720,symmetrical,sequential,60,False,3.282767156331374,95.1645866214817,3.4495680303731255
FOOD & PERSONAL CARE PRODUCTS,GLPL,640,720,symmetrical,sequential,90,False,-7.586189476874752,-219.91708556199092,3.4495680303731255
FOOD & PERSONAL CARE PRODUCTS,GLPL,720,800,ascending,down,10,False,-1.2782001473257505,-30.169212430657826,4.236770019315615
FOOD & PERSONAL CARE PRODUCTS,GLPL,720,800,ascending,down,20,False,2.2555528273007046,53.23755637000694,4.236770019315615
FOOD & PERSONAL CARE PRODUCTS,GLPL,720,800,ascending,down,30,False,-1.8796656026472716,-44.36553303761582,4.236770019315615
FOOD & PERSONAL CARE PRODUCTS,GLPL,720,800,ascending,down,60,False,2.541254655562937,59.98094406770367,4.236770019315615
FOOD & PERSONAL CARE PRODUCTS,GLPL,720,800,ascending,down,90,False,10.225601178606103,241.35369944526494,4.236770019315615
AUTOMOBILE PARTS & ACCESSORIES,GTYR,4640,4720,ascending,down,10,False,-3.513948497854083,-84.26020145536722,4.170353781690669
AUTOMOBILE PARTS & ACCESSORIES,GTYR,4640,4720,ascending,down,20,False,0.4560085836909917,10.934529959856906,4.170353781690669
AUTOMOBILE PARTS & ACCESSORIES,GTYR,4640,4720,ascending,down,30,False,-0.5633047210300451,-13.507360538646687,4.170353781690669
AUTOMOBILE PARTS & ACCESSORIES,GTYR,4640,4720,ascending,down,60,False,-28.782188841201705,-690.1618027603729,4.170353781690669
AUTOMOBILE PARTS & ACCESSORIES,GTYR,4640,4720,ascending,down,90,False,-26.743562231759654,-641.2780217633662,4.170353781690669
GLASS & CERAMICS,GVGL,720,800,symmetrical,down,10,False,0.6984126984126948,144.68120627637893,0.4827252387421653
GLASS & CERAMICS,GVGL,720,800,symmetrical,down,20,False,0.0,0.0,0.4827252387421653
GLASS & CERAMICS,GVGL,720,800,symmetrical,down,30,False,-7.936507936507936,-1644.1046167770419,0.4827252387421653
GLASS & CERAMICS,GVGL,720,800,symmetrical,down,60,False,-15.492063492063501,-3209.2922119487876,0.4827252387421653
GLASS & CERAMICS,GVGL,720,800,symmetrical,down,90,False,-38.603174603174594,-7996.924856003529,0.4827252387421653
CEMENT,GWLC,960,1040,descending,up,10,False,-8.470444850700792,-132.8968980799437,6.373696431654427
CEMENT,GWLC,960,1040,descending,up,20,False,-8.592321755027422,-134.80908366382778,6.373696431654427
CEMENT,GWLC,960,1040,descending,up,30,False,-7.3735527117611275,-115.68722782498706,6.373696431654427
CEMENT,GWLC,960,1040,descending,up,60,False,-18.70810481413772,-293.52048712620655,6.373696431654427
CEMENT,GWLC,960,1040,descending,up,90,False,-20.840950639853745,-326.983734844178,6.373696431654427
CEMENT,GWLC,2720,2800,descending,down,10,False,9.507042253521124,183.9807521257391,5.167411342586353
CEMENT,GWLC,2720,2800,descending,down,20,False,23.820422535211257,460.9739956039351,5.167411342586353
CEMENT,GWLC,2720,2800,descending,down,30,False,21.690140845070424,419.74867892390864,5.167411342586353
CEMENT,GWLC,2720,2800,descending,down,60,False,36.26760563380281,701.8524988500418,5.167411342586353
CEMENT,GWLC,2720,2800,descending,down,90,False,48.60915492957746,940.6867715169735,5.167411342586353
PHARMACEUTICALS,HALEON,0,80,descending,up,10,False,-2.304774175076944,-52.38509378957153,4.399675572473181
PHARMACEUTICALS,HALEON,0,80,descending,up,20,False,23.212368477560645,527.5927303092559,4.399675572473181
PHARMACEUTICALS,HALEON,0,80,descending,up,30,False,8.596378212010586,195.38663863750116,4.399675572473181
PHARMACEUTICALS,HALEON,0,80,descending,up,60,False,-7.37241428673682,-167.56722547595885,4.399675572473181
PHARMACEUTICALS,HALEON,0,80,descending,up,90,False,16.670245508553425,378.8971535276773,4.399675572473181
OIL & GAS MARKETING COMPANIES,HASCOL,2600,2680,symmetrical,sequential,10,False,-8.64995957962812,-346.62804316259945,2.495458676887986
OIL & GAS MARKETING COMPANIES,HASCOL,2600,2680,symmetrical,sequential,20,False,-9.70088924818108,-388.7417306496445,2.495458676887986
OIL & GAS MARKETING COMPANIES,HASCOL,2600,2680,symmetrical,sequential,30,False,-24.33306386418755,-975.0938410461922,2.495458676887986
OIL & GAS MARKETING COMPANIES,HASCOL,2600,2680,symmetrical,sequential,60,False,-26.91996766370251,-1078.7583025527642,2.495458676887986
OIL & GAS MARKETING COMPANIES,HASCOL,2600,2680,symmetrical,sequential,90,False,-11.802748585286977,-472.96910562373415,2.495458676887986
COMMERCIAL BANKS,HBL,2040,2120,descending,up,10,False,12.098513222108725,1040.7617105236734,1.1624671718583106
COMMERCIAL BANKS,HBL,2040,2120,descending,up,20,False,2.3436613324253748,201.61096925247506,1.1624671718583106
COMMERCIAL BANKS,HBL,2040,2120,descending,up,30,False,0.272386789240716,23.43178335137677,1.1624671718583106
COMMERCIAL BANKS,HBL,2040,2120,descending,up,60,False,23.69197593916695,2038.076989416669,1.1624671718583106
COMMERCIAL BANKS,HBL,2040,2120,descending,up,90,False,30.337078651685403,2609.714870759644,1.1624671718583106
COMMERCIAL BANKS,HBL,3200,3280,ascending,sequential,10,False,2.0411076220382425,43.76441685450449,4.663851980077645
COMMERCIAL BANKS,HBL,3200,3280,ascending,sequential,20,False,-1.4273479874393376,-30.604487310842458,4.663851980077645
COMMERCIAL BANKS,HBL,3200,3280,ascending,sequential,30,False,-14.751641450185558,-316.29737635755686,4.663851980077645
COMMERCIAL BANKS,HBL,3200,3280,ascending,sequential,60,False,-16.62146731373109,-356.3892547347605,4.663851980077645
COMMERCIAL BANKS,HBL,3200,3280,ascending,sequential,90,False,-6.91550099914359,-148.2787410210317,4.663851980077645
COMMERCIAL BANKS,HBL,3800,3880,descending,sequential,10,False,3.772514536945129,161.48698371823085,2.3361105954691483
COMMERCIAL BANKS,HBL,3800,3880,descending,sequential,20,False,-12.523046376400506,-536.0639346736738,2.3361105954691483
COMMERCIAL BANKS,HBL,3800,3880,descending,sequential,30,False,-21.16011913203801,-905.7841342390958,2.3361105954691483
COMMERCIAL BANKS,HBL,3800,3880,descending,sequential,60,False,-38.249893632108915,-1637.3323123611535,2.3361105954691483
COMMERCIAL BANKS,HBL,3800,3880,descending,sequential,90,False,-41.59693660473691,-1780.6064783668014,2.3361105954691483
AUTOMOBILE ASSEMBLER,HINO,1840,1920,descending,up,10,False,7.5756327696467505,274.1829038865432,2.762985095810913
AUTOMOBILE ASSEMBLER,HINO,1840,1920,descending,up,20,False,-2.7162690921370714,-98.30921984542479,2.762985095810913
AUTOMOBILE ASSEMBLER,HINO,1840,1920,descending,up,30,False,-1.1352976766982756,-41.08953314368405,2.762985095810913
AUTOMOBILE ASSEMBLER,HINO,1840,1920,descending,up,60,False,-9.146578834432802,-331.03974568304204,2.762985095810913
AUTOMOBILE ASSEMBLER,HINO,1840,1920,descending,up,90,False,8.457966225707574,306.11696887294397,2.762985095810913
PHARMACEUTICALS,HINOON,680,760,descending,down,10,False,-2.334384858044157,-50.712496197058876,4.603174824944906
PHARMACEUTICALS,HINOON,680,760,descending,down,20,False,-2.460567823343852,-53.45371220771094,4.603174824944906
PHARMACEUTICALS,HINOON,680,760,descending,down,30,False,2.851735015772877,61.95148184073172,4.603174824944906
PHARMACEUTICALS,HINOON,680,760,descending,down,60,False,25.236593059936908,548.2432021303679,4.603174824944906
PHARMACEUTICALS,HINOON,680,760,descending,down,90,False,41.6403785488959,904.601283515107,4.603174824944906
COMMERCIAL BANKS,HMB,880,960,descending,up,10,False,-7.018168863555394,-89.80719757861988,7.814706452020709
COMMERCIAL BANKS,HMB,880,960,descending,up,20,False,-8.55005343783398,-109.40978385212574,7.814706452020709
COMMERCIAL BANKS,HMB,880,960,descending,up,30,False,-11.115069469184185,-142.2327190077636,7.814706452020709
COMMERCIAL BANKS,HMB,880,960,descending,up,60,False,-4.168151050944075,-53.33726962791141,7.814706452020709
COMMERCIAL BANKS,HMB,880,960,descending,up,90,False,-4.453152832205201,-56.98426242298219,7.814706452020709
COMMERCIAL BANKS,HMB,1080,1160,ascending,down,10,False,3.296703296703295,61.26261781322152,5.381264161375439
COMMERCIAL BANKS,HMB,1080,1160,ascending,down,20,False,20.4912734324499,380.78921268218096,5.381264161375439
COMMERCIAL BANKS,HMB,1080,1160,ascending,down,30,False,21.36393018745961,397.00578798568097,5.381264161375439
COMMERCIAL BANKS,HMB,1080,1160,ascending,down,60,False,36.48998060762768,678.0930932463446,5.381264161375439
COMMERCIAL BANKS,HMB,1080,1160,ascending,down,90,False,28.539107950872662,530.3420738144572,5.381264161375439
COMMERCIAL BANKS,HMB,4200,4280,descending,up,10,False,-3.523111612175874,-118.91122334063726,2.962808314639439
COMMERCIAL BANKS,HMB,4200,4280,descending,up,20,False,-4.509582863585103,-152.20636587601516,2.962808314639439
COMMERCIAL BANKS,HMB,4200,4280,descending,up,30,False,-14.092446448703486,-475.6448933625487,2.962808314639439
COMMERCIAL BANKS,HMB,4200,4280,descending,up,60,False,-5.524239007891753,-186.45279819811864,2.962808314639439
COMMERCIAL BANKS,HMB,4200,4280,descending,up,90,False,-16.262683201803824,-548.8942069403812,2.962808314639439
COMMERCIAL BANKS,HMB,4960,5040,descending,up,10,False,2.2035676810073417,263.0250101803447,0.8377787646492065
COMMERCIAL BANKS,HMB,4960,5040,descending,up,20,False,3.8300104931794294,457.16251769440885,0.8377787646492065
COMMERCIAL BANKS,HMB,4960,5040,descending,up,30,False,11.087792934592521,1323.4750512249118,0.8377787646492065
COMMERCIAL BANKS,HMB,4960,5040,descending,up,60,False,-8.359566281916758,-997.8250386206746,0.8377787646492065
COMMERCIAL BANKS,HMB,4960,5040,descending,up,90,False,1.4428121720881477,172.21875666570276,0.8377787646492065
OIL & GAS MARKETING COMPANIES,HTL,1560,1640,descending,down,10,False,10.70475173518419,437.70919351941495,2.4456310019701175
OIL & GAS MARKETING COMPANIES,HTL,1560,1640,descending,down,20,False,13.26748531767218,542.4974293744372,2.4456310019701175
OIL & GAS MARKETING COMPANIES,HTL,1560,1640,descending,down,30,False,17.031500266951422,696.4051507865013,2.4456310019701175
OIL & GAS MARKETING COMPANIES,HTL,1560,1640,descending,down,60,False,33.66257341163908,1376.4371397206548,2.4456310019701175
OIL & GAS MARKETING COMPANIES,HTL,1560,1640,descending,down,90,False,38.52108916177255,1575.0981701958008,2.4456310019701175
POWER GENERATION & DISTRIBUTION,HUBC,1320,1400,descending,up,10,False,-0.3299422601044747,-22.07174968267066,1.4948622780165204
POWER GENERATION & DISTRIBUTION,HUBC,1320,1400,descending,up,20,False,0.9898267803134436,66.21524904801328,1.4948622780165204
POWER GENERATION & DISTRIBUTION,HUBC,1320,1400,descending,up,30,False,4.426725323068462,296.12930824250424,1.4948622780165204
POWER GENERATION & DISTRIBUTION,HUBC,1320,1400,descending,up,60,False,4.17926862799011,279.57549598050156,1.4948622780165204
POWER GENERATION & DISTRIBUTION,HUBC,1320,1400,descending,up,90,False,3.904316744569705,261.18237124494203,1.4948622780165204
TECHNOLOGY & COMMUNICATION,HUMNL,360,440,symmetrical,down,10,False,6.50808175195699,80.73323540897267,8.061217562988542
TECHNOLOGY & COMMUNICATION,HUMNL,360,440,symmetrical,down,20,False,11.26983254493545,139.80310612975663,8.061217562988542
TECHNOLOGY & COMMUNICATION,HUMNL,360,440,symmetrical,down,30,False,19.841436640940003,246.13448881516317,8.061217562988542
TECHNOLOGY & COMMUNICATION,HUMNL,360,440,symmetrical,down,60,False,36.50804941848246,452.8850528250449,8.061217562988542
TECHNOLOGY & COMMUNICATION,HUMNL,360,440,symmetrical,down,90,False,48.841329940474075,605.8803097527006,8.061217562988542
TECHNOLOGY & COMMUNICATION,HUMNL,3640,3720,symmetrical,down,10,False,3.1963470319634695,60.98782598181881,5.240959126689216
TECHNOLOGY & COMMUNICATION,HUMNL,3640,3720,symmetrical,down,20,False,2.587519025875189,49.37109722337712,5.240959126689216
TECHNOLOGY & COMMUNICATION,HUMNL,3640,3720,symmetrical,down,30,False,0.6088280060882806,11.61672875844169,5.240959126689216
TECHNOLOGY & COMMUNICATION,HUMNL,3640,3720,symmetrical,down,60,False,8.37138508371386,159.7300204285733,5.240959126689216
TECHNOLOGY & COMMUNICATION,HUMNL,3640,3720,symmetrical,down,90,False,12.32876712328768,235.23875735844416,5.240959126689216
PHARMACEUTICALS,IBLHL,360,440,ascending,up,10,False,-1.7021276595744694,-13.791944420363302,12.341462579136703
PHARMACEUTICALS,IBLHL,360,440,ascending,up,20,False,6.382978723404251,51.719791576362304,12.341462579136703
PHARMACEUTICALS,IBLHL,360,440,ascending,up,30,False,17.021276595744677,137.91944420363288,12.341462579136703
PHARMACEUTICALS,IBLHL,360,440,ascending,up,60,False,21.27659574468085,172.39930525454113,12.341462579136703
PHARMACEUTICALS,IBLHL,360,440,ascending,up,90,False,-2.1276595744680966,-17.239930525454206,12.341462579136703
PHARMACEUTICALS,IBLHL,3320,3400,symmetrical,down,10,False,5.683890577507592,237.77860479237006,2.3904129568220847
PHARMACEUTICALS,IBLHL,3320,3400,symmetrical,down,20,False,5.015197568389054,209.80465128738547,2.3904129568220847
PHARMACEUTICALS,IBLHL,3320,3400,symmetrical,down,30,False,-1.762917933130694,-73.74951378586867,2.3904129568220847
PHARMACEUTICALS,IBLHL,3320,3400,symmetrical,down,60,False,-9.78723404255319,-409.4369558456857,2.3904129568220847
PHARMACEUTICALS,IBLHL,3320,3400,symmetrical,down,90,False,1.2158054711246158,50.861733645426646,2.3904129568220847
PHARMACEUTICALS,IBLHL,3920,4000,symmetrical,down,10,False,5.455755156353949,119.21343006483372,4.576460180188473
PHARMACEUTICALS,IBLHL,3920,4000,symmetrical,down,20,False,17.781104457751162,388.53401444910804,4.576460180188473
PHARMACEUTICALS,IBLHL,3920,4000,symmetrical,down,30,False,21.324018629407853,465.950052875357,4.576460180188473
PHARMACEUTICALS,IBLHL,3920,4000,symmetrical,down,60,False,-15.868263473053892,-346.73662281052304,4.576460180188473
PHARMACEUTICALS,IBLHL,3920,4000,symmetrical,down,90,False,1.0645375914837003,23.261157085821278,4.576460180188473
INSURANCE,IGIL,2120,2200,descending,down,10,False,2.6757273306434595,24.225807304815522,11.044945982508446
INSURANCE,IGIL,2120,2200,descending,down,20,False,7.029093225737953,63.64081125312627,11.044945982508446
INSURANCE,IGIL,2120,2200,descending,down,30,False,7.623699299214278,69.02432398752973,11.044945982508446
INSURANCE,IGIL,2120,2200,descending,down,60,False,10.978976428116376,99.40271727452046,11.044945982508446
INSURANCE,IGIL,2120,2200,descending,down,90,False,21.554470163516683,195.15233662212435,11.044945982508446
INSURANCE,IGIL,2640,2720,descending,sequential,10,False,-1.7898832684824937,-15.85822583860463,11.28678130012043
INSURANCE,IGIL,2640,2720,descending,sequential,20,False,-5.758754863813231,-51.02211791551047,11.28678130012043
INSURANCE,IGIL,2640,2720,descending,sequential,30,False,-13.540856031128406,-119.97092590944351,11.28678130012043
INSURANCE,IGIL,2640,2720,descending,sequential,60,False,-20.544747081712067,-182.02485310398328,11.28678130012043
INSURANCE,IGIL,2640,2720,descending,sequential,90,False,-28.01556420233463,-248.21570877815896,11.28678130012043
TEXTILE COMPOSITE,ILP,800,880,ascending,down,10,False,1.683052824529242,51.445789263380725,3.2715074423539736
TEXTILE COMPOSITE,ILP,800,880,ascending,down,20,False,8.298616897183798,253.6633965659766,3.2715074423539736
TEXTILE COMPOSITE,ILP,800,880,ascending,down,30,False,3.3327778703549407,101.87285002649669,3.2715074423539736
TEXTILE COMPOSITE,ILP,800,880,ascending,down,60,False,17.76370604899183,542.9822906412271,3.2715074423539736
TEXTILE COMPOSITE,ILP,800,880,ascending,down,90,False,17.7803699383436,543.4916548913595,3.2715074423539736
AUTOMOBILE ASSEMBLER,INDU,3000,3080,ascending,down,10,False,1.0987523540489685,48.801018927313514,2.2514946986772975
AUTOMOBILE ASSEMBLER,INDU,3000,3080,ascending,down,20,False,-5.060616760828625,-224.7669854075883,2.2514946986772975
AUTOMOBILE ASSEMBLER,INDU,3000,3080,ascending,down,30,False,-12.967867231638413,-575.967033777905,2.2514946986772975
AUTOMOBILE ASSEMBLER,INDU,3000,3080,ascending,down,60,False,-3.5193032015065886,-156.30963748544912,2.2514946986772975
AUTOMOBILE ASSEMBLER,INDU,3000,3080,ascending,down,90,False,-10.592043314500943,-470.4449591075444,2.2514946986772975
AUTOMOBILE ASSEMBLER,INDU,3360,3440,ascending,down,10,False,4.225575059776228,61.37285657621226,6.885087798592113
AUTOMOBILE ASSEMBLER,INDU,3360,3440,ascending,down,20,False,1.9586606793245074,28.44786786488069,6.885087798592113
AUTOMOBILE ASSEMBLER,INDU,3360,3440,ascending,down,30,False,-4.399696745007535,-63.90182483812625,6.885087798592113
AUTOMOBILE ASSEMBLER,INDU,3360,3440,ascending,down,60,False,9.570027742833092,138.99645179237953,6.885087798592113
AUTOMOBILE ASSEMBLER,INDU,3360,3440,ascending,down,90,False,16.674858994759685,242.18803713976484,6.885087798592113
FOOD & PERSONAL CARE PRODUCTS,ISIL,1680,1760,symmetrical,down,10,False,2.3751765904396356,39.280172127586376,6.046757083255127
FOOD & PERSONAL CARE PRODUCTS,ISIL,1680,1760,symmetrical,down,20,False,4.0220407382183945,66.51566588240097,6.046757083255127
FOOD & PERSONAL CARE PRODUCTS,ISIL,1680,1760,symmetrical,down,30,False,2.625639524739552,43.422275586538056,6.046757083255127
FOOD & PERSONAL CARE PRODUCTS,ISIL,1680,1760,symmetrical,down,60,False,-16.422488757309843,-271.5916735399794,6.046757083255127
FOOD & PERSONAL CARE PRODUCTS,ISIL,1680,1760,symmetrical,down,90,False,-18.73068761925131,-309.76418204595865,6.046757083255127
ENGINEERING,ISL,2560,2640,descending,sequential,10,False,5.02222954058949,65.1674507361616,7.70665337351096
ENGINEERING,ISL,2560,2640,descending,sequential,20,False,-0.04939897908776739,-0.6409913187163684,7.70665337351096
ENGINEERING,ISL,2560,2640,descending,sequential,30,False,-2.8486744607278185,-36.9638327126426,7.70665337351096
ENGINEERING,ISL,2560,2640,descending,sequential,60,False,-1.7454305944343855,-22.64835992797754,7.70665337351096
ENGINEERING,ISL,2560,2640,descending,sequential,90,False,-0.8397826444920222,-10.896852418177959,7.70665337351096
ENGINEERING,ISL,2840,2920,symmetrical,sequential,10,False,-3.9119804400978104,-124.50113308540558,3.142124367184884
ENGINEERING,ISL,2840,2920,symmetrical,sequential,20,False,-1.911535896865969,-60.835780939459326,3.142124367184884
ENGINEERING,ISL,2840,2920,symmetrical,sequential,30,False,-10.202267170482337,-324.69329594432406,3.142124367184884
ENGINEERING,ISL,2840,2920,symmetrical,sequential,60,False,10.75794621026894,342.3781159848641,3.142124367184884
ENGINEERING,ISL,2840,2920,symmetrical,sequential,90,False,-2.6894865525672387,-85.59452899621614,3.142124367184884
ENGINEERING,ISL,3320,3400,descending,sequential,10,False,2.7372498386055577,74.62715961302357,3.6679003365523593
ENGINEERING,ISL,3320,3400,descending,sequential,20,False,5.448676565526144,148.55028941837674,3.6679003365523593
ENGINEERING,ISL,3320,3400,descending,sequential,30,False,-9.812782440284048,-267.531326914612,3.6679003365523593
ENGINEERING,ISL,3320,3400,descending,sequential,60,False,-26.081342801807622,-711.0701057467326,3.6679003365523593
ENGINEERING,ISL,3320,3400,descending,sequential,90,False,-37.99870884441574,-1035.979861986452,3.6679003365523593
ENGINEERING,ITTEFAQ,120,200,symmetrical,down,10,False,0.8036162732295337,41.1382862756285,1.9534510208939326
ENGINEERING,ITTEFAQ,120,200,symmetrical,down,20,False,19.63837267704671,1005.3168708606707,1.9534510208939326
ENGINEERING,ITTEFAQ,120,200,symmetrical,down,30,False,12.556504269211452,642.7857230566948,1.9534510208939326
ENGINEERING,ITTEFAQ,120,200,symmetrical,down,60,False,33.90256152687092,1735.5214522530762,1.9534510208939326
ENGINEERING,ITTEFAQ,120,200,symmetrical,down,90,False,25.61526870919136,1311.2828750356573,1.9534510208939326
INSURANCE,JGICL,400,480,ascending,up,10,False,-12.184889249374713,-594.5504527915108,2.049428974810242
INSURANCE,JGICL,400,480,ascending,up,20,False,-8.823493712243287,-430.5342522572785,2.049428974810242
INSURANCE,JGICL,400,480,ascending,up,30,False,-14.327717322621572,-699.1077758109759,2.049428974810242
INSURANCE,JGICL,400,480,ascending,up,60,False,-15.378140040654612,-750.3621852559434,2.049428974810242
INSURANCE,JGICL,400,480,ascending,up,90,False,-2.226864746651204,-108.65781512908445,2.049428974810242
INSURANCE,JGICL,1120,1200,ascending,up,10,False,6.752210649363946,169.41819532863215,3.985528612358441
INSURANCE,JGICL,1120,1200,ascending,up,20,False,14.693310277398444,368.66653602327705,3.985528612358441
INSURANCE,JGICL,1120,1200,ascending,up,30,False,11.251888782048699,282.31860504422224,3.985528612358441
INSURANCE,JGICL,1120,1200,ascending,up,60,False,20.830606214867313,522.6560449290258,3.985528612358441
INSURANCE,JGICL,1120,1200,ascending,up,90,False,15.321153550910246,384.419610071346,3.985528612358441
INSURANCE,JGICL,3640,3720,descending,sequential,10,False,-0.8271499817540356,-22.75187659926517,3.6355242089382225
INSURANCE,JGICL,3640,3720,descending,sequential,20,False,4.403357255808301,121.12028424903075,3.6355242089382225
INSURANCE,JGICL,3640,3720,descending,sequential,30,False,-0.25544337671815326,-7.026314832125875,3.6355242089382225
INSURANCE,JGICL,3640,3720,descending,sequential,60,False,-24.826663422941245,-682.8908843985398,3.6355242089382225
INSURANCE,JGICL,3640,3720,descending,sequential,90,False,-13.587154847342159,-373.7330317849918,3.6355242089382225
INSURANCE,JLICL,720,800,descending,sequential,10,False,-8.875739644970414,-100.15494539942009,8.862008370703785
INSURANCE,JLICL,720,800,descending,sequential,20,False,-12.42603550295858,-140.21692355918813,8.862008370703785
INSURANCE,JLICL,720,800,descending,sequential,30,False,-23.100591715976325,-260.66993789289063,8.862008370703785
INSURANCE,JLICL,720,800,descending,sequential,60,False,-39.64497041420118,-447.35875611740977,8.862008370703785
INSURANCE,JLICL,720,800,descending,sequential,90,False,-46.59171597633136,-525.7466933833559,8.862008370703785
INSURANCE,JLICL,1560,1640,ascending,up,10,False,-3.018181818181812,-114.3534864301889,2.639343943417385
INSURANCE,JLICL,1560,1640,ascending,up,20,False,4.460606060606069,169.00434942293046,2.639343943417385
INSURANCE,JLICL,1560,1640,ascending,up,30,False,7.878787878787878,298.51311718724077,2.639343943417385
INSURANCE,JLICL,1560,1640,ascending,up,60,False,6.666666666666667,252.58802223535756,2.639343943417385
INSURANCE,JLICL,1560,1640,ascending,up,90,False,9.090909090909092,344.4382121391239,2.639343943417385
INSURANCE,JLICL,2160,2240,ascending,down,10,False,-3.820039086897826,-67.01246424741615,5.700490393539167
INSURANCE,JLICL,2160,2240,ascending,down,20,False,-1.9120343319968587,-33.54157625042091,5.700490393539167
INSURANCE,JLICL,2160,2240,ascending,down,30,False,-2.1497793806540035,-37.71218320252807,5.700490393539167
INSURANCE,JLICL,2160,2240,ascending,down,60,False,-4.366046783390087,-76.59072258657757,5.700490393539167
INSURANCE,JLICL,2160,2240,ascending,down,90,False,-0.7636048596699817,-13.395424024140762,5.700490393539167
INSURANCE,JLICL,4200,4280,descending,up,10,False,-7.206649571138037,-1514.0922352952412,0.475971635224242
INSURANCE,JLICL,4200,4280,descending,up,20,False,-27.318949509240436,-5739.61712999343,0.475971635224242
INSURANCE,JLICL,4200,4280,descending,up,30,False,-30.87364046334778,-6486.445447280161,0.475971635224242
INSURANCE,JLICL,4200,4280,descending,up,60,False,-23.954372623574148,-5032.731123208351,0.475971635224242
INSURANCE,JLICL,4200,4280,descending,up,90,False,-22.322928640905477,-4689.9703656476495,0.475971635224242
INSURANCE,JLICL,4280,4360,descending,up,10,False,-1.4638250140213198,-19.18253537792139,7.631029919570201
INSURANCE,JLICL,4280,4360,descending,up,20,False,-4.4868199663488495,-58.7970433039733,7.631029919570201
INSURANCE,JLICL,4280,4360,descending,up,30,True,,,7.631029919570201
INSURANCE,JLICL,4280,4360,descending,up,60,True,,,7.631029919570201
INSURANCE,JLICL,4280,4360,descending,up,90,True,,,7.631029919570201
COMMERCIAL BANKS,JSBL,160,240,symmetrical,sequential,10,False,0.7978723404255433,14.440870345955059,5.525098704656885
COMMERCIAL BANKS,JSBL,160,240,symmetrical,sequential,20,False,-17.8191489361702,-322.51277105965823,5.525098704656885
COMMERCIAL BANKS,JSBL,160,240,symmetrical,sequential,30,False,-7.180851063829776,-129.96783311359349,5.525098704656885
COMMERCIAL BANKS,JSBL,160,240,symmetrical,sequential,60,False,22.3404255319149,404.344369686736,5.525098704656885
COMMERCIAL BANKS,JSBL,160,240,symmetrical,sequential,90,False,37.02127659574469,670.0563840523054,5.525098704656885
COMMERCIAL BANKS,JSBL,1200,1280,symmetrical,up,10,False,-5.989110707803994,-122.76765418389783,4.878410968766008
COMMERCIAL BANKS,JSBL,1200,1280,symmetrical,up,20,False,-3.8112522686025407,-78.1248708442986,4.878410968766008
COMMERCIAL BANKS,JSBL,1200,1280,symmetrical,up,30,False,7.441016333938297,152.52950974363065,4.878410968766008
COMMERCIAL BANKS,JSBL,1200,1280,symmetrical,up,60,False,-3.2667876588021727,-66.9641750093987,4.878410968766008
COMMERCIAL BANKS,JSBL,1200,1280,symmetrical,up,90,False,9.437386569872967,193.4520611382634,4.878410968766008
COMMERCIAL BANKS,JSBL,1600,1680,symmetrical,sequential,10,False,-5.867970660146705,-31.84295297344108,18.4278470185882
COMMERCIAL BANKS,JSBL,1600,1680,symmetrical,sequential,20,False,-49.1442542787286,-266.68473115256876,18.4278470185882
COMMERCIAL BANKS,JSBL,1600,1680,symmetrical,sequential,30,False,-32.76283618581907,-177.78982076837917,18.4278470185882
COMMERCIAL BANKS,JSBL,1600,1680,symmetrical,sequential,60,False,-48.8997555012225,-265.3579414453421,18.4278470185882
COMMERCIAL BANKS,JSBL,1600,1680,symmetrical,sequential,90,False,-34.71882640586797,-188.40413842619284,18.4278470185882
COMMERCIAL BANKS,JSBL,3240,3320,descending,sequential,10,False,-2.097902097902103,-65.42497219630695,3.2065769804339688
COMMERCIAL BANKS,JSBL,3240,3320,descending,sequential,20,False,-5.734265734265736,-178.82825733657197,3.2065769804339688
COMMERCIAL BANKS,JSBL,3240,3320,descending,sequential,30,False,-17.202797202797207,-536.4847720097159,3.2065769804339688
COMMERCIAL BANKS,JSBL,3240,3320,descending,sequential,60,False,-26.43356643356644,-824.3546496734659,3.2065769804339688
COMMERCIAL BANKS,JSBL,3240,3320,descending,sequential,90,False,-17.762237762237767,-553.9314312620644,3.2065769804339688
COMMERCIAL BANKS,JSBL,3360,3440,ascending,down,10,False,-0.7619047619047626,-8.815959987982438,8.642334617481936
COMMERCIAL BANKS,JSBL,3360,3440,ascending,down,20,False,0.0,0.0,8.642334617481936
COMMERCIAL BANKS,JSBL,3360,3440,ascending,down,30,False,3.428571428571423,39.67181994592088,8.642334617481936
COMMERCIAL BANKS,JSBL,3360,3440,ascending,down,60,False,4.761904761904762,55.0997499248902,8.642334617481936
COMMERCIAL BANKS,JSBL,3360,3440,ascending,down,90,False,15.999999999999998,185.135159747631,8.642334617481936
TEXTILE COMPOSITE,JUBS,560,640,ascending,sequential,10,False,-1.6635859519408478,-7.068517842964736,23.53514539963434
TEXTILE COMPOSITE,JUBS,560,640,ascending,sequential,20,False,-0.5545286506469547,-2.356172614321602,23.53514539963434
TEXTILE COMPOSITE,JUBS,560,640,ascending,sequential,30,False,-19.59334565619223,-83.25143237269589,23.53514539963434
TEXTILE COMPOSITE,JUBS,560,640,ascending,sequential,60,False,-40.480591497227344,-172.00060084547547,23.53514539963434
TEXTILE COMPOSITE,JUBS,560,640,ascending,sequential,90,False,-5.360443622920518,-22.7763352717753,23.53514539963434
PROPERTY,JVDC,1120,1200,symmetrical,up,10,False,10.363036303630354,1282.4431377398669,0.8080698472053746
PROPERTY,JVDC,1120,1200,symmetrical,up,20,False,22.145214521452136,2740.507469501437,0.8080698472053746
PROPERTY,JVDC,1120,1200,symmetrical,up,30,False,24.587458745874585,3042.739291771343,0.8080698472053746
PROPERTY,JVDC,1120,1200,symmetrical,up,60,False,-8.25082508250825,-1021.0534536145445,0.8080698472053746
PROPERTY,JVDC,1120,1200,symmetrical,up,90,False,-0.9900990099009923,-122.52641443374563,0.8080698472053746
PROPERTY,JVDC,1960,2040,symmetrical,up,10,False,-6.493506493506493,-187.83810428442058,3.456969776310221
PROPERTY,JVDC,1960,2040,symmetrical,up,20,False,-12.987012987012985,-375.67620856884116,3.456969776310221
PROPERTY,JVDC,1960,2040,symmetrical,up,30,False,-24.675324675324674,-713.7847962807982,3.456969776310221
PROPERTY,JVDC,1960,2040,symmetrical,up,60,False,-22.07792207792208,-638.64955456703,3.456969776310221
PROPERTY,JVDC,1960,2040,symmetrical,up,90,False,-36.1038961038961,-1044.3798598213784,3.456969776310221
POWER GENERATION & DISTRIBUTION,KAPCO,1680,1760,symmetrical,up,10,False,-4.1364136413641415,-562.4869250097415,0.7353795186070333
POWER GENERATION & DISTRIBUTION,KAPCO,1680,1760,symmetrical,up,20,False,-2.2222222222222334,-302.1871246062984,0.7353795186070333
POWER GENERATION & DISTRIBUTION,KAPCO,1680,1760,symmetrical,up,30,False,-2.3102310231023195,-314.154931521399,0.7353795186070333
POWER GENERATION & DISTRIBUTION,KAPCO,1680,1760,symmetrical,up,60,False,2.39823982398239,326.1227384364975,0.7353795186070333
POWER GENERATION & DISTRIBUTION,KAPCO,1680,1760,symmetrical,up,90,False,7.744774477447736,1053.167008528875,0.7353795186070333
POWER GENERATION & DISTRIBUTION,KAPCO,2440,2520,ascending,sequential,10,False,-0.3477454503303549,-29.33884592349068,1.185273105960607
POWER GENERATION & DISTRIBUTION,KAPCO,2440,2520,ascending,sequential,20,False,-5.4248290251535956,-457.6859964064596,1.185273105960607
POWER GENERATION & DISTRIBUTION,KAPCO,2440,2520,ascending,sequential,30,False,-10.096209574591409,-851.8044933120216,1.185273105960607
POWER GENERATION & DISTRIBUTION,KAPCO,2440,2520,ascending,sequential,60,False,-13.017271357366415,-1098.2507990693452,1.185273105960607
POWER GENERATION & DISTRIBUTION,KAPCO,2440,2520,ascending,sequential,90,False,0.31297090529731775,26.404961331141468,1.185273105960607
POWER GENERATION & DISTRIBUTION,KAPCO,2480,2560,ascending,sequential,10,False,0.6725021349274075,33.0414239986137,2.035330362745938
POWER GENERATION & DISTRIBUTION,KAPCO,2480,2560,ascending,sequential,20,False,3.0102476515798386,147.8997074223668,2.035330362745938
POWER GENERATION & DISTRIBUTION,KAPCO,2480,2560,ascending,sequential,30,False,3.970964987190434,195.10174170610128,2.035330362745938
POWER GENERATION & DISTRIBUTION,KAPCO,2480,2560,ascending,sequential,60,False,-8.368915456874468,-411.1821653160847,2.035330362745938
POWER GENERATION & DISTRIBUTION,KAPCO,2480,2560,ascending,sequential,90,False,-13.610162254483345,-668.6954856862345,2.035330362745938
POWER GENERATION & DISTRIBUTION,KAPCO,3920,4000,symmetrical,sequential,10,False,5.342624854819987,199.5702125345885,2.6770652729019013
POWER GENERATION & DISTRIBUTION,KAPCO,3920,4000,symmetrical,sequential,20,False,-7.363530778164913,-275.05981466723625,2.6770652729019013
POWER GENERATION & DISTRIBUTION,KAPCO,3920,4000,symmetrical,sequential,30,False,-8.339140534262478,-311.50307086920463,2.6770652729019013
POWER GENERATION & DISTRIBUTION,KAPCO,3920,4000,symmetrical,sequential,60,False,-11.68408826945411,-436.4513778473814,2.6770652729019013
POWER GENERATION & DISTRIBUTION,KAPCO,3920,4000,symmetrical,sequential,90,False,-34.95934959349593,-1305.8833472371962,2.6770652729019013
POWER GENERATION & DISTRIBUTION,KAPCO,4200,4280,descending,up,10,False,12.057761732851985,520.8335097789751,2.3150894684116836
POWER GENERATION & DISTRIBUTION,KAPCO,4200,4280,descending,up,20,False,10.505415162454874,453.7800938493465,2.3150894684116836
POWER GENERATION & DISTRIBUTION,KAPCO,4200,4280,descending,up,30,False,10.397111913357397,449.10194855193043,2.3150894684116836
POWER GENERATION & DISTRIBUTION,KAPCO,4200,4280,descending,up,60,False,-3.068592057761725,-132.5474500934514,2.3150894684116836
POWER GENERATION & DISTRIBUTION,KAPCO,4200,4280,descending,up,90,False,-2.057761732851987,-88.88476065090298,2.3150894684116836
POWER GENERATION & DISTRIBUTION,KAPCO,5160,5240,descending,up,10,False,-0.8492569002123211,-69.6126484116461,1.2199749895885899
POWER GENERATION & DISTRIBUTION,KAPCO,5160,5240,descending,up,20,True,,,1.2199749895885899
POWER GENERATION & DISTRIBUTION,KAPCO,5160,5240,descending,up,30,True,,,1.2199749895885899
POWER GENERATION & DISTRIBUTION,KAPCO,5160,5240,descending,up,60,True,,,1.2199749895885899
POWER GENERATION & DISTRIBUTION,KAPCO,5160,5240,descending,up,90,True,,,1.2199749895885899
POWER GENERATION & DISTRIBUTION,KEL,3160,3240,ascending,sequential,10,False,1.7777777777777795,39.10669529997348,4.545967804594793
POWER GENERATION & DISTRIBUTION,KEL,3160,3240,ascending,sequential,20,False,1.1851851851851862,26.071130199982324,4.545967804594793
POWER GENERATION & DISTRIBUTION,KEL,3160,3240,ascending,sequential,30,False,-5.3333333333333375,-117.32008589992044,4.545967804594793
POWER GENERATION & DISTRIBUTION,KEL,3160,3240,ascending,sequential,60,False,-21.481481481481485,-472.53923487467927,4.545967804594793
POWER GENERATION & DISTRIBUTION,KEL,3160,3240,ascending,sequential,90,False,-19.55555555555556,-430.1736482997081,4.545967804594793
TEXTILE COMPOSITE,KML,1280,1360,descending,sequential,10,False,-3.409090909090917,-79.13737648741119,4.30781390590225
TEXTILE COMPOSITE,KML,1280,1360,descending,sequential,20,False,-13.352272727272736,-309.95472457569326,4.30781390590225
TEXTILE COMPOSITE,KML,1280,1360,descending,sequential,30,False,-9.545454545454552,-221.584654164751,4.30781390590225
TEXTILE COMPOSITE,KML,1280,1360,descending,sequential,60,False,-25.90909090909092,-601.4440613043239,4.30781390590225
TEXTILE COMPOSITE,KML,1280,1360,descending,sequential,90,False,-5.000000000000014,-116.06815218153645,4.30781390590225
CEMENT,KOHC,2120,2200,ascending,sequential,10,False,-2.201386057888302,-75.94169653681668,2.898784407352641
CEMENT,KOHC,2120,2200,ascending,sequential,20,False,-4.54137790460661,-156.66490730002556,2.898784407352641
CEMENT,KOHC,2120,2200,ascending,sequential,30,False,-3.253159396657162,-112.22495154885144,2.898784407352641
CEMENT,KOHC,2120,2200,ascending,sequential,60,False,14.77374643293926,509.6531634248581,2.898784407352641
CEMENT,KOHC,2120,2200,ascending,sequential,90,False,-2.6172034243783187,-90.28623921599329,2.898784407352641
CEMENT,KOHC,3800,3880,symmetrical,whipsaw,10,False,-12.400075237468261,-954.0065891624897,1.2997892654341237
CEMENT,KOHC,3800,3880,symmetrical,whipsaw,20,False,3.357472021066485,258.3089513318226,1.2997892654341237
CEMENT,KOHC,3800,3880,symmetrical,whipsaw,30,False,-1.9561741747390184,-150.49933298884918,1.2997892654341237
CEMENT,KOHC,3800,3880,symmetrical,whipsaw,60,False,10.180569923822066,783.2477305789876,1.2997892654341237
CEMENT,KOHC,3800,3880,symmetrical,whipsaw,90,False,-2.0220069594658194,-155.56421438751292,1.2997892654341237
CEMENT,KOHC,4240,4320,ascending,down,10,False,-1.3930795403479408,-55.13459658844601,2.526688552283475
CEMENT,KOHC,4240,4320,ascending,down,20,False,9.841432881812937,389.4992468667663,2.526688552283475
CEMENT,KOHC,4240,4320,ascending,down,30,False,14.630545034345522,579.0403024196742,2.526688552283475
CEMENT,KOHC,4240,4320,ascending,down,60,False,18.989535854143938,751.5582336802963,2.526688552283475
CEMENT,KOHC,4240,4320,ascending,down,90,False,11.382166013995002,450.4776025406241,2.526688552283475
CEMENT,KOHC,4840,4920,ascending,down,10,False,-2.9592301712815345,-58.802627868809985,5.032479463134956
CEMENT,KOHC,4840,4920,ascending,down,20,False,-2.1765352346744593,-43.249758903508734,5.032479463134956
CEMENT,KOHC,4840,4920,ascending,down,30,False,-2.36416758249122,-46.97818639519046,5.032479463134956
CEMENT,KOHC,4840,4920,ascending,down,60,False,-13.482724421690303,-267.91414690227697,5.032479463134956
CEMENT,KOHC,4840,4920,ascending,down,90,False,72.2036079020023,1434.7521620490322,5.032479463134956
POWER GENERATION & DISTRIBUTION,KOHE,2440,2520,ascending,up,10,False,-1.0942585839798378,-53.553041528007704,2.0433173406361087
POWER GENERATION & DISTRIBUTION,KOHE,2440,2520,ascending,up,20,False,1.8627175056900174,91.16143971597343,2.0433173406361087
POWER GENERATION & DISTRIBUTION,KOHE,2440,2520,ascending,up,30,False,2.747424194219425,134.45900641963524,2.0433173406361087
POWER GENERATION & DISTRIBUTION,KOHE,2440,2520,ascending,up,60,False,2.444568170137793,119.63722528663953,2.0433173406361087
POWER GENERATION & DISTRIBUTION,KOHE,2440,2520,ascending,up,90,False,1.303810479430268,63.80851635235361,2.0433173406361087
POWER GENERATION & DISTRIBUTION,KOHP,3560,3640,ascending,down,10,False,5.913978494623661,32.7170047688057,18.07616111687092
POWER GENERATION & DISTRIBUTION,KOHP,3560,3640,ascending,down,20,False,12.634408602150543,69.89541927881216,18.07616111687092
POWER GENERATION & DISTRIBUTION,KOHP,3560,3640,ascending,down,30,False,5.913978494623661,32.7170047688057,18.07616111687092
POWER GENERATION & DISTRIBUTION,KOHP,3560,3640,ascending,down,60,False,0.5376344086021511,2.9742731608005184,18.07616111687092
POWER GENERATION & DISTRIBUTION,KOHP,3560,3640,ascending,down,90,False,-4.838709677419347,-26.7684584472046,18.07616111687092
TEXTILE COMPOSITE,KOIL,1720,1800,descending,sequential,10,False,-12.928759894459107,-87.61825193222575,14.755783879892661
TEXTILE COMPOSITE,KOIL,1720,1800,descending,sequential,20,False,-27.96833773087071,-189.5415245880801,14.755783879892661
TEXTILE COMPOSITE,KOIL,1720,1800,descending,sequential,30,False,-24.274406332453825,-164.5077383217299,14.755783879892661
TEXTILE COMPOSITE,KOIL,1720,1800,descending,sequential,60,False,-36.14775725593668,-244.97347989214128,14.755783879892661
TEXTILE COMPOSITE,KOIL,1720,1800,descending,sequential,90,False,6.86015831134564,46.49131735179319,14.755783879892661
TEXTILE COMPOSITE,KOIL,3760,3840,descending,whipsaw,10,False,2.9090909090909114,41.63779610820386,6.986659191882002
TEXTILE COMPOSITE,KOIL,3760,3840,descending,whipsaw,20,False,0.0,0.0,6.986659191882002
TEXTILE COMPOSITE,KOIL,3760,3840,descending,whipsaw,30,False,-4.545454545454546,-65.05905641906847,6.986659191882002
TEXTILE COMPOSITE,KOIL,3760,3840,descending,whipsaw,60,False,-1.818181818181812,-26.023622567627296,6.986659191882002
TEXTILE COMPOSITE,KOIL,3760,3840,descending,whipsaw,90,False,10.545454545454547,150.93701089223887,6.986659191882002
TEXTILE COMPOSITE,KOIL,3960,4040,symmetrical,up,10,False,0.19607843137256228,3.9054466477753604,5.020640378847665
TEXTILE COMPOSITE,KOIL,3960,4040,symmetrical,up,20,False,4.117647058823529,82.014379603277,5.020640378847665
TEXTILE COMPOSITE,KOIL,3960,4040,symmetrical,up,30,False,9.803921568627452,195.27233238875482,5.020640378847665
TEXTILE COMPOSITE,KOIL,3960,4040,symmetrical,up,60,False,16.66666666666668,331.96296506088345,5.020640378847665
TEXTILE COMPOSITE,KOIL,3960,4040,symmetrical,up,90,False,37.058823529411775,738.1294164294934,5.020640378847665
TEXTILE COMPOSITE,KTML,2200,2280,descending,sequential,10,False,-8.07453416149068,-250.5271883832508,3.2230171158662597
TEXTILE COMPOSITE,KTML,2200,2280,descending,sequential,20,False,-4.7204968944099255,-146.46204859328475,3.2230171158662597
TEXTILE COMPOSITE,KTML,2200,2280,descending,sequential,30,False,-0.8281573498964775,-25.6950962444359,3.2230171158662597
TEXTILE COMPOSITE,KTML,2200,2280,descending,sequential,60,False,8.612836438923404,267.2290009421345,3.2230171158662597
TEXTILE COMPOSITE,KTML,2200,2280,descending,sequential,90,False,38.50931677018635,1194.8219753662738,3.2230171158662597
AUTOMOBILE PARTS & ACCESSORIES,LOADS,1120,1200,symmetrical,down,10,False,4.907975460122685,60.80334399497632,8.071884106453407
AUTOMOBILE PARTS & ACCESSORIES,LOADS,1120,1200,symmetrical,down,20,False,13.854805725971358,171.64277315248555,8.071884106453407
AUTOMOBILE PARTS & ACCESSORIES,LOADS,1120,1200,symmetrical,down,30,False,20.858895705521466,258.41421197865,8.071884106453407
AUTOMOBILE PARTS & ACCESSORIES,LOADS,1120,1200,symmetrical,down,60,False,30.572597137014313,378.7541636353743,8.071884106453407
AUTOMOBILE PARTS & ACCESSORIES,LOADS,1120,1200,symmetrical,down,90,False,25.664621676891613,317.9508196403979,8.071884106453407
AUTOMOBILE PARTS & ACCESSORIES,LOADS,2200,2280,symmetrical,down,10,False,2.6875699888017945,49.57530964640541,5.421186489748257
AUTOMOBILE PARTS & ACCESSORIES,LOADS,2200,2280,symmetrical,down,20,False,22.78835386338186,420.3573130434789,5.421186489748257
AUTOMOBILE PARTS & ACCESSORIES,LOADS,2200,2280,symmetrical,down,30,False,29.787234042553195,549.4596819143261,5.421186489748257
AUTOMOBILE PARTS & ACCESSORIES,LOADS,2200,2280,symmetrical,down,60,False,28.21948488241881,520.5407512872563,5.421186489748257
AUTOMOBILE PARTS & ACCESSORIES,LOADS,2200,2280,symmetrical,down,90,False,20.660694288913774,381.1101929067412,5.421186489748257
CHEMICAL,LOTCHEM,1000,1080,descending,up,10,False,-0.6600660066006607,-19.14359478638204,3.4479731417539425
CHEMICAL,LOTCHEM,1000,1080,descending,up,20,False,56.10561056105613,1627.2055568424723,3.4479731417539425
CHEMICAL,LOTCHEM,1000,1080,descending,up,30,False,69.63696369636963,2019.6492499633027,3.4479731417539425
CHEMICAL,LOTCHEM,1000,1080,descending,up,60,False,118.81188118811883,3445.8470615487636,3.4479731417539425
CHEMICAL,LOTCHEM,1000,1080,descending,up,90,False,137.62376237623764,3991.439512960651,3.4479731417539425
CHEMICAL,LOTCHEM,1720,1800,symmetrical,down,10,False,3.783783783783787,149.02484528182563,2.539028828802441
CHEMICAL,LOTCHEM,1720,1800,symmetrical,down,20,False,-3.1081081081081017,-122.41326576721355,2.539028828802441
CHEMICAL,LOTCHEM,1720,1800,symmetrical,down,30,False,3.6486486486486545,143.7025293789034,2.539028828802441
CHEMICAL,LOTCHEM,1720,1800,symmetrical,down,60,False,4.054054054054063,159.66947708767054,2.539028828802441
CHEMICAL,LOTCHEM,1720,1800,symmetrical,down,90,False,5.135135135135145,202.24800431104927,2.539028828802441
CHEMICAL,LOTCHEM,4400,4480,descending,up,10,False,-5.0945580856812045,-97.88942698636735,5.204400763721605
CHEMICAL,LOTCHEM,4400,4480,descending,up,20,False,3.975299112311853,76.38341651208975,5.204400763721605
CHEMICAL,LOTCHEM,4400,4480,descending,up,30,False,11.848707062910075,227.66707640011194,5.204400763721605
CHEMICAL,LOTCHEM,4400,4480,descending,up,60,False,7.448861443458123,143.12620763915828,5.204400763721605
CHEMICAL,LOTCHEM,4400,4480,descending,up,90,False,-7.79621767657275,-149.80048675186515,5.204400763721605
CHEMICAL,LPGL,1640,1720,symmetrical,down,10,False,2.447058823529406,38.19487149553492,6.406773285820518
CHEMICAL,LPGL,1640,1720,symmetrical,down,20,False,11.16235294117647,174.22737536040196,6.406773285820518
CHEMICAL,LPGL,1640,1720,symmetrical,down,30,False,13.21411764705883,206.2523060758891,6.406773285820518
CHEMICAL,LPGL,1640,1720,symmetrical,down,60,False,6.842352941176467,106.79873683559205,6.406773285820518
CHEMICAL,LPGL,1640,1720,symmetrical,down,90,False,13.562352941176467,211.6877300964074,6.406773285820518
POWER GENERATION & DISTRIBUTION,LPL,80,160,descending,down,10,False,-6.941193123046931,-566.717099563209,1.2248074265619973
POWER GENERATION & DISTRIBUTION,LPL,80,160,descending,down,20,False,-2.821118648127784,-230.3316086224748,1.2248074265619973
POWER GENERATION & DISTRIBUTION,LPL,80,160,descending,down,30,False,-4.458695817863087,-364.032395719426,1.2248074265619973
POWER GENERATION & DISTRIBUTION,LPL,80,160,descending,down,60,False,1.2412486525919315,101.34235192189229,1.2248074265619973
POWER GENERATION & DISTRIBUTION,LPL,80,160,descending,down,90,False,4.9094650653833245,400.8356708910614,1.2248074265619973
POWER GENERATION & DISTRIBUTION,LPL,120,200,descending,down,10,False,1.2971325969857017,63.30290010680382,2.0490887381102554
POWER GENERATION & DISTRIBUTION,LPL,120,200,descending,down,20,False,-1.1273736329506516,-55.0182923747049,2.0490887381102554
POWER GENERATION & DISTRIBUTION,LPL,120,200,descending,down,30,False,-2.9892812448990616,-145.88344512868125,2.0490887381102554
POWER GENERATION & DISTRIBUTION,LPL,120,200,descending,down,60,False,4.681429892812459,228.46399015056056,2.0490887381102554
POWER GENERATION & DISTRIBUTION,LPL,120,200,descending,down,90,False,-38.4656401327602,-1877.2071417577856,2.0490887381102554
POWER GENERATION & DISTRIBUTION,LPL,400,480,ascending,down,10,False,2.9376595877187426,46.29776100444805,6.34514396373619
POWER GENERATION & DISTRIBUTION,LPL,400,480,ascending,down,20,False,3.3250295821137152,52.40274454160453,6.34514396373619
POWER GENERATION & DISTRIBUTION,LPL,400,480,ascending,down,30,False,5.164725664819072,81.39650880006107,6.34514396373619
POWER GENERATION & DISTRIBUTION,LPL,400,480,ascending,down,60,False,0.6782088808619197,10.688628733059861,6.34514396373619
POWER GENERATION & DISTRIBUTION,LPL,400,480,ascending,down,90,False,10.74920595378962,169.40838561305395,6.34514396373619
POWER GENERATION & DISTRIBUTION,LPL,720,800,descending,up,10,False,3.6712310500304213,100.30711568623339,3.6599906446460393
POWER GENERATION & DISTRIBUTION,LPL,720,800,descending,up,20,False,1.9435438839207588,53.10242764592423,3.6599906446460393
POWER GENERATION & DISTRIBUTION,LPL,720,800,descending,up,30,False,0.8200888429579856,22.406856262259573,3.6599906446460393
POWER GENERATION & DISTRIBUTION,LPL,720,800,descending,up,60,False,-2.203572053639146,-60.207040607128526,3.6599906446460393
POWER GENERATION & DISTRIBUTION,LPL,720,800,descending,up,90,False,-10.021919041229458,-273.82362454641424,3.6599906446460393
CEMENT,LUCK,2040,2120,descending,up,10,False,6.8797399783315365,250.1844343615368,2.749867311245173
CEMENT,LUCK,2040,2120,descending,up,20,False,11.684307025585463,424.9043936703502,2.749867311245173
CEMENT,LUCK,2040,2120,descending,up,30,False,16.113842820235014,585.9861948371056,2.749867311245173
CEMENT,LUCK,2040,2120,descending,up,60,False,30.952579381615138,1125.6026519912134,2.749867311245173
CEMENT,LUCK,2040,2120,descending,up,90,False,40.80340028335694,1483.8316058559449,2.749867311245173
MISCELLANEOUS,MACFL,560,640,descending,down,10,False,3.876767324140342,32.99527639166886,11.749461583898736
MISCELLANEOUS,MACFL,560,640,descending,down,20,False,6.976784779193579,59.37961266884304,11.749461583898736
MISCELLANEOUS,MACFL,560,640,descending,down,30,False,17.8303368825275,151.75450172935493,11.749461583898736
MISCELLANEOUS,MACFL,560,640,descending,down,60,False,-5.037528364461507,-42.874546450408005,11.749461583898736
MISCELLANEOUS,MACFL,560,640,descending,down,90,False,13.953569558387159,118.75922533768608,11.749461583898736
MISCELLANEOUS,MACFL,3800,3880,descending,up,10,False,-8.06356680400235,-140.63955764923307,5.733498411672743
MISCELLANEOUS,MACFL,3800,3880,descending,up,20,False,-2.0600353148911,-35.92981399797905,5.733498411672743
MISCELLANEOUS,MACFL,3800,3880,descending,up,30,False,-2.8840494408475483,-50.30173959717082,5.733498411672743
MISCELLANEOUS,MACFL,3800,3880,descending,up,60,False,-7.651559741024126,-133.4535948496372,5.733498411672743
MISCELLANEOUS,MACFL,3800,3880,descending,up,90,False,-8.769864626250728,-152.95835101996875,5.733498411672743
PHARMACEUTICALS,MACTER,360,440,symmetrical,sequential,10,False,-18.02185792349726,-231.3104953122379,7.791197670979084
PHARMACEUTICALS,MACTER,360,440,symmetrical,sequential,20,False,-20.76502732240437,-266.5190667636459,7.791197670979084
PHARMACEUTICALS,MACTER,360,440,symmetrical,sequential,30,False,-20.21857923497268,-259.505407111971,7.791197670979084
PHARMACEUTICALS,MACTER,360,440,symmetrical,sequential,60,False,-21.94535519125683,-281.66857161126364,7.791197670979084
PHARMACEUTICALS,MACTER,360,440,symmetrical,sequential,90,False,-16.765027322404375,-215.1790781133857,7.791197670979084
PHARMACEUTICALS,MACTER,1000,1080,symmetrical,down,10,False,-1.4288335998741548,-8.01012169649499,17.837851333761552
PHARMACEUTICALS,MACTER,1000,1080,symmetrical,down,20,False,-4.582754371706478,-25.691179312795015,17.837851333761552
PHARMACEUTICALS,MACTER,1000,1080,symmetrical,down,30,False,-4.85541252654484,-27.21971629708025,17.837851333761552
PHARMACEUTICALS,MACTER,1000,1080,symmetrical,down,60,False,10.79621424638859,60.52418558929621,17.837851333761552
PHARMACEUTICALS,MACTER,1000,1080,symmetrical,down,90,False,11.546024172194116,64.72766229608077,17.837851333761552
OIL & GAS EXPLORATION COMPANIES,MARI,680,760,symmetrical,whipsaw,10,False,-0.9911725003181666,-130.04064333351997,0.7622020892161158
OIL & GAS EXPLORATION COMPANIES,MARI,680,760,symmetrical,whipsaw,20,False,1.2389656253977133,162.5508041669006,0.7622020892161158
OIL & GAS EXPLORATION COMPANIES,MARI,680,760,symmetrical,whipsaw,30,False,-0.9203744645811562,-120.75202595255443,0.7622020892161158
OIL & GAS EXPLORATION COMPANIES,MARI,680,760,symmetrical,whipsaw,60,False,-21.06192880833274,-2763.299800187351,0.7622020892161158
OIL & GAS EXPLORATION COMPANIES,MARI,680,760,symmetrical,whipsaw,90,False,5.543388833522381,727.2859667996267,0.7622020892161158
COMMERCIAL BANKS,MCB,1280,1360,ascending,up,10,False,1.2699365031748515,21.951096072994645,5.7852988249511235
COMMERCIAL BANKS,MCB,1280,1360,ascending,up,20,False,0.8549572521373972,14.77810011213414,5.7852988249511235
COMMERCIAL BANKS,MCB,1280,1360,ascending,up,30,False,2.7148642567871644,46.92694947888194,5.7852988249511235
COMMERCIAL BANKS,MCB,1280,1360,ascending,up,60,False,22.313884305784708,385.6997707628909,5.7852988249511235
COMMERCIAL BANKS,MCB,1280,1360,ascending,up,90,False,6.394680265986712,110.53327510771642,5.7852988249511235
COMMERCIAL BANKS,MCB,1800,1880,symmetrical,up,10,False,-2.154369913293266,-155.71909819242654,1.3834975531588616
COMMERCIAL BANKS,MCB,1800,1880,symmetrical,up,20,False,0.047874886962074266,3.460424404276267,1.3834975531588616
COMMERCIAL BANKS,MCB,1800,1880,symmetrical,up,30,False,8.50577158359486,614.802069159726,1.3834975531588616
COMMERCIAL BANKS,MCB,1800,1880,symmetrical,up,60,False,9.144103409755838,660.9410612167419,1.3834975531588616
COMMERCIAL BANKS,MCB,1800,1880,symmetrical,up,90,False,12.213415607213138,882.7927146908889,1.3834975531588616
COMMERCIAL BANKS,MCB,2080,2160,ascending,whipsaw,10,False,-2.5873005274754624,-128.24837310214957,2.017413917145508
COMMERCIAL BANKS,MCB,2080,2160,ascending,whipsaw,20,False,-1.5490418641917751,-76.78354208954575,2.017413917145508
COMMERCIAL BANKS,MCB,2080,2160,ascending,whipsaw,30,False,-5.421646524671165,-268.7423973134078,2.017413917145508
COMMERCIAL BANKS,MCB,2080,2160,ascending,whipsaw,60,False,-14.966281631835484,-741.8547827315314,2.017413917145508
COMMERCIAL BANKS,MCB,2080,2160,ascending,whipsaw,90,False,-5.638645923749764,-279.49871247681443,2.017413917145508
COMMERCIAL BANKS,MCB,2120,2200,ascending,down,10,False,5.503133328531307,95.51055781108208,5.761806291003338
COMMERCIAL BANKS,MCB,2120,2200,ascending,down,20,False,-1.7179284016422898,-29.815795861181865,5.761806291003338
COMMERCIAL BANKS,MCB,2120,2200,ascending,down,30,False,11.035078873442345,191.5211708986617,5.761806291003338
COMMERCIAL BANKS,MCB,2120,2200,ascending,down,60,False,-2.1573147014333904,-37.441638827773296,5.761806291003338
COMMERCIAL BANKS,MCB,2120,2200,ascending,down,90,False,-5.802060073471136,-100.69863130474641,5.761806291003338
COMMERCIAL BANKS,MCB,3080,3160,symmetrical,up,10,False,6.895403064623588,1143.4019803386248,0.603060269545928
COMMERCIAL BANKS,MCB,3080,3160,symmetrical,up,20,False,12.572570667174274,2084.79505317781,0.603060269545928
COMMERCIAL BANKS,MCB,3080,3160,symmetrical,up,30,False,7.409346150185601,1228.6244881899518,0.603060269545928
COMMERCIAL BANKS,MCB,3080,3160,symmetrical,up,60,False,6.83829827733892,1133.932812799588,0.603060269545928
COMMERCIAL BANKS,MCB,3080,3160,symmetrical,up,90,False,-4.292376510897489,-711.7657600175547,0.603060269545928
COMMERCIAL BANKS,MCB,4120,4200,ascending,down,10,False,4.045427054633432,230.9990681202795,1.7512741880530047
COMMERCIAL BANKS,MCB,4120,4200,ascending,down,20,False,2.3452724951280217,133.9180644086007,1.7512741880530047
COMMERCIAL BANKS,MCB,4120,4200,ascending,down,30,False,0.26879913984275633,15.348775290384213,1.7512741880530047
COMMERCIAL BANKS,MCB,4120,4200,ascending,down,60,False,11.854042067065397,676.8809903059347,1.7512741880530047
COMMERCIAL BANKS,MCB,4120,4200,ascending,down,90,False,20.52281432699416,1171.8789934208182,1.7512741880530047
COMMERCIAL BANKS,MEBL,1000,1080,descending,up,10,False,12.780656303972371,231.0021631278738,5.532699837489182
COMMERCIAL BANKS,MEBL,1000,1080,descending,up,20,False,25.388601036269424,458.88267540266804,5.532699837489182
COMMERCIAL BANKS,MEBL,1000,1080,descending,up,30,False,24.87046632124353,449.5177228434301,5.532699837489182
COMMERCIAL BANKS,MEBL,1000,1080,descending,up,60,False,44.300518134715034,800.7034438148597,5.532699837489182
COMMERCIAL BANKS,MEBL,1000,1080,descending,up,90,False,41.3644214162349,747.6353793125105,5.532699837489182
COMMERCIAL BANKS,MEBL,1560,1640,ascending,sequential,10,False,5.021141649048641,156.0829527408223,3.216969925848539
COMMERCIAL BANKS,MEBL,1560,1640,ascending,sequential,20,False,3.541226215644829,110.07955614352724,3.216969925848539
COMMERCIAL BANKS,MEBL,1560,1640,ascending,sequential,30,False,-1.7441860465116188,-54.218288846811504,3.216969925848539
COMMERCIAL BANKS,MEBL,1560,1640,ascending,sequential,60,False,-29.06976744186046,-903.6381474468632,3.216969925848539
COMMERCIAL BANKS,MEBL,1560,1640,ascending,sequential,90,False,-51.321353065539085,-1595.3320748561887,3.216969925848539
COMMERCIAL BANKS,MEBL,2080,2160,ascending,down,10,False,1.0370754472387829,105.28017525439917,0.9850624248418969
COMMERCIAL BANKS,MEBL,2080,2160,ascending,down,20,False,1.9963702359346722,202.66433736471993,0.9850624248418969
COMMERCIAL BANKS,MEBL,2080,2160,ascending,down,30,False,-1.1148561057816948,-113.17618839847943,0.9850624248418969
COMMERCIAL BANKS,MEBL,2080,2160,ascending,down,60,False,-1.9185895773917605,-194.76832422063964,0.9850624248418969
COMMERCIAL BANKS,MEBL,2080,2160,ascending,down,90,False,-5.003889032927145,-507.9768456024777,0.9850624248418969
COMMERCIAL BANKS,MEBL,2280,2360,descending,up,10,False,-3.656927426955698,-187.84099472412527,1.9468207311862273
COMMERCIAL BANKS,MEBL,2280,2360,descending,up,20,False,-11.76248821866163,-604.189591277599,1.9468207311862273
COMMERCIAL BANKS,MEBL,2280,2360,descending,up,30,False,-11.536286522148911,-592.570560676107,1.9468207311862273
COMMERCIAL BANKS,MEBL,2280,2360,descending,up,60,False,-3.901979264844487,-200.42827787574217,1.9468207311862273
COMMERCIAL BANKS,MEBL,2280,2360,descending,up,90,False,-18.001885014137603,-924.6811853687618,1.9468207311862273
COMMERCIAL BANKS,MEBL,4800,4880,symmetrical,up,10,False,9.072597221080324,495.50931744206935,1.830964000417815
COMMERCIAL BANKS,MEBL,4800,4880,symmetrical,up,20,False,5.093315793800877,278.17673054405293,1.830964000417815
COMMERCIAL BANKS,MEBL,4800,4880,symmetrical,up,30,False,11.826851927978288,645.9357980429692,1.830964000417815
COMMERCIAL BANKS,MEBL,4800,4880,symmetrical,up,60,False,26.646386582257662,1455.320070529902,1.830964000417815
COMMERCIAL BANKS,MEBL,4800,4880,symmetrical,up,90,False,48.174792403190004,2631.1163077044007,1.830964000417815
PAPER & BOARD,MERIT,720,800,symmetrical,down,10,False,10.317002881844385,100.20655387997321,10.295736638346057
PAPER & BOARD,MERIT,720,800,symmetrical,down,20,False,23.34293948126801,226.72432581781644,10.295736638346057
PAPER & BOARD,MERIT,720,800,symmetrical,down,30,False,14.69740634005764,142.75235329269924,10.295736638346057
PAPER & BOARD,MERIT,720,800,symmetrical,down,60,False,-4.553314121037459,-44.225238863228334,10.295736638346057
PAPER & BOARD,MERIT,720,800,symmetrical,down,90,False,-30.893371757925063,-300.059848489752,10.295736638346057
PAPER & BOARD,MERIT,1400,1480,ascending,down,10,False,-1.524562394127609,-14.416447455102979,10.575160065442898
PAPER & BOARD,MERIT,1400,1480,ascending,down,20,False,-2.089215132693379,-19.75587243847435,10.575160065442898
PAPER & BOARD,MERIT,1400,1480,ascending,down,30,False,1.185770750988147,11.212792465080158,10.575160065442898
PAPER & BOARD,MERIT,1400,1480,ascending,down,60,False,5.1948051948052045,49.122709847017724,10.575160065442898
PAPER & BOARD,MERIT,1400,1480,ascending,down,90,False,-2.540937323546015,-24.027412425171633,10.575160065442898
PAPER & BOARD,MERIT,4240,4320,ascending,down,10,False,0.6216006216006222,11.371588299148724,5.466260343308024
PAPER & BOARD,MERIT,4240,4320,ascending,down,20,False,4.895104895104888,89.55125785579598,5.466260343308024
PAPER & BOARD,MERIT,4240,4320,ascending,down,30,False,21.678321678321673,396.5841419328113,5.466260343308024
PAPER & BOARD,MERIT,4240,4320,ascending,down,60,False,37.14063714063714,679.4524008741356,5.466260343308024
PAPER & BOARD,MERIT,4240,4320,ascending,down,90,False,28.282828282828277,517.4072676112663,5.466260343308024
PAPER & BOARD,MERIT,4280,4360,descending,down,10,False,6.957928802588992,121.0783646497231,5.746632623192523
PAPER & BOARD,MERIT,4280,4360,descending,down,20,False,42.475728155339795,739.1411795477286,5.746632623192523
PAPER & BOARD,MERIT,4280,4360,descending,down,30,False,34.22330097087378,595.5366075213127,5.746632623192523
PAPER & BOARD,MERIT,4280,4360,descending,down,60,False,12.621359223300962,219.63052192275353,5.746632623192523
PAPER & BOARD,MERIT,4280,4360,descending,down,90,False,18.203883495145632,316.7747912347409,5.746632623192523
FOOD & PERSONAL CARE PRODUCTS,MFFL,2040,2120,ascending,down,10,False,-4.977011494252877,-53.5099199688007,9.301100613035407
FOOD & PERSONAL CARE PRODUCTS,MFFL,2040,2120,ascending,down,20,False,-4.21455938697318,-45.312480343095245,9.301100613035407
FOOD & PERSONAL CARE PRODUCTS,MFFL,2040,2120,ascending,down,30,False,-7.2796934865900385,-78.26701150170997,9.301100613035407
FOOD & PERSONAL CARE PRODUCTS,MFFL,2040,2120,ascending,down,60,False,-23.754789272030653,-255.39761647926414,9.301100613035407
FOOD & PERSONAL CARE PRODUCTS,MFFL,2040,2120,ascending,down,90,False,-3.4482758620689653,-37.07384755344157,9.301100613035407
FOOD & PERSONAL CARE PRODUCTS,MFL,520,600,symmetrical,up,10,False,-4.85527544351075,-84.29762335569876,5.75968248004292
FOOD & PERSONAL CARE PRODUCTS,MFL,520,600,symmetrical,up,20,False,5.042016806722681,87.53983963860989,5.75968248004292
FOOD & PERSONAL CARE PRODUCTS,MFL,520,600,symmetrical,up,30,False,18.394024276377205,319.35830386678083,5.75968248004292
FOOD & PERSONAL CARE PRODUCTS,MFL,520,600,symmetrical,up,60,False,0.42016806722689004,7.294986636550823,5.75968248004292
FOOD & PERSONAL CARE PRODUCTS,MFL,520,600,symmetrical,up,90,False,-7.563025210084037,-131.3097594579151,5.75968248004292
FOOD & PERSONAL CARE PRODUCTS,MFL,1240,1320,descending,up,10,False,7.720465890183018,240.63850558015508,3.2083252310638133
FOOD & PERSONAL CARE PRODUCTS,MFL,1240,1320,descending,up,20,False,-1.2312811980033311,-38.37769270028351,3.2083252310638133
FOOD & PERSONAL CARE PRODUCTS,MFL,1240,1320,descending,up,30,False,-3.2945091514143163,-102.68625884670446,3.2083252310638133
FOOD & PERSONAL CARE PRODUCTS,MFL,1240,1320,descending,up,60,False,-0.23294509151414403,-7.260644564918511,3.2083252310638133
FOOD & PERSONAL CARE PRODUCTS,MFL,1240,1320,descending,up,90,False,15.440931780366046,481.2770111603105,3.2083252310638133
CEMENT,MLCF,1360,1440,symmetrical,down,10,False,4.727272727272724,177.0509241633391,2.67000737195337
CEMENT,MLCF,1360,1440,symmetrical,down,20,False,5.4545454545454515,204.28952788077592,2.67000737195337
CEMENT,MLCF,1360,1440,symmetrical,down,30,False,21.090909090909093,789.9195078056674,2.67000737195337
CEMENT,MLCF,1360,1440,symmetrical,down,60,False,14.181818181818187,531.1527724900179,2.67000737195337
CEMENT,MLCF,1360,1440,symmetrical,down,90,False,19.272727272727266,721.8229985120751,2.67000737195337
CEMENT,MLCF,2560,2640,symmetrical,down,10,False,-1.9119351100811022,-60.118543734752436,3.1802751552278186
CEMENT,MLCF,2560,2640,symmetrical,down,20,False,-3.447276940903817,-108.39555612781157,3.1802751552278186
CEMENT,MLCF,2560,2640,symmetrical,down,30,False,-14.498841251448422,-455.89895665520794,3.1802751552278186
CEMENT,MLCF,2560,2640,symmetrical,down,60,False,-12.514484356894554,-393.5031953547453,3.1802751552278186
CEMENT,MLCF,2560,2640,symmetrical,down,90,False,-40.77346465816916,-1282.0734894949162,3.1802751552278186
CEMENT,MLCF,4080,4160,ascending,down,10,False,-9.443248231313444,-93.3744971765364,10.11330557792432
CEMENT,MLCF,4080,4160,ascending,down,20,False,-1.5379883112888344,-15.207572830054787,10.11330557792432
CEMENT,MLCF,4080,4160,ascending,down,30,False,-0.9535527529990843,-9.428695154634037,10.11330557792432
CEMENT,MLCF,4080,4160,ascending,down,60,False,-18.240541371885573,-180.36181376444975,10.11330557792432
CEMENT,MLCF,4080,4160,ascending,down,90,False,20.7013226699477,204.69393029253732,10.11330557792432
ENGINEERING,MSCL,1520,1600,descending,whipsaw,10,False,-79.12832929782084,-564.3010583648421,14.022360604303769
ENGINEERING,MSCL,1520,1600,descending,whipsaw,20,False,-40.4358353510896,-288.36681991104234,14.022360604303769
ENGINEERING,MSCL,1520,1600,descending,whipsaw,30,False,-62.082324455205814,-442.73803967180385,14.022360604303769
ENGINEERING,MSCL,1520,1600,descending,whipsaw,60,False,2.8087167070217838,20.03027012555737,14.022360604303769
ENGINEERING,MSCL,1520,1600,descending,whipsaw,90,False,32.20338983050847,229.65740747406355,14.022360604303769
TEXTILE COMPOSITE,MSOT,840,920,symmetrical,whipsaw,10,False,-19.846050870147256,-1195.294790000605,1.6603478101111113
TEXTILE COMPOSITE,MSOT,840,920,symmetrical,whipsaw,20,False,-18.67469879518072,-1124.7461936262016,1.6603478101111113
TEXTILE COMPOSITE,MSOT,840,920,symmetrical,whipsaw,30,False,-13.989290495314592,-842.5518081285883,1.6603478101111113
TEXTILE COMPOSITE,MSOT,840,920,symmetrical,whipsaw,60,False,-12.985274431057562,-782.0815826648139,1.6603478101111113
TEXTILE COMPOSITE,MSOT,840,920,symmetrical,whipsaw,90,False,-3.1124497991967863,-187.45769893770023,1.6603478101111113
TEXTILE COMPOSITE,MSOT,960,1040,descending,up,10,False,49.84126984126983,761.9920511169622,6.540917292799872
TEXTILE COMPOSITE,MSOT,960,1040,descending,up,20,False,126.52557319223985,1934.3704793747659,6.540917292799872
TEXTILE COMPOSITE,MSOT,960,1040,descending,up,30,False,268.8183421516755,4109.795768975493,6.540917292799872
TEXTILE COMPOSITE,MSOT,960,1040,descending,up,60,False,415.6966490299824,6355.326484369004,6.540917292799872
TEXTILE COMPOSITE,MSOT,960,1040,descending,up,90,False,365.6084656084656,5589.559525709354,6.540917292799872
AUTOMOBILE ASSEMBLER,MTL,200,280,symmetrical,up,10,False,2.936611552893707,137.91788590675745,2.129246350889594
AUTOMOBILE ASSEMBLER,MTL,200,280,symmetrical,up,20,False,-2.2410702601698644,-105.25180701770607,2.129246350889594
AUTOMOBILE ASSEMBLER,MTL,200,280,symmetrical,up,30,False,3.4466650232963025,161.8725340004126,2.129246350889594
AUTOMOBILE ASSEMBLER,MTL,200,280,symmetrical,up,60,False,1.993803885049283,93.63894808208907,2.129246350889594
AUTOMOBILE ASSEMBLER,MTL,200,280,symmetrical,up,90,False,10.046318698207205,471.8250987730882,2.129246350889594
AUTOMOBILE ASSEMBLER,MTL,1560,1640,descending,up,10,False,8.192767320381174,172.8900329658597,4.73871580671107
AUTOMOBILE ASSEMBLER,MTL,1560,1640,descending,up,20,False,9.062398600410532,191.2416563908764,4.73871580671107
AUTOMOBILE ASSEMBLER,MTL,1560,1640,descending,up,30,False,23.89334662488915,504.21564827860925,4.73871580671107
AUTOMOBILE ASSEMBLER,MTL,1560,1640,descending,up,60,False,23.615303181666192,498.3481631926881,4.73871580671107
AUTOMOBILE ASSEMBLER,MTL,1560,1640,descending,up,90,False,23.842793271575882,503.1488328084417,4.73871580671107
AUTOMOBILE ASSEMBLER,MTL,3360,3440,symmetrical,sequential,10,False,-2.62718228713905,-138.39270189681264,1.8983532015278601
AUTOMOBILE ASSEMBLER,MTL,3360,3440,symmetrical,sequential,20,False,-8.54333189694898,-450.03911232498825,1.8983532015278601
AUTOMOBILE ASSEMBLER,MTL,3360,3440,symmetrical,sequential,30,False,-6.514729581962342,-343.1779490096502,1.8983532015278601
AUTOMOBILE ASSEMBLER,MTL,3360,3440,symmetrical,sequential,60,False,-14.171229055149686,-746.5011802726802,1.8983532015278601
AUTOMOBILE ASSEMBLER,MTL,3360,3440,symmetrical,sequential,90,False,-22.87637214144982,-1205.0640588399526,1.8983532015278601
AUTOMOBILE ASSEMBLER,MTL,4160,4240,ascending,down,10,False,4.69254423595049,101.1839232361916,4.6376381601618455
AUTOMOBILE ASSEMBLER,MTL,4160,4240,ascending,down,20,False,-5.514469522106714,-118.90685154087721,4.6376381601618455
AUTOMOBILE ASSEMBLER,MTL,4160,4240,ascending,down,30,False,1.742143549839855,37.565318588353556,4.6376381601618455
AUTOMOBILE ASSEMBLER,MTL,4160,4240,ascending,down,60,False,2.64131547507669,56.953892991610914,4.6376381601618455
AUTOMOBILE ASSEMBLER,MTL,4160,4240,ascending,down,90,False,24.555091914950427,529.4740785489289,4.6376381601618455
AUTOMOBILE ASSEMBLER,MTL,5040,5120,ascending,sequential,10,False,-3.325192766410702,-131.1071109427286,2.536241354493154
AUTOMOBILE ASSEMBLER,MTL,5040,5120,ascending,sequential,20,False,-13.962926810562854,-550.5362013684705,2.536241354493154
AUTOMOBILE ASSEMBLER,MTL,5040,5120,ascending,sequential,30,False,-12.205235412801377,-481.2331993238273,2.536241354493154
AUTOMOBILE ASSEMBLER,MTL,5040,5120,ascending,sequential,60,False,-7.705315357665106,-303.80844252123427,2.536241354493154
AUTOMOBILE ASSEMBLER,MTL,5040,5120,ascending,sequential,90,False,6.951505479903708,274.08690689427334,2.536241354493154
ENGINEERING,MUGHAL,1120,1200,ascending,sequential,10,False,-11.449654844084748,-619.5687348639528,1.848003974344978
ENGINEERING,MUGHAL,1120,1200,ascending,sequential,20,False,17.63865746250892,954.4707537093318,1.848003974344978
ENGINEERING,MUGHAL,1120,1200,ascending,sequential,30,False,9.331111640085682,504.9291976438026,1.848003974344978
ENGINEERING,MUGHAL,1120,1200,ascending,sequential,60,False,-5.617710069031182,-303.9879863365754,1.848003974344978
ENGINEERING,MUGHAL,1120,1200,ascending,sequential,90,False,-4.784575101166402,-258.9050222612365,1.848003974344978
FOOD & PERSONAL CARE PRODUCTS,MUREB,2600,2680,ascending,sequential,10,False,-9.68785026334844,-533.6874198462533,1.815266746617215
FOOD & PERSONAL CARE PRODUCTS,MUREB,2600,2680,ascending,sequential,20,False,-24.401638612535585,-1344.2453379377173,1.815266746617215
FOOD & PERSONAL CARE PRODUCTS,MUREB,2600,2680,ascending,sequential,30,False,-24.619855778291353,-1356.2665555445742,1.815266746617215
FOOD & PERSONAL CARE PRODUCTS,MUREB,2600,2680,ascending,sequential,60,False,-22.137139569715423,-1219.4978843174654,1.815266746617215
FOOD & PERSONAL CARE PRODUCTS,MUREB,2600,2680,ascending,sequential,90,False,-27.150183004850366,-1495.6580378859064,1.815266746617215
FOOD & PERSONAL CARE PRODUCTS,MUREB,2800,2880,ascending,up,10,False,-2.6841463414634137,-43.88565588160254,6.116227016647242
FOOD & PERSONAL CARE PRODUCTS,MUREB,2800,2880,ascending,up,20,False,-0.1341463414634174,-2.1932858459683695,6.116227016647242
FOOD & PERSONAL CARE PRODUCTS,MUREB,2800,2880,ascending,up,30,False,-4.536585365853664,-74.1729395182016,6.116227016647242
FOOD & PERSONAL CARE PRODUCTS,MUREB,2800,2880,ascending,up,60,False,-4.7560975609756095,-77.76195272069512,6.116227016647242
FOOD & PERSONAL CARE PRODUCTS,MUREB,2800,2880,ascending,up,90,False,-6.873170731707319,-112.37599116252252,6.116227016647242
FOOD & PERSONAL CARE PRODUCTS,MUREB,3120,3200,descending,up,10,False,-2.4508889981186184,-54.40650270149418,4.504772180571181
FOOD & PERSONAL CARE PRODUCTS,MUREB,3120,3200,descending,up,20,False,-0.5169579145409167,-11.475783764837786,4.504772180571181
FOOD & PERSONAL CARE PRODUCTS,MUREB,3120,3200,descending,up,30,False,-3.049204223800405,-67.68831145227375,4.504772180571181
FOOD & PERSONAL CARE PRODUCTS,MUREB,3120,3200,descending,up,60,False,-6.811979864065503,-151.21696705207808,4.504772180571181
FOOD & PERSONAL CARE PRODUCTS,MUREB,3120,3200,descending,up,90,False,-1.8712181562399302,-41.53857467665922,4.504772180571181
MISCELLANEOUS,MWMP,760,840,symmetrical,up,10,False,50.57142857142855,403.2469743065827,12.54105592692677
MISCELLANEOUS,MWMP,760,840,symmetrical,up,20,False,41.57142857142855,331.48268226897045,12.54105592692677
MISCELLANEOUS,MWMP,760,840,symmetrical,up,30,False,10.999999999999996,87.71191249041487,12.54105592692677
MISCELLANEOUS,MWMP,760,840,symmetrical,up,60,False,99.57142857142854,793.963675400249,12.54105592692677
MISCELLANEOUS,MWMP,760,840,symmetrical,up,90,False,131.1428571428571,1045.708255405206,12.54105592692677
FOOD & PERSONAL CARE PRODUCTS,NATF,680,760,descending,down,10,False,-1.7588253670727976,-225.1662970649166,0.7811228367652727
FOOD & PERSONAL CARE PRODUCTS,NATF,680,760,descending,down,20,False,3.268353639487657,418.41737120659764,0.7811228367652727
FOOD & PERSONAL CARE PRODUCTS,NATF,680,760,descending,down,30,False,10.194314276788496,1305.0846546753678,0.7811228367652727
FOOD & PERSONAL CARE PRODUCTS,NATF,680,760,descending,down,60,False,6.739144017494532,862.7508632831898,0.7811228367652727
FOOD & PERSONAL CARE PRODUCTS,NATF,680,760,descending,down,90,False,27.937519525148385,3576.584656113902,0.7811228367652727
FOOD & PERSONAL CARE PRODUCTS,NATF,1120,1200,symmetrical,up,10,False,7.129515767823778,209.23193788983113,3.4074701213051664
FOOD & PERSONAL CARE PRODUCTS,NATF,1120,1200,symmetrical,up,20,False,12.85493478213732,377.2574468595335,3.4074701213051664
FOOD & PERSONAL CARE PRODUCTS,NATF,1120,1200,symmetrical,up,30,False,21.157164052892902,620.9053432518157,3.4074701213051664
FOOD & PERSONAL CARE PRODUCTS,NATF,1120,1200,symmetrical,up,60,False,56.249670890624174,1650.7751759560203,3.4074701213051664
FOOD & PERSONAL CARE PRODUCTS,NATF,1120,1200,symmetrical,up,90,False,157.22197614305492,4614.038290754961,3.4074701213051664
FOOD & PERSONAL CARE PRODUCTS,NATF,2000,2080,descending,whipsaw,10,False,2.304751806691032,72.84918267870228,3.1637304935266424
FOOD & PERSONAL CARE PRODUCTS,NATF,2000,2080,descending,whipsaw,20,False,-8.155919529004706,-257.7943837407345,3.1637304935266424
FOOD & PERSONAL CARE PRODUCTS,NATF,2000,2080,descending,whipsaw,30,False,2.0703702670275446,65.4407912198514,3.1637304935266424
FOOD & PERSONAL CARE PRODUCTS,NATF,2000,2080,descending,whipsaw,60,False,-9.461759535701322,-299.06970758290487,3.1637304935266424
FOOD & PERSONAL CARE PRODUCTS,NATF,2000,2080,descending,whipsaw,90,False,-12.106922626189345,-382.67869690422447,3.1637304935266424
FOOD & PERSONAL CARE PRODUCTS,NATF,3440,3520,descending,down,10,False,-4.171801824007894,-349.94220461899334,1.1921402359998352
FOOD & PERSONAL CARE PRODUCTS,NATF,3440,3520,descending,down,20,False,0.2588119299975274,21.709856121118555,1.1921402359998352
FOOD & PERSONAL CARE PRODUCTS,NATF,3440,3520,descending,down,30,False,2.6620655656889287,223.30137724579714,1.1921402359998352
FOOD & PERSONAL CARE PRODUCTS,NATF,3440,3520,descending,down,60,False,6.205324131131373,520.5196455706433,1.1921402359998352
FOOD & PERSONAL CARE PRODUCTS,NATF,3440,3520,descending,down,90,False,8.072467340399307,677.1407504444319,1.1921402359998352
COMMERCIAL BANKS,NBP,1320,1400,symmetrical,up,10,False,-2.9720079795682377,-225.53313589660738,1.3177699887659589
COMMERCIAL BANKS,NBP,1320,1400,symmetrical,up,20,False,4.968170671274839,377.0134935253261,1.3177699887659589
COMMERCIAL BANKS,NBP,1320,1400,symmetrical,up,30,False,7.60015755835378,576.7438644942155,1.3177699887659589
COMMERCIAL BANKS,NBP,1320,1400,symmetrical,up,60,False,13.913927396094081,1055.8691968029975,1.3177699887659589
COMMERCIAL BANKS,NBP,1320,1400,symmetrical,up,90,False,12.945705899543846,982.3949558653256,1.3177699887659589
COMMERCIAL BANKS,NBP,1760,1840,descending,down,10,False,-3.1783811170580996,-1514.3254512980914,0.20988758488695858
COMMERCIAL BANKS,NBP,1760,1840,descending,down,20,False,-1.4984638315546517,-713.9363828316456,0.20988758488695858
COMMERCIAL BANKS,NBP,1760,1840,descending,down,30,False,-0.3858831569366187,-183.85230224286394,0.20988758488695858
COMMERCIAL BANKS,NBP,1760,1840,descending,down,60,False,-7.650501795387668,-3645.0473235508816,0.20988758488695858
COMMERCIAL BANKS,NBP,1760,1840,descending,down,90,False,-9.35310076263474,-4456.242977721689,0.20988758488695858
COMMERCIAL BANKS,NBP,3160,3240,ascending,sequential,10,False,-2.793723689246079,-62.343174664232684,4.481202159326167
COMMERCIAL BANKS,NBP,3160,3240,ascending,sequential,20,False,-7.462686567164177,-166.5331378017173,4.481202159326167
COMMERCIAL BANKS,NBP,3160,3240,ascending,sequential,30,False,-7.711442786069654,-172.084242395108,4.481202159326167
COMMERCIAL BANKS,NBP,3160,3240,ascending,sequential,60,False,-7.022579410639102,-156.71195275187225,4.481202159326167
COMMERCIAL BANKS,NBP,3160,3240,ascending,sequential,90,False,-0.2296211251435083,-5.12409654774504,4.481202159326167
COMMERCIAL BANKS,NBP,4840,4920,descending,up,10,False,15.813881589117335,352.93594690297954,4.480666174098865
COMMERCIAL BANKS,NBP,4840,4920,descending,up,20,False,17.854382439326013,398.47606908400894,4.480666174098865
COMMERCIAL BANKS,NBP,4840,4920,descending,up,30,False,25.52171896738291,569.5965281884841,4.480666174098865
COMMERCIAL BANKS,NBP,4840,4920,descending,up,60,False,26.51105271293864,591.6765874277711,4.480666174098865
COMMERCIAL BANKS,NBP,4840,4920,descending,up,90,False,65.37331890554955,1459.008914421017,4.480666174098865
TEXTILE COMPOSITE,NCL,360,440,symmetrical,down,10,False,12.89978678038379,279.16055707674377,4.62092027450623
TEXTILE COMPOSITE,NCL,360,440,symmetrical,down,20,False,14.285714285714276,309.153013622179,4.62092027450623
TEXTILE COMPOSITE,NCL,360,440,symmetrical,down,30,False,6.929637526652452,149.96228272717647,4.62092027450623
TEXTILE COMPOSITE,NCL,360,440,symmetrical,down,60,False,15.565031982942426,336.8383581256578,4.62092027450623
TEXTILE COMPOSITE,NCL,360,440,symmetrical,down,90,False,17.164179104477604,371.4450387550062,4.62092027450623
TEXTILE COMPOSITE,NCL,1280,1360,symmetrical,whipsaw,10,False,-2.604482132041207,-547.6511817551055,0.47557317847729197
TEXTILE COMPOSITE,NCL,1280,1360,symmetrical,whipsaw,20,False,10.23622047244093,2152.3965050374886,0.47557317847729197
TEXTILE COMPOSITE,NCL,1280,1360,symmetrical,whipsaw,30,False,30.345245305875213,6380.773071146644,0.47557317847729197
TEXTILE COMPOSITE,NCL,1280,1360,symmetrical,whipsaw,60,False,34.94851605087825,7348.714694713802,0.47557317847729197
TEXTILE COMPOSITE,NCL,1280,1360,symmetrical,whipsaw,90,False,42.64082374318594,8966.196091990496,0.47557317847729197
TEXTILE COMPOSITE,NCL,2640,2720,descending,up,10,False,3.8584276182187365,95.61469433005658,4.0353918874641375
TEXTILE COMPOSITE,NCL,2640,2720,descending,up,20,False,10.124746156077755,250.89870918187827,4.0353918874641375
TEXTILE COMPOSITE,NCL,2640,2720,descending,up,30,False,7.91993037423848,196.26174099327457,4.0353918874641375
TEXTILE COMPOSITE,NCL,2640,2720,descending,up,60,False,5.07687844502466,125.80880832902197,4.0353918874641375
TEXTILE COMPOSITE,NCL,2640,2720,descending,up,90,False,24.89120974760661,616.8226145502905,4.0353918874641375
TEXTILE COMPOSITE,NCL,3360,3440,symmetrical,down,10,False,4.508761567237643,76.41487985958165,5.900371204564933
TEXTILE COMPOSITE,NCL,3360,3440,symmetrical,down,20,False,12.04961606615475,204.21793220115268,5.900371204564933
TEXTILE COMPOSITE,NCL,3360,3440,symmetrical,down,30,False,18.291002165780665,309.99748205044267,5.900371204564933
TEXTILE COMPOSITE,NCL,3360,3440,symmetrical,down,60,False,27.26914746997441,462.15986290620367,5.900371204564933
TEXTILE COMPOSITE,NCL,3360,3440,symmetrical,down,90,False,39.6928529238039,672.7178943096798,5.900371204564933
POWER GENERATION & DISTRIBUTION,NCPL,0,80,symmetrical,down,10,False,-3.8251366120218537,-68.23537465238657,5.60579703930455
POWER GENERATION & DISTRIBUTION,NCPL,0,80,symmetrical,down,20,False,-7.6502732240437075,-136.47074930477314,5.60579703930455
POWER GENERATION & DISTRIBUTION,NCPL,0,80,symmetrical,down,30,False,-9.289617486338795,-165.7144812986532,5.60579703930455
POWER GENERATION & DISTRIBUTION,NCPL,0,80,symmetrical,down,60,False,7.2131147540983624,128.672420773072,5.60579703930455
POWER GENERATION & DISTRIBUTION,NCPL,0,80,symmetrical,down,90,False,-3.8251366120218537,-68.23537465238657,5.60579703930455
POWER GENERATION & DISTRIBUTION,NCPL,1240,1320,ascending,whipsaw,10,False,-16.231647634584014,-286.32757611239265,5.66890826757552
POWER GENERATION & DISTRIBUTION,NCPL,1240,1320,ascending,whipsaw,20,False,-35.09380097879282,-619.057485539482,5.66890826757552
POWER GENERATION & DISTRIBUTION,NCPL,1240,1320,ascending,whipsaw,30,False,-25.999184339314844,-458.6277129940962,5.66890826757552
POWER GENERATION & DISTRIBUTION,NCPL,1240,1320,ascending,whipsaw,60,False,-21.96166394779772,-387.40552697618955,5.66890826757552
POWER GENERATION & DISTRIBUTION,NCPL,1240,1320,ascending,whipsaw,90,False,-22.32871125611746,-393.88027115963564,5.66890826757552
FOOD & PERSONAL CARE PRODUCTS,NESTLE,2720,2800,ascending,up,10,False,-4.610492845786964,-125.45829351545751,3.674920737877653
FOOD & PERSONAL CARE PRODUCTS,NESTLE,2720,2800,ascending,up,20,False,-8.426073131955485,-229.28584676962927,3.674920737877653
FOOD & PERSONAL CARE PRODUCTS,NESTLE,2720,2800,ascending,up,30,False,-9.379968203497615,-255.24273508317222,3.674920737877653
FOOD & PERSONAL CARE PRODUCTS,NESTLE,2720,2800,ascending,up,60,False,-6.200317965023848,-168.71977403802907,3.674920737877653
FOOD & PERSONAL CARE PRODUCTS,NESTLE,2720,2800,ascending,up,90,False,-15.612082670906199,-424.82773873165274,3.674920737877653
TECHNOLOGY & COMMUNICATION,NETSOL,1200,1280,ascending,up,10,False,-1.654194564789294,-48.784560956910035,3.39081572600478
TECHNOLOGY & COMMUNICATION,NETSOL,1200,1280,ascending,up,20,False,-7.4832611264277356,-220.69206147173523,3.39081572600478
TECHNOLOGY & COMMUNICATION,NETSOL,1200,1280,ascending,up,30,False,-13.03662859393463,-384.46880182707537,3.39081572600478
TECHNOLOGY & COMMUNICATION,NETSOL,1200,1280,ascending,up,60,False,-10.31902323749508,-304.32273739786626,3.39081572600478
TECHNOLOGY & COMMUNICATION,NETSOL,1200,1280,ascending,up,90,False,-13.548641197321784,-399.56878498040453,3.39081572600478
CHEMICAL,NICL,2480,2560,ascending,up,10,False,24.083769633507853,999.7645582215367,2.4089441294408394
CHEMICAL,NICL,2480,2560,ascending,up,20,False,23.691099476439785,983.4640491200986,2.4089441294408394
CHEMICAL,NICL,2480,2560,ascending,up,30,False,22.94938917975566,952.6741985951597,2.4089441294408394
CHEMICAL,NICL,2480,2560,ascending,up,60,False,23.734729493891784,985.2752167980359,2.4089441294408394
CHEMICAL,NICL,2480,2560,ascending,up,90,False,10.602094240837694,440.11374573882864,2.4089441294408394
CHEMICAL,NICL,2560,2640,ascending,down,10,False,5.02140910860258,87.79695496407453,5.719343126031285
CHEMICAL,NICL,2560,2640,ascending,down,20,False,1.2456208641494755,21.77908960349133,5.719343126031285
CHEMICAL,NICL,2560,2640,ascending,down,30,False,6.344881276761395,110.93723766778403,5.719343126031285
CHEMICAL,NICL,2560,2640,ascending,down,60,False,-1.1288439081354578,-19.73729995316394,5.719343126031285
CHEMICAL,NICL,2560,2640,ascending,down,90,False,-26.54729466718566,-464.1668471744083,5.719343126031285
TEXTILE COMPOSITE,NML,3400,3480,ascending,down,10,False,2.8151774785801735,47.31531889560895,5.94982247671469
TEXTILE COMPOSITE,NML,3400,3480,ascending,down,20,False,6.421868625050991,107.9337854227367,5.94982247671469
TEXTILE COMPOSITE,NML,3400,3480,ascending,down,30,False,9.196246430028557,154.56337505898904,5.94982247671469
TEXTILE COMPOSITE,NML,3400,3480,ascending,down,60,False,25.467156262749896,428.0322036904213,5.94982247671469
TEXTILE COMPOSITE,NML,3400,3480,ascending,down,90,False,39.241126070991434,659.5344016492268,5.94982247671469
REFINERY,NRL,2360,2440,ascending,sequential,10,False,-2.08845801379444,-58.11239893578607,3.593825159588019
REFINERY,NRL,2360,2440,ascending,sequential,20,False,-2.1318670718178825,-59.320277897499906,3.593825159588019
REFINERY,NRL,2360,2440,ascending,sequential,30,False,-7.234843003906814,-201.31316028563245,3.593825159588019
REFINERY,NRL,2360,2440,ascending,sequential,60,False,5.561182655669706,154.74271587288948,3.593825159588019
REFINERY,NRL,2360,2440,ascending,sequential,90,False,15.270341966912648,424.9049769762081,3.593825159588019
CHEMICAL,NRSL,4720,4800,ascending,sequential,10,False,-3.5747883349012133,-35.50039253925889,10.0697149501881
CHEMICAL,NRSL,4720,4800,ascending,sequential,20,False,-15.38099717779868,-152.74511000444323,10.0697149501881
CHEMICAL,NRSL,4720,4800,ascending,sequential,30,False,-25.446848541862654,-252.7067416281462,10.0697149501881
CHEMICAL,NRSL,4720,4800,ascending,sequential,60,False,-18.67356538099717,-185.44283997481332,10.0697149501881
CHEMICAL,NRSL,4720,4800,ascending,sequential,90,False,-18.90874882408278,-187.77839211555408,10.0697149501881
OIL & GAS MARKETING COMPANIES,OBOY,440,520,symmetrical,down,10,False,-1.1784511784511682,-14.020017742427445,8.405489922348197
OIL & GAS MARKETING COMPANIES,OBOY,440,520,symmetrical,down,20,False,-6.060606060606051,-72.10294838962737,8.405489922348197
OIL & GAS MARKETING COMPANIES,OBOY,440,520,symmetrical,down,30,False,-1.851851851851842,-22.03145645238606,8.405489922348197
OIL & GAS MARKETING COMPANIES,OBOY,440,520,symmetrical,down,60,False,-3.0303030303030254,-36.051474194813686,8.405489922348197
OIL & GAS MARKETING COMPANIES,OBOY,440,520,symmetrical,down,90,False,-9.42760942760942,-112.16014193942046,8.405489922348197
OIL & GAS EXPLORATION COMPANIES,OGDC,360,440,descending,up,10,False,1.9138755980861202,64.01228256606414,2.989856823354013
OIL & GAS EXPLORATION COMPANIES,OGDC,360,440,descending,up,20,False,-4.232609495767391,-141.56562490571912,2.989856823354013
OIL & GAS EXPLORATION COMPANIES,OGDC,360,440,descending,up,30,False,-11.04158998895841,-369.30163018883246,2.989856823354013
OIL & GAS EXPLORATION COMPANIES,OGDC,360,440,descending,up,60,False,-13.47073978652926,-450.5479888303755,2.989856823354013
OIL & GAS EXPLORATION COMPANIES,OGDC,360,440,descending,up,90,False,-15.126978284873019,-505.94323335870047,2.989856823354013
OIL & GAS EXPLORATION COMPANIES,OGDC,480,560,ascending,up,10,False,-1.3649136892814153,-41.69329765896836,3.273700488854995
OIL & GAS EXPLORATION COMPANIES,OGDC,480,560,ascending,up,20,False,-4.696908871938977,-143.4739948852731,3.273700488854995
OIL & GAS EXPLORATION COMPANIES,OGDC,480,560,ascending,up,30,False,-1.6860698514652706,-51.50348534343128,3.273700488854995
OIL & GAS EXPLORATION COMPANIES,OGDC,480,560,ascending,up,60,False,-2.9706945002007252,-90.744236081284,3.273700488854995
OIL & GAS EXPLORATION COMPANIES,OGDC,480,560,ascending,up,90,False,-14.411882778000805,-440.2321723402829,3.273700488854995
OIL & GAS EXPLORATION COMPANIES,OGDC,520,600,ascending,down,10,False,-0.4149377593360996,-26.651505455595338,1.556901766871806
OIL & GAS EXPLORATION COMPANIES,OGDC,520,600,ascending,down,20,False,2.44813278008299,157.24388218801266,1.556901766871806
OIL & GAS EXPLORATION COMPANIES,OGDC,520,600,ascending,down,30,False,-1.1618257261410836,-74.62421527566725,1.556901766871806
OIL & GAS EXPLORATION COMPANIES,OGDC,520,600,ascending,down,60,False,4.979253112033195,319.8180654671441,1.556901766871806
OIL & GAS EXPLORATION COMPANIES,OGDC,520,600,ascending,down,90,False,-2.65560165975104,-170.56963491581033,1.556901766871806
OIL & GAS EXPLORATION COMPANIES,OGDC,2400,2480,descending,down,10,False,8.197633255790436,283.05111979157067,2.8961670463720117
OIL & GAS EXPLORATION COMPANIES,OGDC,2400,2480,descending,down,20,False,11.914635379791646,411.3932376489452,2.8961670463720117
OIL & GAS EXPLORATION COMPANIES,OGDC,2400,2480,descending,down,30,False,8.172347527055727,282.17804415988763,2.8961670463720117
OIL & GAS EXPLORATION COMPANIES,OGDC,2400,2480,descending,down,60,False,4.298573884899363,148.42285738607956,2.8961670463720117
OIL & GAS EXPLORATION COMPANIES,OGDC,2400,2480,descending,down,90,False,20.53201173257814,708.9374129264509,2.8961670463720117
OIL & GAS EXPLORATION COMPANIES,OGDC,3760,3840,ascending,down,10,False,0.6889582950578725,22.16983056144776,3.107638974273159
OIL & GAS EXPLORATION COMPANIES,OGDC,3760,3840,ascending,down,20,False,8.928899503950026,287.3210040763629,3.107638974273159
OIL & GAS EXPLORATION COMPANIES,OGDC,3760,3840,ascending,down,30,False,6.604813521954803,212.53477564907914,3.107638974273159
OIL & GAS EXPLORATION COMPANIES,OGDC,3760,3840,ascending,down,60,False,8.047032886275955,258.94362095771,3.107638974273159
OIL & GAS EXPLORATION COMPANIES,OGDC,3760,3840,ascending,down,90,False,-4.33584420356421,-139.5221336667112,3.107638974273159
MISCELLANEOUS,PABC,480,560,symmetrical,up,10,False,13.412155920931088,630.2238758695057,2.1281573793799287
MISCELLANEOUS,PABC,480,560,symmetrical,up,20,False,11.176796600775903,525.1865632245879,2.1281573793799287
MISCELLANEOUS,PABC,480,560,symmetrical,up,30,False,46.16663587659339,2169.324333054952,2.1281573793799287
MISCELLANEOUS,PABC,480,560,symmetrical,up,60,False,33.49344171439128,1573.8235357457495,2.1281573793799287
MISCELLANEOUS,PABC,480,560,symmetrical,up,90,False,29.318307777572507,1377.6381418800354,2.1281573793799287
PROPERTY,PACE,2240,2320,symmetrical,up,10,False,17.573221757322173,308.7456888018256,5.691811220269989
PROPERTY,PACE,2240,2320,symmetrical,up,20,False,52.44072524407252,921.3363411864003,5.691811220269989
PROPERTY,PACE,2240,2320,symmetrical,up,30,False,55.23012552301256,970.3435933771665,5.691811220269989
PROPERTY,PACE,2240,2320,symmetrical,up,60,False,69.4560669456067,1220.280579550073,5.691811220269989
PROPERTY,PACE,2240,2320,symmetrical,up,90,False,65.27196652719664,1146.769701263924,5.691811220269989
CABLE & ELECTRICAL GOODS,PAEL,1000,1080,descending,down,10,False,-11.831525491680962,-71.01623313799726,16.660311268115542
CABLE & ELECTRICAL GOODS,PAEL,1000,1080,descending,down,20,False,-12.62370908226979,-75.77114784421232,16.660311268115542
CABLE & ELECTRICAL GOODS,PAEL,1000,1080,descending,down,30,False,-11.287316895709445,-67.74973596868553,16.660311268115542
CABLE & ELECTRICAL GOODS,PAEL,1000,1080,descending,down,60,False,15.049260900876819,90.33001039829341,16.660311268115542
CABLE & ELECTRICAL GOODS,PAEL,1000,1080,descending,down,90,False,10.395646331232228,62.39767171173679,16.660311268115542
CABLE & ELECTRICAL GOODS,PAEL,2160,2240,symmetrical,up,10,False,3.710407239819006,67.06190839212793,5.5328089056507554
CABLE & ELECTRICAL GOODS,PAEL,2160,2240,symmetrical,up,20,False,4.615384615384613,83.41847141459809,5.5328089056507554
CABLE & ELECTRICAL GOODS,PAEL,2160,2240,symmetrical,up,30,False,7.058823529411759,127.58119157526764,5.5328089056507554
CABLE & ELECTRICAL GOODS,PAEL,2160,2240,symmetrical,up,60,False,19.45701357466062,351.6661049831095,5.5328089056507554
CABLE & ELECTRICAL GOODS,PAEL,2160,2240,symmetrical,up,90,False,31.809954751131208,574.9331902398281,5.5328089056507554
CABLE & ELECTRICAL GOODS,PAEL,2680,2760,descending,up,10,False,-0.8080500076231149,-22.542739420680018,3.5845244561618568
CABLE & ELECTRICAL GOODS,PAEL,2680,2760,descending,up,20,False,-2.820551913401435,-78.68692061935468,3.5845244561618568
CABLE & ELECTRICAL GOODS,PAEL,2680,2760,descending,up,30,False,1.1282207653605654,31.47476824774163,3.5845244561618568
CABLE & ELECTRICAL GOODS,PAEL,2680,2760,descending,up,60,False,13.17273974691264,367.4891860276886,3.5845244561618568
CABLE & ELECTRICAL GOODS,PAEL,2680,2760,descending,up,90,False,6.78457081872237,189.27394419250177,3.5845244561618568
CABLE & ELECTRICAL GOODS,PAEL,4200,4280,descending,sequential,10,False,-13.931034482758617,-124.37546777394415,11.200789618800595
CABLE & ELECTRICAL GOODS,PAEL,4200,4280,descending,sequential,20,False,-13.448275862068963,-120.06542681148073,11.200789618800595
CABLE & ELECTRICAL GOODS,PAEL,4200,4280,descending,sequential,30,False,-13.517241379310352,-120.68114694897561,11.200789618800595
CABLE & ELECTRICAL GOODS,PAEL,4200,4280,descending,sequential,60,False,-11.103448275862066,-99.13094213665845,11.200789618800595
CABLE & ELECTRICAL GOODS,PAEL,4200,4280,descending,sequential,90,False,-6.413793103448275,-57.261972787013896,11.200789618800595
CABLE & ELECTRICAL GOODS,PAEL,4240,4320,ascending,sequential,10,False,-2.295918367346935,-36.938558135768844,6.215506189787415
CABLE & ELECTRICAL GOODS,PAEL,4240,4320,ascending,sequential,20,False,-1.7219387755102016,-27.703918601826633,6.215506189787415
CABLE & ELECTRICAL GOODS,PAEL,4240,4320,ascending,sequential,30,False,-0.5102040816326535,-8.20856847461532,6.215506189787415
CABLE & ELECTRICAL GOODS,PAEL,4240,4320,ascending,sequential,60,False,4.2729591836734695,68.74676097490322,6.215506189787415
CABLE & ELECTRICAL GOODS,PAEL,4240,4320,ascending,sequential,90,False,29.017857142857135,466.8623319937457,6.215506189787415
CABLE & ELECTRICAL GOODS,PAEL,4640,4720,symmetrical,up,10,False,7.4414715719063445,137.5470482379733,5.410128146866287
CABLE & ELECTRICAL GOODS,PAEL,4640,4720,symmetrical,up,20,False,6.229096989966548,115.13769768234847,5.410128146866287
CABLE & ELECTRICAL GOODS,PAEL,4640,4720,symmetrical,up,30,False,2.9264214046822707,54.09153582392211,5.410128146866287
CABLE & ELECTRICAL GOODS,PAEL,4640,4720,symmetrical,up,60,False,8.31939799331103,153.77450898515002,5.410128146866287
CABLE & ELECTRICAL GOODS,PAEL,4640,4720,symmetrical,up,90,False,8.193979933110356,151.45630030698186,5.410128146866287
CABLE & ELECTRICAL GOODS,PAEL,4760,4840,descending,up,10,False,3.3168128097598206,45.70350793011404,7.257239017257958
CABLE & ELECTRICAL GOODS,PAEL,4760,4840,descending,up,20,False,16.202821197102555,223.2642628769936,7.257239017257958
CABLE & ELECTRICAL GOODS,PAEL,4760,4840,descending,up,30,False,45.291650781547844,624.0892807008668,7.257239017257958
CABLE & ELECTRICAL GOODS,PAEL,4760,4840,descending,up,60,False,56.23332062523826,774.858324102507,7.257239017257958
CABLE & ELECTRICAL GOODS,PAEL,4760,4840,descending,up,90,False,58.67327487609606,808.4792954533956,7.257239017257958
CABLE & ELECTRICAL GOODS,PAEL,4800,4880,ascending,up,10,False,16.059295861642976,725.547550187818,2.213403636672166
CABLE & ELECTRICAL GOODS,PAEL,4800,4880,ascending,up,20,False,36.473131562693,1647.8301091765643,2.213403636672166
CABLE & ELECTRICAL GOODS,PAEL,4800,4880,ascending,up,30,False,32.70537368746138,1477.6054916324993,2.213403636672166
CABLE & ELECTRICAL GOODS,PAEL,4800,4880,ascending,up,60,False,28.968499073502148,1308.7761578387954,2.213403636672166
CABLE & ELECTRICAL GOODS,PAEL,4800,4880,ascending,up,90,False,43.91599752933909,1984.0934930136114,2.213403636672166
CABLE & ELECTRICAL GOODS,PAEL,4960,5040,descending,up,10,False,-0.3765591903977493,-8.00740456306097,4.70263725820546
CABLE & ELECTRICAL GOODS,PAEL,4960,5040,descending,up,20,False,22.028712638267827,468.4331669390559,4.70263725820546
CABLE & ELECTRICAL GOODS,PAEL,4960,5040,descending,up,30,False,30.64250411861613,651.6025463190712,4.70263725820546
CABLE & ELECTRICAL GOODS,PAEL,4960,5040,descending,up,60,False,12.82654742292303,272.75221792925777,4.70263725820546
CABLE & ELECTRICAL GOODS,PAEL,4960,5040,descending,up,90,False,30.948458460814305,658.1085625265582,4.70263725820546
TECHNOLOGY & COMMUNICATION,PAKD,40,120,symmetrical,up,10,False,-0.5424954792043348,-19.547446079243215,2.7752754861433937
TECHNOLOGY & COMMUNICATION,PAKD,40,120,symmetrical,up,20,False,-3.0741410488245857,-110.76886111571231,2.7752754861433937
TECHNOLOGY & COMMUNICATION,PAKD,40,120,symmetrical,up,30,False,7.594936708860765,273.6642451094078,2.7752754861433937
TECHNOLOGY & COMMUNICATION,PAKD,40,120,symmetrical,up,60,False,52.80289330922243,1902.618085046358,2.7752754861433937
TECHNOLOGY & COMMUNICATION,PAKD,40,120,symmetrical,up,90,False,50.000000000000014,1801.6229469702669,2.7752754861433937
TECHNOLOGY & COMMUNICATION,PAKD,600,680,descending,down,10,False,3.8288288288288284,64.51674466598575,5.934628054548212
TECHNOLOGY & COMMUNICATION,PAKD,600,680,descending,down,20,False,5.405405405405405,91.08246305786226,5.934628054548212
TECHNOLOGY & COMMUNICATION,PAKD,600,680,descending,down,30,False,11.900900900900895,200.53322283239334,5.934628054548212
TECHNOLOGY & COMMUNICATION,PAKD,600,680,descending,down,60,False,41.44144144144144,698.2988834436105,5.934628054548212
TECHNOLOGY & COMMUNICATION,PAKD,600,680,descending,down,90,False,57.432432432432435,967.7511699897865,5.934628054548212
TECHNOLOGY & COMMUNICATION,PAKD,2960,3040,symmetrical,down,10,False,2.128875553650514,29.292902876862215,7.2675472369522796
TECHNOLOGY & COMMUNICATION,PAKD,2960,3040,symmetrical,down,20,False,12.84469209887126,176.7404005791893,7.2675472369522796
TECHNOLOGY & COMMUNICATION,PAKD,2960,3040,symmetrical,down,30,False,7.043863409058426,96.92215515632951,7.2675472369522796
TECHNOLOGY & COMMUNICATION,PAKD,2960,3040,symmetrical,down,60,False,17.78825546506643,244.76284618586286,7.2675472369522796
TECHNOLOGY & COMMUNICATION,PAKD,2960,3040,symmetrical,down,90,False,14.930704386340901,205.44351346524232,7.2675472369522796
CHEMICAL,PAKOXY,2080,2160,descending,up,10,False,3.5302070001976036,76.54680104523447,4.611828256691573
CHEMICAL,PAKOXY,2080,2160,descending,up,20,False,8.759703531818426,189.93993367182432,4.611828256691573
CHEMICAL,PAKOXY,2080,2160,descending,up,30,False,14.089532440943414,305.50861083129195,4.611828256691573
CHEMICAL,PAKOXY,2080,2160,descending,up,60,False,28.166512733221875,610.7450487201778,4.611828256691573
CHEMICAL,PAKOXY,2080,2160,descending,up,90,False,28.279397259390997,613.1927661954618,4.611828256691573
CHEMICAL,PAKOXY,3000,3080,descending,down,10,False,4.729588269935465,72.72313508960515,6.503553874716685
CHEMICAL,PAKOXY,3000,3080,descending,down,20,False,0.9006786463313635,13.84902260643762,6.503553874716685
CHEMICAL,PAKOXY,3000,3080,descending,down,30,False,7.585400105047543,116.6346931411864,6.503553874716685
CHEMICAL,PAKOXY,3000,3080,descending,down,60,False,0.8780285342439131,13.50074976171644,6.503553874716685
CHEMICAL,PAKOXY,3000,3080,descending,down,90,False,4.955905741252462,76.2030397029402,6.503553874716685
CHEMICAL,PAKOXY,3800,3880,descending,up,10,False,4.607497596924061,148.89905192887406,3.094376718479689
CHEMICAL,PAKOXY,3800,3880,descending,up,20,False,4.45370073694328,143.92884713569865,3.094376718479689
CHEMICAL,PAKOXY,3800,3880,descending,up,30,False,6.1454661967318005,198.60109986062574,3.094376718479689
CHEMICAL,PAKOXY,3800,3880,descending,up,60,False,-12.495994873438,-403.8291394454861,3.094376718479689
CHEMICAL,PAKOXY,3800,3880,descending,up,90,False,-19.54501762255688,-631.630192466017,3.094376718479689
CHEMICAL,PAKOXY,4400,4480,descending,up,10,False,30.81037088710615,1113.6591362004792,2.7665889755300954
CHEMICAL,PAKOXY,4400,4480,descending,up,20,False,58.8536216718986,2127.299074508236,2.7665889755300954
CHEMICAL,PAKOXY,4400,4480,descending,up,30,False,59.66748052552029,2156.716485653155,2.7665889755300954
CHEMICAL,PAKOXY,4400,4480,descending,up,60,False,55.27264271596326,1997.8624654705961,2.7665889755300954
CHEMICAL,PAKOXY,4400,4480,descending,up,90,False,78.81641669573305,2848.866145020019,2.7665889755300954
INSURANCE,PAKRI,2280,2360,descending,up,10,False,16.131469588213072,493.98111044395006,3.26560454380845
INSURANCE,PAKRI,2280,2360,descending,up,20,False,11.560256894597668,354.0005147443767,3.26560454380845
INSURANCE,PAKRI,2280,2360,descending,up,30,False,16.207026822818296,496.2948392984888,3.26560454380845
INSURANCE,PAKRI,2280,2360,descending,up,60,False,25.878352852285612,792.4521326794048,3.26560454380845
INSURANCE,PAKRI,2280,2360,descending,up,90,False,14.015867019267098,429.1967025168748,3.26560454380845
INSURANCE,PAKRI,3680,3760,symmetrical,up,10,False,2.1208483393357387,68.30870161394604,3.104799665673549
INSURANCE,PAKRI,3680,3760,symmetrical,up,20,False,20.928371348539418,674.0651121527114,3.104799665673549
INSURANCE,PAKRI,3680,3760,symmetrical,up,30,False,8.203281312525014,264.2129024690361,3.104799665673549
INSURANCE,PAKRI,3680,3760,symmetrical,up,60,False,4.441776710684286,143.0616203612833,3.104799665673549
INSURANCE,PAKRI,3680,3760,symmetrical,up,90,False,5.242096838735503,168.8384888948477,3.104799665673549
CABLE & ELECTRICAL GOODS,PCAL,1720,1800,symmetrical,sequential,10,False,-11.923593493508424,-118.21308590977053,10.086525871263898
CABLE & ELECTRICAL GOODS,PCAL,1720,1800,symmetrical,sequential,20,False,-33.293538277868954,-330.0793425090089,10.086525871263898
CABLE & ELECTRICAL GOODS,PCAL,1720,1800,symmetrical,sequential,30,False,-30.219370243247273,-299.6013754283924,10.086525871263898
CABLE & ELECTRICAL GOODS,PCAL,1720,1800,symmetrical,sequential,60,False,-9.685121623638254,-96.02039143359333,10.086525871263898
CABLE & ELECTRICAL GOODS,PCAL,1720,1800,symmetrical,sequential,90,False,-56.40949112072824,-559.2559007996657,10.086525871263898
ENGINEERING,PECO,0,80,ascending,up,10,False,20.646766169154223,125.71722272355252,16.42318031043025
ENGINEERING,PECO,0,80,ascending,up,20,False,13.184079601990042,80.27726270299137,16.42318031043025
ENGINEERING,PECO,0,80,ascending,up,30,False,27.798507462686555,169.26385107659033,16.42318031043025
ENGINEERING,PECO,0,80,ascending,up,60,False,30.597014925373124,186.30383608430074,16.42318031043025
ENGINEERING,PECO,0,80,ascending,up,90,False,33.08457711442785,201.4504894244878,16.42318031043025
ENGINEERING,PECO,1560,1640,descending,sequential,10,False,-0.16881198565097164,-3.8806276954456322,4.350120622215116
ENGINEERING,PECO,1560,1640,descending,sequential,20,False,-3.772947879299429,-86.73202899321478,4.350120622215116
ENGINEERING,PECO,1560,1640,descending,sequential,30,False,-0.8229584300485288,-18.918060015298423,4.350120622215116
ENGINEERING,PECO,1560,1640,descending,sequential,60,False,-17.7294787929943,-407.56292371420056,4.350120622215116
ENGINEERING,PECO,1560,1640,descending,sequential,90,False,-44.566364211859046,-1024.485711597705,4.350120622215116
TRANSPORT,PIBTL,1640,1720,symmetrical,down,10,False,-1.5822784810126524,-91.94866855657942,1.7208280509673917
TRANSPORT,PIBTL,1640,1720,symmetrical,down,20,False,-4.6677215189873404,-271.24857224191015,1.7208280509673917
TRANSPORT,PIBTL,1640,1720,symmetrical,down,30,False,0.7911392405063402,45.97433427829053,1.7208280509673917
TRANSPORT,PIBTL,1640,1720,symmetrical,down,60,False,20.72784810126583,1204.527558091195,1.7208280509673917
TRANSPORT,PIBTL,1640,1720,symmetrical,down,90,False,17.325949367088615,1006.8379206945486,1.7208280509673917
TRANSPORT,PICT,680,760,ascending,sequential,10,False,-4.330963154492559,-157.5185146539696,2.7494946635363133
TRANSPORT,PICT,680,760,ascending,sequential,20,False,-6.916612798965733,-251.55941892499635,2.7494946635363133
TRANSPORT,PICT,680,760,ascending,sequential,30,False,-6.2702003878474395,-228.04919285723963,2.7494946635363133
TRANSPORT,PICT,680,760,ascending,sequential,60,False,24.692954104718822,898.0906357883061,2.7494946635363133
TRANSPORT,PICT,680,760,ascending,sequential,90,False,60.31027795733679,2193.5040921217,2.7494946635363133
TRANSPORT,PICT,2600,2680,ascending,up,10,False,2.661596958174908,58.02541944548014,4.586949967118647
TRANSPORT,PICT,2600,2680,ascending,up,20,False,2.9331884845192864,63.94638061338627,4.586949967118647
TRANSPORT,PICT,2600,2680,ascending,up,30,False,-4.128191200434544,-89.9986097521731,4.586949967118647
TRANSPORT,PICT,2600,2680,ascending,up,60,False,47.74307441607822,1040.8457637062186,4.586949967118647
TRANSPORT,PICT,2600,2680,ascending,up,90,False,9.043997827267793,197.1680068912742,4.586949967118647
TRANSPORT,PICT,4680,4760,descending,up,10,False,-4.492852280462893,-256.9728569813125,1.7483762033239258
TRANSPORT,PICT,4680,4760,descending,up,20,False,-7.079646017699109,-404.92692615237144,1.7483762033239258
TRANSPORT,PICT,4680,4760,descending,up,30,False,-11.390968913092813,-651.5170414374704,1.7483762033239258
TRANSPORT,PICT,4680,4760,descending,up,60,False,-40.02722940776039,-2289.394544015333,1.7483762033239258
TRANSPORT,PICT,4680,4760,descending,up,90,False,-3.2448377581120935,-185.59150781983703,1.7483762033239258
TRANSPORT,PICT,4720,4800,descending,down,10,False,6.325224071702943,215.2849610205535,2.9380705655046038
TRANSPORT,PICT,4720,4800,descending,down,20,False,19.35979513444302,658.9288685487388,2.9380705655046038
TRANSPORT,PICT,4720,4800,descending,down,30,False,32.31754161331626,1099.9579789795084,2.9380705655046038
TRANSPORT,PICT,4720,4800,descending,down,60,False,-9.193341869398216,-312.9040526574041,2.9380705655046038
TRANSPORT,PICT,4720,4800,descending,down,90,False,-1.2804097311139566,-43.57995162359385,2.9380705655046038
INSURANCE,PIL,1040,1120,symmetrical,up,10,False,-9.973160513223355,-51.76840684613661,19.264955444476143
INSURANCE,PIL,1040,1120,symmetrical,up,20,False,14.267478397486244,74.05923381762696,19.264955444476143
INSURANCE,PIL,1040,1120,symmetrical,up,30,False,-3.0472636815920455,-15.817652370775608,19.264955444476143
INSURANCE,PIL,1040,1120,symmetrical,up,60,False,-34.07305577376276,-176.8654792478773,19.264955444476143
INSURANCE,PIL,1040,1120,symmetrical,up,90,False,-16.89905734485468,-87.71916132149768,19.264955444476143
INSURANCE,PIL,3080,3160,descending,up,10,False,3.2008830022075054,26.232343104761917,12.202047638003231
INSURANCE,PIL,3080,3160,descending,up,20,False,3.2008830022075054,26.232343104761917,12.202047638003231
INSURANCE,PIL,3080,3160,descending,up,30,False,3.2008830022075054,26.232343104761917,12.202047638003231
INSURANCE,PIL,3080,3160,descending,up,60,False,-4.249448123620316,-34.82569688045985,12.202047638003231
INSURANCE,PIL,3080,3160,descending,up,90,False,-14.886865342163356,-122.00300952602635,12.202047638003231
CEMENT,PIOC,2560,2640,descending,up,10,False,3.6741214057507974,1204.2663155674772,0.30509210116198165
CEMENT,PIOC,2560,2640,descending,up,20,False,-4.849383842994066,-1589.4819382490002,0.30509210116198165
CEMENT,PIOC,2560,2640,descending,up,30,False,1.608854404381557,527.3340077484905,0.30509210116198165
CEMENT,PIOC,2560,2640,descending,up,60,False,11.558649018712911,3788.5769492852623,0.30509210116198165
CEMENT,PIOC,2560,2640,descending,up,90,False,16.704701049748973,5475.297782580085,0.30509210116198165
CEMENT,PIOC,3880,3960,descending,up,10,False,0.0960472848171374,1.232129182826003,7.7952284675900625
CEMENT,PIOC,3880,3960,descending,up,20,False,-6.21352050240118,-79.70928021205418,7.7952284675900625
CEMENT,PIOC,3880,3960,descending,up,30,False,-7.2626523827114875,-93.167922055231,7.7952284675900625
CEMENT,PIOC,3880,3960,descending,up,60,False,-10.284447728112292,-131.9326017302965,7.7952284675900625
CEMENT,PIOC,3880,3960,descending,up,90,False,-47.83154783893609,-613.6003330473709,7.7952284675900625
CEMENT,PIOC,4480,4560,descending,up,10,False,7.48217334538516,919.8557028971316,0.8134072900586126
CEMENT,PIOC,4480,4560,descending,up,20,False,6.0660841618961605,745.7622074494869,0.8134072900586126
CEMENT,PIOC,4480,4560,descending,up,30,False,14.994476247865832,1843.4155227186811,0.8134072900586126
CEMENT,PIOC,4480,4560,descending,up,60,False,15.416290047202983,1895.2731596605329,0.8134072900586126
CEMENT,PIOC,4480,4560,descending,up,90,False,32.25871246359346,3965.874520410182,0.8134072900586126
INSURANCE,PKGI,640,720,descending,up,10,False,-4.880684376407026,-32.80136176538528,14.879517537462512
INSURANCE,PKGI,640,720,descending,up,20,False,2.881584871679426,19.36611764745995,14.879517537462512
INSURANCE,PKGI,640,720,descending,up,30,False,10.778928410625836,72.44138382502977,14.879517537462512
INSURANCE,PKGI,640,720,descending,up,60,False,0.5763169743358812,3.8732235294919635,14.879517537462512
INSURANCE,PKGI,640,720,descending,up,90,False,-26.006303466906804,-174.77921176832595,14.879517537462512
INSURANCE,PKGI,1320,1400,descending,sequential,10,False,-15.727236893969257,-200.73777380692331,7.834717201305754
INSURANCE,PKGI,1320,1400,descending,sequential,20,False,-6.913677571935366,-88.2441241246476,7.834717201305754
INSURANCE,PKGI,1320,1400,descending,sequential,30,False,0.6306661411115496,8.049635039876632,7.834717201305754
INSURANCE,PKGI,1320,1400,descending,sequential,60,False,-2.0102483247930687,-25.65821168960682,7.834717201305754
INSURANCE,PKGI,1320,1400,descending,sequential,90,False,-38.36815135987388,-489.71967173849424,7.834717201305754
POWER GENERATION & DISTRIBUTION,PKGP,1440,1520,ascending,up,10,False,-6.7731808575395585,-111.15220381680848,6.093609145800234
POWER GENERATION & DISTRIBUTION,PKGP,1440,1520,ascending,up,20,False,-8.145189420623907,-133.6677365701678,6.093609145800234
POWER GENERATION & DISTRIBUTION,PKGP,1440,1520,ascending,up,30,False,-9.251824443091742,-151.82832081490122,6.093609145800234
POWER GENERATION & DISTRIBUTION,PKGP,1440,1520,ascending,up,60,False,-7.481071616658344,-122.76914120450868,6.093609145800234
POWER GENERATION & DISTRIBUTION,PKGP,1440,1520,ascending,up,90,False,-1.8596666415884144,-30.51831184266408,6.093609145800234
POWER GENERATION & DISTRIBUTION,PKGP,1960,2040,symmetrical,up,10,False,5.756222882962179,2573.268496351374,0.22369305383887853
POWER GENERATION & DISTRIBUTION,PKGP,1960,2040,symmetrical,up,20,False,5.232521581344372,2339.152464301931,0.22369305383887853
POWER GENERATION & DISTRIBUTION,PKGP,1960,2040,symmetrical,up,30,False,1.7444732894370307,779.8513451801408,0.22369305383887853
POWER GENERATION & DISTRIBUTION,PKGP,1960,2040,symmetrical,up,60,False,-12.732319466776861,-5691.870734594954,0.22369305383887853
POWER GENERATION & DISTRIBUTION,PKGP,1960,2040,symmetrical,up,90,False,-22.557782309136478,-10084.256941381998,0.22369305383887853
POWER GENERATION & DISTRIBUTION,PKGP,2960,3040,descending,up,10,False,2.6341274452837484,41.346727168061406,6.37082455057894
POWER GENERATION & DISTRIBUTION,PKGP,2960,3040,descending,up,20,False,6.5272128607398745,102.45475776203448,6.37082455057894
POWER GENERATION & DISTRIBUTION,PKGP,2960,3040,descending,up,30,False,67.53825295370908,1060.1179237869867,6.37082455057894
POWER GENERATION & DISTRIBUTION,PKGP,2960,3040,descending,up,60,False,71.3926012008522,1120.6179142755468,6.37082455057894
POWER GENERATION & DISTRIBUTION,PKGP,2960,3040,descending,up,90,False,72.45787332945962,1137.3390171743956,6.37082455057894
POWER GENERATION & DISTRIBUTION,PKGP,3080,3160,ascending,sequential,10,False,-12.637430512662142,-216.72510186920059,5.831087586840388
POWER GENERATION & DISTRIBUTION,PKGP,3080,3160,ascending,sequential,20,False,-26.053119209388516,-446.7969108916363,5.831087586840388
POWER GENERATION & DISTRIBUTION,PKGP,3080,3160,ascending,sequential,30,False,-30.426189005558978,-521.7926939431483,5.831087586840388
POWER GENERATION & DISTRIBUTION,PKGP,3080,3160,ascending,sequential,60,False,-17.714638665843115,-303.7964771069732,5.831087586840388
POWER GENERATION & DISTRIBUTION,PKGP,3080,3160,ascending,sequential,90,False,-29.73440395305743,-509.92895425138363,5.831087586840388
PAPER & BOARD,PKGS,1000,1080,ascending,sequential,10,False,-12.054841278871315,-168.06328208537866,7.1727989179381115
PAPER & BOARD,PKGS,1000,1080,ascending,sequential,20,False,-14.836727727841629,-206.84711641277386,7.1727989179381115
PAPER & BOARD,PKGS,1000,1080,ascending,sequential,30,False,-16.748207987256798,-233.49613141073843,7.1727989179381115
PAPER & BOARD,PKGS,1000,1080,ascending,sequential,60,False,-13.681875071111623,-190.74666985150347,7.1727989179381115
PAPER & BOARD,PKGS,1000,1080,ascending,sequential,90,False,-22.294914097166913,-310.8258624316182,7.1727989179381115
PAPER & BOARD,PKGS,1320,1400,symmetrical,up,10,False,-2.6178800452659363,-3202.9919951759266,0.08173233180753384
PAPER & BOARD,PKGS,1320,1400,symmetrical,up,20,False,-3.4100339494530436,-4172.197065762313,0.08173233180753384
PAPER & BOARD,PKGS,1320,1400,symmetrical,up,30,False,-8.525084873632599,-10430.492664405769,0.08173233180753384
PAPER & BOARD,PKGS,1320,1400,symmetrical,up,60,False,-10.85628064881178,-13282.72472927425,0.08173233180753384
PAPER & BOARD,PKGS,1320,1400,symmetrical,up,90,False,-17.940399849113554,-21950.187217660983,0.08173233180753384
PAPER & BOARD,PKGS,3480,3560,symmetrical,up,10,False,11.572564871560829,475.56131627409235,2.433453789351302
PAPER & BOARD,PKGS,3480,3560,symmetrical,up,20,False,36.23353761898554,1488.9757832074756,2.433453789351302
PAPER & BOARD,PKGS,3480,3560,symmetrical,up,30,False,39.26196375016299,1613.4254910437094,2.433453789351302
PAPER & BOARD,PKGS,3480,3560,symmetrical,up,60,False,26.61037944973269,1093.5231055620889,2.433453789351302
PAPER & BOARD,PKGS,3480,3560,symmetrical,up,90,False,1.5060633720172139,61.88995158271292,2.433453789351302
PAPER & BOARD,PKGS,4040,4120,symmetrical,down,10,False,5.150469090832079,1178.081983901641,0.43719105811078224
PAPER & BOARD,PKGS,4040,4120,symmetrical,down,20,False,8.384336813570803,1917.774084813567,0.43719105811078224
PAPER & BOARD,PKGS,4040,4120,symmetrical,down,30,False,10.870624113174777,2486.4699109239814,0.43719105811078224
PAPER & BOARD,PKGS,4040,4120,symmetrical,down,60,False,20.983078845380035,4799.521503494022,0.43719105811078224
PAPER & BOARD,PKGS,4040,4120,symmetrical,down,90,False,15.487409729134457,3542.4808997831833,0.43719105811078224
TRANSPORT,PNSC,920,1000,symmetrical,sequential,10,False,-14.75560225187787,-716.0630031438587,2.060656979496738
TRANSPORT,PNSC,920,1000,symmetrical,sequential,20,False,-27.68900249337452,-1343.6977997248646,2.060656979496738
TRANSPORT,PNSC,920,1000,symmetrical,sequential,30,False,-28.929025074879632,-1403.8738791909363,2.060656979496738
TRANSPORT,PNSC,920,1000,symmetrical,sequential,60,False,-57.50403801220029,-2790.568182106861,2.060656979496738
TRANSPORT,PNSC,920,1000,symmetrical,sequential,90,False,-32.14336119431072,-1559.8598657677078,2.060656979496738
TRANSPORT,PNSC,1240,1320,descending,sequential,10,False,-5.358890297720356,-89.44631714120185,5.991180485676898
TRANSPORT,PNSC,1240,1320,descending,sequential,20,False,-6.588000563532588,-109.96164410807697,5.991180485676898
TRANSPORT,PNSC,1240,1320,descending,sequential,30,False,-13.421975486332427,-224.02889578139587,5.991180485676898
TRANSPORT,PNSC,1240,1320,descending,sequential,60,False,-7.989216727779485,-133.34962528468785,5.991180485676898
TRANSPORT,PNSC,1240,1320,descending,sequential,90,False,-18.97734065925697,-316.75461463105734,5.991180485676898
TRANSPORT,PNSC,1280,1360,descending,sequential,10,False,1.9389517293771066,34.72091171242692,5.584391750528654
TRANSPORT,PNSC,1280,1360,descending,sequential,20,False,-9.980080473121884,-178.71383167517047,5.584391750528654
TRANSPORT,PNSC,1280,1360,descending,sequential,30,False,-7.499193943757136,-134.2884646845776,5.584391750528654
TRANSPORT,PNSC,1280,1360,descending,sequential,60,False,8.640039574048973,154.71764804521555,5.584391750528654
TRANSPORT,PNSC,1280,1360,descending,sequential,90,False,14.028912022825752,251.2164735129423,5.584391750528654
TRANSPORT,PNSC,4640,4720,ascending,up,10,False,34.94468278163798,1091.5947849890256,3.2012504330523432
TRANSPORT,PNSC,4640,4720,ascending,up,20,False,27.284319115952393,852.3019265923914,3.2012504330523432
TRANSPORT,PNSC,4640,4720,ascending,up,30,False,22.113905930379744,690.7896271424937,3.2012504330523432
TRANSPORT,PNSC,4640,4720,ascending,up,60,False,96.39595174812688,3011.1968358631293,3.2012504330523432
TRANSPORT,PNSC,4640,4720,ascending,up,90,False,91.9211297109132,2871.4132690727297,3.2012504330523432
OIL & GAS EXPLORATION COMPANIES,POL,360,440,symmetrical,up,10,False,-4.540327129159623,-131.0663145343797,3.46414495996884
OIL & GAS EXPLORATION COMPANIES,POL,360,440,symmetrical,up,20,False,-0.5781161872532463,-16.688567999719226,3.46414495996884
OIL & GAS EXPLORATION COMPANIES,POL,360,440,symmetrical,up,30,False,2.5662718556119475,74.08096038899686,3.46414495996884
OIL & GAS EXPLORATION COMPANIES,POL,360,440,symmetrical,up,60,False,-3.1725888324873095,-91.58360487650744,3.46414495996884
OIL & GAS EXPLORATION COMPANIES,POL,360,440,symmetrical,up,90,False,-5.950366610265093,-171.7701389239386,3.46414495996884
OIL & GAS EXPLORATION COMPANIES,POL,400,480,ascending,sequential,10,False,1.7839013778100006,67.70503917107784,2.6348133014182578
OIL & GAS EXPLORATION COMPANIES,POL,400,480,ascending,sequential,20,False,-6.744017403915881,-255.95807491505133,2.6348133014182578
OIL & GAS EXPLORATION COMPANIES,POL,400,480,ascending,sequential,30,False,-0.7976794778825236,-30.27461101145768,2.6348133014182578
OIL & GAS EXPLORATION COMPANIES,POL,400,480,ascending,sequential,60,False,6.236403190717912,236.69241336230553,2.6348133014182578
OIL & GAS EXPLORATION COMPANIES,POL,400,480,ascending,sequential,90,False,1.2327773749093547,46.78803519952551,2.6348133014182578
OIL & GAS EXPLORATION COMPANIES,POL,1640,1720,ascending,sequential,10,False,-3.847878260410906,-240.46906640609618,1.6001551958091509
OIL & GAS EXPLORATION COMPANIES,POL,1640,1720,ascending,sequential,20,False,-3.2281034892000973,-201.7369001240996,1.6001551958091509
OIL & GAS EXPLORATION COMPANIES,POL,1640,1720,ascending,sequential,30,False,-2.9643695440040108,-185.25512723814376,1.6001551958091509
OIL & GAS EXPLORATION COMPANIES,POL,1640,1720,ascending,sequential,60,False,-3.404805232481479,-212.7796879576903,1.6001551958091509
OIL & GAS EXPLORATION COMPANIES,POL,1640,1720,ascending,sequential,90,False,-0.39032623889021234,-24.39302387121494,1.6001551958091509
OIL & GAS EXPLORATION COMPANIES,POL,1720,1800,descending,up,10,False,3.6739043559344515,279.2935947983528,1.3154273582918987
OIL & GAS EXPLORATION COMPANIES,POL,1720,1800,descending,up,20,False,4.675636072998522,355.44616306824446,1.3154273582918987
OIL & GAS EXPLORATION COMPANIES,POL,1720,1800,descending,up,30,False,12.002131344078846,912.4130852549538,1.3154273582918987
OIL & GAS EXPLORATION COMPANIES,POL,1720,1800,descending,up,60,False,19.63767150659384,1492.87388488663,1.3154273582918987
OIL & GAS EXPLORATION COMPANIES,POL,1720,1800,descending,up,90,False,13.310243772479014,1011.856997543563,1.3154273582918987
OIL & GAS EXPLORATION COMPANIES,POL,2440,2520,descending,sequential,10,False,6.482531175924963,187.62074226158646,3.455125002589972
OIL & GAS EXPLORATION COMPANIES,POL,2440,2520,descending,sequential,20,False,1.4840770895599276,42.95292032697685,3.455125002589972
OIL & GAS EXPLORATION COMPANIES,POL,2440,2520,descending,sequential,30,False,-4.073482428115017,-117.89681777248356,3.455125002589972
OIL & GAS EXPLORATION COMPANIES,POL,2440,2520,descending,sequential,60,False,-17.077192620838925,-494.25686792917213,3.455125002589972
OIL & GAS EXPLORATION COMPANIES,POL,2440,2520,descending,sequential,90,False,-13.099041533546336,-379.119178719359,3.455125002589972
CEMENT,POWER,160,240,ascending,sequential,10,False,-3.7296835929986525,-51.72238707505515,7.210965703470822
CEMENT,POWER,160,240,ascending,sequential,20,False,-3.4964656664743092,-48.48817495819417,7.210965703470822
CEMENT,POWER,160,240,ascending,sequential,30,False,-17.01649355645316,-235.98078615548937,7.210965703470822
CEMENT,POWER,160,240,ascending,sequential,60,False,-0.6996537795729871,-9.702636350582363,7.210965703470822
CEMENT,POWER,160,240,ascending,sequential,90,False,-6.293878630505868,-87.28204916404559,7.210965703470822
CEMENT,POWER,4560,4640,descending,up,10,False,-3.2608695652173862,-78.42565217563364,4.157911951965276
CEMENT,POWER,4560,4640,descending,up,20,False,-3.623188405797089,-87.13961352848165,4.157911951965276
CEMENT,POWER,4560,4640,descending,up,30,False,10.326086956521745,248.34789855617373,4.157911951965276
CEMENT,POWER,4560,4640,descending,up,60,False,0.724637681159421,17.427922705696407,4.157911951965276
CEMENT,POWER,4560,4640,descending,up,90,False,9.239130434782622,222.20601449762933,4.157911951965276
CEMENT,POWER,4920,5000,symmetrical,up,10,False,19.74440894568689,700.6877373453025,2.8178613515476356
CEMENT,POWER,4920,5000,symmetrical,up,20,False,17.571884984025548,623.5894102587644,2.8178613515476356
CEMENT,POWER,4920,5000,symmetrical,up,30,False,17.571884984025548,623.5894102587644,2.8178613515476356
CEMENT,POWER,4920,5000,symmetrical,up,60,False,15.07987220447285,535.1530938947948,2.8178613515476356
CEMENT,POWER,4920,5000,symmetrical,up,90,False,13.610223642172528,482.99834321860703,2.8178613515476356
CEMENT,POWERPS,40,120,symmetrical,up,10,False,0.0,0.0,3.926398531794284
CEMENT,POWERPS,40,120,symmetrical,up,20,False,10.909090909090903,277.8396237863728,3.926398531794284
CEMENT,POWERPS,40,120,symmetrical,up,30,False,22.45454545454546,571.8865589602844,3.926398531794284
CEMENT,POWERPS,40,120,symmetrical,up,60,False,5.090909090909095,129.6584911003075,3.926398531794284
CEMENT,POWERPS,40,120,symmetrical,up,90,False,19.45454545454546,495.4806624190319,3.926398531794284
CEMENT,POWERPS,400,480,symmetrical,up,10,False,-0.9900990099009923,-7.583224921964872,13.056437334901707
CEMENT,POWERPS,400,480,symmetrical,up,20,True,,,13.056437334901707
CEMENT,POWERPS,400,480,symmetrical,up,30,True,,,13.056437334901707
CEMENT,POWERPS,400,480,symmetrical,up,60,True,,,13.056437334901707
CEMENT,POWERPS,400,480,symmetrical,up,90,True,,,13.056437334901707
OIL & GAS EXPLORATION COMPANIES,PPL,400,480,ascending,sequential,10,False,-1.5184381778741864,-27.845764327986256,5.45303106062737
OIL & GAS EXPLORATION COMPANIES,PPL,400,480,ascending,sequential,20,False,-6.594360086767891,-120.93017651011164,5.45303106062737
OIL & GAS EXPLORATION COMPANIES,PPL,400,480,ascending,sequential,30,False,-18.872017353579178,-346.08307093354347,5.45303106062737
OIL & GAS EXPLORATION COMPANIES,PPL,400,480,ascending,sequential,60,False,-6.42082429501085,-117.74780344405625,5.45303106062737
OIL & GAS EXPLORATION COMPANIES,PPL,400,480,ascending,sequential,90,False,-16.681127982646416,-305.90561097459175,5.45303106062737
OIL & GAS EXPLORATION COMPANIES,PPL,520,600,ascending,down,10,False,-5.067631929891412,-210.59437840417732,2.4063472008571387
OIL & GAS EXPLORATION COMPANIES,PPL,520,600,ascending,down,20,False,-0.40007620499143126,-16.625871979277324,2.4063472008571387
OIL & GAS EXPLORATION COMPANIES,PPL,520,600,ascending,down,30,False,4.13412078491141,171.80067711919708,2.4063472008571387
OIL & GAS EXPLORATION COMPANIES,PPL,520,600,ascending,down,60,False,-1.5622023242522474,-64.92007153813016,2.4063472008571387
OIL & GAS EXPLORATION COMPANIES,PPL,520,600,ascending,down,90,False,4.191274528481616,174.1758016876653,2.4063472008571387
OIL & GAS EXPLORATION COMPANIES,PPL,1160,1240,ascending,sequential,10,False,0.15432867028426459,5.65697433461201,2.728113319164447
OIL & GAS EXPLORATION COMPANIES,PPL,1160,1240,ascending,sequential,20,False,-2.1357096629660934,-78.28522546930742,2.728113319164447
OIL & GAS EXPLORATION COMPANIES,PPL,1160,1240,ascending,sequential,30,False,-3.3554039926320547,-122.99357101704749,2.728113319164447
OIL & GAS EXPLORATION COMPANIES,PPL,1160,1240,ascending,sequential,60,False,-8.109722706227904,-297.2648771317062,2.728113319164447
OIL & GAS EXPLORATION COMPANIES,PPL,1160,1240,ascending,sequential,90,False,1.423806441977391,52.19015031287144,2.728113319164447
OIL & GAS EXPLORATION COMPANIES,PPL,2760,2840,ascending,down,10,False,1.6871165644171693,23.56703080351267,7.158799844084323
OIL & GAS EXPLORATION COMPANIES,PPL,2760,2840,ascending,down,20,False,1.0033231083844538,14.015241803604136,7.158799844084323
OIL & GAS EXPLORATION COMPANIES,PPL,2760,2840,ascending,down,30,False,-1.4953987730061373,-20.888959121295457,7.158799844084323
OIL & GAS EXPLORATION COMPANIES,PPL,2760,2840,ascending,down,60,False,-23.510991820040914,-328.42085729592276,7.158799844084323
OIL & GAS EXPLORATION COMPANIES,PPL,2760,2840,ascending,down,90,False,-11.937627811860946,-166.75459674606785,7.158799844084323
OIL & GAS EXPLORATION COMPANIES,PPL,3000,3080,ascending,up,10,False,-2.1696583347313223,-32.01606674850556,6.7767797705275505
OIL & GAS EXPLORATION COMPANIES,PPL,3000,3080,ascending,up,20,False,-6.866856791366102,-101.32920094630047,6.7767797705275505
OIL & GAS EXPLORATION COMPANIES,PPL,3000,3080,ascending,up,30,False,-0.1677570877369632,-2.475469078492776,6.7767797705275505
OIL & GAS EXPLORATION COMPANIES,PPL,3000,3080,ascending,up,60,False,9.858524856008497,145.4750661794199,6.7767797705275505
OIL & GAS EXPLORATION COMPANIES,PPL,3000,3080,ascending,up,90,False,19.135491807862213,282.3685062200653,6.7767797705275505
PAPER & BOARD,PPP,80,160,symmetrical,whipsaw,10,False,-7.246401499020523,-128.55939349455275,5.636617676893103
PAPER & BOARD,PPP,80,160,symmetrical,whipsaw,20,False,-11.66680861936803,-206.98243677578571,5.636617676893103
PAPER & BOARD,PPP,80,160,symmetrical,whipsaw,30,False,-7.246401499020523,-128.55939349455275,5.636617676893103
PAPER & BOARD,PPP,80,160,symmetrical,whipsaw,60,False,-18.84053033529229,-334.252408364109,5.636617676893103
PAPER & BOARD,PPP,80,160,symmetrical,whipsaw,90,False,-47.174005621326984,-836.9204428165019,5.636617676893103
PAPER & BOARD,PPP,320,400,symmetrical,down,10,False,4.848686319438663,128.40747664086726,3.776015576569245
PAPER & BOARD,PPP,320,400,symmetrical,down,20,False,2.828400353005895,74.90436137383945,3.776015576569245
PAPER & BOARD,PPP,320,400,symmetrical,down,30,False,2.4243431597193386,64.20373832043383,3.776015576569245
PAPER & BOARD,PPP,320,400,symmetrical,down,60,False,4.424446053813606,117.17234646138567,3.776015576569245
PAPER & BOARD,PPP,320,400,symmetrical,down,90,False,-6.060462152781906,-160.49886526920073,3.776015576569245
CHEMICAL,PPVC,960,1040,symmetrical,up,10,False,8.745384782451316,404.3464940978953,2.1628442215042414
CHEMICAL,PPVC,960,1040,symmetrical,up,20,False,74.13306305654093,3427.5729301013635,2.1628442215042414
CHEMICAL,PPVC,960,1040,symmetrical,up,30,False,28.08224136682836,1298.394081627265,2.1628442215042414
CHEMICAL,PPVC,960,1040,symmetrical,up,60,False,11.206834141750528,518.1526265426671,2.1628442215042414
CHEMICAL,PPVC,960,1040,symmetrical,up,90,False,22.905958155360892,1059.0664795742885,2.1628442215042414
REFINERY,PRL,1680,1760,symmetrical,down,10,False,4.05899190244629,88.69303309863672,4.576449536833666
REFINERY,PRL,1680,1760,symmetrical,down,20,False,3.313506208833893,72.40342501681833,4.576449536833666
REFINERY,PRL,1680,1760,symmetrical,down,30,False,2.58461996829079,56.476531588263214,4.576449536833666
REFINERY,PRL,1680,1760,symmetrical,down,60,False,-3.7938262803392213,-82.89889902214628,4.576449536833666
REFINERY,PRL,1680,1760,symmetrical,down,90,False,3.064940039796119,66.97200559359115,4.576449536833666
REFINERY,PRL,2480,2560,descending,down,10,False,3.542891602593091,21.543173851773098,16.445541529627008
REFINERY,PRL,2480,2560,descending,down,20,False,10.519512426643432,63.96574054853893,16.445541529627008
REFINERY,PRL,2480,2560,descending,down,30,False,8.976442143937987,54.58283102302669,16.445541529627008
REFINERY,PRL,2480,2560,descending,down,60,False,-8.498193655739264,-51.67475720048246,16.445541529627008
REFINERY,PRL,2480,2560,descending,down,90,False,5.455327180036966,33.172073842682984,16.445541529627008
REFINERY,PRL,2640,2720,symmetrical,up,10,False,-5.316317661856716,-669.6829455269323,0.793855913065493
REFINERY,PRL,2640,2720,symmetrical,up,20,False,-4.706841358014695,-592.9087735630914,0.793855913065493
REFINERY,PRL,2640,2720,symmetrical,up,30,False,-6.661052358819062,-839.0757376987034,0.793855913065493
REFINERY,PRL,2640,2720,symmetrical,up,60,False,-3.719209030398248,-468.49925398129704,0.793855913065493
REFINERY,PRL,2640,2720,symmetrical,up,90,False,-7.4386879794430065,-937.03250892449,0.793855913065493
REFINERY,PRL,2760,2840,descending,down,10,False,-5.555573176185495,-92.50509722413976,6.005694110805966
REFINERY,PRL,2760,2840,descending,down,20,False,-6.790321199415142,-113.0647194834217,6.005694110805966
REFINERY,PRL,2760,2840,descending,down,30,False,-6.247006695486968,-104.0180631951736,6.005694110805966
REFINERY,PRL,2760,2840,descending,down,60,False,-11.530764034038828,-191.9971916866641,6.005694110805966
REFINERY,PRL,2760,2840,descending,down,90,False,-21.67897820081385,-360.9737326083117,6.005694110805966
REFINERY,PRL,2840,2920,ascending,down,10,False,2.8441086321191795,262.73341055681396,1.0825074078289576
REFINERY,PRL,2840,2920,ascending,down,20,False,-25.595195666120162,-2364.4360750798996,1.0825074078289576
REFINERY,PRL,2840,2920,ascending,down,30,False,-49.618350084349075,-4583.649933986325,1.0825074078289576
REFINERY,PRL,2840,2920,ascending,down,60,False,-56.1384750635588,-5185.966826420924,1.0825074078289576
REFINERY,PRL,2840,2920,ascending,down,90,False,-34.79756219260104,-3214.533400966736,1.0825074078289576
REFINERY,PRL,3920,4000,ascending,down,10,False,4.63629096722622,66.9921061845958,6.920652642941222
REFINERY,PRL,3920,4000,ascending,down,20,False,7.79376498800959,112.61604056893255,6.920652642941222
REFINERY,PRL,3920,4000,ascending,down,30,False,7.114308553157479,102.79823190394879,6.920652642941222
REFINERY,PRL,3920,4000,ascending,down,60,False,32.33413269384492,467.21218882187924,6.920652642941222
REFINERY,PRL,3920,4000,ascending,down,90,False,30.975219824140687,447.5765714919116,6.920652642941222
REFINERY,PRL,4120,4200,descending,up,10,False,19.659332860184524,221.48348772055084,8.876207008708933
REFINERY,PRL,4120,4200,descending,up,20,False,5.322924059616749,59.968453353939765,8.876207008708933
REFINERY,PRL,4120,4200,descending,up,30,False,26.472675656493973,298.24310801359377,8.876207008708933
REFINERY,PRL,4120,4200,descending,up,60,False,25.975869410929736,292.64605236722605,8.876207008708933
REFINERY,PRL,4120,4200,descending,up,90,False,34.70546486870121,390.9943158676873,8.876207008708933
MISCELLANEOUS,PSEL,920,1000,ascending,up,10,False,34.24036281179138,686.5813818342879,4.987080005040914
MISCELLANEOUS,PSEL,920,1000,ascending,up,20,False,50.56689342403629,1013.9579347618953,4.987080005040914
MISCELLANEOUS,PSEL,920,1000,ascending,up,30,False,63.26530612244898,1268.5841425944789,4.987080005040914
MISCELLANEOUS,PSEL,920,1000,ascending,up,60,False,72.33560090702947,1450.4600053320387,4.987080005040914
MISCELLANEOUS,PSEL,920,1000,ascending,up,90,False,75.78231292517007,1519.5728331723114,4.987080005040914
OIL & GAS MARKETING COMPANIES,PSO,1160,1240,ascending,down,10,False,4.42775252026092,195.2540753968261,2.267687632773935
OIL & GAS MARKETING COMPANIES,PSO,1160,1240,ascending,down,20,False,10.79923568557687,476.2223654395808,2.267687632773935
OIL & GAS MARKETING COMPANIES,PSO,1160,1240,ascending,down,30,False,11.909468274362531,525.1811626186958,2.267687632773935
OIL & GAS MARKETING COMPANIES,PSO,1160,1240,ascending,down,60,False,5.432562429992755,239.56396601887383,2.267687632773935
OIL & GAS MARKETING COMPANIES,PSO,1160,1240,ascending,down,90,False,12.746260789352307,562.0818584154168,2.267687632773935
OIL & GAS MARKETING COMPANIES,PSO,1200,1280,ascending,down,10,False,-0.18823529411764306,-32.940875380502135,0.5714337944675885
OIL & GAS MARKETING COMPANIES,PSO,1200,1280,ascending,down,20,False,-2.3803921568627424,-416.5648199159417,0.5714337944675885
OIL & GAS MARKETING COMPANIES,PSO,1200,1280,ascending,down,30,False,-3.8196078431372587,-668.4252629293707,0.5714337944675885
OIL & GAS MARKETING COMPANIES,PSO,1200,1280,ascending,down,60,False,0.21568627450980837,37.744753040160276,0.5714337944675885
OIL & GAS MARKETING COMPANIES,PSO,1200,1280,ascending,down,90,False,-4.1568627450980475,-727.4443313194392,0.5714337944675885
OIL & GAS MARKETING COMPANIES,PSO,1480,1560,ascending,down,10,False,4.659404610908009,149.19527082693818,3.123024332529127
OIL & GAS MARKETING COMPANIES,PSO,1480,1560,ascending,down,20,False,19.697082742669554,630.7053882836134,3.123024332529127
OIL & GAS MARKETING COMPANIES,PSO,1480,1560,ascending,down,30,False,17.294635529359105,553.778443197506,3.123024332529127
OIL & GAS MARKETING COMPANIES,PSO,1480,1560,ascending,down,60,False,2.3949861971200535,76.68804152993954,3.123024332529127
OIL & GAS MARKETING COMPANIES,PSO,1480,1560,ascending,down,90,False,9.520256658956953,304.84093767041315,3.123024332529127
OIL & GAS MARKETING COMPANIES,PSO,1600,1680,descending,up,10,False,8.429425132564587,206.03108982250086,4.091336477337801
OIL & GAS MARKETING COMPANIES,PSO,1600,1680,descending,up,20,False,6.884942344920455,168.28100995986597,4.091336477337801
OIL & GAS MARKETING COMPANIES,PSO,1600,1680,descending,up,30,False,10.382122716943025,253.75871122921149,4.091336477337801
OIL & GAS MARKETING COMPANIES,PSO,1600,1680,descending,up,60,False,4.582947563336413,112.01590455152444,4.091336477337801
OIL & GAS MARKETING COMPANIES,PSO,1600,1680,descending,up,90,False,6.889150744886797,168.38387121289787,4.091336477337801
TECHNOLOGY & COMMUNICATION,PTC,2680,2760,ascending,sequential,10,False,-0.8019740900678751,-21.720689371729737,3.6922128775142533
TECHNOLOGY & COMMUNICATION,PTC,2680,2760,ascending,sequential,20,False,-4.318322023442326,-116.95755815546569,3.6922128775142533
TECHNOLOGY & COMMUNICATION,PTC,2680,2760,ascending,sequential,30,False,-7.279457125231348,-197.15702660492784,3.6922128775142533
TECHNOLOGY & COMMUNICATION,PTC,2680,2760,ascending,sequential,60,False,-3.824799506477489,-103.59098008055534,3.6922128775142533
TECHNOLOGY & COMMUNICATION,PTC,2680,2760,ascending,sequential,90,False,13.633559531153614,369.25171931939843,3.6922128775142533
TEXTILE COMPOSITE,QUET,1280,1360,symmetrical,up,10,False,15.005359056806006,324.1382731156707,4.629308014932026
TEXTILE COMPOSITE,QUET,1280,1360,symmetrical,up,20,False,-18.54233654876742,-400.5422946357931,4.629308014932026
TEXTILE COMPOSITE,QUET,1280,1360,symmetrical,up,30,False,-28.77813504823152,-621.6509023682684,4.629308014932026
TEXTILE COMPOSITE,QUET,1280,1360,symmetrical,up,60,False,-11.575562700964632,-250.04952497494594,4.629308014932026
TEXTILE COMPOSITE,QUET,1280,1360,symmetrical,up,90,False,-35.530546623794216,-767.5131252703202,4.629308014932026
FOOD & PERSONAL CARE PRODUCTS,QUICE,3400,3480,descending,down,10,False,6.853582554517127,57.98215804262254,11.820157762115505
FOOD & PERSONAL CARE PRODUCTS,QUICE,3400,3480,descending,down,20,False,11.52647975077882,97.51544761713802,11.820157762115505
FOOD & PERSONAL CARE PRODUCTS,QUICE,3400,3480,descending,down,30,False,21.183800623052964,179.21757940446986,11.820157762115505
FOOD & PERSONAL CARE PRODUCTS,QUICE,3400,3480,descending,down,60,False,1.2461059190031165,10.542210553204118,11.820157762115505
FOOD & PERSONAL CARE PRODUCTS,QUICE,3400,3480,descending,down,90,False,-48.59813084112148,-411.14621157496015,11.820157762115505
FOOD & PERSONAL CARE PRODUCTS,QUICE,3640,3720,ascending,down,10,False,-0.6550218340611408,-7.173378572000886,9.13128768385124
FOOD & PERSONAL CARE PRODUCTS,QUICE,3640,3720,ascending,down,20,False,1.9650655021834031,21.520135716002446,9.13128768385124
FOOD & PERSONAL CARE PRODUCTS,QUICE,3640,3720,ascending,down,30,False,1.3100436681222816,14.346757144001772,9.13128768385124
FOOD & PERSONAL CARE PRODUCTS,QUICE,3640,3720,ascending,down,60,False,-16.59388646288209,-181.72559049068755,9.13128768385124
FOOD & PERSONAL CARE PRODUCTS,QUICE,3640,3720,ascending,down,90,False,-31.222707423580783,-341.9310452653727,9.13128768385124
FOOD & PERSONAL CARE PRODUCTS,QUICE,4760,4840,ascending,up,10,False,4.982206405693949,392.43023450944514,1.2695776134379464
FOOD & PERSONAL CARE PRODUCTS,QUICE,4760,4840,ascending,up,20,False,14.23487544483987,1121.2292414555588,1.2695776134379464
FOOD & PERSONAL CARE PRODUCTS,QUICE,4760,4840,ascending,up,30,False,3.321470937129314,261.6201563396312,1.2695776134379464
FOOD & PERSONAL CARE PRODUCTS,QUICE,4760,4840,ascending,up,60,False,20.04744958481613,1579.0645150499101,1.2695776134379464
FOOD & PERSONAL CARE PRODUCTS,QUICE,4760,4840,ascending,up,90,False,180.30842230130486,14202.237058437064,1.2695776134379464
TEXTILE COMPOSITE,REDCO,2040,2120,symmetrical,down,10,False,7.5409836065573765,34.89296749568657,21.61175774886325
TEXTILE COMPOSITE,REDCO,2040,2120,symmetrical,down,20,False,18.032786885245898,83.43970488098958,21.61175774886325
TEXTILE COMPOSITE,REDCO,2040,2120,symmetrical,down,30,False,9.836065573770487,45.51256629872158,21.61175774886325
TEXTILE COMPOSITE,REDCO,2040,2120,symmetrical,down,60,False,30.49180327868852,141.08895552603695,21.61175774886325
TEXTILE COMPOSITE,REDCO,2040,2120,symmetrical,down,90,False,-44.26229508196723,-204.80654834424735,21.61175774886325
INSURANCE,RICL,840,920,ascending,sequential,10,False,-5.5408970976253284,-226.93960447558604,2.4415734355531646
INSURANCE,RICL,840,920,ascending,sequential,20,False,-15.171503957783647,-621.3822503498191,2.4415734355531646
INSURANCE,RICL,840,920,ascending,sequential,30,False,-9.762532981530345,-399.8459697903184,2.4415734355531646
INSURANCE,RICL,840,920,ascending,sequential,60,False,-0.26385224274405766,-10.806647832170533,2.4415734355531646
INSURANCE,RICL,840,920,ascending,sequential,90,False,10.949868073878628,448.4758850350867,2.4415734355531646
FOOD & PERSONAL CARE PRODUCTS,RMPL,1800,1880,descending,up,10,False,0.5025125628140703,22.36262098398504,2.2471094205547018
FOOD & PERSONAL CARE PRODUCTS,RMPL,1800,1880,descending,up,20,False,13.366834170854272,594.845718174002,2.2471094205547018
FOOD & PERSONAL CARE PRODUCTS,RMPL,1800,1880,descending,up,30,False,5.517587939698492,245.5415784041557,2.2471094205547018
FOOD & PERSONAL CARE PRODUCTS,RMPL,1800,1880,descending,up,60,False,-4.522613065326634,-201.26358885586532,2.2471094205547018
FOOD & PERSONAL CARE PRODUCTS,RMPL,1800,1880,descending,up,90,False,17.587939698492463,782.6917344394764,2.2471094205547018
FOOD & PERSONAL CARE PRODUCTS,RMPL,2400,2480,descending,down,10,False,1.8559090909090876,332.9280072359654,0.5574505750709333
FOOD & PERSONAL CARE PRODUCTS,RMPL,2400,2480,descending,down,20,False,-23.040795454545457,-4133.244539502648,0.5574505750709333
FOOD & PERSONAL CARE PRODUCTS,RMPL,2400,2480,descending,down,30,False,-11.71045454545455,-2100.716201425471,0.5574505750709333
FOOD & PERSONAL CARE PRODUCTS,RMPL,2400,2480,descending,down,60,False,-7.611704545454545,-1365.4492229173836,0.5574505750709333
FOOD & PERSONAL CARE PRODUCTS,RMPL,2400,2480,descending,down,90,False,-9.313750000000006,-1670.7759246306043,0.5574505750709333
CHEMICAL,SARC,1320,1400,symmetrical,sequential,10,False,-6.779661016949152,-60.355459740378315,11.232887705788615
CHEMICAL,SARC,1320,1400,symmetrical,sequential,20,False,3.1186440677966156,27.763511480574078,11.232887705788615
CHEMICAL,SARC,1320,1400,symmetrical,sequential,30,False,22.644067796610166,201.5872355328636,11.232887705788615
CHEMICAL,SARC,1320,1400,symmetrical,sequential,60,False,-10.16949152542373,-90.53318961056746,11.232887705788615
CHEMICAL,SARC,1320,1400,symmetrical,sequential,90,False,-22.50847457627119,-200.38012633805602,11.232887705788615
AUTOMOBILE ASSEMBLER,SAZEW,2000,2080,descending,up,10,False,34.92965711686386,2067.552180974891,1.6894208251805205
AUTOMOBILE ASSEMBLER,SAZEW,2000,2080,descending,up,20,False,17.53388055848109,1037.8634084025532,1.6894208251805205
AUTOMOBILE ASSEMBLER,SAZEW,2000,2080,descending,up,30,False,12.303959937545837,728.2945583573658,1.6894208251805205
AUTOMOBILE ASSEMBLER,SAZEW,2000,2080,descending,up,60,False,7.3494277084981015,435.0264658133824,1.6894208251805205
AUTOMOBILE ASSEMBLER,SAZEW,2000,2080,descending,up,90,False,6.523672336990148,386.14845038938535,1.6894208251805205
COMMERCIAL BANKS,SBL,2880,2960,descending,up,10,False,3.921568627450984,22.893888959301993,17.12932492344257
COMMERCIAL BANKS,SBL,2880,2960,descending,up,20,False,-1.960784313725492,-11.446944479650996,17.12932492344257
COMMERCIAL BANKS,SBL,2880,2960,descending,up,30,False,-1.8382352941176512,-10.731510449672827,17.12932492344257
COMMERCIAL BANKS,SBL,2880,2960,descending,up,60,False,4.534313725490186,26.47105910919285,17.12932492344257
COMMERCIAL BANKS,SBL,2880,2960,descending,up,90,False,-20.343137254901965,-118.762048976379,17.12932492344257
FOOD & PERSONAL CARE PRODUCTS,SCL,1280,1360,symmetrical,down,10,False,14.912774069298404,396.064040465544,3.7652431288055186
FOOD & PERSONAL CARE PRODUCTS,SCL,1280,1360,symmetrical,down,20,False,0.6711394787775012,17.82459872625577,3.7652431288055186
FOOD & PERSONAL CARE PRODUCTS,SCL,1280,1360,symmetrical,down,30,False,0.3355915056039225,8.912877445722481,3.7652431288055186
FOOD & PERSONAL CARE PRODUCTS,SCL,1280,1360,symmetrical,down,60,False,-1.00668745195108,-26.736320006789054,3.7652431288055186
FOOD & PERSONAL CARE PRODUCTS,SCL,1280,1360,symmetrical,down,90,False,-2.13086893342934,-56.59312985999219,3.7652431288055186
FOOD & PERSONAL CARE PRODUCTS,SCL,1800,1880,symmetrical,sequential,10,False,-4.6756834032819725,-41.798416914971305,11.186269118262327
FOOD & PERSONAL CARE PRODUCTS,SCL,1800,1880,symmetrical,sequential,20,False,-21.11933135230626,-188.79691815949207,11.186269118262327
FOOD & PERSONAL CARE PRODUCTS,SCL,1800,1880,symmetrical,sequential,30,False,-9.66230636481532,-86.37648766236961,11.186269118262327
FOOD & PERSONAL CARE PRODUCTS,SCL,1800,1880,symmetrical,sequential,60,False,-28.57366050914438,-255.43512503642503,11.186269118262327
FOOD & PERSONAL CARE PRODUCTS,SCL,1800,1880,symmetrical,sequential,90,False,-25.905196622042503,-231.5803092896321,11.186269118262327
PHARMACEUTICALS,SEARL,1040,1120,descending,down,10,False,0.8159429267146504,24.451858014241736,3.336936302506798
PHARMACEUTICALS,SEARL,1040,1120,descending,down,20,False,-0.607898840164892,-18.217274321605174,3.336936302506798
PHARMACEUTICALS,SEARL,1040,1120,descending,down,30,False,0.36055279065296236,10.804904797916137,3.336936302506798
PHARMACEUTICALS,SEARL,1040,1120,descending,down,60,False,-10.098895700279815,-302.63975050087856,3.336936302506798
PHARMACEUTICALS,SEARL,1040,1120,descending,down,90,False,-10.117692291261726,-303.2030393765994,3.336936302506798
PHARMACEUTICALS,SEARL,1280,1360,descending,up,10,False,-5.061939114790516,-144.34665366409314,3.506793532304584
PHARMACEUTICALS,SEARL,1280,1360,descending,up,20,False,-2.255073471748597,-64.30585236840602,3.506793532304584
PHARMACEUTICALS,SEARL,1280,1360,descending,up,30,False,-1.3874645593291974,-39.56504842808317,3.506793532304584
PHARMACEUTICALS,SEARL,1280,1360,descending,up,60,False,-0.6937322796646049,-19.782524214041768,3.506793532304584
PHARMACEUTICALS,SEARL,1280,1360,descending,up,90,False,-7.048390931446476,-200.99246980230498,3.506793532304584
PHARMACEUTICALS,SEARL,1560,1640,descending,up,10,False,7.074729958115963,266.73619783007115,2.652332160265342
PHARMACEUTICALS,SEARL,1560,1640,descending,up,20,False,6.487373551816204,244.591293994158,2.652332160265342
PHARMACEUTICALS,SEARL,1560,1640,descending,up,30,False,3.3962818722904,128.0488893197537,2.652332160265342
PHARMACEUTICALS,SEARL,1560,1640,descending,up,60,False,8.359174075979142,315.16316852044963,2.652332160265342
PHARMACEUTICALS,SEARL,1560,1640,descending,up,90,False,17.545251916623812,661.502815502134,2.652332160265342
PHARMACEUTICALS,SEARL,4160,4240,descending,down,10,False,9.904191616766463,150.767482887126,6.569182841754652
PHARMACEUTICALS,SEARL,4160,4240,descending,down,20,False,10.586826347305394,161.15895389627508,6.569182841754652
PHARMACEUTICALS,SEARL,4160,4240,descending,down,30,False,17.8562874251497,271.8190048182647,6.569182841754652
PHARMACEUTICALS,SEARL,4160,4240,descending,down,60,False,34.0,517.5681788591909,6.569182841754652
PHARMACEUTICALS,SEARL,4160,4240,descending,down,90,False,35.317365269461085,537.6218948417592,6.569182841754652
PHARMACEUTICALS,SEARL,4640,4720,descending,sequential,10,False,-8.914244963451596,-145.08432559080197,6.144181962559806
PHARMACEUTICALS,SEARL,4640,4720,descending,sequential,20,False,-18.86254234266357,-306.99843295013693,6.144181962559806
PHARMACEUTICALS,SEARL,4640,4720,descending,sequential,30,False,-52.79015867356035,-859.1893761487294,6.144181962559806
PHARMACEUTICALS,SEARL,4640,4720,descending,sequential,60,False,-89.49901943305402,-1456.646628931652,6.144181962559806
PHARMACEUTICALS,SEARL,4640,4720,descending,sequential,90,False,-87.7874844000713,-1428.790438418218,6.144181962559806
POWER GENERATION & DISTRIBUTION,SEL,880,960,descending,up,10,False,1.8218623481781346,40.36871249827931,4.513055372414442
POWER GENERATION & DISTRIBUTION,SEL,880,960,descending,up,20,False,2.327935222672051,51.582243747801115,4.513055372414442
POWER GENERATION & DISTRIBUTION,SEL,880,960,descending,up,30,False,7.540485829959506,167.08161561787833,4.513055372414442
POWER GENERATION & DISTRIBUTION,SEL,880,960,descending,up,60,False,10.829959514170024,239.96956873977152,4.513055372414442
POWER GENERATION & DISTRIBUTION,SEL,880,960,descending,up,90,False,19.4331983805668,430.59959998164663,4.513055372414442
PAPER & BOARD,SEPL,320,400,symmetrical,up,10,False,-2.525184803163151,-123.85138797866216,2.038882926042141
PAPER & BOARD,SEPL,320,400,symmetrical,up,20,False,8.838404675949803,433.4925052860601,2.038882926042141
PAPER & BOARD,SEPL,320,400,symmetrical,up,30,False,10.858518136496478,532.5719293542237,2.038882926042141
PAPER & BOARD,SEPL,320,400,symmetrical,up,60,False,29.292934502320776,1436.7148857920906,2.038882926042141
PAPER & BOARD,SEPL,320,400,symmetrical,up,90,False,-10.30307718755373,-505.3295143117394,2.038882926042141
PAPER & BOARD,SEPL,3760,3840,descending,up,10,False,0.5281990117566916,10.128890707047105,5.214776494618515
PAPER & BOARD,SEPL,3760,3840,descending,up,20,False,-1.9594479468393229,-37.5749171390454,5.214776494618515
PAPER & BOARD,SEPL,3760,3840,descending,up,30,False,3.8933378769807527,74.65972666323388,5.214776494618515
PAPER & BOARD,SEPL,3760,3840,descending,up,60,False,-9.92502981768614,-190.32512376951263,5.214776494618515
PAPER & BOARD,SEPL,3760,3840,descending,up,90,False,-14.891804395978864,-285.5693702567452,5.214776494618515
PAPER & BOARD,SEPL,4200,4280,ascending,down,10,False,1.5981059485054725,44.935924981589096,3.556410487066284
PAPER & BOARD,SEPL,4200,4280,ascending,down,20,False,0.6658774785439522,18.72330207566227,3.556410487066284
PAPER & BOARD,SEPL,4200,4280,ascending,down,30,False,0.11837821840781045,3.3285870356732006,3.556410487066284
PAPER & BOARD,SEPL,4200,4280,ascending,down,60,False,-1.5019236460491279,-42.231448015104654,3.556410487066284
PAPER & BOARD,SEPL,4200,4280,ascending,down,90,False,-5.060668836934007,-142.29709577503243,3.556410487066284
OIL & GAS MARKETING COMPANIES,SHEL,480,560,descending,up,10,False,-0.8883109279966387,-298.41268248973205,0.2976786779252267
OIL & GAS MARKETING COMPANIES,SHEL,480,560,descending,up,20,False,4.073595557369869,1368.4539268187382,0.2976786779252267
OIL & GAS MARKETING COMPANIES,SHEL,480,560,descending,up,30,False,3.0457042682598887,1023.1516376947003,0.2976786779252267
OIL & GAS MARKETING COMPANIES,SHEL,480,560,descending,up,60,False,21.827422560955938,7332.54484771621,0.2976786779252267
OIL & GAS MARKETING COMPANIES,SHEL,480,560,descending,up,90,False,-0.5075862043166554,-170.51480067516118,0.2976786779252267
OIL & GAS MARKETING COMPANIES,SHEL,960,1040,descending,up,10,False,0.708439418179009,27.209894797039325,2.6036095452162256
OIL & GAS MARKETING COMPANIES,SHEL,960,1040,descending,up,20,False,5.732991525478182,220.19398169789957,2.6036095452162256
OIL & GAS MARKETING COMPANIES,SHEL,960,1040,descending,up,30,False,9.501405605952549,364.93204687354427,2.6036095452162256
OIL & GAS MARKETING COMPANIES,SHEL,960,1040,descending,up,60,False,13.156857213448253,505.33142489134633,2.6036095452162256
OIL & GAS MARKETING COMPANIES,SHEL,960,1040,descending,up,90,False,8.158355397228977,313.34788321923435,2.6036095452162256
OIL & GAS MARKETING COMPANIES,SHEL,3360,3440,ascending,down,10,False,-3.070387520232521,-36.7075579878559,8.364455955496437
OIL & GAS MARKETING COMPANIES,SHEL,3360,3440,ascending,down,20,False,0.6288186190819721,7.517746789840694,8.364455955496437
OIL & GAS MARKETING COMPANIES,SHEL,3360,3440,ascending,down,30,False,3.6643094444853044,43.808102570943895,8.364455955496437
OIL & GAS MARKETING COMPANIES,SHEL,3360,3440,ascending,down,60,False,16.481672454093115,197.04416571483893,8.364455955496437
OIL & GAS MARKETING COMPANIES,SHEL,3360,3440,ascending,down,90,False,35.160323970690946,420.35398545659694,8.364455955496437
FOOD & PERSONAL CARE PRODUCTS,SHEZ,600,680,ascending,down,10,False,8.842335520780754,215.3795551448523,4.105466516928169
FOOD & PERSONAL CARE PRODUCTS,SHEZ,600,680,ascending,down,20,False,5.216220763923946,127.05549399601182,4.105466516928169
FOOD & PERSONAL CARE PRODUCTS,SHEZ,600,680,ascending,down,30,False,8.043075887598858,195.91137461320528,4.105466516928169
FOOD & PERSONAL CARE PRODUCTS,SHEZ,600,680,ascending,down,60,False,7.3952549217566945,180.1319019717652,4.105466516928169
FOOD & PERSONAL CARE PRODUCTS,SHEZ,600,680,ascending,down,90,False,6.175332323742221,150.41731063398817,4.105466516928169
FOOD & PERSONAL CARE PRODUCTS,SHEZ,3040,3120,descending,up,10,False,-6.44702401274611,-89.37482973548354,7.213467182904759
FOOD & PERSONAL CARE PRODUCTS,SHEZ,3040,3120,descending,up,20,False,2.4240355069989703,33.604304913782755,7.213467182904759
FOOD & PERSONAL CARE PRODUCTS,SHEZ,3040,3120,descending,up,30,False,1.6387845681119808,22.71840332199399,7.213467182904759
FOOD & PERSONAL CARE PRODUCTS,SHEZ,3040,3120,descending,up,60,False,34.869693865938316,483.3971373513173,7.213467182904759
FOOD & PERSONAL CARE PRODUCTS,SHEZ,3040,3120,descending,up,90,False,13.804483896665523,191.37099464985238,7.213467182904759
FOOD & PERSONAL CARE PRODUCTS,SHEZ,3320,3400,symmetrical,up,10,False,8.622994652406412,477.38328070048146,1.8063042844218558
FOOD & PERSONAL CARE PRODUCTS,SHEZ,3320,3400,symmetrical,up,20,True,,,1.8063042844218558
FOOD & PERSONAL CARE PRODUCTS,SHEZ,3320,3400,symmetrical,up,30,True,,,1.8063042844218558
FOOD & PERSONAL CARE PRODUCTS,SHEZ,3320,3400,symmetrical,up,60,True,,,1.8063042844218558
FOOD & PERSONAL CARE PRODUCTS,SHEZ,3320,3400,symmetrical,up,90,True,,,1.8063042844218558
MISCELLANEOUS,SHFA,40,120,descending,sequential,10,False,-2.758620689655175,-40.39097128937854,6.829795376524156
MISCELLANEOUS,SHFA,40,120,descending,sequential,20,False,-2.0689655172413843,-30.29322846703395,6.829795376524156
MISCELLANEOUS,SHFA,40,120,descending,sequential,30,False,-5.172413793103448,-75.7330711675847,6.829795376524156
MISCELLANEOUS,SHFA,40,120,descending,sequential,60,False,-16.20689655172415,-237.29695632509888,6.829795376524156
MISCELLANEOUS,SHFA,40,120,descending,sequential,90,False,-51.724137931034484,-757.330711675847,6.829795376524156
MISCELLANEOUS,SHFA,720,800,descending,down,10,False,-0.5194805194805269,-3.754385106317674,13.83663382337559
MISCELLANEOUS,SHFA,720,800,descending,down,20,False,4.935064935064931,35.66665851001737,13.83663382337559
MISCELLANEOUS,SHFA,720,800,descending,down,30,False,3.896103896103896,28.15788829738215,13.83663382337559
MISCELLANEOUS,SHFA,720,800,descending,down,60,False,6.493506493506493,46.929813828970254,13.83663382337559
MISCELLANEOUS,SHFA,720,800,descending,down,90,False,17.4025974025974,125.77190106164026,13.83663382337559
MISCELLANEOUS,SHFA,1120,1200,descending,up,10,False,1.8237082066869346,21.95555993775459,8.306361631665341
MISCELLANEOUS,SHFA,1120,1200,descending,up,20,False,-2.7051671732522817,-32.56741390766925,8.306361631665341
MISCELLANEOUS,SHFA,1120,1200,descending,up,30,False,-1.063829787234047,-12.8074099636902,8.306361631665341
MISCELLANEOUS,SHFA,1120,1200,descending,up,60,False,6.352583586626151,76.47853378317843,8.306361631665341
MISCELLANEOUS,SHFA,1120,1200,descending,up,90,False,-9.118541033434651,-109.7777996887727,8.306361631665341
MISCELLANEOUS,SHFA,4280,4360,descending,sequential,10,False,5.26162684993274,225.66684463114893,2.331590561534565
MISCELLANEOUS,SHFA,4280,4360,descending,sequential,20,False,2.4799098214610353,106.36129097335392,2.331590561534565
MISCELLANEOUS,SHFA,4280,4360,descending,sequential,30,False,-3.612595905603434,-154.94126478303116,2.331590561534565
MISCELLANEOUS,SHFA,4280,4360,descending,sequential,60,False,-12.132286098687315,-520.3437644172955,2.331590561534565
MISCELLANEOUS,SHFA,4280,4360,descending,sequential,90,False,-14.483109705101626,-621.1686538810395,2.331590561534565
INSURANCE,SHNI,1080,1160,descending,down,10,False,-3.8896758603449793,-20.287113522991593,19.17313597095403
INSURANCE,SHNI,1080,1160,descending,down,20,False,6.616115323723013,34.50721537543973,19.17313597095403
INSURANCE,SHNI,1080,1160,descending,down,30,False,18.28847596033663,95.38593993200905,19.17313597095403
INSURANCE,SHNI,1080,1160,descending,down,60,False,11.154070494125486,58.175514485596565,19.17313597095403
INSURANCE,SHNI,1080,1160,descending,down,90,False,-22.696441963169743,-118.37626352597341,19.17313597095403
COMMERCIAL BANKS,SILK,1320,1400,descending,up,10,False,-4.333928739306198,-206.72181475245196,2.0965028507010977
COMMERCIAL BANKS,SILK,1320,1400,descending,up,20,False,-8.305913321425216,-396.17944324032817,2.0965028507010977
COMMERCIAL BANKS,SILK,1320,1400,descending,up,30,False,-13.720973958822988,-654.4696065752793,2.0965028507010977
COMMERCIAL BANKS,SILK,1320,1400,descending,up,60,False,-22.38413086396541,-1067.6890258689546,2.0965028507010977
COMMERCIAL BANKS,SILK,1320,1400,descending,up,90,False,-6.138948951772128,-292.81853586410267,2.0965028507010977
COMMERCIAL BANKS,SILK,1760,1840,ascending,sequential,10,False,-6.83879583773858,-98.22755811757798,6.9621967284909685
COMMERCIAL BANKS,SILK,1760,1840,ascending,sequential,20,False,-8.547103667019085,-122.76446645126096,6.9621967284909685
COMMERCIAL BANKS,SILK,1760,1840,ascending,sequential,30,False,-9.826943408825322,-141.1471665058117,6.9621967284909685
COMMERCIAL BANKS,SILK,1760,1840,ascending,sequential,60,False,-4.702019920983808,-67.53644150476273,6.9621967284909685
COMMERCIAL BANKS,SILK,1760,1840,ascending,sequential,90,False,-5.124923487841515,-73.61072500104896,6.9621967284909685
COMMERCIAL BANKS,SILK,1800,1880,descending,sequential,10,False,0.8912037037037083,19.84685016403954,4.490403748391662
COMMERCIAL BANKS,SILK,1800,1880,descending,sequential,20,False,0.8912037037037083,19.84685016403954,4.490403748391662
COMMERCIAL BANKS,SILK,1800,1880,descending,sequential,30,False,-4.444444444444443,-98.97649951936548,4.490403748391662
COMMERCIAL BANKS,SILK,1800,1880,descending,sequential,60,False,-1.3310185185185133,-29.641399595643197,4.490403748391662
COMMERCIAL BANKS,SILK,1800,1880,descending,sequential,90,False,-8.888888888888886,-197.95299903873095,4.490403748391662
CHEMICAL,SITC,520,600,symmetrical,up,10,False,-2.616059277181303,-45.141280478333435,5.795270425341476
CHEMICAL,SITC,520,600,symmetrical,up,20,False,-6.245274459398149,-107.76502218237998,5.795270425341476
CHEMICAL,SITC,520,600,symmetrical,up,30,False,-10.524724028428839,-181.60885094173474,5.795270425341476
CHEMICAL,SITC,520,600,symmetrical,up,60,False,-23.33282927566913,-402.6184727055991,5.795270425341476
CHEMICAL,SITC,520,600,symmetrical,up,90,False,-30.742476939361858,-530.4752786846942,5.795270425341476
CHEMICAL,SITC,800,880,ascending,up,10,False,8.123358846862947,1865.4358222511298,0.4354670769139632
CHEMICAL,SITC,800,880,ascending,up,20,False,-4.184591317950728,-960.9432124251022,0.4354670769139632
CHEMICAL,SITC,800,880,ascending,up,30,False,-10.609531258729543,-2436.3566894462856,0.4354670769139632
CHEMICAL,SITC,800,880,ascending,up,60,False,0.7989273143750926,183.46445844697914,0.4354670769139632
CHEMICAL,SITC,800,880,ascending,up,90,False,-1.0782725291915787,-247.61287049138207,0.4354670769139632
CHEMICAL,SITC,3800,3880,descending,sequential,10,False,-5.176513627217849,-66.80141380269973,7.749107889403149
CHEMICAL,SITC,3800,3880,descending,sequential,20,False,-1.422169379915852,-18.35268524084764,7.749107889403149
CHEMICAL,SITC,3800,3880,descending,sequential,30,False,-6.091092006584961,-78.60378373250533,7.749107889403149
CHEMICAL,SITC,3800,3880,descending,sequential,60,False,-16.608743369306747,-214.3310379252699,7.749107889403149
CHEMICAL,SITC,3800,3880,descending,sequential,90,False,-18.392171209072604,-237.3456592883907,7.749107889403149
CEMENT,SMCPL,120,200,descending,up,10,False,3.571428571428571,87.59953180182688,4.076995045485037
CEMENT,SMCPL,120,200,descending,up,20,False,-7.142857142857142,-175.19906360365377,4.076995045485037
CEMENT,SMCPL,120,200,descending,up,30,False,-14.285714285714285,-350.39812720730754,4.076995045485037
CEMENT,SMCPL,120,200,descending,up,60,False,-27.142857142857146,-665.7564416938844,4.076995045485037
CEMENT,SMCPL,120,200,descending,up,90,False,-32.714285714285715,-802.4117113047342,4.076995045485037
CEMENT,SMCPL,1160,1240,symmetrical,down,10,False,1.0204081632653206,11.15013229536664,9.151534136409701
CEMENT,SMCPL,1160,1240,symmetrical,down,20,False,-2.551020408163265,-27.875330738416203,9.151534136409701
CEMENT,SMCPL,1160,1240,symmetrical,down,30,False,-1.5306122448979447,-16.725198443049567,9.151534136409701
CEMENT,SMCPL,1160,1240,symmetrical,down,60,False,-37.3469387755102,-408.09484201041323,9.151534136409701
CEMENT,SMCPL,1160,1240,symmetrical,down,90,False,-28.673469387755084,-313.318717499798,9.151534136409701
CEMENT,SMCPL,2520,2600,ascending,sequential,10,False,-21.921921921921918,-299.2620647638687,7.32532602794788
CEMENT,SMCPL,2520,2600,ascending,sequential,20,False,-24.684684684684683,-336.9772838847947,7.32532602794788
CEMENT,SMCPL,2520,2600,ascending,sequential,30,False,-16.036036036036027,-218.91225011493952,7.32532602794788
CEMENT,SMCPL,2520,2600,ascending,sequential,60,False,-21.921921921921918,-299.2620647638687,7.32532602794788
CEMENT,SMCPL,2520,2600,ascending,sequential,90,False,-15.015015015015006,-204.97401696155384,7.32532602794788
CEMENT,SMCPL,2640,2720,descending,up,10,False,33.33333333333333,492.2628087384475,6.771450684799597
CEMENT,SMCPL,2640,2720,descending,up,20,False,46.14814814814815,681.5105107645618,6.771450684799597
CEMENT,SMCPL,2640,2720,descending,up,30,False,53.55555555555556,790.9022460397724,6.771450684799597
CEMENT,SMCPL,2640,2720,descending,up,60,False,100.66666666666666,1486.6336823901113,6.771450684799597
CEMENT,SMCPL,2640,2720,descending,up,90,False,42.222222222222214,623.5328910687,6.771450684799597
CEMENT,SMCPL,3080,3160,descending,up,10,False,10.876132930513592,108.97558909913285,9.980338734961824
CEMENT,SMCPL,3080,3160,descending,up,20,False,-0.15105740181268942,-1.513549848599074,9.980338734961824
CEMENT,SMCPL,3080,3160,descending,up,30,False,2.8269313767803084,28.325004309496737,9.980338734961824
CEMENT,SMCPL,3080,3160,descending,up,60,False,-13.681484678463537,-137.08437200168706,9.980338734961824
CEMENT,SMCPL,3080,3160,descending,up,90,False,-10.57401812688823,-105.94848940193486,9.980338734961824
COMMERCIAL BANKS,SNBL,1920,2000,descending,up,10,False,6.197272085330953,67.09683638163835,9.236310412731905
COMMERCIAL BANKS,SNBL,1920,2000,descending,up,20,False,16.196528784331214,175.35712920610496,9.236310412731905
COMMERCIAL BANKS,SNBL,1920,2000,descending,up,30,False,10.703534396253755,115.88539057218495,9.236310412731905
COMMERCIAL BANKS,SNBL,1920,2000,descending,up,60,False,12.675140298063702,137.23164046751288,9.236310412731905
COMMERCIAL BANKS,SNBL,1920,2000,descending,up,90,False,19.717917270598722,213.482617944697,9.236310412731905
COMMERCIAL BANKS,SNBL,4280,4360,ascending,down,10,False,-11.136670574791111,-136.86859105228302,8.136761319137834
COMMERCIAL BANKS,SNBL,4280,4360,ascending,down,20,False,-9.67335005416957,-118.88452511710825,8.136761319137834
COMMERCIAL BANKS,SNBL,4280,4360,ascending,down,30,False,-8.886778171888214,-109.21763369150726,8.136761319137834
COMMERCIAL BANKS,SNBL,4280,4360,ascending,down,60,False,-1.687419302177167,-20.73821802058174,8.136761319137834
COMMERCIAL BANKS,SNBL,4280,4360,ascending,down,90,False,-8.21151363143913,-100.91869859971779,8.136761319137834
OIL & GAS MARKETING COMPANIES,SNGP,560,640,descending,down,10,False,7.396226415094337,254.11424029423722,2.9105910816057756
OIL & GAS MARKETING COMPANIES,SNGP,560,640,descending,down,20,False,11.69811320754717,401.915380057212,2.9105910816057756
OIL & GAS MARKETING COMPANIES,SNGP,560,640,descending,down,30,False,6.867924528301883,235.96322313036305,2.9105910816057756
OIL & GAS MARKETING COMPANIES,SNGP,560,640,descending,down,60,False,1.9622641509433918,67.41806375153219,2.9105910816057756
OIL & GAS MARKETING COMPANIES,SNGP,560,640,descending,down,90,False,-4.301886792452821,-147.80113976297443,2.9105910816057756
MISCELLANEOUS,SPEL,680,760,descending,down,10,False,0.814039295267965,6.8240086120257155,11.929048475018211
MISCELLANEOUS,SPEL,680,760,descending,down,20,False,9.868016480644464,82.7225784295373,11.929048475018211
MISCELLANEOUS,SPEL,680,760,descending,down,30,False,7.405912738677244,62.083013194109235,11.929048475018211
MISCELLANEOUS,SPEL,680,760,descending,down,60,False,13.448559480982683,112.73790620556727,11.929048475018211
MISCELLANEOUS,SPEL,680,760,descending,down,90,False,40.121990591273864,336.3385661085816,11.929048475018211
POWER GENERATION & DISTRIBUTION,SPWL,920,1000,ascending,down,10,False,4.576117599677811,65.32600248796575,7.00504764625819
POWER GENERATION & DISTRIBUTION,SPWL,920,1000,ascending,down,20,False,0.1668488579483288,2.3818375887486307,7.00504764625819
POWER GENERATION & DISTRIBUTION,SPWL,920,1000,ascending,down,30,False,5.033513606812033,71.855522774363,7.00504764625819
POWER GENERATION & DISTRIBUTION,SPWL,920,1000,ascending,down,60,False,16.140469478165805,230.41198708744523,7.00504764625819
POWER GENERATION & DISTRIBUTION,SPWL,920,1000,ascending,down,90,False,23.835653874920887,340.2639793271487,7.00504764625819
OIL & GAS MARKETING COMPANIES,SSGC,360,440,descending,sequential,10,False,-4.712041884816746,-91.19028828148204,5.167262845218594
OIL & GAS MARKETING COMPANIES,SSGC,360,440,descending,sequential,20,False,-4.712041884816746,-91.19028828148204,5.167262845218594
OIL & GAS MARKETING COMPANIES,SSGC,360,440,descending,sequential,30,False,-7.678883071553226,-148.6063957179709,5.167262845218594
OIL & GAS MARKETING COMPANIES,SSGC,360,440,descending,sequential,60,False,-14.310645724258283,-276.94828292894573,5.167262845218594
OIL & GAS MARKETING COMPANIES,SSGC,360,440,descending,sequential,90,False,-16.23036649214659,-314.09988185843855,5.167262845218594
OIL & GAS MARKETING COMPANIES,SSGC,400,480,descending,sequential,10,False,7.378640776699023,270.97526492501373,2.722994210833559
OIL & GAS MARKETING COMPANIES,SSGC,400,480,descending,sequential,20,False,4.660194174757279,171.1422725842192,2.722994210833559
OIL & GAS MARKETING COMPANIES,SSGC,400,480,descending,sequential,30,False,-13.786407766990294,-506.2958897283156,2.722994210833559
OIL & GAS MARKETING COMPANIES,SSGC,400,480,descending,sequential,60,False,4.660194174757279,171.1422725842192,2.722994210833559
OIL & GAS MARKETING COMPANIES,SSGC,400,480,descending,sequential,90,False,-7.766990291262135,-285.23712097369884,2.722994210833559
OIL & GAS MARKETING COMPANIES,SSGC,520,600,ascending,up,10,False,-2.097902097902103,-35.82134023789854,5.8565706474671435
OIL & GAS MARKETING COMPANIES,SSGC,520,600,ascending,up,20,False,-0.8741258741258741,-14.92555843245769,5.8565706474671435
OIL & GAS MARKETING COMPANIES,SSGC,520,600,ascending,up,30,False,9.090909090909083,155.22580769755982,5.8565706474671435
OIL & GAS MARKETING COMPANIES,SSGC,520,600,ascending,up,60,False,-4.370629370629371,-74.62779216228844,5.8565706474671435
OIL & GAS MARKETING COMPANIES,SSGC,520,600,ascending,up,90,False,-2.097902097902103,-35.82134023789854,5.8565706474671435
OIL & GAS MARKETING COMPANIES,SSGC,680,760,ascending,sequential,10,False,-1.8998272884283272,-71.98276507829621,2.639280786674241
OIL & GAS MARKETING COMPANIES,SSGC,680,760,ascending,sequential,20,False,-3.1088082901554355,-117.78997921902983,2.639280786674241
OIL & GAS MARKETING COMPANIES,SSGC,680,760,ascending,sequential,30,False,-3.2815198618307404,-124.33386695342048,2.639280786674241
OIL & GAS MARKETING COMPANIES,SSGC,680,760,ascending,sequential,60,False,-3.6614853195164034,-138.73041996907963,2.639280786674241
OIL & GAS MARKETING COMPANIES,SSGC,680,760,ascending,sequential,90,False,-8.117443868739198,-307.56272351635585,2.639280786674241
OIL & GAS MARKETING COMPANIES,SSGC,920,1000,ascending,down,10,False,5.18518518518518,133.88519462992954,3.872859280309139
OIL & GAS MARKETING COMPANIES,SSGC,920,1000,ascending,down,20,False,0.8888888888888832,22.95174765084494,3.872859280309139
OIL & GAS MARKETING COMPANIES,SSGC,920,1000,ascending,down,30,False,-3.7037037037037033,-95.6322818785212,3.872859280309139
OIL & GAS MARKETING COMPANIES,SSGC,920,1000,ascending,down,60,False,0.0,0.0,3.872859280309139
OIL & GAS MARKETING COMPANIES,SSGC,920,1000,ascending,down,90,False,-5.037037037037035,-130.0599033547888,3.872859280309139
OIL & GAS MARKETING COMPANIES,SSGC,2080,2160,descending,up,10,False,3.993673388691189,97.1288954001438,4.11172532359024
OIL & GAS MARKETING COMPANIES,SSGC,2080,2160,descending,up,20,False,-1.0280743376828707,-25.00347802379917,4.11172532359024
OIL & GAS MARKETING COMPANIES,SSGC,2080,2160,descending,up,30,False,0.3558718861209959,8.655050085161303,4.11172532359024
OIL & GAS MARKETING COMPANIES,SSGC,2080,2160,descending,up,60,False,20.166073546856474,490.45283815914144,4.11172532359024
OIL & GAS MARKETING COMPANIES,SSGC,2080,2160,descending,up,90,False,32.74021352313168,796.2646078348413,4.11172532359024
OIL & GAS MARKETING COMPANIES,SSGC,3000,3080,descending,down,10,False,14.629948364888119,143.28134978516343,10.210643874324408
OIL & GAS MARKETING COMPANIES,SSGC,3000,3080,descending,down,20,False,13.68330464716007,134.01020362259408,10.210643874324408
OIL & GAS MARKETING COMPANIES,SSGC,3000,3080,descending,down,30,False,0.9179575444635694,8.990202339461247,10.210643874324408
OIL & GAS MARKETING COMPANIES,SSGC,3000,3080,descending,down,60,False,9.523809523809526,93.27334927191035,10.210643874324408
OIL & GAS MARKETING COMPANIES,SSGC,3000,3080,descending,down,90,False,-5.794606999426286,-56.750652267849155,10.210643874324408
OIL & GAS MARKETING COMPANIES,SSGC,3840,3920,ascending,down,10,False,0.429799426934101,5.455865686955094,7.877749409442868
OIL & GAS MARKETING COMPANIES,SSGC,3840,3920,ascending,down,20,False,7.02005730659026,89.11247288693251,7.877749409442868
OIL & GAS MARKETING COMPANIES,SSGC,3840,3920,ascending,down,30,False,4.584527220630377,58.19590066085391,7.877749409442868
OIL & GAS MARKETING COMPANIES,SSGC,3840,3920,ascending,down,60,False,8.954154727793695,113.66386847823019,7.877749409442868
OIL & GAS MARKETING COMPANIES,SSGC,3840,3920,ascending,down,90,False,3.939828080229231,50.01210213042134,7.877749409442868
OIL & GAS MARKETING COMPANIES,SSGC,4760,4840,descending,up,10,False,60.67146282973622,2752.9724791016783,2.2038528641424673
OIL & GAS MARKETING COMPANIES,SSGC,4760,4840,descending,up,20,False,92.74580335731414,4208.348246215707,2.2038528641424673
OIL & GAS MARKETING COMPANIES,SSGC,4760,4840,descending,up,30,False,155.57553956834533,7059.252552637208,2.2038528641424673
OIL & GAS MARKETING COMPANIES,SSGC,4760,4840,descending,up,60,False,118.22541966426859,5364.487874296945,2.2038528641424673
OIL & GAS MARKETING COMPANIES,SSGC,4760,4840,descending,up,90,False,123.02158273381296,5582.114157229886,2.2038528641424673
OIL & GAS MARKETING COMPANIES,SSGC,5080,5160,symmetrical,down,10,False,24.6087756980669,1135.8884063830435,2.166478287812399
OIL & GAS MARKETING COMPANIES,SSGC,5080,5160,symmetrical,down,20,False,28.843203436637012,1331.3405261846142,2.166478287812399
OIL & GAS MARKETING COMPANIES,SSGC,5080,5160,symmetrical,down,30,False,39.61337833691317,1828.468743940784,2.166478287812399
OIL & GAS MARKETING COMPANIES,SSGC,5080,5160,symmetrical,down,60,False,18.840135010739502,869.6203011461207,2.166478287812399
OIL & GAS MARKETING COMPANIES,SSGC,5080,5160,symmetrical,down,90,False,3.7434795949677886,172.79100446225874,2.166478287812399
GLASS & CERAMICS,STCL,3480,3560,symmetrical,down,10,False,4.3175487465181,86.29169608464781,5.003434794331546
GLASS & CERAMICS,STCL,3480,3560,symmetrical,down,20,False,0.9749303621169834,19.485221696533234,5.003434794331546
GLASS & CERAMICS,STCL,3480,3560,symmetrical,down,30,False,9.331476323119777,186.50140766681966,5.003434794331546
GLASS & CERAMICS,STCL,3480,3560,symmetrical,down,60,False,30.36211699164345,606.8254756920402,5.003434794331546
GLASS & CERAMICS,STCL,3480,3560,symmetrical,down,90,False,45.96100278551532,918.5890228365746,5.003434794331546
GLASS & CERAMICS,STCL,3640,3720,symmetrical,up,10,False,1.2514220705347123,38.78304888968144,3.226724319932629
GLASS & CERAMICS,STCL,3640,3720,symmetrical,up,20,False,-3.868031854379976,-119.8748783862867,3.226724319932629
GLASS & CERAMICS,STCL,3640,3720,symmetrical,up,30,False,0.341296928327658,10.577195151731585,3.226724319932629
GLASS & CERAMICS,STCL,3640,3720,symmetrical,up,60,False,12.627986348122883,391.3562206140543,3.226724319932629
GLASS & CERAMICS,STCL,3640,3720,symmetrical,up,90,False,-10.125142207053457,-313.7901228346914,3.226724319932629
MISCELLANEOUS,STPL,120,200,symmetrical,down,10,False,7.931349376880113,149.19561655342585,5.316073997415304
MISCELLANEOUS,STPL,120,200,symmetrical,down,20,False,7.586216158143537,142.70335894180525,5.316073997415304
MISCELLANEOUS,STPL,120,200,symmetrical,down,30,False,7.586216158143537,142.70335894180525,5.316073997415304
MISCELLANEOUS,STPL,120,200,symmetrical,down,60,False,12.758738003151414,240.0030174402155,5.316073997415304
MISCELLANEOUS,STPL,120,200,symmetrical,down,90,False,14.827746741154563,278.9228808395796,5.316073997415304
TECHNOLOGY & COMMUNICATION,SYS,120,200,descending,down,10,False,-3.4295499484384746,-23.394208160280275,14.659824880336478
TECHNOLOGY & COMMUNICATION,SYS,120,200,descending,down,20,False,-4.478124990144965,-30.546920080549977,14.659824880336478
TECHNOLOGY & COMMUNICATION,SYS,120,200,descending,down,30,False,4.078562711094719,27.821360380405213,14.659824880336478
TECHNOLOGY & COMMUNICATION,SYS,120,200,descending,down,60,False,10.803949580096948,73.69767148165943,14.659824880336478
TECHNOLOGY & COMMUNICATION,SYS,120,200,descending,down,90,False,3.2292957675411653,22.028201522875527,14.659824880336478
TECHNOLOGY & COMMUNICATION,SYS,2280,2360,descending,up,10,False,6.743890447754023,1176.0481573837353,0.5734365897699837
TECHNOLOGY & COMMUNICATION,SYS,2280,2360,descending,up,20,False,25.085737583039553,4374.631481591002,0.5734365897699837
TECHNOLOGY & COMMUNICATION,SYS,2280,2360,descending,up,30,False,23.10238146629252,4028.7595661726655,0.5734365897699837
TECHNOLOGY & COMMUNICATION,SYS,2280,2360,descending,up,60,False,41.525769239993274,7241.562533819136,0.5734365897699837
TECHNOLOGY & COMMUNICATION,SYS,2280,2360,descending,up,90,False,31.309206897378694,5459.924855848039,0.5734365897699837
TECHNOLOGY & COMMUNICATION,TELE,360,440,symmetrical,down,10,False,7.834101382488476,74.45813432848696,10.521484929943007
TECHNOLOGY & COMMUNICATION,TELE,360,440,symmetrical,down,20,False,17.05069124423963,162.0559394208246,10.521484929943007
TECHNOLOGY & COMMUNICATION,TELE,360,440,symmetrical,down,30,False,4.6082949308755765,43.79890254616882,10.521484929943007
TECHNOLOGY & COMMUNICATION,TELE,360,440,symmetrical,down,60,False,14.285714285714276,135.77659789312324,10.521484929943007
TECHNOLOGY & COMMUNICATION,TELE,360,440,symmetrical,down,90,False,14.74654377880184,140.1564881477402,10.521484929943007
TECHNOLOGY & COMMUNICATION,TELE,3200,3280,ascending,sequential,10,False,8.900523560209422,147.55755982829814,6.031899396117897
TECHNOLOGY & COMMUNICATION,TELE,3200,3280,ascending,sequential,20,False,8.900523560209422,147.55755982829814,6.031899396117897
TECHNOLOGY & COMMUNICATION,TELE,3200,3280,ascending,sequential,30,False,-20.94240837696336,-347.19425841952534,6.031899396117897
TECHNOLOGY & COMMUNICATION,TELE,3200,3280,ascending,sequential,60,False,-6.806282722513095,-112.8381339863458,6.031899396117897
TECHNOLOGY & COMMUNICATION,TELE,3200,3280,ascending,sequential,90,False,4.712041884816746,78.11870814439304,6.031899396117897
GLASS & CERAMICS,TGL,3360,3440,descending,up,10,False,-5.0044385264092375,-439.4564740400309,1.13877911056861
GLASS & CERAMICS,TGL,3360,3440,descending,up,20,False,-2.5965379494008025,-228.01067610946174,1.13877911056861
GLASS & CERAMICS,TGL,3360,3440,descending,up,30,False,-0.13315579227696908,-11.69285518510103,1.13877911056861
GLASS & CERAMICS,TGL,3360,3440,descending,up,60,False,17.6653351087439,1551.2521212233446,1.13877911056861
GLASS & CERAMICS,TGL,3360,3440,descending,up,90,False,-0.39946737683089145,-35.07856555530171,1.13877911056861
GLASS & CERAMICS,TGL,3560,3640,descending,sequential,10,False,-21.33055220111976,-1159.9099099197713,1.8389835295566321
GLASS & CERAMICS,TGL,3560,3640,descending,sequential,20,False,-14.546053353825886,-790.9833405268644,1.8389835295566321
GLASS & CERAMICS,TGL,3560,3640,descending,sequential,30,False,-15.259633329673939,-829.7862968545967,1.8389835295566321
GLASS & CERAMICS,TGL,3560,3640,descending,sequential,60,False,-25.20584037764847,-1370.6398112073057,1.8389835295566321
GLASS & CERAMICS,TGL,3560,3640,descending,sequential,90,False,-37.193983971895925,-2022.5294775132197,1.8389835295566321
GLASS & CERAMICS,TGL,4280,4360,ascending,sequential,10,False,-6.503188718225092,-179.07258250634717,3.63159375221195
GLASS & CERAMICS,TGL,4280,4360,ascending,sequential,20,False,-2.3803107877481415,-65.54452260246151,3.63159375221195
GLASS & CERAMICS,TGL,4280,4360,ascending,sequential,30,False,0.1616814874696781,4.452080780544363,3.63159375221195
GLASS & CERAMICS,TGL,4280,4360,ascending,sequential,60,False,-15.772927333153678,-434.3252139242343,3.63159375221195
GLASS & CERAMICS,TGL,4280,4360,ascending,sequential,90,False,-35.390281146142094,-974.5110152969726,3.63159375221195
AUTOMOBILE PARTS & ACCESSORIES,THALL,2400,2480,ascending,up,10,False,2.3046941196407427,87.78988744974015,2.625238722353054
AUTOMOBILE PARTS & ACCESSORIES,THALL,2400,2480,ascending,up,20,False,-1.3760379596678536,-52.415726918521266,2.625238722353054
AUTOMOBILE PARTS & ACCESSORIES,THALL,2400,2480,ascending,up,30,False,-9.750889679715314,-371.4286855777976,2.625238722353054
AUTOMOBILE PARTS & ACCESSORIES,THALL,2400,2480,ascending,up,60,False,-11.540416878495174,-439.59495112700705,2.625238722353054
AUTOMOBILE PARTS & ACCESSORIES,THALL,2400,2480,ascending,up,90,False,-14.255210981189629,-543.0062744317742,2.625238722353054
CEMENT,THCCL,880,960,symmetrical,up,10,False,-8.641509433962261,-256.1731772168858,3.3733076693841504
CEMENT,THCCL,880,960,symmetrical,up,20,False,-4.3773584905660385,-129.7645788522217,3.3733076693841504
CEMENT,THCCL,880,960,symmetrical,up,30,False,-5.849056603773588,-173.3923251904687,3.3733076693841504
CEMENT,THCCL,880,960,symmetrical,up,60,False,-3.7735849056603774,-111.86601625191524,3.3733076693841504
CEMENT,THCCL,880,960,symmetrical,up,90,False,5.660377358490567,167.79902437787285,3.3733076693841504
CEMENT,THCCL,920,1000,symmetrical,sequential,10,False,-2.9166666666666634,-55.21757024159801,5.282135113705891
CEMENT,THCCL,920,1000,symmetrical,sequential,20,False,-8.958333333333329,-169.59682288490822,5.282135113705891
CEMENT,THCCL,920,1000,symmetrical,sequential,30,False,-8.000000000000007,-151.4539069483834,5.282135113705891
CEMENT,THCCL,920,1000,symmetrical,sequential,60,False,-25.0,-473.2934592136977,5.282135113705891
CEMENT,THCCL,920,1000,symmetrical,sequential,90,False,-22.124999999999993,-418.86471140412243,5.282135113705891
CEMENT,THCCL,960,1040,descending,up,10,False,-7.92763157894737,-681.414945444591,1.1634073528831927
CEMENT,THCCL,960,1040,descending,up,20,False,-2.9934210526315796,-257.29775948322737,1.1634073528831927
CEMENT,THCCL,960,1040,descending,up,30,False,-3.881578947368421,-333.6388529562727,1.1634073528831927
CEMENT,THCCL,960,1040,descending,up,60,False,-9.144736842105255,-786.0305179817267,1.1634073528831927
CEMENT,THCCL,960,1040,descending,up,90,False,-9.506578947368412,-817.1324449522265,1.1634073528831927
TEXTILE COMPOSITE,TOWL,360,440,descending,sequential,10,False,5.8129578536771,97.5479682057928,5.95907629917391
TEXTILE COMPOSITE,TOWL,360,440,descending,sequential,20,False,-13.214727428408334,-221.7579833679971,5.95907629917391
TEXTILE COMPOSITE,TOWL,360,440,descending,sequential,30,False,-2.007420797260013,-33.68677789103482,5.95907629917391
TEXTILE COMPOSITE,TOWL,360,440,descending,sequential,60,False,14.375416230615546,241.23564641399824,5.95907629917391
TEXTILE COMPOSITE,TOWL,360,440,descending,sequential,90,False,23.879745029017215,400.7289692251062,5.95907629917391
TEXTILE COMPOSITE,TOWL,1840,1920,ascending,whipsaw,10,False,-22.073745494871087,-250.69468370150827,8.805031350865573
TEXTILE COMPOSITE,TOWL,1840,1920,ascending,whipsaw,20,False,-30.97310784585528,-351.7660143573537,8.805031350865573
TEXTILE COMPOSITE,TOWL,1840,1920,ascending,whipsaw,30,False,-36.84502356528971,-418.45420075270584,8.805031350865573
TEXTILE COMPOSITE,TOWL,1840,1920,ascending,whipsaw,60,False,-34.516218464097584,-392.00562824463424,8.805031350865573
TEXTILE COMPOSITE,TOWL,1840,1920,ascending,whipsaw,90,False,-29.703354588300524,-337.345245061286,8.805031350865573
PROPERTY,TPLP,400,480,ascending,down,10,False,2.097902097902103,15.874466788543609,13.215575211736438
PROPERTY,TPLP,400,480,ascending,down,20,False,9.090909090909095,68.78935608368884,13.215575211736438
PROPERTY,TPLP,400,480,ascending,down,30,False,18.041958041958043,136.52041438147472,13.215575211736438
PROPERTY,TPLP,400,480,ascending,down,60,False,30.20979020979021,228.59232175502746,13.215575211736438
PROPERTY,TPLP,400,480,ascending,down,90,False,34.82517482517483,263.5161486898233,13.215575211736438
PROPERTY,TPLP,720,800,descending,sequential,10,False,-3.3681765389082576,-44.21246038381216,7.618161282291978
PROPERTY,TPLP,720,800,descending,sequential,20,False,-3.600464576074338,-47.26159558269568,7.618161282291978
PROPERTY,TPLP,720,800,descending,sequential,30,False,-16.02787456445994,-210.39032872296764,7.618161282291978
PROPERTY,TPLP,720,800,descending,sequential,60,False,-260.39488966318237,-3418.080557948502,7.618161282291978
PROPERTY,TPLP,720,800,descending,sequential,90,False,-389.6631823461091,-5114.9242961272175,7.618161282291978
FOOD & PERSONAL CARE PRODUCTS,TREET,3720,3800,symmetrical,up,10,False,4.1860465116279215,885.0464268192832,0.47297479372600937
FOOD & PERSONAL CARE PRODUCTS,TREET,3720,3800,symmetrical,up,20,False,4.883720930232557,1032.5541646224933,0.47297479372600937
FOOD & PERSONAL CARE PRODUCTS,TREET,3720,3800,symmetrical,up,30,False,2.674418604651168,565.4463282456522,0.47297479372600937
FOOD & PERSONAL CARE PRODUCTS,TREET,3720,3800,symmetrical,up,60,False,16.569767441860474,3503.308772826319,0.47297479372600937
FOOD & PERSONAL CARE PRODUCTS,TREET,3720,3800,symmetrical,up,90,False,4.767441860465118,1007.9695416552918,0.47297479372600937
TECHNOLOGY & COMMUNICATION,TRG,960,1040,symmetrical,down,10,False,-1.2987012987012998,-22.012988472169322,5.8997046236735535
TECHNOLOGY & COMMUNICATION,TRG,960,1040,symmetrical,down,20,False,7.792207792207799,132.07793083301593,5.8997046236735535
TECHNOLOGY & COMMUNICATION,TRG,960,1040,symmetrical,down,30,False,4.545454545454549,77.04545965259263,5.8997046236735535
TECHNOLOGY & COMMUNICATION,TRG,960,1040,symmetrical,down,60,False,-16.883116883116884,-286.168850138201,5.8997046236735535
TECHNOLOGY & COMMUNICATION,TRG,960,1040,symmetrical,down,90,False,-47.4025974025974,-803.4740792341795,5.8997046236735535
TECHNOLOGY & COMMUNICATION,TRG,2320,2400,symmetrical,up,10,False,6.082725060827251,84.40955243514036,7.206204612328881
TECHNOLOGY & COMMUNICATION,TRG,2320,2400,symmetrical,up,20,False,18.085969180859696,250.9777359071507,7.206204612328881
TECHNOLOGY & COMMUNICATION,TRG,2320,2400,symmetrical,up,30,False,32.44120032441199,450.1842796540817,7.206204612328881
TECHNOLOGY & COMMUNICATION,TRG,2320,2400,symmetrical,up,60,False,15.166261151662605,210.4611507382832,7.206204612328881
TECHNOLOGY & COMMUNICATION,TRG,2320,2400,symmetrical,up,90,False,50.85158150851583,705.6638583577735,7.206204612328881
TECHNOLOGY & COMMUNICATION,TRG,3400,3480,descending,down,10,False,8.99638336347198,126.00969662070789,7.139437364531796
TECHNOLOGY & COMMUNICATION,TRG,3400,3480,descending,down,20,False,10.307414104882465,144.37291874131347,7.139437364531796
TECHNOLOGY & COMMUNICATION,TRG,3400,3480,descending,down,30,False,29.52079566003617,413.48910499156875,7.139437364531796
TECHNOLOGY & COMMUNICATION,TRG,3400,3480,descending,down,60,False,24.54792043399638,343.83550384444374,7.139437364531796
TECHNOLOGY & COMMUNICATION,TRG,3400,3480,descending,down,90,False,34.629294755877034,485.04234980634243,7.139437364531796
MISCELLANEOUS,TRIPF,3640,3720,descending,sequential,10,False,-6.1818181818181905,-71.61499730153923,8.632016218319851
MISCELLANEOUS,TRIPF,3640,3720,descending,sequential,20,False,-13.880877742946701,-160.8069006344904,8.632016218319851
MISCELLANEOUS,TRIPF,3640,3720,descending,sequential,30,False,-6.7021943573667695,-77.64344027925489,8.632016218319851
MISCELLANEOUS,TRIPF,3640,3720,descending,sequential,60,False,-5.065830721003143,-58.686529228847576,8.632016218319851
MISCELLANEOUS,TRIPF,3640,3720,descending,sequential,90,False,-8.426332288401253,-97.61719713313244,8.632016218319851
POWER GENERATION & DISTRIBUTION,TSPL,3400,3480,symmetrical,down,10,False,-3.092783505154634,-22.333547732003368,13.848151410009791
POWER GENERATION & DISTRIBUTION,TSPL,3400,3480,symmetrical,down,20,False,26.116838487972515,188.59440307025102,13.848151410009791
POWER GENERATION & DISTRIBUTION,TSPL,3400,3480,symmetrical,down,30,False,7.216494845360823,52.111611374674595,13.848151410009791
POWER GENERATION & DISTRIBUTION,TSPL,3400,3480,symmetrical,down,60,False,8.934707903780076,64.51913789245434,13.848151410009791
POWER GENERATION & DISTRIBUTION,TSPL,3400,3480,symmetrical,down,90,False,-23.024054982817866,-166.26085533824752,13.848151410009791
MISCELLANEOUS,UBDL,1000,1080,symmetrical,sequential,10,False,-21.64804469273742,-253.37024918115478,8.54403575901269
MISCELLANEOUS,UBDL,1000,1080,symmetrical,sequential,20,False,-18.994413407821224,-222.31196057185196,8.54403575901269
MISCELLANEOUS,UBDL,1000,1080,symmetrical,sequential,30,False,-27.374301675977648,-320.3907667064925,8.54403575901269
MISCELLANEOUS,UBDL,1000,1080,symmetrical,sequential,60,False,6.089385474860335,71.2705991245055,8.54403575901269
MISCELLANEOUS,UBDL,1000,1080,symmetrical,sequential,90,False,-16.648044692737425,-194.84989485415255,8.54403575901269
COMMERCIAL BANKS,UBL,1600,1680,ascending,up,10,False,11.659465530178572,354.69419227033177,3.2871881706177635
COMMERCIAL BANKS,UBL,1600,1680,ascending,up,20,False,7.115638318219942,216.46580447759075,3.2871881706177635
COMMERCIAL BANKS,UBL,1600,1680,ascending,up,30,False,-2.743461351721162,-83.45921223017729,3.2871881706177635
COMMERCIAL BANKS,UBL,1600,1680,ascending,up,60,False,-8.070994541522202,-245.52882654129937,3.2871881706177635
COMMERCIAL BANKS,UBL,1600,1680,ascending,up,90,False,-5.6583277342657965,-172.13276029775997,3.2871881706177635
COMMERCIAL BANKS,UBL,2000,2080,ascending,down,10,False,-6.0535425975293915,-956.6826534248713,0.6327639134939931
COMMERCIAL BANKS,UBL,2000,2080,ascending,down,20,False,-22.444035594938626,-3546.98413046459,0.6327639134939931
COMMERCIAL BANKS,UBL,2000,2080,ascending,down,30,False,-25.51195884804567,-4031.828981392735,0.6327639134939931
COMMERCIAL BANKS,UBL,2000,2080,ascending,down,60,False,-30.192768370067206,-4771.569257695008,0.6327639134939931
COMMERCIAL BANKS,UBL,2000,2080,ascending,down,90,False,-26.839785228851444,-4241.674447053661,0.6327639134939931
COMMERCIAL BANKS,UBL,2360,2440,ascending,sequential,10,False,-4.256459879330007,-103.23133389147716,4.123224721482963
COMMERCIAL BANKS,UBL,2360,2440,ascending,sequential,20,False,-11.664838169949865,-282.90570992100766,4.123224721482963
COMMERCIAL BANKS,UBL,2360,2440,ascending,sequential,30,False,-16.039853677112298,-389.0123570888805,4.123224721482963
COMMERCIAL BANKS,UBL,2360,2440,ascending,sequential,60,False,-11.627189476488986,-281.99262135552823,4.123224721482963
COMMERCIAL BANKS,UBL,2360,2440,ascending,sequential,90,False,-14.401973697695011,-349.2890800410991,4.123224721482963
COMMERCIAL BANKS,UBL,3360,3440,ascending,down,10,False,0.1283970781725037,3.6491990329547948,3.518500279458291
COMMERCIAL BANKS,UBL,3360,3440,ascending,down,20,False,-7.024787139119513,-199.65287995375832,3.518500279458291
COMMERCIAL BANKS,UBL,3360,3440,ascending,down,30,False,-5.023063079412605,-142.76148018910934,3.518500279458291
COMMERCIAL BANKS,UBL,3360,3440,ascending,down,60,False,-11.587042330202797,-329.3176470057504,3.518500279458291
COMMERCIAL BANKS,UBL,3360,3440,ascending,down,90,False,-26.754381985088386,-760.3916401907319,3.518500279458291
COMMERCIAL BANKS,UBL,4520,4600,descending,up,10,False,-5.49914722282796,-516.668253452282,1.0643478065632392
COMMERCIAL BANKS,UBL,4520,4600,descending,up,20,False,4.079312170960403,383.2687159033504,1.0643478065632392
COMMERCIAL BANKS,UBL,4520,4600,descending,up,30,False,5.460207625930648,513.0097128270095,1.0643478065632392
COMMERCIAL BANKS,UBL,4520,4600,descending,up,60,False,25.132491978443028,2361.304436713729,1.0643478065632392
COMMERCIAL BANKS,UBL,4520,4600,descending,up,90,False,24.009279305940623,2255.773832377799,1.0643478065632392
MISCELLANEOUS,UDPL,2880,2960,symmetrical,up,10,False,2.3845892735913123,89.04735931580849,2.6778888132261303
MISCELLANEOUS,UDPL,2880,2960,symmetrical,up,20,True,,,2.6778888132261303
MISCELLANEOUS,UDPL,2880,2960,symmetrical,up,30,True,,,2.6778888132261303
MISCELLANEOUS,UDPL,2880,2960,symmetrical,up,60,True,,,2.6778888132261303
MISCELLANEOUS,UDPL,2880,2960,symmetrical,up,90,True,,,2.6778888132261303
INSURANCE,UNIC,2480,2560,symmetrical,sequential,10,False,-5.380577427821512,-234.08445634418177,2.298562455556758
INSURANCE,UNIC,2480,2560,symmetrical,sequential,20,False,-14.698162729658796,-639.4502222084978,2.298562455556758
INSURANCE,UNIC,2480,2560,symmetrical,sequential,30,False,-20.603674540682405,-896.3721864886974,2.298562455556758
INSURANCE,UNIC,2480,2560,symmetrical,sequential,60,False,-25.196850393700775,-1096.2003809288526,2.298562455556758
INSURANCE,UNIC,2480,2560,symmetrical,sequential,90,False,-18.11023622047244,-787.8940237926132,2.298562455556758
INSURANCE,UNIC,2520,2600,symmetrical,up,10,False,6.3403781979977785,547.277293939296,1.1585311994875223
INSURANCE,UNIC,2520,2600,symmetrical,up,20,False,7.897664071190201,681.696278415613,1.1585311994875223
INSURANCE,UNIC,2520,2600,symmetrical,up,30,False,5.672969966629586,489.6691577351591,1.1585311994875223
INSURANCE,UNIC,2520,2600,symmetrical,up,60,False,-2.6696329254727496,-230.43254481654577,1.1585311994875223
INSURANCE,UNIC,2520,2600,symmetrical,up,90,False,-7.675194660734143,-662.4935663475679,1.1585311994875223
INSURANCE,UNIC,2680,2760,ascending,sequential,10,False,0.7109004739336553,26.034924674987764,2.7305647425845274
INSURANCE,UNIC,2680,2760,ascending,sequential,20,False,-11.729857819905206,-429.5762571372942,2.7305647425845274
INSURANCE,UNIC,2680,2760,ascending,sequential,30,False,-12.085308056872034,-442.59371947478814,2.7305647425845274
INSURANCE,UNIC,2680,2760,ascending,sequential,60,False,-8.056872037914689,-295.06247964985874,2.7305647425845274
INSURANCE,UNIC,2680,2760,ascending,sequential,90,False,-4.620853080568707,-169.22701038741852,2.7305647425845274
INSURANCE,UNIC,3120,3200,ascending,down,10,False,-4.619565217391302,-44.78343630261431,10.315343347427824
INSURANCE,UNIC,3120,3200,ascending,down,20,False,-5.842391304347823,-56.63787532389456,10.315343347427824
INSURANCE,UNIC,3120,3200,ascending,down,30,False,-1.9021739130434738,-18.440238477547037,10.315343347427824
INSURANCE,UNIC,3120,3200,ascending,down,60,False,-7.336956521739131,-71.12663412768158,10.315343347427824
INSURANCE,UNIC,3120,3200,ascending,down,90,False,-11.413043478260855,-110.64143086528233,10.315343347427824
INSURANCE,UNIC,3640,3720,ascending,sequential,10,False,-3.6969696969696937,-243.70016510663265,1.51701567184087
INSURANCE,UNIC,3640,3720,ascending,sequential,20,False,-2.9696969696969604,-195.75914902008154,1.51701567184087
INSURANCE,UNIC,3640,3720,ascending,sequential,30,False,-1.5151515151515151,-99.8771168469807,1.51701567184087
INSURANCE,UNIC,3640,3720,ascending,sequential,60,False,4.606060606060615,303.626435214822,1.51701567184087
INSURANCE,UNIC,3640,3720,ascending,sequential,90,False,2.545454545454556,167.79355630292824,1.51701567184087
FOOD & PERSONAL CARE PRODUCTS,UPFL,400,480,symmetrical,up,10,False,0.9052881665099636,23.608717735103195,3.8345503413932307
FOOD & PERSONAL CARE PRODUCTS,UPFL,400,480,symmetrical,up,20,False,1.971591516864369,51.41649845045504,3.8345503413932307
FOOD & PERSONAL CARE PRODUCTS,UPFL,400,480,symmetrical,up,30,False,32.370807834570975,844.1878434906528,3.8345503413932307
FOOD & PERSONAL CARE PRODUCTS,UPFL,400,480,symmetrical,up,60,False,55.526029849737924,1448.0454005348465,3.8345503413932307
FOOD & PERSONAL CARE PRODUCTS,UPFL,400,480,symmetrical,up,90,False,62.704154304341216,1635.2413900389304,3.8345503413932307
INSURANCE,UVIC,1280,1360,symmetrical,whipsaw,10,False,-27.83521552409735,-8706.467661692857,0.31970733259101275
INSURANCE,UVIC,1280,1360,symmetrical,whipsaw,20,False,-14.431896506017718,-4514.096185738661,0.31970733259101275
INSURANCE,UVIC,1280,1360,symmetrical,whipsaw,30,False,-8.864853401198241,-2772.802653400086,0.31970733259101275
INSURANCE,UVIC,1280,1360,symmetrical,whipsaw,60,False,-14.845448279518584,-4643.449419569522,0.31970733259101275
INSURANCE,UVIC,1280,1360,symmetrical,whipsaw,90,False,3.093685382535385,967.6616915424328,0.31970733259101275
CHEMICAL,WAHN,1080,1160,descending,down,10,False,-2.416570771001161,-36.576981231685664,6.606807586700867
CHEMICAL,WAHN,1080,1160,descending,down,20,False,-5.753739930955121,-87.08805055163216,6.606807586700867
CHEMICAL,WAHN,1080,1160,descending,down,30,False,-5.724971231300351,-86.6526102988741,6.606807586700867
CHEMICAL,WAHN,1080,1160,descending,down,60,False,-2.1288837744534006,-32.22257870410399,6.606807586700867
CHEMICAL,WAHN,1080,1160,descending,down,90,False,-7.968929804372851,-120.6169500140107,6.606807586700867
CABLE & ELECTRICAL GOODS,WAVES,920,1000,symmetrical,up,10,False,-1.40845070422534,-39.47235457899283,3.5681953084575215
CABLE & ELECTRICAL GOODS,WAVES,920,1000,symmetrical,up,20,False,-6.187122736418513,-173.39641475772007,3.5681953084575215
CABLE & ELECTRICAL GOODS,WAVES,920,1000,symmetrical,up,30,False,14.839034205231385,415.869450028678,3.5681953084575215
CABLE & ELECTRICAL GOODS,WAVES,920,1000,symmetrical,up,60,False,-0.6539235412474799,-18.326450340246687,3.5681953084575215
CABLE & ELECTRICAL GOODS,WAVES,920,1000,symmetrical,up,90,False,-24.094567404426556,-675.259208690633,3.5681953084575215
CABLE & ELECTRICAL GOODS,WAVES,3840,3920,symmetrical,up,10,False,13.87054161162482,191.7783697787675,7.232589174485973
CABLE & ELECTRICAL GOODS,WAVES,3840,3920,symmetrical,up,20,False,14.531043593130773,200.9106731015661,7.232589174485973
CABLE & ELECTRICAL GOODS,WAVES,3840,3920,symmetrical,up,30,False,14.398943196829588,199.08421243700647,7.232589174485973
CABLE & ELECTRICAL GOODS,WAVES,3840,3920,symmetrical,up,60,False,-6.737120211360642,-93.14949389254444,7.232589174485973
CABLE & ELECTRICAL GOODS,WAVES,3840,3920,symmetrical,up,90,False,-0.660501981505954,-9.132303322798592,7.232589174485973
TECHNOLOGY & COMMUNICATION,WTL,2440,2520,symmetrical,up,10,False,-3.821656050955417,-93.84346238775501,4.0723732412648905
TECHNOLOGY & COMMUNICATION,WTL,2440,2520,symmetrical,up,20,False,8.280254777070056,203.32750184013554,4.0723732412648905
TECHNOLOGY & COMMUNICATION,WTL,2440,2520,symmetrical,up,30,False,3.184713375796181,78.20288532312918,4.0723732412648905
TECHNOLOGY & COMMUNICATION,WTL,2440,2520,symmetrical,up,60,False,8.280254777070056,203.32750184013554,4.0723732412648905
TECHNOLOGY & COMMUNICATION,WTL,2440,2520,symmetrical,up,90,False,16.560509554140125,406.6550036802714,4.0723732412648905
TEXTILE COMPOSITE,ZAHID,560,640,symmetrical,sequential,10,False,-18.142857142857135,-157.63202453158723,11.509626420627216
TEXTILE COMPOSITE,ZAHID,560,640,symmetrical,sequential,20,False,-10.714285714285714,-93.0897782666854,11.509626420627216
TEXTILE COMPOSITE,ZAHID,560,640,symmetrical,sequential,30,False,-29.999999999999993,-260.6513791467191,11.509626420627216
TEXTILE COMPOSITE,ZAHID,560,640,symmetrical,sequential,60,False,-19.57142857142856,-170.04399496714524,11.509626420627216
TEXTILE COMPOSITE,ZAHID,560,640,symmetrical,sequential,90,False,-4.999999999999995,-43.44189652445314,11.509626420627216
FOOD & PERSONAL CARE PRODUCTS,ZIL,2360,2440,ascending,down,10,False,2.2517429809685328,104.70785331927215,2.150500568570137
FOOD & PERSONAL CARE PRODUCTS,ZIL,2360,2440,ascending,down,20,False,9.35556811758056,435.0414156737962,2.150500568570137
FOOD & PERSONAL CARE PRODUCTS,ZIL,2360,2440,ascending,down,30,False,9.77011494252874,454.31817528069143,2.150500568570137
FOOD & PERSONAL CARE PRODUCTS,ZIL,2360,2440,ascending,down,60,False,16.10137554173733,748.7268674587285,2.150500568570137
FOOD & PERSONAL CARE PRODUCTS,ZIL,2360,2440,ascending,down,90,False,7.480685886564912,347.85788926988306,2.150500568570137
FOOD & PERSONAL CARE PRODUCTS,ZIL,2920,3000,symmetrical,sequential,10,False,-1.4669811320754782,-7.635068643391464,19.213725515686413
FOOD & PERSONAL CARE PRODUCTS,ZIL,2920,3000,symmetrical,sequential,20,False,-1.5660377358490536,-8.150619902269934,19.213725515686413
FOOD & PERSONAL CARE PRODUCTS,ZIL,2920,3000,symmetrical,sequential,30,False,-55.56603773584906,-289.1997061709037,19.213725515686413
FOOD & PERSONAL CARE PRODUCTS,ZIL,2920,3000,symmetrical,sequential,60,False,-46.34905660377358,-241.2288890352546,19.213725515686413
FOOD & PERSONAL CARE PRODUCTS,ZIL,2920,3000,symmetrical,sequential,90,False,-57.22169811320755,-297.81677721215897,19.213725515686413
