symbol,date,regime,confirmed,taken,net,gross,win
AABS,2024-01-01,TRENDING_UP,False,False,,,False
AABS,2024-02-06,RANGING,False,True,-0.845,0.0,False
AABS,2024-08-21,RANGING,False,False,,,False
AABS,2024-12-12,TRENDING_UP,False,False,,,False
AABS,2025-05-05,VOLATILE,False,True,-6.472819846442042,-5.627819846442042,False
AABS,2025-08-04,TRENDING_UP,False,True,9.366256896301593,11.864125760354815,True
AATM,2024-05-31,TRENDING_UP,False,False,,,False
AATM,2024-08-13,RANGING,False,False,,,False
AATM,2024-11-22,TRENDING_UP,False,True,4.593420051554444,6.249023590064052,True
AATM,2025-01-01,TRENDING_UP,False,False,,,False
AATM,2025-06-02,TRENDING_UP,False,False,,,False
AATM,2026-04-10,VOLATILE,False,True,12.402262820512828,15.435897435897445,True
AATM,2026-06-30,TRENDING_UP,False,False,,,False
ABL,2020-07-28,RANGING,False,True,0.5136340579710175,1.4492753623188441,True
ABL,2021-01-08,TRENDING_UP,False,False,,,False
ABL,2021-10-12,VOLATILE,False,False,,,False
ABL,2021-12-30,RANGING,False,True,-0.8328048780487742,0.012195121951225752,False
ABL,2023-05-02,RANGING,False,True,-2.842041420118335,-1.997041420118335,False
ABL,2023-07-10,TRENDING_UP,False,True,0.45867307692307085,1.3846153846153775,True
ABL,2023-10-16,TRENDING_UP,False,True,-0.886811846689897,-0.041811846689897056,False
ABL,2024-04-17,TRENDING_UP,False,True,6.9299537593148735,8.997886775664558,True
ABL,2024-06-20,TRENDING_UP,False,False,,,False
ABL,2024-10-09,TRENDING_UP,False,True,-0.8627746178457127,-0.01777461784571278,False
ABL,2024-11-28,TRENDING_UP,False,False,,,False
ABL,2025-06-04,TRENDING_UP,False,True,0.2148652308251489,1.0977826245001752,True
ABL,2025-10-02,TRENDING_UP,False,False,,,False
ABL,2026-01-02,TRENDING_UP,False,True,3.9725804315711764,5.51862403714256,True
ABL,2026-04-08,VOLATILE,False,False,,,False
ABOT,2020-04-14,TRENDING_DOWN,False,False,,,False
ABOT,2020-05-19,RANGING,False,False,,,False
ABOT,2020-08-11,TRENDING_UP,False,True,-1.46902496099844,-0.62402496099844,False
ABOT,2021-04-26,TRENDING_UP,False,True,-0.845,0.0,False
ABOT,2021-06-14,TRENDING_UP,False,False,,,False
ABOT,2023-02-09,VOLATILE,False,True,-2.46537037037037,-1.6203703703703702,False
ABOT,2023-07-11,TRENDING_UP,False,True,-0.845,0.0,False
ABOT,2023-10-13,TRENDING_UP,False,False,,,False
ABOT,2024-02-21,VOLATILE,False,False,,,False
ABOT,2024-04-04,TRENDING_UP,False,False,,,False
ABOT,2024-06-13,TRENDING_UP,False,False,,,False
ABOT,2024-08-23,TRENDING_UP,False,True,-8.844999999999994,-7.999999999999993,False
ABOT,2024-10-25,TRENDING_UP,False,False,,,False
ABOT,2025-07-07,TRENDING_UP,False,True,-2.663181818181818,-1.8181818181818181,False
ABOT,2025-08-07,TRENDING_UP,False,False,,,False
ABOT,2025-09-23,TRENDING_UP,False,False,,,False
ABOT,2026-01-01,TRENDING_UP,False,False,,,False
ABOT,2026-06-15,TRENDING_UP,False,False,,,False
ACIETF,2024-04-26,TRENDING_UP,False,True,-0.845,0.0,False
ACIETF,2024-07-09,TRENDING_UP,False,True,-1.7709259259259391,-0.925925925925939,False
ACIETF,2024-10-25,TRENDING_UP,False,True,2.5277535523978667,3.818827708703372,True
ACIETF,2025-03-07,TRENDING_UP,False,False,,,False
ACIETF,2025-05-22,TRENDING_UP,False,True,-2.1817281985996235,-1.3367281985996233,False
ACIETF,2025-07-08,TRENDING_UP,False,True,-1.2814089775561004,-0.4364089775561004,False
ACIETF,2026-04-09,VOLATILE,False,False,,,False
ACIETF,2026-06-16,TRENDING_UP,False,True,-1.5079834254143702,-0.6629834254143702,False
ACPL,2020-03-05,VOLATILE,False,True,-1.6783333333333386,-0.8333333333333385,False
ACPL,2020-04-14,TRENDING_DOWN,False,False,,,False
ACPL,2020-07-13,RANGING,False,False,,,False
ACPL,2020-12-15,TRENDING_UP,False,False,,,False
ACPL,2021-01-27,TRENDING_UP,False,True,-0.845,0.0,False
ACPL,2021-05-28,TRENDING_UP,False,False,,,False
ACPL,2021-11-01,RANGING,False,False,,,False
ACPL,2022-08-05,RANGING,False,False,,,False
ACPL,2023-03-10,RANGING,False,False,,,False
ACPL,2023-04-27,RANGING,False,False,,,False
ACPL,2023-07-03,RANGING,False,False,,,False
ACPL,2023-10-05,TRENDING_UP,False,False,,,False
ACPL,2023-12-04,TRENDING_UP,False,False,,,False
ACPL,2024-03-20,TRENDING_UP,False,True,-0.845,0.0,False
ACPL,2024-10-16,TRENDING_UP,False,False,,,False
ACPL,2025-04-15,TRENDING_UP,False,False,,,False
ACPL,2025-07-17,TRENDING_UP,False,True,-7.0846830637173905,-6.239683063717391,False
ADAMS,2024-01-01,TRENDING_UP,False,False,,,False
ADAMS,2024-04-29,TRENDING_UP,False,True,-0.845,0.0,False
ADAMS,2024-07-02,TRENDING_UP,False,True,-4.380461752731944,-3.535461752731944,False
ADAMS,2024-11-19,TRENDING_UP,False,True,0.8791782888229523,1.8793273986152381,True
ADAMS,2025-05-15,TRENDING_UP,False,False,,,False
ADAMS,2025-07-24,TRENDING_UP,False,False,,,False
ADAMS,2025-12-30,TRENDING_UP,False,False,,,False
ADMM,2020-06-19,RANGING,False,True,3.5746792929292925,5.05050505050505,True
ADMM,2020-10-12,VOLATILE,False,False,,,False
ADMM,2020-12-02,TRENDING_UP,False,False,,,False
ADMM,2021-08-03,RANGING,False,True,13.34761538461538,16.54807692307692,True
ADMM,2021-11-08,TRENDING_UP,False,True,-2.6882076600837728,-1.8432076600837726,False
ADMM,2022-01-11,RANGING,False,True,0.5286937652811765,1.4669926650366782,True
ADMM,2022-07-04,TRENDING_DOWN,False,False,,,False
ADMM,2022-11-23,RANGING,False,False,,,False
ADMM,2023-04-20,RANGING,False,True,0.09279106321349798,0.9541659567217623,True
ADMM,2023-11-14,TRENDING_UP,False,True,-2.7334892086331015,-1.8884892086331013,False
ADMM,2024-03-07,TRENDING_UP,False,False,,,False
ADMM,2024-09-11,TRENDING_UP,False,False,,,False
ADMM,2024-12-02,TRENDING_UP,False,False,,,False
ADMM,2025-06-02,TRENDING_UP,False,False,,,False
ADMM,2026-01-07,TRENDING_UP,False,False,,,False
ADMM,2026-04-09,VOLATILE,False,False,,,False
ADOS,2020-05-07,VOLATILE,False,False,,,False
ADOS,2020-07-10,RANGING,False,False,,,False
ADOS,2021-06-07,TRENDING_UP,False,False,,,False
ADOS,2021-08-26,RANGING,False,False,,,False
ADOS,2021-11-08,TRENDING_UP,False,False,,,False
ADOS,2021-12-10,TRENDING_DOWN,False,False,,,False
ADOS,2022-04-13,RANGING,False,False,,,False
ADOS,2022-08-15,RANGING,False,False,,,False
AEL,2020-01-10,TRENDING_UP,False,False,,,False
AEL,2020-07-03,RANGING,False,False,,,False
AEL,2020-09-03,TRENDING_UP,False,True,-0.9772751322751294,-0.13227513227512946,False
AEL,2021-01-05,TRENDING_UP,False,True,-0.845,0.0,False
AEL,2021-09-14,RANGING,False,False,,,False
AEL,2023-01-06,RANGING,False,False,,,False
AEL,2023-06-13,RANGING,False,False,,,False
AEL,2023-11-08,TRENDING_UP,False,False,,,False
AGHA,2020-12-14,TRENDING_UP,False,False,,,False
AGHA,2021-02-23,RANGING,False,False,,,False
AGHA,2021-06-01,TRENDING_UP,False,False,,,False
AGHA,2021-11-01,RANGING,False,False,,,False
AGHA,2022-01-04,RANGING,False,True,-4.481363636363636,-3.6363636363636362,False
AGHA,2022-10-06,RANGING,False,True,-1.5278057107386682,-0.6828057107386681,False
AGHA,2022-12-30,TRENDING_DOWN,False,False,,,False
AGHA,2023-07-10,TRENDING_UP,False,False,,,False
AGHA,2023-10-10,TRENDING_UP,False,False,,,False
AGHA,2024-03-11,TRENDING_UP,False,False,,,False
AGHA,2024-08-23,TRENDING_UP,False,False,,,False
AGHA,2025-07-28,TRENDING_UP,False,False,,,False
AGHA,2025-09-11,TRENDING_UP,False,False,,,False
AGHA,2026-01-08,TRENDING_UP,False,True,-5.082288135593224,-4.237288135593224,False
AGHA,2026-04-08,VOLATILE,False,True,-3.4164285714285674,-2.571428571428567,False
AGIC,2020-05-08,VOLATILE,False,True,-1.7954752376187981,-0.9504752376187982,False
AGIC,2020-09-16,TRENDING_UP,False,True,-0.845,0.0,False
AGIC,2020-11-27,TRENDING_UP,False,True,-3.81529702970297,-2.9702970297029703,False
AGIC,2021-07-26,RANGING,False,True,2.381150599400601,3.6463536463536483,True
AGIC,2021-09-24,RANGING,False,True,-2.864704433497537,-2.0197044334975374,False
AGIC,2022-02-02,RANGING,False,True,-1.3425124378109523,-0.4975124378109523,False
AGIC,2022-04-18,RANGING,False,False,,,False
AGIC,2022-08-04,RANGING,False,True,-0.845,0.0,False
AGIC,2022-10-03,TRENDING_DOWN,False,True,-0.845,0.0,False
AGIC,2023-01-09,TRENDING_DOWN,False,True,0.1945737523689194,1.073910296904611,True
AGIC,2023-07-18,TRENDING_UP,False,True,-0.845,0.0,False
AGIC,2023-10-11,TRENDING_UP,False,False,,,False
AGIC,2023-12-15,TRENDING_UP,False,True,-0.8974658971668311,-0.052465897166831116,False
AGIC,2024-02-29,TRENDING_UP,False,True,-0.845,0.0,False
AGIC,2024-06-20,TRENDING_UP,False,True,-2.055526315789476,-1.210526315789476,False
AGIC,2024-08-28,RANGING,False,True,11.031880412102234,13.823682837767336,True
AGIC,2024-12-09,TRENDING_UP,False,False,,,False
AGIC,2025-04-04,TRENDING_UP,False,True,-0.6977245949926446,0.14727540500735536,False
AGIC,2025-07-08,TRENDING_UP,False,False,,,False
AGIC,2025-08-28,TRENDING_UP,False,False,,,False
AGIC,2025-10-15,TRENDING_UP,False,False,,,False
AGIC,2026-04-08,VOLATILE,False,True,-3.2196701846965663,-2.374670184696566,False
AGIC,2026-06-04,TRENDING_UP,False,False,,,False
AGIL,2020-04-30,VOLATILE,False,False,,,False
AGIL,2020-07-16,RANGING,False,False,,,False
AGIL,2020-08-27,TRENDING_UP,False,False,,,False
AGIL,2020-12-14,TRENDING_UP,False,True,-0.845,0.0,False
AGIL,2021-04-19,RANGING,False,False,,,False
AGIL,2021-06-04,TRENDING_UP,False,False,,,False
AGIL,2021-07-06,RANGING,False,True,-0.845,0.0,False
AGIL,2021-11-01,RANGING,False,True,-2.105683760683756,-1.2606837606837558,False
AGIL,2022-07-15,RANGING,False,True,-0.845,0.0,False
AGIL,2022-11-24,RANGING,False,False,,,False
AGIL,2023-06-12,RANGING,False,False,,,False
AGIL,2023-09-26,RANGING,False,False,,,False
AGIL,2024-06-26,TRENDING_UP,False,False,,,False
AGIL,2024-11-06,TRENDING_UP,False,False,,,False
AGIL,2024-12-13,TRENDING_UP,False,False,,,False
AGIL,2025-02-14,RANGING,False,False,,,False
AGIL,2025-06-03,TRENDING_UP,False,False,,,False
AGIL,2025-12-12,TRENDING_UP,False,False,,,False
AGIL,2026-04-08,VOLATILE,False,False,,,False
AGL,2020-04-17,VOLATILE,False,False,,,False
AGL,2020-07-06,RANGING,False,True,-4.988126177024477,-4.143126177024477,False
AGL,2020-09-10,TRENDING_UP,False,False,,,False
AGL,2020-11-05,TRENDING_UP,False,False,,,False
AGL,2021-05-21,TRENDING_UP,False,False,,,False
AGL,2021-11-04,RANGING,False,True,-4.803333333333323,-3.9583333333333233,False
AGL,2022-01-10,RANGING,False,False,,,False
AGL,2022-02-23,RANGING,False,True,25.391615470852024,30.717488789237674,True
AGL,2022-06-30,TRENDING_DOWN,False,False,,,False
AGL,2023-03-10,RANGING,False,False,,,False
AGL,2023-07-25,TRENDING_UP,False,False,,,False
AGL,2023-09-13,RANGING,False,False,,,False
AGL,2023-11-16,TRENDING_UP,False,False,,,False
AGL,2024-01-11,VOLATILE,False,True,-1.7568541033434566,-0.9118541033434565,False
AGL,2024-03-04,TRENDING_UP,False,False,,,False
AGL,2024-07-02,TRENDING_UP,False,False,,,False
AGL,2024-08-22,RANGING,False,False,,,False
AGL,2024-11-06,TRENDING_UP,False,False,,,False
AGL,2025-01-20,TRENDING_UP,False,False,,,False
AGL,2025-03-18,TRENDING_UP,False,False,,,False
AGL,2025-07-21,TRENDING_UP,False,False,,,False
AGL,2026-01-09,TRENDING_UP,False,False,,,False
AGL,2026-06-18,TRENDING_UP,False,False,,,False
AGLNCPS,2024-05-02,TRENDING_UP,False,False,,,False
AGLNCPS,2025-09-11,TRENDING_UP,False,False,,,False
AGP,2020-01-10,TRENDING_UP,False,True,-1.782998311603039,-0.9379983116030391,False
AGP,2020-04-17,VOLATILE,False,False,,,False
AGP,2020-06-08,RANGING,False,False,,,False
AGP,2020-08-04,TRENDING_UP,False,False,,,False
AGP,2020-12-08,TRENDING_UP,False,True,-1.6997008547008547,-0.8547008547008548,False
AGP,2021-01-25,TRENDING_UP,False,False,,,False
AGP,2021-06-30,RANGING,False,False,,,False
AGP,2021-09-13,RANGING,False,False,,,False
AGP,2022-03-29,RANGING,False,True,-0.9495296167247261,-0.10452961672472615,False
AGP,2023-06-26,RANGING,False,True,0.8586319122368878,1.8551551908669268,True
AGP,2023-10-04,TRENDING_UP,False,True,-0.5619811320754744,0.28301886792452563,False
AGP,2023-11-15,TRENDING_UP,False,False,,,False
AGP,2024-02-20,VOLATILE,False,False,,,False
AGP,2024-04-04,TRENDING_UP,False,False,,,False
AGP,2024-07-04,TRENDING_UP,False,False,,,False
AGP,2024-08-23,TRENDING_UP,False,False,,,False
AGP,2024-10-09,TRENDING_UP,False,False,,,False
AGP,2025-01-15,VOLATILE,False,True,-1.6790102897373365,-0.8340102897373365,False
AGP,2025-02-28,TRENDING_UP,False,False,,,False
AGP,2025-04-22,TRENDING_UP,False,False,,,False
AGP,2025-06-10,TRENDING_UP,False,False,,,False
AGP,2025-08-06,TRENDING_UP,False,False,,,False
AGP,2025-12-30,TRENDING_UP,False,False,,,False
AGP,2026-02-09,VOLATILE,False,False,,,False
AGP,2026-07-02,TRENDING_UP,False,False,,,False
AGSML,2024-01-01,TRENDING_UP,False,False,,,False
AGSML,2024-04-26,TRENDING_UP,False,False,,,False
AGSML,2024-09-04,TRENDING_UP,False,False,,,False
AGSML,2025-05-19,TRENDING_UP,False,True,-1.6540614886731362,-0.8090614886731363,False
AGSML,2025-12-16,TRENDING_UP,False,False,,,False
AGSML,2026-05-08,TRENDING_UP,False,False,,,False
AGTL,2020-04-17,VOLATILE,False,False,,,False
AGTL,2020-07-22,RANGING,False,False,,,False
AGTL,2020-12-02,TRENDING_UP,False,False,,,False
AGTL,2021-04-16,RANGING,False,False,,,False
AGTL,2021-05-26,TRENDING_UP,False,True,-1.0994987146529587,-0.25449871465295865,False
AGTL,2022-02-22,RANGING,False,False,,,False
AGTL,2022-04-11,RANGING,False,False,,,False
AGTL,2023-03-30,TRENDING_DOWN,False,True,-0.845,0.0,False
AGTL,2023-06-06,RANGING,False,True,4.120523885350323,5.692675159235674,True
AGTL,2023-07-31,TRENDING_UP,False,True,9.72087888254194,12.281328097108167,True
AGTL,2023-10-12,TRENDING_UP,False,False,,,False
AGTL,2024-04-26,TRENDING_UP,False,False,,,False
AGTL,2024-08-29,TRENDING_UP,False,True,-4.4561111111111105,-3.6111111111111107,False
AGTL,2024-10-01,TRENDING_UP,False,True,6.527428406242735,8.524327536756159,True
AGTL,2024-12-05,TRENDING_UP,False,False,,,False
AGTL,2025-10-20,TRENDING_UP,False,False,,,False
AGTL,2026-01-09,TRENDING_UP,False,True,-2.0105011655011653,-1.1655011655011656,False
AGTL,2026-04-08,VOLATILE,False,True,0.5847635551806484,1.5329571237419393,True
AGTL,2026-06-17,TRENDING_UP,False,True,-0.845,0.0,False
AHCL,2020-01-14,TRENDING_UP,False,True,-1.0211597181444576,-0.17615971814445763,False
AHCL,2020-04-02,TRENDING_DOWN,False,False,,,False
AHCL,2020-06-01,RANGING,False,True,10.257024725274727,12.912087912087916,True
AHCL,2020-07-14,RANGING,False,False,,,False
AHCL,2021-01-28,TRENDING_UP,False,True,-2.0354761904761904,-1.1904761904761905,False
AHCL,2022-04-08,RANGING,False,True,-2.8763705322705047,-2.0313705322705045,False
AHCL,2022-10-19,RANGING,False,True,-4.934438070020596,-4.089438070020596,False
AHCL,2023-07-04,RANGING,False,False,,,False
AHCL,2023-10-25,TRENDING_UP,False,False,,,False
AHCL,2023-12-11,TRENDING_UP,False,False,,,False
AHCL,2024-03-29,TRENDING_UP,False,True,0.34969871794872226,1.2564102564102615,True
AHCL,2024-05-17,TRENDING_UP,False,False,,,False
AHCL,2024-06-28,TRENDING_UP,False,True,7.394510255617403,9.544423830138122,True
AHCL,2024-10-23,TRENDING_UP,False,False,,,False
AHCL,2025-02-18,RANGING,False,False,,,False
AHCL,2025-07-09,TRENDING_UP,False,False,,,False
AHCL,2025-08-26,TRENDING_UP,False,False,,,False
AHCL,2025-12-24,TRENDING_UP,False,True,-6.148030303030303,-5.303030303030304,False
AHCL,2026-04-08,VOLATILE,False,True,-3.074965156794427,-2.229965156794427,False
AHCL,2026-06-17,TRENDING_UP,False,False,,,False
AHL,2024-03-01,TRENDING_UP,False,False,,,False
AHL,2024-04-15,TRENDING_UP,False,False,,,False
AHL,2024-05-17,TRENDING_UP,False,False,,,False
AHL,2024-07-03,TRENDING_UP,False,True,-4.070806451612903,-3.225806451612903,False
AHL,2024-09-16,TRENDING_UP,False,False,,,False
AHL,2024-10-21,TRENDING_UP,False,False,,,False
AHL,2024-12-23,TRENDING_UP,False,False,,,False
AHL,2025-03-27,TRENDING_UP,False,True,-4.4598284879249475,-3.6148284879249473,False
AHL,2025-05-15,TRENDING_UP,False,False,,,False
AHL,2025-07-11,TRENDING_UP,False,False,,,False
AHL,2025-08-18,TRENDING_UP,False,False,,,False
AHL,2025-12-10,TRENDING_UP,False,False,,,False
AHL,2026-04-08,VOLATILE,False,False,,,False
AHL,2026-07-06,TRENDING_UP,False,False,,,False
AHTM,2020-01-01,TRENDING_UP,False,False,,,False
AHTM,2021-07-02,RANGING,False,False,,,False
AHTM,2023-01-30,TRENDING_DOWN,False,True,-0.845,0.0,False
AHTM,2025-07-15,TRENDING_UP,False,False,,,False
AHTM,2025-10-02,TRENDING_UP,False,True,-5.595000000000008,-4.750000000000008,False
AHTM,2026-02-23,VOLATILE,False,True,23.91277232667451,28.977673325499424,True
AHTM,2026-04-29,TRENDING_UP,False,False,,,False
AICL,2020-07-07,RANGING,False,False,,,False
AICL,2020-09-10,TRENDING_UP,False,False,,,False
AICL,2021-01-01,TRENDING_UP,False,True,4.92931860857005,6.6441983630235875,True
AICL,2021-06-14,TRENDING_UP,False,True,0.3183353658536585,1.2195121951219512,True
AICL,2022-02-04,RANGING,False,True,-4.115382312298483,-3.2703823122984836,False
AICL,2022-08-12,RANGING,False,True,-1.1747362110311732,-0.32973621103117334,False
AICL,2023-02-09,VOLATILE,False,True,-1.6386507936507937,-0.7936507936507936,False
AICL,2023-07-03,RANGING,False,True,0.3904456521739157,1.3043478260869596,True
AICL,2023-10-20,TRENDING_UP,False,False,,,False
AICL,2024-10-24,TRENDING_UP,False,False,,,False
AICL,2024-12-05,TRENDING_UP,False,False,,,False
AICL,2025-07-01,TRENDING_UP,False,True,10.88661784559802,13.652785700703554,True
AICL,2025-10-03,TRENDING_UP,False,False,,,False
AICL,2025-12-16,TRENDING_UP,False,False,,,False
AICL,2026-04-09,VOLATILE,False,False,,,False
AIRLINK,2022-01-05,RANGING,False,True,-1.4154971475142646,-0.5704971475142647,False
AIRLINK,2022-12-30,TRENDING_DOWN,False,True,-2.534655172413788,-1.6896551724137878,False
AIRLINK,2023-05-19,RANGING,False,False,,,False
AIRLINK,2023-07-07,TRENDING_UP,False,False,,,False
AIRLINK,2023-10-04,TRENDING_UP,False,False,,,False
AIRLINK,2024-03-11,TRENDING_UP,False,False,,,False
AIRLINK,2024-04-19,TRENDING_UP,False,False,,,False
AIRLINK,2024-06-03,TRENDING_UP,False,True,-4.257500000000005,-3.412500000000005,False
AIRLINK,2024-12-02,TRENDING_UP,False,False,,,False
AIRLINK,2025-08-13,TRENDING_UP,False,False,,,False
AIRLINK,2025-09-29,TRENDING_UP,False,False,,,False
AIRLINK,2026-01-06,TRENDING_UP,False,True,-0.08564171122995323,0.7593582887700467,False
AIRLINK,2026-06-16,TRENDING_UP,False,False,,,False
AKBL,2020-01-13,TRENDING_UP,False,False,,,False
AKBL,2020-07-09,RANGING,False,False,,,False
AKBL,2020-10-22,VOLATILE,False,False,,,False
AKBL,2020-11-30,TRENDING_UP,False,False,,,False
AKBL,2021-01-28,TRENDING_UP,False,False,,,False
AKBL,2021-05-26,TRENDING_UP,False,True,2.932056748466258,4.294478527607362,True
AKBL,2021-09-17,RANGING,False,True,-2.933772845953004,-2.088772845953004,False
AKBL,2021-10-18,VOLATILE,False,False,,,False
AKBL,2022-04-21,RANGING,False,False,,,False
AKBL,2022-08-15,RANGING,False,False,,,False
AKBL,2022-11-08,RANGING,False,False,,,False
AKBL,2023-07-21,TRENDING_UP,False,False,,,False
AKBL,2023-10-10,TRENDING_UP,False,True,7.134434144818978,9.238451935081152,True
AKBL,2024-02-06,RANGING,False,False,,,False
AKBL,2024-04-16,TRENDING_UP,False,True,0.19572849462365607,1.0752688172043012,True
AKBL,2024-06-20,TRENDING_UP,False,False,,,False
AKBL,2024-09-26,TRENDING_UP,False,False,,,False
AKBL,2024-11-27,TRENDING_UP,False,False,,,False
AKBL,2025-01-03,TRENDING_UP,False,False,,,False
AKBL,2025-05-02,VOLATILE,False,True,-3.5755389221556904,-2.73053892215569,False
AKBL,2025-07-02,TRENDING_UP,False,False,,,False
AKBL,2026-01-05,TRENDING_UP,False,False,,,False
AKBL,2026-04-08,VOLATILE,False,True,2.021507121779597,3.2232436726818787,True
AKBL,2026-06-16,TRENDING_UP,False,False,,,False
AKDHL,2020-05-13,VOLATILE,False,False,,,False
AKDHL,2020-07-06,RANGING,False,False,,,False
AKDHL,2020-09-16,TRENDING_UP,False,False,,,False
AKDHL,2021-04-12,VOLATILE,False,False,,,False
AKDHL,2022-06-22,RANGING,False,False,,,False
AKDHL,2022-11-03,RANGING,False,False,,,False
AKDHL,2023-03-10,RANGING,False,True,7.524307219067282,9.697126140079156,True
AKDHL,2023-07-10,TRENDING_UP,False,False,,,False
AKDHL,2023-09-19,RANGING,False,False,,,False
AKDHL,2023-11-15,TRENDING_UP,False,False,,,False
AKDHL,2024-04-01,TRENDING_UP,False,True,-2.5622413793103513,-1.7172413793103511,False
AKDHL,2024-07-03,TRENDING_UP,False,False,,,False
AKDHL,2025-05-20,TRENDING_UP,False,False,,,False
AKDHL,2025-07-17,TRENDING_UP,False,False,,,False
AKDHL,2025-12-16,TRENDING_UP,False,True,-1.798359593537699,-0.9533595935376992,False
AKDHL,2026-01-26,TRENDING_UP,False,False,,,False
AKDSL,2024-07-10,TRENDING_UP,False,False,,,False
AKDSL,2024-09-26,TRENDING_UP,False,True,-5.633732394366205,-4.788732394366205,False
AKDSL,2024-11-13,TRENDING_UP,False,False,,,False
AKDSL,2025-01-20,TRENDING_UP,False,False,,,False
AKDSL,2025-05-21,TRENDING_UP,False,False,,,False
AKDSL,2025-07-04,TRENDING_UP,False,False,,,False
AKDSL,2025-09-26,TRENDING_UP,False,False,,,False
AKDSL,2026-01-26,TRENDING_UP,False,False,,,False
AKDSL,2026-06-04,TRENDING_UP,False,False,,,False
AKGL,2020-01-23,TRENDING_UP,False,False,,,False
AKGL,2021-08-04,TRENDING_UP,False,False,,,False
AKGL,2023-08-01,TRENDING_UP,False,True,-0.845,0.0,False
AKGL,2024-12-11,TRENDING_UP,False,True,-0.845,0.0,False
AKGL,2025-03-24,TRENDING_UP,False,True,-0.845,0.0,False
AKGL,2025-07-08,TRENDING_UP,False,False,,,False
AKGL,2025-09-03,TRENDING_UP,False,False,,,False
AKGL,2025-11-14,VOLATILE,False,True,3.1507155172413803,4.551724137931036,True
AKZO,2020-02-25,VOLATILE,False,False,,,False
ALAC,2020-03-02,VOLATILE,False,False,,,False
ALAC,2020-06-08,RANGING,False,True,-0.845,0.0,False
ALAC,2020-08-27,TRENDING_UP,False,False,,,False
ALAC,2021-05-25,TRENDING_UP,False,True,-0.845,0.0,False
ALAC,2021-07-13,RANGING,False,True,8.726194444444443,11.11111111111111,True
ALAC,2023-07-27,TRENDING_UP,False,False,,,False
ALAC,2023-11-24,TRENDING_UP,False,True,-0.845,0.0,False
ALAC,2023-12-29,TRENDING_UP,False,True,-3.945775193798452,-3.1007751937984525,False
ALAC,2024-08-21,RANGING,False,True,-1.6157129094412337,-0.7707129094412337,False
ALAC,2024-10-24,TRENDING_UP,False,True,-0.845,0.0,False
ALAC,2024-12-05,TRENDING_UP,False,False,,,False
ALAC,2025-05-23,TRENDING_UP,False,False,,,False
ALAC,2025-07-17,TRENDING_UP,False,False,,,False
ALAC,2025-08-29,TRENDING_UP,False,False,,,False
ALAC,2025-12-23,TRENDING_UP,False,False,,,False
ALAC,2026-04-08,VOLATILE,False,False,,,False
ALIFE,2024-02-22,VOLATILE,False,False,,,False
ALIFE,2024-04-15,TRENDING_UP,False,True,-1.058827512473267,-0.213827512473267,False
ALIFE,2024-10-03,TRENDING_UP,False,True,0.287667159763328,1.1834319526627388,True
ALIFE,2024-12-13,TRENDING_UP,False,True,-0.845,0.0,False
ALIFE,2025-02-18,RANGING,False,False,,,False
ALIFE,2025-04-04,TRENDING_UP,False,True,11.424607142857141,14.285714285714285,True
ALIFE,2025-07-02,TRENDING_UP,False,False,,,False
ALIFE,2025-08-12,TRENDING_UP,False,False,,,False
ALIFE,2026-01-14,TRENDING_UP,False,False,,,False
ALNRS,2024-01-01,TRENDING_UP,False,False,,,False
ALNRS,2024-03-29,TRENDING_UP,False,True,3.653770840261613,5.143553929719545,True
ALNRS,2024-12-06,TRENDING_UP,False,True,-6.526818181818181,-5.681818181818182,False
ALNRS,2025-07-10,TRENDING_UP,False,False,,,False
ALNRS,2025-11-24,RANGING,False,True,-0.5555508870214731,0.2894491129785269,False
ALNRS,2025-12-24,TRENDING_UP,False,True,-7.10231450417413,-6.25731450417413,False
ALNRS,2026-04-09,VOLATILE,False,True,-8.816014492753622,-7.971014492753622,False
ALTN,2020-07-07,RANGING,False,True,6.081900251892878,8.000176766932798,True
ALTN,2021-09-13,RANGING,False,False,,,False
ALTN,2021-12-15,VOLATILE,False,True,14.3244820733741,17.697331851028352,True
ALTN,2022-02-09,TRENDING_UP,False,False,,,False
ALTN,2022-06-23,RANGING,False,False,,,False
ALTN,2022-08-12,RANGING,False,True,6.5982056962025375,8.607594936708868,True
ALTN,2023-04-26,RANGING,False,True,5.044388482108759,6.779574684833833,True
ALTN,2023-07-06,TRENDING_UP,False,True,-0.3267662933155002,0.5182337066844998,False
ALTN,2023-09-26,RANGING,False,False,,,False
ALTN,2023-10-31,TRENDING_UP,False,False,,,False
ALTN,2024-01-01,TRENDING_UP,False,True,-1.0789204085809718,-0.23392040858097188,False
ALTN,2024-03-15,TRENDING_UP,False,False,,,False
ALTN,2024-05-09,TRENDING_UP,False,False,,,False
ALTN,2024-12-04,TRENDING_UP,False,False,,,False
ALTN,2025-02-19,RANGING,False,False,,,False
ALTN,2025-08-22,TRENDING_UP,False,False,,,False
ALTN,2026-04-17,VOLATILE,False,True,-6.601929637526661,-5.756929637526661,False
AMBL,2025-01-24,TRENDING_UP,False,True,4.420501238850342,6.045589692765108,True
AMBL,2025-04-11,VOLATILE,False,False,,,False
AMBL,2025-06-13,TRENDING_UP,False,True,-0.9402380952380932,-0.0952380952380932,False
AMBL,2025-12-24,TRENDING_UP,False,False,,,False
AMBL,2026-04-13,VOLATILE,False,False,,,False
AMTEX,2024-06-03,TRENDING_UP,False,False,,,False
AMTEX,2024-08-12,RANGING,True,False,,,False
AMTEX,2025-08-06,TRENDING_UP,False,False,,,False
AMTEX,2025-10-23,TRENDING_UP,False,False,,,False
AMTEX,2026-01-07,TRENDING_UP,False,False,,,False
AMTEX,2026-02-11,VOLATILE,False,False,,,False
AMTEX,2026-04-08,VOLATILE,False,True,-6.526818181818181,-5.681818181818182,False
ANL,2020-01-03,TRENDING_UP,False,True,-2.4890314510364577,-1.6440314510364578,False
ANL,2020-05-06,VOLATILE,False,False,,,False
ANL,2020-08-28,TRENDING_UP,False,False,,,False
ANL,2020-10-19,VOLATILE,False,False,,,False
ANL,2020-12-04,TRENDING_UP,False,False,,,False
ANL,2021-01-26,TRENDING_UP,False,True,0.6364374999999948,1.5937499999999938,True
ANL,2021-03-03,RANGING,False,True,3.6769485226223444,5.170821791320405,True
ANL,2021-06-23,TRENDING_UP,False,True,-2.8340458345344413,-1.9890458345344415,False
ANL,2022-01-12,RANGING,False,False,,,False
ANL,2022-04-12,RANGING,False,False,,,False
ANL,2022-10-20,RANGING,False,True,-7.11740143369175,-6.27240143369175,False
ANL,2023-07-03,RANGING,False,False,,,False
ANL,2023-10-16,TRENDING_UP,False,False,,,False
ANL,2023-11-23,TRENDING_UP,False,False,,,False
ANL,2024-02-29,TRENDING_UP,False,False,,,False
ANL,2024-05-09,TRENDING_UP,False,False,,,False
ANL,2024-08-15,RANGING,False,False,,,False
ANL,2024-11-11,TRENDING_UP,False,False,,,False
ANL,2025-06-27,TRENDING_UP,False,False,,,False
ANL,2025-08-18,TRENDING_UP,False,False,,,False
ANL,2026-06-16,TRENDING_UP,False,False,,,False
ANSM,2025-08-19,TRENDING_UP,False,False,,,False
ANSM,2026-04-22,TRENDING_UP,False,False,,,False
ANTM,2020-01-14,TRENDING_UP,False,False,,,False
ANTM,2021-01-19,TRENDING_UP,False,True,-1.9219230769230813,-1.0769230769230813,False
ANTM,2021-06-04,TRENDING_UP,False,False,,,False
ANTM,2021-11-04,RANGING,False,True,-8.290442875481387,-7.445442875481387,False
ANTM,2024-07-31,RANGING,False,False,,,False
ANTM,2024-10-04,TRENDING_UP,False,False,,,False
ANTM,2025-05-15,TRENDING_UP,False,False,,,False
ANTM,2025-08-01,TRENDING_UP,False,False,,,False
ANTM,2025-10-17,TRENDING_UP,False,False,,,False
ANTM,2026-04-17,VOLATILE,False,True,0.17325090415914052,1.0488245931284006,True
ANTM,2026-06-12,TRENDING_UP,False,False,,,False
APL,2020-01-14,TRENDING_UP,False,True,-3.643977964865587,-2.798977964865587,False
APL,2020-06-24,RANGING,False,True,-2.9941522976186663,-2.1491522976186666,False
APL,2020-07-30,TRENDING_UP,False,False,,,False
APL,2020-10-19,VOLATILE,False,False,,,False
APL,2020-12-01,TRENDING_UP,False,True,-1.1631568842567233,-0.31815688425672334,False
APL,2021-01-14,TRENDING_UP,False,False,,,False
APL,2021-07-14,RANGING,False,True,-2.1922961408971338,-1.347296140897134,False
APL,2021-12-29,RANGING,False,False,,,False
APL,2022-02-01,RANGING,False,False,,,False
APL,2022-04-19,RANGING,False,False,,,False
APL,2022-06-23,RANGING,False,False,,,False
APL,2022-10-19,RANGING,False,True,-2.832947634550117,-1.9879476345501172,False
APL,2023-07-03,RANGING,False,False,,,False
APL,2023-10-10,TRENDING_UP,False,True,-2.0949999999999998,-1.25,False
APL,2024-01-24,TRENDING_UP,False,False,,,False
APL,2024-07-25,RANGING,False,False,,,False
APL,2024-10-16,TRENDING_UP,False,True,-1.3469322169413207,-0.5019322169413208,False
APL,2024-11-28,TRENDING_UP,False,True,10.657139475506309,13.382811147654483,True
APL,2025-05-30,TRENDING_UP,False,False,,,False
APL,2025-07-03,TRENDING_UP,False,False,,,False
APL,2025-10-03,TRENDING_UP,False,True,-1.9675173356507967,-1.1225173356507967,False
APL,2025-12-09,TRENDING_UP,False,False,,,False
APL,2026-07-03,TRENDING_UP,False,True,-1.898763440860214,-1.0537634408602141,False
ARCTM,2024-07-05,TRENDING_UP,False,False,,,False
ARCTM,2024-12-23,TRENDING_UP,False,False,,,False
ARCTM,2025-05-14,VOLATILE,False,False,,,False
ARCTM,2026-01-30,TRENDING_UP,False,False,,,False
ARCTM,2026-06-11,RANGING,False,False,,,False
ARM,2024-01-05,VOLATILE,False,True,5.652623786407767,7.4951456310679605,True
ARMG,2026-07-03,TRENDING_UP,False,False,,,False
ARPAK,2020-01-01,TRENDING_UP,False,False,,,False
ARPAK,2021-07-28,RANGING,False,False,,,False
ARPAK,2022-03-31,RANGING,False,False,,,False
ARPAK,2024-11-13,TRENDING_UP,False,True,6.582764136447453,8.589428395820534,True
ARPAK,2025-07-10,TRENDING_UP,False,False,,,False
ARPAK,2026-01-20,TRENDING_UP,False,False,,,False
ARPAK,2026-04-17,VOLATILE,False,False,,,False
ARPAK,2026-06-30,TRENDING_UP,False,False,,,False
ARPL,2020-03-13,VOLATILE,False,True,-3.533135593220341,-2.6881355932203412,False
ARPL,2020-06-08,RANGING,False,False,,,False
ARPL,2021-01-29,TRENDING_UP,False,False,,,False
ARPL,2021-07-29,RANGING,False,True,-2.5083333333333364,-1.6633333333333364,False
ARPL,2021-10-29,RANGING,False,True,-0.3935150989673671,0.4514849010326329,False
ARPL,2022-01-27,RANGING,False,False,,,False
ARPL,2022-04-11,RANGING,False,True,-0.8466335598536315,-0.0016335598536315514,False
ARPL,2022-10-18,RANGING,False,True,-0.07597321665340351,0.7690267833465965,False
ARPL,2023-02-06,VOLATILE,False,True,-1.0647802197802196,-0.21978021978021978,False
ARPL,2023-05-05,RANGING,False,True,-2.0016771819137746,-1.1566771819137749,False
ARPL,2023-07-03,RANGING,False,True,1.052583333333333,2.083333333333333,True
ARPL,2023-10-19,TRENDING_UP,False,True,1.4488026315789497,2.549473684210529,True
ARPL,2023-12-04,TRENDING_UP,False,True,1.7103214285714283,2.857142857142857,True
ARPL,2024-11-08,TRENDING_UP,False,False,,,False
ARPL,2024-12-30,TRENDING_UP,False,False,,,False
ARPL,2025-07-25,TRENDING_UP,False,False,,,False
ARPL,2026-04-08,VOLATILE,False,False,,,False
ARUJ,2020-09-07,TRENDING_UP,False,True,2.2291772930648817,3.467561521252802,True
ARUJ,2021-01-12,TRENDING_UP,False,True,6.144432771773678,8.073744437380798,True
ARUJ,2021-06-10,TRENDING_UP,False,True,0.248880214917824,1.1378002528444988,True
ARUJ,2023-10-18,TRENDING_UP,False,True,-1.3269277108433846,-0.48192771084338454,False
ARUJ,2024-04-25,TRENDING_UP,False,False,,,False
ARUJ,2024-11-12,TRENDING_UP,False,False,,,False
ARUJ,2025-05-06,VOLATILE,False,True,-8.844999999999992,-7.999999999999992,False
ARUJ,2025-06-26,TRENDING_UP,False,False,,,False
ARUJ,2025-09-05,TRENDING_UP,False,False,,,False
ARUJ,2025-11-10,TRENDING_UP,False,False,,,False
ARUJ,2026-04-17,VOLATILE,False,False,,,False
ASC,2020-05-29,RANGING,False,False,,,False
ASC,2020-07-20,RANGING,False,False,,,False
ASC,2021-05-27,TRENDING_UP,False,True,4.249636962106616,5.844572896596019,True
ASC,2022-04-11,RANGING,False,True,0.8993970588235208,1.903114186851201,True
ASC,2022-09-09,RANGING,False,True,-0.2730266920876978,0.5719733079123022,False
ASC,2023-07-10,TRENDING_UP,False,False,,,False
ASC,2023-08-15,TRENDING_UP,False,True,-1.2515040650406417,-0.4065040650406418,False
ASC,2023-09-14,RANGING,False,True,1.0950833333333352,2.1333333333333355,True
ASC,2023-12-04,TRENDING_UP,False,False,,,False
ASC,2024-03-20,TRENDING_UP,False,False,,,False
ASC,2024-11-28,TRENDING_UP,False,False,,,False
ASC,2025-02-26,TRENDING_UP,False,False,,,False
ASC,2025-05-15,TRENDING_UP,False,False,,,False
ASC,2025-07-07,TRENDING_UP,False,False,,,False
ASC,2025-08-11,TRENDING_UP,False,False,,,False
ASC,2026-04-08,VOLATILE,False,False,,,False
ASC,2026-06-24,TRENDING_UP,False,False,,,False
ASHT,2024-01-05,VOLATILE,False,True,-0.845,0.0,False
ASHT,2024-11-08,TRENDING_UP,False,False,,,False
ASHT,2025-01-16,TRENDING_UP,False,True,1.906749999999999,3.0882352941176463,True
ASHT,2025-06-04,TRENDING_UP,False,False,,,False
ASHT,2026-04-10,VOLATILE,False,True,59.168113636363636,70.45454545454545,True
ASIC,2025-06-27,TRENDING_UP,False,False,,,False
ASIC,2025-12-01,TRENDING_UP,False,False,,,False
ASIC,2026-03-11,VOLATILE,False,False,,,False
ASL,2020-03-05,VOLATILE,False,True,-2.13255364806868,-1.28755364806868,False
ASL,2020-04-30,VOLATILE,False,True,-0.845,0.0,False
ASL,2020-07-08,RANGING,False,True,13.236973880596999,16.417910447761177,True
ASL,2020-12-02,TRENDING_UP,False,True,4.045761799410026,5.604719764011795,True
ASL,2021-06-04,TRENDING_UP,False,False,,,False
ASL,2022-01-04,RANGING,False,False,,,False
ASL,2022-03-29,RANGING,False,True,0.019277114967457265,0.8676789587852438,True
ASL,2023-07-11,TRENDING_UP,False,False,,,False
ASL,2023-09-27,TRENDING_UP,False,True,-2.7547222222222123,-1.9097222222222123,False
ASL,2024-04-25,TRENDING_UP,False,False,,,False
ASL,2024-11-14,TRENDING_UP,False,False,,,False
ASL,2025-04-25,VOLATILE,False,False,,,False
ASL,2025-07-11,TRENDING_UP,False,False,,,False
ASL,2025-12-09,TRENDING_UP,False,False,,,False
ASL,2026-04-08,VOLATILE,False,False,,,False
ASL,2026-06-10,RANGING,False,True,1.8971346153846176,3.0769230769230793,True
ASLCPS,2025-08-19,TRENDING_UP,False,False,,,False
ASLCPS,2025-11-13,VOLATILE,False,True,2.587305555555555,3.888888888888889,True
ASLPS,2020-05-28,RANGING,False,False,,,False
ASLPS,2020-10-27,TRENDING_UP,True,True,5.723167845294217,7.578138641522608,True
ASLPS,2023-05-17,RANGING,False,True,-0.845,0.0,False
ASLPS,2024-05-14,TRENDING_UP,False,False,,,False
ASLPS,2024-10-17,TRENDING_UP,False,True,-0.845,0.0,False
ASLPS,2025-03-11,TRENDING_UP,False,False,,,False
ASLPS,2025-08-08,TRENDING_UP,False,True,8.098239361702122,10.37234042553191,True
ASLPS,2026-05-20,VOLATILE,False,False,,,False
ASTL,2020-03-04,VOLATILE,False,False,,,False
ASTL,2020-04-20,VOLATILE,False,True,-0.49697215777260856,0.3480278422273914,False
ASTL,2020-07-10,RANGING,False,False,,,False
ASTL,2020-12-04,TRENDING_UP,False,False,,,False
ASTL,2021-01-25,TRENDING_UP,False,True,-3.397611067809825,-2.552611067809825,False
ASTL,2021-05-31,TRENDING_UP,False,False,,,False
ASTL,2021-08-20,RANGING,False,True,-2.245862068965514,-1.4008620689655142,False
ASTL,2021-10-27,VOLATILE,False,True,-4.444999999999994,-3.5999999999999943,False
ASTL,2022-01-03,RANGING,False,True,-0.845,0.0,False
ASTL,2022-08-05,RANGING,False,False,,,False
ASTL,2023-07-10,TRENDING_UP,False,False,,,False
ASTL,2023-10-10,TRENDING_UP,False,False,,,False
ASTL,2023-11-21,TRENDING_UP,False,False,,,False
ASTL,2024-03-11,TRENDING_UP,False,False,,,False
ASTL,2024-04-22,TRENDING_UP,False,False,,,False
ASTL,2024-11-20,TRENDING_UP,False,True,-0.845,0.0,False
ASTL,2025-04-04,TRENDING_UP,False,True,-8.844999999999997,-7.9999999999999964,False
ASTL,2025-05-16,TRENDING_UP,False,False,,,False
ASTL,2025-09-11,TRENDING_UP,False,False,,,False
ASTM,2024-01-11,VOLATILE,False,True,-0.845,0.0,False
ASTM,2024-03-04,TRENDING_UP,False,False,,,False
ASTM,2024-05-22,TRENDING_UP,False,False,,,False
ASTM,2024-08-23,TRENDING_UP,False,False,,,False
ASTM,2024-11-29,TRENDING_UP,False,True,-6.362241379310349,-5.51724137931035,False
ASTM,2025-01-06,TRENDING_UP,False,False,,,False
ASTM,2025-06-25,TRENDING_UP,False,False,,,False
ASTM,2026-02-06,VOLATILE,False,False,,,False
ASTM,2026-04-15,VOLATILE,False,False,,,False
ASTM,2026-06-29,TRENDING_UP,False,False,,,False
ATBA,2020-04-20,VOLATILE,False,True,-4.17834427955781,-3.33334427955781,False
ATBA,2020-07-16,RANGING,False,False,,,False
ATBA,2020-09-07,TRENDING_UP,False,False,,,False
ATBA,2020-10-28,TRENDING_UP,False,False,,,False
ATBA,2020-12-17,TRENDING_UP,False,False,,,False
ATBA,2021-02-02,TRENDING_UP,False,False,,,False
ATBA,2021-06-29,RANGING,False,False,,,False
ATBA,2022-04-11,RANGING,False,False,,,False
ATBA,2022-08-30,RANGING,False,False,,,False
ATBA,2022-11-08,RANGING,False,False,,,False
ATBA,2023-02-09,VOLATILE,False,True,-1.9813636363636364,-1.1363636363636365,False
ATBA,2023-04-17,TRENDING_DOWN,False,False,,,False
ATBA,2023-06-05,RANGING,False,False,,,False
ATBA,2023-08-07,TRENDING_UP,False,False,,,False
ATBA,2023-11-28,TRENDING_UP,False,False,,,False
ATBA,2024-01-10,VOLATILE,False,False,,,False
ATBA,2024-05-14,TRENDING_UP,False,False,,,False
ATBA,2024-07-09,TRENDING_UP,False,False,,,False
ATBA,2024-10-11,TRENDING_UP,False,False,,,False
ATBA,2024-12-09,TRENDING_UP,False,False,,,False
ATBA,2025-07-01,TRENDING_UP,False,False,,,False
ATBA,2026-04-08,VOLATILE,False,False,,,False
ATIL,2020-04-29,VOLATILE,False,False,,,False
ATIL,2020-08-27,TRENDING_UP,False,True,3.835282751029883,5.3570973541528035,True
ATIL,2020-12-03,TRENDING_UP,False,True,-1.6854615343619366,-0.8404615343619365,False
ATIL,2021-02-02,TRENDING_UP,False,False,,,False
ATIL,2021-06-15,TRENDING_UP,False,True,-2.7007826083230233,-1.8557826083230236,False
ATIL,2021-09-03,RANGING,False,True,-0.845,0.0,False
ATIL,2022-02-28,TRENDING_DOWN,False,True,-0.845,0.0,False
ATIL,2022-04-11,RANGING,False,True,1.7515950971358811,2.9057001142775074,True
ATIL,2022-06-27,TRENDING_DOWN,False,True,-0.845,0.0,False
ATIL,2022-08-26,RANGING,False,True,4.168284768161457,5.748864433131126,True
ATIL,2022-12-26,TRENDING_DOWN,False,True,-0.845,0.0,False
ATIL,2023-06-16,RANGING,False,False,,,False
ATIL,2023-11-15,TRENDING_UP,False,False,,,False
ATIL,2024-10-18,TRENDING_UP,False,False,,,False
ATIL,2025-07-01,TRENDING_UP,False,True,4.274448361187729,5.873762777867917,True
ATIL,2025-09-22,TRENDING_UP,False,False,,,False
ATIL,2026-01-21,TRENDING_UP,False,True,-0.906538461538458,-0.06153846153845804,False
ATLH,2020-06-02,RANGING,False,True,-0.40492751747346917,0.4400724825265308,False
ATLH,2020-07-21,RANGING,False,True,3.3928611111111118,4.836601307189543,True
ATLH,2020-10-20,VOLATILE,False,False,,,False
ATLH,2021-03-24,VOLATILE,False,True,-0.90721945691302,-0.06221945691302003,False
ATLH,2021-06-18,TRENDING_UP,False,False,,,False
ATLH,2021-11-25,RANGING,False,True,-7.196648351648347,-6.351648351648347,False
ATLH,2022-02-11,TRENDING_UP,False,True,-0.845,0.0,False
ATLH,2023-07-11,TRENDING_UP,False,True,-1.3431502509065651,-0.49815025090656523,False
ATLH,2023-10-23,TRENDING_UP,False,False,,,False
ATLH,2023-11-23,TRENDING_UP,False,False,,,False
ATLH,2024-01-26,VOLATILE,False,False,,,False
ATLH,2024-04-26,TRENDING_UP,False,False,,,False
ATLH,2024-07-03,TRENDING_UP,False,False,,,False
ATLH,2024-10-11,TRENDING_UP,False,False,,,False
ATLH,2025-01-30,VOLATILE,False,False,,,False
ATLH,2025-04-15,TRENDING_UP,False,False,,,False
ATLH,2025-07-14,TRENDING_UP,False,False,,,False
ATLH,2025-09-12,TRENDING_UP,False,False,,,False
ATLH,2025-11-03,VOLATILE,False,True,-0.5167126861007487,0.32828731389925125,False
ATLH,2026-01-13,TRENDING_UP,False,True,15.094448412698412,18.6031746031746,True
ATLH,2026-04-15,VOLATILE,False,False,,,False
ATRL,2020-03-10,VOLATILE,False,True,-5.133049226035966,-4.288049226035966,False
ATRL,2020-05-04,VOLATILE,False,False,,,False
ATRL,2020-07-06,RANGING,False,False,,,False
ATRL,2020-12-04,TRENDING_UP,False,False,,,False
ATRL,2021-01-29,TRENDING_UP,False,False,,,False
ATRL,2021-06-11,TRENDING_UP,False,False,,,False
ATRL,2021-09-13,RANGING,False,True,-7.890643153526966,-7.045643153526966,False
ATRL,2021-11-04,RANGING,False,True,-4.398299492385787,-3.5532994923857872,False
ATRL,2022-01-10,RANGING,False,False,,,False
ATRL,2022-04-11,RANGING,False,False,,,False
ATRL,2022-08-15,RANGING,False,False,,,False
ATRL,2022-10-11,RANGING,False,True,-2.2641338390017083,-1.4191338390017085,False
ATRL,2023-01-06,RANGING,False,True,1.5239941018019643,2.6379342374140755,True
ATRL,2023-04-26,RANGING,False,True,-2.5532860385925034,-1.7082860385925034,False
ATRL,2023-06-06,RANGING,False,True,-2.8449999999999998,-2.0,False
ATRL,2023-09-26,RANGING,False,False,,,False
ATRL,2023-12-05,TRENDING_UP,False,False,,,False
ATRL,2024-03-05,TRENDING_UP,False,True,-1.739308943089434,-0.8943089430894341,False
ATRL,2024-10-14,TRENDING_UP,False,False,,,False
ATRL,2024-12-05,TRENDING_UP,False,False,,,False
ATRL,2025-03-18,TRENDING_UP,False,True,-2.759924718608394,-1.9149247186083937,False
ATRL,2025-05-26,TRENDING_UP,False,True,-0.02102996254681644,0.8239700374531835,False
ATRL,2025-09-29,TRENDING_UP,False,False,,,False
ATRL,2025-12-30,TRENDING_UP,False,True,-1.572802037845706,-0.727802037845706,False
ATRL,2026-04-03,VOLATILE,False,False,,,False
AVN,2020-01-16,TRENDING_UP,False,False,,,False
AVN,2020-04-20,VOLATILE,False,True,-0.845,0.0,False
AVN,2020-07-07,RANGING,False,False,,,False
AVN,2020-10-26,TRENDING_UP,False,False,,,False
AVN,2020-11-30,TRENDING_UP,False,False,,,False
AVN,2021-01-25,TRENDING_UP,False,False,,,False
AVN,2021-07-16,RANGING,False,False,,,False
AVN,2021-09-09,RANGING,False,False,,,False
AVN,2022-01-04,RANGING,False,False,,,False
AVN,2022-04-11,RANGING,False,False,,,False
AVN,2022-08-15,RANGING,False,False,,,False
AVN,2023-04-27,RANGING,False,False,,,False
AVN,2023-07-07,TRENDING_UP,False,False,,,False
AVN,2023-10-11,TRENDING_UP,False,True,-3.3021428571428553,-2.4571428571428555,False
AVN,2024-04-08,TRENDING_UP,False,False,,,False
AVN,2024-07-15,TRENDING_UP,False,False,,,False
AVN,2024-11-12,TRENDING_UP,False,False,,,False
AVN,2025-07-07,TRENDING_UP,False,True,-3.0478104823395302,-2.2028104823395305,False
AVN,2026-05-08,TRENDING_UP,False,True,0.45973913043479453,1.3858695652174053,True
AVN,2026-06-19,TRENDING_UP,False,False,,,False
AWTX,2024-03-13,RANGING,False,True,-0.845,0.0,False
AWWAL,2020-02-03,RANGING,False,True,-0.845,0.0,False
AWWAL,2021-10-22,VOLATILE,False,False,,,False
BAFL,2020-01-09,TRENDING_UP,False,False,,,False
BAFL,2020-06-03,RANGING,False,True,-2.893793394791132,-2.048793394791132,False
BAFL,2020-07-09,RANGING,False,True,-2.082687092234867,-1.2376870922348666,False
BAFL,2021-05-06,RANGING,False,False,,,False
BAFL,2022-01-26,RANGING,False,False,,,False
BAFL,2022-04-11,RANGING,False,True,-0.845,0.0,False
BAFL,2022-11-10,RANGING,False,False,,,False
BAFL,2023-03-03,RANGING,False,False,,,False
BAFL,2023-06-27,RANGING,False,False,,,False
BAFL,2023-11-27,TRENDING_UP,False,True,16.182666669674106,19.883431376087184,True
BAFL,2024-01-24,TRENDING_UP,False,False,,,False
BAFL,2024-02-28,TRENDING_UP,False,True,4.297581632634891,5.900978391335166,True
BAFL,2024-04-19,TRENDING_UP,False,False,,,False
BAFL,2024-09-20,TRENDING_UP,False,True,-3.513767451622141,-2.6687674516221414,False
BAFL,2024-11-22,TRENDING_UP,False,False,,,False
BAFL,2025-06-11,TRENDING_UP,False,True,-4.712626967126014,-3.8676269671260144,False
BAFL,2025-08-18,TRENDING_UP,False,False,,,False
BAFL,2026-01-02,TRENDING_UP,False,False,,,False
BAFS,2024-01-09,VOLATILE,False,False,,,False
BAFS,2025-07-25,TRENDING_UP,False,False,,,False
BAFS,2025-09-29,TRENDING_UP,False,False,,,False
BAFS,2025-11-10,TRENDING_UP,False,False,,,False
BAFS,2026-04-10,VOLATILE,False,True,-8.844999999999994,-7.999999999999993,False
BAFS,2026-05-22,VOLATILE,False,False,,,False
BAFS,2026-07-06,TRENDING_UP,False,False,,,False
BAHL,2020-07-27,RANGING,False,False,,,False
BAHL,2020-10-21,VOLATILE,False,False,,,False
BAHL,2021-05-26,TRENDING_UP,False,True,2.3174642857142858,3.571428571428571,True
BAHL,2021-11-19,TRENDING_UP,False,False,,,False
BAHL,2022-01-31,RANGING,False,False,,,False
BAHL,2022-11-10,RANGING,False,False,,,False
BAHL,2023-04-20,RANGING,False,False,,,False
BAHL,2023-07-03,RANGING,False,True,4.677072939866373,6.347438752783968,True
BAHL,2023-10-09,TRENDING_UP,False,True,1.0164438775510205,2.0408163265306123,True
BAHL,2023-12-07,TRENDING_UP,False,False,,,False
BAHL,2024-01-23,TRENDING_UP,False,False,,,False
BAHL,2024-04-08,TRENDING_UP,False,False,,,False
BAHL,2024-06-14,TRENDING_UP,False,True,4.912057605208527,6.623891300245326,True
BAHL,2024-10-08,TRENDING_UP,False,True,-0.7152021138512882,0.12979788614871182,False
BAHL,2025-06-04,TRENDING_UP,False,False,,,False
BAHL,2025-08-11,TRENDING_UP,False,False,,,False
BAHL,2025-09-30,TRENDING_UP,False,False,,,False
BAHL,2025-12-18,TRENDING_UP,False,False,,,False
BAHL,2026-04-08,VOLATILE,False,True,-2.8107973978751093,-1.9657973978751093,False
BAPL,2020-01-01,TRENDING_UP,False,False,,,False
BAPL,2020-06-18,RANGING,False,False,,,False
BAPL,2020-09-15,TRENDING_UP,False,False,,,False
BAPL,2021-01-07,TRENDING_UP,False,False,,,False
BAPL,2021-04-08,VOLATILE,False,False,,,False
BAPL,2021-07-05,RANGING,False,False,,,False
BAPL,2021-08-20,RANGING,False,True,7.58746428571429,9.771428571428578,True
BAPL,2022-01-12,RANGING,False,False,,,False
BAPL,2022-08-30,RANGING,False,False,,,False
BAPL,2022-11-08,RANGING,False,True,0.3668563829787259,1.276595744680854,True
BAPL,2023-07-25,TRENDING_UP,False,False,,,False
BAPL,2023-12-05,TRENDING_UP,False,False,,,False
BAPL,2024-03-07,TRENDING_UP,False,False,,,False
BAPL,2024-08-29,TRENDING_UP,False,False,,,False
BAPL,2024-12-17,TRENDING_UP,False,True,-5.237156862745097,-4.3921568627450975,False
BAPL,2025-04-11,VOLATILE,False,True,18.454908640226634,22.55665722379604,True
BAPL,2025-08-05,TRENDING_UP,False,False,,,False
BAPL,2026-07-01,TRENDING_UP,False,True,-8.845000000000004,-8.000000000000004,False
BATA,2024-06-28,TRENDING_UP,False,True,-0.25029411764706466,0.5947058823529353,False
BATA,2024-10-24,TRENDING_UP,False,False,,,False
BATA,2024-12-31,TRENDING_UP,False,False,,,False
BATA,2025-07-11,TRENDING_UP,False,False,,,False
BATA,2026-01-07,TRENDING_UP,False,False,,,False
BBFL,2025-01-01,TRENDING_UP,False,False,,,False
BBFL,2025-04-22,TRENDING_UP,False,True,-6.157208760484625,-5.3122087604846255,False
BBFL,2025-09-15,TRENDING_UP,False,False,,,False
BBFL,2025-11-24,RANGING,False,False,,,False
BBFL,2026-01-08,TRENDING_UP,False,False,,,False
BBFL,2026-04-08,VOLATILE,False,True,-5.306152882205517,-4.461152882205517,False
BCL,2020-04-30,VOLATILE,False,True,6.5016670124481415,8.494020014644873,True
BCL,2020-07-10,RANGING,False,False,,,False
BCL,2020-09-14,TRENDING_UP,False,False,,,False
BCL,2020-11-06,TRENDING_UP,False,False,,,False
BCL,2021-01-28,TRENDING_UP,False,False,,,False
BCL,2021-05-03,RANGING,False,True,-5.564999999999999,-4.719999999999999,False
BCL,2022-07-04,TRENDING_DOWN,False,False,,,False
BCL,2022-11-23,RANGING,False,True,-0.845,0.0,False
BCL,2023-07-05,RANGING,False,False,,,False
BCL,2023-10-09,TRENDING_UP,False,False,,,False
BCL,2023-11-21,TRENDING_UP,False,False,,,False
BCL,2024-02-21,VOLATILE,False,False,,,False
BCL,2024-07-29,RANGING,False,False,,,False
BCL,2024-11-28,TRENDING_UP,False,False,,,False
BCL,2025-04-17,TRENDING_UP,False,False,,,False
BCL,2025-06-11,TRENDING_UP,False,False,,,False
BCL,2025-07-10,TRENDING_UP,False,False,,,False
BCL,2025-11-06,VOLATILE,False,False,,,False
BCL,2025-12-19,TRENDING_UP,False,True,-3.3731754492841857,-2.528175449284186,False
BCL,2026-04-08,VOLATILE,False,True,-4.736472868217051,-3.891472868217051,False
BCL,2026-06-16,TRENDING_UP,False,False,,,False
BCML,2021-03-15,VOLATILE,False,True,11.174307460780739,13.991244071506753,True
BCML,2022-02-10,TRENDING_UP,False,True,11.882828167115903,14.824797843665769,True
BECO,2020-05-13,VOLATILE,False,False,,,False
BECO,2020-08-28,TRENDING_UP,False,True,-0.845,0.0,False
BECO,2020-10-16,VOLATILE,False,False,,,False
BECO,2020-11-30,TRENDING_UP,False,False,,,False
BECO,2021-01-12,TRENDING_UP,False,False,,,False
BECO,2021-04-21,RANGING,False,False,,,False
BECO,2021-06-11,TRENDING_UP,False,False,,,False
BECO,2021-08-25,RANGING,False,False,,,False
BECO,2022-02-02,RANGING,False,False,,,False
BECO,2022-05-09,RANGING,False,False,,,False
BECO,2023-07-25,TRENDING_UP,False,False,,,False
BECO,2023-11-22,TRENDING_UP,False,False,,,False
BECO,2024-05-13,TRENDING_UP,False,True,-1.47492125984252,-0.6299212598425202,False
BECO,2024-09-05,TRENDING_UP,False,False,,,False
BECO,2024-12-03,TRENDING_UP,False,False,,,False
BECO,2025-02-28,TRENDING_UP,False,False,,,False
BECO,2025-04-21,TRENDING_UP,False,True,-1.239088669950748,-0.394088669950748,False
BECO,2025-06-10,TRENDING_UP,False,False,,,False
BECO,2025-09-09,TRENDING_UP,False,True,8.393118909512754,10.719257540603241,True
BECO,2026-04-22,TRENDING_UP,False,False,,,False
BECO,2026-06-04,TRENDING_UP,False,False,,,False
BELA,2023-11-20,TRENDING_UP,False,False,,,False
BELA,2024-06-12,RANGING,False,False,,,False
BELA,2024-08-23,TRENDING_UP,False,True,-6.39595277547639,-5.55095277547639,False
BELA,2025-03-21,TRENDING_UP,False,False,,,False
BELA,2026-03-25,VOLATILE,False,False,,,False
BERG,2020-03-10,VOLATILE,False,True,-2.1963513513513515,-1.3513513513513513,False
BERG,2020-07-20,RANGING,False,False,,,False
BERG,2020-10-27,TRENDING_UP,False,False,,,False
BERG,2020-12-10,TRENDING_UP,False,False,,,False
BERG,2021-01-13,TRENDING_UP,False,False,,,False
BERG,2021-07-02,RANGING,False,False,,,False
BERG,2021-09-02,RANGING,False,False,,,False
BERG,2022-02-07,RANGING,False,False,,,False
BERG,2022-04-18,RANGING,False,False,,,False
BERG,2022-07-15,RANGING,False,True,-2.067222222222216,-1.2222222222222159,False
BERG,2023-06-07,RANGING,False,False,,,False
BERG,2023-10-11,TRENDING_UP,False,False,,,False
BERG,2023-11-13,TRENDING_UP,False,True,-2.3400819672131155,-1.4950819672131155,False
BERG,2024-03-04,TRENDING_UP,False,False,,,False
BERG,2024-04-09,TRENDING_UP,False,True,2.550980769230769,3.8461538461538463,True
BERG,2024-07-18,TRENDING_UP,False,False,,,False
BERG,2024-08-29,TRENDING_UP,False,False,,,False
BERG,2024-11-07,TRENDING_UP,False,False,,,False
BERG,2025-02-12,RANGING,False,False,,,False
BERG,2025-06-13,TRENDING_UP,False,False,,,False
BERG,2025-08-20,TRENDING_UP,False,True,-7.069066390041494,-6.224066390041494,False
BERG,2025-12-11,TRENDING_UP,False,False,,,False
BERG,2026-01-23,TRENDING_UP,False,False,,,False
BERG,2026-06-18,TRENDING_UP,False,False,,,False
BFAGRO,2025-04-21,TRENDING_UP,False,False,,,False
BFAGRO,2025-06-16,TRENDING_UP,False,False,,,False
BFAGRO,2025-09-02,TRENDING_UP,False,False,,,False
BFAGRO,2026-04-16,VOLATILE,False,False,,,False
BFAGRO,2026-06-16,TRENDING_UP,False,True,-4.192849755035395,-3.3478497550353947,False
BFBIO,2024-11-18,TRENDING_UP,False,False,,,False
BFBIO,2025-05-16,TRENDING_UP,False,False,,,False
BFBIO,2025-08-20,TRENDING_UP,False,False,,,False
BFBIO,2026-01-07,TRENDING_UP,False,False,,,False
BFBIO,2026-04-10,VOLATILE,False,True,5.820211538461539,7.6923076923076925,True
BFMOD,2024-07-18,TRENDING_UP,False,False,,,False
BFMOD,2024-10-30,TRENDING_UP,False,True,-0.845,0.0,False
BFMOD,2025-05-13,VOLATILE,False,False,,,False
BFMOD,2025-06-18,RANGING,False,False,,,False
BFMOD,2025-08-11,TRENDING_UP,False,False,,,False
BFMOD,2025-09-17,TRENDING_UP,False,False,,,False
BFMOD,2025-10-20,TRENDING_UP,False,False,,,False
BFMOD,2026-01-08,TRENDING_UP,False,False,,,False
BFMOD,2026-04-10,VOLATILE,False,True,3.391795852438517,4.835348061692373,True
BGL,2020-05-14,VOLATILE,False,False,,,False
BGL,2020-09-09,TRENDING_UP,False,False,,,False
BGL,2020-12-21,TRENDING_UP,False,False,,,False
BGL,2021-03-08,RANGING,False,False,,,False
BGL,2021-06-07,TRENDING_UP,False,True,-6.452476635514021,-5.607476635514021,False
BGL,2022-01-10,RANGING,False,False,,,False
BGL,2022-04-11,RANGING,False,False,,,False
BGL,2022-06-03,TRENDING_DOWN,False,True,-5.100319148936162,-4.255319148936162,False
BGL,2022-08-11,RANGING,False,False,,,False
BGL,2022-12-13,TRENDING_DOWN,False,False,,,False
BGL,2023-02-13,VOLATILE,False,False,,,False
BGL,2023-03-21,RANGING,False,False,,,False
BGL,2023-11-24,TRENDING_UP,False,False,,,False
BGL,2024-04-22,TRENDING_UP,False,True,14.58174999999999,17.99999999999999,True
BGL,2024-08-30,TRENDING_UP,False,False,,,False
BGL,2024-12-09,TRENDING_UP,False,False,,,False
BGL,2025-05-20,TRENDING_UP,False,False,,,False
BGL,2025-08-26,TRENDING_UP,False,False,,,False
BGL,2026-04-08,VOLATILE,False,True,-3.8006650246305487,-2.9556650246305485,False
BHAT,2020-02-12,RANGING,False,False,,,False
BHAT,2020-07-17,RANGING,False,False,,,False
BHAT,2021-03-05,RANGING,False,True,4.138892857142857,5.714285714285714,True
BHAT,2022-02-17,RANGING,False,False,,,False
BHAT,2022-12-15,TRENDING_DOWN,False,False,,,False
BHAT,2023-05-08,RANGING,False,False,,,False
BHAT,2024-01-12,VOLATILE,False,True,-0.845,0.0,False
BHAT,2025-06-27,TRENDING_UP,False,True,6.653036523039955,8.672101791811711,True
BHAT,2025-08-19,TRENDING_UP,False,False,,,False
BHAT,2026-01-29,VOLATILE,False,True,-0.845,0.0,False
BIFO,2020-06-10,RANGING,False,False,,,False
BIFO,2020-07-16,RANGING,False,True,3.5370624999999953,5.006249999999994,True
BIFO,2020-08-27,TRENDING_UP,False,False,,,False
BIFO,2020-12-18,TRENDING_UP,False,True,-0.845,0.0,False
BIFO,2021-04-16,RANGING,False,False,,,False
BIFO,2022-02-09,TRENDING_UP,False,True,-1.1372077922078032,-0.2922077922078033,False
BIFO,2022-07-06,TRENDING_DOWN,False,True,4.070482394366198,5.633802816901409,True
BIFO,2023-04-26,RANGING,False,False,,,False
BIFO,2023-10-24,TRENDING_UP,False,False,,,False
BIFO,2024-04-17,TRENDING_UP,False,False,,,False
BIFO,2024-07-15,TRENDING_UP,False,False,,,False
BIFO,2024-08-23,TRENDING_UP,False,False,,,False
BIFO,2024-11-21,TRENDING_UP,False,False,,,False
BIFO,2026-01-13,TRENDING_UP,False,True,1.6449368131868143,2.7802197802197814,True
BIFO,2026-04-16,VOLATILE,False,False,,,False
BILF,2024-01-01,TRENDING_UP,False,False,,,False
BILF,2024-06-07,RANGING,True,True,-8.845,-8.0,False
BILF,2024-08-28,RANGING,False,False,,,False
BILF,2024-11-06,TRENDING_UP,True,False,,,False
BILF,2025-01-07,TRENDING_UP,False,False,,,False
BILF,2025-04-22,TRENDING_UP,False,False,,,False
BILF,2025-06-30,TRENDING_UP,False,False,,,False
BILF,2025-09-12,TRENDING_UP,False,False,,,False
BIPL,2020-01-16,TRENDING_UP,False,False,,,False
BIPL,2020-04-15,TRENDING_DOWN,False,True,-1.9896409989594115,-1.1446409989594115,False
BIPL,2020-08-28,TRENDING_UP,False,False,,,False
BIPL,2020-12-14,TRENDING_UP,False,False,,,False
BIPL,2021-09-13,RANGING,False,False,,,False
BIPL,2021-11-19,TRENDING_UP,False,False,,,False
BIPL,2022-03-30,RANGING,False,False,,,False
BIPL,2022-11-08,RANGING,False,False,,,False
BIPL,2023-04-26,RANGING,False,False,,,False
BIPL,2023-06-07,RANGING,False,False,,,False
BIPL,2023-09-27,TRENDING_UP,False,True,0.3570806497987293,1.265094882116152,True
BIPL,2024-01-11,VOLATILE,False,False,,,False
BIPL,2024-04-17,TRENDING_UP,False,False,,,False
BIPL,2024-07-05,TRENDING_UP,False,False,,,False
BIPL,2024-08-26,TRENDING_UP,False,False,,,False
BIPL,2024-10-09,TRENDING_UP,False,False,,,False
BIPL,2025-02-04,VOLATILE,False,True,-1.8976315789473683,-1.0526315789473684,False
BIPL,2025-06-03,TRENDING_UP,False,False,,,False
BIPL,2025-08-12,TRENDING_UP,False,False,,,False
BIPL,2025-09-30,TRENDING_UP,False,False,,,False
BIPL,2025-12-09,TRENDING_UP,False,False,,,False
BIPL,2026-04-08,VOLATILE,False,False,,,False
BIPL,2026-06-15,TRENDING_UP,False,False,,,False
BLUEX,2026-06-30,TRENDING_UP,False,False,,,False
BML,2024-08-27,RANGING,False,True,-8.84499999999999,-7.99999999999999,False
BML,2024-10-31,TRENDING_UP,False,False,,,False
BML,2025-01-20,TRENDING_UP,False,False,,,False
BML,2025-06-27,TRENDING_UP,False,False,,,False
BML,2025-08-28,TRENDING_UP,False,False,,,False
BML,2026-02-02,TRENDING_UP,True,True,0.5033068862275479,1.4371257485029976,True
BML,2026-06-08,TRENDING_UP,False,False,,,False
BNL,2020-09-09,TRENDING_UP,False,False,,,False
BNL,2020-12-04,TRENDING_UP,False,False,,,False
BNL,2021-01-11,TRENDING_UP,False,False,,,False
BNL,2021-05-17,TRENDING_UP,False,False,,,False
BNL,2021-08-23,TRENDING_UP,False,False,,,False
BNL,2021-12-30,RANGING,False,True,-1.6378956549318109,-0.7928956549318109,False
BNL,2022-07-07,TRENDING_DOWN,False,False,,,False
BNL,2022-08-24,RANGING,False,True,3.965645771038015,5.5104656129859,True
BNL,2023-02-13,VOLATILE,False,False,,,False
BNL,2023-06-08,RANGING,False,False,,,False
BNL,2023-07-18,TRENDING_UP,False,True,-5.506016949152538,-4.661016949152538,False
BNL,2023-11-16,TRENDING_UP,False,False,,,False
BNL,2024-04-22,TRENDING_UP,False,True,7.962866825863339,10.213078618662752,True
BNL,2024-08-16,RANGING,False,False,,,False
BNL,2024-11-15,TRENDING_UP,False,False,,,False
BNL,2025-03-18,TRENDING_UP,False,False,,,False
BNL,2025-09-15,TRENDING_UP,False,False,,,False
BNL,2026-04-17,VOLATILE,False,True,-3.99106741573035,-3.1460674157303496,False
BNWM,2024-02-26,VOLATILE,False,False,,,False
BNWM,2024-04-09,TRENDING_UP,False,True,-1.5760504040015304,-0.7310504040015303,False
BNWM,2024-05-14,TRENDING_UP,False,False,,,False
BNWM,2024-08-07,RANGING,False,False,,,False
BNWM,2024-11-11,TRENDING_UP,False,False,,,False
BNWM,2025-06-11,TRENDING_UP,False,False,,,False
BNWM,2025-12-03,TRENDING_UP,False,False,,,False
BNWM,2026-04-01,VOLATILE,False,True,-2.615592763664366,-1.7705927636643657,False
BOK,2020-03-20,VOLATILE,False,False,,,False
BOK,2020-05-08,VOLATILE,False,True,3.183179646350647,4.589917231000761,True
BOK,2020-11-02,VOLATILE,False,True,-0.845,0.0,False
BOK,2020-12-30,TRENDING_UP,False,False,,,False
BOK,2021-02-17,TRENDING_UP,False,True,0.4150833333333293,1.3333333333333286,True
BOK,2021-05-18,TRENDING_UP,False,True,0.2936547619047583,1.1904761904761862,True
BOK,2021-10-29,RANGING,False,True,-0.19983870967742157,0.6451612903225784,False
BOK,2022-06-22,RANGING,False,False,,,False
BOK,2022-11-29,RANGING,False,True,-0.845,0.0,False
BOK,2023-02-07,VOLATILE,False,True,-0.845,0.0,False
BOK,2023-06-26,RANGING,False,True,-0.845,0.0,False
BOK,2023-11-24,TRENDING_UP,False,True,-4.587384682332461,-3.7423846823324607,False
BOK,2024-03-08,TRENDING_UP,False,False,,,False
BOK,2024-07-09,TRENDING_UP,False,True,-0.845,0.0,False
BOK,2024-12-02,TRENDING_UP,False,True,-1.9018031704095122,-1.0568031704095122,False
BOK,2025-03-18,TRENDING_UP,False,True,-8.844999999999992,-7.999999999999992,False
BOK,2025-06-27,TRENDING_UP,False,False,,,False
BOK,2025-08-25,TRENDING_UP,False,False,,,False
BOK,2026-01-12,TRENDING_UP,False,False,,,False
BOP,2020-01-09,TRENDING_UP,False,False,,,False
BOP,2020-04-17,VOLATILE,False,False,,,False
BOP,2020-08-03,TRENDING_UP,False,True,1.5721691616766431,2.6946107784431095,True
BOP,2020-12-17,TRENDING_UP,False,False,,,False
BOP,2021-05-31,TRENDING_UP,False,False,,,False
BOP,2021-08-23,TRENDING_UP,False,False,,,False
BOP,2021-10-21,VOLATILE,False,True,-3.314135802469143,-2.4691358024691428,False
BOP,2022-08-12,RANGING,False,True,-0.845,0.0,False
BOP,2023-02-13,VOLATILE,False,False,,,False
BOP,2023-07-17,TRENDING_UP,False,True,-3.1979411764705796,-2.35294117647058,False
BOP,2023-09-25,RANGING,False,True,0.15131521739130518,1.0230179028133002,True
BOP,2023-11-28,TRENDING_UP,False,False,,,False
BOP,2024-07-03,TRENDING_UP,False,False,,,False
BOP,2024-08-23,TRENDING_UP,False,False,,,False
BOP,2024-10-09,TRENDING_UP,False,False,,,False
BOP,2025-02-11,VOLATILE,False,False,,,False
BOP,2025-07-01,TRENDING_UP,False,False,,,False
BOP,2025-08-19,TRENDING_UP,False,False,,,False
BOP,2025-12-16,TRENDING_UP,False,False,,,False
BOP,2026-04-10,VOLATILE,False,True,20.101006756756757,24.493243243243242,True
BOP,2026-06-16,TRENDING_UP,False,False,,,False
BPBL,2020-01-01,TRENDING_UP,False,False,,,False
BPBL,2020-05-04,VOLATILE,False,False,,,False
BPBL,2020-06-29,RANGING,False,False,,,False
BPL,2020-01-15,TRENDING_UP,False,False,,,False
BPL,2020-07-06,RANGING,False,True,-1.0281501831501858,-0.18315018315018575,False
BPL,2020-12-11,TRENDING_UP,False,False,,,False
BPL,2021-05-25,TRENDING_UP,False,True,-3.8525187969924737,-3.0075187969924735,False
BPL,2021-10-29,RANGING,False,True,-0.845,0.0,False
BPL,2022-10-27,RANGING,False,True,-6.406224489795917,-5.561224489795917,False
BPL,2023-08-11,TRENDING_UP,False,True,-0.845,0.0,False
BPL,2023-10-23,TRENDING_UP,False,False,,,False
BPL,2023-12-04,TRENDING_UP,False,False,,,False
BPL,2024-02-15,VOLATILE,False,False,,,False
BPL,2024-06-13,TRENDING_UP,False,False,,,False
BPL,2024-08-05,RANGING,False,False,,,False
BPL,2024-11-13,TRENDING_UP,False,False,,,False
BPL,2025-02-11,VOLATILE,False,True,-2.8677560050568918,-2.022756005056892,False
BPL,2025-05-05,VOLATILE,False,False,,,False
BPL,2025-07-01,TRENDING_UP,False,False,,,False
BPL,2025-12-04,TRENDING_UP,False,False,,,False
BPL,2026-01-23,TRENDING_UP,False,True,-2.820780752071375,-1.9757807520713748,False
BPL,2026-04-15,VOLATILE,False,False,,,False
BRR,2020-04-17,VOLATILE,False,True,4.209286231884054,5.797101449275357,True
BRR,2020-07-30,TRENDING_UP,False,True,-0.845,0.0,False
BRR,2020-12-31,TRENDING_UP,False,False,,,False
BRR,2021-05-17,TRENDING_UP,False,True,-1.2153703703703789,-0.3703703703703789,False
BRR,2021-07-02,RANGING,False,True,-2.202142857142854,-1.3571428571428537,False
BRR,2022-08-24,RANGING,False,False,,,False
BRR,2022-11-25,RANGING,False,True,-0.845,0.0,False
BRR,2023-04-28,RANGING,False,True,-1.757863070539429,-0.9128630705394291,False
BRRG,2024-04-02,TRENDING_UP,False,True,-0.916275837491089,-0.07127583749108901,False
BRRG,2024-07-05,TRENDING_UP,False,True,-3.87530303030303,-3.0303030303030303,False
BRRG,2024-12-13,TRENDING_UP,False,False,,,False
BRRG,2025-02-19,RANGING,False,False,,,False
BRRG,2025-06-05,TRENDING_UP,False,True,-0.845,0.0,False
BRRG,2025-07-25,TRENDING_UP,False,False,,,False
BRRG,2025-08-28,TRENDING_UP,False,True,-5.776669637551981,-4.931669637551981,False
BRRG,2025-10-09,TRENDING_UP,False,False,,,False
BRRG,2025-12-05,TRENDING_UP,False,False,,,False
BRRG,2026-05-11,TRENDING_UP,False,False,,,False
BTL,2020-02-12,RANGING,False,True,2.429898148148148,3.7037037037037033,True
BTL,2020-05-06,VOLATILE,False,True,-0.845,0.0,False
BTL,2020-07-22,RANGING,False,True,-0.845,0.0,False
BTL,2021-01-01,TRENDING_UP,False,True,-0.845,0.0,False
BTL,2021-04-29,RANGING,False,False,,,False
BTL,2021-11-19,TRENDING_UP,False,False,,,False
BTL,2023-05-17,RANGING,False,False,,,False
BTL,2024-10-07,TRENDING_UP,False,True,-0.4283333333333333,0.4166666666666667,False
BTL,2024-12-04,TRENDING_UP,False,False,,,False
BTL,2025-06-16,TRENDING_UP,False,True,-7.371516021120996,-6.5265160211209965,False
BTL,2025-11-14,VOLATILE,False,True,-0.845,0.0,False
BTL,2026-01-23,TRENDING_UP,False,False,,,False
BTL,2026-03-16,VOLATILE,False,False,,,False
BUXL,2020-05-21,RANGING,False,True,-3.182969813554304,-2.3379698135543037,False
BUXL,2020-09-03,TRENDING_UP,False,False,,,False
BUXL,2020-11-30,TRENDING_UP,False,True,10.174142247613537,12.814579114839455,True
BUXL,2021-07-09,RANGING,False,True,-0.845,0.0,False
BUXL,2022-01-10,RANGING,False,False,,,False
BUXL,2022-04-18,RANGING,False,False,,,False
BUXL,2022-07-18,TRENDING_DOWN,False,False,,,False
BUXL,2022-12-02,RANGING,False,False,,,False
BUXL,2023-03-15,RANGING,False,False,,,False
BUXL,2023-10-16,TRENDING_UP,False,True,-0.845,0.0,False
BUXL,2023-11-16,TRENDING_UP,False,False,,,False
BUXL,2024-04-23,TRENDING_UP,False,False,,,False
BUXL,2024-07-09,TRENDING_UP,False,False,,,False
BUXL,2024-12-09,TRENDING_UP,False,False,,,False
BUXL,2025-05-23,TRENDING_UP,False,False,,,False
BUXL,2026-06-18,TRENDING_UP,False,False,,,False
BWCL,2020-03-05,VOLATILE,False,True,-5.731877828054303,-4.8868778280543035,False
BWCL,2020-04-20,VOLATILE,False,True,5.663833333333327,7.508333333333325,True
BWCL,2020-07-13,RANGING,False,True,-1.9770754716981132,-1.1320754716981132,False
BWCL,2020-09-08,TRENDING_UP,False,True,-0.2968879415347102,0.5481120584652898,False
BWCL,2020-10-26,TRENDING_UP,False,True,-2.6742682926829264,-1.8292682926829267,False
BWCL,2021-01-01,TRENDING_UP,False,False,,,False
BWCL,2021-02-03,TRENDING_UP,False,True,-3.11944593101041,-2.27444593101041,False
BWCL,2021-05-31,TRENDING_UP,False,True,1.3370799800012168,2.418035270589667,True
BWCL,2021-12-31,RANGING,False,True,0.9988637085332127,2.020133774744956,True
BWCL,2022-04-15,RANGING,False,True,0.16410294117647053,1.0380622837370241,True
BWCL,2023-02-09,VOLATILE,False,False,,,False
BWCL,2023-04-26,RANGING,False,True,0.16106034482758627,1.0344827586206897,True
BWCL,2023-07-12,TRENDING_UP,False,False,,,False
BWCL,2023-09-27,TRENDING_UP,False,True,0.30584638554216875,1.2048192771084338,True
BWCL,2023-11-10,TRENDING_UP,False,False,,,False
BWCL,2024-01-23,TRENDING_UP,False,True,-2.271820299092913,-1.4268202990929133,False
BWCL,2024-02-29,TRENDING_UP,False,True,2.006136008434623,3.2051600099230857,True
BWCL,2024-04-04,TRENDING_UP,False,True,2.758472090261288,4.090261282660339,True
BWCL,2024-06-20,TRENDING_UP,False,False,,,False
BWCL,2024-10-16,TRENDING_UP,False,False,,,False
BWCL,2024-12-02,TRENDING_UP,False,False,,,False
BWCL,2025-04-04,TRENDING_UP,False,True,-0.845,0.0,False
BWCL,2025-07-11,TRENDING_UP,False,False,,,False
BWCL,2026-04-08,VOLATILE,False,True,-2.1004112554112577,-1.2554112554112578,False
BWCL,2026-06-15,TRENDING_UP,False,False,,,False
BWHL,2020-03-06,VOLATILE,False,True,-0.845,0.0,False
BWHL,2020-06-03,RANGING,False,False,,,False
BWHL,2020-07-17,RANGING,False,False,,,False
BWHL,2020-11-23,VOLATILE,False,True,-0.845,0.0,False
BWHL,2021-05-05,RANGING,False,True,-0.845,0.0,False
BWHL,2021-10-27,VOLATILE,False,False,,,False
BWHL,2022-08-15,RANGING,False,True,-0.845,0.0,False
BWHL,2022-11-24,RANGING,False,True,-0.9896968600781281,-0.14469686007812807,False
BWHL,2023-01-02,RANGING,False,True,4.070482394366198,5.633802816901409,True
BWHL,2023-07-14,TRENDING_UP,False,True,-0.845,0.0,False
BWHL,2023-12-14,TRENDING_UP,False,True,0.21581593406593416,1.098901098901099,True
BWHL,2024-04-18,TRENDING_UP,False,True,-1.3855405405405405,-0.5405405405405406,False
BWHL,2024-10-16,TRENDING_UP,False,False,,,False
BWHL,2025-01-20,TRENDING_UP,False,False,,,False
BWHL,2025-06-25,TRENDING_UP,False,False,,,False
BWHL,2025-07-24,TRENDING_UP,False,False,,,False
BWHL,2025-09-08,TRENDING_UP,False,False,,,False
BWHL,2026-01-06,TRENDING_UP,False,False,,,False
BWHL,2026-04-08,VOLATILE,False,True,0.1865400650502745,1.0644589000591465,True
CASH,2024-07-12,TRENDING_UP,False,False,,,False
CASH,2024-10-18,TRENDING_UP,False,True,6.330991021843755,8.293224731580889,True
CASH,2025-04-14,TRENDING_UP,False,True,-2.2418775677896416,-1.3968775677896414,False
CASH,2025-05-21,TRENDING_UP,False,True,-7.440365418894841,-6.595365418894842,False
CASH,2025-09-05,TRENDING_UP,False,True,5.2119825581395345,6.976744186046512,True
CASH,2026-01-01,TRENDING_UP,False,False,,,False
CCM,2024-01-02,TRENDING_UP,False,False,,,False
CCM,2025-09-03,TRENDING_UP,False,False,,,False
CCM,2026-04-08,VOLATILE,False,True,-0.845,0.0,False
CCM,2026-06-23,TRENDING_UP,False,True,-0.845,0.0,False
CENI,2020-07-21,RANGING,False,False,,,False
CENI,2021-01-06,TRENDING_UP,False,True,-2.928333333333333,-2.083333333333333,False
CENI,2021-08-04,TRENDING_UP,False,False,,,False
CENI,2022-01-26,RANGING,False,False,,,False
CENI,2022-04-08,RANGING,False,False,,,False
CENI,2022-08-10,RANGING,False,False,,,False
CENI,2023-03-21,RANGING,False,False,,,False
CENI,2023-07-27,TRENDING_UP,False,True,-0.845,0.0,False
CENI,2024-03-14,TRENDING_UP,False,False,,,False
CENI,2024-05-21,TRENDING_UP,False,True,-0.8834467512495254,-0.03844675124952542,False
CENI,2024-08-23,TRENDING_UP,False,True,-3.489885258654219,-2.644885258654219,False
CENI,2024-10-11,TRENDING_UP,False,True,-0.845,0.0,False
CENI,2025-02-11,VOLATILE,False,False,,,False
CENI,2025-07-03,TRENDING_UP,False,True,-0.4005555555555492,0.44444444444445075,False
CENI,2025-10-06,TRENDING_UP,False,False,,,False
CENI,2025-11-07,VOLATILE,False,True,0.8397948065173149,1.8329938900203704,True
CENI,2026-04-20,VOLATILE,False,True,4.168310276869836,5.748894443376278,True
CEPB,2020-01-30,RANGING,False,False,,,False
CEPB,2020-04-17,VOLATILE,False,False,,,False
CEPB,2020-06-16,RANGING,False,False,,,False
CEPB,2020-07-20,RANGING,False,False,,,False
CEPB,2020-08-26,TRENDING_UP,False,False,,,False
CEPB,2020-12-18,TRENDING_UP,False,True,1.1850030629488846,2.2391212505280995,True
CEPB,2021-05-19,TRENDING_UP,False,False,,,False
CEPB,2021-07-19,RANGING,False,True,-2.217010976087809,-1.3720109760878088,False
CEPB,2021-11-01,RANGING,False,False,,,False
CEPB,2022-08-05,RANGING,False,False,,,False
CEPB,2023-03-15,RANGING,False,False,,,False
CEPB,2023-05-31,RANGING,False,True,10.112534913353722,12.742099898063202,True
CEPB,2023-10-10,TRENDING_UP,False,False,,,False
CEPB,2024-05-09,TRENDING_UP,False,False,,,False
CEPB,2024-11-08,TRENDING_UP,False,False,,,False
CEPB,2025-05-20,TRENDING_UP,False,False,,,False
CEPB,2025-11-04,VOLATILE,False,False,,,False
CEPB,2026-01-01,TRENDING_UP,False,True,-3.476578947368421,-2.631578947368421,False
CEPB,2026-04-10,VOLATILE,False,True,5.5473171491080375,7.371255469538868,True
CEPB,2026-06-16,TRENDING_UP,False,False,,,False
CFL,2024-01-01,TRENDING_UP,False,True,-0.845,0.0,False
CFL,2025-09-05,TRENDING_UP,False,False,,,False
CFL,2026-04-08,VOLATILE,False,False,,,False
CFL,2026-06-18,TRENDING_UP,False,True,-6.8151492537313425,-5.970149253731343,False
CHAS,2024-02-02,RANGING,False,False,,,False
CHAS,2024-05-03,TRENDING_UP,False,False,,,False
CHAS,2024-09-09,TRENDING_UP,False,False,,,False
CHAS,2025-01-31,VOLATILE,False,True,-8.84499999999999,-7.99999999999999,False
CHAS,2025-07-07,TRENDING_UP,False,False,,,False
CHAS,2026-02-06,VOLATILE,False,False,,,False
CHAS,2026-04-28,TRENDING_UP,False,False,,,False
CHAS,2026-06-19,TRENDING_UP,False,False,,,False
CHBL,2024-06-04,TRENDING_UP,False,False,,,False
CHBL,2024-08-23,TRENDING_UP,False,False,,,False
CHBL,2024-11-07,TRENDING_UP,False,False,,,False
CHBL,2025-01-31,VOLATILE,False,False,,,False
CHBL,2025-07-14,TRENDING_UP,False,False,,,False
CHBL,2026-04-17,VOLATILE,False,True,-0.6110818713450342,0.23391812865496572,False
CHBL,2026-07-07,TRENDING_UP,False,False,,,False
CHCC,2020-01-27,TRENDING_UP,False,False,,,False
CHCC,2020-03-02,VOLATILE,False,False,,,False
CHCC,2020-04-17,VOLATILE,False,False,,,False
CHCC,2020-07-01,RANGING,False,False,,,False
CHCC,2020-10-23,VOLATILE,False,False,,,False
CHCC,2020-12-24,TRENDING_UP,False,False,,,False
CHCC,2021-01-27,TRENDING_UP,False,True,3.3682884615384623,4.807692307692308,True
CHCC,2021-05-18,TRENDING_UP,False,True,-2.4269209039548088,-1.5819209039548088,False
CHCC,2021-08-23,TRENDING_UP,False,True,-2.4834180790960483,-1.6384180790960483,False
CHCC,2021-10-29,RANGING,False,False,,,False
CHCC,2022-01-04,RANGING,False,True,-1.9561111111111036,-1.1111111111111036,False
CHCC,2022-04-12,RANGING,False,False,,,False
CHCC,2022-08-05,RANGING,False,False,,,False
CHCC,2023-02-09,VOLATILE,False,True,-1.7349082568807328,-0.8899082568807328,False
CHCC,2023-05-03,RANGING,False,True,-3.1433870967741893,-2.298387096774189,False
CHCC,2023-07-03,RANGING,False,False,,,False
CHCC,2023-10-05,TRENDING_UP,False,True,-3.3559489051094875,-2.5109489051094873,False
CHCC,2024-04-03,TRENDING_UP,False,False,,,False
CHCC,2024-10-23,TRENDING_UP,False,False,,,False
CHCC,2025-02-20,TRENDING_UP,False,False,,,False
CHCC,2025-06-11,TRENDING_UP,False,False,,,False
CHCC,2025-08-11,TRENDING_UP,False,False,,,False
CHCC,2025-12-12,TRENDING_UP,False,False,,,False
CHCC,2026-04-09,VOLATILE,False,False,,,False
CHCC,2026-06-15,TRENDING_UP,False,False,,,False
CLCPS,2024-06-06,RANGING,False,False,,,False
CLCPS,2024-08-23,TRENDING_UP,False,False,,,False
CLCPS,2024-11-07,TRENDING_UP,False,False,,,False
CLCPS,2024-12-27,TRENDING_UP,False,False,,,False
CLCPS,2025-06-16,TRENDING_UP,False,False,,,False
CLCPS,2025-07-18,TRENDING_UP,False,True,-0.845,0.0,False
CLCPS,2026-01-29,VOLATILE,False,True,8.849812827225135,11.256544502617807,True
CLCPS,2026-05-08,TRENDING_UP,False,True,10.266365384615382,12.92307692307692,True
CLCPS,2026-06-29,TRENDING_UP,False,False,,,False
CLOV,2020-03-04,VOLATILE,False,False,,,False
CLOV,2020-04-20,VOLATILE,False,True,-6.455526315789472,-5.610526315789472,False
CLOV,2020-06-09,RANGING,False,False,,,False
CLOV,2020-09-11,TRENDING_UP,False,False,,,False
CLOV,2021-05-24,TRENDING_UP,False,False,,,False
CLOV,2022-01-06,RANGING,False,False,,,False
CLOV,2022-03-03,TRENDING_DOWN,False,False,,,False
CLOV,2022-06-22,RANGING,False,False,,,False
CLOV,2022-08-05,RANGING,False,True,-0.845,0.0,False
CLOV,2023-08-01,TRENDING_UP,False,False,,,False
CLOV,2023-10-13,TRENDING_UP,False,False,,,False
CLOV,2023-11-15,TRENDING_UP,False,True,0.9537043147208148,1.9670050761421352,True
CLOV,2024-01-19,VOLATILE,False,True,-4.25879310344827,-3.4137931034482705,False
CLOV,2024-03-22,TRENDING_UP,False,False,,,False
CLOV,2024-04-29,TRENDING_UP,False,True,-8.207534948741854,-7.362534948741854,False
CLOV,2024-10-17,TRENDING_UP,False,False,,,False
CLOV,2024-12-03,TRENDING_UP,False,False,,,False
CLOV,2025-02-24,RANGING,False,True,5.324404028436019,7.109004739336493,True
CLOV,2025-07-09,TRENDING_UP,False,False,,,False
CLOV,2025-09-16,TRENDING_UP,False,False,,,False
CLOV,2026-01-20,TRENDING_UP,False,True,20.88117994957247,25.41109405832055,True
CLVL,2020-02-17,VOLATILE,False,False,,,False
CLVL,2020-06-22,RANGING,False,True,-0.845,0.0,False
CLVL,2020-09-15,TRENDING_UP,False,False,,,False
CLVL,2020-12-21,TRENDING_UP,False,False,,,False
CLVL,2021-01-25,TRENDING_UP,False,False,,,False
CLVL,2021-05-27,TRENDING_UP,False,False,,,False
CLVL,2021-07-02,RANGING,False,False,,,False
CLVL,2021-08-13,RANGING,False,False,,,False
CLVL,2022-03-25,TRENDING_DOWN,False,False,,,False
CLVL,2022-04-28,RANGING,False,False,,,False
CLVL,2022-06-07,TRENDING_DOWN,False,False,,,False
CLVL,2023-07-11,TRENDING_UP,False,True,-0.845,0.0,False
CLVL,2023-10-13,TRENDING_UP,False,False,,,False
CLVL,2023-11-20,TRENDING_UP,False,False,,,False
CLVL,2024-03-21,TRENDING_UP,False,False,,,False
CLVL,2024-04-30,TRENDING_UP,False,False,,,False
CLVL,2024-07-04,TRENDING_UP,False,False,,,False
CLVL,2024-12-18,TRENDING_UP,False,False,,,False
CLVL,2025-05-09,VOLATILE,False,False,,,False
CLVL,2025-07-25,TRENDING_UP,False,False,,,False
CLVL,2026-06-29,TRENDING_UP,False,False,,,False
CNERGY,2020-01-13,TRENDING_UP,False,False,,,False
CNERGY,2020-04-17,VOLATILE,False,True,-5.644999999999997,-4.799999999999997,False
CNERGY,2020-07-17,RANGING,False,False,,,False
CNERGY,2020-08-26,TRENDING_UP,False,False,,,False
CNERGY,2021-01-08,TRENDING_UP,False,True,-5.652692307692307,-4.8076923076923075,False
CNERGY,2021-02-19,RANGING,False,False,,,False
CNERGY,2021-05-31,TRENDING_UP,False,False,,,False
CNERGY,2021-12-29,RANGING,False,False,,,False
CNERGY,2022-04-11,RANGING,False,False,,,False
CNERGY,2023-07-31,TRENDING_UP,False,False,,,False
CNERGY,2023-10-03,TRENDING_UP,False,True,0.5894423076923031,1.538461538461533,True
CNERGY,2024-03-08,TRENDING_UP,False,False,,,False
CNERGY,2024-11-06,TRENDING_UP,False,False,,,False
CNERGY,2025-03-20,TRENDING_UP,False,False,,,False
CNERGY,2025-08-04,TRENDING_UP,False,False,,,False
CNERGY,2025-09-18,TRENDING_UP,False,False,,,False
CNERGY,2026-04-03,VOLATILE,False,True,-4.260300546448087,-3.415300546448087,False
CNERGY,2026-07-09,TRENDING_UP,False,False,,,False
COLG,2020-01-01,TRENDING_UP,False,False,,,False
COLG,2020-05-04,VOLATILE,False,True,-8.345002790001082,-7.500002790001082,False
COLG,2020-08-25,TRENDING_UP,False,False,,,False
COLG,2021-01-05,TRENDING_UP,False,True,4.497339741102989,6.1359879307093985,True
COLG,2021-05-20,TRENDING_UP,False,False,,,False
COLG,2021-10-28,RANGING,False,True,3.360710629751439,4.798777211472281,True
COLG,2022-06-10,TRENDING_DOWN,False,True,-0.845,0.0,False
COLG,2022-08-02,TRENDING_DOWN,False,False,,,False
COLG,2023-01-31,VOLATILE,False,False,,,False
COLG,2023-05-25,RANGING,False,False,,,False
COLG,2023-09-20,RANGING,False,True,-3.126590708531425,-2.2815907085314246,False
COLG,2023-11-03,TRENDING_UP,False,False,,,False
COLG,2024-08-29,TRENDING_UP,False,True,0.414151315789477,1.332236842105267,True
COLG,2024-10-28,TRENDING_UP,False,False,,,False
COLG,2026-06-22,TRENDING_UP,False,False,,,False
CPAL,2020-01-02,TRENDING_UP,False,True,-0.845,0.0,False
CPAL,2020-12-09,TRENDING_UP,False,False,,,False
CPHL,2022-02-03,RANGING,False,False,,,False
CPHL,2022-04-11,RANGING,False,False,,,False
CPHL,2022-06-10,TRENDING_DOWN,False,False,,,False
CPHL,2023-02-08,VOLATILE,False,False,,,False
CPHL,2023-07-10,TRENDING_UP,False,False,,,False
CPHL,2023-09-28,TRENDING_UP,False,False,,,False
CPHL,2023-11-20,TRENDING_UP,False,False,,,False
CPHL,2024-02-21,VOLATILE,False,True,-7.069237427864803,-6.224237427864804,False
CPHL,2024-04-26,TRENDING_UP,False,False,,,False
CPHL,2024-07-02,TRENDING_UP,False,False,,,False
CPHL,2024-08-23,TRENDING_UP,False,False,,,False
CPHL,2024-10-09,TRENDING_UP,False,False,,,False
CPHL,2024-11-11,TRENDING_UP,False,False,,,False
CPHL,2025-01-17,TRENDING_UP,False,False,,,False
CPHL,2025-04-10,TRENDING_UP,False,False,,,False
CPHL,2025-08-20,TRENDING_UP,False,False,,,False
CPHL,2025-12-05,TRENDING_UP,False,False,,,False
CPHL,2026-04-08,VOLATILE,False,True,-0.15274071743235096,0.692259282567649,False
CPHL,2026-06-16,TRENDING_UP,False,False,,,False
CPPL,2020-03-10,VOLATILE,False,False,,,False
CPPL,2020-04-17,VOLATILE,False,False,,,False
CPPL,2020-07-17,RANGING,False,True,-2.309374180387579,-1.4643741803875792,False
CPPL,2020-10-21,VOLATILE,False,False,,,False
CPPL,2021-02-04,TRENDING_UP,False,False,,,False
CPPL,2021-11-01,RANGING,False,True,-0.5717759562841529,0.273224043715847,False
CPPL,2022-02-03,RANGING,False,False,,,False
CPPL,2023-02-10,VOLATILE,False,False,,,False
CPPL,2023-04-27,RANGING,False,False,,,False
CPPL,2023-07-10,TRENDING_UP,False,False,,,False
CPPL,2023-10-10,TRENDING_UP,False,False,,,False
CPPL,2024-01-23,TRENDING_UP,False,False,,,False
CPPL,2024-04-26,TRENDING_UP,False,True,-2.8753756994404416,-2.0303756994404414,False
CPPL,2024-10-24,TRENDING_UP,False,False,,,False
CPPL,2025-05-29,TRENDING_UP,False,False,,,False
CPPL,2025-07-10,TRENDING_UP,False,False,,,False
CPPL,2025-09-10,TRENDING_UP,False,True,-4.877258064516129,-4.032258064516129,False
CPPL,2026-04-10,VOLATILE,False,True,5.175083333333337,6.933333333333337,True
CPPL,2026-06-09,TRENDING_UP,False,False,,,False
CRTM,2020-05-13,VOLATILE,False,False,,,False
CRTM,2020-11-13,VOLATILE,False,True,-0.08309523809523733,0.7619047619047626,False
CRTM,2022-01-10,RANGING,False,True,-0.1864863593603151,0.6585136406396849,False
CRTM,2022-04-11,RANGING,False,True,-1.1027319587628719,-0.25773195876287197,False
CRTM,2022-08-15,RANGING,False,False,,,False
CRTM,2023-01-26,VOLATILE,False,True,-0.6979411764705914,0.14705882352940863,False
CRTM,2023-05-08,RANGING,False,True,3.1335165130568354,4.5314900153609825,True
CRTM,2023-07-11,TRENDING_UP,False,False,,,False
CRTM,2023-11-22,TRENDING_UP,False,False,,,False
CRTM,2024-04-24,TRENDING_UP,False,True,-3.7576213592232968,-2.9126213592232966,False
CRTM,2024-07-09,TRENDING_UP,False,False,,,False
CRTM,2024-08-16,RANGING,False,True,-7.6151863354037355,-6.770186335403736,False
CRTM,2024-11-19,TRENDING_UP,False,False,,,False
CRTM,2025-03-20,TRENDING_UP,False,False,,,False
CRTM,2025-05-21,TRENDING_UP,False,False,,,False
CRTM,2025-09-22,TRENDING_UP,False,False,,,False
CRTM,2025-11-26,TRENDING_UP,False,False,,,False
CRTM,2026-03-04,VOLATILE,False,False,,,False
CRTM,2026-04-20,VOLATILE,True,True,-8.82174418604651,-7.976744186046511,False
CRTM,2026-07-07,TRENDING_UP,False,False,,,False
CSAP,2020-03-02,VOLATILE,False,False,,,False
CSAP,2020-07-03,RANGING,False,False,,,False
CSAP,2020-08-07,TRENDING_UP,False,False,,,False
CSAP,2020-10-26,TRENDING_UP,False,False,,,False
CSAP,2020-12-07,TRENDING_UP,False,False,,,False
CSAP,2021-05-28,TRENDING_UP,False,False,,,False
CSAP,2021-07-23,RANGING,False,False,,,False
CSAP,2021-12-20,VOLATILE,False,False,,,False
CSAP,2022-07-05,TRENDING_DOWN,False,False,,,False
CSAP,2023-07-10,TRENDING_UP,False,False,,,False
CSAP,2023-10-04,TRENDING_UP,False,False,,,False
CSAP,2024-02-15,VOLATILE,False,True,-6.957359550561795,-6.112359550561795,False
CSAP,2024-08-08,RANGING,False,False,,,False
CSAP,2024-10-01,TRENDING_UP,False,False,,,False
CSAP,2025-01-02,TRENDING_UP,False,True,-4.404602649006621,-3.5596026490066204,False
CSAP,2025-04-17,TRENDING_UP,False,False,,,False
CSAP,2025-09-17,TRENDING_UP,False,False,,,False
CSAP,2025-12-10,TRENDING_UP,False,True,-3.2373444976076557,-2.3923444976076556,False
CSAP,2026-06-09,TRENDING_UP,False,True,-1.3604639175257731,-0.5154639175257731,False
CSIL,2020-05-11,VOLATILE,False,False,,,False
CSIL,2020-08-11,TRENDING_UP,False,True,-8.84499999999999,-7.999999999999989,False
CSIL,2021-01-01,TRENDING_UP,False,True,-4.178333333333336,-3.333333333333336,False
CSIL,2021-04-02,VOLATILE,False,False,,,False
CSIL,2021-05-26,TRENDING_UP,False,True,-0.1998387096774188,0.6451612903225812,False
CSIL,2022-01-11,RANGING,False,True,8.974732456140359,11.403508771929834,True
CSIL,2022-08-12,RANGING,False,True,-1.3304368932038946,-0.4854368932038947,False
CSIL,2023-08-11,TRENDING_UP,False,False,,,False
CSIL,2023-12-13,TRENDING_UP,False,False,,,False
CSIL,2024-03-04,TRENDING_UP,False,False,,,False
CSIL,2024-05-09,TRENDING_UP,False,True,-3.418529411764716,-2.5735294117647163,False
CSIL,2024-11-21,TRENDING_UP,False,True,0.434292372881357,1.3559322033898318,True
CSIL,2025-06-16,TRENDING_UP,False,True,-8.845,-8.0,False
CSIL,2025-09-18,TRENDING_UP,False,False,,,False
CSIL,2025-12-12,TRENDING_UP,False,False,,,False
CSIL,2026-04-17,VOLATILE,False,False,,,False
CTM,2024-06-06,RANGING,False,True,-0.845,0.0,False
CTM,2024-08-12,RANGING,False,False,,,False
CTM,2024-11-05,TRENDING_UP,False,False,,,False
CTM,2025-05-22,TRENDING_UP,False,False,,,False
CTM,2025-09-02,TRENDING_UP,False,False,,,False
CTM,2025-10-24,VOLATILE,False,False,,,False
CTM,2026-01-02,TRENDING_UP,False,False,,,False
CTM,2026-04-20,VOLATILE,False,False,,,False
CWSM,2024-01-01,TRENDING_UP,False,True,24.326392857142864,29.464285714285722,True
CWSM,2024-02-16,VOLATILE,True,False,,,False
CWSM,2024-07-24,TRENDING_UP,False,False,,,False
CWSM,2025-01-03,TRENDING_UP,False,False,,,False
CWSM,2025-04-18,TRENDING_UP,False,False,,,False
CWSM,2025-10-30,VOLATILE,False,False,,,False
CYAN,2020-04-20,VOLATILE,False,True,-0.845,0.0,False
CYAN,2020-07-14,RANGING,False,False,,,False
CYAN,2020-12-02,TRENDING_UP,False,False,,,False
CYAN,2021-01-01,TRENDING_UP,False,False,,,False
CYAN,2021-07-27,RANGING,False,False,,,False
CYAN,2022-01-03,RANGING,False,False,,,False
CYAN,2022-02-09,TRENDING_UP,False,False,,,False
CYAN,2022-08-10,RANGING,False,False,,,False
CYAN,2022-10-19,RANGING,False,False,,,False
CYAN,2023-01-06,RANGING,False,False,,,False
CYAN,2023-04-27,RANGING,False,False,,,False
CYAN,2023-07-10,TRENDING_UP,False,False,,,False
CYAN,2023-10-11,TRENDING_UP,False,False,,,False
CYAN,2024-03-01,TRENDING_UP,False,False,,,False
CYAN,2024-04-30,TRENDING_UP,False,False,,,False
CYAN,2024-08-30,TRENDING_UP,False,False,,,False
CYAN,2024-10-16,TRENDING_UP,False,False,,,False
CYAN,2024-11-15,TRENDING_UP,False,True,-2.427733812949645,-1.5827338129496449,False
CYAN,2025-04-21,TRENDING_UP,False,False,,,False
CYAN,2025-07-08,TRENDING_UP,False,True,-0.845,0.0,False
CYAN,2025-10-20,TRENDING_UP,False,True,1.7537857941834396,2.908277404921694,True
DAAG,2020-01-30,RANGING,False,False,,,False
DAAG,2020-04-01,TRENDING_DOWN,False,False,,,False
DAAG,2020-07-02,RANGING,False,False,,,False
DAAG,2020-11-18,VOLATILE,False,False,,,False
DAAG,2021-06-02,TRENDING_UP,False,False,,,False
DAAG,2021-07-07,RANGING,False,False,,,False
DAAG,2021-08-26,RANGING,False,True,-7.046550387596905,-6.201550387596905,False
DAAG,2022-05-31,TRENDING_DOWN,False,True,-2.0571212121212077,-1.2121212121212077,False
DAAG,2023-06-21,RANGING,False,True,-0.845,0.0,False
DAAG,2023-11-10,TRENDING_UP,False,True,-1.7087873754152874,-0.8637873754152875,False
DAAG,2024-02-23,VOLATILE,False,True,-0.845,0.0,False
DAAG,2024-05-02,TRENDING_UP,False,False,,,False
DAAG,2024-12-12,TRENDING_UP,False,False,,,False
DAAG,2025-03-27,TRENDING_UP,False,False,,,False
DAAG,2025-06-16,TRENDING_UP,False,False,,,False
DAAG,2026-06-01,TRENDING_UP,False,False,,,False
DADX,2020-07-16,RANGING,False,False,,,False
DADX,2020-09-03,TRENDING_UP,False,False,,,False
DADX,2021-01-14,TRENDING_UP,False,False,,,False
DADX,2021-03-17,VOLATILE,False,True,-0.845,0.0,False
DADX,2021-06-18,TRENDING_UP,False,True,-0.845,0.0,False
DADX,2022-04-01,RANGING,False,True,4.498639709275489,6.137517305029987,True
DADX,2022-05-23,TRENDING_DOWN,False,False,,,False
DADX,2023-03-16,RANGING,False,False,,,False
DADX,2023-07-21,TRENDING_UP,False,True,6.676975464190967,8.700265251989373,True
DADX,2023-11-16,TRENDING_UP,False,False,,,False
DADX,2024-05-07,TRENDING_UP,False,True,5.038624095513757,6.7727930535455965,True
DADX,2024-11-01,TRENDING_UP,False,False,,,False
DADX,2024-12-31,TRENDING_UP,False,False,,,False
DADX,2025-02-21,RANGING,False,False,,,False
DADX,2025-05-15,TRENDING_UP,False,False,,,False
DADX,2025-09-29,TRENDING_UP,False,False,,,False
DADX,2026-05-15,VOLATILE,False,False,,,False
DATM,2023-01-23,TRENDING_DOWN,False,False,,,False
DATM,2023-04-17,TRENDING_DOWN,True,False,,,False
DAWH,2024-03-01,TRENDING_UP,False,False,,,False
DAWH,2024-10-08,TRENDING_UP,False,False,,,False
DAWH,2024-11-07,TRENDING_UP,False,False,,,False
DBCI,2024-06-03,TRENDING_UP,False,False,,,False
DBCI,2024-12-02,TRENDING_UP,False,False,,,False
DBCI,2025-05-30,TRENDING_UP,False,False,,,False
DBCI,2025-07-24,TRENDING_UP,False,False,,,False
DBCI,2025-12-15,TRENDING_UP,False,False,,,False
DBCI,2026-04-07,VOLATILE,False,False,,,False
DBCI,2026-06-05,TRENDING_UP,False,True,-0.845,0.0,False
DBCI,2026-07-09,TRENDING_UP,False,False,,,False
DCL,2020-01-13,TRENDING_UP,False,False,,,False
DCL,2020-04-17,VOLATILE,False,False,,,False
DCL,2020-07-20,RANGING,False,False,,,False
DCL,2020-08-24,TRENDING_UP,False,False,,,False
DCL,2020-12-15,TRENDING_UP,False,True,-3.794571836346342,-2.9495718363463417,False
DCL,2021-02-17,TRENDING_UP,False,False,,,False
DCL,2021-05-25,TRENDING_UP,False,False,,,False
DCL,2021-08-23,TRENDING_UP,False,False,,,False
DCL,2022-04-11,RANGING,False,False,,,False
DCL,2022-08-05,RANGING,False,False,,,False
DCL,2022-10-14,RANGING,False,True,-0.6707839721254393,0.17421602787456072,False
DCL,2023-07-11,TRENDING_UP,False,False,,,False
DCL,2023-10-20,TRENDING_UP,False,False,,,False
DCL,2024-01-25,TRENDING_UP,False,True,-3.4160419485791547,-2.5710419485791545,False
DCL,2024-04-03,TRENDING_UP,False,False,,,False
DCL,2024-08-21,RANGING,False,False,,,False
DCL,2024-11-04,TRENDING_UP,False,False,,,False
DCL,2024-12-03,TRENDING_UP,False,False,,,False
DCL,2025-03-10,TRENDING_UP,False,True,-1.6879926238145424,-0.8429926238145424,False
DCL,2025-04-15,TRENDING_UP,False,False,,,False
DCL,2025-05-30,TRENDING_UP,False,False,,,False
DCL,2025-08-29,TRENDING_UP,False,False,,,False
DCL,2025-12-10,TRENDING_UP,False,False,,,False
DCL,2026-04-08,VOLATILE,False,True,-0.6118997668997719,0.23310023310022812,False
DCR,2021-04-20,RANGING,False,True,0.9322354368931979,1.941747572815527,True
DCR,2021-07-01,RANGING,False,True,-0.4005555555555492,0.44444444444445075,False
DCR,2021-09-28,RANGING,False,True,-4.691153846153851,-3.846153846153851,False
DCR,2022-01-21,RANGING,False,True,-0.845,0.0,False
DCR,2022-02-21,RANGING,False,True,2.2787492498124573,3.5258814703675965,True
DCR,2022-07-13,VOLATILE,False,False,,,False
DCR,2024-03-29,TRENDING_UP,False,True,1.0043216282320004,2.02655485674353,True
DCR,2024-05-10,TRENDING_UP,False,False,,,False
DCR,2024-07-01,TRENDING_UP,False,True,-0.2497619047619174,0.5952380952380826,False
DCR,2024-08-30,TRENDING_UP,False,True,-1.8927299185098936,-1.0477299185098936,False
DCR,2024-10-11,TRENDING_UP,False,True,4.806053659202629,6.499180775532504,True
DCR,2024-12-02,TRENDING_UP,False,False,,,False
DCR,2025-03-05,RANGING,False,False,,,False
DCR,2025-05-12,VOLATILE,False,True,-2.025502665651189,-1.1805026656511892,False
DCR,2025-07-22,TRENDING_UP,False,True,-0.9156713780918713,-0.07067137809187128,False
DCR,2025-12-01,TRENDING_UP,False,False,,,False
DCR,2026-06-15,TRENDING_UP,False,True,-0.5470585048754077,0.29794149512459217,False
DEL,2024-01-01,TRENDING_UP,False,True,-0.3587763371150689,0.4862236628849311,False
DEL,2024-09-05,TRENDING_UP,False,False,,,False
DEL,2024-12-02,TRENDING_UP,False,False,,,False
DEL,2025-05-23,TRENDING_UP,False,False,,,False
DEL,2025-08-05,TRENDING_UP,False,False,,,False
DEL,2025-10-23,TRENDING_UP,False,False,,,False
DEL,2026-01-09,TRENDING_UP,False,False,,,False
DFML,2020-06-26,RANGING,False,True,-6.792955390334577,-5.947955390334577,False
DFML,2020-09-04,TRENDING_UP,False,False,,,False
DFML,2021-05-19,TRENDING_UP,False,False,,,False
DFML,2021-06-24,TRENDING_UP,False,False,,,False
DFML,2021-11-04,RANGING,False,False,,,False
DFML,2022-04-12,RANGING,False,True,-2.8450000000000015,-2.0000000000000018,False
DFML,2022-08-15,RANGING,False,False,,,False
DFML,2022-10-13,RANGING,False,False,,,False
DFML,2022-11-30,RANGING,True,False,,,False
DFML,2023-07-10,TRENDING_UP,False,True,7.781750000000005,10.000000000000007,True
DFML,2023-08-16,TRENDING_UP,False,False,,,False
DFML,2023-12-05,TRENDING_UP,False,False,,,False
DFML,2024-02-16,VOLATILE,False,False,,,False
DFML,2024-04-02,TRENDING_UP,False,False,,,False
DFML,2024-08-26,TRENDING_UP,False,False,,,False
DFML,2025-01-16,TRENDING_UP,False,False,,,False
DFML,2025-06-13,TRENDING_UP,False,False,,,False
DFML,2025-09-02,TRENDING_UP,False,False,,,False
DFML,2026-01-06,TRENDING_UP,False,False,,,False
DFML,2026-05-08,TRENDING_UP,False,False,,,False
DFSM,2024-01-01,TRENDING_UP,False,False,,,False
DFSM,2024-04-19,TRENDING_UP,False,False,,,False
DFSM,2024-05-21,TRENDING_UP,False,True,-6.712970660146693,-5.867970660146693,False
DFSM,2024-08-12,RANGING,False,False,,,False
DFSM,2024-12-12,TRENDING_UP,False,False,,,False
DFSM,2025-06-11,TRENDING_UP,False,False,,,False
DFSM,2025-09-17,TRENDING_UP,False,False,,,False
DFSM,2025-12-19,TRENDING_UP,False,True,-7.042654941373536,-6.1976549413735365,False
DFSM,2026-01-22,TRENDING_UP,False,False,,,False
DFSM,2026-03-24,VOLATILE,False,False,,,False
DFSM,2026-06-24,TRENDING_UP,True,False,,,False
DGKC,2020-03-03,VOLATILE,False,False,,,False
DGKC,2020-04-17,VOLATILE,False,False,,,False
DGKC,2020-06-29,RANGING,False,False,,,False
DGKC,2020-08-18,TRENDING_UP,False,True,-2.8584228187919463,-2.013422818791946,False
DGKC,2021-01-29,TRENDING_UP,False,False,,,False
DGKC,2021-05-31,TRENDING_UP,False,False,,,False
DGKC,2021-11-01,RANGING,False,False,,,False
DGKC,2022-08-15,RANGING,False,False,,,False
DGKC,2023-03-15,RANGING,False,False,,,False
DGKC,2023-05-02,RANGING,False,False,,,False
DGKC,2023-06-02,RANGING,False,True,-2.10274357048996,-1.25774357048996,False
DGKC,2023-07-11,TRENDING_UP,False,False,,,False
DGKC,2023-10-05,TRENDING_UP,False,False,,,False
DGKC,2024-04-23,TRENDING_UP,False,False,,,False
DGKC,2024-06-13,TRENDING_UP,False,False,,,False
DGKC,2024-10-23,TRENDING_UP,False,False,,,False
DGKC,2024-12-03,TRENDING_UP,False,False,,,False
DGKC,2025-02-20,TRENDING_UP,False,False,,,False
DGKC,2025-05-05,VOLATILE,False,False,,,False
DGKC,2025-08-04,TRENDING_UP,False,False,,,False
DGKC,2025-12-08,TRENDING_UP,False,False,,,False
DGKC,2026-04-10,VOLATILE,False,True,6.333636792452839,8.296337402885692,True
DGKC,2026-06-01,TRENDING_UP,False,True,-0.8707003341043492,-0.0257003341043492,False
DHPL,2025-06-02,TRENDING_UP,False,True,-6.1361392405063375,-5.291139240506338,False
DHPL,2025-07-14,TRENDING_UP,False,False,,,False
DHPL,2025-10-23,TRENDING_UP,False,False,,,False
DHPL,2025-12-09,TRENDING_UP,False,False,,,False
DIIL,2022-10-27,RANGING,False,False,,,False
DIIL,2025-03-04,RANGING,False,True,-7.366739130434782,-6.521739130434782,False
DIIL,2025-07-24,TRENDING_UP,False,False,,,False
DIIL,2025-09-12,TRENDING_UP,False,False,,,False
DIIL,2026-01-06,TRENDING_UP,False,False,,,False
DIIL,2026-04-07,VOLATILE,False,False,,,False
DINT,2025-07-01,TRENDING_UP,False,False,,,False
DINT,2025-09-26,TRENDING_UP,False,False,,,False
DINT,2026-04-07,VOLATILE,False,False,,,False
DINT,2026-06-16,TRENDING_UP,False,False,,,False
DLL,2024-01-08,VOLATILE,False,False,,,False
DLL,2024-04-25,TRENDING_UP,False,True,-0.845,0.0,False
DLL,2024-12-09,TRENDING_UP,False,False,,,False
DLL,2025-01-08,TRENDING_UP,False,False,,,False
DLL,2025-07-10,TRENDING_UP,False,False,,,False
DLL,2025-08-22,TRENDING_UP,False,False,,,False
DLL,2025-10-07,TRENDING_UP,False,True,-1.1409324449295792,-0.2959324449295793,False
DLL,2026-05-25,TRENDING_UP,False,False,,,False
DMC,2025-09-22,TRENDING_UP,False,False,,,False
DMC,2025-12-10,TRENDING_UP,False,True,-8.795000000000007,-7.950000000000007,False
DMC,2026-04-15,VOLATILE,False,False,,,False
DMIL,2020-07-21,RANGING,False,False,,,False
DMTM,2024-06-05,RANGING,False,False,,,False
DMTM,2024-08-12,RANGING,False,False,,,False
DMTM,2025-05-06,VOLATILE,False,True,9.147821428571419,11.607142857142847,True
DMTM,2025-08-07,TRENDING_UP,False,False,,,False
DMTX,2025-01-09,VOLATILE,False,False,,,False
DNCC,2020-07-20,RANGING,False,False,,,False
DNCC,2020-10-26,TRENDING_UP,False,False,,,False
DNCC,2020-12-31,TRENDING_UP,False,True,-3.713068833652014,-2.868068833652014,False
DNCC,2021-04-16,RANGING,False,False,,,False
DNCC,2021-06-10,TRENDING_UP,False,False,,,False
DNCC,2021-10-29,RANGING,False,False,,,False
DNCC,2022-08-16,RANGING,False,False,,,False
DNCC,2023-05-03,RANGING,False,False,,,False
DNCC,2023-11-02,TRENDING_UP,False,False,,,False
DNCC,2024-04-19,TRENDING_UP,False,True,3.43125419527079,4.881769641495047,True
DNCC,2024-12-12,TRENDING_UP,False,True,0.09905769230769726,0.9615384615384673,True
DNCC,2025-01-15,VOLATILE,False,False,,,False
DNCC,2025-09-17,TRENDING_UP,False,True,-2.522270098322725,-1.6772700983227251,False
DNCC,2025-10-27,VOLATILE,False,False,,,False
DNCC,2026-05-07,TRENDING_UP,False,False,,,False
DOL,2020-03-09,VOLATILE,False,False,,,False
DOL,2020-04-15,TRENDING_DOWN,False,False,,,False
DOL,2020-07-16,RANGING,False,False,,,False
DOL,2020-08-31,TRENDING_UP,False,False,,,False
DOL,2020-12-17,TRENDING_UP,False,False,,,False
DOL,2021-05-26,TRENDING_UP,False,False,,,False
DOL,2021-11-02,RANGING,False,True,1.772839108910886,2.9306930693069244,True
DOL,2022-08-03,RANGING,False,False,,,False
DOL,2022-10-10,RANGING,False,True,-4.3618903285515875,-3.516890328551588,False
DOL,2023-01-26,VOLATILE,False,True,-2.972659574468085,-2.127659574468085,False
DOL,2023-03-17,RANGING,False,False,,,False
DOL,2023-07-19,TRENDING_UP,False,False,,,False
DOL,2023-11-17,TRENDING_UP,False,False,,,False
DOL,2024-06-25,TRENDING_UP,False,False,,,False
DOL,2024-09-09,TRENDING_UP,False,False,,,False
DOL,2024-11-13,TRENDING_UP,False,False,,,False
DOL,2025-02-19,RANGING,False,False,,,False
DOL,2025-05-14,VOLATILE,False,False,,,False
DOL,2025-09-03,TRENDING_UP,False,False,,,False
DOL,2025-11-24,RANGING,False,False,,,False
DOL,2026-04-09,VOLATILE,False,True,-2.1827926421404635,-1.3377926421404636,False
DSIL,2024-01-01,TRENDING_UP,False,True,6.341550664451827,8.305647840531561,True
DSIL,2024-06-07,RANGING,False,False,,,False
DSIL,2024-09-06,TRENDING_UP,False,False,,,False
DSIL,2025-02-04,VOLATILE,False,False,,,False
DSIL,2025-06-11,TRENDING_UP,False,False,,,False
DSIL,2025-09-09,TRENDING_UP,False,True,-6.085174672489087,-5.240174672489087,False
DSIL,2026-04-20,VOLATILE,False,True,0.4346476572133297,1.3563501849568584,True
DSL,2020-07-10,RANGING,False,False,,,False
DSL,2020-11-26,VOLATILE,False,False,,,False
DSL,2021-02-17,TRENDING_UP,False,False,,,False
DSL,2021-04-02,VOLATILE,False,False,,,False
DSL,2021-05-31,TRENDING_UP,False,False,,,False
DSL,2022-01-05,RANGING,False,False,,,False
DSL,2022-04-11,RANGING,False,False,,,False
DSL,2022-05-26,TRENDING_DOWN,False,False,,,False
DSL,2022-09-01,RANGING,False,False,,,False
DSL,2023-02-07,VOLATILE,False,True,-0.845,0.0,False
DSL,2023-03-08,RANGING,False,True,8.26413747553816,10.567514677103718,True
DSL,2023-06-06,RANGING,False,True,0.621504816112082,1.5761821366024493,True
DSL,2023-10-16,TRENDING_UP,False,True,2.9412411937377647,4.305283757338547,True
DSL,2024-05-13,TRENDING_UP,False,True,-0.845,0.0,False
DSL,2025-04-17,TRENDING_UP,False,False,,,False
DSL,2025-07-28,TRENDING_UP,False,True,-0.845,0.0,False
DSL,2025-09-08,TRENDING_UP,False,False,,,False
DSL,2026-04-20,VOLATILE,False,False,,,False
DSML,2024-01-09,VOLATILE,False,False,,,False
DSML,2024-08-20,RANGING,False,False,,,False
DSML,2024-11-14,TRENDING_UP,False,True,13.766957100591721,17.0414201183432,True
DWAE,2024-06-03,TRENDING_UP,False,False,,,False
DWAE,2024-11-04,TRENDING_UP,False,False,,,False
DWAE,2025-01-06,TRENDING_UP,False,False,,,False
DWAE,2025-06-05,TRENDING_UP,False,False,,,False
DWAE,2026-01-05,TRENDING_UP,False,False,,,False
DWAE,2026-05-08,TRENDING_UP,False,False,,,False
DWSM,2024-04-19,TRENDING_UP,False,False,,,False
DWSM,2024-05-21,TRENDING_UP,False,False,,,False
DWSM,2024-07-25,RANGING,False,False,,,False
DWSM,2024-10-31,TRENDING_UP,False,False,,,False
DWSM,2024-12-24,TRENDING_UP,False,True,-1.5749270072992676,-0.7299270072992675,False
DWSM,2025-06-16,TRENDING_UP,False,False,,,False
DWSM,2025-07-21,TRENDING_UP,False,False,,,False
DWSM,2025-09-18,TRENDING_UP,False,False,,,False
DWSM,2026-04-23,TRENDING_UP,False,True,-2.362450682852802,-1.517450682852802,False
DWSM,2026-07-03,TRENDING_UP,False,True,-0.5943734335839652,0.25062656641603476,False
DWTM,2024-01-23,TRENDING_UP,False,False,,,False
DWTM,2024-06-27,TRENDING_UP,False,False,,,False
DWTM,2024-12-04,TRENDING_UP,False,False,,,False
DWTM,2026-02-11,VOLATILE,False,False,,,False
DWTM,2026-07-01,TRENDING_UP,False,False,,,False
DYNO,2020-02-21,RANGING,False,True,-1.9004382846350436,-1.0554382846350436,False
DYNO,2020-04-29,VOLATILE,False,False,,,False
DYNO,2020-06-05,RANGING,False,False,,,False
DYNO,2020-08-27,TRENDING_UP,False,False,,,False
DYNO,2020-10-20,VOLATILE,False,False,,,False
DYNO,2021-01-07,TRENDING_UP,False,False,,,False
DYNO,2021-04-26,TRENDING_UP,False,False,,,False
DYNO,2021-07-02,RANGING,False,False,,,False
DYNO,2021-08-24,TRENDING_UP,False,True,0.572247896213179,1.5182328190743282,True
DYNO,2022-06-27,TRENDING_DOWN,False,False,,,False
DYNO,2022-08-19,RANGING,False,True,-1.3101162790697674,-0.46511627906976744,False
DYNO,2023-03-28,TRENDING_DOWN,False,True,-0.845,0.0,False
DYNO,2023-08-18,TRENDING_UP,False,False,,,False
DYNO,2023-10-24,TRENDING_UP,False,False,,,False
DYNO,2024-05-06,TRENDING_UP,False,False,,,False
DYNO,2024-06-13,TRENDING_UP,False,False,,,False
DYNO,2024-12-02,TRENDING_UP,False,False,,,False
DYNO,2025-02-27,TRENDING_UP,False,False,,,False
DYNO,2025-05-30,TRENDING_UP,False,False,,,False
DYNO,2025-09-03,TRENDING_UP,False,False,,,False
DYNO,2025-11-28,TRENDING_UP,False,False,,,False
DYNO,2026-01-05,TRENDING_UP,False,True,-2.21270120988954,-1.36770120988954,False
DYNO,2026-04-08,VOLATILE,False,False,,,False
DYNO,2026-06-04,TRENDING_UP,False,False,,,False
ECOP,2020-04-20,VOLATILE,False,False,,,False
ECOP,2020-07-17,RANGING,True,True,-6.12384206045125,-5.27884206045125,False
ECOP,2020-08-25,TRENDING_UP,False,False,,,False
ECOP,2020-10-19,VOLATILE,False,False,,,False
ECOP,2020-11-27,TRENDING_UP,False,True,8.761070531757765,11.152141802067959,True
ECOP,2021-02-26,RANGING,False,False,,,False
ECOP,2021-06-07,TRENDING_UP,False,False,,,False
ECOP,2021-09-16,RANGING,False,False,,,False
ECOP,2022-05-19,TRENDING_DOWN,False,False,,,False
ECOP,2022-08-15,RANGING,False,True,-3.5221653543307134,-2.6771653543307132,False
ECOP,2023-02-07,VOLATILE,False,True,-1.4661180124223692,-0.6211180124223691,False
ECOP,2023-03-21,RANGING,False,True,-0.845,0.0,False
ECOP,2023-07-11,TRENDING_UP,False,False,,,False
ECOP,2023-11-16,TRENDING_UP,False,False,,,False
ECOP,2024-06-24,TRENDING_UP,False,False,,,False
ECOP,2024-08-21,RANGING,False,False,,,False
ECOP,2024-12-02,TRENDING_UP,False,False,,,False
ECOP,2025-04-08,RANGING,False,False,,,False
ECOP,2025-08-19,TRENDING_UP,False,False,,,False
ECOP,2026-01-09,TRENDING_UP,False,False,,,False
ECOP,2026-04-08,VOLATILE,False,False,,,False
ECOP,2026-06-17,TRENDING_UP,False,True,-1.3057445632141542,-0.46074456321415413,False
EFERT,2020-07-02,RANGING,False,True,-0.49181329266335067,0.3531867073366493,False
EFERT,2020-10-21,VOLATILE,False,False,,,False
EFERT,2021-01-07,TRENDING_UP,False,False,,,False
EFERT,2021-04-19,RANGING,False,False,,,False
EFERT,2021-10-20,VOLATILE,False,False,,,False
EFERT,2022-01-05,RANGING,False,False,,,False
EFERT,2022-02-28,TRENDING_DOWN,False,False,,,False
EFERT,2022-04-19,RANGING,False,False,,,False
EFERT,2023-02-09,VOLATILE,False,True,1.0327800176574455,2.0600353148911124,True
EFERT,2023-10-04,TRENDING_UP,False,False,,,False
EFERT,2024-02-28,TRENDING_UP,False,False,,,False
EFERT,2024-04-03,TRENDING_UP,False,False,,,False
EFERT,2024-06-13,TRENDING_UP,False,False,,,False
EFERT,2024-09-10,TRENDING_UP,False,False,,,False
EFERT,2025-01-02,TRENDING_UP,False,False,,,False
EFERT,2025-06-03,TRENDING_UP,False,True,-2.31496165317426,-1.46996165317426,False
EFERT,2025-07-17,TRENDING_UP,False,False,,,False
EFERT,2025-09-10,TRENDING_UP,False,False,,,False
EFERT,2026-01-02,TRENDING_UP,False,False,,,False
EFGH,2024-04-02,TRENDING_UP,False,False,,,False
EFGH,2024-09-20,TRENDING_UP,False,False,,,False
EFUG,2020-04-29,VOLATILE,False,False,,,False
EFUG,2020-09-09,TRENDING_UP,False,False,,,False
EFUG,2022-04-20,RANGING,False,True,0.2726932507948691,1.1658155891704343,True
EFUG,2022-06-24,TRENDING_DOWN,False,False,,,False
EFUG,2023-01-24,TRENDING_DOWN,False,True,-1.7550101112234637,-0.9100101112234638,False
EFUG,2023-09-27,TRENDING_UP,False,False,,,False
EFUG,2024-05-22,TRENDING_UP,False,True,0.2716335431125698,1.1645688742500822,True
EFUG,2024-08-30,TRENDING_UP,False,True,0.15992892824704494,1.033151680290641,True
EFUG,2024-10-30,TRENDING_UP,False,False,,,False
EFUG,2025-07-14,TRENDING_UP,False,False,,,False
EFUL,2020-03-20,VOLATILE,False,True,5.077604922279791,6.81865284974093,True
EFUL,2020-09-09,TRENDING_UP,False,False,,,False
EFUL,2020-12-28,TRENDING_UP,False,True,0.765540523690773,1.7456359102244388,True
EFUL,2021-03-31,VOLATILE,False,True,-0.845,0.0,False
EFUL,2021-06-28,RANGING,False,True,-1.2880285230723214,-0.4430285230723214,False
EFUL,2021-09-30,RANGING,False,True,-0.845,0.0,False
EFUL,2021-12-30,RANGING,False,False,,,False
EFUL,2022-03-29,RANGING,False,True,2.8558474634248943,4.204820545205758,True
EFUL,2022-06-27,TRENDING_DOWN,False,False,,,False
EFUL,2022-09-29,TRENDING_DOWN,False,True,-6.091305418719214,-5.246305418719214,False
EFUL,2022-11-30,RANGING,False,True,0.6098750000000001,1.5625,True
EFUL,2023-03-17,RANGING,False,True,-0.3450252512499322,0.49997474875006775,False
EFUL,2023-06-26,RANGING,False,True,-1.3376108374384237,-0.49261083743842365,False
EFUL,2023-12-08,TRENDING_UP,False,True,-1.3211904761904791,-0.47619047619047916,False
EFUL,2024-06-27,TRENDING_UP,False,True,-6.962346938775514,-6.117346938775515,False
EFUL,2024-09-27,TRENDING_UP,False,True,2.1246857186510275,3.3446302572365028,True
EFUL,2025-05-27,TRENDING_UP,False,True,-1.7743320425943838,-0.9293320425943838,False
EFUL,2025-07-14,TRENDING_UP,False,False,,,False
EFUL,2026-01-05,TRENDING_UP,False,False,,,False
EFUL,2026-06-05,TRENDING_UP,False,True,-4.81107632826142,-3.96607632826142,False
ELCM,2024-02-21,VOLATILE,False,True,5.531750000000001,7.352941176470589,True
ELCM,2024-08-09,RANGING,False,False,,,False
ELCM,2024-11-29,TRENDING_UP,False,True,7.781749999999999,10.0,True
ELCM,2025-05-22,TRENDING_UP,False,False,,,False
ELCM,2025-08-08,TRENDING_UP,False,False,,,False
ELCM,2025-11-18,VOLATILE,False,False,,,False
ELCM,2026-05-07,TRENDING_UP,False,True,0.7643081395348837,1.744186046511628,True
ELSM,2024-01-01,TRENDING_UP,False,True,3.8150833333333307,5.33333333333333,True
ELSM,2024-03-29,TRENDING_UP,False,True,-0.845,0.0,False
ELSM,2024-05-22,TRENDING_UP,False,True,-0.845,0.0,False
ELSM,2024-11-15,TRENDING_UP,False,False,,,False
ELSM,2024-12-24,TRENDING_UP,False,True,-0.845,0.0,False
ELSM,2025-07-07,TRENDING_UP,False,False,,,False
ELSM,2026-07-08,TRENDING_UP,False,False,,,False
EMCO,2020-05-19,RANGING,False,False,,,False
EMCO,2020-08-27,TRENDING_UP,False,False,,,False
EMCO,2021-01-13,TRENDING_UP,False,False,,,False
EMCO,2021-05-31,TRENDING_UP,False,False,,,False
EMCO,2022-10-28,RANGING,False,True,-0.845,0.0,False
EMCO,2023-02-17,VOLATILE,False,True,-2.7639765458422145,-1.9189765458422146,False
EMCO,2023-05-02,RANGING,False,True,-0.845,0.0,False
EMCO,2023-11-08,TRENDING_UP,False,False,,,False
EMCO,2024-06-25,TRENDING_UP,False,False,,,False
EMCO,2024-12-11,TRENDING_UP,False,False,,,False
EMCO,2025-04-18,TRENDING_UP,False,False,,,False
EMCO,2025-07-16,TRENDING_UP,False,False,,,False
EMCO,2025-10-17,TRENDING_UP,False,False,,,False
EMCO,2025-11-18,VOLATILE,False,False,,,False
EMCO,2026-06-11,RANGING,False,False,,,False
ENGRO,2020-04-17,VOLATILE,False,False,,,False
ENGRO,2020-07-01,RANGING,False,False,,,False
ENGRO,2020-10-21,VOLATILE,False,False,,,False
ENGRO,2022-02-08,RANGING,False,False,,,False
ENGRO,2022-04-14,RANGING,False,False,,,False
ENGRO,2022-11-16,RANGING,False,False,,,False
ENGRO,2022-12-15,TRENDING_DOWN,False,False,,,False
ENGRO,2023-01-26,VOLATILE,False,True,-3.5548078867542854,-2.709807886754285,False
ENGRO,2023-04-20,RANGING,False,False,,,False
ENGRO,2023-10-11,TRENDING_UP,False,False,,,False
ENGRO,2023-12-04,TRENDING_UP,False,False,,,False
ENGRO,2024-01-25,TRENDING_UP,False,True,-2.0557339698219987,-1.2107339698219988,False
ENGRO,2024-03-01,TRENDING_UP,False,False,,,False
ENGRO,2024-04-03,TRENDING_UP,False,False,,,False
ENGRO,2024-07-18,TRENDING_UP,False,False,,,False
ENGRO,2024-12-02,TRENDING_UP,False,False,,,False
ENGROH,2025-05-19,TRENDING_UP,False,False,,,False
ENGROH,2025-07-16,TRENDING_UP,False,False,,,False
ENGROH,2025-09-02,TRENDING_UP,False,False,,,False
ENGROH,2025-12-18,TRENDING_UP,False,False,,,False
ENGROH,2026-02-10,VOLATILE,False,True,0.13055868955852123,0.9985984583041426,True
ENGROH,2026-06-16,TRENDING_UP,False,False,,,False
EPCL,2020-04-17,VOLATILE,False,False,,,False
EPCL,2020-07-17,RANGING,False,False,,,False
EPCL,2020-08-24,TRENDING_UP,False,False,,,False
EPCL,2021-03-01,RANGING,False,False,,,False
EPCL,2021-07-08,RANGING,False,True,-2.841007984031936,-1.996007984031936,False
EPCL,2021-10-21,VOLATILE,False,False,,,False
EPCL,2022-02-08,RANGING,False,False,,,False
EPCL,2022-03-31,RANGING,False,True,-0.9965151515151429,-0.15151515151514292,False
EPCL,2023-04-06,TRENDING_DOWN,False,False,,,False
EPCL,2023-07-03,RANGING,False,False,,,False
EPCL,2023-10-06,TRENDING_UP,False,True,-0.003653846153842677,0.8413461538461573,False
EPCL,2023-11-14,TRENDING_UP,False,False,,,False
EPCL,2024-06-21,TRENDING_UP,False,False,,,False
EPCL,2024-11-05,TRENDING_UP,False,False,,,False
EPCL,2024-12-05,TRENDING_UP,False,False,,,False
EPCL,2025-02-19,RANGING,False,False,,,False
EPCL,2025-09-01,TRENDING_UP,False,False,,,False
EPCL,2025-12-04,TRENDING_UP,False,True,-4.1497735618115,-3.3047735618115004,False
EPCL,2026-02-11,VOLATILE,False,False,,,False
EPCL,2026-04-02,VOLATILE,False,True,-2.2612732574284866,-1.4162732574284866,False
EPCLPS,2024-06-21,TRENDING_UP,False,True,-0.845,0.0,False
EPCLPS,2025-06-16,TRENDING_UP,False,True,-0.845,0.0,False
EPQL,2020-06-08,RANGING,False,True,-1.460492686843014,-0.6154926868430141,False
EPQL,2021-01-01,TRENDING_UP,False,False,,,False
EPQL,2021-12-21,TRENDING_DOWN,False,True,0.17661166007905818,1.0527784236224214,True
EPQL,2022-04-06,RANGING,False,False,,,False
EPQL,2022-06-23,RANGING,False,False,,,False
EPQL,2022-08-04,RANGING,False,False,,,False
EPQL,2022-10-04,TRENDING_DOWN,False,True,3.773783200048463,5.284744941233486,True
EPQL,2023-01-30,TRENDING_DOWN,False,False,,,False
EPQL,2023-04-04,TRENDING_DOWN,False,False,,,False
EPQL,2023-07-05,RANGING,False,False,,,False
EPQL,2023-10-02,TRENDING_UP,False,False,,,False
EPQL,2024-08-01,RANGING,False,False,,,False
EPQL,2024-12-05,TRENDING_UP,False,False,,,False
EPQL,2025-03-20,TRENDING_UP,False,True,3.1106534925215947,4.504592344143052,True
EPQL,2025-07-09,TRENDING_UP,False,False,,,False
EPQL,2025-12-09,TRENDING_UP,False,False,,,False
ESBL,2024-09-06,TRENDING_UP,False,False,,,False
ESBL,2024-11-27,TRENDING_UP,False,False,,,False
ESBL,2025-04-15,TRENDING_UP,False,False,,,False
ESBL,2025-07-03,TRENDING_UP,False,False,,,False
ESBL,2025-09-22,TRENDING_UP,False,False,,,False
ESBL,2025-12-01,TRENDING_UP,True,False,,,False
ESBL,2026-01-05,TRENDING_UP,True,False,,,False
ESBL,2026-04-21,VOLATILE,False,False,,,False
EWIC,2020-12-02,TRENDING_UP,False,False,,,False
EWIC,2024-12-10,TRENDING_UP,False,False,,,False
EWIC,2026-02-06,VOLATILE,False,False,,,False
EXIDE,2020-04-27,VOLATILE,False,False,,,False
EXIDE,2020-07-16,RANGING,False,False,,,False
EXIDE,2020-09-07,TRENDING_UP,False,False,,,False
EXIDE,2020-10-28,TRENDING_UP,False,False,,,False
EXIDE,2020-12-17,TRENDING_UP,False,False,,,False
EXIDE,2021-02-02,TRENDING_UP,False,False,,,False
EXIDE,2021-06-07,TRENDING_UP,False,False,,,False
EXIDE,2021-11-04,RANGING,False,True,-1.3425124378109452,-0.4975124378109453,False
EXIDE,2022-06-30,TRENDING_DOWN,False,False,,,False
EXIDE,2022-11-10,RANGING,False,False,,,False
EXIDE,2023-01-30,TRENDING_DOWN,False,False,,,False
EXIDE,2023-04-26,RANGING,False,True,-2.427160209293635,-1.582160209293635,False
EXIDE,2023-05-30,RANGING,False,True,-3.130140562248995,-2.285140562248995,False
EXIDE,2023-08-04,TRENDING_UP,False,False,,,False
EXIDE,2023-10-02,TRENDING_UP,False,False,,,False
EXIDE,2023-11-06,TRENDING_UP,False,True,-3.1963139695712313,-2.351313969571231,False
EXIDE,2024-01-10,VOLATILE,False,False,,,False
EXIDE,2024-04-15,TRENDING_UP,False,True,-0.5239108656563062,0.3210891343436938,False
EXIDE,2025-03-19,TRENDING_UP,False,False,,,False
EXIDE,2026-04-17,VOLATILE,False,True,11.693649532040883,14.60223474357751,True
FABL,2020-07-13,RANGING,False,False,,,False
FABL,2021-01-04,TRENDING_UP,False,False,,,False
FABL,2021-05-17,TRENDING_UP,False,True,1.8575075757575759,3.0303030303030303,True
FABL,2021-07-26,RANGING,False,False,,,False
FABL,2021-09-01,RANGING,False,False,,,False
FABL,2022-01-10,RANGING,False,False,,,False
FABL,2022-04-01,RANGING,False,True,-0.8834615384615444,-0.03846153846154447,False
FABL,2022-07-29,TRENDING_DOWN,False,True,-3.1134310018903513,-2.2684310018903515,False
FABL,2022-10-28,RANGING,False,False,,,False
FABL,2023-04-27,RANGING,False,False,,,False
FABL,2023-07-11,TRENDING_UP,False,False,,,False
FABL,2023-10-06,TRENDING_UP,False,True,2.1376928811423794,3.359932801343976,True
FABL,2023-11-23,TRENDING_UP,False,False,,,False
FABL,2024-03-27,TRENDING_UP,False,True,8.298069129646413,10.60743427017225,True
FABL,2024-05-27,TRENDING_UP,False,False,,,False
FABL,2024-10-09,TRENDING_UP,False,False,,,False
FABL,2025-02-20,TRENDING_UP,False,False,,,False
FABL,2025-06-03,TRENDING_UP,False,False,,,False
FABL,2025-08-20,TRENDING_UP,False,False,,,False
FABL,2025-09-26,TRENDING_UP,False,False,,,False
FABL,2025-12-02,TRENDING_UP,False,False,,,False
FABL,2026-01-05,TRENDING_UP,False,False,,,False
FABL,2026-04-09,VOLATILE,False,False,,,False
FABL,2026-06-15,TRENDING_UP,False,False,,,False
FANM,2024-01-03,TRENDING_UP,False,True,8.191098441926346,10.481586402266291,True
FANM,2024-08-30,TRENDING_UP,False,False,,,False
FANM,2025-06-16,TRENDING_UP,False,False,,,False
FANM,2025-09-18,TRENDING_UP,False,True,-8.844999999999997,-7.999999999999997,False
FANM,2026-03-24,VOLATILE,False,False,,,False
FANM,2026-06-03,TRENDING_UP,False,False,,,False
FASM,2020-03-03,VOLATILE,False,False,,,False
FASM,2020-07-22,RANGING,False,False,,,False
FASM,2020-12-30,TRENDING_UP,False,False,,,False
FASM,2021-04-20,RANGING,False,True,0.35554746835443235,1.2632911392405086,True
FASM,2022-02-07,RANGING,False,True,0.30993777050271676,1.2096326711796668,True
FASM,2023-05-29,RANGING,False,False,,,False
FASM,2023-11-13,TRENDING_UP,False,False,,,False
FASM,2024-12-05,TRENDING_UP,False,True,18.054711373390553,22.085836909871237,True
FASM,2025-07-11,TRENDING_UP,False,True,-8.845000000000002,-8.000000000000002,False
FASM,2026-01-28,TRENDING_UP,False,False,,,False
FASM,2026-03-17,VOLATILE,False,False,,,False
FATIMA,2020-05-15,VOLATILE,False,False,,,False
FATIMA,2020-09-07,TRENDING_UP,False,False,,,False
FATIMA,2021-01-25,TRENDING_UP,False,True,-2.5444335221592853,-1.6994335221592856,False
FATIMA,2021-05-24,TRENDING_UP,False,False,,,False
FATIMA,2021-08-27,RANGING,False,False,,,False
FATIMA,2021-11-19,TRENDING_UP,False,True,-0.845,0.0,False
FATIMA,2022-03-04,TRENDING_DOWN,False,True,-1.5974649714582232,-0.7524649714582231,False
FATIMA,2023-04-03,TRENDING_DOWN,False,False,,,False
FATIMA,2023-08-28,RANGING,False,True,-1.0932269503546108,-0.24822695035461093,False
FATIMA,2023-09-27,TRENDING_UP,False,False,,,False
FATIMA,2024-02-16,VOLATILE,False,True,-2.5389738961399595,-1.6939738961399595,False
FATIMA,2024-07-02,TRENDING_UP,False,True,-2.880152636447723,-2.035152636447723,False
FATIMA,2024-11-21,TRENDING_UP,False,False,,,False
FATIMA,2025-01-06,TRENDING_UP,False,False,,,False
FATIMA,2025-02-24,RANGING,False,True,-1.949651162790701,-1.104651162790701,False
FATIMA,2025-06-25,TRENDING_UP,False,False,,,False
FATIMA,2025-07-28,TRENDING_UP,False,False,,,False
FATIMA,2025-10-01,TRENDING_UP,False,False,,,False
FATIMA,2025-11-27,TRENDING_UP,False,False,,,False
FATIMA,2026-01-19,TRENDING_UP,False,False,,,False
FATIMA,2026-04-09,VOLATILE,False,False,,,False
FATIMA,2026-06-16,TRENDING_UP,False,True,5.691209459459458,7.540540540540539,True
FCCL,2020-03-05,VOLATILE,False,False,,,False
FCCL,2020-07-01,RANGING,False,True,-2.05120333141873,-1.2062033314187297,False
FCCL,2020-10-26,TRENDING_UP,False,False,,,False
FCCL,2021-01-27,TRENDING_UP,False,True,3.3101860189573378,4.739336492890986,True
FCCL,2021-10-29,RANGING,False,False,,,False
FCCL,2022-01-04,RANGING,False,True,-3.476578947368421,-2.631578947368421,False
FCCL,2022-04-15,RANGING,False,True,-2.6739402904787513,-1.8289402904787513,False
FCCL,2022-08-04,RANGING,False,False,,,False
FCCL,2023-02-09,VOLATILE,False,True,-2.4296538782318557,-1.5846538782318558,False
FCCL,2023-03-15,RANGING,False,False,,,False
FCCL,2023-10-05,TRENDING_UP,False,False,,,False
FCCL,2024-04-09,TRENDING_UP,False,True,3.0130133832976465,4.389721627408996,True
FCCL,2024-09-12,TRENDING_UP,False,False,,,False
FCCL,2025-01-23,TRENDING_UP,False,False,,,False
FCCL,2025-08-05,TRENDING_UP,False,False,,,False
FCCL,2026-04-08,VOLATILE,False,False,,,False
FCCL,2026-06-01,TRENDING_UP,False,True,-1.3534745762711924,-0.5084745762711923,False
FCEL,2025-08-22,TRENDING_UP,False,False,,,False
FCEL,2025-10-23,TRENDING_UP,False,True,-7.987857142857142,-7.142857142857142,False
FCEL,2026-01-06,TRENDING_UP,False,False,,,False
FCEL,2026-04-16,VOLATILE,False,True,4.869399402390441,6.573705179282871,True
FCEPL,2020-04-17,VOLATILE,False,False,,,False
FCEPL,2020-06-02,RANGING,False,True,-0.845,0.0,False
FCEPL,2020-07-01,RANGING,False,False,,,False
FCEPL,2020-12-10,TRENDING_UP,False,False,,,False
FCEPL,2021-01-21,TRENDING_UP,False,False,,,False
FCEPL,2021-04-20,RANGING,False,False,,,False
FCEPL,2021-06-17,TRENDING_UP,False,False,,,False
FCEPL,2021-08-11,RANGING,False,False,,,False
FCEPL,2022-01-10,RANGING,False,False,,,False
FCEPL,2022-08-03,RANGING,False,False,,,False
FCEPL,2022-10-07,RANGING,False,False,,,False
FCEPL,2023-04-20,RANGING,False,False,,,False
FCEPL,2023-07-25,TRENDING_UP,False,True,-2.6889716312056695,-1.8439716312056698,False
FCEPL,2023-10-05,TRENDING_UP,False,False,,,False
FCEPL,2023-11-06,TRENDING_UP,False,False,,,False
FCEPL,2024-04-25,TRENDING_UP,False,False,,,False
FCEPL,2024-10-18,TRENDING_UP,False,False,,,False
FCEPL,2024-12-12,TRENDING_UP,False,False,,,False
FCEPL,2025-02-25,TRENDING_UP,False,True,-2.5771785476349125,-1.7321785476349125,False
FCEPL,2025-04-21,TRENDING_UP,False,False,,,False
FCEPL,2025-05-23,TRENDING_UP,False,False,,,False
FCEPL,2025-12-10,TRENDING_UP,False,False,,,False
FCEPL,2026-04-08,VOLATILE,False,True,-2.161622357260403,-1.3166223572604028,False
FCIBL,2024-01-01,TRENDING_UP,False,True,11.444578947368422,14.309210526315791,True
FCIBL,2024-06-28,TRENDING_UP,False,True,-8.844999999999997,-7.9999999999999964,False
FCIBL,2024-11-14,TRENDING_UP,False,True,-4.297685421994891,-3.452685421994891,False
FCIBL,2024-12-13,TRENDING_UP,False,True,-4.374411764705891,-3.5294117647058907,False
FCIBL,2025-02-25,TRENDING_UP,False,True,-1.33280487804877,-0.48780487804877015,False
FCIBL,2025-06-05,TRENDING_UP,False,False,,,False
FCIBL,2025-10-10,TRENDING_UP,False,False,,,False
FCIBL,2025-11-25,TRENDING_UP,False,False,,,False
FCIBL,2026-03-26,VOLATILE,False,False,,,False
FCIBL,2026-05-20,VOLATILE,False,False,,,False
FCL,2024-09-05,TRENDING_UP,False,False,,,False
FCL,2024-12-04,TRENDING_UP,False,False,,,False
FCL,2025-04-15,TRENDING_UP,False,True,-3.540204122076891,-2.695204122076891,False
FCL,2025-11-17,VOLATILE,False,False,,,False
FCL,2026-04-08,VOLATILE,False,True,-6.480648754914806,-5.635648754914806,False
FCL,2026-06-16,TRENDING_UP,False,True,-3.2551145792176985,-2.4101145792176983,False
FCSC,2024-06-07,RANGING,False,False,,,False
FCSC,2024-09-04,TRENDING_UP,False,False,,,False
FCSC,2024-12-02,TRENDING_UP,False,False,,,False
FCSC,2025-06-11,TRENDING_UP,False,False,,,False
FCSC,2025-09-16,TRENDING_UP,False,False,,,False
FCSC,2026-01-12,TRENDING_UP,False,False,,,False
FCSC,2026-04-17,VOLATILE,False,True,1.6649275700934638,2.8037383177570163,True
FDIBL,2024-01-01,TRENDING_UP,False,True,-7.322732793522273,-6.477732793522273,False
FDIBL,2024-03-07,TRENDING_UP,False,False,,,False
FDPL,2024-09-04,TRENDING_UP,False,False,,,False
FDPL,2024-12-02,TRENDING_UP,False,False,,,False
FDPL,2025-06-12,TRENDING_UP,False,True,10.048416666666663,12.666666666666663,True
FDPL,2025-08-25,TRENDING_UP,True,False,,,False
FDPL,2025-10-15,TRENDING_UP,False,False,,,False
FDPL,2026-04-20,VOLATILE,False,False,,,False
FDPL,2026-06-04,TRENDING_UP,False,False,,,False
FECM,2024-01-01,TRENDING_UP,False,True,19.423054347826103,23.69565217391306,True
FECM,2024-06-21,TRENDING_UP,False,False,,,False
FECM,2024-08-06,RANGING,False,True,-0.845,0.0,False
FECM,2024-09-24,TRENDING_UP,False,False,,,False
FECM,2024-12-06,TRENDING_UP,False,True,-8.844999999999997,-7.999999999999997,False
FECM,2025-02-27,TRENDING_UP,False,False,,,False
FECM,2025-06-02,TRENDING_UP,False,False,,,False
FECM,2025-09-15,TRENDING_UP,False,False,,,False
FECM,2025-10-20,TRENDING_UP,False,False,,,False
FECTC,2020-03-10,VOLATILE,False,True,-6.5028947368421015,-5.657894736842102,False
FECTC,2020-04-21,VOLATILE,False,False,,,False
FECTC,2020-07-10,RANGING,False,False,,,False
FECTC,2020-09-04,TRENDING_UP,False,False,,,False
FECTC,2020-10-26,TRENDING_UP,False,True,-7.11166666666667,-6.26666666666667,False
FECTC,2021-01-29,TRENDING_UP,False,False,,,False
FECTC,2021-06-07,TRENDING_UP,False,True,3.0682323348694394,4.454685099846399,True
FECTC,2021-10-28,RANGING,False,False,,,False
FECTC,2022-07-22,TRENDING_DOWN,False,False,,,False
FECTC,2022-10-06,RANGING,False,False,,,False
FECTC,2023-05-15,RANGING,False,False,,,False
FECTC,2023-11-06,TRENDING_UP,False,False,,,False
FECTC,2024-04-15,TRENDING_UP,False,True,0.26806359714370875,1.160368937816128,True
FECTC,2024-05-17,TRENDING_UP,False,False,,,False
FECTC,2024-08-21,RANGING,False,True,-3.853152937868992,-3.0081529378689917,False
FECTC,2024-10-07,TRENDING_UP,False,False,,,False
FECTC,2025-06-17,TRENDING_UP,False,False,,,False
FECTC,2025-08-19,TRENDING_UP,False,False,,,False
FECTC,2025-09-18,TRENDING_UP,False,False,,,False
FECTC,2025-10-28,VOLATILE,False,False,,,False
FECTC,2026-06-17,TRENDING_UP,False,False,,,False
FEM,2024-01-02,TRENDING_UP,False,True,6.546707264957273,8.547008547008556,True
FEM,2024-07-03,TRENDING_UP,False,False,,,False
FEM,2024-09-09,TRENDING_UP,False,True,-0.845,0.0,False
FEM,2024-12-03,TRENDING_UP,False,True,9.03584836065574,11.475409836065577,True
FEM,2025-06-26,TRENDING_UP,False,False,,,False
FEM,2025-08-11,TRENDING_UP,False,False,,,False
FEM,2025-09-25,TRENDING_UP,False,False,,,False
FEM,2025-11-04,VOLATILE,False,False,,,False
FEM,2025-12-03,TRENDING_UP,True,False,,,False
FEM,2026-05-11,TRENDING_UP,False,False,,,False
FEM,2026-07-08,TRENDING_UP,False,False,,,False
FEROZ,2020-03-10,VOLATILE,False,False,,,False
FEROZ,2020-04-17,VOLATILE,False,False,,,False
FEROZ,2020-07-14,RANGING,False,False,,,False
FEROZ,2020-08-26,TRENDING_UP,False,False,,,False
FEROZ,2021-05-18,TRENDING_UP,False,False,,,False
FEROZ,2021-07-19,RANGING,False,False,,,False
FEROZ,2021-10-15,VOLATILE,False,True,-0.32132957027446407,0.5236704297255359,False
FEROZ,2022-04-11,RANGING,False,True,-1.1464835378048388,-0.30148353780483894,False
FEROZ,2022-08-10,RANGING,False,True,5.889468232658054,7.773786156068298,True
FEROZ,2023-02-08,VOLATILE,False,False,,,False
FEROZ,2023-04-28,RANGING,False,False,,,False
FEROZ,2023-07-06,TRENDING_UP,False,False,,,False
FEROZ,2023-10-10,TRENDING_UP,False,False,,,False
FEROZ,2024-02-07,RANGING,False,True,-5.9471276595744715,-5.102127659574472,False
FEROZ,2024-05-09,TRENDING_UP,False,False,,,False
FEROZ,2024-07-11,TRENDING_UP,False,False,,,False
FEROZ,2024-08-13,RANGING,False,False,,,False
FEROZ,2024-11-11,TRENDING_UP,False,False,,,False
FEROZ,2025-02-12,RANGING,False,False,,,False
FEROZ,2025-05-22,TRENDING_UP,False,False,,,False
FEROZ,2025-08-07,TRENDING_UP,False,False,,,False
FEROZ,2026-01-01,TRENDING_UP,False,False,,,False
FEROZ,2026-04-08,VOLATILE,False,False,,,False
FFBL,2020-01-21,TRENDING_UP,False,True,-4.517710367271049,-3.672710367271049,False
FFBL,2020-04-17,VOLATILE,False,False,,,False
FFBL,2020-07-14,RANGING,False,False,,,False
FFBL,2020-09-16,TRENDING_UP,False,False,,,False
FFBL,2020-10-27,TRENDING_UP,False,False,,,False
FFBL,2020-12-15,TRENDING_UP,False,False,,,False
FFBL,2021-10-29,RANGING,False,False,,,False
FFBL,2022-01-04,RANGING,False,False,,,False
FFBL,2022-04-11,RANGING,False,False,,,False
FFBL,2023-07-03,RANGING,False,False,,,False
FFBL,2023-10-05,TRENDING_UP,False,True,3.1865436085219785,4.593874833555269,True
FFBL,2024-03-28,TRENDING_UP,False,False,,,False
FFBL,2024-06-28,TRENDING_UP,False,False,,,False
FFBL,2024-10-03,TRENDING_UP,False,True,1.8882235945485595,3.066439522998305,True
FFC,2020-01-20,TRENDING_UP,False,True,-2.1607894736842157,-1.3157894736842157,False
FFC,2020-04-17,VOLATILE,False,False,,,False
FFC,2020-07-01,RANGING,False,True,-1.7368918918918874,-0.8918918918918873,False
FFC,2021-01-07,TRENDING_UP,False,True,-1.5116666666666667,-0.6666666666666667,False
FFC,2021-07-27,RANGING,False,False,,,False
FFC,2021-09-17,RANGING,False,True,-1.6940566037735902,-0.8490566037735903,False
FFC,2022-01-07,RANGING,False,False,,,False
FFC,2022-04-18,RANGING,False,True,-0.2416443507727879,0.6033556492272121,False
FFC,2023-01-26,VOLATILE,False,False,,,False
FFC,2023-10-10,TRENDING_UP,False,True,2.534301020408163,3.826530612244898,True
FFC,2023-11-24,TRENDING_UP,False,False,,,False
FFC,2024-02-28,TRENDING_UP,False,False,,,False
FFC,2024-06-20,TRENDING_UP,False,False,,,False
FFC,2024-09-19,TRENDING_UP,False,False,,,False
FFC,2025-01-24,TRENDING_UP,False,False,,,False
FFC,2025-07-01,TRENDING_UP,False,True,-0.845,0.0,False
FFC,2025-09-29,TRENDING_UP,False,False,,,False
FFC,2025-11-13,VOLATILE,False,True,-0.7510150375939849,0.09398496240601503,False
FFC,2026-01-23,TRENDING_UP,False,False,,,False
FFC,2026-04-08,VOLATILE,False,False,,,False
FFC,2026-06-01,TRENDING_UP,False,True,-0.17507423501719244,0.6699257649828075,False
FFL,2020-04-17,VOLATILE,False,False,,,False
FFL,2020-07-28,RANGING,False,False,,,False
FFL,2020-12-14,TRENDING_UP,False,False,,,False
FFL,2021-01-18,TRENDING_UP,False,False,,,False
FFL,2021-05-24,TRENDING_UP,False,True,-1.0832370458606262,-0.23823704586062627,False
FFL,2021-07-07,RANGING,False,False,,,False
FFL,2022-04-11,RANGING,False,False,,,False
FFL,2023-03-10,RANGING,False,False,,,False
FFL,2023-04-20,RANGING,False,False,,,False
FFL,2023-07-11,TRENDING_UP,False,False,,,False
FFL,2023-09-26,RANGING,False,False,,,False
FFL,2023-11-13,TRENDING_UP,False,False,,,False
FFL,2024-04-15,TRENDING_UP,False,False,,,False
FFL,2024-09-06,TRENDING_UP,False,False,,,False
FFL,2024-10-17,TRENDING_UP,False,True,-3.6467241379310327,-2.8017241379310325,False
FFL,2025-06-04,TRENDING_UP,False,False,,,False
FFL,2025-09-03,TRENDING_UP,False,False,,,False
FFL,2025-12-10,TRENDING_UP,False,False,,,False
FFL,2026-04-08,VOLATILE,False,False,,,False
FFLM,2024-07-03,TRENDING_UP,False,False,,,False
FFLM,2025-06-05,TRENDING_UP,False,True,-7.285677966101707,-6.440677966101707,False
FFLM,2025-10-27,VOLATILE,False,False,,,False
FFLM,2026-06-09,TRENDING_UP,False,False,,,False
FHAM,2024-04-15,TRENDING_UP,False,True,-0.2199999999999911,0.6250000000000089,False
FHAM,2024-08-07,RANGING,False,False,,,False
FHAM,2024-12-02,TRENDING_UP,False,False,,,False
FHAM,2025-01-30,VOLATILE,False,False,,,False
FHAM,2025-06-11,TRENDING_UP,False,True,-6.0000895587592815,-5.155089558759282,False
FHAM,2025-07-24,TRENDING_UP,False,False,,,False
FHAM,2026-05-07,TRENDING_UP,False,False,,,False
FHAM,2026-06-17,TRENDING_UP,False,True,-2.987857142857143,-2.142857142857143,False
FIBLM,2024-08-16,RANGING,False,True,-8.844999999999995,-7.999999999999995,False
FIBLM,2024-09-26,TRENDING_UP,False,True,-0.845,0.0,False
FIBLM,2025-05-12,VOLATILE,False,False,,,False
FIBLM,2025-09-18,TRENDING_UP,False,False,,,False
FIBLM,2025-11-10,TRENDING_UP,False,True,-3.4698941574936537,-2.6248941574936535,False
FIBLM,2026-01-21,TRENDING_UP,False,False,,,False
FIBLM,2026-03-26,VOLATILE,False,False,,,False
FIL,2024-09-02,TRENDING_UP,False,False,,,False
FIL,2025-07-18,TRENDING_UP,False,False,,,False
FIL,2026-06-30,TRENDING_UP,False,False,,,False
FIMM,2024-11-25,TRENDING_UP,False,True,6.173641891891893,8.108108108108109,True
FIMM,2025-09-11,TRENDING_UP,False,False,,,False
FLYNG,2020-06-10,RANGING,False,False,,,False
FLYNG,2020-09-03,TRENDING_UP,False,False,,,False
FLYNG,2020-10-26,TRENDING_UP,False,True,-4.917398190045258,-4.072398190045258,False
FLYNG,2020-12-31,TRENDING_UP,False,False,,,False
FLYNG,2021-02-16,TRENDING_UP,False,False,,,False
FLYNG,2021-05-19,TRENDING_UP,False,False,,,False
FLYNG,2021-11-01,RANGING,False,False,,,False
FLYNG,2022-01-03,RANGING,False,False,,,False
FLYNG,2022-08-17,RANGING,False,False,,,False
FLYNG,2022-10-04,TRENDING_DOWN,False,False,,,False
FLYNG,2023-03-15,RANGING,False,False,,,False
FLYNG,2023-07-03,RANGING,False,False,,,False
FLYNG,2023-10-31,TRENDING_UP,False,False,,,False
FLYNG,2024-04-02,TRENDING_UP,False,False,,,False
FLYNG,2024-05-13,TRENDING_UP,False,False,,,False
FLYNG,2024-08-06,RANGING,False,False,,,False
FLYNG,2025-05-02,VOLATILE,False,False,,,False
FLYNG,2025-08-29,TRENDING_UP,False,False,,,False
FLYNG,2025-10-30,VOLATILE,False,False,,,False
FLYNG,2026-04-17,VOLATILE,False,True,-5.741462467644513,-4.896462467644513,False
FLYNG,2026-06-16,TRENDING_UP,False,False,,,False
FML,2020-01-16,TRENDING_UP,False,False,,,False
FML,2020-04-17,VOLATILE,False,True,-2.154523809523803,-1.3095238095238029,False
FML,2020-06-10,RANGING,False,False,,,False
FML,2020-07-17,RANGING,False,False,,,False
FML,2020-09-02,TRENDING_UP,False,False,,,False
FML,2021-01-06,TRENDING_UP,False,False,,,False
FML,2021-10-27,VOLATILE,False,True,-0.845,0.0,False
FML,2022-04-11,RANGING,False,True,-0.845,0.0,False
FML,2022-06-27,TRENDING_DOWN,False,False,,,False
FML,2023-05-10,RANGING,False,False,,,False
FML,2023-09-07,RANGING,False,True,-0.845,0.0,False
FML,2024-01-24,TRENDING_UP,False,True,-0.845,0.0,False
FML,2025-07-03,TRENDING_UP,False,False,,,False
FML,2026-04-10,VOLATILE,False,True,3.9208019678190875,5.45770819743422,True
FML,2026-06-24,TRENDING_UP,False,False,,,False
FNBM,2020-01-29,RANGING,False,True,-8.844999999999994,-7.999999999999993,False
FNBM,2020-09-02,TRENDING_UP,False,False,,,False
FNEL,2024-11-14,TRENDING_UP,False,False,,,False
FNEL,2025-04-22,TRENDING_UP,False,False,,,False
FNEL,2025-06-13,TRENDING_UP,False,False,,,False
FNEL,2025-08-28,TRENDING_UP,False,False,,,False
FNEL,2026-04-08,VOLATILE,False,False,,,False
FPJM,2024-07-03,TRENDING_UP,False,False,,,False
FPJM,2024-09-02,TRENDING_UP,False,False,,,False
FPJM,2024-12-02,TRENDING_UP,False,False,,,False
FPJM,2025-02-18,RANGING,False,False,,,False
FPJM,2025-06-16,TRENDING_UP,False,False,,,False
FPJM,2025-09-17,TRENDING_UP,False,False,,,False
FPJM,2025-10-21,TRENDING_UP,False,False,,,False
FPJM,2026-04-16,VOLATILE,False,False,,,False
FPJM,2026-07-07,TRENDING_UP,False,False,,,False
FPRM,2024-01-01,TRENDING_UP,False,True,-3.067222222222214,-2.2222222222222143,False
FPRM,2024-04-26,TRENDING_UP,False,False,,,False
FPRM,2025-01-07,TRENDING_UP,False,False,,,False
FPRM,2025-02-20,TRENDING_UP,False,True,-0.845,0.0,False
FPRM,2025-05-30,TRENDING_UP,False,True,-8.845000000000004,-8.000000000000004,False
FPRM,2025-08-21,TRENDING_UP,False,False,,,False
FPRM,2025-10-10,TRENDING_UP,False,False,,,False
FPRM,2026-06-02,TRENDING_UP,False,True,-6.505377358490569,-5.660377358490569,False
FPRM,2026-07-03,TRENDING_UP,False,False,,,False
FRCL,2020-04-20,VOLATILE,False,False,,,False
FRCL,2020-06-15,RANGING,False,False,,,False
FRCL,2020-08-19,TRENDING_UP,False,True,-1.0605172413793058,-0.21551724137930575,False
FRCL,2020-11-12,VOLATILE,False,True,29.622809602649003,35.69536423841059,True
FRCL,2021-01-05,TRENDING_UP,False,True,-3.046100550275127,-2.2011005502751266,False
FRCL,2021-06-02,TRENDING_UP,False,True,4.3786609630526865,5.996365838885514,True
FRCL,2021-11-03,RANGING,False,False,,,False
FRCL,2022-02-10,TRENDING_UP,False,True,-0.845,0.0,False
FRCL,2023-05-09,RANGING,False,False,,,False
FRCL,2023-12-06,TRENDING_UP,False,True,-0.23047486033517883,0.6145251396648211,False
FRCL,2024-04-17,TRENDING_UP,False,True,5.645852564102568,7.487179487179492,True
FRCL,2024-09-24,TRENDING_UP,False,False,,,False
FRCL,2024-12-12,TRENDING_UP,False,False,,,False
FRCL,2025-03-17,TRENDING_UP,False,False,,,False
FRCL,2025-06-23,RANGING,False,False,,,False
FRCL,2025-10-08,TRENDING_UP,False,False,,,False
FRCL,2026-04-15,VOLATILE,False,False,,,False
FRCL,2026-06-02,TRENDING_UP,False,True,4.070482394366198,5.633802816901409,True
FRSM,2024-01-01,TRENDING_UP,False,False,,,False
FRSM,2024-05-22,TRENDING_UP,False,False,,,False
FRSM,2024-11-15,TRENDING_UP,False,False,,,False
FRSM,2025-01-28,VOLATILE,False,True,-1.8551010101010101,-1.0101010101010102,False
FRSM,2025-07-23,TRENDING_UP,False,False,,,False
FRSM,2025-09-03,TRENDING_UP,False,False,,,False
FRSM,2026-01-01,TRENDING_UP,False,False,,,False
FRSM,2026-04-21,VOLATILE,False,True,-0.9668274111675172,-0.12182741116751732,False
FRSM,2026-07-06,TRENDING_UP,False,True,-4.1599171270718225,-3.3149171270718223,False
FSWL,2024-08-07,RANGING,False,False,,,False
FSWL,2025-07-21,TRENDING_UP,False,False,,,False
FSWL,2025-09-24,TRENDING_UP,False,False,,,False
FSWL,2026-06-23,TRENDING_UP,False,False,,,False
FTMM,2024-11-06,TRENDING_UP,False,False,,,False
FTMM,2025-06-13,TRENDING_UP,False,False,,,False
FTMM,2025-11-20,VOLATILE,False,False,,,False
FTMM,2026-05-07,TRENDING_UP,False,False,,,False
FTSM,2024-04-30,TRENDING_UP,False,True,-2.0214705882352897,-1.17647058823529,False
FTSM,2024-07-12,TRENDING_UP,False,True,1.748768469656995,2.9023746701847,True
FTSM,2024-12-06,TRENDING_UP,False,True,-1.0989682539682486,-0.25396825396824857,False
FTSM,2025-06-19,RANGING,False,False,,,False
FTSM,2025-09-12,TRENDING_UP,False,True,-4.104452411994785,-3.259452411994785,False
FTSM,2025-12-16,TRENDING_UP,False,False,,,False
FTSM,2026-06-17,TRENDING_UP,False,False,,,False
FUDLM,2024-04-29,TRENDING_UP,False,False,,,False
FZCM,2020-01-22,TRENDING_UP,False,False,,,False
FZCM,2021-01-08,TRENDING_UP,False,True,8.132204227812721,10.412299091544378,True
FZCM,2021-03-03,RANGING,False,True,-0.845,0.0,False
FZCM,2021-04-27,TRENDING_UP,False,False,,,False
FZCM,2021-07-01,RANGING,False,True,-0.845,0.0,False
FZCM,2022-01-28,RANGING,False,True,-0.845,0.0,False
FZCM,2022-04-15,RANGING,False,True,6.1970600775193825,8.135658914728685,True
FZCM,2022-09-07,RANGING,False,False,,,False
FZCM,2023-05-26,RANGING,False,True,4.59425,6.25,True
FZCM,2023-10-26,TRENDING_UP,False,True,4.604787687730238,6.262397279682633,True
FZCM,2024-07-31,RANGING,False,True,-0.845,0.0,False
FZCM,2024-12-06,TRENDING_UP,False,False,,,False
FZCM,2025-05-20,TRENDING_UP,False,False,,,False
FZCM,2025-07-01,TRENDING_UP,False,False,,,False
FZCM,2025-12-23,TRENDING_UP,False,False,,,False
FZCM,2026-02-03,TRENDING_UP,False,False,,,False
FZCM,2026-04-28,TRENDING_UP,False,False,,,False
GADT,2024-01-01,TRENDING_UP,False,True,0.9321553201300907,1.9416533178001067,True
GADT,2024-05-13,TRENDING_UP,False,False,,,False
GADT,2024-10-28,TRENDING_UP,False,True,-3.396020408163265,-2.5510204081632653,False
GADT,2024-12-04,TRENDING_UP,False,False,,,False
GADT,2025-02-03,VOLATILE,False,False,,,False
GADT,2025-05-21,TRENDING_UP,False,False,,,False
GADT,2025-07-01,TRENDING_UP,False,False,,,False
GADT,2025-12-11,TRENDING_UP,False,False,,,False
GADT,2026-04-21,VOLATILE,False,False,,,False
GAIL,2020-01-10,TRENDING_UP,False,False,,,False
GAIL,2020-04-17,VOLATILE,False,False,,,False
GAIL,2020-09-08,TRENDING_UP,False,True,-3.327758620689651,-2.4827586206896513,False
GAIL,2021-01-12,TRENDING_UP,False,False,,,False
GAIL,2021-02-18,RANGING,False,False,,,False
GAIL,2021-05-19,TRENDING_UP,False,False,,,False
GAIL,2021-06-24,TRENDING_UP,False,False,,,False
GAL,2024-03-08,TRENDING_UP,False,False,,,False
GAL,2024-07-10,TRENDING_UP,False,False,,,False
GAL,2024-11-06,TRENDING_UP,False,True,0.6472118473895581,1.6064257028112447,True
GAL,2024-12-05,TRENDING_UP,False,False,,,False
GAL,2025-03-27,TRENDING_UP,False,True,1.0378324742268008,2.065979381443295,True
GAL,2025-07-04,TRENDING_UP,False,False,,,False
GAL,2025-09-22,TRENDING_UP,False,False,,,False
GAL,2026-04-14,VOLATILE,False,False,,,False
GAL,2026-06-05,TRENDING_UP,False,True,-1.8771344967014187,-1.0321344967014188,False
GAMON,2020-03-31,TRENDING_DOWN,False,False,,,False
GAMON,2020-12-03,TRENDING_UP,False,False,,,False
GAMON,2021-02-03,TRENDING_UP,False,False,,,False
GAMON,2021-03-22,VOLATILE,False,True,-2.9341364902506895,-2.0891364902506893,False
GAMON,2021-06-18,TRENDING_UP,False,False,,,False
GAMON,2022-04-13,RANGING,False,False,,,False
GAMON,2022-08-03,RANGING,False,True,2.7260336468885704,4.0520984081042,True
GAMON,2023-01-04,TRENDING_DOWN,False,False,,,False
GAMON,2023-05-30,RANGING,False,True,-0.845,0.0,False
GAMON,2023-07-26,TRENDING_UP,False,True,-0.845,0.0,False
GAMON,2024-06-27,TRENDING_UP,False,False,,,False
GAMON,2024-09-04,TRENDING_UP,False,False,,,False
GAMON,2024-10-22,TRENDING_UP,False,False,,,False
GAMON,2025-04-18,TRENDING_UP,False,False,,,False
GAMON,2025-07-14,TRENDING_UP,False,True,3.896035714285713,5.428571428571427,True
GAMON,2026-04-16,VOLATILE,False,False,,,False
GATI,2024-05-14,TRENDING_UP,False,False,,,False
GATI,2025-05-22,TRENDING_UP,False,False,,,False
GATI,2025-07-08,TRENDING_UP,False,False,,,False
GATI,2025-12-10,TRENDING_UP,False,False,,,False
GATI,2026-04-10,VOLATILE,False,False,,,False
GATM,2020-06-09,RANGING,False,False,,,False
GATM,2020-07-17,RANGING,False,False,,,False
GATM,2021-01-13,TRENDING_UP,False,False,,,False
GATM,2021-05-31,TRENDING_UP,False,False,,,False
GATM,2021-08-03,RANGING,False,False,,,False
GATM,2021-09-16,RANGING,False,False,,,False
GATM,2022-01-04,RANGING,False,False,,,False
GATM,2022-03-31,RANGING,False,False,,,False
GATM,2022-08-15,RANGING,False,False,,,False
GATM,2023-05-24,RANGING,False,False,,,False
GATM,2023-10-06,TRENDING_UP,False,True,1.9980034435261795,3.195592286501388,True
GATM,2024-04-24,TRENDING_UP,False,False,,,False
GATM,2024-10-01,TRENDING_UP,False,False,,,False
GATM,2024-11-19,TRENDING_UP,False,False,,,False
GATM,2025-03-21,TRENDING_UP,False,False,,,False
GATM,2025-06-27,TRENDING_UP,False,False,,,False
GATM,2025-09-02,TRENDING_UP,False,False,,,False
GATM,2025-12-16,TRENDING_UP,False,False,,,False
GATM,2026-01-20,TRENDING_UP,False,False,,,False
GATM,2026-04-09,VOLATILE,False,False,,,False
GATM,2026-06-17,TRENDING_UP,False,False,,,False
GCIL,2020-02-04,RANGING,False,False,,,False
GCIL,2020-09-02,TRENDING_UP,False,False,,,False
GCIL,2020-10-15,VOLATILE,True,True,34.67942649687221,41.6443252904379,True
GCIL,2020-12-09,TRENDING_UP,True,False,,,False
GCIL,2021-04-20,RANGING,False,False,,,False
GCIL,2021-06-24,TRENDING_UP,True,False,,,False
GCIL,2022-04-11,RANGING,False,False,,,False
GCIL,2022-10-04,TRENDING_DOWN,False,False,,,False
GCIL,2023-10-10,TRENDING_UP,False,True,-3.821190476190476,-2.976190476190476,False
GCIL,2023-11-20,TRENDING_UP,False,False,,,False
GCIL,2024-05-13,TRENDING_UP,False,False,,,False
GCIL,2024-08-30,TRENDING_UP,False,False,,,False
GCIL,2024-10-17,TRENDING_UP,False,False,,,False
GCIL,2025-05-14,VOLATILE,False,False,,,False
GCIL,2025-06-26,TRENDING_UP,False,False,,,False
GCIL,2025-08-15,TRENDING_UP,False,False,,,False
GCIL,2025-11-20,VOLATILE,False,False,,,False
GCIL,2026-06-16,TRENDING_UP,False,False,,,False
GCWL,2025-07-03,TRENDING_UP,False,False,,,False
GCWL,2025-09-02,TRENDING_UP,False,False,,,False
GCWL,2026-01-29,VOLATILE,False,False,,,False
GCWL,2026-04-08,VOLATILE,False,False,,,False
GDL,2026-04-24,TRENDING_UP,False,False,,,False
GEMBCEM,2025-06-27,TRENDING_UP,False,True,-8.572272727272724,-7.727272727272724,False
GEMBCEM,2025-09-29,TRENDING_UP,False,False,,,False
GEMBCEM,2026-03-05,VOLATILE,False,False,,,False
GEMBCEM,2026-07-03,TRENDING_UP,False,True,-0.845,0.0,False
GEMBLUEX,2024-05-08,TRENDING_UP,False,False,,,False
GEMBLUEX,2025-01-06,TRENDING_UP,False,False,,,False
GEMBLUEX,2025-05-16,TRENDING_UP,False,False,,,False
GEMBLUEX,2025-10-27,VOLATILE,False,False,,,False
GEMMEL,2024-12-10,TRENDING_UP,False,True,8.703034943599794,11.083864639529171,True
GEMMEL,2025-08-04,TRENDING_UP,False,True,-0.845,0.0,False
GEMMEL,2025-12-23,TRENDING_UP,False,False,,,False
GEMNETS,2025-07-21,TRENDING_UP,False,False,,,False
GEMNETS,2026-05-18,VOLATILE,False,False,,,False
GEMPACRA,2025-07-28,TRENDING_UP,False,False,,,False
GEMPACRA,2025-12-09,TRENDING_UP,False,False,,,False
GEMPACRA,2026-06-18,TRENDING_UP,False,True,10.186035714285717,12.828571428571433,True
GEMPAPL,2024-08-09,RANGING,False,False,,,False
GEMPAPL,2024-12-03,TRENDING_UP,False,False,,,False
GEMPAPL,2025-06-10,TRENDING_UP,False,False,,,False
GEMPAPL,2026-06-11,RANGING,False,True,-5.151220095693773,-4.3062200956937735,False
GEMSPNL,2024-05-14,TRENDING_UP,False,False,,,False
GEMSPNL,2024-10-25,TRENDING_UP,False,False,,,False
GEMSPNL,2024-12-06,TRENDING_UP,False,False,,,False
GEMSPNL,2025-01-30,VOLATILE,False,False,,,False
GEMSPNL,2025-04-18,TRENDING_UP,False,True,2.561883396855655,3.858980466889006,True
GEMSPNL,2025-09-19,TRENDING_UP,False,False,,,False
GEMSPNL,2025-11-03,VOLATILE,False,False,,,False
GEMSPNL,2026-02-25,VOLATILE,False,False,,,False
GFIL,2020-09-09,TRENDING_UP,False,False,,,False
GFIL,2020-12-23,TRENDING_UP,False,False,,,False
GFIL,2021-02-26,RANGING,False,False,,,False
GFIL,2021-04-29,RANGING,False,False,,,False
GFIL,2021-07-27,RANGING,False,False,,,False
GFIL,2022-11-24,RANGING,False,True,-7.390454545454551,-6.545454545454551,False
GFIL,2023-02-24,RANGING,False,True,-2.7497619047619066,-1.9047619047619064,False
GFIL,2023-07-11,TRENDING_UP,False,True,5.679599462365587,7.526881720430103,True
GFIL,2023-10-05,TRENDING_UP,False,True,-0.632234042553196,0.21276595744680396,False
GFIL,2024-02-15,VOLATILE,False,False,,,False
GFIL,2024-04-16,TRENDING_UP,False,False,,,False
GFIL,2024-07-12,TRENDING_UP,False,False,,,False
GFIL,2025-04-17,TRENDING_UP,False,False,,,False
GFIL,2025-07-08,TRENDING_UP,False,False,,,False
GFIL,2025-09-08,TRENDING_UP,False,False,,,False
GFIL,2026-01-06,TRENDING_UP,False,False,,,False
GFIL,2026-04-15,VOLATILE,False,False,,,False
GGGL,2020-04-10,VOLATILE,False,False,,,False
GGGL,2020-07-14,RANGING,False,False,,,False
GGGL,2020-10-26,TRENDING_UP,False,True,-8.296607685256745,-7.451607685256745,False
GGGL,2020-12-28,TRENDING_UP,False,True,15.057410422893419,18.559600497521668,True
GGGL,2021-02-19,RANGING,False,True,-3.3773910482921066,-2.5323910482921064,False
GGGL,2021-04-09,VOLATILE,False,True,5.068758119925045,6.808244846970641,True
GGGL,2021-05-19,TRENDING_UP,False,False,,,False
GGGL,2021-11-05,TRENDING_UP,False,True,-2.7035441404233325,-1.8585441404233323,False
GGGL,2022-01-11,RANGING,False,False,,,False
GGGL,2022-03-31,RANGING,False,True,-4.155759969902179,-3.3107599699021786,False
GGGL,2022-08-15,RANGING,False,True,-1.3376108374384277,-0.4926108374384277,False
GGGL,2023-07-10,TRENDING_UP,False,False,,,False
GGGL,2023-09-25,RANGING,False,True,-2.373013582342952,-1.5280135823429517,False
GGGL,2023-11-20,TRENDING_UP,False,False,,,False
GGGL,2024-05-08,TRENDING_UP,False,False,,,False
GGGL,2024-11-13,TRENDING_UP,False,False,,,False
GGGL,2025-02-20,TRENDING_UP,False,False,,,False
GGGL,2025-05-21,TRENDING_UP,False,True,-1.6960638297872346,-0.8510638297872347,False
GGGL,2025-08-21,TRENDING_UP,False,False,,,False
GGGL,2026-04-08,VOLATILE,False,True,-6.380924617196709,-5.535924617196709,False
GGGL,2026-06-16,TRENDING_UP,False,False,,,False
GGL,2020-01-02,TRENDING_UP,False,False,,,False
GGL,2020-04-17,VOLATILE,False,False,,,False
GGL,2020-06-09,RANGING,False,False,,,False
GGL,2020-07-24,RANGING,False,False,,,False
GGL,2020-12-23,TRENDING_UP,False,False,,,False
GGL,2021-03-02,RANGING,False,False,,,False
GGL,2022-04-11,RANGING,False,False,,,False
GGL,2022-08-15,RANGING,False,True,-3.4033982202447213,-2.558398220244721,False
GGL,2023-03-10,RANGING,False,False,,,False
GGL,2023-07-10,TRENDING_UP,False,False,,,False
GGL,2023-10-17,TRENDING_UP,False,True,-3.342598463016328,-2.4975984630163284,False
GGL,2024-05-13,TRENDING_UP,False,False,,,False
GGL,2024-10-24,TRENDING_UP,False,False,,,False
GGL,2025-05-21,TRENDING_UP,False,False,,,False
GGL,2025-06-27,TRENDING_UP,False,False,,,False
GGL,2026-04-10,VOLATILE,False,True,8.450846209912543,10.787172011661816,True
GGL,2026-06-05,TRENDING_UP,False,True,0.8542500000000044,1.8500000000000052,True
GHGL,2020-01-17,TRENDING_UP,False,False,,,False
GHGL,2020-04-17,VOLATILE,False,True,-0.845,0.0,False
GHGL,2020-07-07,RANGING,False,True,0.07061310904872105,0.9280742459396718,True
GHGL,2020-09-03,TRENDING_UP,False,False,,,False
GHGL,2020-10-28,TRENDING_UP,False,True,-4.674714481107885,-3.8297144811078847,False
GHGL,2020-12-22,TRENDING_UP,False,False,,,False
GHGL,2021-06-07,TRENDING_UP,False,False,,,False
GHGL,2022-04-12,RANGING,False,False,,,False
GHGL,2022-11-18,RANGING,False,True,-2.7727108433734875,-1.9277108433734873,False
GHGL,2023-02-22,RANGING,False,True,-2.4208202014983193,-1.5758202014983194,False
GHGL,2023-06-12,RANGING,False,True,-7.936055600322303,-7.091055600322303,False
GHGL,2023-11-17,TRENDING_UP,False,False,,,False
GHGL,2024-04-15,TRENDING_UP,False,True,-2.5857407407407367,-1.7407407407407365,False
GHGL,2024-08-16,RANGING,False,False,,,False
GHGL,2024-11-13,TRENDING_UP,False,False,,,False
GHGL,2025-02-26,TRENDING_UP,False,False,,,False
GHGL,2025-06-02,TRENDING_UP,False,False,,,False
GHGL,2025-07-29,TRENDING_UP,False,True,-6.503347676419955,-5.658347676419956,False
GHGL,2025-09-01,TRENDING_UP,False,False,,,False
GHGL,2026-04-08,VOLATILE,False,False,,,False
GHGL,2026-06-15,TRENDING_UP,False,False,,,False
GHNI,2020-04-17,VOLATILE,False,False,,,False
GHNI,2020-10-23,VOLATILE,False,False,,,False
GHNI,2020-12-14,TRENDING_UP,False,False,,,False
GHNI,2021-02-08,TRENDING_UP,False,True,-5.752528318503454,-4.907528318503454,False
GHNI,2021-06-04,TRENDING_UP,False,False,,,False
GHNI,2021-07-05,RANGING,False,False,,,False
GHNI,2021-11-05,TRENDING_UP,False,True,-5.32008352548115,-4.47508352548115,False
GHNI,2022-01-04,RANGING,False,False,,,False
GHNI,2022-04-12,RANGING,False,False,,,False
GHNI,2022-06-23,RANGING,False,False,,,False
GHNI,2023-07-03,RANGING,False,False,,,False
GHNI,2023-10-06,TRENDING_UP,False,True,15.80503198026657,19.439155270901846,True
GHNI,2023-11-16,TRENDING_UP,False,False,,,False
GHNI,2024-03-11,TRENDING_UP,False,False,,,False
GHNI,2024-04-22,TRENDING_UP,False,True,-3.5697956403269755,-2.7247956403269753,False
GHNI,2024-07-09,TRENDING_UP,False,False,,,False
GHNI,2024-10-08,TRENDING_UP,False,False,,,False
GHNI,2024-12-09,TRENDING_UP,False,False,,,False
GHNI,2025-02-12,RANGING,False,False,,,False
GHNI,2025-03-17,TRENDING_UP,False,False,,,False
GHNI,2025-07-02,TRENDING_UP,False,False,,,False
GHNI,2025-09-22,TRENDING_UP,False,False,,,False
GHNI,2026-01-07,TRENDING_UP,False,False,,,False
GHNI,2026-04-14,VOLATILE,False,False,,,False
GHNI,2026-06-02,TRENDING_UP,False,True,2.784923719376391,4.121380846325166,True
GHNL,2020-04-17,VOLATILE,False,False,,,False
GHNL,2020-07-15,RANGING,False,False,,,False
GHNL,2020-12-14,TRENDING_UP,False,False,,,False
GHNL,2021-02-08,TRENDING_UP,False,False,,,False
GHNL,2021-05-31,TRENDING_UP,False,False,,,False
GHNL,2021-07-15,RANGING,False,False,,,False
GHNL,2021-11-05,TRENDING_UP,False,True,-5.043062432723364,-4.198062432723364,False
GHNL,2022-04-01,RANGING,False,True,-0.845,0.0,False
GHNL,2022-06-23,RANGING,False,False,,,False
GHNL,2023-03-16,RANGING,False,True,-3.412427385892121,-2.5674273858921213,False
GLAXO,2020-01-30,RANGING,False,False,,,False
GLAXO,2020-03-10,VOLATILE,False,True,-4.899054054054054,-4.054054054054054,False
GLAXO,2020-04-17,VOLATILE,False,False,,,False
GLAXO,2020-07-06,RANGING,False,True,3.5081700792602364,4.972258916776749,True
GLAXO,2020-11-10,TRENDING_UP,False,True,-3.1877217688865436,-2.3427217688865434,False
GLAXO,2020-12-14,TRENDING_UP,False,False,,,False
GLAXO,2021-06-04,TRENDING_UP,False,False,,,False
GLAXO,2022-08-05,RANGING,False,True,-0.6400819672131147,0.20491803278688525,False
GLAXO,2023-02-08,VOLATILE,False,False,,,False
GLAXO,2023-10-06,TRENDING_UP,False,True,-0.845,0.0,False
GLAXO,2023-11-20,TRENDING_UP,False,False,,,False
GLAXO,2024-02-20,VOLATILE,False,False,,,False
GLAXO,2024-04-08,TRENDING_UP,False,False,,,False
GLAXO,2024-08-23,TRENDING_UP,False,False,,,False
GLAXO,2024-10-28,TRENDING_UP,False,False,,,False
GLAXO,2025-04-11,VOLATILE,False,False,,,False
GLAXO,2025-09-22,TRENDING_UP,False,False,,,False
GLAXO,2026-01-02,TRENDING_UP,False,False,,,False
GLAXO,2026-04-08,VOLATILE,False,False,,,False
GLAXO,2026-06-15,TRENDING_UP,False,False,,,False
GLPL,2020-01-23,TRENDING_UP,False,False,,,False
GLPL,2020-07-15,RANGING,False,False,,,False
GLPL,2020-12-02,TRENDING_UP,False,False,,,False
GLPL,2021-06-07,TRENDING_UP,False,False,,,False
GLPL,2021-07-09,RANGING,False,False,,,False
GLPL,2022-04-11,RANGING,False,True,-1.2008718861209964,-0.3558718861209964,False
GLPL,2022-06-30,TRENDING_DOWN,False,False,,,False
GLPL,2023-01-23,TRENDING_DOWN,False,True,-0.845,0.0,False
GLPL,2023-10-24,TRENDING_UP,False,True,-4.178333333333334,-3.3333333333333335,False
GLPL,2024-02-16,VOLATILE,False,True,-0.8518022583497659,-0.006802258349765938,False
GLPL,2024-07-15,TRENDING_UP,False,False,,,False
GLPL,2024-11-11,TRENDING_UP,False,False,,,False
GLPL,2025-04-16,TRENDING_UP,False,False,,,False
GLPL,2025-10-03,TRENDING_UP,False,False,,,False
GLPL,2026-01-28,TRENDING_UP,False,False,,,False
GOC,2020-01-21,TRENDING_UP,False,True,-3.130714285714288,-2.285714285714288,False
GOC,2020-06-29,RANGING,False,False,,,False
GOC,2021-07-19,RANGING,False,False,,,False
GOC,2022-11-04,RANGING,False,True,-0.845,0.0,False
GOC,2023-11-23,TRENDING_UP,False,True,-0.845,0.0,False
GOC,2024-06-10,RANGING,False,True,-0.845,0.0,False
GOC,2024-12-03,TRENDING_UP,False,True,-0.845,0.0,False
GOC,2025-04-28,VOLATILE,False,True,-4.727725832012682,-3.8827258320126825,False
GOC,2025-07-09,TRENDING_UP,False,True,-0.845,0.0,False
GOC,2026-05-14,VOLATILE,False,False,,,False
GRR,2023-06-12,RANGING,False,True,-2.972659574468085,-2.127659574468085,False
GRR,2023-09-07,RANGING,False,True,4.365020249810743,5.980317940953816,True
GRR,2023-12-12,TRENDING_UP,False,True,-0.7680769230769247,0.07692307692307529,False
GRR,2025-01-20,TRENDING_UP,False,False,,,False
GRR,2025-03-14,TRENDING_UP,False,False,,,False
GRR,2025-06-02,TRENDING_UP,False,False,,,False
GRR,2025-11-07,VOLATILE,False,True,-3.0084615384615345,-2.1634615384615348,False
GRR,2026-05-05,VOLATILE,False,True,-1.8449999999999962,-0.9999999999999963,False
GRR,2026-06-29,TRENDING_UP,False,False,,,False
GRYL,2024-05-27,TRENDING_UP,False,False,,,False
GRYL,2024-07-08,TRENDING_UP,False,True,-0.845,0.0,False
GRYL,2024-12-10,TRENDING_UP,False,False,,,False
GRYL,2025-05-30,TRENDING_UP,False,True,7.314717032967044,9.450549450549465,True
GRYL,2025-07-31,TRENDING_UP,False,False,,,False
GRYL,2025-10-28,VOLATILE,False,False,,,False
GRYL,2026-06-04,TRENDING_UP,False,False,,,False
GSKCH,2020-03-13,VOLATILE,False,False,,,False
GSKCH,2020-04-16,VOLATILE,False,False,,,False
GSKCH,2020-06-10,RANGING,False,False,,,False
GSKCH,2021-02-02,TRENDING_UP,False,False,,,False
GSKCH,2021-04-26,TRENDING_UP,False,False,,,False
GSKCH,2021-06-03,TRENDING_UP,False,False,,,False
GSKCH,2021-08-24,TRENDING_UP,False,False,,,False
GSKCH,2022-01-17,RANGING,False,False,,,False
GSKCH,2022-04-11,RANGING,False,True,-0.8849840063974387,-0.03998400639743875,False
GSPM,2024-05-31,TRENDING_UP,False,False,,,False
GSPM,2024-07-24,TRENDING_UP,False,False,,,False
GSPM,2024-09-19,TRENDING_UP,False,True,-8.844999999999997,-7.999999999999997,False
GSPM,2025-05-22,TRENDING_UP,False,False,,,False
GSPM,2025-08-06,TRENDING_UP,False,True,35.973723969631216,43.16702819956614,True
GSPM,2025-11-27,TRENDING_UP,False,False,,,False
GSPM,2026-06-02,TRENDING_UP,False,False,,,False
GTYR,2020-04-20,VOLATILE,False,True,-3.581318407960202,-2.7363184079602023,False
GTYR,2020-06-12,RANGING,False,False,,,False
GTYR,2020-07-16,RANGING,False,False,,,False
GTYR,2020-12-01,TRENDING_UP,False,False,,,False
GTYR,2021-01-29,TRENDING_UP,False,False,,,False
GTYR,2021-05-31,TRENDING_UP,False,True,-3.5553825136612067,-2.7103825136612065,False
GTYR,2022-04-13,RANGING,False,False,,,False
GTYR,2022-08-10,RANGING,False,True,-2.233888888888889,-1.3888888888888888,False
GTYR,2023-03-16,RANGING,False,True,-1.5409706959707006,-0.6959706959707006,False
GTYR,2023-07-04,RANGING,False,False,,,False
GTYR,2023-10-05,TRENDING_UP,False,False,,,False
GTYR,2024-03-01,TRENDING_UP,False,False,,,False
GTYR,2024-07-18,TRENDING_UP,False,False,,,False
GTYR,2024-11-29,TRENDING_UP,False,False,,,False
GTYR,2025-05-30,TRENDING_UP,False,False,,,False
GTYR,2025-07-04,TRENDING_UP,False,False,,,False
GTYR,2026-01-20,TRENDING_UP,False,True,-2.8640023752969155,-2.0190023752969153,False
GTYR,2026-04-08,VOLATILE,False,False,,,False
GUSM,2024-06-03,TRENDING_UP,False,True,-8.844999999999994,-7.999999999999993,False
GUSM,2024-07-15,TRENDING_UP,False,True,-8.84499999999999,-7.999999999999989,False
GUSM,2025-01-15,VOLATILE,False,False,,,False
GUSM,2025-06-17,TRENDING_UP,False,False,,,False
GUSM,2025-07-23,TRENDING_UP,False,False,,,False
GUSM,2025-11-27,TRENDING_UP,False,False,,,False
GUSM,2026-06-03,TRENDING_UP,False,True,17.940286585365854,21.951219512195124,True
GVGL,2020-02-28,VOLATILE,False,False,,,False
GVGL,2020-04-17,VOLATILE,False,True,-2.7453595274781586,-1.9003595274781584,False
GVGL,2020-07-14,RANGING,False,False,,,False
GVGL,2020-09-04,TRENDING_UP,False,True,-1.8688907849829415,-1.0238907849829415,False
GVGL,2021-01-12,TRENDING_UP,False,False,,,False
GVGL,2021-02-18,RANGING,False,False,,,False
GVGL,2021-05-20,TRENDING_UP,False,True,-1.200871886120998,-0.3558718861209979,False
GVGL,2021-07-01,RANGING,False,False,,,False
GVGL,2021-11-01,RANGING,False,False,,,False
GVGL,2022-01-10,RANGING,False,False,,,False
GVGL,2022-04-06,RANGING,False,False,,,False
GVGL,2022-08-30,RANGING,False,True,3.0662022968197946,4.4522968197879935,True
GVGL,2022-10-04,TRENDING_DOWN,False,True,-2.045000000000008,-1.2000000000000077,False
GVGL,2023-03-14,RANGING,False,False,,,False
GVGL,2023-06-12,RANGING,False,False,,,False
GVGL,2023-11-15,TRENDING_UP,False,False,,,False
GVGL,2023-12-22,VOLATILE,False,False,,,False
GVGL,2024-08-15,RANGING,False,True,-0.008797343826848492,0.8362026561731515,False
GVGL,2024-09-18,TRENDING_UP,False,False,,,False
GVGL,2024-12-04,TRENDING_UP,False,False,,,False
GVGL,2025-05-20,TRENDING_UP,False,True,0.5918937200583249,1.541345553009794,True
GVGL,2025-07-25,TRENDING_UP,False,False,,,False
GVGL,2025-09-22,TRENDING_UP,False,False,,,False
GVGL,2025-12-08,TRENDING_UP,False,False,,,False
GWLC,2020-03-02,VOLATILE,False,False,,,False
GWLC,2020-04-17,VOLATILE,False,False,,,False
GWLC,2020-07-01,RANGING,False,False,,,False
GWLC,2020-09-02,TRENDING_UP,False,True,8.32430319148936,10.638297872340425,True
GWLC,2020-10-23,VOLATILE,False,False,,,False
GWLC,2020-12-14,TRENDING_UP,False,False,,,False
GWLC,2021-02-19,RANGING,False,True,3.670768691588787,5.163551401869161,True
GWLC,2021-05-31,TRENDING_UP,False,False,,,False
GWLC,2022-03-17,TRENDING_DOWN,False,True,-4.44630956711531,-3.6013095671153095,False
GWLC,2023-03-15,RANGING,False,False,,,False
GWLC,2023-07-03,RANGING,False,True,-1.8654081632653163,-1.0204081632653164,False
GWLC,2023-10-05,TRENDING_UP,False,True,1.781749999999992,2.9411764705882257,True
GWLC,2023-11-14,TRENDING_UP,False,False,,,False
GWLC,2024-05-10,TRENDING_UP,False,False,,,False
GWLC,2024-10-21,TRENDING_UP,False,False,,,False
GWLC,2024-12-11,TRENDING_UP,False,False,,,False
GWLC,2025-05-20,TRENDING_UP,False,True,-4.7209689922480615,-3.875968992248062,False
GWLC,2025-08-13,TRENDING_UP,False,False,,,False
GWLC,2025-09-24,TRENDING_UP,False,False,,,False
GWLC,2026-04-08,VOLATILE,False,False,,,False
HABSM,2024-01-01,TRENDING_UP,False,False,,,False
HABSM,2024-03-14,TRENDING_UP,False,False,,,False
HABSM,2024-07-30,RANGING,False,False,,,False
HABSM,2024-12-04,TRENDING_UP,False,False,,,False
HABSM,2025-04-10,TRENDING_UP,False,True,-2.724491431730237,-1.8794914317302367,False
HABSM,2025-06-05,TRENDING_UP,False,True,-0.845,0.0,False
HABSM,2025-12-17,TRENDING_UP,False,False,,,False
HAEL,2020-01-13,TRENDING_UP,False,False,,,False
HAEL,2021-01-19,TRENDING_UP,False,False,,,False
HAEL,2022-01-07,RANGING,False,True,-0.845,0.0,False
HAEL,2022-04-11,RANGING,False,False,,,False
HAEL,2023-03-10,RANGING,False,True,-0.9920588235294086,-0.14705882352940863,False
HAEL,2023-05-22,RANGING,False,True,-1.0024803149606265,-0.1574803149606266,False
HAEL,2023-10-02,TRENDING_UP,False,False,,,False
HAEL,2024-02-26,VOLATILE,False,True,3.5082693370165674,4.972375690607726,True
HAEL,2024-04-25,TRENDING_UP,False,False,,,False
HAEL,2024-06-21,TRENDING_UP,False,False,,,False
HAEL,2024-08-23,TRENDING_UP,False,False,,,False
HAEL,2024-09-26,TRENDING_UP,False,True,-5.390454545454543,-4.545454545454543,False
HAEL,2024-10-28,TRENDING_UP,False,False,,,False
HAEL,2025-05-14,VOLATILE,False,False,,,False
HAEL,2025-09-18,TRENDING_UP,False,False,,,False
HAEL,2026-02-09,VOLATILE,False,False,,,False
HAEL,2026-05-06,VOLATILE,False,False,,,False
HAEL,2026-07-02,TRENDING_UP,False,True,13.659859452736324,16.915422885572145,True
HAFL,2023-01-19,TRENDING_DOWN,False,False,,,False
HAFL,2024-11-29,TRENDING_UP,False,False,,,False
HAFL,2025-07-09,TRENDING_UP,False,False,,,False
HAFL,2025-11-20,VOLATILE,False,True,12.930689393939394,16.05757575757576,True
HAFL,2026-06-24,TRENDING_UP,False,True,4.402231927710844,6.024096385542169,True
HALEON,2023-04-28,RANGING,False,False,,,False
HALEON,2023-07-03,RANGING,False,True,12.095355442176867,15.074829931972786,True
HALEON,2023-10-13,TRENDING_UP,False,False,,,False
HALEON,2023-11-22,TRENDING_UP,False,False,,,False
HALEON,2024-01-12,VOLATILE,False,False,,,False
HALEON,2024-04-08,TRENDING_UP,False,True,-1.368809523809521,-0.5238095238095211,False
HALEON,2024-06-13,TRENDING_UP,False,True,-0.845,0.0,False
HALEON,2024-08-07,RANGING,False,False,,,False
HALEON,2024-10-22,TRENDING_UP,False,False,,,False
HALEON,2025-07-02,TRENDING_UP,False,False,,,False
HALEON,2025-08-19,TRENDING_UP,False,False,,,False
HALEON,2026-01-01,TRENDING_UP,False,False,,,False
HALEON,2026-04-17,VOLATILE,False,True,-2.563694332854213,-1.718694332854213,False
HALEON,2026-06-15,TRENDING_UP,False,False,,,False
HASCOL,2020-07-09,RANGING,False,False,,,False
HASCOL,2020-08-11,TRENDING_UP,False,False,,,False
HASCOL,2021-05-19,TRENDING_UP,False,False,,,False
HASCOL,2022-04-11,RANGING,False,False,,,False
HASCOL,2022-08-12,RANGING,False,False,,,False
HASCOL,2022-11-02,RANGING,False,False,,,False
HASCOL,2023-06-09,RANGING,False,True,4.8949575471698195,6.60377358490567,True
HASCOL,2023-11-06,TRENDING_UP,False,False,,,False
HASCOL,2023-12-06,TRENDING_UP,False,False,,,False
HASCOL,2024-08-30,TRENDING_UP,False,False,,,False
HASCOL,2024-11-06,TRENDING_UP,False,False,,,False
HASCOL,2025-07-08,TRENDING_UP,False,False,,,False
HASCOL,2025-09-18,TRENDING_UP,False,False,,,False
HASCOL,2025-12-17,TRENDING_UP,False,False,,,False
HASCOL,2026-04-16,VOLATILE,False,False,,,False
HBL,2020-06-10,RANGING,False,False,,,False
HBL,2020-07-09,RANGING,False,True,-0.9856469760900194,-0.1406469760900194,False
HBL,2021-10-20,VOLATILE,False,True,1.0297338709677397,2.0564516129032233,True
HBL,2023-01-25,VOLATILE,False,False,,,False
HBL,2023-05-02,RANGING,False,False,,,False
HBL,2023-07-03,RANGING,False,False,,,False
HBL,2023-11-27,TRENDING_UP,False,False,,,False
HBL,2024-04-16,TRENDING_UP,False,False,,,False
HBL,2024-06-20,TRENDING_UP,False,False,,,False
HBL,2024-10-08,TRENDING_UP,False,False,,,False
HBL,2024-11-22,TRENDING_UP,False,False,,,False
HBL,2025-05-13,VOLATILE,False,False,,,False
HBL,2025-06-25,TRENDING_UP,False,True,4.594249999999998,6.249999999999997,True
HBL,2025-09-26,TRENDING_UP,False,False,,,False
HBL,2026-01-05,TRENDING_UP,False,False,,,False
HBL,2026-04-08,VOLATILE,False,False,,,False
HBL,2026-06-16,TRENDING_UP,False,False,,,False
HBLTETF,2026-01-16,TRENDING_UP,False,False,,,False
HCAR,2020-04-21,VOLATILE,False,True,-1.7214705882352994,-0.8764705882352994,False
HCAR,2020-06-09,RANGING,False,True,-3.123481012658228,-2.278481012658228,False
HCAR,2020-10-21,VOLATILE,False,True,-0.7211865456046267,0.12381345439537328,False
HCAR,2020-12-15,TRENDING_UP,False,False,,,False
HCAR,2021-04-14,RANGING,False,False,,,False
HCAR,2021-07-16,RANGING,False,False,,,False
HCAR,2021-12-21,TRENDING_DOWN,False,True,-0.5276516220028213,0.31734837799717863,False
HCAR,2022-06-28,TRENDING_DOWN,False,True,0.6572876344085979,1.6182795698924681,True
HCAR,2022-08-10,RANGING,False,True,-4.168119188503799,-3.3231191885037994,False
HCAR,2022-09-27,TRENDING_DOWN,False,False,,,False
HCAR,2022-12-29,TRENDING_DOWN,False,False,,,False
HCAR,2023-07-04,RANGING,False,False,,,False
HCAR,2023-10-05,TRENDING_UP,False,False,,,False
HCAR,2023-11-22,TRENDING_UP,False,False,,,False
HCAR,2024-01-05,VOLATILE,False,False,,,False
HCAR,2024-04-19,TRENDING_UP,False,False,,,False
HCAR,2024-11-06,TRENDING_UP,False,False,,,False
HCAR,2024-12-13,TRENDING_UP,False,False,,,False
HCAR,2025-03-19,TRENDING_UP,False,False,,,False
HCAR,2026-04-10,VOLATILE,False,True,4.39690601783061,6.017830609212482,True
HCL,2020-06-22,RANGING,False,False,,,False
HCL,2023-11-07,TRENDING_UP,False,False,,,False
HCL,2024-08-12,RANGING,False,False,,,False
HCL,2024-12-31,TRENDING_UP,False,False,,,False
HGFA,2024-10-16,TRENDING_UP,False,True,-0.845,0.0,False
HGFA,2024-12-12,TRENDING_UP,False,True,5.741749999999999,7.599999999999999,True
HGFA,2025-06-24,TRENDING_UP,False,True,-0.845,0.0,False
HGFA,2025-09-05,TRENDING_UP,False,False,,,False
HGFA,2026-06-05,TRENDING_UP,False,True,-0.845,0.0,False
HICL,2020-01-03,TRENDING_UP,False,True,-1.8449999999999949,-0.9999999999999948,False
HICL,2020-06-01,RANGING,False,False,,,False
HICL,2021-03-15,VOLATILE,False,True,5.71778133159269,7.5718015665796345,True
HICL,2022-04-11,RANGING,False,True,-0.40576134699853217,0.4392386530014678,False
HICL,2022-07-18,TRENDING_DOWN,False,True,-0.845,0.0,False
HICL,2022-11-14,RANGING,False,True,-0.845,0.0,False
HICL,2023-03-20,RANGING,False,False,,,False
HICL,2023-08-02,TRENDING_UP,False,True,-0.845,0.0,False
HICL,2023-11-21,TRENDING_UP,False,True,-0.845,0.0,False
HICL,2024-03-25,TRENDING_UP,False,False,,,False
HICL,2024-05-21,TRENDING_UP,False,False,,,False
HICL,2024-10-25,TRENDING_UP,False,True,-5.4408795562599055,-4.595879556259906,False
HICL,2024-12-09,TRENDING_UP,False,False,,,False
HICL,2025-07-08,TRENDING_UP,False,False,,,False
HICL,2026-01-27,TRENDING_UP,False,False,,,False
HICL,2026-07-06,TRENDING_UP,False,False,,,False
HIFA,2024-11-04,TRENDING_UP,False,False,,,False
HIFA,2024-12-12,TRENDING_UP,False,False,,,False
HIFA,2025-06-16,TRENDING_UP,False,False,,,False
HIFA,2025-07-22,TRENDING_UP,False,False,,,False
HIFA,2025-09-05,TRENDING_UP,False,True,-4.226642512077294,-3.3816425120772946,False
HIFA,2026-06-16,TRENDING_UP,False,True,-0.4846396396396313,0.36036036036036867,False
HINO,2020-05-18,VOLATILE,False,True,0.35770056029252073,1.2658241885794361,True
HINO,2020-09-03,TRENDING_UP,False,True,-3.460808796803862,-2.615808796803862,False
HINO,2021-03-19,VOLATILE,False,True,0.8056630434782589,1.7928388746803046,True
HINO,2021-06-01,TRENDING_UP,False,False,,,False
HINO,2021-11-05,TRENDING_UP,False,False,,,False
HINO,2022-01-04,RANGING,False,False,,,False
HINO,2022-06-22,RANGING,False,True,-0.845,0.0,False
HINO,2023-06-12,RANGING,False,False,,,False
HINO,2023-10-06,TRENDING_UP,False,True,2.5109382914677147,3.799045048785547,True
HINO,2023-11-20,TRENDING_UP,False,True,-4.859766958929399,-4.014766958929399,False
HINO,2024-04-16,TRENDING_UP,False,False,,,False
HINO,2024-10-22,TRENDING_UP,False,False,,,False
HINO,2024-12-04,TRENDING_UP,False,False,,,False
HINO,2025-07-24,TRENDING_UP,False,False,,,False
HINO,2025-10-06,TRENDING_UP,False,False,,,False
HINO,2026-04-17,VOLATILE,False,True,-1.4891176470588228,-0.6441176470588229,False
HINO,2026-06-03,TRENDING_UP,False,False,,,False
HINOON,2020-03-11,VOLATILE,False,True,-1.0354761904761904,-0.19047619047619047,False
HINOON,2020-04-20,VOLATILE,False,True,-3.6660208510236902,-2.82102085102369,False
HINOON,2020-07-07,RANGING,False,False,,,False
HINOON,2020-09-18,TRENDING_UP,False,True,-3.1887499999999998,-2.34375,False
HINOON,2020-12-02,TRENDING_UP,False,True,-1.1589717425431711,-0.3139717425431711,False
HINOON,2021-01-26,TRENDING_UP,False,False,,,False
HINOON,2021-08-10,RANGING,False,False,,,False
HINOON,2022-03-31,RANGING,False,False,,,False
HINOON,2023-06-09,RANGING,False,True,-5.56195993168386,-4.71695993168386,False
HINOON,2023-09-28,TRENDING_UP,False,True,-0.8717665952890853,-0.026766595289085312,False
HINOON,2023-11-28,TRENDING_UP,False,True,-1.669742268041237,-0.8247422680412372,False
HINOON,2024-02-21,VOLATILE,False,False,,,False
HINOON,2024-04-04,TRENDING_UP,False,False,,,False
HINOON,2024-06-13,TRENDING_UP,False,True,3.827002555177014,5.347355947267075,True
HINOON,2024-08-23,TRENDING_UP,False,False,,,False
HINOON,2024-10-07,TRENDING_UP,False,True,3.2048269230769235,4.615384615384616,True
HINOON,2025-03-27,TRENDING_UP,False,False,,,False
HINOON,2025-06-12,TRENDING_UP,False,True,-3.0189130434782605,-2.1739130434782608,False
HINOON,2025-07-14,TRENDING_UP,False,False,,,False
HINOON,2025-08-19,TRENDING_UP,False,True,-0.3973619782766444,0.4476380217233556,False
HINOON,2026-04-10,VOLATILE,False,True,3.732468685831622,5.236139630390143,True
HIRAT,2024-06-06,RANGING,False,False,,,False
HIRAT,2024-08-07,RANGING,False,True,-6.954324758842442,-6.109324758842442,False
HIRAT,2024-12-31,TRENDING_UP,False,False,,,False
HIRAT,2025-04-22,TRENDING_UP,False,False,,,False
HIRAT,2025-06-16,TRENDING_UP,False,False,,,False
HIRAT,2025-08-06,TRENDING_UP,False,False,,,False
HIRAT,2026-04-08,VOLATILE,False,True,-4.005919540229881,-3.160919540229881,False
HIRAT,2026-07-07,TRENDING_UP,True,False,,,False
HMB,2020-01-10,TRENDING_UP,False,True,0.5567500000000031,1.5000000000000036,True
HMB,2020-07-13,RANGING,False,True,-0.845,0.0,False
HMB,2020-10-22,VOLATILE,False,False,,,False
HMB,2021-04-23,RANGING,False,False,,,False
HMB,2022-08-17,RANGING,False,False,,,False
HMB,2023-02-28,RANGING,False,True,-0.845,0.0,False
HMB,2023-05-08,RANGING,False,True,-2.5882646592710006,-1.7432646592710006,False
HMB,2023-07-21,TRENDING_UP,False,True,1.7455181159420288,2.898550724637681,True
HMB,2023-08-24,TRENDING_UP,False,False,,,False
HMB,2023-10-13,TRENDING_UP,False,False,,,False
HMB,2024-01-24,TRENDING_UP,False,True,0.7224279661016949,1.694915254237288,True
HMB,2024-06-14,TRENDING_UP,False,False,,,False
HMB,2024-10-25,TRENDING_UP,False,True,-0.4610175534832678,0.3839824465167322,False
HMB,2025-01-01,TRENDING_UP,False,False,,,False
HMB,2025-04-22,TRENDING_UP,False,True,-7.055526315789479,-6.21052631578948,False
HMB,2025-06-03,TRENDING_UP,False,True,1.0712236842105263,2.1052631578947367,True
HMB,2026-01-05,TRENDING_UP,False,False,,,False
HMB,2026-02-04,TRENDING_UP,False,False,,,False
HMB,2026-04-08,VOLATILE,False,True,-2.895592486763592,-2.0505924867635916,False
HMM,2020-07-29,TRENDING_UP,False,False,,,False
HMM,2020-12-24,TRENDING_UP,False,False,,,False
HMM,2021-06-16,TRENDING_UP,False,True,4.59425,6.25,True
HMM,2021-08-23,TRENDING_UP,False,True,4.1759920681551135,5.757931844888369,True
HMM,2021-12-29,RANGING,False,True,6.903770431328027,8.967082860385915,True
HPL,2024-05-10,TRENDING_UP,False,False,,,False
HPL,2024-08-16,RANGING,False,False,,,False
HPL,2024-10-07,TRENDING_UP,False,False,,,False
HPL,2025-01-21,TRENDING_UP,False,False,,,False
HPL,2025-02-25,TRENDING_UP,False,True,8.266450973574408,10.570236439499304,True
HPL,2025-08-15,TRENDING_UP,False,True,5.743059184255568,7.601540216771256,True
HPL,2025-12-12,TRENDING_UP,False,False,,,False
HRPL,2025-05-30,TRENDING_UP,False,True,1.8276437198067628,2.995169082125603,True
HRPL,2025-08-19,TRENDING_UP,False,False,,,False
HRPL,2025-12-03,TRENDING_UP,False,False,,,False
HSPI,2021-08-02,RANGING,False,False,,,False
HSPI,2021-09-14,RANGING,False,False,,,False
HSPI,2022-11-16,RANGING,False,False,,,False
HTL,2020-01-27,TRENDING_UP,False,False,,,False
HTL,2020-03-11,VOLATILE,False,True,-6.935909090909095,-6.090909090909095,False
HTL,2020-05-13,VOLATILE,False,False,,,False
HTL,2020-07-08,RANGING,False,False,,,False
HTL,2020-09-02,TRENDING_UP,False,False,,,False
HTL,2021-01-05,TRENDING_UP,False,True,-3.011430451508403,-2.166430451508403,False
HTL,2021-06-07,TRENDING_UP,False,False,,,False
HTL,2021-07-19,RANGING,False,False,,,False
HTL,2022-01-04,RANGING,False,False,,,False
HTL,2022-04-12,RANGING,False,False,,,False
HTL,2022-08-05,RANGING,False,True,-2.216158392434984,-1.3711583924349842,False
HTL,2023-03-20,RANGING,False,False,,,False
HTL,2023-07-10,TRENDING_UP,False,True,0.9470838664534131,1.9592163134746037,True
HTL,2023-10-16,TRENDING_UP,False,False,,,False
HTL,2024-03-11,TRENDING_UP,False,False,,,False
HTL,2024-04-22,TRENDING_UP,False,True,-0.1078992628992641,0.7371007371007359,False
HTL,2024-07-09,TRENDING_UP,False,False,,,False
HTL,2024-08-27,RANGING,False,False,,,False
HTL,2024-10-16,TRENDING_UP,False,False,,,False
HTL,2024-11-20,TRENDING_UP,False,False,,,False
HTL,2025-06-11,TRENDING_UP,False,False,,,False
HTL,2025-09-18,TRENDING_UP,False,True,-4.558379361821239,-3.713379361821239,False
HTL,2026-01-09,TRENDING_UP,False,False,,,False
HTL,2026-04-08,VOLATILE,False,False,,,False
HUBC,2020-01-02,TRENDING_UP,False,False,,,False
HUBC,2020-04-30,VOLATILE,False,True,-4.79709580838323,-3.9520958083832305,False
HUBC,2020-07-21,RANGING,False,False,,,False
HUBC,2020-10-28,TRENDING_UP,False,True,-5.481471990464839,-4.636471990464839,False
HUBC,2021-01-04,TRENDING_UP,False,True,-4.384325842696636,-3.5393258426966354,False
HUBC,2021-02-02,TRENDING_UP,False,False,,,False
HUBC,2021-08-30,RANGING,False,True,-1.445000000000005,-0.600000000000005,False
HUBC,2022-01-06,RANGING,False,True,4.137298260013125,5.7124097176625,True
HUBC,2022-09-26,TRENDING_DOWN,False,False,,,False
HUBC,2023-02-03,VOLATILE,False,False,,,False
HUBC,2023-03-09,RANGING,False,True,-2.255437235543018,-1.4104372355430181,False
HUBC,2023-04-20,RANGING,False,False,,,False
HUBC,2023-07-03,RANGING,False,False,,,False
HUBC,2023-10-20,TRENDING_UP,False,False,,,False
HUBC,2024-03-27,TRENDING_UP,False,False,,,False
HUBC,2024-06-21,TRENDING_UP,False,False,,,False
HUBC,2024-11-08,TRENDING_UP,False,False,,,False
HUBC,2025-03-19,TRENDING_UP,False,False,,,False
HUBC,2025-07-14,TRENDING_UP,False,False,,,False
HUBC,2025-09-03,TRENDING_UP,False,False,,,False
HUBC,2025-12-01,TRENDING_UP,False,False,,,False
HUBC,2026-01-07,TRENDING_UP,False,False,,,False
HUBC,2026-04-08,VOLATILE,False,True,-2.4579032258064517,-1.6129032258064515,False
HUBC,2026-06-15,TRENDING_UP,False,False,,,False
HUMNL,2020-04-15,TRENDING_DOWN,False,True,74.65910849056604,88.67924528301887,True
HUMNL,2021-01-11,TRENDING_UP,False,False,,,False
HUMNL,2021-02-22,RANGING,False,False,,,False
HUMNL,2021-05-26,TRENDING_UP,False,False,,,False
HUMNL,2021-12-23,VOLATILE,False,False,,,False
HUMNL,2022-01-28,RANGING,False,False,,,False
HUMNL,2022-04-11,RANGING,False,False,,,False
HUMNL,2022-08-15,RANGING,False,False,,,False
HUMNL,2023-05-15,RANGING,False,False,,,False
HUMNL,2023-11-06,TRENDING_UP,False,False,,,False
HUMNL,2024-03-04,TRENDING_UP,False,True,-4.827930298719775,-3.9829302987197757,False
HUMNL,2024-05-07,TRENDING_UP,False,False,,,False
HUMNL,2024-07-09,TRENDING_UP,False,False,,,False
HUMNL,2024-10-10,TRENDING_UP,False,False,,,False
HUMNL,2025-06-25,TRENDING_UP,False,False,,,False
HUMNL,2025-09-10,TRENDING_UP,False,False,,,False
HUMNL,2025-11-26,TRENDING_UP,False,True,-1.3331025015253315,-0.4881025015253316,False
HUMNL,2026-06-15,TRENDING_UP,False,False,,,False
HUSI,2021-08-02,RANGING,False,False,,,False
HUSI,2022-02-10,TRENDING_UP,False,True,-0.845,0.0,False
HUSI,2022-08-04,RANGING,False,False,,,False
HUSI,2022-10-10,RANGING,False,True,-0.845,0.0,False
HUSI,2023-03-30,TRENDING_DOWN,False,True,-0.845,0.0,False
HUSI,2023-06-22,TRENDING_DOWN,False,False,,,False
HUSI,2023-08-25,TRENDING_UP,False,False,,,False
HUSI,2023-12-08,TRENDING_UP,False,True,-0.845,0.0,False
HUSI,2024-08-12,RANGING,False,False,,,False
HUSI,2024-11-04,TRENDING_UP,False,True,-5.130714285714278,-4.2857142857142785,False
HUSI,2025-01-01,TRENDING_UP,False,False,,,False
HUSI,2025-06-04,TRENDING_UP,False,False,,,False
HUSI,2026-01-05,TRENDING_UP,False,False,,,False
HUSI,2026-04-30,VOLATILE,False,True,-0.845,0.0,False
HUSI,2026-06-22,TRENDING_UP,False,False,,,False
HWQS,2024-01-01,TRENDING_UP,False,False,,,False
HWQS,2024-03-12,TRENDING_UP,False,False,,,False
HWQS,2024-07-10,TRENDING_UP,False,False,,,False
HWQS,2024-11-18,TRENDING_UP,False,False,,,False
HWQS,2025-05-29,TRENDING_UP,False,False,,,False
HWQS,2025-08-29,TRENDING_UP,False,False,,,False
HWQS,2025-11-11,VOLATILE,False,False,,,False
HWQS,2026-01-15,TRENDING_UP,False,False,,,False
IBFL,2024-01-02,TRENDING_UP,False,True,-0.845,0.0,False
IBFL,2024-06-21,TRENDING_UP,False,False,,,False
IBFL,2025-03-18,TRENDING_UP,False,True,1.7078235407559805,2.8542041655952715,True
IBFL,2025-12-08,TRENDING_UP,False,False,,,False
IBFL,2026-04-23,TRENDING_UP,False,True,-8.844999999999992,-7.999999999999992,False
IBFL,2026-07-03,TRENDING_UP,False,False,,,False
IBLHL,2020-04-17,VOLATILE,False,False,,,False
IBLHL,2020-06-16,RANGING,False,False,,,False
IBLHL,2020-09-25,RANGING,False,False,,,False
IBLHL,2020-11-27,TRENDING_UP,False,False,,,False
IBLHL,2021-02-03,TRENDING_UP,False,True,-1.3246163069544319,-0.4796163069544319,False
IBLHL,2021-04-26,TRENDING_UP,False,True,-2.1296865364850976,-1.2846865364850977,False
IBLHL,2021-07-19,RANGING,False,False,,,False
IBLHL,2021-10-18,VOLATILE,False,True,-2.021470588235294,-1.1764705882352942,False
IBLHL,2022-04-11,RANGING,False,False,,,False
IBLHL,2022-06-24,TRENDING_DOWN,False,True,5.629622340425528,7.468085106382974,True
IBLHL,2022-08-18,RANGING,False,True,-4.0587518684604,-3.2137518684603994,False
IBLHL,2022-11-25,RANGING,False,True,-4.728286848315817,-3.883286848315817,False
IBLHL,2023-06-26,RANGING,False,True,1.8444365671641743,3.0149253731343224,True
IBLHL,2023-11-15,TRENDING_UP,False,False,,,False
IBLHL,2024-05-09,TRENDING_UP,False,False,,,False
IBLHL,2024-11-11,TRENDING_UP,False,False,,,False
IBLHL,2025-04-21,TRENDING_UP,False,False,,,False
IBLHL,2025-11-11,VOLATILE,False,False,,,False
IBLHL,2026-04-10,VOLATILE,False,True,3.9687007908611562,5.514059753954301,True
IBLHL,2026-06-05,TRENDING_UP,False,False,,,False
ICCI,2024-06-04,TRENDING_UP,False,False,,,False
ICCI,2024-08-09,RANGING,False,False,,,False
ICCI,2024-12-02,TRENDING_UP,False,True,37.1464017739816,44.546649145860705,True
ICCI,2025-01-30,VOLATILE,False,False,,,False
ICCI,2025-03-21,TRENDING_UP,False,False,,,False
ICCI,2025-05-22,TRENDING_UP,False,False,,,False
ICCI,2025-09-19,TRENDING_UP,False,False,,,False
ICCI,2026-04-29,TRENDING_UP,False,True,-2.8775203252032515,-2.0325203252032518,False
ICCI,2026-06-09,TRENDING_UP,False,False,,,False
ICI,2020-01-10,TRENDING_UP,False,False,,,False
ICI,2020-04-17,VOLATILE,False,False,,,False
ICI,2020-05-20,RANGING,False,False,,,False
ICI,2020-07-13,RANGING,False,True,-1.6547165991902832,-0.8097165991902834,False
ICI,2020-12-02,TRENDING_UP,False,False,,,False
ICI,2021-01-14,TRENDING_UP,False,True,-1.847828490614548,-1.002828490614548,False
ICI,2022-04-14,RANGING,False,True,-2.663181818181818,-1.8181818181818181,False
ICIBL,2024-01-01,TRENDING_UP,False,True,-0.845,0.0,False
ICIBL,2024-03-07,TRENDING_UP,False,False,,,False
ICIBL,2024-09-04,TRENDING_UP,False,False,,,False
ICIBL,2024-12-05,TRENDING_UP,False,False,,,False
ICIBL,2025-06-02,TRENDING_UP,False,False,,,False
ICIBL,2025-11-10,TRENDING_UP,False,False,,,False
ICL,2020-03-13,VOLATILE,False,False,,,False
ICL,2020-04-17,VOLATILE,False,False,,,False
ICL,2020-07-22,RANGING,False,False,,,False
ICL,2020-10-21,VOLATILE,False,False,,,False
ICL,2021-01-12,TRENDING_UP,False,False,,,False
ICL,2021-02-19,RANGING,False,False,,,False
ICL,2021-05-25,TRENDING_UP,False,False,,,False
ICL,2021-08-25,RANGING,False,True,-5.624874213836474,-4.779874213836474,False
ICL,2021-12-28,TRENDING_DOWN,False,False,,,False
ICL,2022-04-01,RANGING,False,True,4.574790293040291,6.2271062271062245,True
ICL,2022-08-12,RANGING,False,False,,,False
ICL,2023-01-03,TRENDING_DOWN,False,False,,,False
ICL,2023-04-26,RANGING,False,True,-0.845,0.0,False
ICL,2023-10-30,TRENDING_UP,False,False,,,False
ICL,2024-05-13,TRENDING_UP,False,True,-0.1824349266445784,0.6625650733554216,False
ICL,2024-11-13,TRENDING_UP,False,True,0.06156651376147286,0.9174311926605563,True
ICL,2025-01-02,TRENDING_UP,False,False,,,False
ICL,2025-05-29,TRENDING_UP,False,False,,,False
ICL,2025-07-16,TRENDING_UP,False,True,-1.5722293752980443,-0.7272293752980442,False
ICL,2025-09-03,TRENDING_UP,False,False,,,False
ICL,2025-10-15,TRENDING_UP,False,False,,,False
ICL,2026-01-23,TRENDING_UP,False,False,,,False
ICL,2026-04-08,VOLATILE,False,False,,,False
ICL,2026-06-16,TRENDING_UP,False,True,-2.810093729799607,-1.9650937297996072,False
IDRT,2024-01-02,TRENDING_UP,False,True,1.052583333333327,2.083333333333326,True
IDRT,2024-08-16,RANGING,False,True,-0.845,0.0,False
IDRT,2025-01-08,TRENDING_UP,False,False,,,False
IDRT,2025-02-21,RANGING,False,False,,,False
IDRT,2025-05-27,TRENDING_UP,False,False,,,False
IDRT,2025-08-29,TRENDING_UP,False,True,-7.449913411196122,-6.604913411196122,False
IDRT,2025-11-06,VOLATILE,False,False,,,False
IDRT,2025-12-30,TRENDING_UP,False,False,,,False
IDRT,2026-04-09,VOLATILE,False,True,-8.844999999999997,-7.999999999999997,False
IDRT,2026-05-13,TRENDING_UP,False,False,,,False
IDSM,2024-01-01,TRENDING_UP,False,True,-0.845,0.0,False
IDSM,2024-08-21,RANGING,False,False,,,False
IDSM,2024-12-09,TRENDING_UP,False,False,,,False
IDSM,2025-02-20,TRENDING_UP,False,False,,,False
IDSM,2025-07-01,TRENDING_UP,False,False,,,False
IDSM,2025-09-25,TRENDING_UP,False,False,,,False
IDSM,2026-01-01,TRENDING_UP,False,False,,,False
IDSM,2026-04-10,VOLATILE,False,False,,,False
IDYM,2024-05-15,TRENDING_UP,False,False,,,False
IDYM,2024-09-18,TRENDING_UP,False,False,,,False
IDYM,2024-12-02,TRENDING_UP,False,True,6.186864290412758,8.123663871073832,True
IDYM,2025-04-17,TRENDING_UP,False,False,,,False
IDYM,2025-06-12,TRENDING_UP,False,True,2.8024600591715982,4.142011834319527,True
IDYM,2025-09-11,TRENDING_UP,False,False,,,False
IDYM,2026-04-10,VOLATILE,False,True,18.43820524948534,22.537006175865105,True
IGIHL,2020-02-20,RANGING,False,False,,,False
IGIHL,2020-04-17,VOLATILE,False,False,,,False
IGIHL,2020-07-17,RANGING,False,False,,,False
IGIHL,2021-05-27,TRENDING_UP,False,False,,,False
IGIHL,2021-10-26,VOLATILE,False,True,-6.044159043127453,-5.1991590431274535,False
IGIHL,2022-03-31,RANGING,False,True,-0.845,0.0,False
IGIHL,2023-02-09,VOLATILE,False,True,2.4014308510638323,3.67021276595745,True
IGIHL,2023-05-04,RANGING,False,True,-0.845,0.0,False
IGIHL,2023-10-11,TRENDING_UP,False,False,,,False
IGIHL,2023-11-14,TRENDING_UP,False,False,,,False
IGIHL,2024-05-15,TRENDING_UP,False,False,,,False
IGIHL,2024-07-30,RANGING,False,False,,,False
IGIHL,2025-05-07,VOLATILE,False,True,-8.844999999999997,-7.999999999999997,False
IGIHL,2025-06-17,TRENDING_UP,False,False,,,False
IGIHL,2025-11-03,VOLATILE,False,False,,,False
IGIHL,2026-04-16,VOLATILE,False,False,,,False
IGIL,2020-04-30,VOLATILE,False,True,-0.845,0.0,False
IGIL,2020-07-30,TRENDING_UP,False,True,-3.845000000000006,-3.000000000000006,False
IGIL,2021-02-08,TRENDING_UP,False,True,-0.845,0.0,False
IGIL,2022-08-05,RANGING,False,False,,,False
IGIL,2023-07-31,TRENDING_UP,False,False,,,False
IGIL,2023-12-05,TRENDING_UP,False,False,,,False
IGIL,2024-03-19,TRENDING_UP,False,False,,,False
IGIL,2024-08-02,RANGING,False,False,,,False
IGIL,2024-12-03,TRENDING_UP,False,True,-3.3611290322580682,-2.516129032258068,False
IGIL,2025-03-03,RANGING,False,False,,,False
IGIL,2025-05-26,TRENDING_UP,False,False,,,False
IGIL,2025-07-24,TRENDING_UP,False,False,,,False
IGIL,2025-11-24,RANGING,False,False,,,False
ILP,2020-07-08,RANGING,False,False,,,False
ILP,2021-01-08,TRENDING_UP,False,False,,,False
ILP,2021-06-01,TRENDING_UP,False,False,,,False
ILP,2022-02-09,TRENDING_UP,False,False,,,False
ILP,2022-08-15,RANGING,False,True,-0.845,0.0,False
ILP,2023-06-09,RANGING,False,True,0.2437166048237469,1.1317254174397022,True
ILP,2023-08-02,TRENDING_UP,False,False,,,False
ILP,2023-09-25,RANGING,False,False,,,False
ILP,2023-10-31,TRENDING_UP,False,False,,,False
ILP,2024-03-29,TRENDING_UP,False,False,,,False
ILP,2024-05-06,TRENDING_UP,False,False,,,False
ILP,2024-10-08,TRENDING_UP,False,False,,,False
ILP,2024-12-02,TRENDING_UP,False,False,,,False
ILP,2025-03-21,TRENDING_UP,False,True,-3.3558493490390537,-2.510849349039054,False
ILP,2025-06-11,TRENDING_UP,False,False,,,False
ILP,2025-09-11,TRENDING_UP,False,False,,,False
ILP,2025-10-27,VOLATILE,False,False,,,False
ILP,2026-01-06,TRENDING_UP,False,False,,,False
ILP,2026-04-09,VOLATILE,False,False,,,False
ILP,2026-06-12,TRENDING_UP,False,False,,,False
ILTM,2020-11-04,VOLATILE,False,True,51.44906371907011,61.37331025772954,True
IMAGE,2024-01-01,TRENDING_UP,False,False,,,False
IMAGE,2024-04-04,TRENDING_UP,False,True,-4.266461897356139,-3.4214618973561395,False
IMAGE,2024-08-12,RANGING,False,True,9.876650849858366,12.464589235127491,True
IMAGE,2024-10-30,TRENDING_UP,False,False,,,False
IMAGE,2025-03-19,TRENDING_UP,False,False,,,False
IMAGE,2025-07-01,TRENDING_UP,False,False,,,False
IMAGE,2025-08-29,TRENDING_UP,False,False,,,False
IMAGE,2025-12-08,TRENDING_UP,False,False,,,False
IMAGE,2026-01-19,TRENDING_UP,False,False,,,False
IMAGE,2026-04-10,VOLATILE,False,True,5.808328827805534,7.678328032712392,True
IMAGE,2026-06-17,TRENDING_UP,False,False,,,False
IML,2024-07-11,TRENDING_UP,False,False,,,False
IML,2024-11-07,TRENDING_UP,False,True,-0.845,0.0,False
IML,2024-12-16,TRENDING_UP,False,False,,,False
IML,2025-07-22,TRENDING_UP,False,False,,,False
IML,2025-10-08,TRENDING_UP,False,False,,,False
IML,2026-03-25,VOLATILE,False,True,-3.5900980392156834,-2.7450980392156836,False
IMS,2025-02-26,TRENDING_UP,False,True,-5.682430610626483,-4.837430610626483,False
IMS,2025-08-01,TRENDING_UP,False,False,,,False
IMS,2025-11-04,VOLATILE,False,False,,,False
IMS,2025-12-30,TRENDING_UP,False,False,,,False
IMS,2026-04-22,TRENDING_UP,False,True,-7.567251172485682,-6.722251172485683,False
IMS,2026-06-17,TRENDING_UP,False,False,,,False
INDU,2020-03-12,VOLATILE,False,False,,,False
INDU,2020-04-23,VOLATILE,False,True,-0.845,0.0,False
INDU,2020-06-30,RANGING,False,True,0.6751926229508197,1.639344262295082,True
INDU,2021-03-30,VOLATILE,False,False,,,False
INDU,2021-06-07,TRENDING_UP,False,False,,,False
INDU,2021-08-11,RANGING,False,False,,,False
INDU,2021-11-01,RANGING,False,False,,,False
INDU,2022-01-13,RANGING,False,False,,,False
INDU,2022-11-22,RANGING,False,True,0.15354487179487172,1.0256410256410255,True
INDU,2023-10-30,TRENDING_UP,False,True,-0.845,0.0,False
INDU,2024-02-14,VOLATILE,False,False,,,False
INDU,2024-03-19,TRENDING_UP,False,True,-1.3964475498182702,-0.5514475498182702,False
INDU,2024-11-05,TRENDING_UP,False,True,-1.9234313725490195,-1.0784313725490196,False
INDU,2024-12-19,VOLATILE,False,True,5.014404051431344,6.744298884036875,True
INDU,2025-07-07,TRENDING_UP,False,False,,,False
INDU,2025-08-21,TRENDING_UP,False,False,,,False
INDU,2026-01-05,TRENDING_UP,False,True,3.3289642857142767,4.761428571428561,True
INDU,2026-04-14,VOLATILE,False,False,,,False
INIL,2020-01-02,TRENDING_UP,False,False,,,False
INIL,2020-03-09,VOLATILE,False,False,,,False
INIL,2020-04-17,VOLATILE,False,False,,,False
INIL,2020-07-13,RANGING,False,False,,,False
INIL,2020-10-26,TRENDING_UP,False,False,,,False
INIL,2020-12-14,TRENDING_UP,False,False,,,False
INIL,2021-04-08,VOLATILE,False,False,,,False
INIL,2021-10-27,VOLATILE,False,True,-1.6688636363636298,-0.8238636363636299,False
INIL,2022-03-31,RANGING,False,True,-2.657536712259794,-1.8125367122597942,False
INIL,2023-03-09,RANGING,False,False,,,False
INIL,2023-07-04,RANGING,False,True,-1.9997619047619033,-1.1547619047619033,False
INIL,2023-10-06,TRENDING_UP,False,True,-1.3314864864864895,-0.48648648648648957,False
INIL,2023-12-04,TRENDING_UP,False,False,,,False
INIL,2024-04-08,TRENDING_UP,False,True,-0.845,0.0,False
INIL,2024-05-16,TRENDING_UP,False,False,,,False
INIL,2024-07-02,TRENDING_UP,False,True,-5.2563515032312385,-4.411351503231239,False
INIL,2024-12-03,TRENDING_UP,False,False,,,False
INIL,2025-03-07,TRENDING_UP,False,False,,,False
INIL,2025-05-29,TRENDING_UP,False,False,,,False
INIL,2025-08-19,TRENDING_UP,False,True,-0.845,0.0,False
INIL,2025-12-10,TRENDING_UP,False,False,,,False
INIL,2026-04-08,VOLATILE,False,True,0.2562722929936368,1.1464968152866315,True
INIL,2026-06-15,TRENDING_UP,False,False,,,False
INKL,2020-06-05,RANGING,False,False,,,False
INKL,2021-01-06,TRENDING_UP,False,False,,,False
INKL,2021-12-22,TRENDING_DOWN,False,True,6.143035266457676,8.072100313479618,True
INKL,2022-11-03,RANGING,False,True,-1.620862068965516,-0.775862068965516,False
INKL,2023-09-28,TRENDING_UP,False,True,2.923767968210085,4.284727021423629,True
INKL,2024-08-02,RANGING,False,False,,,False
INKL,2024-11-19,TRENDING_UP,False,False,,,False
INKL,2025-03-05,RANGING,False,False,,,False
INKL,2025-06-16,TRENDING_UP,False,False,,,False
INKL,2025-11-04,VOLATILE,False,False,,,False
INKL,2026-06-15,TRENDING_UP,False,False,,,False
IPAK,2024-11-11,TRENDING_UP,False,False,,,False
IPAK,2025-02-28,TRENDING_UP,False,False,,,False
IPAK,2025-06-27,TRENDING_UP,False,True,-2.591910950149127,-1.7469109501491271,False
IPAK,2025-09-18,TRENDING_UP,False,False,,,False
IPAK,2025-12-09,TRENDING_UP,False,False,,,False
IPAK,2026-04-08,VOLATILE,False,True,-0.16667083184577747,0.6783291681542225,False
IPAK,2026-06-05,TRENDING_UP,False,True,-2.547000597193193,-1.7020005971931929,False
ISIL,2020-09-08,TRENDING_UP,False,True,5.293945121951219,7.073170731707316,True
ISIL,2021-02-01,TRENDING_UP,False,True,-0.845,0.0,False
ISIL,2021-07-02,RANGING,False,False,,,False
ISIL,2022-02-09,TRENDING_UP,False,False,,,False
ISIL,2022-12-27,TRENDING_DOWN,False,False,,,False
ISIL,2023-03-30,TRENDING_DOWN,False,True,-0.845,0.0,False
ISIL,2024-05-15,TRENDING_UP,False,True,14.698706219596943,18.13759555246699,True
ISIL,2024-09-13,TRENDING_UP,False,True,5.567923633440515,7.395498392282958,True
ISIL,2024-12-10,TRENDING_UP,False,False,,,False
ISIL,2025-06-24,TRENDING_UP,False,True,-1.0111111111111115,-0.16611111111111163,False
ISIL,2025-12-29,TRENDING_UP,False,True,-0.6075296837895263,0.23747031621047368,False
ISL,2020-04-17,VOLATILE,False,False,,,False
ISL,2020-07-13,RANGING,False,False,,,False
ISL,2020-09-04,TRENDING_UP,False,False,,,False
ISL,2020-12-14,TRENDING_UP,False,False,,,False
ISL,2021-01-28,TRENDING_UP,False,False,,,False
ISL,2021-04-08,VOLATILE,False,False,,,False
ISL,2021-06-14,TRENDING_UP,False,False,,,False
ISL,2021-08-20,RANGING,False,False,,,False
ISL,2021-10-27,VOLATILE,False,False,,,False
ISL,2022-01-03,RANGING,False,False,,,False
ISL,2023-05-04,RANGING,False,True,-1.2073188405797024,-0.36231884057970243,False
ISL,2023-07-10,TRENDING_UP,False,True,1.9269782157676347,3.1120331950207465,True
ISL,2023-10-05,TRENDING_UP,False,False,,,False
ISL,2023-11-28,TRENDING_UP,False,False,,,False
ISL,2024-04-08,TRENDING_UP,False,False,,,False
ISL,2024-05-16,TRENDING_UP,False,False,,,False
ISL,2024-12-02,TRENDING_UP,False,False,,,False
ISL,2025-03-07,TRENDING_UP,False,False,,,False
ISL,2025-05-16,TRENDING_UP,False,True,1.69866285081241,2.8434268833087177,True
ISL,2025-09-01,TRENDING_UP,False,False,,,False
ISL,2025-12-09,TRENDING_UP,False,False,,,False
ISL,2026-04-17,VOLATILE,False,True,-1.8794827586206961,-1.0344827586206962,False
ISL,2026-06-10,RANGING,False,True,6.596290059347182,8.605341246290802,True
ITANZ,2026-06-01,TRENDING_UP,True,False,,,False
ITTEFAQ,2020-04-20,VOLATILE,False,True,-7.292368421052622,-6.447368421052622,False
ITTEFAQ,2020-07-17,RANGING,False,False,,,False
ITTEFAQ,2020-12-14,TRENDING_UP,False,False,,,False
ITTEFAQ,2021-01-14,TRENDING_UP,False,False,,,False
ITTEFAQ,2021-05-26,TRENDING_UP,False,True,26.305485165521546,31.792629606495936,True
ITTEFAQ,2022-08-15,RANGING,False,False,,,False
ITTEFAQ,2023-03-20,RANGING,False,False,,,False
ITTEFAQ,2023-07-10,TRENDING_UP,False,False,,,False
ITTEFAQ,2023-09-22,RANGING,False,False,,,False
ITTEFAQ,2024-05-13,TRENDING_UP,False,False,,,False
ITTEFAQ,2024-08-22,RANGING,False,False,,,False
ITTEFAQ,2024-12-03,TRENDING_UP,False,True,-1.4044405594405598,-0.5594405594405599,False
ITTEFAQ,2025-04-04,TRENDING_UP,False,True,-0.06980620155039263,0.7751937984496073,False
ITTEFAQ,2025-07-01,TRENDING_UP,False,False,,,False
ITTEFAQ,2025-09-01,TRENDING_UP,False,False,,,False
ITTEFAQ,2026-03-26,VOLATILE,False,False,,,False
ITTEFAQ,2026-07-07,TRENDING_UP,False,True,-6.5532452431289725,-5.708245243128973,False
JATM,2024-01-01,TRENDING_UP,False,False,,,False
JATM,2024-03-29,TRENDING_UP,False,False,,,False
JATM,2024-06-27,TRENDING_UP,False,True,-2.6642318798729434,-1.8192318798729432,False
JATM,2025-06-18,RANGING,False,False,,,False
JATM,2025-08-20,TRENDING_UP,False,False,,,False
JATM,2025-12-15,TRENDING_UP,False,True,-0.845,0.0,False
JATM,2026-03-24,VOLATILE,False,False,,,False
JATM,2026-04-28,TRENDING_UP,False,False,,,False
JATM,2026-06-11,RANGING,False,True,-5.155018903591685,-4.310018903591685,False
JDMT,2024-03-01,TRENDING_UP,False,False,,,False
JDMT,2024-05-29,TRENDING_UP,False,False,,,False
JDMT,2024-08-07,RANGING,False,False,,,False
JDMT,2025-06-02,TRENDING_UP,False,True,-4.326558083419515,-3.4815580834195154,False
JDMT,2025-08-28,TRENDING_UP,False,False,,,False
JDMT,2025-12-24,TRENDING_UP,False,False,,,False
JDMT,2026-04-07,VOLATILE,False,False,,,False
JDWS,2024-01-01,TRENDING_UP,False,False,,,False
JDWS,2024-05-30,TRENDING_UP,False,False,,,False
JDWS,2024-07-18,TRENDING_UP,False,True,-1.590210727969346,-0.7452107279693461,False
JDWS,2024-10-17,TRENDING_UP,False,False,,,False
JDWS,2024-12-02,TRENDING_UP,False,False,,,False
JDWS,2025-05-12,VOLATILE,False,True,-1.2596667972703766,-0.4146667972703765,False
JGICL,2020-01-28,TRENDING_UP,False,True,1.5572249568221135,2.6770293609671922,True
JGICL,2020-05-15,VOLATILE,False,False,,,False
JGICL,2020-07-30,TRENDING_UP,False,False,,,False
JGICL,2020-09-11,TRENDING_UP,False,False,,,False
JGICL,2020-10-22,VOLATILE,False,False,,,False
JGICL,2020-12-01,TRENDING_UP,False,True,-0.845,0.0,False
JGICL,2021-01-11,TRENDING_UP,False,False,,,False
JGICL,2021-05-25,TRENDING_UP,False,True,-2.0077906976744186,-1.1627906976744187,False
JGICL,2021-09-13,RANGING,False,True,-6.419286356484611,-5.5742863564846115,False
JGICL,2021-11-04,RANGING,False,False,,,False
JGICL,2023-03-22,RANGING,False,False,,,False
JGICL,2023-05-03,RANGING,False,True,-0.845,0.0,False
JGICL,2023-07-17,TRENDING_UP,False,True,0.31413866396760975,1.2145748987854232,True
JGICL,2023-10-11,TRENDING_UP,False,False,,,False
JGICL,2024-05-13,TRENDING_UP,False,True,2.7749006849315068,4.10958904109589,True
JGICL,2024-10-24,TRENDING_UP,False,True,-0.845,0.0,False
JGICL,2024-12-04,TRENDING_UP,False,False,,,False
JGICL,2025-05-26,TRENDING_UP,False,True,4.454575887111605,6.085677514248947,True
JGICL,2025-08-13,TRENDING_UP,False,True,4.356376865671638,5.970149253731339,True
JGICL,2026-04-21,VOLATILE,False,False,,,False
JGICL,2026-06-09,TRENDING_UP,False,False,,,False
JKSM,2024-01-05,VOLATILE,False,True,-0.845,0.0,False
JKSM,2024-05-23,TRENDING_UP,False,True,10.483588879159376,13.178633975481619,True
JKSM,2024-12-03,TRENDING_UP,False,False,,,False
JKSM,2025-02-19,RANGING,False,True,6.9879531356509945,9.066121336059995,True
JKSM,2025-06-02,TRENDING_UP,False,False,,,False
JKSM,2025-11-25,TRENDING_UP,False,True,-0.845,0.0,False
JKSM,2026-06-17,TRENDING_UP,False,True,13.167888613861386,16.33663366336634,True
JLICL,2020-01-20,TRENDING_UP,False,False,,,False
JLICL,2020-06-17,RANGING,False,False,,,False
JLICL,2020-08-03,TRENDING_UP,False,False,,,False
JLICL,2020-12-30,TRENDING_UP,False,False,,,False
JLICL,2021-04-09,VOLATILE,False,True,4.948416666666667,6.666666666666667,True
JLICL,2022-08-16,RANGING,False,True,0.33893750000000483,1.2437500000000057,True
JLICL,2022-11-24,RANGING,False,False,,,False
JLICL,2023-02-08,VOLATILE,False,False,,,False
JLICL,2023-07-18,TRENDING_UP,False,True,-3.2129999999999947,-2.367999999999995,False
JLICL,2023-10-16,TRENDING_UP,False,True,-0.845,0.0,False
JLICL,2024-02-22,VOLATILE,False,True,-2.8158029197080205,-1.9708029197080208,False
JLICL,2024-10-10,TRENDING_UP,False,True,-2.0463910844135285,-1.2013910844135283,False
JLICL,2024-11-15,TRENDING_UP,False,True,-1.1874657534246575,-0.3424657534246575,False
JLICL,2025-05-30,TRENDING_UP,False,True,-3.476578947368421,-2.631578947368421,False
JLICL,2025-07-02,TRENDING_UP,False,False,,,False
JLICL,2026-01-16,TRENDING_UP,False,False,,,False
JOPP,2020-08-03,TRENDING_UP,False,False,,,False
JOPP,2021-06-02,TRENDING_UP,False,False,,,False
JOPP,2022-02-17,RANGING,False,True,-0.845,0.0,False
JOPP,2022-11-08,RANGING,False,False,,,False
JOPP,2023-01-19,TRENDING_DOWN,False,False,,,False
JOPP,2023-07-05,RANGING,False,False,,,False
JSBL,2020-02-04,RANGING,False,True,-1.0113893510815273,-0.16638935108152725,False
JSBL,2020-05-29,RANGING,False,True,-8.844999999999999,-7.999999999999999,False
JSBL,2020-07-02,RANGING,False,True,-8.844999999999994,-7.999999999999993,False
JSBL,2020-09-03,TRENDING_UP,False,False,,,False
JSBL,2021-01-11,TRENDING_UP,False,False,,,False
JSBL,2021-05-27,TRENDING_UP,False,True,1.6888296460176877,2.8318584070796327,True
JSBL,2022-03-16,TRENDING_DOWN,False,True,-3.1804564755838705,-2.3354564755838707,False
JSBL,2022-11-11,RANGING,False,True,3.162184782608695,4.565217391304347,True
JSBL,2023-01-06,RANGING,False,True,-3.7923684210526245,-2.9473684210526248,False
JSBL,2023-06-27,RANGING,False,False,,,False
JSBL,2023-10-11,TRENDING_UP,False,True,-0.02532786885244731,0.8196721311475527,False
JSBL,2024-06-27,TRENDING_UP,False,False,,,False
JSBL,2024-11-06,TRENDING_UP,False,False,,,False
JSBL,2024-12-06,TRENDING_UP,False,False,,,False
JSBL,2025-01-08,TRENDING_UP,False,False,,,False
JSBL,2025-06-03,TRENDING_UP,False,False,,,False
JSBL,2025-09-18,TRENDING_UP,False,False,,,False
JSBL,2026-04-03,VOLATILE,False,False,,,False
JSBL,2026-07-07,TRENDING_UP,False,False,,,False
JSCL,2024-01-01,TRENDING_UP,False,False,,,False
JSCL,2024-04-08,TRENDING_UP,False,False,,,False
JSCL,2024-06-13,TRENDING_UP,False,True,1.5317499999999966,2.6470588235294077,True
JSCL,2024-11-11,TRENDING_UP,False,False,,,False
JSCL,2024-12-16,TRENDING_UP,False,True,-2.83479591836735,-1.9897959183673497,False
JSCL,2025-01-16,TRENDING_UP,False,False,,,False
JSCL,2025-06-05,TRENDING_UP,False,True,-0.7937179487179407,0.051282051282059295,False
JSCL,2025-09-18,TRENDING_UP,False,False,,,False
JSCL,2025-12-10,TRENDING_UP,False,False,,,False
JSCL,2026-01-20,TRENDING_UP,False,False,,,False
JSCL,2026-07-02,TRENDING_UP,False,False,,,False
JSCLPSA,2024-07-03,TRENDING_UP,False,True,5.811551324503322,7.682119205298026,True
JSCLPSA,2024-09-20,TRENDING_UP,False,True,7.770279014844806,9.986504723346831,True
JSCLPSA,2024-12-05,TRENDING_UP,False,True,7.934444610778439,10.17964071856287,True
JSCLPSA,2025-01-17,TRENDING_UP,False,True,-0.17833333333333057,0.6666666666666694,False
JSCLPSA,2025-05-26,TRENDING_UP,False,True,6.459527777777775,8.444444444444441,True
JSCLPSA,2025-09-19,TRENDING_UP,False,True,2.555824074074071,3.8518518518518485,True
JSCLPSA,2025-10-24,VOLATILE,False,True,5.902055980528507,7.788595271210008,True
JSGBETF,2024-05-15,TRENDING_UP,False,False,,,False
JSGBETF,2024-10-07,TRENDING_UP,False,False,,,False
JSGBETF,2024-12-06,TRENDING_UP,False,True,-0.845,0.0,False
JSGBETF,2025-04-04,TRENDING_UP,False,True,-3.4998672566371694,-2.6548672566371696,False
JSGBETF,2025-06-04,TRENDING_UP,False,True,1.0689661480235493,2.1026072329688814,True
JSGBETF,2025-10-02,TRENDING_UP,False,True,-4.445360036003588,-3.600360036003588,False
JSGBETF,2026-04-08,VOLATILE,False,False,,,False
JSGBETF,2026-06-16,TRENDING_UP,False,True,-1.1103159671972973,-0.2653159671972972,False
JSGCL,2024-01-02,TRENDING_UP,False,True,-0.845,0.0,False
JSGCL,2024-04-22,TRENDING_UP,False,False,,,False
JSGCL,2024-09-02,TRENDING_UP,False,True,-0.8394441357853264,0.00555586421467354,False
JSGCL,2025-04-18,TRENDING_UP,False,True,-0.845,0.0,False
JSGCL,2025-08-12,TRENDING_UP,False,False,,,False
JSGCL,2025-10-20,TRENDING_UP,False,False,,,False
JSGCL,2025-12-09,TRENDING_UP,False,False,,,False
JSGCL,2026-04-23,TRENDING_UP,False,True,5.874698717948715,7.756410256410253,True
JSIL,2024-09-12,TRENDING_UP,False,False,,,False
JSIL,2024-10-23,TRENDING_UP,False,False,,,False
JSIL,2024-11-29,TRENDING_UP,False,True,-5.029591317950724,-4.184591317950725,False
JSIL,2025-03-11,TRENDING_UP,False,False,,,False
JSIL,2025-05-22,TRENDING_UP,False,False,,,False
JSIL,2025-10-02,TRENDING_UP,False,True,12.54007305795315,15.598027127003707,True
JSIL,2026-01-09,TRENDING_UP,False,True,-0.845,0.0,False
JSIL,2026-02-19,VOLATILE,False,False,,,False
JSMFETF,2024-03-04,TRENDING_UP,False,False,,,False
JSMFETF,2024-06-13,TRENDING_UP,False,False,,,False
JSMFETF,2024-10-08,TRENDING_UP,False,True,-1.8395750452079676,-0.9945750452079676,False
JSMFETF,2025-03-19,TRENDING_UP,False,False,,,False
JSMFETF,2025-09-08,TRENDING_UP,False,True,-1.1723322422258668,-0.3273322422258668,False
JSMFETF,2025-12-30,TRENDING_UP,False,True,-1.835099009900996,-0.990099009900996,False
JSML,2024-01-29,RANGING,False,False,,,False
JSML,2024-04-17,TRENDING_UP,False,True,2.2127844827586176,3.448275862068962,True
JSML,2024-07-02,TRENDING_UP,False,True,-5.390454545454546,-4.545454545454546,False
JSML,2024-08-22,RANGING,False,False,,,False
JSML,2025-01-31,VOLATILE,False,False,,,False
JSML,2025-03-13,TRENDING_UP,False,False,,,False
JSML,2025-06-17,TRENDING_UP,False,False,,,False
JSML,2025-08-28,TRENDING_UP,False,False,,,False
JSML,2025-12-19,TRENDING_UP,False,True,-2.887024267534767,-2.042024267534767,False
JSML,2026-03-26,VOLATILE,False,True,-1.1958771929824623,-0.3508771929824622,False
JUBS,2020-08-03,TRENDING_UP,False,False,,,False
JUBS,2020-12-14,TRENDING_UP,False,True,-5.606904761904762,-4.761904761904762,False
JUBS,2021-06-04,TRENDING_UP,False,True,-3.5477027027026935,-2.7027027027026933,False
JUBS,2021-07-12,RANGING,False,False,,,False
JUBS,2021-10-27,VOLATILE,False,True,-0.845,0.0,False
JUBS,2022-10-04,TRENDING_DOWN,False,True,6.728879909365559,8.761329305135952,True
JUBS,2023-07-11,TRENDING_UP,False,True,35.91968103448277,43.103448275862085,True
JUBS,2023-10-10,TRENDING_UP,False,True,12.41811363636363,15.454545454545448,True
JUBS,2023-12-08,TRENDING_UP,False,False,,,False
JUBS,2024-04-22,TRENDING_UP,False,False,,,False
JUBS,2024-08-19,RANGING,False,False,,,False
JUBS,2025-03-25,TRENDING_UP,False,True,-8.844999999999995,-7.999999999999995,False
JUBS,2025-06-20,RANGING,False,False,,,False
JUBS,2025-08-07,TRENDING_UP,False,False,,,False
JUBS,2026-01-07,TRENDING_UP,False,False,,,False
JUBS,2026-03-02,VOLATILE,False,True,8.273640895687434,10.578695171396982,True
JUBS,2026-04-20,VOLATILE,False,False,,,False
JUBS,2026-07-03,TRENDING_UP,False,True,1.3098839031339085,2.3860398860398924,True
JVDC,2020-03-11,VOLATILE,False,True,-2.240699735948702,-1.3956997359487022,False
JVDC,2020-07-13,RANGING,False,False,,,False
JVDC,2021-01-21,TRENDING_UP,False,False,,,False
JVDC,2021-06-04,TRENDING_UP,False,False,,,False
JVDC,2021-08-04,TRENDING_UP,False,False,,,False
JVDC,2022-03-31,RANGING,False,False,,,False
JVDC,2022-08-03,RANGING,False,True,10.593464542190302,13.307899461400357,True
JVDC,2023-09-22,RANGING,False,False,,,False
JVDC,2023-12-08,TRENDING_UP,False,False,,,False
JVDC,2024-04-23,TRENDING_UP,False,True,-0.845,0.0,False
JVDC,2024-08-13,RANGING,False,False,,,False
JVDC,2024-10-07,TRENDING_UP,False,True,2.2331388888888886,3.472222222222222,True
JVDC,2024-11-22,TRENDING_UP,False,False,,,False
JVDC,2024-12-27,TRENDING_UP,False,False,,,False
JVDC,2025-03-27,TRENDING_UP,False,False,,,False
JVDC,2025-07-14,TRENDING_UP,False,False,,,False
JVDC,2025-09-01,TRENDING_UP,False,False,,,False
JVDC,2025-12-09,TRENDING_UP,False,True,-0.845,0.0,False
JVDC,2026-04-10,VOLATILE,False,True,7.342094827586206,9.482758620689655,True
JVDC,2026-06-08,TRENDING_UP,False,False,,,False
JVDCPS,2021-11-23,RANGING,False,False,,,False
JVDCPS,2026-05-07,TRENDING_UP,False,False,,,False
KAPCO,2020-04-23,VOLATILE,False,False,,,False
KAPCO,2020-07-20,RANGING,False,False,,,False
KAPCO,2021-01-04,TRENDING_UP,False,False,,,False
KAPCO,2021-06-02,TRENDING_UP,False,False,,,False
KAPCO,2021-11-16,TRENDING_UP,False,False,,,False
KAPCO,2022-01-20,RANGING,False,False,,,False
KAPCO,2022-03-31,RANGING,False,True,-2.774260450160776,-1.929260450160776,False
KAPCO,2022-06-21,RANGING,False,False,,,False
KAPCO,2022-08-12,RANGING,False,True,5.160795996592838,6.916524701873927,True
KAPCO,2023-07-06,TRENDING_UP,False,True,-2.121595744680854,-1.276595744680854,False
KAPCO,2023-11-15,TRENDING_UP,False,False,,,False
KAPCO,2024-02-27,VOLATILE,False,False,,,False
KAPCO,2024-04-15,TRENDING_UP,False,True,-2.396724137931032,-1.551724137931032,False
KAPCO,2024-11-20,TRENDING_UP,False,True,1.8963301291910182,3.075976622577669,True
KAPCO,2025-02-25,TRENDING_UP,False,False,,,False
KAPCO,2025-06-04,TRENDING_UP,False,False,,,False
KAPCO,2025-08-19,TRENDING_UP,False,False,,,False
KAPCO,2025-12-11,TRENDING_UP,False,False,,,False
KASBM,2020-03-02,VOLATILE,False,True,-7.5564093959731595,-6.71140939597316,False
KASBM,2021-01-12,TRENDING_UP,False,True,-0.845,0.0,False
KASBM,2021-05-25,TRENDING_UP,False,True,-7.094999999999996,-6.2499999999999964,False
KASBM,2021-07-27,RANGING,False,False,,,False
KASBM,2021-11-11,TRENDING_UP,False,False,,,False
KASBM,2022-01-12,RANGING,False,False,,,False
KASBM,2022-04-11,RANGING,False,False,,,False
KCL,2020-06-18,RANGING,False,False,,,False
KCL,2020-11-05,TRENDING_UP,False,False,,,False
KCL,2022-10-20,RANGING,False,False,,,False
KCL,2024-08-30,TRENDING_UP,False,False,,,False
KCL,2024-11-01,TRENDING_UP,False,True,-8.845000000000002,-8.000000000000002,False
KCL,2025-06-20,RANGING,False,False,,,False
KCL,2025-09-17,TRENDING_UP,False,True,-7.894180327868855,-7.049180327868855,False
KEL,2020-07-01,RANGING,False,False,,,False
KEL,2021-01-12,TRENDING_UP,False,True,-6.425357142857142,-5.580357142857142,False
KEL,2021-05-17,TRENDING_UP,False,False,,,False
KEL,2021-09-30,RANGING,False,True,-3.5623913043478286,-2.7173913043478284,False
KEL,2021-11-04,RANGING,False,False,,,False
KEL,2022-06-23,RANGING,False,False,,,False
KEL,2022-08-15,RANGING,False,False,,,False
KEL,2023-07-24,TRENDING_UP,False,True,14.698416666666672,18.13725490196079,True
KEL,2023-10-05,TRENDING_UP,False,False,,,False
KEL,2023-11-20,TRENDING_UP,False,False,,,False
KEL,2024-05-23,TRENDING_UP,False,False,,,False
KEL,2024-10-22,TRENDING_UP,False,False,,,False
KEL,2025-05-21,TRENDING_UP,False,False,,,False
KEL,2025-09-01,TRENDING_UP,False,True,-4.344079189686916,-3.4990791896869156,False
KEL,2025-12-22,TRENDING_UP,False,False,,,False
KEL,2026-04-17,VOLATILE,False,True,-4.284803439803443,-3.4398034398034425,False
KEL,2026-06-24,TRENDING_UP,False,False,,,False
KHTC,2024-01-01,TRENDING_UP,False,True,-1.2832352941176497,-0.4382352941176497,False
KHTC,2024-05-03,TRENDING_UP,False,False,,,False
KHTC,2024-08-23,TRENDING_UP,False,True,-1.7885736677115958,-0.9435736677115959,False
KHTC,2024-12-04,TRENDING_UP,False,True,-5.554121464583264,-4.709121464583264,False
KHTC,2025-02-28,TRENDING_UP,False,False,,,False
KHTC,2025-05-05,VOLATILE,False,False,,,False
KHTC,2025-07-25,TRENDING_UP,False,False,,,False
KHTC,2025-09-29,TRENDING_UP,False,False,,,False
KHTC,2025-11-18,VOLATILE,False,False,,,False
KHTC,2026-01-26,TRENDING_UP,False,False,,,False
KHTC,2026-04-10,VOLATILE,False,True,-8.84499999999999,-7.999999999999989,False
KHTC,2026-07-06,TRENDING_UP,False,False,,,False
KHYT,2023-02-27,RANGING,False,False,,,False
KHYT,2023-07-11,TRENDING_UP,False,False,,,False
KHYT,2024-08-06,RANGING,False,False,,,False
KHYT,2024-12-09,TRENDING_UP,False,False,,,False
KHYT,2025-05-06,VOLATILE,False,False,,,False
KHYT,2025-09-11,TRENDING_UP,False,False,,,False
KHYT,2026-04-20,VOLATILE,False,False,,,False
KHYT,2026-06-19,TRENDING_UP,False,False,,,False
KML,2020-01-09,TRENDING_UP,False,False,,,False
KML,2020-06-11,RANGING,False,True,2.635522327379374,3.945614502799264,True
KML,2020-09-02,TRENDING_UP,False,False,,,False
KML,2020-12-11,TRENDING_UP,False,True,-0.31868421052630835,0.5263157894736916,False
KML,2021-06-07,TRENDING_UP,False,False,,,False
KML,2022-01-14,RANGING,False,True,-0.845,0.0,False
KML,2022-04-28,RANGING,False,True,-2.3943867010974835,-1.5493867010974836,False
KML,2022-07-19,TRENDING_DOWN,False,False,,,False
KML,2022-12-02,RANGING,False,True,4.379379009762897,5.997210599721056,True
KML,2023-11-02,TRENDING_UP,False,True,3.4554657004332627,4.910253765215603,True
KML,2024-12-03,TRENDING_UP,False,False,,,False
KML,2025-05-23,TRENDING_UP,False,False,,,False
KML,2025-09-22,TRENDING_UP,False,False,,,False
KML,2025-11-11,VOLATILE,False,False,,,False
KML,2026-06-18,TRENDING_UP,False,False,,,False
KOHC,2020-01-27,TRENDING_UP,False,False,,,False
KOHC,2020-04-17,VOLATILE,False,False,,,False
KOHC,2020-07-13,RANGING,False,False,,,False
KOHC,2020-09-02,TRENDING_UP,False,True,3.096154432132961,4.487534626038777,True
KOHC,2020-10-23,VOLATILE,False,False,,,False
KOHC,2021-02-10,TRENDING_UP,False,True,4.520065492709576,6.162724109070089,True
KOHC,2021-07-06,RANGING,False,True,-3.671086956521739,-2.8260869565217392,False
KOHC,2021-08-20,RANGING,False,False,,,False
KOHC,2021-10-22,VOLATILE,False,True,-4.649347826086957,-3.804347826086957,False
KOHC,2022-08-05,RANGING,False,False,,,False
KOHC,2023-02-27,RANGING,False,True,-3.9852936378466595,-3.1402936378466593,False
KOHC,2023-07-03,RANGING,False,False,,,False
KOHC,2023-11-06,TRENDING_UP,False,False,,,False
KOHC,2024-06-14,TRENDING_UP,False,False,,,False
KOHC,2024-09-05,TRENDING_UP,False,False,,,False
KOHC,2024-10-23,TRENDING_UP,False,False,,,False
KOHC,2025-02-19,RANGING,False,False,,,False
KOHC,2025-07-10,TRENDING_UP,False,False,,,False
KOHC,2025-08-18,TRENDING_UP,False,True,6.450217135531733,8.433490747684392,True
KOHC,2025-12-10,TRENDING_UP,False,True,-5.4423834531048545,-4.597383453104855,False
KOHC,2026-04-09,VOLATILE,False,False,,,False
KOHC,2026-06-12,TRENDING_UP,False,False,,,False
KOHE,2020-04-20,VOLATILE,False,False,,,False
KOHE,2020-07-27,RANGING,False,True,-7.187016638198701,-6.342016638198701,False
KOHE,2021-02-17,TRENDING_UP,False,False,,,False
KOHE,2021-04-16,RANGING,False,True,0.26429328104292565,1.1559332718152067,True
KOHE,2021-07-09,RANGING,False,True,-3.251138128980804,-2.406138128980804,False
KOHE,2021-08-30,RANGING,False,False,,,False
KOHE,2021-11-05,TRENDING_UP,False,True,-0.845,0.0,False
KOHE,2022-02-09,TRENDING_UP,False,False,,,False
KOHE,2023-02-10,VOLATILE,False,False,,,False
KOHE,2023-04-03,TRENDING_DOWN,False,False,,,False
KOHE,2023-08-25,TRENDING_UP,False,True,-2.245274121777666,-1.400274121777666,False
KOHE,2023-11-10,TRENDING_UP,False,False,,,False
KOHE,2024-04-01,TRENDING_UP,False,False,,,False
KOHE,2024-09-18,TRENDING_UP,False,False,,,False
KOHE,2024-12-04,TRENDING_UP,False,False,,,False
KOHE,2025-07-08,TRENDING_UP,False,False,,,False
KOHE,2025-08-25,TRENDING_UP,False,False,,,False
KOHE,2026-04-28,TRENDING_UP,False,False,,,False
KOHE,2026-06-19,TRENDING_UP,False,False,,,False
KOHP,2020-11-06,TRENDING_UP,False,True,16.878241228070173,20.701754385964907,True
KOHP,2021-02-10,TRENDING_UP,False,False,,,False
KOHP,2021-05-21,TRENDING_UP,False,False,,,False
KOHP,2021-06-28,RANGING,False,True,-5.980520684736083,-5.1355206847360835,False
KOHP,2021-08-11,RANGING,False,False,,,False
KOHP,2021-12-30,RANGING,False,True,10.269554878048785,12.926829268292689,True
KOHP,2022-04-11,RANGING,False,True,14.115545013850426,17.451523545706383,True
KOHP,2022-07-06,TRENDING_DOWN,False,False,,,False
KOHP,2022-09-09,RANGING,False,True,-0.845,0.0,False
KOHP,2023-01-13,TRENDING_DOWN,False,True,-0.845,0.0,False
KOHP,2023-03-31,TRENDING_DOWN,False,True,7.6620316901408465,9.859154929577468,True
KOHP,2023-07-12,TRENDING_UP,False,False,,,False
KOHP,2023-11-28,TRENDING_UP,False,False,,,False
KOHP,2024-01-01,TRENDING_UP,False,False,,,False
KOHP,2024-02-23,VOLATILE,False,True,-4.353771929824565,-3.5087719298245648,False
KOHP,2024-04-22,TRENDING_UP,False,True,-8.845000000000002,-8.000000000000002,False
KOHP,2024-06-21,TRENDING_UP,False,False,,,False
KOHP,2024-08-12,RANGING,False,False,,,False
KOHP,2025-06-16,TRENDING_UP,False,False,,,False
KOHP,2025-07-18,TRENDING_UP,False,False,,,False
KOHP,2025-08-21,TRENDING_UP,False,False,,,False
KOHP,2025-11-20,VOLATILE,True,False,,,False
KOHP,2026-01-09,TRENDING_UP,False,False,,,False
KOHP,2026-04-09,VOLATILE,False,False,,,False
KOHP,2026-07-03,TRENDING_UP,False,False,,,False
KOHTM,2024-01-05,VOLATILE,False,True,-2.8770855614973208,-2.032085561497321,False
KOHTM,2024-10-31,TRENDING_UP,False,False,,,False
KOHTM,2025-05-19,TRENDING_UP,False,False,,,False
KOHTM,2025-10-22,TRENDING_UP,False,False,,,False
KOHTM,2026-06-01,TRENDING_UP,False,False,,,False
KOIL,2020-06-16,RANGING,False,True,0.6309563492063565,1.5873015873015959,True
KOIL,2020-09-02,TRENDING_UP,False,False,,,False
KOIL,2020-10-09,VOLATILE,False,False,,,False
KOIL,2021-06-16,TRENDING_UP,False,False,,,False
KOIL,2021-09-06,RANGING,False,True,-8.488312101910834,-7.643312101910834,False
KOIL,2022-01-11,RANGING,False,False,,,False
KOIL,2022-06-17,RANGING,False,False,,,False
KOIL,2022-10-07,RANGING,False,False,,,False
KOIL,2022-11-22,RANGING,False,True,-3.751976744186053,-2.9069767441860535,False
KOIL,2023-01-23,TRENDING_DOWN,False,True,-0.845,0.0,False
KOIL,2023-03-13,RANGING,False,False,,,False
KOIL,2023-07-03,RANGING,False,True,-0.845,0.0,False
KOIL,2023-09-25,RANGING,False,True,-0.845,0.0,False
KOIL,2023-11-03,TRENDING_UP,False,True,4.369031795511227,5.985037406483796,True
KOIL,2024-04-15,TRENDING_UP,False,False,,,False
KOIL,2024-08-15,RANGING,False,False,,,False
KOIL,2025-01-30,VOLATILE,False,False,,,False
KOIL,2025-03-17,TRENDING_UP,False,False,,,False
KOIL,2025-07-08,TRENDING_UP,False,False,,,False
KOIL,2025-09-17,TRENDING_UP,False,False,,,False
KOIL,2026-01-09,TRENDING_UP,False,False,,,False
KOIL,2026-03-27,VOLATILE,True,False,,,False
KOIL,2026-06-19,TRENDING_UP,False,True,-7.441818005432671,-6.596818005432671,False
KOSM,2024-01-01,TRENDING_UP,True,False,,,False
KOSM,2024-02-23,VOLATILE,False,False,,,False
KOSM,2024-08-05,RANGING,False,False,,,False
KOSM,2024-11-20,TRENDING_UP,False,False,,,False
KOSM,2025-06-16,TRENDING_UP,False,False,,,False
KOSM,2025-08-25,TRENDING_UP,False,False,,,False
KOSM,2026-04-10,VOLATILE,False,True,0.6879999999999976,1.6544117647058796,True
KOSM,2026-06-18,TRENDING_UP,False,False,,,False
KPUS,2024-01-01,TRENDING_UP,False,False,,,False
KPUS,2025-07-09,TRENDING_UP,False,False,,,False
KPUS,2025-09-03,TRENDING_UP,False,False,,,False
KPUS,2025-11-12,VOLATILE,False,False,,,False
KPUS,2025-12-30,TRENDING_UP,False,False,,,False
KPUS,2026-03-26,VOLATILE,False,False,,,False
KSBP,2020-07-07,RANGING,False,False,,,False
KSBP,2020-09-07,TRENDING_UP,False,False,,,False
KSBP,2021-01-18,TRENDING_UP,False,True,9.976976438188489,12.582619339045282,True
KSBP,2021-07-08,RANGING,False,False,,,False
KSBP,2022-06-27,TRENDING_DOWN,False,False,,,False
KSBP,2022-11-11,RANGING,False,False,,,False
KSBP,2023-03-31,TRENDING_DOWN,False,True,3.9537358156028395,5.496453900709223,True
KSBP,2023-07-11,TRENDING_UP,False,False,,,False
KSBP,2023-10-11,TRENDING_UP,False,False,,,False
KSBP,2024-03-19,TRENDING_UP,False,False,,,False
KSBP,2024-08-23,TRENDING_UP,False,False,,,False
KSBP,2024-11-14,TRENDING_UP,False,False,,,False
KSBP,2025-03-17,TRENDING_UP,False,False,,,False
KSBP,2025-05-26,TRENDING_UP,False,False,,,False
KSBP,2025-08-11,TRENDING_UP,False,False,,,False
KSBP,2026-03-19,VOLATILE,False,False,,,False
KSBP,2026-05-13,TRENDING_UP,False,False,,,False
KSBP,2026-07-02,TRENDING_UP,False,False,,,False
KSTM,2024-06-05,RANGING,False,False,,,False
KSTM,2024-07-30,RANGING,False,False,,,False
KSTM,2024-09-06,TRENDING_UP,False,False,,,False
KSTM,2024-10-29,TRENDING_UP,False,False,,,False
KSTM,2025-07-17,TRENDING_UP,False,False,,,False
KSTM,2025-09-09,TRENDING_UP,False,False,,,False
KSTM,2025-11-25,TRENDING_UP,False,False,,,False
KSTM,2026-04-16,VOLATILE,False,False,,,False
KSTM,2026-06-30,TRENDING_UP,False,False,,,False
KTML,2020-01-22,TRENDING_UP,False,False,,,False
KTML,2020-04-20,VOLATILE,False,True,-3.079636871508372,-2.234636871508372,False
KTML,2020-07-06,RANGING,False,False,,,False
KTML,2021-01-22,TRENDING_UP,False,False,,,False
KTML,2021-05-26,TRENDING_UP,False,False,,,False
KTML,2021-07-27,RANGING,False,False,,,False
KTML,2021-12-29,RANGING,False,False,,,False
KTML,2022-02-09,TRENDING_UP,False,True,-0.8894444444444461,-0.044444444444446125,False
KTML,2023-02-06,VOLATILE,False,False,,,False
KTML,2023-03-08,RANGING,False,False,,,False
KTML,2023-08-17,TRENDING_UP,False,False,,,False
KTML,2023-10-11,TRENDING_UP,False,True,-0.845,0.0,False
KTML,2024-03-27,TRENDING_UP,False,False,,,False
KTML,2024-10-14,TRENDING_UP,False,True,4.644023579013114,6.308557151780134,True
KTML,2024-12-12,TRENDING_UP,False,False,,,False
KTML,2025-01-30,VOLATILE,False,True,-0.845,0.0,False
KTML,2025-05-30,TRENDING_UP,False,False,,,False
KTML,2025-07-10,TRENDING_UP,False,False,,,False
KTML,2025-09-11,TRENDING_UP,False,False,,,False
KTML,2025-12-16,TRENDING_UP,False,False,,,False
KTML,2026-04-15,VOLATILE,False,True,-2.9208633704472566,-2.075863370447257,False
KTML,2026-06-15,TRENDING_UP,False,False,,,False
LCI,2023-07-03,RANGING,False,True,-3.9095161290322578,-3.064516129032258,False
LCI,2023-10-23,TRENDING_UP,False,True,0.3720427931589452,1.282697403716406,True
LCI,2023-12-01,TRENDING_UP,False,True,-1.931691417576757,-1.086691417576757,False
LCI,2024-03-29,TRENDING_UP,False,True,2.24823420842633,3.4899814216780354,True
LCI,2024-07-24,TRENDING_UP,False,True,-5.413527918781726,-4.568527918781726,False
LCI,2024-09-19,TRENDING_UP,False,True,-4.617641509433963,-3.772641509433963,False
LCI,2025-02-20,TRENDING_UP,False,False,,,False
LCI,2025-04-16,TRENDING_UP,False,True,-0.845,0.0,False
LCI,2025-07-07,TRENDING_UP,False,False,,,False
LCI,2026-04-08,VOLATILE,False,True,-3.8046774193548405,-2.9596774193548403,False
LCI,2026-06-15,TRENDING_UP,False,False,,,False
LEUL,2024-03-06,TRENDING_UP,False,True,-0.845,0.0,False
LEUL,2024-08-12,RANGING,False,False,,,False
LEUL,2024-10-21,TRENDING_UP,False,True,19.33456690140846,23.59154929577466,True
LEUL,2025-01-24,TRENDING_UP,False,False,,,False
LEUL,2025-06-19,RANGING,False,False,,,False
LEUL,2025-07-23,TRENDING_UP,False,False,,,False
LEUL,2026-04-10,VOLATILE,False,True,-0.845,0.0,False
LEUL,2026-06-08,TRENDING_UP,False,False,,,False
LIVEN,2025-06-26,TRENDING_UP,False,False,,,False
LIVEN,2025-09-17,TRENDING_UP,False,False,,,False
LIVEN,2025-11-21,VOLATILE,False,True,-5.293425138080295,-4.448425138080295,False
LIVEN,2026-02-09,VOLATILE,False,False,,,False
LIVEN,2026-04-15,VOLATILE,False,True,1.2667932957229089,2.3353450537916576,True
LMSM,2024-01-19,VOLATILE,False,True,-0.845,0.0,False
LMSM,2024-07-08,TRENDING_UP,False,False,,,False
LMSM,2024-11-01,TRENDING_UP,False,False,,,False
LOADS,2020-01-03,TRENDING_UP,False,True,-3.476578947368421,-2.631578947368421,False
LOADS,2020-04-21,VOLATILE,False,False,,,False
LOADS,2020-07-16,RANGING,False,False,,,False
LOADS,2021-01-04,TRENDING_UP,False,False,,,False
LOADS,2021-04-15,RANGING,False,False,,,False
LOADS,2021-05-25,TRENDING_UP,False,False,,,False
LOADS,2021-07-12,RANGING,False,False,,,False
LOADS,2022-04-12,RANGING,False,False,,,False
LOADS,2022-08-10,RANGING,False,True,-2.159553990610334,-1.3145539906103338,False
LOADS,2022-10-21,RANGING,False,False,,,False
LOADS,2023-03-20,RANGING,False,False,,,False
LOADS,2023-07-10,TRENDING_UP,False,False,,,False
LOADS,2023-09-26,RANGING,False,True,-2.89178362573099,-2.0467836257309897,False
LOADS,2023-11-15,TRENDING_UP,False,False,,,False
LOADS,2023-12-18,TRENDING_UP,False,False,,,False
LOADS,2024-04-19,TRENDING_UP,False,False,,,False
LOADS,2024-07-11,TRENDING_UP,False,False,,,False
LOADS,2024-11-06,TRENDING_UP,False,False,,,False
LOADS,2024-12-16,TRENDING_UP,False,False,,,False
LOADS,2025-01-20,TRENDING_UP,False,False,,,False
LOADS,2025-07-07,TRENDING_UP,False,False,,,False
LOADS,2025-10-02,TRENDING_UP,False,False,,,False
LOADS,2026-04-28,TRENDING_UP,False,False,,,False
LOADS,2026-06-11,RANGING,False,False,,,False
LOTCHEM,2020-06-09,RANGING,False,False,,,False
LOTCHEM,2020-09-03,TRENDING_UP,False,False,,,False
LOTCHEM,2020-12-09,TRENDING_UP,False,False,,,False
LOTCHEM,2021-03-26,VOLATILE,False,True,-6.124503105590071,-5.279503105590071,False
LOTCHEM,2021-06-01,TRENDING_UP,False,True,-2.516826625386983,-1.6718266253869833,False
LOTCHEM,2021-08-05,TRENDING_UP,False,False,,,False
LOTCHEM,2022-01-05,RANGING,False,True,-2.6443079584775075,-1.7993079584775074,False
LOTCHEM,2022-04-18,RANGING,False,False,,,False
LOTCHEM,2022-07-26,TRENDING_DOWN,False,False,,,False
LOTCHEM,2022-10-10,RANGING,False,False,,,False
LOTCHEM,2023-05-16,RANGING,False,False,,,False
LOTCHEM,2023-09-21,RANGING,False,False,,,False
LOTCHEM,2024-11-19,TRENDING_UP,False,False,,,False
LOTCHEM,2025-01-20,TRENDING_UP,False,False,,,False
LOTCHEM,2025-05-14,VOLATILE,False,True,7.508998816412412,9.679116254602839,True
LOTCHEM,2025-08-11,TRENDING_UP,False,False,,,False
LOTCHEM,2026-01-12,TRENDING_UP,False,True,3.879338791137179,5.408927989573152,True
LOTCHEM,2026-04-08,VOLATILE,False,True,-4.726552621048415,-3.8815526210484155,False
LOTCHEM,2026-07-06,TRENDING_UP,False,False,,,False
LPGL,2020-09-09,TRENDING_UP,False,False,,,False
LPGL,2020-12-14,TRENDING_UP,False,False,,,False
LPGL,2021-05-28,TRENDING_UP,False,True,20.407963592233,24.85436893203882,True
LPGL,2021-07-29,RANGING,False,False,,,False
LPGL,2022-01-07,RANGING,False,False,,,False
LPGL,2022-06-16,TRENDING_DOWN,False,True,-0.845,0.0,False
LPGL,2023-07-11,TRENDING_UP,False,True,-0.9624398120962981,-0.11743981209629813,False
LPGL,2024-02-23,VOLATILE,False,True,-2.6600684931506766,-1.8150684931506769,False
LPGL,2024-06-20,TRENDING_UP,False,False,,,False
LPGL,2025-03-26,TRENDING_UP,False,False,,,False
LPGL,2025-07-09,TRENDING_UP,False,False,,,False
LPGL,2025-11-25,TRENDING_UP,False,False,,,False
LPGL,2026-04-08,VOLATILE,False,True,-4.296261751608122,-3.451261751608122,False
LPGL,2026-06-04,TRENDING_UP,False,False,,,False
LPL,2020-07-09,RANGING,False,False,,,False
LPL,2020-09-17,TRENDING_UP,False,False,,,False
LPL,2021-01-01,TRENDING_UP,False,False,,,False
LPL,2021-05-26,TRENDING_UP,False,True,-3.568021814203897,-2.7230218142038973,False
LPL,2021-11-17,TRENDING_UP,False,True,2.5407435152994546,3.8341100179993584,True
LPL,2022-02-08,RANGING,False,False,,,False
LPL,2022-04-13,RANGING,False,True,-0.12547560840093253,0.7195243915990674,False
LPL,2022-08-12,RANGING,False,False,,,False
LPL,2022-10-07,RANGING,False,True,1.309013687499076,2.3850161029400896,True
LPL,2023-02-24,RANGING,False,False,,,False
LPL,2023-05-19,RANGING,False,True,4.877334667637075,6.583040785455382,True
LPL,2023-06-27,RANGING,False,False,,,False
LPL,2023-11-10,TRENDING_UP,False,False,,,False
LPL,2024-04-26,TRENDING_UP,False,False,,,False
LPL,2024-11-08,TRENDING_UP,False,True,-1.39045454545455,-0.54545454545455,False
LPL,2025-01-13,VOLATILE,False,False,,,False
LPL,2025-06-11,TRENDING_UP,False,False,,,False
LPL,2025-10-02,TRENDING_UP,False,True,-6.5592857142857195,-5.71428571428572,False
LPL,2026-04-08,VOLATILE,False,True,0.49603571428571713,1.428571428571432,True
LSECL,2024-09-06,TRENDING_UP,False,False,,,False
LSECL,2024-12-16,TRENDING_UP,False,False,,,False
LSECL,2025-06-16,TRENDING_UP,False,False,,,False
LSECL,2025-08-11,TRENDING_UP,False,False,,,False
LSECL,2025-11-07,VOLATILE,False,False,,,False
LSECL,2026-07-07,TRENDING_UP,False,True,14.499491935483862,17.9032258064516,True
LSEFSL,2024-09-09,TRENDING_UP,False,True,-2.613172888015714,-1.7681728880157142,False
LSEFSL,2024-11-06,TRENDING_UP,False,True,3.6753881709741507,5.168986083499001,True
LSEFSL,2025-01-17,TRENDING_UP,False,True,-0.845,0.0,False
LSEFSL,2025-05-15,TRENDING_UP,False,False,,,False
LSEFSL,2025-10-29,VOLATILE,False,True,-8.844999999999999,-7.999999999999999,False
LSEFSL,2026-04-22,TRENDING_UP,False,False,,,False
LSEPL,2024-03-20,TRENDING_UP,False,False,,,False
LSEVL,2024-03-20,TRENDING_UP,False,False,,,False
LSEVL,2024-05-22,TRENDING_UP,False,False,,,False
LSEVL,2024-08-27,RANGING,False,True,-0.845,0.0,False
LSEVL,2024-11-05,TRENDING_UP,False,False,,,False
LSEVL,2025-01-02,TRENDING_UP,False,False,,,False
LSEVL,2025-08-25,TRENDING_UP,False,False,,,False
LSEVL,2025-11-06,VOLATILE,False,False,,,False
LSEVL,2026-01-27,TRENDING_UP,False,False,,,False
LSEVL,2026-04-08,VOLATILE,False,False,,,False
LSEVL,2026-06-08,TRENDING_UP,False,False,,,False
LUCK,2020-01-02,TRENDING_UP,False,False,,,False
LUCK,2020-03-02,VOLATILE,False,False,,,False
LUCK,2020-04-17,VOLATILE,False,False,,,False
LUCK,2020-07-01,RANGING,False,False,,,False
LUCK,2020-09-08,TRENDING_UP,False,False,,,False
LUCK,2020-10-26,TRENDING_UP,False,False,,,False
LUCK,2020-12-14,TRENDING_UP,False,False,,,False
LUCK,2021-02-10,TRENDING_UP,False,False,,,False
LUCK,2021-05-17,TRENDING_UP,False,True,-1.7157557502738277,-0.8707557502738276,False
LUCK,2021-10-29,RANGING,False,False,,,False
LUCK,2022-08-17,RANGING,False,False,,,False
LUCK,2023-05-02,RANGING,False,False,,,False
LUCK,2023-07-03,RANGING,False,True,-3.583163148887623,-2.7381631488876232,False
LUCK,2023-10-05,TRENDING_UP,False,False,,,False
LUCK,2024-04-03,TRENDING_UP,False,False,,,False
LUCK,2024-06-13,TRENDING_UP,False,False,,,False
LUCK,2024-10-04,TRENDING_UP,False,False,,,False
LUCK,2024-11-04,TRENDING_UP,False,False,,,False
LUCK,2025-02-14,RANGING,False,False,,,False
LUCK,2025-04-14,TRENDING_UP,False,False,,,False
LUCK,2025-08-15,TRENDING_UP,False,False,,,False
LUCK,2025-12-02,TRENDING_UP,False,False,,,False
LUCK,2026-04-08,VOLATILE,False,False,,,False
LUCK,2026-06-15,TRENDING_UP,False,False,,,False
MACFL,2020-05-12,VOLATILE,False,False,,,False
MACFL,2020-08-21,TRENDING_UP,False,True,19.19130473098331,23.423005565862713,True
MACFL,2020-11-06,TRENDING_UP,False,False,,,False
MACFL,2021-01-18,TRENDING_UP,False,False,,,False
MACFL,2021-04-20,RANGING,False,False,,,False
MACFL,2021-06-01,TRENDING_UP,False,False,,,False
MACFL,2021-10-28,RANGING,False,True,-4.356111111111107,-3.511111111111107,False
MACFL,2022-04-12,RANGING,False,True,-2.3678426395939125,-1.5228426395939123,False
MACFL,2023-07-11,TRENDING_UP,False,False,,,False
MACFL,2023-10-16,TRENDING_UP,False,False,,,False
MACFL,2024-04-22,TRENDING_UP,False,False,,,False
MACFL,2024-08-12,RANGING,False,False,,,False
MACFL,2024-12-02,TRENDING_UP,False,False,,,False
MACFL,2025-05-30,TRENDING_UP,False,False,,,False
MACFL,2025-12-16,TRENDING_UP,False,False,,,False
MACFL,2026-01-20,TRENDING_UP,False,True,7.8329107910576035,10.060189165950122,True
MACFL,2026-04-16,VOLATILE,False,True,-3.5254123711340153,-2.680412371134015,False
MACTER,2020-05-15,VOLATILE,False,False,,,False
MACTER,2020-11-24,VOLATILE,False,False,,,False
MACTER,2021-01-21,TRENDING_UP,False,True,-4.178333333333334,-3.3333333333333335,False
MACTER,2021-06-14,TRENDING_UP,False,False,,,False
MACTER,2022-03-02,TRENDING_DOWN,False,True,-0.845,0.0,False
MACTER,2023-05-30,RANGING,False,True,-0.845,0.0,False
MACTER,2024-02-22,VOLATILE,False,True,-2.7867475728155338,-1.9417475728155338,False
MACTER,2024-06-07,RANGING,False,True,-0.845,0.0,False
MACTER,2024-08-13,RANGING,False,False,,,False
MACTER,2024-11-11,TRENDING_UP,False,False,,,False
MACTER,2025-03-11,TRENDING_UP,False,False,,,False
MACTER,2025-06-17,TRENDING_UP,False,False,,,False
MACTER,2026-01-07,TRENDING_UP,False,False,,,False
MACTER,2026-04-17,VOLATILE,False,True,-4.920235109717868,-4.075235109717868,False
MACTER,2026-06-16,TRENDING_UP,False,False,,,False
MARI,2020-01-20,TRENDING_UP,False,False,,,False
MARI,2020-04-30,VOLATILE,False,True,-4.436958939264329,-3.5919589392643294,False
MARI,2020-07-13,RANGING,False,False,,,False
MARI,2021-01-19,TRENDING_UP,False,True,-1.9469283746556474,-1.1019283746556474,False
MARI,2021-10-05,RANGING,False,True,2.8993095238095243,4.255952380952381,True
MARI,2022-06-27,TRENDING_DOWN,False,False,,,False
MARI,2022-10-19,RANGING,False,False,,,False
MARI,2023-04-27,RANGING,False,False,,,False
MARI,2023-08-07,TRENDING_UP,False,True,-2.0882766070011516,-1.2432766070011516,False
MARI,2023-11-03,TRENDING_UP,False,False,,,False
MARI,2024-01-11,VOLATILE,False,False,,,False
MARI,2024-03-01,TRENDING_UP,False,False,,,False
MARI,2024-04-09,TRENDING_UP,False,False,,,False
MARI,2024-08-08,RANGING,False,False,,,False
MARI,2024-11-13,TRENDING_UP,False,False,,,False
MARI,2025-03-14,TRENDING_UP,False,False,,,False
MARI,2025-08-11,TRENDING_UP,False,False,,,False
MARI,2026-04-08,VOLATILE,False,True,-3.6172627737226293,-2.772262773722629,False
MARI,2026-06-01,TRENDING_UP,False,True,-1.6635269552012129,-0.8185269552012129,False
MARI,2026-07-03,TRENDING_UP,False,False,,,False
MCB,2020-07-28,RANGING,False,False,,,False
MCB,2022-01-10,RANGING,False,True,-0.027389937106911066,0.8176100628930889,False
MCB,2023-04-20,RANGING,False,False,,,False
MCB,2023-07-03,RANGING,False,True,-2.9351639344262273,-2.090163934426227,False
MCB,2023-10-04,TRENDING_UP,False,True,-1.6103061224489672,-0.7653061224489672,False
MCB,2023-11-27,TRENDING_UP,False,False,,,False
MCB,2024-02-02,RANGING,False,True,-0.2906521739130379,0.5543478260869621,False
MCB,2024-04-08,TRENDING_UP,False,False,,,False
MCB,2024-06-14,TRENDING_UP,False,False,,,False
MCB,2024-09-19,TRENDING_UP,False,True,1.8880322150755457,3.066214370677113,True
MCB,2025-07-01,TRENDING_UP,False,False,,,False
MCB,2025-10-02,TRENDING_UP,False,False,,,False
MCB,2026-01-02,TRENDING_UP,False,False,,,False
MCB,2026-04-08,VOLATILE,False,True,-2.052434871694797,-1.207434871694797,False
MCB,2026-07-01,TRENDING_UP,False,False,,,False
MCBAH,2020-05-07,VOLATILE,False,False,,,False
MCBAH,2020-07-28,RANGING,False,False,,,False
MCBAH,2020-11-18,VOLATILE,False,True,-2.432301587301587,-1.5873015873015872,False
MCBAH,2021-02-04,TRENDING_UP,False,True,5.470571752265853,7.280966767371591,True
MCBAH,2021-05-31,TRENDING_UP,False,True,-0.845,0.0,False
MCBAH,2021-08-11,RANGING,False,True,-3.8807142857142978,-3.035714285714298,False
MCBAH,2021-12-16,TRENDING_DOWN,False,True,5.162253144654085,6.9182389937106885,True
MCBAH,2022-08-03,RANGING,False,True,5.049475097868648,6.785558938668997,True
MCBAH,2023-01-25,VOLATILE,False,True,-0.845,0.0,False
MCBAH,2023-05-31,RANGING,False,False,,,False
MCBAH,2023-07-31,TRENDING_UP,False,False,,,False
MCBIM,2024-02-06,RANGING,False,True,-1.62625,-0.78125,False
MCBIM,2024-04-09,TRENDING_UP,False,True,-0.845,0.0,False
MCBIM,2024-07-05,TRENDING_UP,False,False,,,False
MCBIM,2024-11-25,TRENDING_UP,False,False,,,False
MCBIM,2025-02-10,VOLATILE,False,True,1.0830884558185734,2.1192217127277333,True
MCBIM,2025-04-28,VOLATILE,False,False,,,False
MCBIM,2025-09-19,TRENDING_UP,False,True,12.750059859154929,15.845070422535212,True
MDTL,2020-04-20,VOLATILE,False,True,-8.844999999999997,-7.9999999999999964,False
MDTL,2020-08-24,TRENDING_UP,False,False,,,False
MDTL,2021-01-05,TRENDING_UP,False,False,,,False
MDTL,2021-04-14,RANGING,False,False,,,False
MDTL,2021-05-26,TRENDING_UP,False,False,,,False
MDTL,2021-11-04,RANGING,False,True,-5.774577464788721,-4.929577464788721,False
MDTL,2022-01-05,RANGING,False,False,,,False
MDTL,2022-04-11,RANGING,False,True,-1.7070689655172422,-0.8620689655172422,False
MDTL,2022-06-13,TRENDING_DOWN,False,False,,,False
MDTL,2022-12-09,RANGING,False,False,,,False
MDTL,2023-11-22,TRENDING_UP,False,False,,,False
MDTL,2024-02-15,VOLATILE,False,False,,,False
MDTL,2024-04-29,TRENDING_UP,False,False,,,False
MDTL,2024-09-04,TRENDING_UP,False,False,,,False
MDTL,2024-12-03,TRENDING_UP,False,False,,,False
MDTL,2025-05-23,TRENDING_UP,False,True,0.9817500000000015,2.0000000000000018,True
MDTL,2025-07-23,TRENDING_UP,False,False,,,False
MDTL,2025-09-16,TRENDING_UP,False,False,,,False
MDTL,2026-01-01,TRENDING_UP,False,False,,,False
MDTL,2026-04-28,TRENDING_UP,False,True,-5.361129032258068,-4.5161290322580685,False
MDTL,2026-06-18,TRENDING_UP,False,False,,,False
MEBL,2020-01-10,TRENDING_UP,False,True,0.6403913586413661,1.5984015984016071,True
MEBL,2020-06-10,RANGING,False,False,,,False
MEBL,2020-10-19,VOLATILE,False,False,,,False
MEBL,2020-12-01,TRENDING_UP,False,False,,,False
MEBL,2021-01-06,TRENDING_UP,False,False,,,False
MEBL,2021-07-08,RANGING,False,False,,,False
MEBL,2021-11-18,RANGING,False,True,2.9748735032500826,4.3448511802942145,True
MEBL,2022-04-11,RANGING,False,False,,,False
MEBL,2022-08-15,RANGING,False,False,,,False
MEBL,2022-11-10,RANGING,False,False,,,False
MEBL,2023-03-03,RANGING,False,False,,,False
MEBL,2023-07-03,RANGING,False,False,,,False
MEBL,2023-10-10,TRENDING_UP,False,False,,,False
MEBL,2024-01-25,TRENDING_UP,False,True,-2.0422567708938755,-1.1972567708938755,False
MEBL,2024-05-21,TRENDING_UP,False,False,,,False
MEBL,2024-10-07,TRENDING_UP,False,True,-0.845,0.0,False
MEBL,2024-11-22,TRENDING_UP,False,True,-2.938691733996266,-2.0936917339962657,False
MEBL,2025-04-03,TRENDING_UP,False,False,,,False
MEBL,2025-05-30,TRENDING_UP,False,False,,,False
MEBL,2025-08-13,TRENDING_UP,False,True,7.623179383494397,9.81344633352282,True
MEBL,2025-09-30,TRENDING_UP,False,True,3.992032758460715,5.5415091276008415,True
MEBL,2026-01-02,TRENDING_UP,False,False,,,False
MEBL,2026-02-04,TRENDING_UP,False,False,,,False
MEBL,2026-04-08,VOLATILE,False,False,,,False
MEBL,2026-07-01,TRENDING_UP,False,False,,,False
MEHT,2020-01-14,TRENDING_UP,False,False,,,False
MEHT,2021-07-09,RANGING,False,False,,,False
MEHT,2021-10-26,VOLATILE,False,False,,,False
MEHT,2023-04-28,RANGING,False,False,,,False
MEHT,2024-05-03,TRENDING_UP,False,True,4.960798843187663,6.681233933161956,True
MEHT,2024-07-04,TRENDING_UP,False,True,-0.845,0.0,False
MEHT,2024-11-28,TRENDING_UP,False,False,,,False
MEHT,2025-07-10,TRENDING_UP,False,False,,,False
MERIT,2020-05-05,VOLATILE,False,False,,,False
MERIT,2020-08-26,TRENDING_UP,False,False,,,False
MERIT,2020-12-18,TRENDING_UP,False,False,,,False
MERIT,2021-04-19,RANGING,False,False,,,False
MERIT,2021-05-31,TRENDING_UP,False,False,,,False
MERIT,2022-10-05,RANGING,False,False,,,False
MERIT,2023-06-09,RANGING,False,True,-0.845,0.0,False
MERIT,2023-10-13,TRENDING_UP,False,False,,,False
MERIT,2023-12-29,TRENDING_UP,False,True,-0.9282639467110723,-0.08326394671107233,False
MERIT,2024-04-01,TRENDING_UP,False,False,,,False
MERIT,2024-05-24,TRENDING_UP,False,False,,,False
MERIT,2025-02-28,TRENDING_UP,False,False,,,False
MERIT,2025-05-29,TRENDING_UP,False,False,,,False
MERIT,2025-09-08,TRENDING_UP,False,False,,,False
MERIT,2026-04-16,VOLATILE,False,False,,,False
META,2022-08-17,RANGING,False,False,,,False
META,2023-05-03,RANGING,False,False,,,False
META,2023-12-15,TRENDING_UP,False,False,,,False
META,2024-03-08,TRENDING_UP,False,False,,,False
MFFL,2020-05-04,VOLATILE,False,False,,,False
MFFL,2020-09-08,TRENDING_UP,False,False,,,False
MFFL,2020-12-17,TRENDING_UP,False,True,-1.0776139088729082,-0.23261390887290823,False
MFFL,2021-01-25,TRENDING_UP,False,False,,,False
MFFL,2021-04-20,RANGING,False,False,,,False
MFFL,2021-06-25,RANGING,False,False,,,False
MFFL,2022-06-21,RANGING,False,False,,,False
MFFL,2022-11-24,RANGING,False,False,,,False
MFFL,2023-01-05,RANGING,False,False,,,False
MFFL,2023-09-26,RANGING,False,False,,,False
MFFL,2023-11-08,TRENDING_UP,False,False,,,False
MFFL,2024-02-28,TRENDING_UP,False,False,,,False
MFFL,2024-08-05,RANGING,False,False,,,False
MFFL,2024-10-17,TRENDING_UP,False,False,,,False
MFFL,2024-12-13,TRENDING_UP,False,False,,,False
MFFL,2025-07-10,TRENDING_UP,False,False,,,False
MFFL,2025-09-19,TRENDING_UP,False,False,,,False
MFFL,2026-06-15,TRENDING_UP,False,True,-0.8871179302045686,-0.0421179302045687,False
MFL,2020-01-22,TRENDING_UP,False,False,,,False
MFL,2020-08-13,TRENDING_UP,False,True,-4.931738949124272,-4.086738949124272,False
MFL,2020-12-02,TRENDING_UP,False,False,,,False
MFL,2021-05-17,TRENDING_UP,False,True,-0.845,0.0,False
MFL,2021-08-11,RANGING,False,False,,,False
MFL,2021-11-05,TRENDING_UP,False,True,-2.9417741935483823,-2.0967741935483826,False
MFL,2021-12-20,VOLATILE,False,False,,,False
MFL,2022-02-23,RANGING,False,True,-4.531482896047823,-3.686482896047823,False
MFL,2022-04-05,RANGING,False,True,1.4323825389820517,2.5301559282141786,True
MFL,2022-08-05,RANGING,False,False,,,False
MFL,2022-11-11,RANGING,False,False,,,False
MFL,2023-01-05,RANGING,False,False,,,False
MFL,2023-08-07,TRENDING_UP,False,False,,,False
MFL,2023-11-22,TRENDING_UP,False,False,,,False
MFL,2024-03-18,TRENDING_UP,False,False,,,False
MFL,2024-08-12,RANGING,False,False,,,False
MFL,2024-10-29,TRENDING_UP,False,False,,,False
MFL,2025-05-27,TRENDING_UP,False,False,,,False
MFL,2025-07-07,TRENDING_UP,False,False,,,False
MFL,2025-08-18,TRENDING_UP,False,False,,,False
MFL,2025-11-06,VOLATILE,False,True,3.8305432843651706,5.351521511017848,True
MFL,2026-04-10,VOLATILE,False,True,5.87966210641522,7.762249536959083,True
MIIETF,2024-04-26,TRENDING_UP,False,False,,,False
MIIETF,2024-06-24,TRENDING_UP,False,True,-4.640233892321268,-3.795233892321268,False
MIIETF,2024-10-24,TRENDING_UP,False,False,,,False
MIIETF,2025-03-17,TRENDING_UP,False,True,2.3757274983454706,3.6399735274652594,True
MIIETF,2025-08-04,TRENDING_UP,False,False,,,False
MIIETF,2026-04-08,VOLATILE,False,False,,,False
MIRKS,2024-03-21,TRENDING_UP,False,True,3.5192866568914853,4.985337243401747,True
MIRKS,2024-11-22,TRENDING_UP,False,False,,,False
MIRKS,2025-01-31,VOLATILE,False,False,,,False
MIRKS,2025-05-27,TRENDING_UP,False,False,,,False
MIRKS,2025-08-25,TRENDING_UP,False,False,,,False
MIRKS,2025-10-06,TRENDING_UP,False,True,-3.927671648762261,-3.082671648762261,False
MIRKS,2025-11-14,VOLATILE,False,False,,,False
MIRKS,2026-04-08,VOLATILE,False,True,-0.494259547934529,0.350740452065471,False
MIRKS,2026-06-18,TRENDING_UP,False,False,,,False
MLCF,2020-03-02,VOLATILE,False,False,,,False
MLCF,2020-04-17,VOLATILE,False,False,,,False
MLCF,2020-07-01,RANGING,False,False,,,False
MLCF,2020-10-22,VOLATILE,False,True,3.154902709359609,4.556650246305423,True
MLCF,2020-12-31,TRENDING_UP,False,False,,,False
MLCF,2021-02-16,TRENDING_UP,False,False,,,False
MLCF,2021-05-31,TRENDING_UP,False,False,,,False
MLCF,2021-10-29,RANGING,False,False,,,False
MLCF,2022-03-29,RANGING,False,True,-1.9592061281337008,-1.1142061281337008,False
MLCF,2022-08-05,RANGING,False,False,,,False
MLCF,2023-02-22,RANGING,False,True,1.9234971650567059,3.1079378412431837,True
MLCF,2023-04-27,RANGING,False,False,,,False
MLCF,2023-07-03,RANGING,False,False,,,False
MLCF,2023-10-05,TRENDING_UP,False,True,-2.0833900928792524,-1.2383900928792526,False
MLCF,2024-04-23,TRENDING_UP,False,False,,,False
MLCF,2024-10-16,TRENDING_UP,False,False,,,False
MLCF,2025-02-20,TRENDING_UP,False,False,,,False
MLCF,2025-08-18,TRENDING_UP,False,False,,,False
MLCF,2025-11-14,VOLATILE,False,True,-4.305699725040301,-3.460699725040301,False
MLCF,2026-04-09,VOLATILE,False,False,,,False
MLCF,2026-06-15,TRENDING_UP,False,False,,,False
MODAM,2024-01-01,TRENDING_UP,False,False,,,False
MODAM,2024-03-20,TRENDING_UP,False,False,,,False
MQTM,2024-01-03,TRENDING_UP,False,True,-0.845,0.0,False
MQTM,2024-12-17,TRENDING_UP,False,True,-0.845,0.0,False
MQTM,2025-04-04,TRENDING_UP,False,False,,,False
MQTM,2025-07-08,TRENDING_UP,False,False,,,False
MQTM,2025-08-19,TRENDING_UP,False,False,,,False
MQTM,2026-07-07,TRENDING_UP,False,False,,,False
MRNS,2024-05-14,TRENDING_UP,False,False,,,False
MRNS,2024-11-25,TRENDING_UP,False,False,,,False
MRNS,2025-01-28,VOLATILE,False,True,-1.83509900990099,-0.9900990099009901,False
MRNS,2025-07-07,TRENDING_UP,False,False,,,False
MRNS,2025-10-07,TRENDING_UP,False,True,-4.80552631578948,-3.96052631578948,False
MRNS,2026-01-01,TRENDING_UP,False,False,,,False
MRNS,2026-07-03,TRENDING_UP,False,False,,,False
MSCL,2020-05-11,VOLATILE,False,False,,,False
MSCL,2020-07-23,RANGING,False,True,5.0341987978628655,6.7675868210151355,True
MSCL,2020-10-02,RANGING,False,True,3.3356983971853094,4.769351055512129,True
MSCL,2020-12-02,TRENDING_UP,False,False,,,False
MSCL,2021-05-25,TRENDING_UP,False,True,-6.073426395939074,-5.228426395939074,False
MSCL,2021-08-05,TRENDING_UP,False,False,,,False
MSCL,2021-11-26,RANGING,False,False,,,False
MSCL,2022-04-26,RANGING,False,True,-0.845,0.0,False
MSCL,2023-03-31,TRENDING_DOWN,False,False,,,False
MSCL,2024-09-13,TRENDING_UP,False,True,-8.844999999999994,-7.999999999999993,False
MSCL,2024-10-18,TRENDING_UP,False,True,-8.844999999999994,-7.999999999999993,False
MSCL,2024-12-02,TRENDING_UP,False,True,-4.353771929824565,-3.5087719298245648,False
MSCL,2025-01-01,TRENDING_UP,False,False,,,False
MSCL,2025-06-27,TRENDING_UP,False,False,,,False
MSCL,2025-09-18,TRENDING_UP,False,False,,,False
MSCL,2025-12-17,TRENDING_UP,False,False,,,False
MSCL,2026-01-30,TRENDING_UP,False,False,,,False
MSCL,2026-03-27,VOLATILE,False,True,-3.499320987654319,-2.6543209876543195,False
MSOT,2020-02-10,RANGING,False,True,6.931749999999999,9.0,True
MSOT,2020-05-20,RANGING,False,False,,,False
MSOT,2020-10-26,TRENDING_UP,False,False,,,False
MSOT,2021-01-20,TRENDING_UP,False,False,,,False
MSOT,2021-07-28,RANGING,False,False,,,False
MSOT,2022-04-01,RANGING,False,True,6.8167422239502375,8.864696734059104,True
MSOT,2022-09-30,TRENDING_DOWN,False,False,,,False
MSOT,2022-12-19,TRENDING_DOWN,False,True,-0.845,0.0,False
MSOT,2023-02-24,RANGING,False,True,6.613000000000006,8.625000000000007,True
MSOT,2023-07-03,RANGING,False,False,,,False
MSOT,2023-10-30,TRENDING_UP,False,True,-0.845,0.0,False
MSOT,2024-04-17,TRENDING_UP,False,False,,,False
MSOT,2024-12-04,TRENDING_UP,False,False,,,False
MSOT,2025-06-27,TRENDING_UP,False,False,,,False
MSOT,2025-11-21,VOLATILE,False,False,,,False
MSOT,2026-01-13,TRENDING_UP,False,False,,,False
MSOT,2026-03-25,VOLATILE,False,True,-2.228102816197298,-1.3831028161972978,False
MSOT,2026-04-28,TRENDING_UP,False,False,,,False
MSOT,2026-06-22,TRENDING_UP,False,False,,,False
MTL,2020-04-14,TRENDING_DOWN,False,False,,,False
MTL,2020-07-22,RANGING,False,False,,,False
MTL,2020-10-26,TRENDING_UP,False,True,-3.921936816047814,-3.076936816047814,False
MTL,2020-11-27,TRENDING_UP,False,False,,,False
MTL,2021-02-16,TRENDING_UP,False,False,,,False
MTL,2021-05-25,TRENDING_UP,False,True,-0.8459011999477318,-0.0009011999477318602,False
MTL,2022-02-04,RANGING,False,True,-0.9525485100861917,-0.1075485100861917,False
MTL,2022-04-11,RANGING,False,False,,,False
MTL,2022-08-15,RANGING,False,False,,,False
MTL,2023-06-12,RANGING,False,False,,,False
MTL,2023-08-03,TRENDING_UP,False,False,,,False
MTL,2023-10-13,TRENDING_UP,False,False,,,False
MTL,2024-02-29,TRENDING_UP,False,False,,,False
MTL,2024-04-24,TRENDING_UP,False,False,,,False
MTL,2024-05-30,TRENDING_UP,False,False,,,False
MTL,2024-12-05,TRENDING_UP,False,False,,,False
MTL,2025-08-20,TRENDING_UP,False,False,,,False
MTL,2025-12-23,TRENDING_UP,False,True,-2.8625099385086923,-2.017509938508692,False
MTL,2026-01-27,TRENDING_UP,False,False,,,False
MTL,2026-04-08,VOLATILE,False,True,-2.9098005111275196,-2.0648005111275194,False
MTL,2026-06-16,TRENDING_UP,False,False,,,False
MUGHAL,2020-03-05,VOLATILE,False,True,-4.091613631477097,-3.2466136314770973,False
MUGHAL,2020-04-17,VOLATILE,False,False,,,False
MUGHAL,2020-07-02,RANGING,False,True,12.722169229892907,15.81225791752107,True
MUGHAL,2020-10-26,TRENDING_UP,False,True,-5.523700361010823,-4.678700361010823,False
MUGHAL,2020-12-04,TRENDING_UP,False,False,,,False
MUGHAL,2021-05-31,TRENDING_UP,False,False,,,False
MUGHAL,2021-08-20,RANGING,False,False,,,False
MUGHAL,2021-11-02,RANGING,False,False,,,False
MUGHAL,2021-12-31,RANGING,False,True,-0.17192307692307418,0.6730769230769258,False
MUGHAL,2022-08-15,RANGING,False,True,-3.489580063934893,-2.644580063934893,False
MUGHAL,2022-10-06,RANGING,False,True,-3.3097887323943658,-2.464788732394366,False
MUGHAL,2023-02-09,VOLATILE,False,True,-5.352819687212516,-4.507819687212517,False
MUGHAL,2023-07-10,TRENDING_UP,False,False,,,False
MUGHAL,2023-10-16,TRENDING_UP,False,True,-5.529561463498037,-4.684561463498037,False
MUGHAL,2024-04-24,TRENDING_UP,False,False,,,False
MUGHAL,2024-12-05,TRENDING_UP,False,False,,,False
MUGHAL,2025-05-16,TRENDING_UP,False,False,,,False
MUGHAL,2025-08-19,TRENDING_UP,False,False,,,False
MUGHAL,2025-12-08,TRENDING_UP,False,False,,,False
MUGHAL,2026-04-16,VOLATILE,False,False,,,False
MUGHAL,2026-06-10,RANGING,False,True,7.351370253164557,9.49367088607595,True
MUGHALC,2025-08-19,TRENDING_UP,False,False,,,False
MUGHALC,2025-09-22,TRENDING_UP,False,False,,,False
MUGHALC,2025-11-06,VOLATILE,False,True,-0.8649960007998361,-0.019996000799836055,False
MUGHALC,2026-04-13,VOLATILE,False,True,0.3968280471604106,1.3118565260710713,True
MUREB,2020-09-18,TRENDING_UP,False,False,,,False
MUREB,2020-12-30,TRENDING_UP,False,True,-0.8433333055550941,0.001666694444905899,False
MUREB,2021-03-31,VOLATILE,False,False,,,False
MUREB,2021-06-29,RANGING,False,True,-0.845,0.0,False
MUREB,2021-08-31,RANGING,False,False,,,False
MUREB,2023-08-03,TRENDING_UP,False,True,-2.437356687898089,-1.5923566878980893,False
MUREB,2023-10-20,TRENDING_UP,False,False,,,False
MUREB,2024-02-23,VOLATILE,False,False,,,False
MUREB,2024-04-02,TRENDING_UP,False,True,-1.1007544757033247,-0.2557544757033248,False
MUREB,2024-05-23,TRENDING_UP,False,False,,,False
MUREB,2024-06-28,TRENDING_UP,False,False,,,False
MUREB,2024-10-25,TRENDING_UP,False,False,,,False
MUREB,2025-01-06,TRENDING_UP,False,False,,,False
MUREB,2025-05-12,VOLATILE,False,False,,,False
MUREB,2025-07-02,TRENDING_UP,False,False,,,False
MUREB,2025-08-12,TRENDING_UP,False,False,,,False
MUREB,2025-10-23,TRENDING_UP,False,True,-4.026818181818181,-3.1818181818181817,False
MWMP,2024-06-03,TRENDING_UP,False,False,,,False
MWMP,2024-11-07,TRENDING_UP,False,False,,,False
MWMP,2025-01-13,VOLATILE,False,False,,,False
MWMP,2025-04-17,TRENDING_UP,False,False,,,False
MWMP,2025-07-15,TRENDING_UP,False,False,,,False
MWMP,2026-05-07,TRENDING_UP,False,True,-0.9266326530612198,-0.08163265306121985,False
MZNPETF,2024-03-04,TRENDING_UP,False,True,-1.0802941176470537,-0.23529411764705382,False
MZNPETF,2024-04-04,TRENDING_UP,False,False,,,False
MZNPETF,2024-12-02,TRENDING_UP,False,True,11.952557453416139,14.906832298136635,True
MZNPETF,2025-03-17,TRENDING_UP,False,False,,,False
MZNPETF,2025-09-03,TRENDING_UP,False,True,4.141512675296667,5.717367853290196,True
MZNPETF,2025-11-28,TRENDING_UP,False,True,-0.14882894082545706,0.6961710591745429,False
MZNPETF,2026-04-08,VOLATILE,False,True,-1.3815853658536557,-0.5365853658536558,False
MZNPETF,2026-06-23,TRENDING_UP,False,True,-0.845,0.0,False
NAGC,2024-12-04,TRENDING_UP,False,False,,,False
NAGC,2025-04-21,TRENDING_UP,False,False,,,False
NAGC,2025-07-07,TRENDING_UP,False,False,,,False
NAGC,2025-12-17,TRENDING_UP,False,True,-0.845,0.0,False
NAGC,2026-04-10,VOLATILE,False,True,15.178419513236555,18.701964133219477,True
NATF,2020-01-21,TRENDING_UP,False,False,,,False
NATF,2020-04-22,VOLATILE,False,True,-0.845,0.0,False
NATF,2020-07-22,RANGING,False,False,,,False
NATF,2020-09-08,TRENDING_UP,False,False,,,False
NATF,2021-01-07,TRENDING_UP,False,False,,,False
NATF,2021-05-26,TRENDING_UP,False,False,,,False
NATF,2022-03-15,TRENDING_DOWN,False,False,,,False
NATF,2022-08-10,RANGING,False,True,0.35769936708860767,1.2658227848101267,True
NATF,2023-06-07,RANGING,False,False,,,False
NATF,2023-11-10,TRENDING_UP,False,False,,,False
NATF,2024-01-09,VOLATILE,False,False,,,False
NATF,2024-04-26,TRENDING_UP,False,False,,,False
NATF,2024-07-04,TRENDING_UP,False,False,,,False
NATF,2024-12-12,TRENDING_UP,False,True,-2.850125885722905,-2.005125885722905,False
NATF,2025-02-25,TRENDING_UP,False,False,,,False
NATF,2025-04-23,VOLATILE,False,True,-1.6888818565400843,-0.8438818565400843,False
NATF,2025-06-02,TRENDING_UP,False,False,,,False
NATF,2025-08-12,TRENDING_UP,False,False,,,False
NATF,2025-10-20,TRENDING_UP,False,False,,,False
NATF,2026-01-06,TRENDING_UP,False,False,,,False
NATF,2026-04-10,VOLATILE,False,True,3.6140850062058143,5.096864713183311,True
NATF,2026-07-01,TRENDING_UP,False,False,,,False
NATM,2024-07-18,TRENDING_UP,False,False,,,False
NBP,2020-07-10,RANGING,False,False,,,False
NBP,2020-12-09,TRENDING_UP,False,True,1.7366236462093918,2.888086642599285,True
NBP,2021-04-21,RANGING,False,True,1.0783795344187423,2.1136818051985204,True
NBP,2021-10-21,VOLATILE,False,True,-2.1126056338028247,-1.267605633802825,False
NBP,2022-02-07,RANGING,False,True,-1.952808700351247,-1.1078087003512471,False
NBP,2022-08-10,RANGING,False,False,,,False
NBP,2023-07-26,TRENDING_UP,False,True,9.59297217174011,12.130849613811895,True
NBP,2023-11-16,TRENDING_UP,False,True,18.696977629513345,22.8414442700157,True
NBP,2024-03-20,TRENDING_UP,False,False,,,False
NBP,2024-07-02,TRENDING_UP,False,False,,,False
NBP,2024-08-22,RANGING,False,False,,,False
NBP,2024-10-09,TRENDING_UP,False,False,,,False
NBP,2024-11-27,TRENDING_UP,False,False,,,False
NBP,2025-01-31,VOLATILE,False,False,,,False
NBP,2025-04-17,TRENDING_UP,False,False,,,False
NBP,2025-05-21,TRENDING_UP,False,False,,,False
NBP,2025-12-17,TRENDING_UP,False,False,,,False
NBP,2026-02-04,TRENDING_UP,False,True,-8.844999999999999,-7.999999999999999,False
NBP,2026-04-17,VOLATILE,False,True,-1.7883962264150943,-0.9433962264150944,False
NBP,2026-06-16,TRENDING_UP,False,False,,,False
NBPGETF,2024-06-14,TRENDING_UP,False,True,1.5790472972972915,2.702702702702696,True
NBPGETF,2024-10-07,TRENDING_UP,False,False,,,False
NBPGETF,2025-03-18,TRENDING_UP,False,False,,,False
NBPGETF,2025-08-01,TRENDING_UP,False,True,3.3744678670911292,4.814962196577799,True
NBPGETF,2025-09-30,TRENDING_UP,False,True,-3.4901612903225816,-2.645161290322582,False
NBPGETF,2026-06-23,TRENDING_UP,False,True,-4.815588235294122,-3.9705882352941217,False
NCL,2020-01-02,TRENDING_UP,False,False,,,False
NCL,2020-07-28,RANGING,False,False,,,False
NCL,2020-12-14,TRENDING_UP,False,False,,,False
NCL,2021-05-31,TRENDING_UP,False,False,,,False
NCL,2021-07-14,RANGING,False,False,,,False
NCL,2022-01-11,RANGING,False,False,,,False
NCL,2022-04-01,RANGING,False,True,1.5879515503875945,2.7131782945736407,True
NCL,2022-08-01,TRENDING_DOWN,False,True,-1.0529002079002108,-0.20790020790021085,False
NCL,2023-01-26,VOLATILE,False,False,,,False
NCL,2023-07-11,TRENDING_UP,False,False,,,False
NCL,2023-10-06,TRENDING_UP,False,True,3.6993834106728576,5.197215777262185,True
NCL,2024-04-16,TRENDING_UP,False,False,,,False
NCL,2024-10-02,TRENDING_UP,False,False,,,False
NCL,2025-02-18,RANGING,False,True,0.4960357142857143,1.4285714285714286,True
NCL,2025-05-12,VOLATILE,False,False,,,False
NCL,2025-07-04,TRENDING_UP,False,False,,,False
NCL,2025-12-10,TRENDING_UP,False,True,-0.845,0.0,False
NCL,2026-01-15,TRENDING_UP,False,False,,,False
NCL,2026-04-10,VOLATILE,False,True,5.008700354609943,6.7375886524822866,True
NCL,2026-06-16,TRENDING_UP,False,False,,,False
NCML,2024-01-02,TRENDING_UP,False,False,,,False
NCML,2024-02-21,VOLATILE,False,True,13.448416666666663,16.666666666666664,True
NCML,2024-06-07,RANGING,False,False,,,False
NCML,2024-07-31,RANGING,False,False,,,False
NCML,2024-09-12,TRENDING_UP,False,False,,,False
NCML,2024-11-06,TRENDING_UP,False,False,,,False
NCML,2025-02-28,TRENDING_UP,False,False,,,False
NCML,2025-04-15,TRENDING_UP,False,True,0.6264627393838433,1.582014987510404,True
NCML,2025-05-26,TRENDING_UP,False,False,,,False
NCML,2025-11-14,VOLATILE,False,True,-0.845,0.0,False
NCML,2025-12-18,TRENDING_UP,False,True,-5.07746999368288,-4.23246999368288,False
NCML,2026-01-23,TRENDING_UP,False,False,,,False
NCML,2026-07-03,TRENDING_UP,False,True,1.574281120331943,2.6970954356846386,True
NCPL,2020-06-26,RANGING,False,True,7.361597908745247,9.505703422053232,True
NCPL,2020-08-11,TRENDING_UP,False,False,,,False
NCPL,2020-12-08,TRENDING_UP,False,True,-2.4368958031837966,-1.5918958031837964,False
NCPL,2021-05-31,TRENDING_UP,False,False,,,False
NCPL,2021-11-17,TRENDING_UP,False,False,,,False
NCPL,2021-12-21,TRENDING_DOWN,False,False,,,False
NCPL,2022-02-09,TRENDING_UP,False,False,,,False
NCPL,2022-04-11,RANGING,False,True,-0.25676470588234457,0.5882352941176554,False
NCPL,2022-06-23,RANGING,False,False,,,False
NCPL,2022-10-20,RANGING,False,False,,,False
NCPL,2022-11-30,RANGING,False,False,,,False
NCPL,2023-01-12,RANGING,False,True,-0.9116222518321104,-0.06662225183211051,False
NCPL,2023-05-02,RANGING,False,False,,,False
NCPL,2023-06-26,RANGING,False,False,,,False
NCPL,2023-10-02,TRENDING_UP,False,True,-4.958224237063245,-4.113224237063245,False
NCPL,2023-11-03,TRENDING_UP,False,True,4.771333333333336,6.458333333333337,True
NCPL,2023-12-12,TRENDING_UP,False,False,,,False
NCPL,2024-03-11,TRENDING_UP,False,False,,,False
NCPL,2024-05-03,TRENDING_UP,False,False,,,False
NCPL,2024-06-13,TRENDING_UP,False,True,-0.845,0.0,False
NCPL,2024-10-22,TRENDING_UP,False,False,,,False
NCPL,2025-08-18,TRENDING_UP,False,False,,,False
NCPL,2025-11-26,TRENDING_UP,False,False,,,False
NCPL,2026-04-10,VOLATILE,False,True,4.952703101361587,6.671709531013632,True
NESTLE,2020-05-15,VOLATILE,False,False,,,False
NESTLE,2020-09-10,TRENDING_UP,False,True,2.451925683946334,3.729618451701569,True
NESTLE,2021-07-09,RANGING,False,True,-0.845,0.0,False
NESTLE,2022-08-01,TRENDING_DOWN,False,True,-0.9366666666666666,-0.09166666666666666,False
NESTLE,2023-05-04,RANGING,False,True,-0.845,0.0,False
NESTLE,2023-08-02,TRENDING_UP,False,True,-1.2676754610204806,-0.42267546102048054,False
NESTLE,2023-10-16,TRENDING_UP,False,True,0.10470988934993086,0.9681881051175657,True
NESTLE,2024-12-09,TRENDING_UP,False,False,,,False
NESTLE,2025-07-08,TRENDING_UP,False,True,-0.7043530239099859,0.14064697609001406,False
NESTLE,2026-02-09,VOLATILE,False,False,,,False
NETSOL,2020-04-17,VOLATILE,False,False,,,False
NETSOL,2020-07-08,RANGING,False,False,,,False
NETSOL,2020-09-04,TRENDING_UP,False,False,,,False
NETSOL,2020-10-26,TRENDING_UP,False,False,,,False
NETSOL,2021-01-26,TRENDING_UP,True,False,,,False
NETSOL,2021-05-25,TRENDING_UP,False,True,-2.6830553591821173,-1.8380553591821174,False
NETSOL,2021-09-10,RANGING,False,False,,,False
NETSOL,2022-01-04,RANGING,False,False,,,False
NETSOL,2022-04-12,RANGING,False,False,,,False
NETSOL,2022-08-15,RANGING,False,False,,,False
NETSOL,2022-10-12,RANGING,False,False,,,False
NETSOL,2023-04-27,RANGING,False,False,,,False
NETSOL,2023-06-07,RANGING,False,True,1.6679825342904726,2.807332393282909,True
NETSOL,2023-10-16,TRENDING_UP,False,False,,,False
NETSOL,2024-02-21,VOLATILE,False,False,,,False
NETSOL,2024-04-22,TRENDING_UP,False,False,,,False
NETSOL,2024-06-03,TRENDING_UP,False,False,,,False
NETSOL,2024-07-18,TRENDING_UP,False,False,,,False
NETSOL,2024-12-03,TRENDING_UP,False,False,,,False
NETSOL,2025-05-15,TRENDING_UP,False,False,,,False
NETSOL,2025-07-01,TRENDING_UP,False,False,,,False
NETSOL,2025-12-15,TRENDING_UP,False,False,,,False
NETSOL,2026-04-08,VOLATILE,False,True,8.23710714285714,10.535714285714283,True
NEXT,2024-04-26,TRENDING_UP,False,True,-0.845,0.0,False
NEXT,2024-07-25,RANGING,False,True,5.930798625792797,7.822410147991526,True
NEXT,2024-12-06,TRENDING_UP,False,False,,,False
NEXT,2025-08-01,TRENDING_UP,False,True,-6.218134328358218,-5.373134328358218,False
NEXT,2025-09-23,TRENDING_UP,False,False,,,False
NEXT,2025-11-21,VOLATILE,False,False,,,False
NEXT,2026-06-03,TRENDING_UP,False,False,,,False
NEXT,2026-07-07,TRENDING_UP,False,True,17.133907360406095,21.00253807106599,True
NICL,2020-04-20,VOLATILE,False,True,-0.845,0.0,False
NICL,2020-08-05,TRENDING_UP,False,False,,,False
NICL,2020-10-26,TRENDING_UP,False,False,,,False
NICL,2021-01-14,TRENDING_UP,False,False,,,False
NICL,2021-03-15,VOLATILE,False,False,,,False
NICL,2021-04-26,TRENDING_UP,False,False,,,False
NICL,2021-09-13,RANGING,False,True,-1.608358778625954,-0.7633587786259541,False
NICL,2022-08-15,RANGING,False,True,0.5236331168831115,1.4610389610389547,True
NICL,2023-03-16,RANGING,False,False,,,False
NICL,2023-05-02,RANGING,False,True,-3.7576213592233065,-2.912621359223307,False
NICL,2023-10-11,TRENDING_UP,False,False,,,False
NICL,2023-11-29,TRENDING_UP,False,False,,,False
NICL,2024-01-03,TRENDING_UP,False,False,,,False
NICL,2024-04-22,TRENDING_UP,False,False,,,False
NICL,2024-10-28,TRENDING_UP,False,True,2.2127844827586207,3.4482758620689653,True
NICL,2025-07-25,TRENDING_UP,False,False,,,False
NICL,2025-09-18,TRENDING_UP,False,False,,,False
NICL,2026-06-01,TRENDING_UP,False,True,23.158154494382025,28.08988764044944,True
NITGETF,2024-04-26,TRENDING_UP,False,True,-0.845,0.0,False
NITGETF,2024-09-20,TRENDING_UP,False,False,,,False
NITGETF,2025-06-24,TRENDING_UP,False,True,-0.9526040172166341,-0.1076040172166341,False
NITGETF,2025-09-30,TRENDING_UP,False,True,-2.1455371783997763,-1.3005371783997763,False
NITGETF,2025-11-28,TRENDING_UP,False,False,,,False
NML,2020-04-20,VOLATILE,False,True,-6.436836734693876,-5.591836734693876,False
NML,2020-06-11,RANGING,False,True,-2.302149913558912,-1.4571499135589119,False
NML,2020-07-13,RANGING,False,True,-2.1798810214741797,-1.3348810214741795,False
NML,2020-12-15,TRENDING_UP,False,False,,,False
NML,2021-02-15,TRENDING_UP,False,False,,,False
NML,2021-05-26,TRENDING_UP,False,False,,,False
NML,2022-02-02,RANGING,False,False,,,False
NML,2022-03-31,RANGING,False,True,-1.1406830277942046,-0.29568302779420463,False
NML,2022-08-15,RANGING,False,False,,,False
NML,2023-05-04,RANGING,False,False,,,False
NML,2023-07-26,TRENDING_UP,False,False,,,False
NML,2023-11-02,TRENDING_UP,False,False,,,False
NML,2024-10-14,TRENDING_UP,False,False,,,False
NML,2024-12-02,TRENDING_UP,False,True,40.9287146595247,48.99642901120553,True
NML,2025-02-28,TRENDING_UP,False,False,,,False
NML,2025-06-17,TRENDING_UP,False,True,-3.4294930417495033,-2.584493041749503,False
NML,2025-09-08,TRENDING_UP,False,False,,,False
NML,2025-12-10,TRENDING_UP,False,False,,,False
NML,2026-04-10,VOLATILE,False,True,3.1641824324324275,4.567567567567561,True
NML,2026-06-16,TRENDING_UP,False,False,,,False
NONS,2024-01-01,TRENDING_UP,False,True,-1.0627331559211404,-0.21773315592114045,False
NONS,2024-04-29,TRENDING_UP,False,False,,,False
NONS,2024-10-23,TRENDING_UP,False,False,,,False
NONS,2025-01-31,VOLATILE,False,False,,,False
NONS,2025-06-05,TRENDING_UP,False,False,,,False
NONS,2025-09-17,TRENDING_UP,False,False,,,False
NONS,2025-12-24,TRENDING_UP,False,False,,,False
NONS,2026-04-22,TRENDING_UP,False,False,,,False
NONS,2026-07-03,TRENDING_UP,False,True,16.631633301506465,20.41162741353702,True
NPL,2020-08-11,TRENDING_UP,False,True,6.364927672783209,8.333150203274364,True
NPL,2020-10-20,VOLATILE,False,False,,,False
NPL,2021-01-04,TRENDING_UP,False,False,,,False
NPL,2021-07-01,RANGING,False,False,,,False
NPL,2021-09-14,RANGING,False,False,,,False
NPL,2021-12-20,VOLATILE,False,False,,,False
NPL,2022-02-08,RANGING,False,False,,,False
NPL,2022-03-30,RANGING,False,True,-2.4032725435802655,-1.5582725435802658,False
NPL,2022-06-24,TRENDING_DOWN,False,False,,,False
NPL,2023-02-13,VOLATILE,False,False,,,False
NPL,2023-03-31,TRENDING_DOWN,False,True,-1.3425486803668523,-0.49754868036685235,False
NPL,2023-07-03,RANGING,False,False,,,False
NPL,2023-10-02,TRENDING_UP,False,True,2.4055704539658302,3.675082887018624,True
NPL,2024-04-08,TRENDING_UP,False,False,,,False
NPL,2024-09-03,TRENDING_UP,False,False,,,False
NPL,2024-10-30,TRENDING_UP,False,False,,,False
NPL,2024-12-04,TRENDING_UP,False,False,,,False
NPL,2025-02-06,VOLATILE,False,False,,,False
NPL,2025-08-18,TRENDING_UP,False,False,,,False
NPL,2025-12-03,TRENDING_UP,False,True,53.644289349422884,63.95592864637987,True
NPL,2026-04-10,VOLATILE,False,True,2.727541245791252,4.053872053872061,True
NPL,2026-06-18,TRENDING_UP,False,False,,,False
NRL,2020-03-10,VOLATILE,False,False,,,False
NRL,2020-05-04,VOLATILE,False,False,,,False
NRL,2020-06-10,RANGING,False,False,,,False
NRL,2020-09-08,TRENDING_UP,False,True,0.7367739461330608,1.711792877803601,True
NRL,2020-11-30,TRENDING_UP,False,False,,,False
NRL,2021-11-04,RANGING,False,False,,,False
NRL,2022-01-04,RANGING,False,True,-2.994006622516559,-2.149006622516559,False
NRL,2022-04-11,RANGING,False,False,,,False
NRL,2022-06-21,RANGING,False,False,,,False
NRL,2022-08-12,RANGING,False,False,,,False
NRL,2023-04-28,RANGING,False,False,,,False
NRL,2023-06-06,RANGING,False,False,,,False
NRL,2023-09-26,RANGING,False,True,-1.212959241437872,-0.367959241437872,False
NRL,2024-03-08,TRENDING_UP,False,False,,,False
NRL,2024-04-18,TRENDING_UP,False,False,,,False
NRL,2024-10-14,TRENDING_UP,False,False,,,False
NRL,2024-12-04,TRENDING_UP,False,False,,,False
NRL,2025-03-20,TRENDING_UP,False,False,,,False
NRL,2025-05-21,TRENDING_UP,False,False,,,False
NRL,2025-08-11,TRENDING_UP,False,False,,,False
NRL,2025-11-19,VOLATILE,False,False,,,False
NRL,2026-01-07,TRENDING_UP,False,False,,,False
NRL,2026-04-08,VOLATILE,False,True,-1.6760249307479225,-0.8310249307479225,False
NRSL,2020-04-17,VOLATILE,False,False,,,False
NRSL,2020-07-17,RANGING,False,False,,,False
NRSL,2021-01-11,TRENDING_UP,False,False,,,False
NRSL,2021-04-08,VOLATILE,False,True,1.074718749999997,2.1093749999999964,True
NRSL,2021-05-18,TRENDING_UP,False,False,,,False
NRSL,2021-08-17,RANGING,True,False,,,False
NRSL,2022-04-11,RANGING,False,True,-0.12557553956835077,0.7194244604316492,False
NRSL,2022-07-14,RANGING,False,True,-1.8350990099009923,-0.9900990099009923,False
NRSL,2023-03-17,RANGING,False,False,,,False
NRSL,2023-07-03,RANGING,False,False,,,False
NRSL,2023-10-23,TRENDING_UP,False,True,-3.045347423277354,-2.200347423277354,False
NRSL,2023-12-07,TRENDING_UP,False,False,,,False
NRSL,2024-07-12,TRENDING_UP,False,False,,,False
NRSL,2024-11-19,TRENDING_UP,False,False,,,False
NRSL,2025-04-03,TRENDING_UP,False,False,,,False
NRSL,2025-07-07,TRENDING_UP,False,True,-8.84499999999999,-7.999999999999989,False
NRSL,2025-09-08,TRENDING_UP,False,False,,,False
NRSL,2026-04-08,VOLATILE,False,True,-1.3722407732864625,-0.5272407732864625,False
NSRM,2024-01-11,VOLATILE,False,True,-0.845,0.0,False
NSRM,2024-08-23,TRENDING_UP,False,False,,,False
NSRM,2024-10-25,TRENDING_UP,False,False,,,False
NSRM,2025-06-25,TRENDING_UP,False,True,141.79780995717346,167.6659528907923,True
NSRM,2025-11-28,TRENDING_UP,False,False,,,False
NSRM,2026-06-12,TRENDING_UP,False,False,,,False
OBOY,2020-05-08,VOLATILE,False,True,20.021749999999997,24.399999999999995,True
OBOY,2020-07-22,RANGING,False,False,,,False
OBOY,2020-09-08,TRENDING_UP,False,False,,,False
OBOY,2020-10-09,VOLATILE,False,True,22.41289754098361,27.213114754098367,True
OBOY,2021-12-16,TRENDING_DOWN,False,False,,,False
OBOY,2022-10-24,RANGING,False,True,-7.078766233766239,-6.233766233766239,False
OBOY,2022-12-01,RANGING,False,False,,,False
OBOY,2023-06-14,RANGING,False,True,-7.241255850234011,-6.396255850234011,False
OBOY,2023-11-28,TRENDING_UP,False,False,,,False
OBOY,2024-04-25,TRENDING_UP,False,False,,,False
OBOY,2024-07-10,TRENDING_UP,False,True,-2.534708141321036,-1.689708141321036,False
OBOY,2024-11-21,TRENDING_UP,False,True,-0.845,0.0,False
OBOY,2025-03-13,TRENDING_UP,False,True,-7.36465484180249,-6.51965484180249,False
OBOY,2025-12-15,TRENDING_UP,False,False,,,False
OBOY,2026-01-22,TRENDING_UP,False,False,,,False
OBOY,2026-04-10,VOLATILE,False,True,-1.8461123470522787,-1.0011123470522787,False
OCTOPUS,2021-12-20,VOLATILE,False,False,,,False
OCTOPUS,2022-10-12,RANGING,False,False,,,False
OCTOPUS,2023-07-10,TRENDING_UP,False,True,-4.008745190252253,-3.163745190252253,False
OCTOPUS,2023-10-06,TRENDING_UP,False,True,0.5567500000000031,1.5000000000000036,True
OCTOPUS,2023-11-16,TRENDING_UP,False,False,,,False
OCTOPUS,2024-04-09,TRENDING_UP,False,True,-1.70101404741001,-0.85601404741001,False
OCTOPUS,2024-06-14,TRENDING_UP,False,True,-1.4510606060606062,-0.6060606060606061,False
OCTOPUS,2024-10-07,TRENDING_UP,False,True,-2.6450000000000036,-1.8000000000000036,False
OCTOPUS,2024-12-09,TRENDING_UP,False,False,,,False
OCTOPUS,2025-07-07,TRENDING_UP,False,False,,,False
OCTOPUS,2025-08-15,TRENDING_UP,False,False,,,False
OCTOPUS,2026-06-19,TRENDING_UP,False,False,,,False
OGDC,2020-01-10,TRENDING_UP,False,True,-2.008849154746437,-1.1638491547464371,False
OGDC,2020-04-30,VOLATILE,False,False,,,False
OGDC,2020-12-14,TRENDING_UP,False,True,1.6874103773584908,2.8301886792452833,True
OGDC,2022-04-18,RANGING,False,False,,,False
OGDC,2022-12-26,TRENDING_DOWN,False,False,,,False
OGDC,2023-07-03,RANGING,False,False,,,False
OGDC,2023-10-23,TRENDING_UP,False,False,,,False
OGDC,2024-01-23,TRENDING_UP,False,True,-1.631764705882348,-0.7867647058823479,False
OGDC,2024-04-15,TRENDING_UP,False,False,,,False
OGDC,2024-09-13,TRENDING_UP,False,True,-0.8097887323943581,0.03521126760564181,False
OGDC,2024-11-08,TRENDING_UP,False,False,,,False
OGDC,2024-12-12,TRENDING_UP,False,False,,,False
OGDC,2025-03-06,TRENDING_UP,False,False,,,False
OGDC,2025-07-03,TRENDING_UP,False,False,,,False
OGDC,2025-08-01,TRENDING_UP,False,False,,,False
OGDC,2025-11-28,TRENDING_UP,False,False,,,False
OGDC,2026-01-01,TRENDING_UP,False,False,,,False
OGDC,2026-04-08,VOLATILE,False,True,-3.2123523293822487,-2.3673523293822485,False
OGDC,2026-07-03,TRENDING_UP,False,False,,,False
OLPL,2024-03-11,TRENDING_UP,False,True,-2.845000000000006,-2.000000000000006,False
OLPL,2024-08-23,TRENDING_UP,False,True,-3.980768435561682,-3.1357684355616824,False
OLPL,2024-12-05,TRENDING_UP,False,True,7.620357594936712,9.810126582278485,True
OLPL,2025-04-29,VOLATILE,False,True,0.6534431216931206,1.6137566137566124,True
OLPL,2025-07-28,TRENDING_UP,False,True,-0.8688038562247037,-0.023803856224703667,False
OLPL,2025-09-02,TRENDING_UP,False,False,,,False
OLPM,2024-03-21,TRENDING_UP,False,False,,,False
OLPM,2024-06-12,RANGING,False,False,,,False
OLPM,2024-08-15,RANGING,False,False,,,False
OLPM,2024-10-11,TRENDING_UP,False,True,1.9106159793814455,3.092783505154642,True
OLPM,2024-12-05,TRENDING_UP,False,True,0.583347869507326,1.5312916111850894,True
OLPM,2025-06-13,TRENDING_UP,False,True,1.6789297884841383,2.8202115158636922,True
OLPM,2025-09-25,TRENDING_UP,False,False,,,False
OLPM,2025-12-16,TRENDING_UP,False,True,-2.4108982166159176,-1.5658982166159174,False
OLPM,2026-04-08,VOLATILE,False,False,,,False
OML,2020-01-02,TRENDING_UP,False,False,,,False
OML,2020-09-09,TRENDING_UP,False,False,,,False
OML,2020-10-29,VOLATILE,False,True,12.578295105566223,15.642994241842617,True
OML,2021-06-24,TRENDING_UP,False,False,,,False
OML,2021-08-17,RANGING,False,True,-0.845,0.0,False
OML,2022-08-31,RANGING,False,False,,,False
OML,2023-03-10,RANGING,False,True,-0.845,0.0,False
OML,2023-12-22,VOLATILE,False,False,,,False
OML,2024-11-29,TRENDING_UP,False,False,,,False
OML,2025-05-06,VOLATILE,False,False,,,False
OML,2025-10-07,TRENDING_UP,False,False,,,False
OML,2026-04-20,VOLATILE,False,False,,,False
OML,2026-06-19,TRENDING_UP,False,False,,,False
ORM,2024-09-20,TRENDING_UP,False,False,,,False
ORM,2025-09-11,TRENDING_UP,False,False,,,False
ORM,2025-12-10,TRENDING_UP,False,True,-2.4173270440251655,-1.5723270440251655,False
ORM,2026-01-12,TRENDING_UP,False,False,,,False
OTSU,2020-01-27,TRENDING_UP,False,False,,,False
OTSU,2021-07-30,RANGING,False,False,,,False
OTSU,2022-01-03,RANGING,False,True,-0.845,0.0,False
OTSU,2022-05-13,TRENDING_DOWN,False,False,,,False
OTSU,2022-06-29,TRENDING_DOWN,False,True,2.9935403930131,4.366812227074235,True
OTSU,2023-07-05,RANGING,False,False,,,False
OTSU,2023-10-25,TRENDING_UP,False,False,,,False
OTSU,2024-04-23,TRENDING_UP,False,False,,,False
OTSU,2024-07-15,TRENDING_UP,False,False,,,False
OTSU,2024-11-07,TRENDING_UP,False,False,,,False
OTSU,2025-01-24,TRENDING_UP,False,False,,,False
OTSU,2025-05-07,VOLATILE,False,False,,,False
OTSU,2025-09-12,TRENDING_UP,False,False,,,False
OTSU,2025-11-24,RANGING,False,False,,,False
OTSU,2026-01-09,TRENDING_UP,False,False,,,False
OTSU,2026-02-26,VOLATILE,False,False,,,False
OTSU,2026-04-14,VOLATILE,False,False,,,False
OTSU,2026-06-29,TRENDING_UP,False,False,,,False
PABC,2022-04-14,RANGING,False,False,,,False
PABC,2022-06-17,RANGING,False,True,-0.9065195324515412,-0.06151953245154113,False
PABC,2022-08-22,RANGING,False,False,,,False
PABC,2023-04-10,TRENDING_DOWN,False,False,,,False
PABC,2023-08-07,TRENDING_UP,False,True,-4.689660194174751,-3.844660194174751,False
PABC,2023-10-20,TRENDING_UP,False,False,,,False
PABC,2024-06-03,TRENDING_UP,False,False,,,False
PABC,2024-10-21,TRENDING_UP,False,False,,,False
PABC,2024-12-04,TRENDING_UP,False,False,,,False
PABC,2025-03-12,TRENDING_UP,False,False,,,False
PABC,2025-05-20,TRENDING_UP,False,False,,,False
PABC,2025-06-26,TRENDING_UP,False,False,,,False
PABC,2025-09-26,TRENDING_UP,False,False,,,False
PABC,2026-04-08,VOLATILE,False,False,,,False
PACE,2020-05-14,VOLATILE,False,False,,,False
PACE,2020-07-17,RANGING,False,True,-0.06980620155038686,0.7751937984496131,False
PACE,2020-08-21,TRENDING_UP,False,False,,,False
PACE,2020-12-24,TRENDING_UP,False,False,,,False
PACE,2021-05-24,TRENDING_UP,False,False,,,False
PACE,2021-11-04,RANGING,False,False,,,False
PACE,2022-01-07,RANGING,False,True,3.1453863636363497,4.545454545454529,True
PACE,2022-04-11,RANGING,False,False,,,False
PACE,2022-08-11,RANGING,False,False,,,False
PACE,2022-10-19,RANGING,False,True,-6.691153846153845,-5.846153846153845,False
PACE,2023-06-15,RANGING,False,False,,,False
PACE,2023-11-06,TRENDING_UP,False,True,-1.323468899521521,-0.47846889952152094,False
PACE,2024-02-26,VOLATILE,False,False,,,False
PACE,2024-04-29,TRENDING_UP,False,False,,,False
PACE,2024-08-05,RANGING,False,False,,,False
PACE,2024-11-28,TRENDING_UP,False,False,,,False
PACE,2025-05-29,TRENDING_UP,False,False,,,False
PACE,2025-08-27,TRENDING_UP,False,False,,,False
PACE,2026-04-15,VOLATILE,False,False,,,False
PAEL,2020-01-02,TRENDING_UP,False,False,,,False
PAEL,2020-03-09,VOLATILE,False,False,,,False
PAEL,2020-04-20,VOLATILE,False,True,-1.5028947368421146,-0.6578947368421146,False
PAEL,2020-07-06,RANGING,False,False,,,False
PAEL,2020-12-17,TRENDING_UP,False,False,,,False
PAEL,2021-04-09,VOLATILE,False,False,,,False
PAEL,2021-05-31,TRENDING_UP,False,False,,,False
PAEL,2022-02-02,RANGING,False,False,,,False
PAEL,2022-04-11,RANGING,False,False,,,False
PAEL,2022-08-05,RANGING,False,False,,,False
PAEL,2022-10-10,RANGING,False,False,,,False
PAEL,2023-07-10,TRENDING_UP,False,False,,,False
PAEL,2023-09-25,RANGING,False,True,-5.055526315789469,-4.210526315789469,False
PAEL,2024-03-08,TRENDING_UP,False,False,,,False
PAEL,2024-05-06,TRENDING_UP,False,False,,,False
PAEL,2024-07-03,TRENDING_UP,False,False,,,False
PAEL,2024-09-11,TRENDING_UP,False,False,,,False
PAEL,2024-11-08,TRENDING_UP,False,False,,,False
PAEL,2025-03-17,TRENDING_UP,False,False,,,False
PAEL,2025-08-21,TRENDING_UP,False,False,,,False
PAEL,2025-12-09,TRENDING_UP,False,False,,,False
PAEL,2026-04-15,VOLATILE,False,False,,,False
PAEL,2026-06-15,TRENDING_UP,False,False,,,False
PAKD,2020-02-07,RANGING,False,False,,,False
PAKD,2020-09-03,TRENDING_UP,False,False,,,False
PAKD,2020-12-08,TRENDING_UP,False,False,,,False
PAKD,2021-02-08,TRENDING_UP,False,False,,,False
PAKD,2021-06-04,TRENDING_UP,False,False,,,False
PAKD,2022-04-11,RANGING,False,False,,,False
PAKD,2022-08-02,TRENDING_DOWN,False,True,-0.845,0.0,False
PAKD,2022-09-23,TRENDING_DOWN,False,False,,,False
PAKD,2022-11-11,RANGING,False,False,,,False
PAKD,2023-04-20,RANGING,False,False,,,False
PAKD,2023-09-04,VOLATILE,False,True,2.795929104477607,4.13432835820895,True
PAKD,2023-11-28,TRENDING_UP,False,False,,,False
PAKD,2024-08-08,RANGING,False,False,,,False
PAKD,2024-11-14,TRENDING_UP,False,False,,,False
PAKD,2025-04-23,VOLATILE,False,False,,,False
PAKD,2026-06-02,TRENDING_UP,False,False,,,False
PAKL,2024-01-01,TRENDING_UP,False,False,,,False
PAKL,2024-07-30,RANGING,False,True,-4.501126482213431,-3.6561264822134314,False
PAKL,2024-12-06,TRENDING_UP,False,True,6.456326271186437,8.44067796610169,True
PAKL,2025-02-04,VOLATILE,False,False,,,False
PAKL,2025-05-30,TRENDING_UP,False,False,,,False
PAKL,2025-09-19,TRENDING_UP,False,False,,,False
PAKL,2025-10-29,VOLATILE,False,True,-5.487409033877042,-4.642409033877042,False
PAKL,2026-04-15,VOLATILE,False,False,,,False
PAKL,2026-06-11,RANGING,False,False,,,False
PAKMI,2020-01-09,TRENDING_UP,False,True,17.344249999999995,21.249999999999993,True
PAKMI,2020-03-24,VOLATILE,False,True,-8.844999999999997,-7.9999999999999964,False
PAKMI,2020-09-23,TRENDING_UP,False,False,,,False
PAKMI,2021-01-15,TRENDING_UP,False,True,-8.844999999999992,-7.999999999999992,False
PAKMI,2021-06-04,TRENDING_UP,False,True,-8.844999999999995,-7.999999999999995,False
PAKMI,2021-07-07,RANGING,False,False,,,False
PAKOXY,2020-06-09,RANGING,False,False,,,False
PAKOXY,2020-09-10,TRENDING_UP,False,True,-4.3361242603550325,-3.4911242603550328,False
PAKOXY,2020-10-21,VOLATILE,False,True,-5.811278356836294,-4.966278356836294,False
PAKOXY,2021-01-12,TRENDING_UP,False,False,,,False
PAKOXY,2021-04-08,VOLATILE,False,False,,,False
PAKOXY,2021-07-06,RANGING,False,False,,,False
PAKOXY,2021-11-08,TRENDING_UP,False,True,-0.845,0.0,False
PAKOXY,2022-02-09,TRENDING_UP,False,False,,,False
PAKOXY,2022-09-01,RANGING,False,True,-0.8212845849802363,0.023715415019763746,False
PAKOXY,2022-11-16,RANGING,False,True,-2.2786917562724014,-1.4336917562724014,False
PAKOXY,2023-02-09,VOLATILE,False,True,5.641861557036936,7.482484184749337,True
PAKOXY,2023-09-26,RANGING,False,True,-5.089680851063824,-4.2446808510638245,False
PAKOXY,2023-11-27,TRENDING_UP,False,False,,,False
PAKOXY,2024-05-10,TRENDING_UP,False,False,,,False
PAKOXY,2024-08-09,RANGING,False,True,3.954264619883044,5.497076023391816,True
PAKOXY,2024-12-04,TRENDING_UP,False,True,-4.978064516129035,-4.133064516129036,False
PAKOXY,2025-04-21,TRENDING_UP,False,False,,,False
PAKOXY,2025-06-26,TRENDING_UP,False,False,,,False
PAKOXY,2025-10-07,TRENDING_UP,False,False,,,False
PAKOXY,2025-11-07,VOLATILE,False,False,,,False
PAKOXY,2026-04-17,VOLATILE,False,True,-2.6500541516245484,-1.8050541516245486,False
PAKOXY,2026-06-30,TRENDING_UP,False,True,-1.5584168392675202,-0.7134168392675201,False
PAKQATAR,2026-06-02,TRENDING_UP,False,False,,,False
PAKRI,2020-04-30,VOLATILE,False,False,,,False
PAKRI,2020-09-09,TRENDING_UP,False,False,,,False
PAKRI,2020-12-30,TRENDING_UP,False,True,-0.9539720305121726,-0.10897203051217266,False
PAKRI,2021-02-26,RANGING,False,True,-5.504863945578222,-4.6598639455782225,False
PAKRI,2022-04-06,RANGING,False,False,,,False
PAKRI,2022-08-15,RANGING,False,False,,,False
PAKRI,2023-03-07,RANGING,False,False,,,False
PAKRI,2023-10-25,TRENDING_UP,False,False,,,False
PAKRI,2023-12-13,TRENDING_UP,False,True,4.362209770114956,5.977011494252889,True
PAKRI,2024-02-01,RANGING,False,False,,,False
PAKRI,2024-03-18,TRENDING_UP,False,False,,,False
PAKRI,2024-07-02,TRENDING_UP,False,False,,,False
PAKRI,2024-11-05,TRENDING_UP,False,False,,,False
PAKRI,2025-04-07,RANGING,False,False,,,False
PAKRI,2025-07-14,TRENDING_UP,False,False,,,False
PAKRI,2025-09-23,TRENDING_UP,False,False,,,False
PAKRI,2025-12-24,TRENDING_UP,False,False,,,False
PAKRI,2026-06-17,TRENDING_UP,False,False,,,False
PAKT,2024-03-29,TRENDING_UP,False,True,-0.845,0.0,False
PAKT,2024-07-01,TRENDING_UP,False,False,,,False
PAKT,2024-10-07,TRENDING_UP,False,True,-4.353771929824561,-3.508771929824561,False
PAKT,2024-12-12,TRENDING_UP,False,False,,,False
PAKT,2025-04-04,TRENDING_UP,False,True,-4.990077720207254,-4.145077720207254,False
PAKT,2025-09-10,TRENDING_UP,False,False,,,False
PAKT,2026-01-01,TRENDING_UP,False,False,,,False
PAKT,2026-04-28,TRENDING_UP,False,True,-3.167672000769868,-2.322672000769868,False
PAKT,2026-06-18,TRENDING_UP,False,False,,,False
PASL,2024-06-07,RANGING,False,False,,,False
PASL,2024-09-04,TRENDING_UP,False,False,,,False
PASL,2025-06-11,TRENDING_UP,False,False,,,False
PASL,2025-09-17,TRENDING_UP,False,False,,,False
PASL,2026-01-12,TRENDING_UP,False,False,,,False
PASL,2026-04-24,TRENDING_UP,False,False,,,False
PASM,2024-07-04,TRENDING_UP,False,False,,,False
PASM,2025-06-30,TRENDING_UP,False,False,,,False
PASM,2025-08-05,TRENDING_UP,False,False,,,False
PASM,2025-10-07,TRENDING_UP,False,True,-8.844999999999997,-7.9999999999999964,False
PASM,2025-11-27,TRENDING_UP,False,False,,,False
PASM,2026-06-04,TRENDING_UP,False,False,,,False
PCAL,2020-04-20,VOLATILE,False,True,-6.478802816901409,-5.633802816901409,False
PCAL,2020-07-06,RANGING,False,False,,,False
PCAL,2020-09-10,TRENDING_UP,False,False,,,False
PCAL,2021-01-15,TRENDING_UP,False,False,,,False
PCAL,2021-04-15,RANGING,False,True,-2.30485401459854,-1.4598540145985401,False
PCAL,2021-06-01,TRENDING_UP,False,False,,,False
PCAL,2021-08-02,RANGING,False,False,,,False
PCAL,2021-11-02,RANGING,False,True,-1.4438023952095809,-0.5988023952095809,False
PCAL,2022-01-28,RANGING,False,False,,,False
PCAL,2022-07-18,TRENDING_DOWN,False,True,4.746035714285714,6.428571428571428,True
PCAL,2023-05-29,RANGING,False,True,1.794492099898068,2.9561671763506685,True
PCAL,2023-08-16,TRENDING_UP,False,False,,,False
PCAL,2023-10-09,TRENDING_UP,False,False,,,False
PCAL,2023-12-12,TRENDING_UP,False,False,,,False
PCAL,2024-02-23,VOLATILE,False,False,,,False
PCAL,2024-05-06,TRENDING_UP,False,False,,,False
PCAL,2024-12-05,TRENDING_UP,False,True,1.2001527777777776,2.256944444444444,True
PCAL,2025-07-09,TRENDING_UP,False,False,,,False
PCAL,2025-09-23,TRENDING_UP,False,False,,,False
PCAL,2025-12-24,TRENDING_UP,False,False,,,False
PCAL,2026-06-16,TRENDING_UP,False,True,-1.0980864197530842,-0.2530864197530843,False
PECO,2020-02-24,VOLATILE,False,True,12.358673076923077,15.384615384615385,True
PECO,2020-06-18,RANGING,False,False,,,False
PECO,2020-11-03,VOLATILE,False,False,,,False
PECO,2021-10-11,VOLATILE,False,False,,,False
PECO,2022-05-27,TRENDING_DOWN,False,False,,,False
PECO,2022-09-06,RANGING,False,False,,,False
PECO,2023-01-04,TRENDING_DOWN,False,False,,,False
PECO,2023-10-27,TRENDING_UP,False,True,-0.8731610813855316,-0.028161081385531604,False
PECO,2024-03-28,TRENDING_UP,False,False,,,False
PECO,2024-08-23,TRENDING_UP,False,False,,,False
PECO,2025-01-23,TRENDING_UP,False,False,,,False
PECO,2025-05-02,VOLATILE,False,True,5.070765151515157,6.810606060606067,True
PECO,2025-06-04,TRENDING_UP,False,False,,,False
PECO,2025-12-26,TRENDING_UP,False,False,,,False
PECO,2026-04-17,VOLATILE,False,True,-0.23524390243902438,0.6097560975609756,False
PECO,2026-06-17,TRENDING_UP,False,False,,,False
PGLC,2024-07-04,TRENDING_UP,False,False,,,False
PGLC,2024-10-28,TRENDING_UP,False,False,,,False
PGLC,2024-12-24,TRENDING_UP,False,False,,,False
PGLC,2025-04-10,TRENDING_UP,False,False,,,False
PGLC,2025-08-12,TRENDING_UP,False,False,,,False
PGLC,2026-05-12,TRENDING_UP,False,False,,,False
PHDL,2020-08-21,TRENDING_UP,False,False,,,False
PHDL,2020-12-23,TRENDING_UP,False,False,,,False
PHDL,2021-04-19,RANGING,False,False,,,False
PHDL,2021-06-08,TRENDING_UP,False,True,-0.845,0.0,False
PHDL,2021-08-12,RANGING,False,False,,,False
PHDL,2021-09-29,RANGING,False,True,10.48166738950847,13.17637339942173,True
PHDL,2022-05-23,TRENDING_DOWN,False,True,-0.845,0.0,False
PHDL,2023-05-29,RANGING,False,True,-0.845,0.0,False
PHDL,2023-09-06,RANGING,False,False,,,False
PHDL,2024-01-15,VOLATILE,False,False,,,False
PHDL,2024-03-04,TRENDING_UP,False,False,,,False
PHDL,2024-06-21,TRENDING_UP,False,True,-0.845,0.0,False
PHDL,2024-08-13,RANGING,False,False,,,False
PHDL,2024-11-27,TRENDING_UP,False,True,3.286985602094242,4.712041884816755,True
PIAA,2020-05-15,VOLATILE,False,False,,,False
PIAA,2020-08-12,TRENDING_UP,False,False,,,False
PIAA,2020-12-21,TRENDING_UP,False,False,,,False
PIAA,2021-02-19,RANGING,False,False,,,False
PIAA,2021-05-26,TRENDING_UP,False,True,-8.844999999999999,-7.999999999999999,False
PIAA,2021-11-04,RANGING,False,True,-3.4256451612903245,-2.5806451612903247,False
PIAA,2022-01-05,RANGING,False,False,,,False
PIAA,2022-04-11,RANGING,False,True,-5.151220095693773,-4.3062200956937735,False
PIAA,2022-08-12,RANGING,False,False,,,False
PIAA,2023-05-02,RANGING,False,False,,,False
PIAA,2023-09-08,RANGING,False,False,,,False
PIAA,2023-11-24,TRENDING_UP,False,False,,,False
PIAA,2024-03-04,TRENDING_UP,True,False,,,False
PIAB,2020-11-20,VOLATILE,False,False,,,False
PIAHCLA,2024-07-05,TRENDING_UP,False,False,,,False
PIAHCLA,2024-09-24,TRENDING_UP,False,False,,,False
PIAHCLA,2025-03-17,TRENDING_UP,False,False,,,False
PIAHCLA,2025-06-05,TRENDING_UP,False,False,,,False
PIAHCLA,2025-10-15,TRENDING_UP,False,False,,,False
PIAHCLA,2026-05-08,TRENDING_UP,False,False,,,False
PIAHCLA,2026-06-16,TRENDING_UP,False,False,,,False
PIAHCLB,2024-07-12,TRENDING_UP,False,False,,,False
PIAHCLB,2024-09-25,TRENDING_UP,False,True,-0.845,0.0,False
PIAHCLB,2024-11-22,TRENDING_UP,False,False,,,False
PIAHCLB,2025-01-31,VOLATILE,False,False,,,False
PIAHCLB,2025-04-09,RANGING,False,False,,,False
PIAHCLB,2025-07-14,TRENDING_UP,False,False,,,False
PIAHCLB,2025-09-24,TRENDING_UP,False,True,-8.844999999999995,-7.999999999999995,False
PIBTL,2020-01-27,TRENDING_UP,False,False,,,False
PIBTL,2020-04-17,VOLATILE,False,False,,,False
PIBTL,2020-07-09,RANGING,False,False,,,False
PIBTL,2020-10-21,VOLATILE,False,False,,,False
PIBTL,2020-12-10,TRENDING_UP,False,False,,,False
PIBTL,2021-05-20,TRENDING_UP,False,True,-3.900555555555556,-3.0555555555555562,False
PIBTL,2022-01-04,RANGING,False,True,-3.6582992327365806,-2.813299232736581,False
PIBTL,2022-04-11,RANGING,False,False,,,False
PIBTL,2022-08-15,RANGING,False,False,,,False
PIBTL,2023-06-02,RANGING,False,False,,,False
PIBTL,2023-07-12,TRENDING_UP,False,False,,,False
PIBTL,2023-09-26,RANGING,False,True,-1.1020694087403657,-0.2570694087403658,False
PIBTL,2024-04-17,TRENDING_UP,False,False,,,False
PIBTL,2024-09-04,TRENDING_UP,False,False,,,False
PIBTL,2024-10-14,TRENDING_UP,False,False,,,False
PIBTL,2025-02-28,TRENDING_UP,False,True,-3.865833333333325,-3.0208333333333246,False
PIBTL,2025-07-16,TRENDING_UP,False,False,,,False
PIBTL,2025-08-22,TRENDING_UP,False,False,,,False
PIBTL,2025-10-02,TRENDING_UP,False,False,,,False
PIBTL,2025-12-15,TRENDING_UP,False,False,,,False
PIBTL,2026-04-08,VOLATILE,False,True,-2.4232828282828285,-1.5782828282828283,False
PICT,2020-04-17,VOLATILE,False,True,-0.845,0.0,False
PICT,2020-07-06,RANGING,False,False,,,False
PICT,2020-08-07,TRENDING_UP,False,False,,,False
PICT,2020-10-21,VOLATILE,False,False,,,False
PICT,2021-06-02,TRENDING_UP,False,False,,,False
PICT,2021-07-23,RANGING,False,True,-0.8393820224719152,0.005617977528084778,False
PICT,2021-10-21,VOLATILE,False,False,,,False
PICT,2022-01-05,RANGING,False,True,-1.9793472750316985,-1.1343472750316985,False
PICT,2023-08-03,TRENDING_UP,False,False,,,False
PICT,2024-02-09,VOLATILE,False,False,,,False
PICT,2024-07-11,TRENDING_UP,False,False,,,False
PICT,2024-08-26,TRENDING_UP,False,False,,,False
PICT,2024-10-28,TRENDING_UP,False,False,,,False
PICT,2024-12-16,TRENDING_UP,False,True,-4.624347203664829,-3.779347203664829,False
PICT,2025-07-11,TRENDING_UP,False,False,,,False
PICT,2025-10-20,TRENDING_UP,False,False,,,False
PICT,2026-04-15,VOLATILE,False,False,,,False
PICT,2026-07-02,TRENDING_UP,False,False,,,False
PIL,2020-05-15,VOLATILE,False,True,3.7638319112628045,5.273037542662123,True
PIL,2020-08-26,TRENDING_UP,False,True,6.856223549049807,8.911145351823304,True
PIL,2020-10-19,VOLATILE,False,False,,,False
PIL,2021-04-02,VOLATILE,False,False,,,False
PIL,2021-05-26,TRENDING_UP,False,False,,,False
PIL,2022-04-11,RANGING,False,False,,,False
PIL,2023-07-24,TRENDING_UP,False,True,-3.584726027397263,-2.739726027397263,False
PIL,2024-02-22,VOLATILE,False,False,,,False
PIL,2024-09-11,TRENDING_UP,False,False,,,False
PIL,2025-01-02,TRENDING_UP,False,True,37.14904857819905,44.54976303317535,True
PIL,2025-04-03,TRENDING_UP,False,False,,,False
PIL,2025-07-14,TRENDING_UP,False,False,,,False
PIL,2025-10-08,TRENDING_UP,False,True,-8.844999999999997,-7.9999999999999964,False
PIL,2026-04-15,VOLATILE,False,True,31.31073550724639,37.68115942028987,True
PIM,2024-01-01,TRENDING_UP,False,True,-0.845,0.0,False
PIM,2024-11-13,TRENDING_UP,False,False,,,False
PIM,2024-12-20,TRENDING_UP,False,False,,,False
PIM,2025-06-26,TRENDING_UP,False,False,,,False
PIM,2025-08-22,TRENDING_UP,False,False,,,False
PIM,2025-10-31,VOLATILE,False,True,-8.844999999999997,-7.9999999999999964,False
PIM,2026-02-06,VOLATILE,False,True,-8.844999999999994,-7.999999999999993,False
PIM,2026-03-24,VOLATILE,False,False,,,False
PIM,2026-05-14,VOLATILE,False,False,,,False
PINL,2020-01-10,TRENDING_UP,False,False,,,False
PINL,2020-07-28,RANGING,False,True,-1.626250000000011,-0.7812500000000111,False
PINL,2021-06-03,TRENDING_UP,False,False,,,False
PINL,2022-05-27,TRENDING_DOWN,False,True,-2.844999999999997,-1.999999999999997,False
PINL,2022-07-25,TRENDING_DOWN,False,False,,,False
PINL,2022-09-08,RANGING,False,False,,,False
PINL,2022-11-21,RANGING,False,True,-0.845,0.0,False
PINL,2023-03-30,TRENDING_DOWN,False,False,,,False
PINL,2023-07-05,RANGING,False,False,,,False
PINL,2024-03-05,TRENDING_UP,False,True,-0.845,0.0,False
PINL,2024-08-02,RANGING,False,True,-8.845000000000002,-8.000000000000002,False
PINL,2025-02-07,VOLATILE,False,True,-3.3904545454545394,-2.5454545454545396,False
PINL,2025-06-26,TRENDING_UP,False,False,,,False
PINL,2025-10-23,TRENDING_UP,False,False,,,False
PINL,2026-04-20,VOLATILE,False,False,,,False
PINL,2026-07-06,TRENDING_UP,False,False,,,False
PIOC,2020-03-03,VOLATILE,False,True,5.78591538105524,7.6519592718296945,True
PIOC,2020-04-17,VOLATILE,False,False,,,False
PIOC,2020-06-12,RANGING,False,True,-3.876221582297677,-3.0312215822976767,False
PIOC,2020-10-23,VOLATILE,False,False,,,False
PIOC,2020-12-24,TRENDING_UP,False,False,,,False
PIOC,2021-05-31,TRENDING_UP,False,True,-1.2093122676579993,-0.36431226765799934,False
PIOC,2021-10-29,RANGING,False,False,,,False
PIOC,2022-01-04,RANGING,False,True,-2.2073978201634876,-1.3623978201634876,False
PIOC,2022-03-31,RANGING,False,True,-8.274494347123854,-7.429494347123853,False
PIOC,2022-08-05,RANGING,False,True,-2.841927803379412,-1.996927803379412,False
PIOC,2022-10-05,RANGING,False,False,,,False
PIOC,2023-01-26,VOLATILE,False,False,,,False
PIOC,2023-04-27,RANGING,False,False,,,False
PIOC,2023-07-03,RANGING,False,False,,,False
PIOC,2023-10-05,TRENDING_UP,False,False,,,False
PIOC,2024-01-02,TRENDING_UP,False,True,-1.7721414506071507,-0.9271414506071508,False
PIOC,2024-02-28,TRENDING_UP,False,False,,,False
PIOC,2024-04-22,TRENDING_UP,False,False,,,False
PIOC,2024-07-03,TRENDING_UP,False,False,,,False
PIOC,2024-09-10,TRENDING_UP,False,False,,,False
PIOC,2024-10-11,TRENDING_UP,False,False,,,False
PIOC,2024-12-02,TRENDING_UP,False,False,,,False
PIOC,2025-02-20,TRENDING_UP,False,False,,,False
PIOC,2025-04-14,TRENDING_UP,False,True,-3.0583333333333282,-2.2133333333333285,False
PIOC,2025-06-11,TRENDING_UP,False,False,,,False
PIOC,2025-08-06,TRENDING_UP,False,False,,,False
PIOC,2025-11-13,VOLATILE,False,False,,,False
PIOC,2026-04-10,VOLATILE,False,True,3.8593784125798654,5.3854451912704295,True
PIOC,2026-06-15,TRENDING_UP,False,False,,,False
PKGI,2020-06-04,RANGING,False,True,-0.845,0.0,False
PKGI,2020-08-27,TRENDING_UP,False,True,-0.845,0.0,False
PKGI,2021-03-11,VOLATILE,False,True,-8.84499999999999,-7.99999999999999,False
PKGI,2021-06-01,TRENDING_UP,False,False,,,False
PKGI,2021-09-15,RANGING,False,False,,,False
PKGI,2022-01-14,RANGING,False,True,22.50579371584699,27.322404371584696,True
PKGI,2022-03-09,TRENDING_DOWN,False,False,,,False
PKGI,2022-06-28,TRENDING_DOWN,False,True,-0.845,0.0,False
PKGI,2023-04-27,RANGING,False,False,,,False
PKGI,2023-07-27,TRENDING_UP,False,False,,,False
PKGI,2023-11-24,TRENDING_UP,False,True,-8.845,-8.0,False
PKGI,2024-04-18,TRENDING_UP,False,True,7.009022727272727,9.090909090909092,True
PKGI,2024-09-02,TRENDING_UP,False,False,,,False
PKGI,2024-10-03,TRENDING_UP,False,True,17.91598212192264,21.922626025791338,True
PKGI,2025-05-21,TRENDING_UP,False,False,,,False
PKGI,2025-10-09,TRENDING_UP,False,False,,,False
PKGI,2026-01-19,TRENDING_UP,False,False,,,False
PKGI,2026-07-09,TRENDING_UP,False,False,,,False
PKGP,2020-07-09,RANGING,False,False,,,False
PKGP,2020-10-26,TRENDING_UP,False,False,,,False
PKGP,2020-12-18,TRENDING_UP,False,True,4.688888737480004,6.361339691152946,True
PKGP,2021-03-24,VOLATILE,False,True,-0.985115121613434,-0.14011512161343392,False
PKGP,2021-05-31,TRENDING_UP,False,True,-0.845,0.0,False
PKGP,2021-07-27,RANGING,False,False,,,False
PKGP,2021-11-16,TRENDING_UP,False,False,,,False
PKGP,2022-04-11,RANGING,False,True,-2.0160414200290964,-1.1710414200290964,False
PKGP,2022-08-12,RANGING,False,False,,,False
PKGP,2022-10-03,TRENDING_DOWN,False,True,5.856211365110802,7.73466042954212,True
PKGP,2023-03-10,RANGING,False,True,0.4012215201101952,1.3170253177767002,True
PKGP,2023-04-26,RANGING,False,True,0.7175023528152832,1.6891204150768038,True
PKGP,2023-08-04,TRENDING_UP,False,False,,,False
PKGP,2023-10-09,TRENDING_UP,False,False,,,False
PKGP,2024-05-16,TRENDING_UP,False,True,48.83129128440366,58.29357798165137,True
PKGP,2024-07-10,TRENDING_UP,False,False,,,False
PKGP,2024-10-28,TRENDING_UP,False,False,,,False
PKGP,2025-02-27,TRENDING_UP,False,False,,,False
PKGP,2025-05-08,VOLATILE,False,True,-0.845,0.0,False
PKGP,2026-06-23,TRENDING_UP,False,False,,,False
PKGS,2020-04-16,VOLATILE,False,False,,,False
PKGS,2020-06-04,RANGING,False,False,,,False
PKGS,2020-07-08,RANGING,False,False,,,False
PKGS,2020-08-25,TRENDING_UP,False,False,,,False
PKGS,2020-12-01,TRENDING_UP,False,True,-3.682754472547807,-2.8377544725478074,False
PKGS,2021-05-31,TRENDING_UP,False,False,,,False
PKGS,2021-10-28,RANGING,False,True,1.287014184051476,2.359134334178207,True
PKGS,2022-08-15,RANGING,False,True,-0.8474449279968682,-0.002444927996868269,False
PKGS,2023-05-03,RANGING,False,False,,,False
PKGS,2023-10-05,TRENDING_UP,False,False,,,False
PKGS,2024-03-14,TRENDING_UP,False,True,-2.1757984790874523,-1.3307984790874523,False
PKGS,2024-11-15,TRENDING_UP,False,False,,,False
PKGS,2025-06-30,TRENDING_UP,False,True,1.7627164459080098,2.9187840540094236,True
PKGS,2026-01-16,TRENDING_UP,False,False,,,False
PKGS,2026-06-30,TRENDING_UP,False,False,,,False
PMI,2024-01-01,TRENDING_UP,False,True,-2.8450000000000015,-2.0000000000000018,False
PMI,2024-05-09,TRENDING_UP,False,False,,,False
PMI,2024-07-05,TRENDING_UP,False,False,,,False
PMI,2024-11-21,TRENDING_UP,False,False,,,False
PMI,2025-01-01,TRENDING_UP,False,True,-8.844999999999997,-7.999999999999997,False
PMI,2025-02-19,RANGING,False,True,-3.9822549019607694,-3.1372549019607696,False
PMI,2025-06-04,TRENDING_UP,False,False,,,False
PMI,2025-07-21,TRENDING_UP,True,True,-5.703299595141704,-4.8582995951417045,False
PMPK,2024-03-01,TRENDING_UP,False,True,-0.845,0.0,False
PMPK,2024-07-03,TRENDING_UP,False,False,,,False
PMPK,2024-10-23,TRENDING_UP,False,False,,,False
PMPK,2025-03-26,TRENDING_UP,False,False,,,False
PMPK,2025-06-30,TRENDING_UP,False,True,-0.845,0.0,False
PMRS,2024-01-11,VOLATILE,False,True,-0.845,0.0,False
PMRS,2025-07-24,TRENDING_UP,False,False,,,False
PMRS,2026-01-29,VOLATILE,False,True,-1.1370449495270012,-0.2920449495270012,False
PMRS,2026-03-24,VOLATILE,False,False,,,False
PMRS,2026-04-24,TRENDING_UP,False,False,,,False
PMRS,2026-06-18,TRENDING_UP,False,False,,,False
PNSC,2020-01-23,TRENDING_UP,False,False,,,False
PNSC,2020-04-17,VOLATILE,False,False,,,False
PNSC,2020-07-10,RANGING,False,False,,,False
PNSC,2020-12-02,TRENDING_UP,False,False,,,False
PNSC,2021-01-04,TRENDING_UP,False,False,,,False
PNSC,2021-06-01,TRENDING_UP,False,False,,,False
PNSC,2021-07-07,RANGING,False,False,,,False
PNSC,2022-01-04,RANGING,False,True,-1.5339577312958173,-0.6889577312958174,False
PNSC,2022-07-14,RANGING,False,False,,,False
PNSC,2022-09-14,RANGING,False,False,,,False
PNSC,2023-04-28,RANGING,False,False,,,False
PNSC,2023-09-19,RANGING,False,False,,,False
PNSC,2023-11-16,TRENDING_UP,False,False,,,False
PNSC,2024-05-10,TRENDING_UP,False,False,,,False
PNSC,2024-09-25,TRENDING_UP,False,False,,,False
PNSC,2024-11-14,TRENDING_UP,False,False,,,False
PNSC,2025-05-22,TRENDING_UP,False,True,-0.8364278366717225,0.008572163328277484,False
PNSC,2025-06-30,TRENDING_UP,False,False,,,False
PNSC,2025-09-25,TRENDING_UP,False,False,,,False
PNSC,2025-12-31,TRENDING_UP,False,False,,,False
PNSC,2026-04-16,VOLATILE,False,True,-3.3882464343947465,-2.5432464343947467,False
PNSC,2026-06-16,TRENDING_UP,False,False,,,False
POL,2020-04-30,VOLATILE,False,True,1.4969080007553748,2.606068236182794,True
POL,2020-07-09,RANGING,False,True,-0.29580466679417716,0.5491953332058228,False
POL,2020-11-25,VOLATILE,False,False,,,False
POL,2021-06-14,TRENDING_UP,False,True,2.3668536269430027,3.629533678756474,True
POL,2022-01-04,RANGING,False,True,2.614351175113935,3.920707264839924,True
POL,2022-05-31,TRENDING_DOWN,False,False,,,False
POL,2022-08-12,RANGING,False,False,,,False
POL,2022-11-01,RANGING,False,False,,,False
POL,2023-02-06,VOLATILE,False,False,,,False
POL,2023-05-16,RANGING,False,False,,,False
POL,2023-11-01,TRENDING_UP,False,True,-1.3269277108433735,-0.48192771084337355,False
POL,2023-12-05,TRENDING_UP,False,False,,,False
POL,2024-04-08,TRENDING_UP,False,False,,,False
POL,2024-05-13,TRENDING_UP,False,False,,,False
POL,2024-07-03,TRENDING_UP,False,False,,,False
POL,2024-10-04,TRENDING_UP,False,False,,,False
POL,2024-12-03,TRENDING_UP,False,False,,,False
POL,2025-05-12,VOLATILE,False,False,,,False
POL,2025-06-27,TRENDING_UP,False,False,,,False
POL,2025-07-31,TRENDING_UP,False,True,-0.37988372093023254,0.46511627906976744,False
POL,2025-09-26,TRENDING_UP,False,False,,,False
POL,2026-01-06,TRENDING_UP,False,False,,,False
POL,2026-03-05,VOLATILE,False,True,-3.5075994451001735,-2.6625994451001738,False
POL,2026-04-08,VOLATILE,False,True,-1.6025757575757575,-0.7575757575757576,False
POL,2026-06-11,RANGING,False,False,,,False
POML,2024-11-19,TRENDING_UP,False,True,-4.393358552340505,-3.5483585523405052,False
POML,2025-04-16,TRENDING_UP,False,False,,,False
POML,2025-07-15,TRENDING_UP,False,False,,,False
POML,2025-09-30,TRENDING_UP,False,False,,,False
POML,2025-12-04,TRENDING_UP,False,False,,,False
POML,2026-04-16,VOLATILE,False,False,,,False
POML,2026-06-18,TRENDING_UP,False,False,,,False
POWER,2020-03-05,VOLATILE,False,True,-4.920691411935957,-4.075691411935957,False
POWER,2020-07-13,RANGING,False,False,,,False
POWER,2020-09-07,TRENDING_UP,False,False,,,False
POWER,2020-10-26,TRENDING_UP,False,False,,,False
POWER,2021-01-15,TRENDING_UP,False,False,,,False
POWER,2021-05-31,TRENDING_UP,False,False,,,False
POWER,2021-11-01,RANGING,False,False,,,False
POWER,2022-03-30,RANGING,False,True,2.68175,4.0,True
POWER,2023-07-03,RANGING,False,True,-2.2567647058823437,-1.4117647058823437,False
POWER,2023-09-26,RANGING,False,False,,,False
POWER,2024-05-10,TRENDING_UP,False,False,,,False
POWER,2024-08-21,RANGING,False,False,,,False
POWER,2024-10-29,TRENDING_UP,False,False,,,False
POWER,2024-12-04,TRENDING_UP,False,False,,,False
POWER,2025-02-13,RANGING,False,False,,,False
POWER,2025-04-21,TRENDING_UP,False,False,,,False
POWER,2025-08-29,TRENDING_UP,False,False,,,False
POWER,2025-10-20,TRENDING_UP,False,False,,,False
POWER,2026-01-20,TRENDING_UP,False,True,-3.116580010095907,-2.2715800100959074,False
POWER,2026-04-08,VOLATILE,False,False,,,False
POWER,2026-06-01,TRENDING_UP,False,True,-1.6270136852394923,-0.7820136852394923,False
POWERPS,2024-03-11,TRENDING_UP,False,False,,,False
POWERPS,2024-05-20,TRENDING_UP,False,True,-1.3058294930875478,-0.4608294930875478,False
POWERPS,2024-10-25,TRENDING_UP,False,True,-0.845,0.0,False
POWERPS,2025-02-19,RANGING,False,True,3.885360675039243,5.4160125588696975,True
POWERPS,2025-04-03,TRENDING_UP,False,False,,,False
POWERPS,2025-06-20,RANGING,False,True,-2.2806435643564313,-1.4356435643564316,False
POWERPS,2025-08-21,TRENDING_UP,False,False,,,False
POWERPS,2026-04-13,VOLATILE,False,False,,,False
POWERPS,2026-06-01,TRENDING_UP,False,False,,,False
PPL,2020-01-13,TRENDING_UP,False,False,,,False
PPL,2020-04-30,VOLATILE,False,True,2.264701400420681,3.509354588730213,True
PPL,2020-07-16,RANGING,False,False,,,False
PPL,2020-11-11,TRENDING_UP,False,True,-3.511666666666673,-2.666666666666673,False
PPL,2021-06-01,TRENDING_UP,False,False,,,False
PPL,2021-12-09,TRENDING_DOWN,False,False,,,False
PPL,2022-02-02,RANGING,False,False,,,False
PPL,2022-03-03,TRENDING_DOWN,False,True,-1.873571428571435,-1.0285714285714351,False
PPL,2022-04-18,RANGING,False,False,,,False
PPL,2022-12-26,TRENDING_DOWN,False,False,,,False
PPL,2023-07-04,RANGING,False,True,0.625365715162678,1.5807243707796212,True
PPL,2023-10-13,TRENDING_UP,False,False,,,False
PPL,2024-05-03,TRENDING_UP,False,False,,,False
PPL,2024-10-07,TRENDING_UP,False,False,,,False
PPL,2025-08-01,TRENDING_UP,False,False,,,False
PPL,2025-09-10,TRENDING_UP,False,False,,,False
PPL,2025-11-28,TRENDING_UP,False,False,,,False
PPL,2026-04-08,VOLATILE,False,True,-2.3185817328967095,-1.4735817328967096,False
PPL,2026-05-25,TRENDING_UP,False,True,-2.5318871530663127,-1.6868871530663128,False
PPP,2020-09-02,TRENDING_UP,False,False,,,False
PPP,2021-05-27,TRENDING_UP,False,False,,,False
PPP,2022-02-25,TRENDING_DOWN,False,True,-0.845,0.0,False
PPP,2022-12-22,TRENDING_DOWN,False,False,,,False
PPP,2023-07-13,TRENDING_UP,False,False,,,False
PPP,2023-12-04,TRENDING_UP,False,False,,,False
PPP,2024-02-26,VOLATILE,False,True,-3.060431627196337,-2.2154316271963372,False
PPP,2024-07-11,TRENDING_UP,False,False,,,False
PPP,2024-09-05,TRENDING_UP,False,False,,,False
PPP,2024-12-23,TRENDING_UP,False,False,,,False
PPP,2025-06-11,TRENDING_UP,False,False,,,False
PPP,2025-12-15,TRENDING_UP,False,False,,,False
PPP,2026-04-08,VOLATILE,False,False,,,False
PPP,2026-07-07,TRENDING_UP,False,True,-2.2634397163120568,-1.4184397163120568,False
PPVC,2020-01-07,TRENDING_UP,False,False,,,False
PPVC,2020-06-12,RANGING,False,False,,,False
PPVC,2020-09-10,TRENDING_UP,False,True,8.520688053097338,10.86933888599687,True
PPVC,2021-01-12,TRENDING_UP,False,True,-6.860795664594177,-6.015795664594177,False
PPVC,2021-05-05,RANGING,False,True,-0.845,0.0,False
PPVC,2021-09-16,RANGING,False,True,-4.090900154027363,-3.2459001540273626,False
PPVC,2022-01-21,RANGING,False,True,7.009258228696813,9.091186151408015,True
PPVC,2023-02-24,RANGING,False,False,,,False
PPVC,2023-10-16,TRENDING_UP,False,True,36.804272522522524,44.14414414414415,True
PPVC,2024-05-20,TRENDING_UP,False,False,,,False
PPVC,2024-07-31,RANGING,False,True,-0.845,0.0,False
PPVC,2024-09-11,TRENDING_UP,False,False,,,False
PPVC,2024-12-04,TRENDING_UP,False,True,-2.3258362369337973,-1.4808362369337973,False
PPVC,2025-06-03,TRENDING_UP,False,False,,,False
PPVC,2025-07-14,TRENDING_UP,False,False,,,False
PPVC,2025-08-18,TRENDING_UP,False,False,,,False
PPVC,2025-11-19,VOLATILE,False,False,,,False
PPVC,2026-04-09,VOLATILE,False,False,,,False
PPVC,2026-06-09,TRENDING_UP,False,False,,,False
PQGTL,2026-04-09,VOLATILE,False,False,,,False
PQGTL,2026-06-02,TRENDING_UP,False,True,15.077682678821883,18.583450210378686,True
PREMA,2020-01-17,TRENDING_UP,False,True,-3.5730858676207484,-2.7280858676207487,False
PREMA,2020-09-03,TRENDING_UP,False,False,,,False
PREMA,2020-12-10,TRENDING_UP,False,True,2.1434017622303916,3.3666491320357546,True
PREMA,2021-05-19,TRENDING_UP,False,False,,,False
PREMA,2021-07-14,RANGING,False,False,,,False
PREMA,2022-02-04,RANGING,False,True,-1.2237878787878707,-0.37878787878787074,False
PREMA,2022-08-15,RANGING,False,True,-1.0883090024330935,-0.24330900243309345,False
PREMA,2022-10-10,RANGING,False,True,-3.1463460703430357,-2.3013460703430355,False
PREMA,2023-04-27,RANGING,False,False,,,False
PREMA,2023-07-03,RANGING,False,True,-0.845,0.0,False
PREMA,2024-04-24,TRENDING_UP,False,False,,,False
PREMA,2024-08-21,RANGING,False,False,,,False
PREMA,2024-11-08,TRENDING_UP,False,False,,,False
PREMA,2025-02-12,RANGING,False,False,,,False
PREMA,2025-08-19,TRENDING_UP,False,False,,,False
PREMA,2025-09-19,TRENDING_UP,False,False,,,False
PREMA,2025-12-10,TRENDING_UP,False,True,-5.449486422668247,-4.604486422668248,False
PREMA,2026-04-14,VOLATILE,False,False,,,False
PRET,2024-01-01,TRENDING_UP,False,False,,,False
PRET,2024-10-17,TRENDING_UP,False,True,-5.606904761904762,-4.761904761904762,False
PRET,2025-03-11,TRENDING_UP,False,True,-0.30312807881773673,0.5418719211822632,False
PRET,2025-06-05,TRENDING_UP,False,True,-8.844999999999992,-7.999999999999992,False
PRET,2025-07-09,TRENDING_UP,False,False,,,False
PRET,2026-05-12,TRENDING_UP,False,True,-0.845,0.0,False
PRL,2020-04-17,VOLATILE,False,False,,,False
PRL,2020-07-17,RANGING,False,False,,,False
PRL,2020-12-11,TRENDING_UP,False,False,,,False
PRL,2021-03-26,VOLATILE,False,False,,,False
PRL,2021-05-21,TRENDING_UP,False,False,,,False
PRL,2021-11-04,RANGING,False,False,,,False
PRL,2022-01-04,RANGING,False,True,-3.711449511400648,-2.8664495114006483,False
PRL,2022-04-01,RANGING,False,True,-3.9377835051546297,-3.0927835051546295,False
PRL,2022-05-26,TRENDING_DOWN,False,False,,,False
PRL,2022-08-12,RANGING,False,False,,,False
PRL,2023-04-26,RANGING,False,True,-0.9154721634954178,-0.07047216349541781,False
PRL,2023-06-06,RANGING,False,False,,,False
PRL,2023-07-11,TRENDING_UP,False,False,,,False
PRL,2023-10-10,TRENDING_UP,False,False,,,False
PRL,2024-10-08,TRENDING_UP,False,True,0.2730036443148602,1.1661807580174826,True
PRL,2024-12-03,TRENDING_UP,False,False,,,False
PRL,2025-03-17,TRENDING_UP,False,False,,,False
PRL,2025-06-25,TRENDING_UP,False,False,,,False
PRL,2025-09-18,TRENDING_UP,False,False,,,False
PRL,2026-04-03,VOLATILE,False,True,4.7773279200975844,6.465385788350099,True
PRL,2026-06-17,TRENDING_UP,False,False,,,False
PRWM,2024-09-30,TRENDING_UP,False,True,5.143818965517241,6.896551724137931,True
PRWM,2025-05-19,TRENDING_UP,False,True,-0.5747297297297258,0.2702702702702741,False
PRWM,2025-07-07,TRENDING_UP,False,True,7.559538864498108,9.738575134703657,True
PRWM,2026-04-21,VOLATILE,False,True,1.0742028301886846,2.1087680355160994,True
PRWM,2026-07-07,TRENDING_UP,False,False,,,False
PSEL,2021-08-24,TRENDING_UP,False,True,5.6576637591375905,7.501075010750107,True
PSEL,2022-12-05,RANGING,False,False,,,False
PSEL,2023-11-24,TRENDING_UP,False,False,,,False
PSEL,2024-03-29,TRENDING_UP,False,False,,,False
PSEL,2024-11-19,TRENDING_UP,False,True,-0.9632033096926713,-0.1182033096926714,False
PSEL,2025-02-13,RANGING,False,True,-0.845,0.0,False
PSEL,2025-07-17,TRENDING_UP,False,False,,,False
PSEL,2025-10-20,TRENDING_UP,False,False,,,False
PSEL,2026-06-08,TRENDING_UP,False,True,-4.5138166549588,-3.6688166549588006,False
PSMC,2020-05-04,VOLATILE,False,False,,,False
PSMC,2020-07-13,RANGING,False,False,,,False
PSMC,2020-12-28,TRENDING_UP,False,False,,,False
PSMC,2021-02-01,TRENDING_UP,False,False,,,False
PSMC,2021-03-25,TRENDING_UP,False,False,,,False
PSMC,2021-05-31,TRENDING_UP,False,False,,,False
PSMC,2021-12-20,VOLATILE,False,False,,,False
PSMC,2022-03-29,RANGING,False,True,-2.662699349873961,-1.817699349873961,False
PSMC,2022-06-28,TRENDING_DOWN,False,True,0.973292288557214,1.9900497512437811,True
PSMC,2022-09-30,TRENDING_DOWN,False,True,-4.899054054054054,-4.054054054054054,False
PSMC,2022-12-29,TRENDING_DOWN,False,False,,,False
PSMC,2023-07-10,TRENDING_UP,False,False,,,False
PSMC,2023-09-26,RANGING,False,False,,,False
PSO,2020-04-17,VOLATILE,False,False,,,False
PSO,2020-07-01,RANGING,False,False,,,False
PSO,2020-12-18,TRENDING_UP,False,False,,,False
PSO,2021-05-31,TRENDING_UP,False,False,,,False
PSO,2021-08-23,TRENDING_UP,False,True,-3.218104812129205,-2.373104812129205,False
PSO,2022-02-02,RANGING,False,False,,,False
PSO,2022-06-17,RANGING,False,False,,,False
PSO,2022-08-05,RANGING,False,False,,,False
PSO,2023-07-03,RANGING,False,False,,,False
PSO,2023-10-16,TRENDING_UP,False,True,-3.724999999999995,-2.8799999999999955,False
PSO,2024-04-09,TRENDING_UP,False,True,0.7023628133704736,1.6713091922005572,True
PSO,2024-10-04,TRENDING_UP,False,True,5.395954545454544,7.193181818181817,True
PSO,2025-03-11,TRENDING_UP,False,False,,,False
PSO,2025-07-03,TRENDING_UP,False,False,,,False
PSO,2025-08-01,TRENDING_UP,False,False,,,False
PSO,2025-09-29,TRENDING_UP,False,False,,,False
PSO,2025-12-09,TRENDING_UP,False,False,,,False
PSO,2026-01-20,TRENDING_UP,False,False,,,False
PSO,2026-06-16,TRENDING_UP,False,False,,,False
PSX,2024-04-16,TRENDING_UP,False,True,-1.7728350515463904,-0.9278350515463903,False
PSX,2024-07-03,TRENDING_UP,False,True,8.861793072505385,11.270638908829866,True
PSX,2024-10-17,TRENDING_UP,False,True,8.120372552329512,10.398379473328838,True
PSX,2025-04-14,TRENDING_UP,False,False,,,False
PSX,2025-06-11,TRENDING_UP,False,False,,,False
PSX,2025-08-08,TRENDING_UP,False,False,,,False
PSX,2026-01-07,TRENDING_UP,False,False,,,False
PSX,2026-04-15,VOLATILE,False,False,,,False
PSX,2026-06-05,TRENDING_UP,False,True,-0.09205882352941108,0.7529411764705889,False
PSYL,2024-01-01,TRENDING_UP,False,False,,,False
PSYL,2024-07-03,TRENDING_UP,False,False,,,False
PSYL,2024-12-06,TRENDING_UP,False,False,,,False
PSYL,2025-02-11,VOLATILE,False,False,,,False
PSYL,2025-05-14,VOLATILE,False,False,,,False
PSYL,2025-11-04,VOLATILE,False,True,-3.713852459016393,-2.8688524590163933,False
PSYL,2025-12-30,TRENDING_UP,False,True,7.662031690140844,9.859154929577464,True
PSYL,2026-05-13,TRENDING_UP,False,False,,,False
PTC,2020-05-14,VOLATILE,False,True,0.7120384615384674,1.6826923076923146,True
PTC,2020-07-02,RANGING,False,True,-3.900848261327723,-3.0558482613277227,False
PTC,2020-09-02,TRENDING_UP,False,False,,,False
PTC,2020-12-28,TRENDING_UP,False,False,,,False
PTC,2021-03-25,TRENDING_UP,False,False,,,False
PTC,2021-05-26,TRENDING_UP,False,False,,,False
PTC,2021-08-05,TRENDING_UP,False,True,-4.645475059382425,-3.8004750593824257,False
PTC,2021-11-03,RANGING,False,False,,,False
PTC,2022-04-11,RANGING,False,False,,,False
PTC,2022-05-26,TRENDING_DOWN,False,True,-7.585196078431371,-6.740196078431371,False
PTC,2022-08-17,RANGING,False,True,-5.275379746835449,-4.430379746835449,False
PTC,2022-11-14,RANGING,False,False,,,False
PTC,2023-05-16,RANGING,False,True,-2.484344262295087,-1.639344262295087,False
PTC,2023-10-11,TRENDING_UP,False,True,6.822072580645157,8.87096774193548,True
PTC,2023-12-04,TRENDING_UP,False,False,,,False
PTC,2024-03-04,TRENDING_UP,False,False,,,False
PTC,2024-07-18,TRENDING_UP,False,False,,,False
PTC,2024-10-09,TRENDING_UP,False,False,,,False
PTC,2024-11-19,TRENDING_UP,False,False,,,False
PTC,2025-05-29,TRENDING_UP,False,True,-5.877405642394206,-5.032405642394206,False
PTC,2025-09-19,TRENDING_UP,False,False,,,False
PTC,2025-11-25,TRENDING_UP,False,False,,,False
PTC,2026-05-22,VOLATILE,False,False,,,False
PTL,2021-06-04,TRENDING_UP,False,False,,,False
PTL,2021-07-26,RANGING,False,False,,,False
PTL,2022-06-15,TRENDING_DOWN,False,False,,,False
PTL,2023-03-17,RANGING,False,True,1.095083333333327,2.1333333333333258,True
PTL,2023-05-08,RANGING,False,True,-3.029466019417489,-2.1844660194174894,False
PTL,2023-07-05,RANGING,False,False,,,False
PTL,2023-10-10,TRENDING_UP,False,False,,,False
PTL,2024-05-06,TRENDING_UP,False,False,,,False
PTL,2024-07-18,TRENDING_UP,False,False,,,False
PTL,2024-11-11,TRENDING_UP,False,False,,,False
PTL,2025-05-12,VOLATILE,False,False,,,False
PTL,2025-07-07,TRENDING_UP,False,False,,,False
PTL,2025-10-21,TRENDING_UP,False,False,,,False
PTL,2025-12-12,TRENDING_UP,False,False,,,False
PTL,2026-06-24,TRENDING_UP,False,False,,,False
QTECH,2026-06-15,TRENDING_UP,False,True,16.506915562913903,20.26490066225165,True
QUET,2020-03-31,TRENDING_DOWN,False,True,29.281750000000002,35.294117647058826,True
QUET,2020-07-28,RANGING,False,False,,,False
QUET,2020-10-19,VOLATILE,False,True,-8.739736842105263,-7.894736842105263,False
QUET,2021-01-15,TRENDING_UP,False,True,4.074034866468845,5.637982195845701,True
QUET,2021-06-30,RANGING,False,True,5.757940476190482,7.619047619047626,True
QUET,2022-01-10,RANGING,False,False,,,False
QUET,2022-09-02,RANGING,False,False,,,False
QUET,2023-02-22,RANGING,False,False,,,False
QUET,2023-07-11,TRENDING_UP,False,True,-0.845,0.0,False
QUET,2024-07-25,RANGING,False,True,-1.7459009009008932,-0.9009009009008933,False
QUET,2024-09-04,TRENDING_UP,False,True,4.707281914893622,6.382978723404261,True
QUET,2024-11-07,TRENDING_UP,False,False,,,False
QUET,2025-05-19,TRENDING_UP,False,False,,,False
QUET,2025-08-12,TRENDING_UP,False,False,,,False
QUET,2025-11-17,VOLATILE,False,True,-8.733888888888899,-7.888888888888898,False
QUET,2026-01-30,TRENDING_UP,False,True,7.688343406593409,9.890109890109894,True
QUICE,2020-04-22,VOLATILE,False,True,-1.4547560975609761,-0.6097560975609762,False
QUICE,2020-06-08,RANGING,False,False,,,False
QUICE,2020-09-03,TRENDING_UP,False,False,,,False
QUICE,2021-04-20,RANGING,False,False,,,False
QUICE,2021-06-01,TRENDING_UP,False,True,-4.082410071942441,-3.237410071942441,False
QUICE,2021-09-03,RANGING,False,False,,,False
QUICE,2022-06-02,TRENDING_DOWN,False,True,-2.0077906976744146,-1.1627906976744147,False
QUICE,2022-08-16,RANGING,False,True,1.3549207317073284,2.4390243902439157,True
QUICE,2022-11-03,RANGING,False,True,-1.1007544757033307,-0.2557544757033307,False
QUICE,2023-01-31,VOLATILE,False,True,-0.845,0.0,False
QUICE,2023-04-28,RANGING,False,False,,,False
QUICE,2023-09-25,RANGING,False,True,-4.895632911392409,-4.050632911392409,False
QUICE,2023-11-17,TRENDING_UP,False,True,-8.844999999999997,-7.999999999999997,False
QUICE,2024-05-14,TRENDING_UP,False,False,,,False
QUICE,2024-07-02,TRENDING_UP,False,False,,,False
QUICE,2024-10-25,TRENDING_UP,False,False,,,False
QUICE,2025-04-21,TRENDING_UP,False,False,,,False
QUICE,2025-09-01,TRENDING_UP,False,False,,,False
QUICE,2025-10-28,VOLATILE,False,False,,,False
QUICE,2025-12-09,TRENDING_UP,False,False,,,False
QUICE,2026-04-10,VOLATILE,False,True,0.6481968260511025,1.6075845012365912,True
RCML,2024-01-08,VOLATILE,False,True,-0.845,0.0,False
RCML,2024-07-15,TRENDING_UP,False,False,,,False
RCML,2024-11-18,TRENDING_UP,False,True,-8.845,-8.0,False
RCML,2025-07-10,TRENDING_UP,False,False,,,False
RCML,2025-09-29,TRENDING_UP,False,False,,,False
RCML,2026-02-11,VOLATILE,False,True,-0.845,0.0,False
REDCO,2020-06-09,RANGING,False,False,,,False
REDCO,2021-02-10,TRENDING_UP,False,False,,,False
REDCO,2021-05-31,TRENDING_UP,False,False,,,False
REDCO,2021-07-06,RANGING,False,False,,,False
REDCO,2021-09-08,RANGING,False,False,,,False
REDCO,2021-11-05,TRENDING_UP,False,False,,,False
REDCO,2022-07-22,TRENDING_DOWN,False,False,,,False
REDCO,2023-10-09,TRENDING_UP,False,True,-0.845,0.0,False
REDCO,2024-05-02,TRENDING_UP,False,True,-5.337512479201324,-4.4925124792013245,False
REDCO,2024-10-07,TRENDING_UP,False,False,,,False
REDCO,2025-01-15,VOLATILE,False,False,,,False
REDCO,2025-04-15,TRENDING_UP,False,False,,,False
REDCO,2025-11-18,VOLATILE,False,False,,,False
REDCO,2026-01-14,TRENDING_UP,False,False,,,False
REDCO,2026-03-30,VOLATILE,False,False,,,False
REDCO,2026-06-09,TRENDING_UP,False,False,,,False
REWM,2020-01-14,TRENDING_UP,False,True,-0.845,0.0,False
REWM,2020-07-07,RANGING,False,True,-0.845,0.0,False
REWM,2020-09-03,TRENDING_UP,False,True,2.6749635728542915,3.992015968063872,True
REWM,2020-10-28,TRENDING_UP,False,False,,,False
REWM,2021-04-29,RANGING,False,False,,,False
REWM,2021-08-05,TRENDING_UP,False,True,-0.8583315557925678,-0.01333155579256781,False
REWM,2021-12-31,RANGING,False,True,2.2461628113879035,3.487544483985769,True
REWM,2022-04-08,RANGING,False,False,,,False
REWM,2022-07-13,VOLATILE,False,False,,,False
REWM,2023-01-20,TRENDING_DOWN,False,True,-0.845,0.0,False
REWM,2023-04-12,TRENDING_DOWN,False,True,-0.845,0.0,False
REWM,2024-03-20,TRENDING_UP,False,False,,,False
REWM,2024-10-04,TRENDING_UP,False,True,-0.845,0.0,False
REWM,2024-11-27,TRENDING_UP,False,False,,,False
REWM,2025-10-15,TRENDING_UP,False,False,,,False
REWM,2026-01-20,TRENDING_UP,False,False,,,False
RICL,2020-05-04,VOLATILE,False,True,20.30127277657266,24.7288503253796,True
RICL,2020-12-11,TRENDING_UP,False,False,,,False
RICL,2021-03-19,VOLATILE,False,True,7.091337217043935,9.187749667110513,True
RICL,2021-06-04,TRENDING_UP,False,True,-0.845,0.0,False
RICL,2022-03-28,RANGING,False,False,,,False
RICL,2022-08-25,RANGING,False,True,-0.845,0.0,False
RICL,2023-05-29,RANGING,False,True,-0.845,0.0,False
RICL,2023-11-29,TRENDING_UP,False,False,,,False
RICL,2024-03-11,TRENDING_UP,False,False,,,False
RICL,2024-07-30,RANGING,False,False,,,False
RICL,2024-12-09,TRENDING_UP,False,True,-0.9248084596967261,-0.07980845969672616,False
RICL,2025-04-03,TRENDING_UP,False,False,,,False
RICL,2025-07-11,TRENDING_UP,False,False,,,False
RICL,2025-08-28,TRENDING_UP,False,False,,,False
RICL,2026-01-19,TRENDING_UP,False,False,,,False
RMPL,2020-05-18,VOLATILE,False,True,0.4621874999999973,1.3887499999999968,True
RMPL,2020-07-13,RANGING,False,False,,,False
RMPL,2020-12-10,TRENDING_UP,False,True,-0.845,0.0,False
RMPL,2021-07-05,RANGING,False,True,-1.855,-1.01,False
RMPL,2021-09-06,RANGING,False,False,,,False
RMPL,2022-02-09,TRENDING_UP,False,True,1.806502475247525,2.9702970297029703,True
RMPL,2022-07-25,TRENDING_DOWN,False,False,,,False
RMPL,2023-06-12,RANGING,False,True,1.2149629963898916,2.2743682310469313,True
RMPL,2023-11-13,TRENDING_UP,False,True,4.944970769540096,6.662612670047172,True
RMPL,2024-10-30,TRENDING_UP,False,True,-1.1815260160497023,-0.3365260160497023,False
RMPL,2024-12-06,TRENDING_UP,False,True,0.13164999999999782,0.9998823529411739,True
RMPL,2025-05-19,TRENDING_UP,False,False,,,False
RMPL,2025-09-26,TRENDING_UP,False,True,0.3225498807032563,1.2244704478861839,True
RMPL,2025-12-18,TRENDING_UP,False,False,,,False
RPL,2020-04-17,VOLATILE,False,False,,,False
RPL,2020-07-09,RANGING,False,True,-5.570316941990012,-4.7253169419900125,False
RPL,2020-09-09,TRENDING_UP,False,False,,,False
RPL,2020-12-15,TRENDING_UP,False,True,7.5485829177057315,9.725685785536156,True
RPL,2021-06-02,TRENDING_UP,False,False,,,False
RPL,2021-07-06,RANGING,False,False,,,False
RPL,2022-01-12,RANGING,False,False,,,False
RPL,2022-04-11,RANGING,False,False,,,False
RPL,2022-07-05,TRENDING_DOWN,False,True,-0.5872680412371074,0.25773195876289257,False
RPL,2022-11-15,RANGING,False,True,-1.8221986970684063,-0.9771986970684062,False
RPL,2023-02-09,VOLATILE,False,True,-2.2600943396226447,-1.4150943396226447,False
RPL,2023-03-20,RANGING,False,False,,,False
RPL,2023-07-10,TRENDING_UP,False,False,,,False
RPL,2023-10-05,TRENDING_UP,False,True,12.770414987405546,15.86901763224182,True
RPL,2024-04-18,TRENDING_UP,False,False,,,False
RPL,2024-08-09,RANGING,False,False,,,False
RPL,2024-11-06,TRENDING_UP,False,False,,,False
RPL,2025-05-19,TRENDING_UP,False,False,,,False
RPL,2025-08-20,TRENDING_UP,False,False,,,False
RPL,2025-12-18,TRENDING_UP,False,False,,,False
RPL,2026-04-08,VOLATILE,False,False,,,False
RPL,2026-07-06,TRENDING_UP,False,False,,,False
RUBY,2024-01-11,VOLATILE,False,False,,,False
RUBY,2024-04-24,TRENDING_UP,False,True,-8.844999999999997,-7.9999999999999964,False
RUBY,2024-08-23,TRENDING_UP,False,False,,,False
RUBY,2025-04-14,TRENDING_UP,False,True,-6.845000000000002,-6.000000000000003,False
RUBY,2025-05-29,TRENDING_UP,False,False,,,False
RUBY,2025-08-06,TRENDING_UP,False,False,,,False
RUBY,2025-11-11,VOLATILE,False,False,,,False
RUBY,2026-01-15,TRENDING_UP,False,False,,,False
RUBY,2026-05-08,TRENDING_UP,False,False,,,False
RUPL,2024-07-10,TRENDING_UP,False,False,,,False
RUPL,2024-11-11,TRENDING_UP,False,False,,,False
RUPL,2025-05-16,TRENDING_UP,False,False,,,False
RUPL,2025-09-04,TRENDING_UP,False,False,,,False
RUPL,2026-07-02,TRENDING_UP,False,False,,,False
SAIF,2024-05-02,TRENDING_UP,False,False,,,False
SAIF,2024-07-26,RANGING,False,True,-0.3965695067264669,0.44843049327353307,False
SAIF,2024-10-30,TRENDING_UP,False,False,,,False
SAIF,2024-12-06,TRENDING_UP,False,True,-7.900214723926382,-7.055214723926382,False
SAIF,2025-05-21,TRENDING_UP,False,False,,,False
SAIF,2025-09-04,TRENDING_UP,False,False,,,False
SAIF,2025-11-24,RANGING,False,False,,,False
SAIF,2026-04-16,VOLATILE,False,False,,,False
SAIF,2026-06-18,TRENDING_UP,False,False,,,False
SALT,2020-01-23,TRENDING_UP,False,False,,,False
SANE,2024-06-07,RANGING,False,False,,,False
SANSM,2024-05-21,TRENDING_UP,False,False,,,False
SANSM,2024-12-04,TRENDING_UP,False,False,,,False
SANSM,2025-01-29,VOLATILE,False,False,,,False
SANSM,2025-08-15,TRENDING_UP,False,False,,,False
SANSM,2025-12-02,TRENDING_UP,False,False,,,False
SANSM,2026-01-15,TRENDING_UP,False,False,,,False
SANSM,2026-05-22,VOLATILE,False,True,-0.845,0.0,False
SAPL,2020-05-14,VOLATILE,False,False,,,False
SAPL,2020-07-06,RANGING,False,True,-1.2783694474539544,-0.43336944745395445,False
SAPL,2021-03-02,RANGING,False,False,,,False
SAPL,2021-06-01,TRENDING_UP,False,False,,,False
SAPL,2021-12-23,VOLATILE,False,False,,,False
SAPL,2022-03-02,TRENDING_DOWN,False,False,,,False
SAPL,2022-04-13,RANGING,False,True,-1.7082124352331647,-0.8632124352331648,False
SAPL,2022-06-28,TRENDING_DOWN,False,False,,,False
SAPL,2022-08-16,RANGING,False,False,,,False
SAPL,2023-07-17,TRENDING_UP,False,True,-0.845,0.0,False
SAPL,2023-10-24,TRENDING_UP,False,False,,,False
SAPT,2020-05-07,VOLATILE,False,False,,,False
SAPT,2020-11-09,VOLATILE,False,False,,,False
SAPT,2021-01-27,TRENDING_UP,False,True,5.504501842751844,7.320884520884522,True
SAPT,2021-07-05,RANGING,False,True,-1.7943670886075949,-0.949367088607595,False
SAPT,2022-09-01,RANGING,False,False,,,False
SAPT,2022-12-30,TRENDING_DOWN,False,True,-2.5429445933869523,-1.6979445933869526,False
SAPT,2023-03-08,RANGING,False,False,,,False
SAPT,2023-12-19,TRENDING_UP,False,False,,,False
SAPT,2024-06-13,TRENDING_UP,False,True,5.14045382833841,6.892592739221659,True
SAPT,2025-03-05,RANGING,False,True,-6.445,-5.6000000000000005,False
SAPT,2025-07-08,TRENDING_UP,False,False,,,False
SAPT,2025-08-27,TRENDING_UP,False,False,,,False
SAPT,2025-09-29,TRENDING_UP,False,False,,,False
SARC,2020-02-20,RANGING,False,True,2.9774021739130534,4.347826086956533,True
SARC,2020-06-17,RANGING,False,False,,,False
SARC,2020-10-29,VOLATILE,False,False,,,False
SARC,2021-04-26,TRENDING_UP,False,False,,,False
SARC,2021-07-30,RANGING,False,False,,,False
SARC,2022-05-18,TRENDING_DOWN,False,False,,,False
SARC,2023-10-05,TRENDING_UP,False,True,28.424607142857138,34.28571428571428,True
SARC,2024-01-15,VOLATILE,False,True,-2.811666666666666,-1.9666666666666661,False
SARC,2024-10-01,TRENDING_UP,False,True,-0.845,0.0,False
SARC,2024-12-19,VOLATILE,False,False,,,False
SARC,2025-05-30,TRENDING_UP,False,False,,,False
SARC,2025-07-30,TRENDING_UP,False,True,-8.845,-8.0,False
SARC,2025-10-29,VOLATILE,False,False,,,False
SARC,2026-01-08,TRENDING_UP,False,True,1.303234374999993,2.3782169117646976,True
SARC,2026-06-03,TRENDING_UP,False,True,-3.476578947368421,-2.631578947368421,False
SASML,2024-01-04,TRENDING_UP,False,False,,,False
SASML,2024-04-18,TRENDING_UP,False,False,,,False
SASML,2024-12-17,TRENDING_UP,False,False,,,False
SASML,2025-01-30,VOLATILE,False,True,-5.99083333333333,-5.14583333333333,False
SASML,2025-05-26,TRENDING_UP,False,False,,,False
SASML,2025-07-23,TRENDING_UP,False,False,,,False
SASML,2025-12-19,TRENDING_UP,False,True,-8.844999999999997,-7.999999999999997,False
SASML,2026-02-17,VOLATILE,False,False,,,False
SASML,2026-04-21,VOLATILE,False,False,,,False
SAZEW,2020-05-20,RANGING,False,False,,,False
SAZEW,2020-07-17,RANGING,False,False,,,False
SAZEW,2020-12-18,TRENDING_UP,False,False,,,False
SAZEW,2021-02-23,RANGING,False,True,-5.28944444444445,-4.44444444444445,False
SAZEW,2021-06-01,TRENDING_UP,False,False,,,False
SAZEW,2022-04-12,RANGING,False,False,,,False
SAZEW,2022-07-04,TRENDING_DOWN,False,False,,,False
SAZEW,2023-02-17,VOLATILE,False,False,,,False
SAZEW,2023-04-19,RANGING,False,False,,,False
SAZEW,2023-07-03,RANGING,False,False,,,False
SAZEW,2023-09-07,RANGING,False,False,,,False
SAZEW,2024-02-13,VOLATILE,False,False,,,False
SAZEW,2024-07-05,TRENDING_UP,True,False,,,False
SAZEW,2024-11-05,TRENDING_UP,False,False,,,False
SAZEW,2024-12-09,TRENDING_UP,False,False,,,False
SAZEW,2025-04-10,TRENDING_UP,False,False,,,False
SAZEW,2025-07-14,TRENDING_UP,False,False,,,False
SAZEW,2025-09-30,TRENDING_UP,False,False,,,False
SAZEW,2026-01-02,TRENDING_UP,False,False,,,False
SAZEW,2026-04-14,VOLATILE,False,False,,,False
SBL,2020-05-29,RANGING,False,True,-6.845000000000005,-6.000000000000005,False
SBL,2020-10-13,VOLATILE,False,False,,,False
SBL,2021-09-06,RANGING,False,True,-1.5912686567164152,-0.7462686567164152,False
SBL,2022-11-21,RANGING,False,True,0.48046794871795223,1.4102564102564144,True
SBL,2023-04-27,RANGING,False,True,-0.845,0.0,False
SBL,2023-06-21,RANGING,False,True,4.948416666666667,6.666666666666667,True
SBL,2023-12-13,TRENDING_UP,False,True,9.736750000000002,12.300000000000004,True
SBL,2024-04-01,TRENDING_UP,False,False,,,False
SBL,2024-07-04,TRENDING_UP,False,True,0.5947581300812974,1.5447154471544675,True
SBL,2024-10-01,TRENDING_UP,False,True,0.9301479763912341,1.9392917369308638,True
SBL,2025-04-08,RANGING,False,True,-8.844999999999994,-7.999999999999993,False
SBL,2025-09-24,TRENDING_UP,False,False,,,False
SBL,2025-12-05,TRENDING_UP,False,False,,,False
SBL,2026-07-02,TRENDING_UP,False,False,,,False
SCBPL,2020-01-14,TRENDING_UP,False,False,,,False
SCBPL,2020-05-21,RANGING,False,True,5.257732532751103,7.030567685589532,True
SCBPL,2021-04-26,TRENDING_UP,False,True,3.90588452027696,5.4401582591493645,True
SCBPL,2021-12-30,RANGING,False,True,3.129887535816615,4.527220630372488,True
SCBPL,2022-07-29,TRENDING_DOWN,False,True,-1.974411764705875,-1.129411764705875,False
SCBPL,2023-01-31,VOLATILE,False,True,7.88934493670886,10.126582278481013,True
SCBPL,2023-05-02,RANGING,False,True,0.07244767441860182,0.9302325581395315,True
SCBPL,2023-07-21,TRENDING_UP,False,True,-1.2974886877828118,-0.4524886877828118,False
SCBPL,2023-08-24,TRENDING_UP,False,False,,,False
SCBPL,2023-10-27,TRENDING_UP,False,True,6.054107723577244,7.967479674796757,True
SCBPL,2024-03-07,TRENDING_UP,False,False,,,False
SCBPL,2024-07-01,TRENDING_UP,False,False,,,False
SCBPL,2024-12-06,TRENDING_UP,False,False,,,False
SCBPL,2025-02-21,RANGING,False,True,7.521545918367351,9.693877551020414,True
SCBPL,2025-07-02,TRENDING_UP,False,True,-4.1490315247044665,-3.3040315247044663,False
SCBPL,2025-08-18,TRENDING_UP,False,False,,,False
SCBPL,2025-11-28,TRENDING_UP,False,True,3.6031240458015246,5.0839694656488525,True
SCBPL,2026-01-05,TRENDING_UP,False,False,,,False
SCBPL,2026-02-11,VOLATILE,False,False,,,False
SCBPL,2026-06-02,TRENDING_UP,False,False,,,False
SCL,2020-04-10,VOLATILE,False,False,,,False
SCL,2020-10-09,VOLATILE,False,False,,,False
SCL,2020-12-11,TRENDING_UP,False,True,2.965056991617492,4.333302343079402,True
SCL,2022-02-04,RANGING,False,True,0.281748092254758,1.176468343829127,True
SCL,2022-03-17,TRENDING_DOWN,False,False,,,False
SCL,2022-10-28,RANGING,False,False,,,False
SCL,2023-03-29,TRENDING_DOWN,False,False,,,False
SCL,2023-11-15,TRENDING_UP,False,False,,,False
SCL,2024-10-23,TRENDING_UP,False,False,,,False
SCL,2025-02-26,TRENDING_UP,False,False,,,False
SCL,2025-04-24,VOLATILE,False,False,,,False
SCL,2025-06-30,TRENDING_UP,False,False,,,False
SCL,2025-09-22,TRENDING_UP,False,False,,,False
SCL,2025-11-19,VOLATILE,False,False,,,False
SCL,2026-01-02,TRENDING_UP,False,False,,,False
SCL,2026-04-09,VOLATILE,False,False,,,False
SEARL,2020-03-11,VOLATILE,False,True,-3.0018048961220662,-2.156804896122066,False
SEARL,2020-04-17,VOLATILE,False,False,,,False
SEARL,2020-07-30,TRENDING_UP,False,False,,,False
SEARL,2020-09-07,TRENDING_UP,False,False,,,False
SEARL,2021-01-11,TRENDING_UP,False,False,,,False
SEARL,2021-10-20,VOLATILE,False,False,,,False
SEARL,2022-08-15,RANGING,False,False,,,False
SEARL,2023-03-16,RANGING,False,False,,,False
SEARL,2023-07-13,TRENDING_UP,False,False,,,False
SEARL,2023-10-13,TRENDING_UP,False,False,,,False
SEARL,2024-03-11,TRENDING_UP,False,False,,,False
SEARL,2024-10-16,TRENDING_UP,False,False,,,False
SEARL,2025-07-02,TRENDING_UP,False,False,,,False
SEARL,2025-08-19,TRENDING_UP,False,False,,,False
SEARL,2025-12-29,TRENDING_UP,False,False,,,False
SEARL,2026-04-08,VOLATILE,False,True,2.066314131038315,3.275957801221547,True
SEARL,2026-06-15,TRENDING_UP,False,False,,,False
SEL,2021-08-24,TRENDING_UP,False,True,-0.845,0.0,False
SEL,2022-01-21,RANGING,False,True,-0.845,0.0,False
SEL,2022-08-24,RANGING,False,True,-1.9319565217391266,-1.0869565217391266,False
SEL,2023-10-05,TRENDING_UP,False,False,,,False
SEL,2024-06-03,TRENDING_UP,False,True,-0.5752158273381192,0.26978417266188076,False
SEL,2024-10-01,TRENDING_UP,False,False,,,False
SEL,2025-07-04,TRENDING_UP,False,True,-0.845,0.0,False
SEL,2025-08-19,TRENDING_UP,False,False,,,False
SEL,2025-10-13,RANGING,False,False,,,False
SEL,2025-11-17,VOLATILE,False,False,,,False
SEL,2026-04-10,VOLATILE,False,True,2.4880872312334965,3.772161448509996,True
SEPL,2020-01-17,TRENDING_UP,False,True,-1.6386507936507937,-0.7936507936507936,False
SEPL,2020-04-17,VOLATILE,False,True,-1.6201937984496124,-0.7751937984496124,False
SEPL,2020-07-20,RANGING,False,False,,,False
SEPL,2020-09-04,TRENDING_UP,False,True,24.307255767781587,29.44177149150775,True
SEPL,2020-12-17,TRENDING_UP,False,False,,,False
SEPL,2021-05-24,TRENDING_UP,False,False,,,False
SEPL,2021-07-23,RANGING,False,False,,,False
SEPL,2022-01-10,RANGING,False,False,,,False
SEPL,2022-04-08,RANGING,False,False,,,False
SEPL,2022-08-15,RANGING,False,False,,,False
SEPL,2023-04-06,TRENDING_DOWN,False,True,-0.41303455723541493,0.43196544276458504,False
SEPL,2023-07-03,RANGING,False,True,9.80706188782349,12.382719868027637,True
SEPL,2023-11-06,TRENDING_UP,False,False,,,False
SEPL,2024-01-30,VOLATILE,False,False,,,False
SEPL,2024-04-24,TRENDING_UP,False,True,-1.5206756756756756,-0.6756756756756757,False
SEPL,2024-07-30,RANGING,False,True,-2.2735714285714286,-1.4285714285714286,False
SEPL,2024-12-09,TRENDING_UP,False,True,0.2546415662650631,1.1445783132530154,True
SEPL,2025-01-30,VOLATILE,False,False,,,False
SEPL,2025-07-11,TRENDING_UP,False,False,,,False
SEPL,2025-09-11,TRENDING_UP,False,False,,,False
SEPL,2026-01-01,TRENDING_UP,False,True,-1.7661004726699856,-0.9211004726699855,False
SERT,2024-04-25,TRENDING_UP,False,False,,,False
SERT,2024-06-25,TRENDING_UP,False,False,,,False
SERT,2024-12-06,TRENDING_UP,False,False,,,False
SERT,2025-01-14,VOLATILE,False,False,,,False
SERT,2025-05-16,TRENDING_UP,False,False,,,False
SERT,2025-08-13,TRENDING_UP,False,False,,,False
SERT,2025-09-23,TRENDING_UP,False,False,,,False
SERT,2026-01-07,TRENDING_UP,False,False,,,False
SERT,2026-04-10,VOLATILE,False,True,-3.3352490249024855,-2.4902490249024853,False
SERT,2026-06-16,TRENDING_UP,False,False,,,False
SFL,2020-02-28,VOLATILE,False,True,-0.845,0.0,False
SFL,2020-05-29,RANGING,False,True,-0.9858450704225352,-0.14084507042253522,False
SFL,2020-11-09,VOLATILE,False,False,,,False
SFL,2021-07-27,RANGING,False,False,,,False
SFL,2021-11-19,TRENDING_UP,False,False,,,False
SFL,2022-04-20,RANGING,False,True,2.631057774227902,3.940362087326944,True
SFL,2022-09-23,TRENDING_DOWN,False,False,,,False
SFL,2022-12-19,TRENDING_DOWN,False,False,,,False
SFL,2023-05-12,RANGING,False,False,,,False
SFL,2023-12-06,TRENDING_UP,False,False,,,False
SFL,2024-06-28,TRENDING_UP,False,True,-0.845,0.0,False
SFL,2024-12-09,TRENDING_UP,False,True,-1.2571884197004874,-0.41218841970048753,False
SFL,2025-09-26,TRENDING_UP,False,False,,,False
SFL,2026-06-11,RANGING,False,False,,,False
SGF,2024-04-08,TRENDING_UP,False,False,,,False
SGF,2024-11-11,TRENDING_UP,False,False,,,False
SGF,2025-08-26,TRENDING_UP,False,False,,,False
SGF,2025-11-14,VOLATILE,False,False,,,False
SGF,2026-01-23,TRENDING_UP,False,True,1.0991730983228662,2.1381448215563132,True
SGF,2026-04-14,VOLATILE,False,False,,,False
SGPL,2021-06-21,TRENDING_UP,False,False,,,False
SGPL,2021-12-02,VOLATILE,False,False,,,False
SGPL,2022-01-18,RANGING,False,False,,,False
SGPL,2022-07-13,VOLATILE,False,False,,,False
SGPL,2022-12-12,TRENDING_DOWN,False,False,,,False
SGPL,2023-02-08,VOLATILE,False,False,,,False
SGPL,2023-05-08,RANGING,False,True,-1.0034786053882747,-0.15847860538827468,False
SGPL,2023-07-27,TRENDING_UP,False,False,,,False
SGPL,2024-02-21,VOLATILE,False,False,,,False
SGPL,2024-04-22,TRENDING_UP,False,False,,,False
SGPL,2024-06-24,TRENDING_UP,False,False,,,False
SGPL,2024-12-20,TRENDING_UP,False,False,,,False
SGPL,2025-02-27,TRENDING_UP,False,False,,,False
SGPL,2025-05-15,TRENDING_UP,False,True,-5.4692774566474025,-4.624277456647403,False
SGPL,2025-06-26,TRENDING_UP,False,False,,,False
SGPL,2025-08-15,TRENDING_UP,False,False,,,False
SGPL,2025-09-24,TRENDING_UP,False,False,,,False
SGPL,2025-11-19,VOLATILE,False,False,,,False
SGPL,2026-03-31,VOLATILE,False,False,,,False
SGPL,2026-06-19,TRENDING_UP,True,False,,,False
SHCM,2024-01-02,TRENDING_UP,False,False,,,False
SHCM,2025-01-08,TRENDING_UP,False,True,-3.572272727272723,-2.727272727272723,False
SHCM,2025-06-10,TRENDING_UP,False,False,,,False
SHCM,2025-08-25,TRENDING_UP,False,False,,,False
SHCM,2025-10-29,VOLATILE,False,True,34.027364035087714,40.87719298245614,True
SHCM,2026-05-05,VOLATILE,False,False,,,False
SHDT,2024-04-25,TRENDING_UP,False,True,3.092094827586209,4.4827586206896575,True
SHDT,2024-07-08,TRENDING_UP,False,True,-1.96396348645466,-1.11896348645466,False
SHDT,2024-11-20,TRENDING_UP,False,False,,,False
SHDT,2025-02-19,RANGING,False,True,7.316760940919037,9.452954048140045,True
SHDT,2025-05-21,TRENDING_UP,False,False,,,False
SHDT,2025-08-27,TRENDING_UP,False,False,,,False
SHDT,2026-04-17,VOLATILE,False,False,,,False
SHDT,2026-06-05,TRENDING_UP,False,False,,,False
SHEL,2020-04-30,VOLATILE,False,False,,,False
SHEL,2020-06-29,RANGING,False,True,-5.050717874972937,-4.205717874972938,False
SHEL,2020-08-25,TRENDING_UP,False,False,,,False
SHEL,2020-12-28,TRENDING_UP,False,False,,,False
SHEL,2021-05-31,TRENDING_UP,False,False,,,False
SHEL,2022-02-03,RANGING,False,False,,,False
SHEL,2022-06-16,TRENDING_DOWN,False,False,,,False
SHEL,2022-10-12,RANGING,False,False,,,False
SHEL,2023-06-06,RANGING,False,False,,,False
SHEL,2023-10-09,TRENDING_UP,False,False,,,False
SHEL,2023-11-15,TRENDING_UP,False,False,,,False
SHEL,2024-03-08,TRENDING_UP,False,False,,,False
SHEL,2024-07-03,TRENDING_UP,False,False,,,False
SHEL,2024-09-20,TRENDING_UP,False,False,,,False
SHEL,2024-11-29,TRENDING_UP,False,False,,,False
SHEZ,2020-01-13,TRENDING_UP,False,False,,,False
SHEZ,2020-09-08,TRENDING_UP,False,False,,,False
SHEZ,2020-12-02,TRENDING_UP,False,False,,,False
SHEZ,2021-01-13,TRENDING_UP,False,False,,,False
SHEZ,2021-04-26,TRENDING_UP,False,False,,,False
SHEZ,2021-06-15,TRENDING_UP,False,False,,,False
SHEZ,2022-04-22,RANGING,False,False,,,False
SHEZ,2022-08-05,RANGING,False,False,,,False
SHEZ,2023-07-12,TRENDING_UP,False,False,,,False
SHEZ,2023-11-13,TRENDING_UP,False,True,-0.845,0.0,False
SHEZ,2024-10-29,TRENDING_UP,False,True,-6.8232608695652175,-5.978260869565218,False
SHEZ,2025-01-24,TRENDING_UP,False,True,-1.7909459459459498,-0.9459459459459498,False
SHEZ,2025-04-16,TRENDING_UP,False,False,,,False
SHEZ,2025-07-01,TRENDING_UP,False,False,,,False
SHEZ,2025-09-30,TRENDING_UP,False,False,,,False
SHEZ,2026-04-15,VOLATILE,False,True,-2.272163245189222,-1.4271632451892222,False
SHFA,2020-04-29,VOLATILE,False,True,-1.8557760421017406,-1.0107760421017407,False
SHFA,2020-07-02,RANGING,False,False,,,False
SHFA,2021-01-18,TRENDING_UP,False,False,,,False
SHFA,2021-05-20,TRENDING_UP,False,True,0.8373576959174118,1.830126701079308,True
SHFA,2021-11-05,TRENDING_UP,False,True,-2.810541142687394,-1.9655411426873943,False
SHFA,2022-08-05,RANGING,False,True,-0.845,0.0,False
SHFA,2023-01-03,TRENDING_DOWN,False,False,,,False
SHFA,2023-03-29,TRENDING_DOWN,False,True,-1.692457627118644,-0.847457627118644,False
SHFA,2023-07-11,TRENDING_UP,False,True,1.563191717791411,2.684049079754601,True
SHFA,2023-10-26,TRENDING_UP,False,True,-3.1295528455284574,-2.284552845528457,False
SHFA,2024-05-21,TRENDING_UP,False,False,,,False
SHFA,2024-09-05,TRENDING_UP,False,True,11.338487588652482,14.184397163120568,True
SHFA,2024-12-16,TRENDING_UP,False,False,,,False
SHFA,2025-01-24,TRENDING_UP,False,False,,,False
SHFA,2025-07-07,TRENDING_UP,False,False,,,False
SHFA,2025-08-20,TRENDING_UP,False,False,,,False
SHFA,2026-01-08,TRENDING_UP,False,False,,,False
SHFA,2026-04-17,VOLATILE,False,True,-3.5596158177828734,-2.714615817782873,False
SHFA,2026-06-17,TRENDING_UP,False,False,,,False
SHJS,2024-01-04,TRENDING_UP,False,False,,,False
SHJS,2024-04-09,TRENDING_UP,False,True,5.986584605597964,7.888040712468193,True
SHJS,2025-01-21,TRENDING_UP,False,False,,,False
SHJS,2025-07-24,TRENDING_UP,False,True,-3.4256451612903227,-2.5806451612903225,False
SHJS,2025-09-05,TRENDING_UP,False,False,,,False
SHJS,2025-12-17,TRENDING_UP,False,False,,,False
SHJS,2026-04-08,VOLATILE,False,True,-0.845,0.0,False
SHNI,2020-07-23,RANGING,False,True,5.264643100719691,7.038697765552578,True
SHNI,2020-09-10,TRENDING_UP,False,False,,,False
SHNI,2021-05-20,TRENDING_UP,False,False,,,False
SHNI,2021-12-31,RANGING,False,True,-1.1087451815783993,-0.26374518157839943,False
SHNI,2022-02-23,RANGING,False,True,-0.845,0.0,False
SHNI,2022-06-08,TRENDING_DOWN,False,True,1.5984575497410836,2.7255382938130395,True
SHNI,2022-11-23,RANGING,False,True,10.074905490292059,12.697829988578894,True
SHNI,2023-10-09,TRENDING_UP,False,False,,,False
SHNI,2024-02-14,VOLATILE,False,True,-0.845,0.0,False
SHNI,2024-08-23,TRENDING_UP,False,False,,,False
SHNI,2024-10-23,TRENDING_UP,False,True,3.6224919557669666,5.106755242078784,True
SHNI,2024-12-18,TRENDING_UP,False,True,-0.5232576413810159,0.321742358618984,False
SHNI,2025-04-03,TRENDING_UP,False,True,-7.013557697071792,-6.168557697071792,False
SHNI,2025-06-26,TRENDING_UP,False,False,,,False
SHNI,2025-10-23,TRENDING_UP,False,False,,,False
SHNI,2026-07-09,TRENDING_UP,False,False,,,False
SHSML,2024-01-01,TRENDING_UP,False,False,,,False
SHSML,2024-03-12,TRENDING_UP,False,False,,,False
SHSML,2024-12-05,TRENDING_UP,False,False,,,False
SHSML,2025-07-24,TRENDING_UP,False,False,,,False
SHSML,2025-11-19,VOLATILE,False,True,-8.844999999999999,-7.999999999999999,False
SIBL,2024-08-20,RANGING,False,False,,,False
SIBL,2024-12-24,TRENDING_UP,False,False,,,False
SIBL,2025-03-25,TRENDING_UP,False,False,,,False
SIBL,2025-07-03,TRENDING_UP,False,False,,,False
SIBL,2025-09-18,TRENDING_UP,False,True,-8.845,-8.0,False
SIEM,2020-06-29,RANGING,False,False,,,False
SIEM,2020-11-19,VOLATILE,False,False,,,False
SIEM,2021-06-03,TRENDING_UP,False,False,,,False
SIEM,2021-08-13,RANGING,False,True,-8.343654721563732,-7.498654721563732,False
SIEM,2021-11-26,RANGING,False,False,,,False
SIEM,2022-05-26,TRENDING_DOWN,False,False,,,False
SIEM,2022-07-28,TRENDING_DOWN,False,True,-3.1826623376623377,-2.3376623376623376,False
SIEM,2022-10-05,RANGING,False,True,1.642861111111111,2.7777777777777777,True
SIEM,2023-05-26,RANGING,False,False,,,False
SIEM,2023-10-09,TRENDING_UP,False,False,,,False
SIEM,2024-09-16,TRENDING_UP,False,False,,,False
SIEM,2025-04-03,TRENDING_UP,False,False,,,False
SIEM,2025-09-02,TRENDING_UP,False,False,,,False
SILK,2020-05-18,VOLATILE,False,False,,,False
SILK,2020-08-06,TRENDING_UP,False,False,,,False
SILK,2020-12-31,TRENDING_UP,False,False,,,False
SILK,2021-04-20,RANGING,False,True,-7.051896551724128,-6.206896551724128,False
SILK,2021-05-27,TRENDING_UP,False,False,,,False
SILK,2022-04-11,RANGING,False,True,-8.657500000000008,-7.812500000000007,False
SILK,2022-05-20,TRENDING_DOWN,False,False,,,False
SILK,2022-08-18,RANGING,False,False,,,False
SILK,2022-10-05,RANGING,False,False,,,False
SILK,2023-03-08,RANGING,False,False,,,False
SILK,2023-11-21,TRENDING_UP,False,False,,,False
SILK,2024-06-20,TRENDING_UP,False,False,,,False
SILK,2024-10-28,TRENDING_UP,False,False,,,False
SILK,2024-12-03,TRENDING_UP,False,False,,,False
SILK,2025-02-06,VOLATILE,False,True,-8.844999999999997,-7.9999999999999964,False
SINDM,2024-02-01,RANGING,False,False,,,False
SINDM,2024-04-23,TRENDING_UP,False,True,5.415770618556711,7.216494845360836,True
SINDM,2025-02-25,TRENDING_UP,False,True,4.013035988483686,5.566218809980807,True
SINDM,2025-06-02,TRENDING_UP,False,True,-0.845,0.0,False
SINDM,2025-08-12,TRENDING_UP,False,False,,,False
SINDM,2025-09-11,TRENDING_UP,False,False,,,False
SINDM,2025-12-03,TRENDING_UP,False,False,,,False
SINDM,2026-04-16,VOLATILE,False,False,,,False
SINDM,2026-06-04,TRENDING_UP,False,False,,,False
SINDM,2026-07-07,TRENDING_UP,False,False,,,False
SITC,2020-07-22,RANGING,False,False,,,False
SITC,2020-09-11,TRENDING_UP,False,True,-2.9516823965618944,-2.1066823965618946,False
SITC,2021-02-03,TRENDING_UP,False,False,,,False
SITC,2021-03-31,VOLATILE,False,True,-3.4091025641025636,-2.564102564102564,False
SITC,2021-09-06,RANGING,False,False,,,False
SITC,2021-12-01,RANGING,False,True,-5.27851424694708,-4.43351424694708,False
SITC,2022-01-04,RANGING,False,False,,,False
SITC,2022-02-02,RANGING,False,False,,,False
SITC,2023-02-01,VOLATILE,False,False,,,False
SITC,2023-08-15,TRENDING_UP,False,True,-0.845,0.0,False
SITC,2023-11-23,TRENDING_UP,False,False,,,False
SITC,2024-03-29,TRENDING_UP,False,True,-0.845,0.0,False
SITC,2024-12-05,TRENDING_UP,False,True,5.1883294379851534,6.948916985864886,True
SITC,2025-01-10,VOLATILE,False,True,3.2605638241359967,4.680957440159996,True
SITC,2025-02-24,RANGING,False,False,,,False
SITC,2025-04-16,TRENDING_UP,False,True,-0.845,0.0,False
SITC,2025-06-26,TRENDING_UP,False,False,,,False
SITC,2025-09-03,TRENDING_UP,False,False,,,False
SITC,2026-02-11,VOLATILE,False,False,,,False
SITC,2026-04-20,VOLATILE,False,False,,,False
SJTM,2020-01-03,TRENDING_UP,False,False,,,False
SKRS,2024-11-12,TRENDING_UP,False,False,,,False
SKRS,2025-02-12,RANGING,False,False,,,False
SKRS,2025-07-28,TRENDING_UP,False,True,-7.501465187452188,-6.656465187452188,False
SKRS,2025-09-01,TRENDING_UP,False,False,,,False
SKRS,2025-11-03,VOLATILE,False,False,,,False
SKRS,2025-12-29,TRENDING_UP,False,True,-2.8317549668874173,-1.9867549668874174,False
SKRS,2026-04-08,VOLATILE,False,False,,,False
SKRS,2026-07-02,TRENDING_UP,False,False,,,False
SLGL,2024-08-23,TRENDING_UP,False,False,,,False
SLGL,2024-11-13,TRENDING_UP,False,False,,,False
SLGL,2025-04-15,TRENDING_UP,False,False,,,False
SLGL,2025-06-17,TRENDING_UP,False,False,,,False
SLGL,2025-08-22,TRENDING_UP,False,False,,,False
SLGL,2025-12-31,TRENDING_UP,False,False,,,False
SLGL,2026-06-16,TRENDING_UP,False,False,,,False
SLL,2024-06-20,TRENDING_UP,False,False,,,False
SLYT,2024-07-03,TRENDING_UP,False,False,,,False
SLYT,2025-03-24,TRENDING_UP,False,False,,,False
SLYT,2025-05-22,TRENDING_UP,False,False,,,False
SLYT,2025-07-14,TRENDING_UP,False,False,,,False
SLYT,2026-04-21,VOLATILE,False,False,,,False
SLYT,2026-06-18,TRENDING_UP,False,True,-8.348234152652006,-7.503234152652006,False
SMBL,2020-01-10,TRENDING_UP,False,False,,,False
SMBL,2020-07-23,RANGING,False,True,-3.3607232704402534,-2.5157232704402537,False
SMBL,2020-09-04,TRENDING_UP,False,True,-1.9944252873563229,-1.1494252873563229,False
SMBL,2020-11-06,TRENDING_UP,False,False,,,False
SMBL,2021-05-21,TRENDING_UP,False,False,,,False
SMBL,2021-12-17,TRENDING_DOWN,False,True,1.671308232931721,2.811244979919672,True
SMBL,2022-03-21,TRENDING_DOWN,False,True,-4.691153846153842,-3.8461538461538423,False
SMBL,2022-12-12,TRENDING_DOWN,False,False,,,False
SMBL,2023-01-13,TRENDING_DOWN,False,True,-8.844999999999994,-7.999999999999993,False
SMBL,2023-04-26,RANGING,False,False,,,False
SMBL,2023-11-14,TRENDING_UP,False,True,-4.39829949238579,-3.55329949238579,False
SMCPL,2020-04-17,VOLATILE,False,True,-6.777203389830516,-5.932203389830517,False
SMCPL,2020-07-13,RANGING,False,False,,,False
SMCPL,2020-12-11,TRENDING_UP,False,False,,,False
SMCPL,2021-03-24,VOLATILE,False,True,-1.220939849624063,-0.37593984962406324,False
SMCPL,2021-05-20,TRENDING_UP,False,True,10.996493589743597,13.782051282051292,True
SMCPL,2021-11-19,TRENDING_UP,False,False,,,False
SMCPL,2022-07-22,TRENDING_DOWN,False,True,35.937999999999995,43.12499999999999,True
SMCPL,2022-09-23,TRENDING_DOWN,False,True,-0.9296023688663264,-0.08460236886632645,False
SMCPL,2023-01-03,TRENDING_DOWN,False,False,,,False
SMCPL,2023-04-28,RANGING,False,True,-0.845,0.0,False
SMCPL,2023-06-16,RANGING,False,True,-0.845,0.0,False
SMCPL,2023-09-01,VOLATILE,False,True,1.5018992537313407,2.61194029850746,True
SMCPL,2023-11-29,TRENDING_UP,False,True,-0.48785714285713777,0.3571428571428622,False
SMCPL,2024-04-18,TRENDING_UP,False,True,-0.845,0.0,False
SMCPL,2024-07-10,TRENDING_UP,False,False,,,False
SMCPL,2024-10-24,TRENDING_UP,False,False,,,False
SMCPL,2025-06-05,TRENDING_UP,False,False,,,False
SMCPL,2025-09-02,TRENDING_UP,False,False,,,False
SMCPL,2026-01-02,TRENDING_UP,False,False,,,False
SMCPL,2026-04-08,VOLATILE,False,True,0.8720995814869632,1.8709995076317214,True
SMCPL,2026-06-09,TRENDING_UP,False,False,,,False
SML,2024-07-03,TRENDING_UP,False,True,-0.845,0.0,False
SML,2024-12-06,TRENDING_UP,False,False,,,False
SML,2025-04-03,TRENDING_UP,False,False,,,False
SML,2025-11-27,TRENDING_UP,False,False,,,False
SML,2026-01-21,TRENDING_UP,False,False,,,False
SNAI,2024-05-24,TRENDING_UP,False,False,,,False
SNAI,2024-08-07,RANGING,False,True,-8.844999999999997,-7.999999999999997,False
SNAI,2024-11-14,TRENDING_UP,False,True,-0.9799527665317189,-0.134952766531719,False
SNAI,2025-05-22,TRENDING_UP,False,False,,,False
SNAI,2025-09-24,TRENDING_UP,False,False,,,False
SNAI,2025-12-08,TRENDING_UP,False,False,,,False
SNAI,2026-06-03,TRENDING_UP,False,False,,,False
SNBL,2020-01-13,TRENDING_UP,False,False,,,False
SNBL,2020-04-17,VOLATILE,False,True,-0.845,0.0,False
SNBL,2020-05-29,RANGING,False,True,-5.339243217868254,-4.494243217868254,False
SNBL,2020-11-12,VOLATILE,False,False,,,False
SNBL,2021-01-19,TRENDING_UP,False,True,0.24179666807332106,1.1294666683215542,True
SNBL,2021-05-21,TRENDING_UP,False,False,,,False
SNBL,2021-06-29,RANGING,False,False,,,False
SNBL,2022-02-15,TRENDING_UP,False,True,0.5197092150432923,1.456422605933285,True
SNBL,2022-08-18,RANGING,False,True,-0.845,0.0,False
SNBL,2023-07-04,RANGING,False,True,-4.620007404615097,-3.7750074046150974,False
SNBL,2023-11-06,TRENDING_UP,False,True,2.5441840316648046,3.8381576843115344,True
SNBL,2023-12-13,TRENDING_UP,False,False,,,False
SNBL,2024-01-29,RANGING,False,True,7.319218252006025,9.45584500236003,True
SNBL,2024-04-08,TRENDING_UP,False,False,,,False
SNBL,2024-07-03,TRENDING_UP,False,True,1.942055343511451,3.129770992366413,True
SNBL,2024-08-15,RANGING,False,True,1.474210317460321,2.5793650793650835,True
SNBL,2024-11-21,TRENDING_UP,False,False,,,False
SNBL,2025-02-04,VOLATILE,False,False,,,False
SNBL,2025-06-04,TRENDING_UP,False,False,,,False
SNBL,2025-10-15,TRENDING_UP,False,False,,,False
SNBL,2026-01-06,TRENDING_UP,False,False,,,False
SNBL,2026-06-15,TRENDING_UP,False,False,,,False
SNGP,2020-04-17,VOLATILE,False,False,,,False
SNGP,2020-07-09,RANGING,False,False,,,False
SNGP,2020-08-17,TRENDING_UP,False,False,,,False
SNGP,2021-01-01,TRENDING_UP,False,False,,,False
SNGP,2021-05-18,TRENDING_UP,False,True,-4.239495412844046,-3.394495412844046,False
SNGP,2021-07-19,RANGING,False,False,,,False
SNGP,2022-02-18,TRENDING_UP,False,False,,,False
SNGP,2022-04-11,RANGING,False,False,,,False
SNGP,2022-06-07,TRENDING_DOWN,False,False,,,False
SNGP,2022-11-02,RANGING,False,True,-1.5571336620104028,-0.7121336620104027,False
SNGP,2023-01-02,RANGING,False,False,,,False
SNGP,2023-02-13,VOLATILE,False,False,,,False
SNGP,2023-05-05,RANGING,False,False,,,False
SNGP,2023-07-31,TRENDING_UP,False,False,,,False
SNGP,2023-10-19,TRENDING_UP,False,False,,,False
SNGP,2024-05-03,TRENDING_UP,False,False,,,False
SNGP,2024-07-03,TRENDING_UP,False,False,,,False
SNGP,2024-10-07,TRENDING_UP,False,False,,,False
SNGP,2025-03-06,TRENDING_UP,False,False,,,False
SNGP,2025-09-08,TRENDING_UP,False,False,,,False
SNGP,2025-12-15,TRENDING_UP,False,False,,,False
SNGP,2026-04-10,VOLATILE,False,True,7.812983595800526,10.03674540682415,True
SNGP,2026-06-16,TRENDING_UP,False,False,,,False
SPEL,2020-01-30,RANGING,False,False,,,False
SPEL,2020-04-17,VOLATILE,False,False,,,False
SPEL,2020-08-27,TRENDING_UP,False,True,-0.845,0.0,False
SPEL,2020-12-02,TRENDING_UP,False,True,-4.237016351757453,-3.3920163517574533,False
SPEL,2021-04-23,RANGING,False,True,0.377559395065898,1.2891875236069388,True
SPEL,2022-08-15,RANGING,False,True,-5.301654456654449,-4.456654456654449,False
SPEL,2023-02-21,VOLATILE,False,False,,,False
SPEL,2023-07-11,TRENDING_UP,False,True,-1.540652173913044,-0.6956521739130441,False
SPEL,2023-11-13,TRENDING_UP,False,False,,,False
SPEL,2024-05-07,TRENDING_UP,False,False,,,False
SPEL,2024-07-10,TRENDING_UP,False,False,,,False
SPEL,2024-12-13,TRENDING_UP,False,False,,,False
SPEL,2025-03-24,TRENDING_UP,False,False,,,False
SPEL,2025-07-09,TRENDING_UP,False,False,,,False
SPEL,2025-08-18,TRENDING_UP,False,False,,,False
SPEL,2025-12-16,TRENDING_UP,False,False,,,False
SPEL,2026-01-19,TRENDING_UP,False,False,,,False
SPEL,2026-04-08,VOLATILE,False,False,,,False
SPEL,2026-06-12,TRENDING_UP,False,False,,,False
SPL,2020-04-17,VOLATILE,False,False,,,False
SPL,2020-09-03,TRENDING_UP,False,True,-0.845,0.0,False
SPL,2021-01-05,TRENDING_UP,False,False,,,False
SPL,2021-06-02,TRENDING_UP,False,False,,,False
SPL,2022-03-30,RANGING,False,False,,,False
SPL,2022-08-02,TRENDING_DOWN,False,False,,,False
SPL,2022-10-17,RANGING,False,False,,,False
SPL,2023-03-20,RANGING,False,True,-5.36112903225806,-4.5161290322580605,False
SPL,2023-07-03,RANGING,False,True,-1.3065384615384654,-0.4615384615384654,False
SPL,2023-10-16,TRENDING_UP,False,False,,,False
SPL,2024-04-23,TRENDING_UP,False,False,,,False
SPL,2024-07-29,RANGING,False,False,,,False
SPL,2025-05-16,TRENDING_UP,False,False,,,False
SPL,2025-07-16,TRENDING_UP,False,False,,,False
SPL,2025-09-03,TRENDING_UP,False,False,,,False
SPL,2025-11-07,VOLATILE,False,False,,,False
SPL,2026-04-09,VOLATILE,False,False,,,False
SPLC,2020-03-12,VOLATILE,False,True,27.615083333333352,33.33333333333336,True
SPLC,2020-05-18,VOLATILE,False,True,-8.844999999999999,-7.999999999999999,False
SPLC,2020-08-07,TRENDING_UP,False,True,-0.845,0.0,False
SPLC,2021-01-15,TRENDING_UP,False,False,,,False
SPLC,2021-02-25,RANGING,False,False,,,False
SPLC,2021-06-03,TRENDING_UP,False,True,7.732042397660815,9.941520467836254,True
SPWL,2020-04-20,VOLATILE,False,True,-7.878409645764653,-7.033409645764653,False
SPWL,2020-07-21,RANGING,False,False,,,False
SPWL,2020-08-28,TRENDING_UP,False,False,,,False
SPWL,2021-01-01,TRENDING_UP,False,False,,,False
SPWL,2021-03-24,VOLATILE,False,True,-0.845,0.0,False
SPWL,2021-05-26,TRENDING_UP,False,False,,,False
SPWL,2021-10-01,RANGING,False,True,0.5457458012596287,1.4870538838348573,True
SPWL,2021-12-22,TRENDING_DOWN,False,True,2.578318040536021,3.878315341807084,True
SPWL,2022-03-16,TRENDING_DOWN,False,False,,,False
SPWL,2022-06-20,TRENDING_DOWN,False,False,,,False
SPWL,2022-08-23,RANGING,False,False,,,False
SPWL,2022-10-14,RANGING,False,False,,,False
SPWL,2023-03-30,TRENDING_DOWN,False,False,,,False
SPWL,2023-07-05,RANGING,False,False,,,False
SPWL,2023-08-09,TRENDING_UP,False,False,,,False
SPWL,2023-10-09,TRENDING_UP,False,True,-1.1167391304347671,-0.27173913043476716,False
SPWL,2024-02-06,RANGING,False,True,-3.094999999999996,-2.2499999999999964,False
SPWL,2024-05-22,TRENDING_UP,False,False,,,False
SPWL,2024-12-05,TRENDING_UP,False,False,,,False
SPWL,2026-04-08,VOLATILE,False,True,-1.3304368932038904,-0.4854368932038904,False
SPWL,2026-06-19,TRENDING_UP,False,False,,,False
SRR,2026-04-20,VOLATILE,False,False,,,False
SRVI,2024-05-06,TRENDING_UP,False,False,,,False
SRVI,2024-08-22,RANGING,False,True,-0.845,0.0,False
SRVI,2024-11-29,TRENDING_UP,False,False,,,False
SRVI,2025-02-24,RANGING,False,True,-0.5105518394648829,0.33444816053511706,False
SRVI,2025-06-30,TRENDING_UP,False,True,-1.9972633744855968,-1.1522633744855968,False
SRVI,2025-08-21,TRENDING_UP,False,False,,,False
SRVI,2025-11-28,TRENDING_UP,False,True,2.077802631578947,3.289473684210526,True
SRVI,2026-01-19,TRENDING_UP,False,False,,,False
SRVI,2026-04-15,VOLATILE,False,False,,,False
SRVI,2026-05-20,VOLATILE,False,False,,,False
SSGC,2020-07-10,RANGING,False,True,3.465997538677914,4.922644163150487,True
SSGC,2020-08-17,TRENDING_UP,False,False,,,False
SSGC,2021-01-04,TRENDING_UP,False,False,,,False
SSGC,2021-05-31,TRENDING_UP,False,False,,,False
SSGC,2021-11-04,RANGING,False,True,-2.177149200710483,-1.3321492007104827,False
SSGC,2022-02-18,TRENDING_UP,False,False,,,False
SSGC,2022-04-11,RANGING,False,False,,,False
SSGC,2022-06-07,TRENDING_DOWN,False,False,,,False
SSGC,2022-07-13,VOLATILE,False,False,,,False
SSGC,2022-11-04,RANGING,False,False,,,False
SSGC,2023-01-04,TRENDING_DOWN,False,True,-4.917398190045258,-4.072398190045258,False
SSGC,2023-07-31,TRENDING_UP,False,False,,,False
SSGC,2023-10-11,TRENDING_UP,False,False,,,False
SSGC,2024-10-23,TRENDING_UP,False,False,,,False
SSGC,2025-04-03,TRENDING_UP,False,False,,,False
SSGC,2025-06-11,TRENDING_UP,False,False,,,False
SSGC,2025-09-10,TRENDING_UP,False,False,,,False
SSGC,2025-11-28,TRENDING_UP,False,False,,,False
SSGC,2026-04-10,VOLATILE,False,True,13.735191295546558,17.00404858299595,True
SSGC,2026-06-16,TRENDING_UP,False,False,,,False
SSML,2024-01-01,TRENDING_UP,False,False,,,False
SSML,2024-08-02,RANGING,False,False,,,False
SSML,2024-10-31,TRENDING_UP,False,False,,,False
SSML,2025-01-24,TRENDING_UP,False,False,,,False
SSML,2025-03-25,TRENDING_UP,False,False,,,False
SSML,2025-05-23,TRENDING_UP,False,False,,,False
SSML,2025-10-23,TRENDING_UP,False,False,,,False
SSML,2026-04-17,VOLATILE,False,True,0.22619444444444678,1.1111111111111138,True
SSOM,2024-01-01,TRENDING_UP,False,True,2.8682478902953594,4.219409282700423,True
SSOM,2024-04-19,TRENDING_UP,False,True,-0.8716631115851355,-0.02666311158513562,False
SSOM,2024-06-26,TRENDING_UP,False,False,,,False
SSOM,2024-11-18,TRENDING_UP,False,False,,,False
SSOM,2025-02-28,TRENDING_UP,False,False,,,False
SSOM,2025-06-30,TRENDING_UP,False,False,,,False
SSOM,2026-01-02,TRENDING_UP,False,False,,,False
SSOM,2026-02-13,VOLATILE,False,False,,,False
SSOM,2026-06-17,TRENDING_UP,False,False,,,False
STCL,2020-04-17,VOLATILE,False,False,,,False
STCL,2020-07-15,RANGING,False,False,,,False
STCL,2020-08-19,TRENDING_UP,False,True,-4.131384976525818,-3.2863849765258184,False
STCL,2020-10-28,TRENDING_UP,False,True,4.158334389593058,5.737158105403598,True
STCL,2021-01-08,TRENDING_UP,False,False,,,False
STCL,2021-05-19,TRENDING_UP,False,False,,,False
STCL,2021-08-03,RANGING,False,False,,,False
STCL,2021-09-06,RANGING,False,True,-2.203695652173913,-1.358695652173913,False
STCL,2022-03-31,RANGING,False,True,-4.43679019384264,-3.59179019384264,False
STCL,2023-03-10,RANGING,False,False,,,False
STCL,2023-07-10,TRENDING_UP,False,False,,,False
STCL,2023-10-17,TRENDING_UP,False,True,-5.768076923076927,-4.923076923076927,False
STCL,2024-03-22,TRENDING_UP,False,True,-2.560511079342389,-1.7155110793423891,False
STCL,2024-05-02,TRENDING_UP,False,False,,,False
STCL,2024-09-09,TRENDING_UP,False,True,-6.788331029716663,-5.9433310297166635,False
STCL,2024-12-04,TRENDING_UP,False,False,,,False
STCL,2025-02-04,VOLATILE,False,False,,,False
STCL,2025-05-22,TRENDING_UP,False,True,-1.6520432868672135,-0.8070432868672135,False
STCL,2025-07-08,TRENDING_UP,False,False,,,False
STCL,2026-04-14,VOLATILE,False,False,,,False
STJT,2025-04-25,VOLATILE,False,False,,,False
STJT,2025-09-26,TRENDING_UP,False,False,,,False
STJT,2026-04-17,VOLATILE,False,False,,,False
STL,2025-05-27,TRENDING_UP,False,True,-6.72735294117647,-5.88235294117647,False
STL,2025-09-11,TRENDING_UP,False,True,-2.6844648829431517,-1.8394648829431517,False
STL,2025-11-19,VOLATILE,False,True,-4.714330453563719,-3.869330453563719,False
STML,2020-01-02,TRENDING_UP,False,True,-0.845,0.0,False
STML,2020-12-14,TRENDING_UP,False,False,,,False
STML,2021-08-26,RANGING,False,False,,,False
STML,2022-02-02,RANGING,False,True,-0.845,0.0,False
STML,2022-05-18,TRENDING_DOWN,False,False,,,False
STML,2022-12-12,TRENDING_DOWN,False,True,-0.845,0.0,False
STML,2025-06-20,RANGING,False,False,,,False
STML,2026-01-16,TRENDING_UP,False,True,-0.845,0.0,False
STML,2026-05-07,TRENDING_UP,False,False,,,False
STPL,2020-05-14,VOLATILE,False,False,,,False
STPL,2020-08-25,TRENDING_UP,False,False,,,False
STPL,2020-11-03,VOLATILE,False,False,,,False
STPL,2021-02-02,TRENDING_UP,False,False,,,False
STPL,2021-06-01,TRENDING_UP,False,False,,,False
STPL,2022-03-30,RANGING,False,True,-1.094376558603486,-0.24937655860348598,False
STPL,2023-03-21,RANGING,False,False,,,False
STPL,2023-07-03,RANGING,False,False,,,False
STPL,2023-11-02,TRENDING_UP,False,False,,,False
STPL,2024-05-13,TRENDING_UP,False,False,,,False
STPL,2024-08-06,RANGING,False,True,-6.993867313915856,-6.148867313915856,False
STPL,2024-11-13,TRENDING_UP,False,False,,,False
STPL,2025-01-03,TRENDING_UP,False,False,,,False
STPL,2025-05-26,TRENDING_UP,False,False,,,False
STPL,2025-09-22,TRENDING_UP,False,True,-5.227022471910119,-4.382022471910119,False
STPL,2025-12-17,TRENDING_UP,False,False,,,False
STPL,2026-04-08,VOLATILE,False,True,-4.668529411764703,-3.8235294117647025,False
STPL,2026-06-12,TRENDING_UP,False,False,,,False
STYLERS,2024-04-29,TRENDING_UP,False,True,-0.845,0.0,False
STYLERS,2025-04-10,TRENDING_UP,False,False,,,False
STYLERS,2025-07-14,TRENDING_UP,False,False,,,False
STYLERS,2025-12-01,TRENDING_UP,False,False,,,False
STYLERS,2026-03-24,VOLATILE,False,False,,,False
SUHJ,2021-08-25,RANGING,False,False,,,False
SUHJ,2021-11-03,RANGING,False,False,,,False
SURC,2020-01-30,RANGING,False,False,,,False
SURC,2020-09-15,TRENDING_UP,False,False,,,False
SURC,2020-12-17,TRENDING_UP,False,False,,,False
SURC,2021-09-20,RANGING,False,False,,,False
SURC,2022-05-19,TRENDING_DOWN,False,False,,,False
SURC,2022-11-29,RANGING,False,True,-0.845,0.0,False
SURC,2023-05-31,RANGING,False,True,-0.845,0.0,False
SURC,2023-11-16,TRENDING_UP,False,False,,,False
SURC,2025-07-09,TRENDING_UP,False,False,,,False
SURC,2025-09-11,TRENDING_UP,False,False,,,False
SURC,2025-11-18,VOLATILE,False,True,-3.1578613845913486,-2.3128613845913484,False
SURC,2026-03-18,VOLATILE,False,False,,,False
SURC,2026-05-05,VOLATILE,False,False,,,False
SUTM,2024-09-18,TRENDING_UP,False,False,,,False
SUTM,2024-12-04,TRENDING_UP,False,False,,,False
SUTM,2025-04-21,TRENDING_UP,False,False,,,False
SUTM,2025-12-11,TRENDING_UP,False,False,,,False
SUTM,2026-05-11,TRENDING_UP,False,False,,,False
SYM,2024-05-21,TRENDING_UP,False,False,,,False
SYM,2024-08-21,RANGING,False,False,,,False
SYM,2024-11-29,TRENDING_UP,False,False,,,False
SYM,2025-08-21,TRENDING_UP,False,False,,,False
SYM,2025-12-11,TRENDING_UP,False,True,0.3746071428571411,1.2857142857142836,True
SYM,2026-04-08,VOLATILE,False,True,-3.0771428571428574,-2.232142857142857,False
SYM,2026-06-24,TRENDING_UP,False,True,3.118033185840706,4.5132743362831835,True
SYS,2020-01-30,RANGING,False,False,,,False
SYS,2020-04-17,VOLATILE,False,False,,,False
SYS,2020-06-02,RANGING,False,True,-1.1537119927592956,-0.3087119927592956,False
SYS,2020-08-27,TRENDING_UP,False,True,-0.3862668646776333,0.45873313532236665,False
SYS,2020-10-26,TRENDING_UP,False,True,-0.8515372498723727,-0.00653724987237265,False
SYS,2021-05-28,TRENDING_UP,False,False,,,False
SYS,2021-08-27,RANGING,False,False,,,False
SYS,2021-11-03,RANGING,False,False,,,False
SYS,2022-03-16,TRENDING_DOWN,False,False,,,False
SYS,2022-08-17,RANGING,False,False,,,False
SYS,2022-10-06,RANGING,False,False,,,False
SYS,2022-11-21,RANGING,False,False,,,False
SYS,2023-07-03,RANGING,False,False,,,False
SYS,2023-08-17,TRENDING_UP,False,False,,,False
SYS,2023-10-25,TRENDING_UP,False,False,,,False
SYS,2024-05-22,TRENDING_UP,False,False,,,False
SYS,2024-07-15,TRENDING_UP,False,False,,,False
SYS,2024-10-22,TRENDING_UP,False,False,,,False
SYS,2024-12-09,TRENDING_UP,False,False,,,False
SYS,2025-07-04,TRENDING_UP,False,False,,,False
SYS,2025-09-30,TRENDING_UP,False,False,,,False
SYS,2025-12-08,TRENDING_UP,False,False,,,False
SYS,2026-04-08,VOLATILE,False,True,-1.9561111111111036,-1.1111111111111036,False
SZTM,2025-06-20,RANGING,False,False,,,False
SZTM,2026-06-02,TRENDING_UP,False,False,,,False
TATM,2024-01-01,TRENDING_UP,False,True,-4.503536585365853,-3.6585365853658534,False
TATM,2024-05-03,TRENDING_UP,False,True,-0.9200750750750708,-0.07507507507507082,False
TATM,2024-12-12,TRENDING_UP,False,True,-0.845,0.0,False
TATM,2025-05-21,TRENDING_UP,False,False,,,False
TATM,2025-11-27,TRENDING_UP,False,False,,,False
TATM,2026-04-10,VOLATILE,False,True,25.47720454545455,30.818181818181824,True
TATM,2026-07-01,TRENDING_UP,False,True,-4.875157642220695,-4.030157642220695,False
TBL,2024-03-04,TRENDING_UP,False,False,,,False
TBL,2024-11-14,TRENDING_UP,False,False,,,False
TBL,2025-06-04,TRENDING_UP,False,False,,,False
TBL,2025-07-09,TRENDING_UP,False,True,-3.282223042836029,-2.437223042836029,False
TBL,2025-09-11,TRENDING_UP,False,False,,,False
TBL,2025-11-25,TRENDING_UP,False,True,-6.834385898407878,-5.989385898407878,False
TBL,2026-01-20,TRENDING_UP,False,False,,,False
TCORP,2024-02-28,TRENDING_UP,False,True,-2.7226499091459857,-1.8776499091459855,False
TCORP,2024-05-14,TRENDING_UP,False,True,-4.539730466384016,-3.6947304663840166,False
TCORP,2024-09-05,TRENDING_UP,False,False,,,False
TCORP,2025-01-31,VOLATILE,False,False,,,False
TCORP,2025-05-27,TRENDING_UP,False,False,,,False
TCORP,2025-07-21,TRENDING_UP,False,False,,,False
TCORP,2025-09-19,TRENDING_UP,False,False,,,False
TCORP,2025-11-20,VOLATILE,False,False,,,False
TCORP,2026-03-05,VOLATILE,False,False,,,False
TCORPCPS,2024-07-04,TRENDING_UP,False,False,,,False
TCORPCPS,2024-09-06,TRENDING_UP,False,True,1.410551431127021,2.5044722719141426,True
TCORPCPS,2024-12-31,TRENDING_UP,False,False,,,False
TCORPCPS,2025-09-11,TRENDING_UP,False,False,,,False
TCORPCPS,2025-11-26,TRENDING_UP,False,True,32.33730555555557,38.8888888888889,True
TCORPCPS,2026-02-02,TRENDING_UP,False,False,,,False
TCORPCPS,2026-04-24,TRENDING_UP,False,False,,,False
TELE,2020-08-06,TRENDING_UP,False,False,,,False
TELE,2020-09-09,TRENDING_UP,False,False,,,False
TELE,2020-12-03,TRENDING_UP,False,True,-1.39445054945055,-0.5494505494505499,False
TELE,2021-02-01,TRENDING_UP,False,False,,,False
TELE,2021-04-12,VOLATILE,True,False,,,False
TELE,2021-08-03,RANGING,False,False,,,False
TELE,2022-01-04,RANGING,False,False,,,False
TELE,2022-04-11,RANGING,False,False,,,False
TELE,2022-08-15,RANGING,False,False,,,False
TELE,2023-03-06,RANGING,False,False,,,False
TELE,2023-07-14,TRENDING_UP,False,False,,,False
TELE,2023-11-13,TRENDING_UP,False,True,12.486710835509133,15.535248041775452,True
TELE,2024-02-28,TRENDING_UP,False,False,,,False
TELE,2024-08-15,RANGING,False,True,-7.919340527577936,-7.074340527577936,False
TELE,2024-11-14,TRENDING_UP,False,False,,,False
TELE,2025-05-26,TRENDING_UP,False,False,,,False
TELE,2025-07-08,TRENDING_UP,False,False,,,False
TELE,2025-09-17,TRENDING_UP,False,False,,,False
TELE,2026-01-05,TRENDING_UP,False,False,,,False
TELE,2026-04-08,VOLATILE,False,True,-2.7820460048426168,-1.9370460048426168,False
TGL,2020-04-20,VOLATILE,False,True,0.17963732394366191,1.056338028169014,True
TGL,2020-07-13,RANGING,False,False,,,False
TGL,2020-08-24,TRENDING_UP,False,False,,,False
TGL,2021-01-11,TRENDING_UP,False,False,,,False
TGL,2021-02-12,RANGING,False,False,,,False
TGL,2021-05-20,TRENDING_UP,False,False,,,False
TGL,2021-11-01,RANGING,False,False,,,False
TGL,2022-01-03,RANGING,False,False,,,False
TGL,2022-04-15,RANGING,False,False,,,False
TGL,2022-08-03,RANGING,False,True,-1.1194739249771246,-0.2744739249771246,False
TGL,2023-02-10,VOLATILE,False,False,,,False
TGL,2023-03-17,RANGING,False,True,1.945567663817667,3.1339031339031376,True
TGL,2023-07-10,TRENDING_UP,False,False,,,False
TGL,2023-10-23,TRENDING_UP,False,False,,,False
TGL,2023-11-24,TRENDING_UP,False,False,,,False
TGL,2024-02-26,VOLATILE,False,False,,,False
TGL,2024-04-23,TRENDING_UP,False,False,,,False
TGL,2024-11-05,TRENDING_UP,False,False,,,False
TGL,2024-12-13,TRENDING_UP,False,False,,,False
TGL,2025-02-24,RANGING,False,True,10.38047611464968,13.05732484076433,True
TGL,2025-04-14,TRENDING_UP,False,False,,,False
TGL,2025-05-30,TRENDING_UP,False,False,,,False
TGL,2025-08-07,TRENDING_UP,False,False,,,False
TGL,2025-12-15,TRENDING_UP,False,False,,,False
TGL,2026-04-08,VOLATILE,False,True,15.141692670488641,18.658756082927813,True
TGL,2026-06-01,TRENDING_UP,False,True,-0.845,0.0,False
THALL,2020-01-17,TRENDING_UP,False,True,-0.8757684418348259,-0.030768441834825917,False
THALL,2020-04-30,VOLATILE,False,True,4.762702227347508,6.448179090997068,True
THALL,2020-07-16,RANGING,False,False,,,False
THALL,2020-08-27,TRENDING_UP,False,True,2.429681034482761,3.703448275862072,True
THALL,2020-10-28,TRENDING_UP,False,True,-4.992465437788018,-4.147465437788019,False
THALL,2020-12-18,TRENDING_UP,False,True,-1.8976315789473683,-1.0526315789473684,False
THALL,2022-08-17,RANGING,False,False,,,False
THALL,2023-02-14,VOLATILE,False,True,-2.795718685831628,-1.9507186858316279,False
THALL,2023-04-28,RANGING,False,True,-0.8507467961611349,-0.005746796161134938,False
THALL,2023-07-10,TRENDING_UP,False,True,5.4257024418023185,7.228179343296845,True
THALL,2023-10-16,TRENDING_UP,False,False,,,False
THALL,2024-03-19,TRENDING_UP,False,True,3.434844462540717,4.88599348534202,True
THALL,2024-05-14,TRENDING_UP,False,False,,,False
THALL,2025-06-30,TRENDING_UP,False,False,,,False
THALL,2026-01-08,TRENDING_UP,False,True,-2.936159945476917,-2.0911599454769174,False
THALL,2026-04-08,VOLATILE,False,True,-3.7861764705882353,-2.941176470588235,False
THCCL,2020-04-20,VOLATILE,False,True,-1.0550840336134408,-0.2100840336134409,False
THCCL,2020-07-13,RANGING,False,False,,,False
THCCL,2020-09-02,TRENDING_UP,False,False,,,False
THCCL,2021-05-31,TRENDING_UP,False,True,1.2533994845360952,2.3195876288659942,True
THCCL,2021-08-20,RANGING,False,False,,,False
THCCL,2021-11-03,RANGING,False,False,,,False
THCCL,2022-02-02,RANGING,False,False,,,False
THCCL,2023-05-02,RANGING,False,True,-3.366739130434775,-2.521739130434775,False
THCCL,2023-09-25,RANGING,False,False,,,False
THCCL,2023-10-27,TRENDING_UP,False,False,,,False
THCCL,2023-12-01,TRENDING_UP,False,False,,,False
THCCL,2024-04-03,TRENDING_UP,False,True,8.76251923076923,11.153846153846155,True
THCCL,2024-07-15,TRENDING_UP,False,False,,,False
THCCL,2024-09-23,TRENDING_UP,False,False,,,False
THCCL,2025-03-20,TRENDING_UP,False,False,,,False
THCCL,2025-09-09,TRENDING_UP,False,True,-1.4166619028174643,-0.5716619028174644,False
THCCL,2026-04-01,VOLATILE,False,True,-2.749761904761905,-1.9047619047619049,False
THCCL,2026-06-02,TRENDING_UP,False,False,,,False
TICL,2024-05-16,TRENDING_UP,False,True,-0.845,0.0,False
TICL,2024-11-01,TRENDING_UP,False,True,-0.845,0.0,False
TICL,2025-01-31,VOLATILE,False,False,,,False
TICL,2025-06-26,TRENDING_UP,False,False,,,False
TICL,2025-10-17,TRENDING_UP,False,True,-0.8482785810301271,-0.0032785810301271777,False
TICL,2025-11-25,TRENDING_UP,False,False,,,False
TICL,2026-04-23,TRENDING_UP,False,False,,,False
TICL,2026-07-02,TRENDING_UP,False,False,,,False
TOMCL,2020-09-03,TRENDING_UP,False,False,,,False
TOMCL,2020-12-01,TRENDING_UP,False,False,,,False
TOMCL,2021-02-04,TRENDING_UP,False,False,,,False
TOMCL,2021-05-31,TRENDING_UP,False,False,,,False
TOMCL,2021-07-19,RANGING,False,True,-1.7506603773584892,-0.9056603773584893,False
TOMCL,2022-01-04,RANGING,False,True,-0.845,0.0,False
TOMCL,2022-08-10,RANGING,False,True,4.55394991075413,6.2025881302989765,True
TOMCL,2022-10-06,RANGING,False,False,,,False
TOMCL,2023-02-15,VOLATILE,False,False,,,False
TOMCL,2023-04-12,TRENDING_DOWN,False,True,0.5633464523281592,1.5077605321507754,True
TOMCL,2023-08-01,TRENDING_UP,False,False,,,False
TOMCL,2023-11-06,TRENDING_UP,False,False,,,False
TOMCL,2024-03-08,TRENDING_UP,False,False,,,False
TOMCL,2024-06-03,TRENDING_UP,False,False,,,False
TOMCL,2024-08-02,RANGING,False,True,-4.135799194089991,-3.2907991940899906,False
TOMCL,2024-12-16,TRENDING_UP,False,False,,,False
TOMCL,2025-03-17,TRENDING_UP,False,True,-3.5109261316301055,-2.6659261316301053,False
TOMCL,2025-04-22,TRENDING_UP,False,True,-5.01727456258411,-4.172274562584111,False
TOMCL,2025-07-03,TRENDING_UP,False,False,,,False
TOMCL,2025-08-07,TRENDING_UP,False,False,,,False
TOMCL,2026-04-08,VOLATILE,False,False,,,False
TOMCL,2026-06-10,RANGING,False,False,,,False
TOWL,2020-01-30,RANGING,False,False,,,False
TOWL,2020-06-16,RANGING,False,True,-0.845,0.0,False
TOWL,2020-12-17,TRENDING_UP,False,False,,,False
TOWL,2021-05-24,TRENDING_UP,False,False,,,False
TOWL,2021-07-27,RANGING,False,False,,,False
TOWL,2021-09-07,RANGING,False,True,-0.845,0.0,False
TOWL,2022-01-04,RANGING,False,False,,,False
TOWL,2022-09-06,RANGING,False,True,10.27463953009068,12.932811211871389,True
TOWL,2022-11-04,RANGING,False,True,28.206507281553407,34.02912621359224,True
TOWL,2023-02-24,RANGING,False,False,,,False
TOWL,2023-08-22,RANGING,False,False,,,False
TOWL,2023-11-17,TRENDING_UP,False,False,,,False
TOWL,2024-11-11,TRENDING_UP,False,False,,,False
TOWL,2025-06-18,RANGING,False,False,,,False
TOWL,2025-08-25,TRENDING_UP,False,False,,,False
TOWL,2025-12-11,TRENDING_UP,False,True,0.22213106945298688,1.1063306699446904,True
TOWL,2026-02-02,TRENDING_UP,False,False,,,False
TOWL,2026-04-16,VOLATILE,False,False,,,False
TOWL,2026-06-18,TRENDING_UP,False,True,-5.117260929484734,-4.272260929484735,False
TPL,2020-01-13,TRENDING_UP,False,False,,,False
TPL,2020-04-17,VOLATILE,False,False,,,False
TPL,2020-07-16,RANGING,False,True,5.820211538461539,7.6923076923076925,True
TPL,2020-10-26,TRENDING_UP,False,False,,,False
TPL,2021-02-09,TRENDING_UP,False,False,,,False
TPL,2021-05-27,TRENDING_UP,False,False,,,False
TPL,2021-09-07,RANGING,True,False,,,False
TPL,2021-11-08,TRENDING_UP,False,False,,,False
TPL,2022-04-12,RANGING,False,False,,,False
TPL,2023-06-07,RANGING,False,False,,,False
TPL,2023-11-02,TRENDING_UP,False,False,,,False
TPL,2024-08-29,TRENDING_UP,False,False,,,False
TPL,2024-11-13,TRENDING_UP,False,False,,,False
TPL,2025-05-30,TRENDING_UP,False,False,,,False
TPL,2025-07-08,TRENDING_UP,False,True,-5.529975767366721,-4.684975767366721,False
TPL,2025-08-26,TRENDING_UP,False,False,,,False
TPL,2025-12-09,TRENDING_UP,False,False,,,False
TPL,2026-04-16,VOLATILE,False,True,4.121607651245556,5.693950177935949,True
TPL,2026-06-05,TRENDING_UP,False,False,,,False
TPLI,2020-06-16,RANGING,False,False,,,False
TPLI,2020-11-26,VOLATILE,False,False,,,False
TPLI,2021-07-14,RANGING,False,False,,,False
TPLI,2021-09-17,RANGING,False,True,-1.2680215169322961,-0.42302151693229617,False
TPLI,2022-02-22,RANGING,False,True,1.8399919866436534,3.0096964548748866,True
TPLI,2022-06-27,TRENDING_DOWN,False,True,-1.045214644528833,-0.20021464452883317,False
TPLI,2023-01-23,TRENDING_DOWN,False,True,-1.9685955056179736,-1.1235955056179736,False
TPLI,2023-03-10,RANGING,False,True,-2.4609695817490485,-1.6159695817490487,False
TPLI,2023-07-03,RANGING,False,True,-0.845,0.0,False
TPLI,2023-08-29,RANGING,False,True,0.34094003115264093,1.246105919003107,True
TPLI,2024-02-07,RANGING,False,True,1.829789969254423,2.997694081475792,True
TPLI,2024-03-28,TRENDING_UP,False,True,4.574790293040291,6.2271062271062245,True
TPLI,2024-11-20,TRENDING_UP,False,False,,,False
TPLI,2025-06-16,TRENDING_UP,False,False,,,False
TPLI,2025-08-13,TRENDING_UP,False,False,,,False
TPLI,2025-10-21,TRENDING_UP,True,False,,,False
TPLI,2026-07-01,TRENDING_UP,False,False,,,False
TPLL,2025-07-23,TRENDING_UP,False,False,,,False
TPLL,2026-06-22,TRENDING_UP,False,False,,,False
TPLP,2020-05-04,VOLATILE,False,False,,,False
TPLP,2020-06-16,RANGING,False,False,,,False
TPLP,2020-07-16,RANGING,False,True,-2.561068642745715,-1.7160686427457148,False
TPLP,2020-08-20,TRENDING_UP,False,False,,,False
TPLP,2021-02-17,TRENDING_UP,False,False,,,False
TPLP,2021-05-17,TRENDING_UP,False,True,2.8606973684210564,4.210526315789478,True
TPLP,2021-11-05,TRENDING_UP,False,False,,,False
TPLP,2022-02-03,RANGING,False,True,-7.5852672864613595,-6.74026728646136,False
TPLP,2022-06-21,RANGING,False,False,,,False
TPLP,2022-09-27,TRENDING_DOWN,False,False,,,False
TPLP,2022-11-22,RANGING,False,False,,,False
TPLP,2023-06-14,RANGING,False,False,,,False
TPLP,2023-11-02,TRENDING_UP,False,False,,,False
TPLP,2023-12-07,TRENDING_UP,False,False,,,False
TPLP,2024-09-12,TRENDING_UP,False,False,,,False
TPLP,2024-11-14,TRENDING_UP,False,False,,,False
TPLP,2025-07-08,TRENDING_UP,False,False,,,False
TPLP,2025-08-27,TRENDING_UP,False,False,,,False
TPLP,2025-12-10,TRENDING_UP,False,False,,,False
TPLP,2026-04-16,VOLATILE,False,False,,,False
TPLP,2026-06-05,TRENDING_UP,False,True,16.57772388465725,20.348204570184997,True
TPLRF1,2024-12-30,TRENDING_UP,False,True,-2.4208371634931067,-1.575837163493107,False
TPLRF1,2025-08-29,TRENDING_UP,False,True,2.860697368421051,4.210526315789472,True
TPLRF1,2026-01-19,TRENDING_UP,False,True,-2.6352813299232807,-1.790281329923281,False
TPLRF1,2026-06-09,TRENDING_UP,False,False,,,False
TPLT,2021-03-25,TRENDING_UP,False,False,,,False
TPLT,2021-06-17,TRENDING_UP,False,False,,,False
TPLT,2021-12-22,TRENDING_DOWN,False,True,-2.362067003792669,-1.5170670037926688,False
TPLT,2022-03-17,TRENDING_DOWN,False,True,-0.39251131221719077,0.4524886877828092,False
TPLT,2023-04-10,TRENDING_DOWN,False,True,-0.845,0.0,False
TPLT,2023-07-04,RANGING,False,True,-5.020588865096365,-4.1755888650963655,False
TPLT,2024-05-24,TRENDING_UP,False,False,,,False
TPLT,2024-08-21,RANGING,False,False,,,False
TPLT,2024-12-02,TRENDING_UP,False,True,0.03917574257425633,0.8910891089108898,True
TPLT,2025-06-02,TRENDING_UP,False,True,1.8411794770206074,3.0110935023771854,True
TPLT,2025-07-09,TRENDING_UP,False,False,,,False
TPLT,2025-12-10,TRENDING_UP,False,False,,,False
TPLT,2026-04-15,VOLATILE,False,True,5.412354288499028,7.212475633528268,True
TREET,2020-04-17,VOLATILE,False,False,,,False
TREET,2020-07-13,RANGING,False,True,3.646053178484111,5.134474327628365,True
TREET,2020-10-23,VOLATILE,False,False,,,False
TREET,2020-12-07,TRENDING_UP,False,False,,,False
TREET,2021-04-22,RANGING,False,True,-4.317222222222222,-3.4722222222222223,False
TREET,2021-10-07,VOLATILE,False,False,,,False
TREET,2022-04-11,RANGING,False,False,,,False
TREET,2023-03-16,RANGING,False,False,,,False
TREET,2023-06-07,RANGING,False,True,-3.6449999999999907,-2.799999999999991,False
TREET,2023-12-15,TRENDING_UP,False,False,,,False
TREET,2024-04-19,TRENDING_UP,False,False,,,False
TREET,2024-11-08,TRENDING_UP,False,False,,,False
TREET,2025-02-21,RANGING,False,True,-1.9656896551724052,-1.1206896551724053,False
TREET,2025-06-04,TRENDING_UP,False,False,,,False
TREET,2025-09-11,TRENDING_UP,False,False,,,False
TREET,2026-01-08,TRENDING_UP,False,False,,,False
TREET,2026-04-08,VOLATILE,False,True,-2.428993330554394,-1.5839933305543938,False
TREET,2026-06-16,TRENDING_UP,False,False,,,False
TRG,2020-01-02,TRENDING_UP,False,False,,,False
TRG,2020-04-17,VOLATILE,False,False,,,False
TRG,2020-07-01,RANGING,True,False,,,False
TRG,2020-11-06,TRENDING_UP,False,False,,,False
TRG,2021-03-24,VOLATILE,False,False,,,False
TRG,2021-07-08,RANGING,False,True,-3.9823221326933016,-3.1373221326933014,False
TRG,2021-09-10,RANGING,False,False,,,False
TRG,2021-12-20,VOLATILE,False,False,,,False
TRG,2022-04-12,RANGING,False,False,,,False
TRG,2022-07-13,VOLATILE,False,False,,,False
TRG,2022-09-14,RANGING,False,False,,,False
TRG,2022-11-14,RANGING,False,False,,,False
TRG,2023-02-07,VOLATILE,False,False,,,False
TRG,2023-07-07,TRENDING_UP,False,False,,,False
TRG,2023-11-23,TRENDING_UP,False,False,,,False
TRG,2024-02-27,VOLATILE,False,True,-0.845,0.0,False
TRG,2024-09-18,TRENDING_UP,False,False,,,False
TRG,2024-11-14,TRENDING_UP,False,False,,,False
TRG,2024-12-26,TRENDING_UP,False,False,,,False
TRG,2025-03-18,TRENDING_UP,False,False,,,False
TRG,2025-09-10,TRENDING_UP,False,False,,,False
TRG,2025-11-03,VOLATILE,False,False,,,False
TRG,2026-04-02,VOLATILE,False,True,5.889297169811317,7.773584905660373,True
TRG,2026-05-12,TRENDING_UP,False,False,,,False
TRIPF,2020-01-22,TRENDING_UP,False,False,,,False
TRIPF,2020-03-11,VOLATILE,False,True,-3.2840243902439026,-2.4390243902439024,False
TRIPF,2020-05-13,VOLATILE,False,False,,,False
TRIPF,2020-07-16,RANGING,False,False,,,False
TRIPF,2021-01-14,TRENDING_UP,False,False,,,False
TRIPF,2021-06-08,TRENDING_UP,False,False,,,False
TRIPF,2021-07-19,RANGING,False,False,,,False
TRIPF,2022-04-11,RANGING,False,True,-1.4308028945554847,-0.5858028945554848,False
TRIPF,2022-11-21,RANGING,False,True,-2.2055442176870748,-1.3605442176870748,False
TRIPF,2023-02-09,VOLATILE,False,True,-1.6025757575757575,-0.7575757575757576,False
TRIPF,2023-03-30,TRENDING_DOWN,False,True,-6.185909090909088,-5.340909090909088,False
TRIPF,2023-05-30,RANGING,False,False,,,False
TRIPF,2023-07-31,TRENDING_UP,False,False,,,False
TRIPF,2023-10-11,TRENDING_UP,False,True,0.6203326771653542,1.574803149606299,True
TRIPF,2024-03-25,TRENDING_UP,False,False,,,False
TRIPF,2024-11-08,TRENDING_UP,False,False,,,False
TRIPF,2025-05-30,TRENDING_UP,False,False,,,False
TRIPF,2025-10-22,TRENDING_UP,False,False,,,False
TRIPF,2025-12-05,TRENDING_UP,False,False,,,False
TRIPF,2026-02-18,VOLATILE,False,False,,,False
TRIPF,2026-06-17,TRENDING_UP,False,False,,,False
TRSM,2024-02-27,VOLATILE,False,True,19.587305555555552,23.888888888888886,True
TRSM,2024-07-03,TRENDING_UP,False,False,,,False
TRSM,2024-08-27,RANGING,False,False,,,False
TRSM,2025-06-10,TRENDING_UP,False,False,,,False
TRSM,2025-10-08,TRENDING_UP,True,False,,,False
TRSM,2026-03-18,VOLATILE,False,False,,,False
TSBL,2024-01-02,TRENDING_UP,False,True,7.605192136498518,9.792284866468846,True
TSBL,2024-08-20,RANGING,False,False,,,False
TSBL,2024-10-17,TRENDING_UP,False,False,,,False
TSBL,2025-01-29,VOLATILE,False,False,,,False
TSBL,2025-07-24,TRENDING_UP,False,False,,,False
TSBL,2025-10-24,VOLATILE,False,False,,,False
TSBL,2026-04-15,VOLATILE,False,False,,,False
TSMF,2024-01-01,TRENDING_UP,False,True,-0.845,0.0,False
TSMF,2024-03-07,TRENDING_UP,False,True,20.145386363636366,24.545454545454547,True
TSMF,2024-07-05,TRENDING_UP,False,False,,,False
TSMF,2025-04-29,VOLATILE,False,False,,,False
TSMF,2025-07-04,TRENDING_UP,False,False,,,False
TSMF,2025-08-28,TRENDING_UP,False,True,-0.845,0.0,False
TSMF,2025-10-06,TRENDING_UP,False,False,,,False
TSMF,2026-01-09,TRENDING_UP,False,False,,,False
TSMF,2026-04-08,VOLATILE,False,True,-5.874585798816556,-5.029585798816556,False
TSML,2024-07-01,TRENDING_UP,False,False,,,False
TSML,2024-11-27,TRENDING_UP,False,True,-0.7313636363636428,0.11363636363635717,False
TSML,2025-04-15,TRENDING_UP,False,True,25.669463310580202,31.04436860068259,True
TSML,2025-07-01,TRENDING_UP,False,False,,,False
TSML,2025-09-26,TRENDING_UP,False,True,2.7804244802567415,4.1160876238314605,True
TSML,2025-11-03,VOLATILE,False,True,-7.110498429492474,-6.2654984294924745,False
TSML,2026-01-12,TRENDING_UP,False,False,,,False
TSML,2026-03-09,VOLATILE,False,False,,,False
TSPL,2020-01-03,TRENDING_UP,False,False,,,False
TSPL,2020-04-14,TRENDING_DOWN,False,True,6.338353773584911,8.301886792452837,True
TSPL,2020-07-20,RANGING,False,True,-1.6558108108108174,-0.8108108108108174,False
TSPL,2020-12-04,TRENDING_UP,False,True,-1.3437531172069719,-0.49875311720697196,False
TSPL,2021-01-21,TRENDING_UP,False,True,9.740734374999997,12.304687499999996,True
TSPL,2021-06-04,TRENDING_UP,False,False,,,False
TSPL,2022-07-06,TRENDING_DOWN,False,False,,,False
TSPL,2022-10-06,RANGING,False,True,-1.519157303370792,-0.674157303370792,False
TSPL,2022-12-09,RANGING,False,True,16.895818441064637,20.722433460076044,True
TSPL,2023-01-18,TRENDING_DOWN,False,False,,,False
TSPL,2023-10-02,TRENDING_UP,False,False,,,False
TSPL,2024-03-21,TRENDING_UP,False,False,,,False
TSPL,2024-05-15,TRENDING_UP,False,True,0.07779578563995716,0.9365244536940672,True
TSPL,2024-11-14,TRENDING_UP,False,False,,,False
TSPL,2025-02-13,RANGING,False,False,,,False
TSPL,2025-06-27,TRENDING_UP,False,False,,,False
TSPL,2025-09-19,TRENDING_UP,False,True,1.8244850427350534,2.991452991453004,True
TSPL,2025-12-12,TRENDING_UP,False,False,,,False
TSPL,2026-06-02,TRENDING_UP,False,False,,,False
UBDL,2020-01-14,TRENDING_UP,False,False,,,False
UBDL,2020-04-14,TRENDING_DOWN,False,False,,,False
UBDL,2020-06-02,RANGING,False,False,,,False
UBDL,2020-09-07,TRENDING_UP,False,False,,,False
UBDL,2020-12-09,TRENDING_UP,False,False,,,False
UBDL,2021-05-26,TRENDING_UP,False,False,,,False
UBDL,2021-06-30,RANGING,False,False,,,False
UBDL,2021-12-30,RANGING,False,False,,,False
UBDL,2022-06-30,TRENDING_DOWN,False,True,-0.845,0.0,False
UBDL,2023-10-20,TRENDING_UP,False,False,,,False
UBDL,2024-05-17,TRENDING_UP,False,False,,,False
UBDL,2024-07-03,TRENDING_UP,False,False,,,False
UBDL,2024-11-12,TRENDING_UP,False,False,,,False
UBDL,2024-12-12,TRENDING_UP,False,False,,,False
UBDL,2025-05-15,TRENDING_UP,False,False,,,False
UBDL,2025-09-24,TRENDING_UP,False,False,,,False
UBDL,2026-04-17,VOLATILE,False,False,,,False
UBL,2020-06-09,RANGING,False,False,,,False
UBL,2020-08-04,TRENDING_UP,False,False,,,False
UBL,2021-01-07,TRENDING_UP,False,False,,,False
UBL,2021-10-21,VOLATILE,False,True,0.10941543055844655,0.9737240359511136,True
UBL,2022-02-23,RANGING,False,True,-0.126354408487802,0.718645591512198,False
UBL,2022-08-05,RANGING,False,False,,,False
UBL,2023-02-22,RANGING,False,False,,,False
UBL,2023-04-20,RANGING,False,False,,,False
UBL,2023-07-03,RANGING,False,False,,,False
UBL,2023-10-09,TRENDING_UP,False,False,,,False
UBL,2024-04-09,TRENDING_UP,False,True,1.4286240511390684,2.525734177810669,True
UBL,2024-09-23,TRENDING_UP,False,True,0.18195814302220883,1.0590684035555398,True
UBL,2024-10-24,TRENDING_UP,False,False,,,False
UBL,2025-01-01,TRENDING_UP,False,True,-1.9419284251238238,-1.0969284251238238,False
UBL,2025-03-27,TRENDING_UP,False,False,,,False
UBL,2025-06-24,TRENDING_UP,False,False,,,False
UBL,2025-10-03,TRENDING_UP,False,True,-2.572808307341952,-1.727808307341952,False
UBL,2025-12-16,TRENDING_UP,False,False,,,False
UBL,2026-04-17,VOLATILE,False,True,3.0029045596200916,4.377828893670696,True
UBL,2026-06-15,TRENDING_UP,False,False,,,False
UBLPETF,2024-03-04,TRENDING_UP,False,False,,,False
UBLPETF,2024-09-19,TRENDING_UP,False,False,,,False
UBLPETF,2024-12-03,TRENDING_UP,False,False,,,False
UBLPETF,2025-04-03,TRENDING_UP,False,False,,,False
UBLPETF,2025-07-04,TRENDING_UP,False,True,-1.7260572687224722,-0.8810572687224723,False
UBLPETF,2025-09-29,TRENDING_UP,False,False,,,False
UBLPETF,2025-12-09,TRENDING_UP,False,True,-1.3065384615384608,-0.4615384615384608,False
UBLPETF,2026-04-08,VOLATILE,False,False,,,False
UCAPM,2024-01-01,TRENDING_UP,False,True,-3.559932126696835,-2.714932126696835,False
UCAPM,2024-04-23,TRENDING_UP,False,True,5.625033582089569,7.462686567164198,True
UCAPM,2024-06-27,TRENDING_UP,False,False,,,False
UCAPM,2024-09-02,TRENDING_UP,False,False,,,False
UCAPM,2024-11-29,TRENDING_UP,False,False,,,False
UCAPM,2025-05-27,TRENDING_UP,False,True,-8.845000000000002,-8.000000000000002,False
UCAPM,2025-07-21,TRENDING_UP,False,False,,,False
UCAPM,2025-09-17,TRENDING_UP,False,False,,,False
UCAPM,2025-10-22,TRENDING_UP,False,False,,,False
UCAPM,2025-12-29,TRENDING_UP,False,True,-6.47159846547315,-5.62659846547315,False
UDLI,2024-09-06,TRENDING_UP,False,True,-5.324283314669657,-4.479283314669657,False
UDLI,2025-02-21,RANGING,False,False,,,False
UDLI,2025-04-17,TRENDING_UP,False,False,,,False
UDLI,2025-05-30,TRENDING_UP,False,False,,,False
UDLI,2025-09-25,TRENDING_UP,False,False,,,False
UDLI,2025-12-22,TRENDING_UP,False,False,,,False
UDLI,2026-04-24,TRENDING_UP,False,False,,,False
UDPL,2020-06-02,RANGING,False,False,,,False
UDPL,2020-07-22,RANGING,False,True,-1.0945098328513638,-0.24950983285136388,False
UDPL,2020-12-10,TRENDING_UP,False,False,,,False
UDPL,2021-01-28,TRENDING_UP,False,True,-2.3487742638307227,-1.5037742638307228,False
UDPL,2021-06-10,TRENDING_UP,False,True,1.661685629088916,2.7999242695163717,True
UDPL,2022-12-06,RANGING,False,False,,,False
UDPL,2023-10-13,TRENDING_UP,False,False,,,False
UDPL,2024-05-20,TRENDING_UP,False,True,-0.845,0.0,False
UDPL,2024-11-14,TRENDING_UP,False,False,,,False
UDPL,2025-03-25,TRENDING_UP,False,False,,,False
UDPL,2025-07-23,TRENDING_UP,False,False,,,False
UDPL,2025-09-19,TRENDING_UP,False,False,,,False
UDPL,2026-07-02,TRENDING_UP,False,False,,,False
UNIC,2020-07-22,RANGING,False,True,2.637013157894745,3.947368421052641,True
UNIC,2020-12-03,TRENDING_UP,False,True,2.572072580645169,3.870967741935493,True
UNIC,2021-05-06,RANGING,False,True,0.6472118473895595,1.6064257028112465,True
UNIC,2021-08-27,RANGING,False,False,,,False
UNIC,2021-12-08,TRENDING_DOWN,False,True,-2.118885350318467,-1.2738853503184668,False
UNIC,2022-06-29,TRENDING_DOWN,False,True,3.1453863636363693,4.545454545454552,True
UNIC,2022-10-28,RANGING,False,False,,,False
UNIC,2023-01-10,RANGING,False,True,-0.845,0.0,False
UNIC,2023-02-13,VOLATILE,False,True,5.82021153846153,7.692307692307682,True
UNIC,2023-10-06,TRENDING_UP,False,True,-1.3376108374384306,-0.4926108374384306,False
UNIC,2024-03-08,TRENDING_UP,False,False,,,False
UNIC,2024-08-22,RANGING,False,True,-2.6487518037518036,-1.8037518037518039,False
UNIC,2024-10-21,TRENDING_UP,False,True,-1.7432035928143628,-0.8982035928143627,False
UNIC,2025-01-16,TRENDING_UP,False,True,0.022721357409716748,0.8717310087173138,True
UNITY,2020-01-01,TRENDING_UP,False,False,,,False
UNITY,2020-04-17,VOLATILE,False,False,,,False
UNITY,2020-08-17,TRENDING_UP,False,False,,,False
UNITY,2020-10-20,VOLATILE,False,False,,,False
UNITY,2021-04-20,RANGING,False,False,,,False
UNITY,2021-12-23,VOLATILE,False,True,-3.5574773960217003,-2.7124773960217,False
UNITY,2022-04-12,RANGING,False,False,,,False
UNITY,2022-08-15,RANGING,False,False,,,False
UNITY,2023-06-06,RANGING,False,True,10.632087584396094,13.353338334583642,True
UNITY,2023-11-16,TRENDING_UP,False,False,,,False
UNITY,2024-02-28,TRENDING_UP,False,False,,,False
UNITY,2024-04-25,TRENDING_UP,False,False,,,False
UNITY,2024-06-25,TRENDING_UP,False,True,-3.906224489795914,-3.0612244897959138,False
UNITY,2024-10-29,TRENDING_UP,False,False,,,False
UNITY,2024-11-29,TRENDING_UP,False,False,,,False
UNITY,2025-08-07,TRENDING_UP,False,False,,,False
UNITY,2026-04-16,VOLATILE,False,False,,,False
UPFL,2020-01-03,TRENDING_UP,False,True,-0.845,0.0,False
UPFL,2020-04-24,VOLATILE,False,True,17.99244182389937,22.0125786163522,True
UPFL,2020-08-26,TRENDING_UP,False,False,,,False
UPFL,2021-05-03,RANGING,False,False,,,False
UPFL,2021-08-20,RANGING,False,False,,,False
UPFL,2022-01-18,RANGING,False,False,,,False
UPFL,2022-10-10,RANGING,False,False,,,False
UPFL,2023-05-03,RANGING,False,True,-0.8431904434461146,0.0018095565538853494,False
UPFL,2025-02-10,VOLATILE,False,True,1.3783191355680646,2.466551924197723,True
UPFL,2025-07-18,TRENDING_UP,False,True,-0.845041748406561,-4.174840656100962e-05,False
UVIC,2020-03-02,VOLATILE,False,False,,,False
UVIC,2020-09-01,TRENDING_UP,False,False,,,False
UVIC,2021-06-04,TRENDING_UP,False,False,,,False
UVIC,2022-02-09,TRENDING_UP,False,False,,,False
UVIC,2022-08-12,RANGING,False,True,-0.845,0.0,False
UVIC,2023-09-26,RANGING,False,True,1.5790472972972893,2.7027027027026933,True
UVIC,2023-12-04,TRENDING_UP,False,False,,,False
UVIC,2024-05-13,TRENDING_UP,False,False,,,False
UVIC,2024-08-16,RANGING,False,True,9.82510894621296,12.403951701427014,True
UVIC,2024-11-18,TRENDING_UP,False,True,-6.963143459915612,-6.118143459915612,False
UVIC,2025-02-04,VOLATILE,False,False,,,False
UVIC,2025-07-07,TRENDING_UP,False,False,,,False
UVIC,2025-08-29,TRENDING_UP,False,False,,,False
WAFI,2025-09-15,TRENDING_UP,False,False,,,False
WAFI,2025-12-08,TRENDING_UP,False,False,,,False
WAFI,2026-04-15,VOLATILE,False,False,,,False
WAHN,2020-04-28,VOLATILE,False,False,,,False
WAHN,2020-07-22,RANGING,False,False,,,False
WAHN,2020-10-21,VOLATILE,False,False,,,False
WAHN,2021-01-21,TRENDING_UP,False,False,,,False
WAHN,2021-06-07,TRENDING_UP,False,False,,,False
WAHN,2022-11-16,RANGING,False,True,-0.6583167392657054,0.1866832607342946,False
WAHN,2023-02-22,RANGING,False,True,1.303091463414637,2.3780487804878083,True
WAHN,2023-05-29,RANGING,False,True,-2.351661685966888,-1.5066616859668882,False
WAHN,2023-07-21,TRENDING_UP,False,False,,,False
WAHN,2023-10-26,TRENDING_UP,False,False,,,False
WAHN,2024-01-05,VOLATILE,False,True,-0.3525624340485311,0.49243756595146887,False
WAHN,2024-07-10,TRENDING_UP,False,False,,,False
WAHN,2024-12-20,TRENDING_UP,False,False,,,False
WAHN,2025-02-21,RANGING,False,True,-0.8866493127863366,-0.041649312786336656,False
WAHN,2025-04-21,TRENDING_UP,False,False,,,False
WAHN,2025-05-26,TRENDING_UP,False,False,,,False
WAHN,2025-07-25,TRENDING_UP,False,False,,,False
WAHN,2026-07-06,TRENDING_UP,False,False,,,False
WASL,2025-09-17,TRENDING_UP,False,False,,,False
WASL,2026-06-03,TRENDING_UP,False,False,,,False
WAVES,2020-04-17,VOLATILE,False,False,,,False
WAVES,2020-07-06,RANGING,False,False,,,False
WAVES,2020-09-01,TRENDING_UP,False,False,,,False
WAVES,2020-12-01,TRENDING_UP,False,False,,,False
WAVES,2021-04-09,VOLATILE,False,False,,,False
WAVES,2021-05-27,TRENDING_UP,False,False,,,False
WAVES,2022-01-31,RANGING,False,False,,,False
WAVES,2022-04-18,RANGING,False,False,,,False
WAVES,2022-08-04,RANGING,False,False,,,False
WAVES,2023-07-10,TRENDING_UP,False,True,-2.311666666666671,-1.466666666666671,False
WAVES,2023-09-25,RANGING,False,False,,,False
WAVES,2024-03-08,TRENDING_UP,False,False,,,False
WAVES,2024-10-30,TRENDING_UP,False,False,,,False
WAVES,2025-07-07,TRENDING_UP,False,False,,,False
WAVES,2025-08-20,TRENDING_UP,False,False,,,False
WAVES,2025-10-23,TRENDING_UP,False,True,-8.31803543913714,-7.473035439137139,False
WAVES,2026-01-23,TRENDING_UP,False,False,,,False
WAVES,2026-04-08,VOLATILE,False,True,-5.606904761904762,-4.761904761904762,False
WAVES,2026-06-09,TRENDING_UP,False,True,-5.269778761061946,-4.424778761061947,False
WAVESAPP,2024-05-06,TRENDING_UP,False,False,,,False
WAVESAPP,2024-09-06,TRENDING_UP,False,False,,,False
WAVESAPP,2024-11-13,TRENDING_UP,False,False,,,False
WAVESAPP,2025-01-30,VOLATILE,False,False,,,False
WAVESAPP,2025-09-18,TRENDING_UP,False,False,,,False
WAVESAPP,2025-11-06,VOLATILE,False,True,-4.419702108157659,-3.574702108157659,False
WAVESAPP,2026-01-20,TRENDING_UP,False,False,,,False
WAVESAPP,2026-04-08,VOLATILE,False,True,-4.470000000000001,-3.6250000000000004,False
WAVESAPP,2026-06-05,TRENDING_UP,False,True,0.8908814031180392,1.8930957683741638,True
WHALE,2020-05-14,VOLATILE,False,True,-0.845,0.0,False
WHALE,2020-07-15,RANGING,False,False,,,False
WHALE,2020-09-03,TRENDING_UP,False,True,-0.845,0.0,False
WHALE,2021-01-06,TRENDING_UP,False,False,,,False
WHALE,2021-04-27,TRENDING_UP,False,True,-0.845,0.0,False
WHALE,2021-06-10,TRENDING_UP,False,False,,,False
WHALE,2021-08-23,TRENDING_UP,False,False,,,False
WHALE,2022-02-15,TRENDING_UP,False,True,-2.8962820512820437,-2.051282051282044,False
WHALE,2022-06-22,RANGING,False,False,,,False
WHALE,2023-02-09,VOLATILE,False,True,-5.05399854862119,-4.2089985486211905,False
WHALE,2023-05-02,RANGING,False,False,,,False
WHALE,2023-07-11,TRENDING_UP,False,True,0.7361226235741422,1.711026615969579,True
WHALE,2023-10-17,TRENDING_UP,False,True,-0.5419696969696899,0.30303030303031003,False
WHALE,2023-11-20,TRENDING_UP,False,False,,,False
WTL,2020-04-17,VOLATILE,False,False,,,False
WTL,2020-07-02,RANGING,False,True,-8.844999999999992,-7.999999999999992,False
WTL,2020-08-06,TRENDING_UP,False,False,,,False
WTL,2021-01-04,TRENDING_UP,False,False,,,False
WTL,2021-02-10,TRENDING_UP,False,False,,,False
WTL,2021-04-12,VOLATILE,False,True,1.533405629139075,2.6490066225165587,True
WTL,2022-01-05,RANGING,False,True,-5.92974576271185,-5.08474576271185,False
WTL,2022-04-11,RANGING,False,False,,,False
WTL,2022-08-18,RANGING,False,False,,,False
WTL,2022-10-04,TRENDING_DOWN,False,False,,,False
WTL,2023-02-08,VOLATILE,False,False,,,False
WTL,2023-07-20,TRENDING_UP,False,False,,,False
WTL,2023-10-02,TRENDING_UP,False,False,,,False
WTL,2023-11-16,TRENDING_UP,False,False,,,False
WTL,2023-12-18,TRENDING_UP,False,False,,,False
WTL,2024-05-08,TRENDING_UP,False,False,,,False
WTL,2024-10-24,TRENDING_UP,False,False,,,False
WTL,2025-05-29,TRENDING_UP,False,False,,,False
WTL,2025-09-10,TRENDING_UP,False,False,,,False
WTL,2026-04-08,VOLATILE,False,True,1.1567499999999877,2.205882352941162,True
WYETH,2020-02-26,VOLATILE,False,False,,,False
WYETH,2020-05-05,VOLATILE,False,True,-0.845,0.0,False
WYETH,2020-07-28,RANGING,False,True,-1.685494853149494,-0.8404948531494939,False
WYETH,2020-11-11,TRENDING_UP,False,False,,,False
WYETH,2021-05-04,RANGING,False,False,,,False
WYETH,2021-11-16,TRENDING_UP,False,False,,,False
YOUW,2024-01-04,TRENDING_UP,False,False,,,False
YOUW,2024-02-23,VOLATILE,False,False,,,False
YOUW,2024-08-05,RANGING,False,False,,,False
YOUW,2024-11-20,TRENDING_UP,False,False,,,False
YOUW,2025-02-19,RANGING,False,False,,,False
YOUW,2025-06-12,TRENDING_UP,False,True,0.522625912408751,1.4598540145985306,True
YOUW,2025-08-12,TRENDING_UP,False,False,,,False
YOUW,2025-09-18,TRENDING_UP,False,False,,,False
YOUW,2026-01-07,TRENDING_UP,False,False,,,False
YOUW,2026-04-08,VOLATILE,False,True,-4.606061946902654,-3.761061946902654,False
ZAHID,2020-01-16,TRENDING_UP,False,False,,,False
ZAHID,2020-04-29,VOLATILE,False,False,,,False
ZAHID,2020-10-22,VOLATILE,False,True,3.667499385749374,5.159705159705146,True
ZAHID,2021-04-29,RANGING,False,True,-0.845,0.0,False
ZAHID,2021-07-23,RANGING,False,True,-4.232703889585942,-3.387703889585942,False
ZAHID,2022-07-04,TRENDING_DOWN,False,True,-0.845,0.0,False
ZAHID,2022-09-02,RANGING,False,True,-0.845,0.0,False
ZAHID,2022-11-11,RANGING,False,True,16.185885338345862,19.88721804511278,True
ZAHID,2023-02-22,RANGING,False,False,,,False
ZAHID,2023-09-07,RANGING,False,True,-1.22961538461539,-0.3846153846153901,False
ZAHID,2024-02-22,VOLATILE,False,False,,,False
ZAHID,2025-06-10,TRENDING_UP,False,False,,,False
ZAHID,2025-09-29,TRENDING_UP,False,False,,,False
ZAHID,2026-01-01,TRENDING_UP,False,False,,,False
ZAHID,2026-04-17,VOLATILE,False,False,,,False
ZAHID,2026-06-08,TRENDING_UP,False,False,,,False
ZAL,2025-07-03,TRENDING_UP,False,False,,,False
ZAL,2025-08-19,TRENDING_UP,False,False,,,False
ZAL,2025-09-25,TRENDING_UP,False,False,,,False
ZAL,2025-10-28,VOLATILE,False,False,,,False
ZAL,2026-01-08,TRENDING_UP,False,False,,,False
ZAL,2026-04-10,VOLATILE,False,True,32.15401534932958,38.67325335215245,True
ZIL,2020-01-14,TRENDING_UP,False,True,-2.828663943990674,-1.983663943990674,False
ZIL,2020-04-16,VOLATILE,False,False,,,False
ZIL,2020-06-12,RANGING,False,False,,,False
ZIL,2020-10-26,TRENDING_UP,False,False,,,False
ZIL,2021-02-10,TRENDING_UP,False,False,,,False
ZIL,2021-07-08,RANGING,False,False,,,False
ZIL,2022-01-03,RANGING,False,True,3.1943386318725957,4.603045449261877,True
ZIL,2022-05-27,TRENDING_DOWN,False,False,,,False
ZIL,2022-11-03,RANGING,False,True,24.702877765881517,29.907209136331197,True
ZIL,2023-12-01,TRENDING_UP,False,False,,,False
ZIL,2024-11-18,TRENDING_UP,False,True,-0.7518825910931215,0.09311740890687845,False
ZIL,2025-04-09,RANGING,False,False,,,False
ZIL,2025-06-10,TRENDING_UP,False,False,,,False
ZIL,2025-08-29,TRENDING_UP,False,True,-1.4386379928315425,-0.5936379928315425,False
ZIL,2025-10-29,VOLATILE,False,False,,,False
ZIL,2026-06-05,TRENDING_UP,False,True,-3.2310855378161047,-2.386085537816105,False
ZTL,2024-01-01,TRENDING_UP,False,True,5.798416666666666,7.666666666666666,True
ZTL,2024-07-08,TRENDING_UP,False,False,,,False
ZTL,2025-03-27,TRENDING_UP,False,False,,,False
ZTL,2025-06-19,RANGING,False,False,,,False
ZTL,2026-01-02,TRENDING_UP,False,False,,,False
ZTL,2026-04-13,VOLATILE,False,True,-3.495602409638555,-2.6506024096385548,False
ZTL,2026-06-19,TRENDING_UP,False,False,,,False
ZUMA,2025-11-24,RANGING,False,False,,,False
ZUMA,2026-04-14,VOLATILE,False,False,,,False
ZUMA,2026-06-05,TRENDING_UP,False,False,,,False
