symbol,date,regime,confirmed,taken,net,gross,win
AABS,2024-01-01,TRENDING_UP,False,False,,,False
AABS,2024-12-12,TRENDING_UP,False,False,,,False
AABS,2025-05-05,VOLATILE,False,True,-6.472819846442042,-5.627819846442042,False
AATM,2024-06-03,TRENDING_UP,False,False,,,False
AATM,2025-01-02,TRENDING_UP,False,False,,,False
AATM,2025-06-03,TRENDING_UP,False,False,,,False
AATM,2026-04-16,VOLATILE,False,True,1.4917499999999952,2.5999999999999943,True
ABL,2020-07-28,RANGING,False,True,0.5136340579710175,1.4492753623188441,True
ABL,2021-10-12,VOLATILE,False,False,,,False
ABL,2023-07-10,TRENDING_UP,False,True,0.45867307692307085,1.3846153846153775,True
ABL,2023-10-27,TRENDING_UP,False,True,-0.845,0.0,False
ABL,2024-04-17,TRENDING_UP,False,True,6.9299537593148735,8.997886775664558,True
ABL,2024-11-28,TRENDING_UP,False,False,,,False
ABL,2025-07-04,TRENDING_UP,False,True,2.839889534883721,4.186046511627907,True
ABL,2026-01-20,TRENDING_UP,False,False,,,False
ABOT,2020-04-17,VOLATILE,False,False,,,False
ABOT,2021-06-14,TRENDING_UP,False,False,,,False
ABOT,2023-07-11,TRENDING_UP,False,True,-0.845,0.0,False
ABOT,2023-11-03,TRENDING_UP,False,False,,,False
ABOT,2024-04-08,TRENDING_UP,False,False,,,False
ABOT,2024-10-25,TRENDING_UP,False,False,,,False
ABOT,2025-08-07,TRENDING_UP,False,False,,,False
ABOT,2026-01-08,TRENDING_UP,False,False,,,False
ACIETF,2024-10-29,TRENDING_UP,False,True,2.4160783582089547,3.6874451273046525,True
ACIETF,2025-05-22,TRENDING_UP,False,True,-2.1817281985996235,-1.3367281985996233,False
ACIETF,2026-06-16,TRENDING_UP,False,True,-1.5079834254143702,-0.6629834254143702,False
ACPL,2020-03-09,VOLATILE,False,False,,,False
ACPL,2021-01-27,TRENDING_UP,False,True,-0.845,0.0,False
ACPL,2022-09-01,RANGING,False,True,0.19385045662101627,1.0730593607306074,True
ACPL,2023-04-28,RANGING,False,True,14.92175,18.4,True
ACPL,2023-12-04,TRENDING_UP,False,False,,,False
ACPL,2024-04-23,TRENDING_UP,False,False,,,False
ACPL,2024-10-16,TRENDING_UP,False,False,,,False
ACPL,2025-04-15,TRENDING_UP,False,False,,,False
ADAMS,2024-01-01,TRENDING_UP,False,False,,,False
ADAMS,2024-05-24,TRENDING_UP,False,False,,,False
ADAMS,2024-11-29,TRENDING_UP,False,True,14.88182385524372,18.35302806499261,True
ADAMS,2025-05-16,TRENDING_UP,False,False,,,False
ADAMS,2025-12-30,TRENDING_UP,False,False,,,False
ADMM,2020-10-12,VOLATILE,False,False,,,False
ADMM,2021-08-04,TRENDING_UP,False,False,,,False
ADMM,2022-08-04,RANGING,False,True,3.8586730769230773,5.384615384615385,True
ADMM,2025-06-02,TRENDING_UP,False,False,,,False
ADMM,2026-01-07,TRENDING_UP,False,False,,,False
ADMM,2026-04-21,VOLATILE,False,False,,,False
ADOS,2020-07-14,RANGING,False,False,,,False
ADOS,2021-08-27,RANGING,False,False,,,False
ADOS,2021-12-21,TRENDING_DOWN,False,False,,,False
ADOS,2022-05-13,TRENDING_DOWN,False,True,-6.584072405739068,-5.739072405739068,False
AEL,2020-01-13,TRENDING_UP,False,False,,,False
AEL,2020-07-07,RANGING,False,False,,,False
AEL,2021-09-14,RANGING,False,False,,,False
AEL,2023-06-22,TRENDING_DOWN,False,False,,,False
AEL,2023-12-12,TRENDING_UP,False,False,,,False
AGHA,2021-02-23,RANGING,False,False,,,False
AGHA,2021-06-14,TRENDING_UP,False,True,-1.9034958217270068,-1.0584958217270068,False
AGHA,2023-10-18,TRENDING_UP,False,False,,,False
AGHA,2024-08-27,RANGING,False,False,,,False
AGHA,2025-07-28,TRENDING_UP,False,False,,,False
AGIC,2020-09-16,TRENDING_UP,False,True,-0.845,0.0,False
AGIC,2021-09-24,RANGING,False,True,-2.864704433497537,-2.0197044334975374,False
AGIC,2022-04-19,RANGING,False,False,,,False
AGIC,2022-10-03,TRENDING_DOWN,False,True,-0.845,0.0,False
AGIC,2023-03-16,RANGING,False,False,,,False
AGIC,2023-11-16,TRENDING_UP,False,True,-0.845,0.0,False
AGIC,2024-08-28,RANGING,False,True,11.031880412102234,13.823682837767336,True
AGIC,2024-12-09,TRENDING_UP,False,False,,,False
AGIC,2025-07-08,TRENDING_UP,False,False,,,False
AGIL,2020-07-16,RANGING,False,False,,,False
AGIL,2021-06-04,TRENDING_UP,False,False,,,False
AGIL,2023-07-11,TRENDING_UP,False,False,,,False
AGIL,2023-10-30,TRENDING_UP,False,True,-4.156258278145695,-3.3112582781456954,False
AGIL,2024-11-07,TRENDING_UP,False,False,,,False
AGIL,2025-06-03,TRENDING_UP,False,False,,,False
AGIL,2025-12-12,TRENDING_UP,False,False,,,False
AGL,2020-05-14,VOLATILE,False,False,,,False
AGL,2021-05-31,TRENDING_UP,False,False,,,False
AGL,2022-02-28,TRENDING_DOWN,False,False,,,False
AGL,2022-08-02,TRENDING_DOWN,False,True,-1.4653473945409519,-0.6203473945409518,False
AGL,2023-07-25,TRENDING_UP,False,False,,,False
AGL,2024-08-23,TRENDING_UP,False,False,,,False
AGL,2025-01-20,TRENDING_UP,False,False,,,False
AGL,2025-08-06,TRENDING_UP,False,False,,,False
AGL,2026-01-26,TRENDING_UP,False,False,,,False
AGL,2026-06-19,TRENDING_UP,False,False,,,False
AGLNCPS,2025-09-11,TRENDING_UP,False,False,,,False
AGP,2020-01-10,TRENDING_UP,False,True,-1.782998311603039,-0.9379983116030391,False
AGP,2020-06-08,RANGING,False,False,,,False
AGP,2021-01-25,TRENDING_UP,False,False,,,False
AGP,2021-07-01,RANGING,False,False,,,False
AGP,2023-07-03,RANGING,False,True,6.5170340226531565,8.512098850180184,True
AGP,2023-11-15,TRENDING_UP,False,False,,,False
AGP,2025-04-22,TRENDING_UP,False,False,,,False
AGP,2025-08-06,TRENDING_UP,False,False,,,False
AGP,2026-01-01,TRENDING_UP,False,True,3.10333069096072,4.4959772834831995,True
AGP,2026-07-02,TRENDING_UP,False,False,,,False
AGSML,2024-01-01,TRENDING_UP,False,False,,,False
AGSML,2024-09-05,TRENDING_UP,False,True,-6.497173913043485,-5.652173913043486,False
AGSML,2025-06-05,TRENDING_UP,False,False,,,False
AGSML,2025-12-16,TRENDING_UP,False,False,,,False
AGSML,2026-05-08,TRENDING_UP,False,False,,,False
AGTL,2020-05-14,VOLATILE,False,False,,,False
AGTL,2021-05-26,TRENDING_UP,False,True,-1.0994987146529587,-0.25449871465295865,False
AGTL,2022-02-22,RANGING,False,False,,,False
AGTL,2023-07-31,TRENDING_UP,False,True,9.72087888254194,12.281328097108167,True
AGTL,2024-04-26,TRENDING_UP,False,False,,,False
AGTL,2024-10-01,TRENDING_UP,False,True,6.527428406242735,8.524327536756159,True
AGTL,2025-10-20,TRENDING_UP,False,False,,,False
AHCL,2020-06-02,RANGING,False,False,,,False
AHCL,2022-04-08,RANGING,False,True,-2.8763705322705047,-2.0313705322705045,False
AHCL,2023-10-27,TRENDING_UP,False,True,0.10314286904364965,0.9663445518160584,True
AHCL,2024-05-17,TRENDING_UP,False,False,,,False
AHCL,2024-10-23,TRENDING_UP,False,False,,,False
AHCL,2025-02-18,RANGING,False,False,,,False
AHCL,2025-07-09,TRENDING_UP,False,False,,,False
AHCL,2026-06-18,TRENDING_UP,False,False,,,False
AHL,2024-04-16,TRENDING_UP,False,False,,,False
AHL,2025-05-15,TRENDING_UP,False,False,,,False
AHL,2026-07-06,TRENDING_UP,False,False,,,False
AHTM,2020-01-01,TRENDING_UP,False,False,,,False
AHTM,2025-07-16,TRENDING_UP,False,False,,,False
AHTM,2026-02-25,VOLATILE,False,False,,,False
AICL,2020-07-07,RANGING,False,False,,,False
AICL,2021-01-04,TRENDING_UP,False,False,,,False
AICL,2022-02-04,RANGING,False,True,-4.115382312298483,-3.2703823122984836,False
AICL,2022-08-12,RANGING,False,True,-1.1747362110311732,-0.32973621103117334,False
AICL,2023-02-09,VOLATILE,False,True,-1.6386507936507937,-0.7936507936507936,False
AICL,2023-07-21,TRENDING_UP,False,False,,,False
AICL,2024-10-24,TRENDING_UP,False,False,,,False
AICL,2025-07-01,TRENDING_UP,False,True,10.88661784559802,13.652785700703554,True
AICL,2026-01-07,TRENDING_UP,False,False,,,False
AIRLINK,2023-07-07,TRENDING_UP,False,False,,,False
AIRLINK,2023-10-13,TRENDING_UP,False,False,,,False
AIRLINK,2024-04-19,TRENDING_UP,False,False,,,False
AIRLINK,2024-12-03,TRENDING_UP,False,False,,,False
AIRLINK,2025-10-27,VOLATILE,False,False,,,False
AIRLINK,2026-06-16,TRENDING_UP,False,False,,,False
AKBL,2020-01-13,TRENDING_UP,False,False,,,False
AKBL,2020-07-10,RANGING,False,True,-0.5192671009771941,0.32573289902280594,False
AKBL,2020-12-15,TRENDING_UP,False,True,5.486129562043795,7.2992700729927,True
AKBL,2022-11-08,RANGING,False,False,,,False
AKBL,2023-07-31,TRENDING_UP,False,False,,,False
AKBL,2024-07-04,TRENDING_UP,False,False,,,False
AKBL,2024-10-15,TRENDING_UP,False,False,,,False
AKBL,2025-07-02,TRENDING_UP,False,False,,,False
AKBL,2026-06-16,TRENDING_UP,False,False,,,False
AKDHL,2020-07-22,RANGING,False,False,,,False
AKDHL,2022-07-05,TRENDING_DOWN,False,False,,,False
AKDHL,2022-11-04,RANGING,False,False,,,False
AKDHL,2023-09-19,RANGING,False,False,,,False
AKDHL,2024-07-05,TRENDING_UP,False,False,,,False
AKDHL,2025-05-21,TRENDING_UP,False,False,,,False
AKDHL,2026-01-27,TRENDING_UP,False,False,,,False
AKDSL,2025-01-20,TRENDING_UP,False,False,,,False
AKDSL,2025-05-23,TRENDING_UP,False,False,,,False
AKDSL,2026-01-26,TRENDING_UP,False,False,,,False
AKDSL,2026-06-04,TRENDING_UP,False,False,,,False
AKGL,2020-01-23,TRENDING_UP,False,False,,,False
AKGL,2024-07-09,TRENDING_UP,False,False,,,False
AKGL,2025-07-08,TRENDING_UP,False,False,,,False
AKZO,2020-02-28,VOLATILE,False,False,,,False
ALAC,2020-03-04,VOLATILE,False,True,-0.9626470588235269,-0.11764705882352691,False
ALAC,2023-12-29,TRENDING_UP,False,True,-3.945775193798452,-3.1007751937984525,False
ALAC,2024-12-05,TRENDING_UP,False,False,,,False
ALAC,2025-05-26,TRENDING_UP,False,True,26.03584836065574,31.475409836065577,True
ALAC,2026-01-08,TRENDING_UP,False,False,,,False
ALAC,2026-05-11,TRENDING_UP,False,False,,,False
ALIFE,2024-04-29,TRENDING_UP,False,True,-2.886510717931274,-2.041510717931274,False
ALIFE,2025-08-12,TRENDING_UP,False,False,,,False
ALIFE,2026-01-14,TRENDING_UP,False,False,,,False
ALNRS,2024-01-01,TRENDING_UP,False,False,,,False
ALNRS,2024-12-06,TRENDING_UP,False,True,-6.526818181818181,-5.681818181818182,False
ALNRS,2025-07-10,TRENDING_UP,False,False,,,False
ALNRS,2025-11-24,RANGING,False,True,-0.5555508870214731,0.2894491129785269,False
ALTN,2021-09-13,RANGING,False,False,,,False
ALTN,2023-07-10,TRENDING_UP,False,True,4.185789092561548,5.769457755954763,True
ALTN,2024-03-18,TRENDING_UP,False,False,,,False
ALTN,2024-12-11,TRENDING_UP,False,True,-1.9932011256568953,-1.1482011256568954,False
ALTN,2025-08-22,TRENDING_UP,False,False,,,False
AMBL,2025-07-01,TRENDING_UP,False,False,,,False
AMBL,2025-12-26,TRENDING_UP,False,False,,,False
AMTEX,2024-06-03,TRENDING_UP,False,False,,,False
AMTEX,2025-08-18,TRENDING_UP,False,False,,,False
AMTEX,2025-11-11,VOLATILE,False,False,,,False
ANL,2020-01-10,TRENDING_UP,False,False,,,False
ANL,2020-06-08,RANGING,False,False,,,False
ANL,2023-10-23,TRENDING_UP,False,False,,,False
ANL,2024-05-10,TRENDING_UP,False,False,,,False
ANL,2024-12-04,TRENDING_UP,False,False,,,False
ANL,2025-06-27,TRENDING_UP,False,False,,,False
ANSM,2025-08-19,TRENDING_UP,False,False,,,False
ANSM,2026-06-04,TRENDING_UP,False,False,,,False
ANTM,2020-01-17,TRENDING_UP,False,True,1.1057843347639484,2.1459227467811157,True
ANTM,2021-06-08,TRENDING_UP,False,False,,,False
ANTM,2024-08-01,RANGING,False,False,,,False
ANTM,2025-05-19,TRENDING_UP,False,False,,,False
ANTM,2026-06-12,TRENDING_UP,False,False,,,False
APL,2020-01-14,TRENDING_UP,False,True,-3.643977964865587,-2.798977964865587,False
APL,2020-06-29,RANGING,False,True,-2.226933039298284,-1.381933039298284,False
APL,2021-01-15,TRENDING_UP,False,False,,,False
APL,2022-02-01,RANGING,False,False,,,False
APL,2022-08-15,RANGING,False,False,,,False
APL,2022-11-18,RANGING,False,False,,,False
APL,2023-07-03,RANGING,False,False,,,False
APL,2023-11-06,TRENDING_UP,False,True,4.117079341317365,5.688622754491018,True
APL,2024-07-25,RANGING,False,False,,,False
APL,2024-11-29,TRENDING_UP,False,False,,,False
APL,2025-05-30,TRENDING_UP,False,False,,,False
APL,2026-01-07,TRENDING_UP,False,True,-1.7899647122692808,-0.9449647122692809,False
ARCTM,2024-07-11,TRENDING_UP,False,False,,,False
ARCTM,2025-05-16,TRENDING_UP,False,False,,,False
ARCTM,2026-06-15,TRENDING_UP,False,False,,,False
ARM,2024-01-05,VOLATILE,False,True,5.652623786407767,7.4951456310679605,True
ARPAK,2020-01-01,TRENDING_UP,False,False,,,False
ARPAK,2022-04-14,RANGING,False,False,,,False
ARPAK,2026-01-21,TRENDING_UP,False,False,,,False
ARPAK,2026-04-30,VOLATILE,False,False,,,False
ARPL,2021-01-29,TRENDING_UP,False,False,,,False
ARPL,2021-07-29,RANGING,False,True,-2.5083333333333364,-1.6633333333333364,False
ARPL,2022-10-18,RANGING,False,True,-0.07597321665340351,0.7690267833465965,False
ARPL,2023-07-11,TRENDING_UP,False,False,,,False
ARPL,2023-12-04,TRENDING_UP,False,True,1.7103214285714283,2.857142857142857,True
ARPL,2024-11-08,TRENDING_UP,False,False,,,False
ARPL,2025-07-25,TRENDING_UP,False,False,,,False
ARUJ,2021-09-02,RANGING,False,False,,,False
ARUJ,2024-05-15,TRENDING_UP,False,False,,,False
ARUJ,2025-06-26,TRENDING_UP,False,False,,,False
ARUJ,2025-09-24,TRENDING_UP,False,False,,,False
ARUJ,2026-04-21,VOLATILE,False,True,-0.924936051159071,-0.07993605115907104,False
ASC,2020-07-20,RANGING,False,False,,,False
ASC,2021-05-28,TRENDING_UP,False,False,,,False
ASC,2022-09-09,RANGING,False,True,-0.2730266920876978,0.5719733079123022,False
ASC,2023-09-14,RANGING,False,True,1.0950833333333352,2.1333333333333355,True
ASC,2024-12-02,TRENDING_UP,False,False,,,False
ASC,2025-08-11,TRENDING_UP,False,False,,,False
ASC,2026-06-24,TRENDING_UP,False,False,,,False
ASHT,2024-01-05,VOLATILE,False,True,-0.845,0.0,False
ASHT,2025-06-10,TRENDING_UP,False,False,,,False
ASHT,2026-04-15,VOLATILE,False,False,,,False
ASIC,2025-12-03,TRENDING_UP,False,False,,,False
ASL,2020-07-10,RANGING,False,True,6.535924397031541,8.534322820037106,True
ASL,2023-11-01,TRENDING_UP,False,False,,,False
ASL,2024-05-13,TRENDING_UP,False,False,,,False
ASL,2024-11-20,TRENDING_UP,False,False,,,False
ASL,2025-06-03,TRENDING_UP,False,False,,,False
ASL,2026-06-10,RANGING,False,True,1.8971346153846176,3.0769230769230793,True
ASLCPS,2025-08-26,TRENDING_UP,False,False,,,False
ASLPS,2020-05-29,RANGING,False,False,,,False
ASLPS,2024-11-21,TRENDING_UP,False,False,,,False
ASLPS,2025-04-14,TRENDING_UP,False,True,-0.7788186631369968,0.06618133686300322,False
ASLPS,2026-05-21,VOLATILE,False,False,,,False
ASTL,2020-07-10,RANGING,False,False,,,False
ASTL,2021-01-25,TRENDING_UP,False,True,-3.397611067809825,-2.552611067809825,False
ASTL,2021-06-04,TRENDING_UP,False,False,,,False
ASTL,2022-08-17,RANGING,False,False,,,False
ASTL,2023-07-11,TRENDING_UP,False,False,,,False
ASTL,2023-11-21,TRENDING_UP,False,False,,,False
ASTL,2024-12-16,TRENDING_UP,False,False,,,False
ASTL,2025-05-19,TRENDING_UP,False,False,,,False
ASTL,2025-09-11,TRENDING_UP,False,False,,,False
ASTM,2024-01-11,VOLATILE,False,True,-0.845,0.0,False
ASTM,2025-01-06,TRENDING_UP,False,False,,,False
ASTM,2025-06-26,TRENDING_UP,False,True,-6.299545454545457,-5.454545454545457,False
ASTM,2026-07-01,TRENDING_UP,False,False,,,False
ATBA,2020-05-06,VOLATILE,False,False,,,False
ATBA,2020-12-17,TRENDING_UP,False,False,,,False
ATBA,2021-06-29,RANGING,False,False,,,False
ATBA,2022-08-30,RANGING,False,False,,,False
ATBA,2023-04-26,RANGING,False,False,,,False
ATBA,2023-08-07,TRENDING_UP,False,False,,,False
ATBA,2024-01-10,VOLATILE,False,False,,,False
ATBA,2024-07-09,TRENDING_UP,False,False,,,False
ATBA,2024-12-09,TRENDING_UP,False,False,,,False
ATBA,2026-04-20,VOLATILE,False,False,,,False
ATIL,2020-09-07,TRENDING_UP,False,False,,,False
ATIL,2021-02-02,TRENDING_UP,False,False,,,False
ATIL,2021-09-30,RANGING,False,False,,,False
ATIL,2022-12-26,TRENDING_DOWN,False,True,-0.845,0.0,False
ATIL,2023-06-16,RANGING,False,False,,,False
ATIL,2023-11-16,TRENDING_UP,False,False,,,False
ATIL,2024-10-18,TRENDING_UP,False,False,,,False
ATIL,2025-07-11,TRENDING_UP,False,True,22.659764184397165,27.503546099290784,True
ATLH,2020-07-30,TRENDING_UP,False,False,,,False
ATLH,2021-06-18,TRENDING_UP,False,False,,,False
ATLH,2023-11-23,TRENDING_UP,False,False,,,False
ATLH,2024-04-26,TRENDING_UP,False,False,,,False
ATLH,2024-10-11,TRENDING_UP,False,False,,,False
ATLH,2025-04-15,TRENDING_UP,False,False,,,False
ATLH,2025-07-28,TRENDING_UP,False,False,,,False
ATRL,2020-07-06,RANGING,False,False,,,False
ATRL,2020-12-11,TRENDING_UP,False,False,,,False
ATRL,2023-07-03,RANGING,False,True,5.764056897863783,7.62624340925151,True
ATRL,2024-03-29,TRENDING_UP,False,False,,,False
ATRL,2024-10-15,TRENDING_UP,False,False,,,False
ATRL,2025-10-03,TRENDING_UP,False,False,,,False
ATRL,2026-01-06,TRENDING_UP,False,True,-0.5794684030743095,0.2655315969256905,False
ATRL,2026-04-24,TRENDING_UP,False,False,,,False
AVN,2020-01-16,TRENDING_UP,False,False,,,False
AVN,2020-05-19,RANGING,False,True,-6.447240896358543,-5.602240896358543,False
AVN,2020-12-14,TRENDING_UP,False,False,,,False
AVN,2021-07-16,RANGING,False,False,,,False
AVN,2022-08-15,RANGING,False,False,,,False
AVN,2023-11-16,TRENDING_UP,False,True,-2.390407188748047,-1.5454071887480474,False
AVN,2024-04-09,TRENDING_UP,False,True,-1.2426801988401026,-0.3976801988401027,False
AVN,2024-07-18,TRENDING_UP,False,False,,,False
AVN,2024-12-09,TRENDING_UP,False,False,,,False
AWTX,2024-03-13,RANGING,False,True,-0.845,0.0,False
BAFL,2020-01-10,TRENDING_UP,False,False,,,False
BAFL,2023-07-03,RANGING,False,False,,,False
BAFL,2023-11-27,TRENDING_UP,False,True,16.182666669674106,19.883431376087184,True
BAFL,2024-11-22,TRENDING_UP,False,False,,,False
BAFL,2025-06-11,TRENDING_UP,False,True,-4.712626967126014,-3.8676269671260144,False
BAFL,2026-02-03,TRENDING_UP,False,False,,,False
BAFS,2025-07-25,TRENDING_UP,False,False,,,False
BAFS,2025-12-03,TRENDING_UP,False,False,,,False
BAFS,2026-05-22,VOLATILE,False,False,,,False
BAHL,2020-07-27,RANGING,False,False,,,False
BAHL,2022-12-07,RANGING,False,True,-0.845,0.0,False
BAHL,2023-07-21,TRENDING_UP,False,True,-1.8465408320493126,-1.0015408320493127,False
BAHL,2023-10-26,TRENDING_UP,False,False,,,False
BAHL,2024-05-03,TRENDING_UP,False,False,,,False
BAHL,2024-10-29,TRENDING_UP,False,True,-4.766568627450985,-3.921568627450985,False
BAHL,2025-07-01,TRENDING_UP,False,False,,,False
BAPL,2020-01-01,TRENDING_UP,False,False,,,False
BAPL,2020-09-29,RANGING,False,False,,,False
BAPL,2021-01-12,TRENDING_UP,False,False,,,False
BAPL,2021-08-23,TRENDING_UP,False,False,,,False
BAPL,2022-09-05,RANGING,False,True,5.665149209486161,7.509881422924895,True
BAPL,2023-07-26,TRENDING_UP,False,False,,,False
BAPL,2024-03-08,TRENDING_UP,False,False,,,False
BAPL,2025-05-15,TRENDING_UP,False,False,,,False
BATA,2024-10-28,TRENDING_UP,False,False,,,False
BATA,2025-07-11,TRENDING_UP,False,False,,,False
BBFL,2025-09-17,TRENDING_UP,False,False,,,False
BCL,2020-05-19,RANGING,False,True,10.071671326812668,12.694025090367846,True
BCL,2020-11-13,VOLATILE,False,True,-2.454195402298857,-1.609195402298857,False
BCL,2021-06-16,TRENDING_UP,False,False,,,False
BCL,2023-07-06,TRENDING_UP,False,False,,,False
BCL,2023-11-21,TRENDING_UP,False,False,,,False
BCL,2024-03-07,TRENDING_UP,False,False,,,False
BCL,2024-11-29,TRENDING_UP,False,False,,,False
BCL,2025-07-22,TRENDING_UP,False,False,,,False
BCL,2026-06-16,TRENDING_UP,False,False,,,False
BECO,2020-08-28,TRENDING_UP,False,True,-0.845,0.0,False
BECO,2023-07-25,TRENDING_UP,False,False,,,False
BECO,2024-05-13,TRENDING_UP,False,True,-1.47492125984252,-0.6299212598425202,False
BECO,2024-12-04,TRENDING_UP,False,False,,,False
BECO,2025-04-21,TRENDING_UP,False,True,-1.239088669950748,-0.394088669950748,False
BELA,2023-11-20,TRENDING_UP,False,False,,,False
BELA,2024-06-21,TRENDING_UP,False,False,,,False
BERG,2020-07-27,RANGING,False,False,,,False
BERG,2021-01-13,TRENDING_UP,False,False,,,False
BERG,2021-07-02,RANGING,False,False,,,False
BERG,2022-02-08,RANGING,False,False,,,False
BERG,2023-11-13,TRENDING_UP,False,True,-2.3400819672131155,-1.4950819672131155,False
BERG,2024-04-23,TRENDING_UP,False,False,,,False
BERG,2024-08-30,TRENDING_UP,False,False,,,False
BERG,2024-11-28,TRENDING_UP,False,False,,,False
BERG,2025-06-13,TRENDING_UP,False,False,,,False
BERG,2026-01-23,TRENDING_UP,False,False,,,False
BERG,2026-06-18,TRENDING_UP,False,False,,,False
BFAGRO,2025-06-26,TRENDING_UP,False,False,,,False
BFMOD,2024-07-31,RANGING,False,False,,,False
BFMOD,2025-05-14,VOLATILE,False,False,,,False
BGL,2020-06-18,RANGING,False,False,,,False
BGL,2020-12-24,TRENDING_UP,False,False,,,False
BGL,2022-06-09,TRENDING_DOWN,False,False,,,False
BGL,2022-12-13,TRENDING_DOWN,False,False,,,False
BGL,2023-03-21,RANGING,False,False,,,False
BGL,2023-11-24,TRENDING_UP,False,False,,,False
BGL,2024-04-23,TRENDING_UP,False,False,,,False
BGL,2025-06-05,TRENDING_UP,False,False,,,False
BHAT,2020-08-20,TRENDING_UP,False,True,-0.0016604127579729067,0.8433395872420271,False
BHAT,2021-06-25,RANGING,False,False,,,False
BHAT,2025-06-27,TRENDING_UP,False,True,6.653036523039955,8.672101791811711,True
BHAT,2026-01-29,VOLATILE,False,True,-0.845,0.0,False
BIFO,2020-06-12,RANGING,False,False,,,False
BIFO,2023-05-08,RANGING,False,False,,,False
BIFO,2023-10-25,TRENDING_UP,False,False,,,False
BIFO,2024-09-06,TRENDING_UP,False,False,,,False
BIFO,2026-01-13,TRENDING_UP,False,True,1.6449368131868143,2.7802197802197814,True
BILF,2024-01-01,TRENDING_UP,False,False,,,False
BILF,2024-08-30,TRENDING_UP,True,False,,,False
BILF,2025-04-22,TRENDING_UP,False,False,,,False
BILF,2025-09-15,TRENDING_UP,False,True,-3.344999999999997,-2.4999999999999973,False
BIPL,2020-01-16,TRENDING_UP,False,False,,,False
BIPL,2020-08-28,TRENDING_UP,False,False,,,False
BIPL,2020-12-22,TRENDING_UP,False,False,,,False
BIPL,2021-09-17,RANGING,False,True,0.6256235177865566,1.5810276679841841,True
BIPL,2022-11-16,RANGING,False,False,,,False
BIPL,2023-05-02,RANGING,False,False,,,False
BIPL,2023-11-01,TRENDING_UP,False,False,,,False
BIPL,2025-06-12,TRENDING_UP,False,True,9.277855919003112,11.760124610591898,True
BIPL,2025-10-02,TRENDING_UP,False,False,,,False
BLUEX,2026-07-01,TRENDING_UP,False,False,,,False
BML,2024-10-31,TRENDING_UP,False,False,,,False
BML,2025-06-27,TRENDING_UP,False,False,,,False
BML,2026-02-02,TRENDING_UP,True,True,0.5033068862275479,1.4371257485029976,True
BNL,2020-09-09,TRENDING_UP,False,False,,,False
BNL,2021-01-14,TRENDING_UP,False,True,-5.25830998248687,-4.4133099824868705,False
BNL,2023-03-07,RANGING,False,True,-0.845,0.0,False
BNL,2023-07-18,TRENDING_UP,False,True,-5.506016949152538,-4.661016949152538,False
BNL,2023-11-17,TRENDING_UP,False,True,-3.646461632155912,-2.8014616321559123,False
BNL,2024-04-26,TRENDING_UP,False,True,-2.8057843137254945,-1.9607843137254948,False
BNL,2024-11-15,TRENDING_UP,False,False,,,False
BNL,2025-03-18,TRENDING_UP,False,False,,,False
BNWM,2024-05-14,TRENDING_UP,False,False,,,False
BNWM,2024-11-11,TRENDING_UP,False,False,,,False
BNWM,2025-06-11,TRENDING_UP,False,False,,,False
BOK,2020-11-02,VOLATILE,False,True,-0.845,0.0,False
BOK,2021-03-02,RANGING,False,False,,,False
BOK,2021-10-29,RANGING,False,True,-0.19983870967742157,0.6451612903225784,False
BOK,2023-02-07,VOLATILE,False,True,-0.845,0.0,False
BOK,2024-03-12,TRENDING_UP,False,False,,,False
BOK,2024-07-09,TRENDING_UP,False,True,-0.845,0.0,False
BOK,2024-12-02,TRENDING_UP,False,True,-1.9018031704095122,-1.0568031704095122,False
BOK,2025-03-18,TRENDING_UP,False,True,-8.844999999999992,-7.999999999999992,False
BOK,2025-06-27,TRENDING_UP,False,False,,,False
BOK,2026-01-12,TRENDING_UP,False,False,,,False
BOP,2020-01-10,TRENDING_UP,False,False,,,False
BOP,2020-08-03,TRENDING_UP,False,True,1.5721691616766431,2.6946107784431095,True
BOP,2021-01-11,TRENDING_UP,False,False,,,False
BOP,2023-07-17,TRENDING_UP,False,True,-3.1979411764705796,-2.35294117647058,False
BOP,2023-11-28,TRENDING_UP,False,False,,,False
BOP,2024-07-09,TRENDING_UP,False,False,,,False
BOP,2024-11-06,TRENDING_UP,False,False,,,False
BOP,2025-07-10,TRENDING_UP,False,False,,,False
BPBL,2020-01-01,TRENDING_UP,False,False,,,False
BPBL,2020-06-29,RANGING,False,False,,,False
BPL,2020-07-20,RANGING,False,True,-1.1971126760563304,-0.3521126760563305,False
BPL,2021-07-02,RANGING,False,True,-1.7624311926605505,-0.9174311926605505,False
BPL,2023-12-08,TRENDING_UP,False,False,,,False
BPL,2024-08-05,RANGING,False,False,,,False
BPL,2025-07-01,TRENDING_UP,False,False,,,False
BPL,2026-04-28,TRENDING_UP,False,False,,,False
BRR,2020-04-17,VOLATILE,False,True,4.209286231884054,5.797101449275357,True
BRR,2020-12-31,TRENDING_UP,False,False,,,False
BRR,2021-07-02,RANGING,False,True,-2.202142857142854,-1.3571428571428537,False
BRR,2023-04-28,RANGING,False,True,-1.757863070539429,-0.9128630705394291,False
BRRG,2024-07-05,TRENDING_UP,False,True,-3.87530303030303,-3.0303030303030303,False
BRRG,2024-12-13,TRENDING_UP,False,False,,,False
BRRG,2025-06-05,TRENDING_UP,False,True,-0.845,0.0,False
BRRG,2026-05-11,TRENDING_UP,False,False,,,False
BTL,2020-03-03,VOLATILE,False,False,,,False
BTL,2021-01-05,TRENDING_UP,False,False,,,False
BTL,2023-05-29,RANGING,False,False,,,False
BTL,2024-12-06,TRENDING_UP,False,True,0.5642061403508806,1.5087719298245654,True
BTL,2025-07-10,TRENDING_UP,False,False,,,False
BTL,2026-01-26,TRENDING_UP,False,False,,,False
BUXL,2020-09-08,TRENDING_UP,False,False,,,False
BUXL,2021-07-13,RANGING,False,False,,,False
BUXL,2023-11-16,TRENDING_UP,False,False,,,False
BUXL,2024-07-09,TRENDING_UP,False,False,,,False
BUXL,2024-12-09,TRENDING_UP,False,False,,,False
BUXL,2025-06-04,TRENDING_UP,False,False,,,False
BUXL,2026-06-19,TRENDING_UP,False,False,,,False
BWCL,2020-03-11,VOLATILE,False,True,-6.6699999999999955,-5.824999999999996,False
BWCL,2020-08-06,TRENDING_UP,False,True,-0.845,0.0,False
BWCL,2021-02-03,TRENDING_UP,False,True,-3.11944593101041,-2.27444593101041,False
BWCL,2023-11-10,TRENDING_UP,False,False,,,False
BWCL,2024-02-29,TRENDING_UP,False,True,2.006136008434623,3.2051600099230857,True
BWCL,2024-10-16,TRENDING_UP,False,False,,,False
BWCL,2025-04-04,TRENDING_UP,False,True,-0.845,0.0,False
BWCL,2026-07-03,TRENDING_UP,False,False,,,False
BWHL,2020-07-17,RANGING,False,False,,,False
BWHL,2023-07-14,TRENDING_UP,False,True,-0.845,0.0,False
BWHL,2023-12-14,TRENDING_UP,False,True,0.21581593406593416,1.098901098901099,True
BWHL,2024-10-17,TRENDING_UP,False,False,,,False
BWHL,2025-07-24,TRENDING_UP,False,False,,,False
BWHL,2026-01-06,TRENDING_UP,False,False,,,False
CASH,2025-04-14,TRENDING_UP,False,True,-2.2418775677896416,-1.3968775677896414,False
CASH,2025-09-30,TRENDING_UP,False,False,,,False
CCM,2024-01-02,TRENDING_UP,False,False,,,False
CENI,2020-07-22,RANGING,False,False,,,False
CENI,2022-03-01,TRENDING_DOWN,False,False,,,False
CENI,2023-09-01,VOLATILE,False,True,-0.845,0.0,False
CENI,2024-08-29,TRENDING_UP,False,False,,,False
CENI,2025-11-07,VOLATILE,False,True,0.8397948065173149,1.8329938900203704,True
CEPB,2020-01-30,RANGING,False,False,,,False
CEPB,2020-05-05,VOLATILE,False,False,,,False
CEPB,2020-12-21,TRENDING_UP,False,True,-2.789894651539713,-1.944894651539713,False
CEPB,2021-06-10,TRENDING_UP,False,False,,,False
CEPB,2022-09-02,RANGING,False,True,-3.8237812840043492,-2.9787812840043495,False
CEPB,2023-05-31,RANGING,False,True,10.112534913353722,12.742099898063202,True
CEPB,2023-11-07,TRENDING_UP,False,False,,,False
CEPB,2024-05-09,TRENDING_UP,False,False,,,False
CEPB,2024-12-04,TRENDING_UP,False,False,,,False
CEPB,2025-05-30,TRENDING_UP,False,False,,,False
CEPB,2025-11-04,VOLATILE,False,False,,,False
CEPB,2026-07-06,TRENDING_UP,False,True,-2.0426047904191575,-1.1976047904191574,False
CFL,2024-01-01,TRENDING_UP,False,True,-0.845,0.0,False
CFL,2025-09-05,TRENDING_UP,False,False,,,False
CHAS,2024-02-02,RANGING,False,False,,,False
CHAS,2025-02-06,VOLATILE,False,False,,,False
CHAS,2026-02-11,VOLATILE,False,False,,,False
CHAS,2026-06-23,TRENDING_UP,False,False,,,False
CHBL,2024-06-07,RANGING,False,False,,,False
CHBL,2024-09-23,TRENDING_UP,False,True,20.53175000000001,25.00000000000001,True
CHBL,2025-07-14,TRENDING_UP,False,False,,,False
CHCC,2020-01-27,TRENDING_UP,False,False,,,False
CHCC,2021-01-27,TRENDING_UP,False,True,3.3682884615384623,4.807692307692308,True
CHCC,2022-09-08,RANGING,False,False,,,False
CHCC,2023-03-09,RANGING,False,False,,,False
CHCC,2023-10-23,TRENDING_UP,False,True,-0.4878571428571428,0.35714285714285715,False
CHCC,2024-10-23,TRENDING_UP,False,False,,,False
CHCC,2025-08-11,TRENDING_UP,False,False,,,False
CLCPS,2024-06-07,RANGING,False,False,,,False
CLCPS,2024-09-23,TRENDING_UP,False,True,-2.9221513353115807,-2.077151335311581,False
CLCPS,2024-12-27,TRENDING_UP,False,False,,,False
CLCPS,2025-07-18,TRENDING_UP,False,True,-0.845,0.0,False
CLCPS,2026-01-30,TRENDING_UP,False,True,-8.654110629067253,-7.809110629067252,False
CLCPS,2026-05-12,TRENDING_UP,False,False,,,False
CLOV,2020-09-11,TRENDING_UP,False,False,,,False
CLOV,2021-06-08,TRENDING_UP,False,True,-4.816014492753616,-3.9710144927536155,False
CLOV,2023-08-02,TRENDING_UP,False,False,,,False
CLOV,2023-11-15,TRENDING_UP,False,True,0.9537043147208148,1.9670050761421352,True
CLOV,2024-03-22,TRENDING_UP,False,False,,,False
CLOV,2024-12-03,TRENDING_UP,False,False,,,False
CLOV,2025-09-16,TRENDING_UP,False,False,,,False
CLOV,2026-01-20,TRENDING_UP,False,True,20.88117994957247,25.41109405832055,True
CLVL,2020-10-07,VOLATILE,False,True,-8.844999999999992,-7.999999999999992,False
CLVL,2021-01-25,TRENDING_UP,False,False,,,False
CLVL,2022-06-07,TRENDING_DOWN,False,False,,,False
CLVL,2023-07-27,TRENDING_UP,False,False,,,False
CLVL,2024-05-06,TRENDING_UP,False,False,,,False
CLVL,2024-12-18,TRENDING_UP,False,False,,,False
CLVL,2025-05-22,TRENDING_UP,False,False,,,False
CLVL,2026-06-30,TRENDING_UP,False,False,,,False
CNERGY,2020-07-17,RANGING,False,False,,,False
CNERGY,2021-02-22,RANGING,False,True,-6.3749539170506875,-5.529953917050688,False
CNERGY,2021-06-14,TRENDING_UP,False,False,,,False
CNERGY,2023-08-02,TRENDING_UP,False,False,,,False
CNERGY,2023-11-10,TRENDING_UP,False,False,,,False
CNERGY,2024-11-11,TRENDING_UP,False,False,,,False
CNERGY,2025-09-18,TRENDING_UP,False,False,,,False
CNERGY,2026-04-28,TRENDING_UP,False,False,,,False
COLG,2020-01-01,TRENDING_UP,False,False,,,False
COLG,2020-08-25,TRENDING_UP,False,False,,,False
COLG,2022-08-03,RANGING,False,False,,,False
COLG,2023-05-29,RANGING,False,False,,,False
COLG,2023-11-03,TRENDING_UP,False,False,,,False
COLG,2024-10-28,TRENDING_UP,False,False,,,False
COLG,2026-06-22,TRENDING_UP,False,False,,,False
CPAL,2021-02-02,TRENDING_UP,False,False,,,False
CPHL,2022-02-03,RANGING,False,False,,,False
CPHL,2023-11-20,TRENDING_UP,False,False,,,False
CPHL,2024-04-26,TRENDING_UP,False,False,,,False
CPHL,2024-08-23,TRENDING_UP,False,False,,,False
CPHL,2025-08-20,TRENDING_UP,False,False,,,False
CPPL,2020-05-13,VOLATILE,False,False,,,False
CPPL,2023-04-28,RANGING,False,False,,,False
CPPL,2023-11-10,TRENDING_UP,False,True,-2.18408906704256,-1.3390890670425604,False
CPPL,2024-11-11,TRENDING_UP,False,False,,,False
CPPL,2025-05-29,TRENDING_UP,False,False,,,False
CPPL,2026-06-10,RANGING,False,False,,,False
CRTM,2020-12-10,TRENDING_UP,False,False,,,False
CRTM,2023-11-22,TRENDING_UP,False,False,,,False
CRTM,2024-04-24,TRENDING_UP,False,True,-3.7576213592232968,-2.9126213592232966,False
CRTM,2024-11-19,TRENDING_UP,False,False,,,False
CRTM,2025-06-17,TRENDING_UP,False,False,,,False
CRTM,2025-11-26,TRENDING_UP,False,False,,,False
CRTM,2026-03-06,VOLATILE,False,False,,,False
CSAP,2020-07-06,RANGING,False,False,,,False
CSAP,2020-12-14,TRENDING_UP,False,False,,,False
CSAP,2021-05-31,TRENDING_UP,False,False,,,False
CSAP,2023-07-11,TRENDING_UP,False,False,,,False
CSAP,2023-10-16,TRENDING_UP,False,False,,,False
CSAP,2024-08-08,RANGING,False,False,,,False
CSAP,2025-04-21,TRENDING_UP,False,False,,,False
CSAP,2026-01-08,TRENDING_UP,False,False,,,False
CSAP,2026-06-16,TRENDING_UP,False,False,,,False
CSIL,2020-05-28,RANGING,False,False,,,False
CSIL,2021-06-14,TRENDING_UP,False,False,,,False
CSIL,2023-08-11,TRENDING_UP,False,False,,,False
CSIL,2023-12-13,TRENDING_UP,False,False,,,False
CSIL,2024-03-25,TRENDING_UP,False,False,,,False
CSIL,2024-12-03,TRENDING_UP,False,True,-2.32867952522256,-1.4836795252225599,False
CSIL,2025-06-16,TRENDING_UP,False,True,-8.845,-8.0,False
CSIL,2025-12-19,TRENDING_UP,False,False,,,False
CTM,2024-06-06,RANGING,False,True,-0.845,0.0,False
CTM,2025-05-26,TRENDING_UP,False,False,,,False
CTM,2025-09-17,TRENDING_UP,False,False,,,False
CTM,2026-01-06,TRENDING_UP,False,False,,,False
CTM,2026-05-19,VOLATILE,False,True,-4.89744338498212,-4.05244338498212,False
CWSM,2024-01-01,TRENDING_UP,False,True,24.326392857142864,29.464285714285722,True
CWSM,2024-07-25,RANGING,False,False,,,False
CWSM,2025-11-06,VOLATILE,False,False,,,False
CYAN,2020-07-15,RANGING,False,False,,,False
CYAN,2021-01-01,TRENDING_UP,False,False,,,False
CYAN,2021-07-27,RANGING,False,False,,,False
CYAN,2022-02-09,TRENDING_UP,False,False,,,False
CYAN,2023-08-02,TRENDING_UP,False,True,-0.7973809523809449,0.04761904761905506,False
CYAN,2024-11-15,TRENDING_UP,False,True,-2.427733812949645,-1.5827338129496449,False
CYAN,2025-07-16,TRENDING_UP,False,False,,,False
CYAN,2025-10-20,TRENDING_UP,False,True,1.7537857941834396,2.908277404921694,True
DAAG,2020-01-30,RANGING,False,False,,,False
DAAG,2021-01-04,TRENDING_UP,False,False,,,False
DAAG,2021-06-04,TRENDING_UP,False,False,,,False
DAAG,2022-07-25,TRENDING_DOWN,False,True,-7.5650000000000075,-6.720000000000008,False
DAAG,2024-05-03,TRENDING_UP,False,False,,,False
DAAG,2024-12-16,TRENDING_UP,False,False,,,False
DAAG,2025-06-19,RANGING,False,False,,,False
DAAG,2026-06-02,TRENDING_UP,False,False,,,False
DADX,2020-09-03,TRENDING_UP,False,False,,,False
DADX,2022-05-24,TRENDING_DOWN,False,False,,,False
DADX,2023-11-17,TRENDING_UP,False,True,-0.8682504068821157,-0.023250406882115812,False
DADX,2024-07-02,TRENDING_UP,False,False,,,False
DADX,2024-12-31,TRENDING_UP,False,False,,,False
DADX,2025-09-30,TRENDING_UP,False,False,,,False
DADX,2026-05-19,VOLATILE,False,False,,,False
DATM,2023-01-25,VOLATILE,False,False,,,False
DAWH,2024-04-03,TRENDING_UP,False,False,,,False
DAWH,2024-11-07,TRENDING_UP,False,False,,,False
DBCI,2024-06-24,TRENDING_UP,False,True,1.9106159793814492,3.0927835051546464,True
DBCI,2024-12-16,TRENDING_UP,False,False,,,False
DBCI,2025-05-30,TRENDING_UP,False,False,,,False
DBCI,2025-12-16,TRENDING_UP,False,False,,,False
DBCI,2026-06-05,TRENDING_UP,False,True,-0.845,0.0,False
DCL,2020-01-14,TRENDING_UP,False,True,1.0806917989418086,2.116402116402128,True
DCL,2020-05-13,VOLATILE,False,False,,,False
DCL,2021-02-17,TRENDING_UP,False,False,,,False
DCL,2023-07-11,TRENDING_UP,False,False,,,False
DCL,2023-10-20,TRENDING_UP,False,False,,,False
DCL,2024-05-16,TRENDING_UP,False,False,,,False
DCL,2024-12-04,TRENDING_UP,False,False,,,False
DCL,2025-04-23,VOLATILE,False,True,-3.245000000000002,-2.400000000000002,False
DCL,2025-09-17,TRENDING_UP,False,False,,,False
DCL,2026-06-02,TRENDING_UP,False,True,0.9427525488530193,1.9541206457094344,True
DCR,2021-07-01,RANGING,False,True,-0.4005555555555492,0.44444444444445075,False
DCR,2022-01-21,RANGING,False,True,-0.845,0.0,False
DCR,2024-03-29,TRENDING_UP,False,True,1.0043216282320004,2.02655485674353,True
DCR,2024-10-11,TRENDING_UP,False,True,4.806053659202629,6.499180775532504,True
DCR,2025-03-10,TRENDING_UP,False,True,-0.6001020408163318,0.24489795918366825,False
DCR,2025-12-01,TRENDING_UP,False,False,,,False
DCR,2026-06-29,TRENDING_UP,False,False,,,False
DEL,2024-01-01,TRENDING_UP,False,True,-0.3587763371150689,0.4862236628849311,False
DEL,2024-09-06,TRENDING_UP,False,False,,,False
DEL,2024-12-24,TRENDING_UP,False,False,,,False
DEL,2025-05-23,TRENDING_UP,False,False,,,False
DFML,2020-06-26,RANGING,False,True,-6.792955390334577,-5.947955390334577,False
DFML,2021-06-24,TRENDING_UP,False,False,,,False
DFML,2022-10-14,RANGING,False,False,,,False
DFML,2023-07-10,TRENDING_UP,False,True,7.781750000000005,10.000000000000007,True
DFML,2023-12-06,TRENDING_UP,False,False,,,False
DFML,2024-04-02,TRENDING_UP,False,False,,,False
DFML,2025-01-17,TRENDING_UP,False,True,-2.5596356399265225,-1.7146356399265226,False
DFSM,2024-01-01,TRENDING_UP,False,False,,,False
DFSM,2024-05-21,TRENDING_UP,False,True,-6.712970660146693,-5.867970660146693,False
DFSM,2024-12-12,TRENDING_UP,False,False,,,False
DFSM,2025-06-11,TRENDING_UP,False,False,,,False
DFSM,2026-04-15,VOLATILE,False,False,,,False
DGKC,2020-03-09,VOLATILE,False,False,,,False
DGKC,2020-07-01,RANGING,False,False,,,False
DGKC,2021-01-29,TRENDING_UP,False,False,,,False
DGKC,2023-06-02,RANGING,False,True,-2.10274357048996,-1.25774357048996,False
DGKC,2023-11-02,TRENDING_UP,False,True,12.181040534694588,15.175635923170105,True
DGKC,2024-05-06,TRENDING_UP,False,False,,,False
DGKC,2024-12-03,TRENDING_UP,False,False,,,False
DGKC,2026-06-15,TRENDING_UP,False,False,,,False
DHPL,2025-11-04,VOLATILE,False,False,,,False
DIIL,2022-11-01,RANGING,False,False,,,False
DIIL,2025-03-20,TRENDING_UP,False,False,,,False
DIIL,2025-07-28,TRENDING_UP,False,False,,,False
DINT,2025-07-01,TRENDING_UP,False,False,,,False
DINT,2026-06-18,TRENDING_UP,False,False,,,False
DLL,2024-01-08,VOLATILE,False,False,,,False
DLL,2024-12-09,TRENDING_UP,False,False,,,False
DLL,2025-07-11,TRENDING_UP,False,False,,,False
DMC,2026-04-23,TRENDING_UP,False,True,-2.8606865932458163,-2.015686593245816,False
DMTM,2024-06-21,TRENDING_UP,False,False,,,False
DMTM,2025-05-06,VOLATILE,False,True,9.147821428571419,11.607142857142847,True
DMTM,2025-08-25,TRENDING_UP,False,False,,,False
DNCC,2020-10-26,TRENDING_UP,False,False,,,False
DNCC,2023-05-03,RANGING,False,False,,,False
DNCC,2023-11-02,TRENDING_UP,False,False,,,False
DNCC,2024-05-10,TRENDING_UP,False,True,-3.243401065956026,-2.3984010659560258,False
DNCC,2025-01-15,VOLATILE,False,False,,,False
DNCC,2025-09-17,TRENDING_UP,False,True,-2.522270098322725,-1.6772700983227251,False
DOL,2020-04-17,VOLATILE,False,False,,,False
DOL,2021-11-04,RANGING,False,True,-4.227899628252789,-3.382899628252789,False
DOL,2022-08-04,RANGING,False,True,1.455045454545451,2.5568181818181777,True
DOL,2023-03-20,RANGING,False,False,,,False
DOL,2024-06-25,TRENDING_UP,False,False,,,False
DOL,2024-11-13,TRENDING_UP,False,False,,,False
DOL,2025-05-19,TRENDING_UP,False,False,,,False
DOL,2025-09-03,TRENDING_UP,False,False,,,False
DSIL,2024-01-01,TRENDING_UP,False,True,6.341550664451827,8.305647840531561,True
DSIL,2024-06-07,RANGING,False,False,,,False
DSIL,2025-07-09,TRENDING_UP,False,False,,,False
DSIL,2026-06-05,TRENDING_UP,False,False,,,False
DSL,2020-08-07,TRENDING_UP,False,False,,,False
DSL,2021-02-17,TRENDING_UP,False,False,,,False
DSL,2022-04-11,RANGING,False,False,,,False
DSL,2022-09-02,RANGING,False,True,-0.845,0.0,False
DSL,2023-03-09,RANGING,False,True,6.637519230769233,8.653846153846157,True
DSL,2023-11-08,TRENDING_UP,False,False,,,False
DSL,2024-05-13,TRENDING_UP,False,True,-0.845,0.0,False
DSL,2025-05-02,VOLATILE,False,False,,,False
DSML,2024-01-09,VOLATILE,False,False,,,False
DWAE,2024-06-04,TRENDING_UP,False,False,,,False
DWAE,2026-01-08,TRENDING_UP,False,False,,,False
DWAE,2026-05-11,TRENDING_UP,False,True,11.459931818181822,14.327272727272733,True
DWSM,2024-05-21,TRENDING_UP,False,False,,,False
DWSM,2025-06-16,TRENDING_UP,False,False,,,False
DWSM,2026-05-08,TRENDING_UP,False,False,,,False
DWTM,2024-01-23,TRENDING_UP,False,False,,,False
DWTM,2026-02-11,VOLATILE,False,False,,,False
DWTM,2026-07-01,TRENDING_UP,False,False,,,False
DYNO,2020-06-11,RANGING,False,False,,,False
DYNO,2021-07-02,RANGING,False,False,,,False
DYNO,2022-08-19,RANGING,False,True,-1.3101162790697674,-0.46511627906976744,False
DYNO,2023-08-18,TRENDING_UP,False,False,,,False
DYNO,2024-06-14,TRENDING_UP,False,True,-3.79014767932489,-2.94514767932489,False
DYNO,2025-05-30,TRENDING_UP,False,False,,,False
DYNO,2026-06-04,TRENDING_UP,False,False,,,False
ECOP,2020-05-18,VOLATILE,False,False,,,False
ECOP,2020-11-27,TRENDING_UP,False,True,8.761070531757765,11.152141802067959,True
ECOP,2021-06-11,TRENDING_UP,False,False,,,False
ECOP,2022-05-25,TRENDING_DOWN,False,False,,,False
ECOP,2023-05-03,RANGING,False,True,-0.845,0.0,False
ECOP,2023-11-20,TRENDING_UP,False,False,,,False
ECOP,2024-06-26,TRENDING_UP,False,False,,,False
ECOP,2025-04-08,RANGING,False,False,,,False
ECOP,2026-06-17,TRENDING_UP,False,True,-1.3057445632141542,-0.46074456321415413,False
EFERT,2020-07-30,TRENDING_UP,False,False,,,False
EFERT,2021-05-25,TRENDING_UP,False,False,,,False
EFERT,2022-01-07,RANGING,False,False,,,False
EFERT,2023-02-09,VOLATILE,False,True,1.0327800176574455,2.0600353148911124,True
EFERT,2023-10-11,TRENDING_UP,False,False,,,False
EFERT,2024-09-18,TRENDING_UP,False,False,,,False
EFERT,2025-01-02,TRENDING_UP,False,False,,,False
EFERT,2025-07-17,TRENDING_UP,False,False,,,False
EFERT,2026-01-02,TRENDING_UP,False,False,,,False
EFGH,2024-06-05,RANGING,False,True,-1.916428571428574,-1.071428571428574,False
EFGH,2024-09-23,TRENDING_UP,False,False,,,False
EFUG,2020-05-21,RANGING,False,False,,,False
EFUG,2022-06-24,TRENDING_DOWN,False,False,,,False
EFUG,2023-12-01,TRENDING_UP,False,False,,,False
EFUG,2024-11-15,TRENDING_UP,False,False,,,False
EFUL,2023-06-26,RANGING,False,True,-1.3376108374384237,-0.49261083743842365,False
EFUL,2025-07-15,TRENDING_UP,False,False,,,False
EFUL,2026-01-05,TRENDING_UP,False,False,,,False
EFUL,2026-06-05,TRENDING_UP,False,True,-4.81107632826142,-3.96607632826142,False
ELCM,2024-02-21,VOLATILE,False,True,5.531750000000001,7.352941176470589,True
ELCM,2025-08-12,TRENDING_UP,False,True,-0.845,0.0,False
ELCM,2025-11-28,TRENDING_UP,False,False,,,False
ELCM,2026-05-25,TRENDING_UP,False,True,-5.810668225694094,-4.9656682256940945,False
ELSM,2024-12-24,TRENDING_UP,False,True,-0.845,0.0,False
ELSM,2026-07-08,TRENDING_UP,False,False,,,False
EMCO,2020-08-28,TRENDING_UP,False,False,,,False
EMCO,2021-01-13,TRENDING_UP,False,False,,,False
EMCO,2021-06-01,TRENDING_UP,False,False,,,False
EMCO,2023-05-02,RANGING,False,True,-0.845,0.0,False
EMCO,2023-11-22,TRENDING_UP,False,False,,,False
EMCO,2024-07-18,TRENDING_UP,False,False,,,False
EMCO,2025-04-21,TRENDING_UP,False,False,,,False
EMCO,2026-07-07,TRENDING_UP,False,False,,,False
ENGRO,2022-12-15,TRENDING_DOWN,False,False,,,False
ENGRO,2023-10-19,TRENDING_UP,False,True,-1.1662996389891647,-0.32129963898916475,False
ENGRO,2024-12-02,TRENDING_UP,False,False,,,False
ENGROH,2025-07-16,TRENDING_UP,False,False,,,False
ENGROH,2026-01-05,TRENDING_UP,False,False,,,False
EPCL,2020-07-17,RANGING,False,False,,,False
EPCL,2021-03-01,RANGING,False,False,,,False
EPCL,2021-08-02,RANGING,False,False,,,False
EPCL,2022-02-08,RANGING,False,False,,,False
EPCL,2023-11-14,TRENDING_UP,False,False,,,False
EPCL,2024-06-21,TRENDING_UP,False,False,,,False
EPCL,2024-12-05,TRENDING_UP,False,False,,,False
EPCL,2025-03-18,TRENDING_UP,False,False,,,False
EPCL,2025-12-09,TRENDING_UP,False,False,,,False
EPCLPS,2025-06-16,TRENDING_UP,False,True,-0.845,0.0,False
EPQL,2020-07-30,TRENDING_UP,False,False,,,False
EPQL,2021-01-04,TRENDING_UP,False,True,-4.230692974128649,-3.385692974128649,False
EPQL,2021-12-21,TRENDING_DOWN,False,True,0.17661166007905818,1.0527784236224214,True
EPQL,2022-08-04,RANGING,False,False,,,False
EPQL,2023-07-25,TRENDING_UP,False,False,,,False
EPQL,2023-10-31,TRENDING_UP,False,False,,,False
EPQL,2025-03-27,TRENDING_UP,False,True,2.6816580069986853,3.9998917729396295,True
EPQL,2025-07-25,TRENDING_UP,False,False,,,False
EPQL,2025-12-09,TRENDING_UP,False,False,,,False
ESBL,2024-11-28,TRENDING_UP,False,False,,,False
ESBL,2025-04-22,TRENDING_UP,False,False,,,False
ESBL,2025-10-14,TRENDING_UP,False,False,,,False
EWIC,2024-12-19,VOLATILE,False,False,,,False
EXIDE,2020-05-05,VOLATILE,False,False,,,False
EXIDE,2020-12-17,TRENDING_UP,False,False,,,False
EXIDE,2021-06-29,RANGING,False,False,,,False
EXIDE,2023-04-27,RANGING,False,True,-4.075769230769227,-3.230769230769227,False
EXIDE,2023-11-27,TRENDING_UP,False,False,,,False
EXIDE,2024-05-14,TRENDING_UP,False,False,,,False
FABL,2020-07-13,RANGING,False,False,,,False
FABL,2021-01-18,TRENDING_UP,False,False,,,False
FABL,2021-07-26,RANGING,False,False,,,False
FABL,2022-07-29,TRENDING_DOWN,False,True,-3.1134310018903513,-2.2684310018903515,False
FABL,2022-10-28,RANGING,False,False,,,False
FABL,2023-11-23,TRENDING_UP,False,False,,,False
FABL,2024-04-01,TRENDING_UP,False,True,1.915552816901412,3.0985915492957785,True
FABL,2025-06-03,TRENDING_UP,False,False,,,False
FABL,2025-09-29,TRENDING_UP,False,False,,,False
FABL,2026-01-05,TRENDING_UP,False,False,,,False
FABL,2026-07-01,TRENDING_UP,False,False,,,False
FANM,2025-06-16,TRENDING_UP,False,False,,,False
FANM,2026-06-18,TRENDING_UP,False,False,,,False
FASM,2020-03-04,VOLATILE,False,False,,,False
FASM,2021-01-01,TRENDING_UP,False,True,7.143667808219175,9.249315068493148,True
FASM,2022-02-25,TRENDING_DOWN,False,True,-3.823723404255319,-2.9787234042553195,False
FASM,2024-12-06,TRENDING_UP,False,True,-0.845,0.0,False
FASM,2025-07-11,TRENDING_UP,False,True,-8.845000000000002,-8.000000000000002,False
FASM,2026-01-28,TRENDING_UP,False,False,,,False
FATIMA,2020-05-19,RANGING,False,True,-3.6329677182685307,-2.787967718268531,False
FATIMA,2020-09-08,TRENDING_UP,False,True,2.8834449152542367,4.23728813559322,True
FATIMA,2021-11-19,TRENDING_UP,False,True,-0.845,0.0,False
FATIMA,2022-03-04,TRENDING_DOWN,False,True,-1.5974649714582232,-0.7524649714582231,False
FATIMA,2023-10-20,TRENDING_UP,False,False,,,False
FATIMA,2024-03-28,TRENDING_UP,False,False,,,False
FATIMA,2024-11-21,TRENDING_UP,False,False,,,False
FATIMA,2025-06-25,TRENDING_UP,False,False,,,False
FATIMA,2026-01-19,TRENDING_UP,False,False,,,False
FATIMA,2026-06-17,TRENDING_UP,False,False,,,False
FCCL,2020-03-05,VOLATILE,False,False,,,False
FCCL,2020-07-13,RANGING,False,False,,,False
FCCL,2021-01-27,TRENDING_UP,False,True,3.3101860189573378,4.739336492890986,True
FCCL,2023-03-15,RANGING,False,False,,,False
FCCL,2023-10-25,TRENDING_UP,False,False,,,False
FCCL,2024-05-06,TRENDING_UP,False,False,,,False
FCCL,2024-10-01,TRENDING_UP,False,True,0.08454561768039293,0.9444654325651681,True
FCCL,2025-08-19,TRENDING_UP,False,False,,,False
FCCL,2026-06-15,TRENDING_UP,False,False,,,False
FCEL,2025-08-22,TRENDING_UP,False,False,,,False
FCEL,2026-01-12,TRENDING_UP,False,False,,,False
FCEPL,2020-06-02,RANGING,False,True,-0.845,0.0,False
FCEPL,2021-05-19,TRENDING_UP,False,True,-1.9172891566265067,-1.0722891566265067,False
FCEPL,2022-08-15,RANGING,False,False,,,False
FCEPL,2023-04-26,RANGING,False,False,,,False
FCEPL,2023-11-13,TRENDING_UP,False,False,,,False
FCEPL,2024-10-24,TRENDING_UP,False,False,,,False
FCEPL,2025-04-22,TRENDING_UP,False,False,,,False
FCEPL,2026-04-28,TRENDING_UP,False,False,,,False
FCIBL,2024-01-01,TRENDING_UP,False,True,11.444578947368422,14.309210526315791,True
FCIBL,2025-06-05,TRENDING_UP,False,False,,,False
FCIBL,2025-10-23,TRENDING_UP,False,False,,,False
FCIBL,2026-04-09,VOLATILE,False,False,,,False
FCL,2024-12-09,TRENDING_UP,False,False,,,False
FCL,2025-12-15,TRENDING_UP,False,False,,,False
FCL,2026-06-16,TRENDING_UP,False,True,-3.2551145792176985,-2.4101145792176983,False
FCSC,2024-09-13,TRENDING_UP,False,False,,,False
FCSC,2025-06-11,TRENDING_UP,False,False,,,False
FCSC,2025-09-16,TRENDING_UP,False,False,,,False
FDIBL,2024-01-01,TRENDING_UP,False,True,-7.322732793522273,-6.477732793522273,False
FDPL,2024-09-06,TRENDING_UP,False,True,-3.2587931034482702,-2.4137931034482705,False
FDPL,2025-06-12,TRENDING_UP,False,True,10.048416666666663,12.666666666666663,True
FECM,2024-01-01,TRENDING_UP,False,True,19.423054347826103,23.69565217391306,True
FECM,2024-06-28,TRENDING_UP,False,False,,,False
FECM,2025-02-27,TRENDING_UP,False,False,,,False
FECM,2025-10-20,TRENDING_UP,False,False,,,False
FECTC,2020-04-21,VOLATILE,False,False,,,False
FECTC,2021-06-15,TRENDING_UP,False,False,,,False
FECTC,2022-08-02,TRENDING_DOWN,False,True,-0.04500000000000415,0.7999999999999958,False
FECTC,2023-06-05,RANGING,False,True,1.5059675474602432,2.6167265264238155,True
FECTC,2024-10-08,TRENDING_UP,False,False,,,False
FECTC,2025-09-18,TRENDING_UP,False,False,,,False
FECTC,2026-06-17,TRENDING_UP,False,False,,,False
FEM,2024-01-02,TRENDING_UP,False,True,6.546707264957273,8.547008547008556,True
FEM,2025-06-26,TRENDING_UP,False,False,,,False
FEM,2026-05-13,TRENDING_UP,False,False,,,False
FEROZ,2020-04-29,VOLATILE,False,False,,,False
FEROZ,2020-08-26,TRENDING_UP,False,False,,,False
FEROZ,2021-06-04,TRENDING_UP,False,False,,,False
FEROZ,2023-07-11,TRENDING_UP,False,False,,,False
FEROZ,2023-11-03,TRENDING_UP,False,False,,,False
FEROZ,2024-02-21,VOLATILE,False,True,-6.752923335309234,-5.907923335309234,False
FEROZ,2024-08-13,RANGING,False,False,,,False
FEROZ,2024-11-11,TRENDING_UP,False,False,,,False
FEROZ,2025-06-10,TRENDING_UP,False,False,,,False
FEROZ,2026-02-04,TRENDING_UP,False,True,-0.22041824670978993,0.62458175329021,False
FFBL,2020-07-24,RANGING,False,True,5.067090314136113,6.806282722513074,True
FFBL,2023-07-11,TRENDING_UP,False,True,-1.988674052894926,-1.143674052894926,False
FFBL,2024-04-24,TRENDING_UP,False,False,,,False
FFC,2021-01-07,TRENDING_UP,False,True,-1.5116666666666667,-0.6666666666666667,False
FFC,2022-02-01,RANGING,False,False,,,False
FFC,2023-10-12,TRENDING_UP,False,True,-1.5767073170731707,-0.7317073170731708,False
FFC,2024-03-20,TRENDING_UP,False,True,-1.20043064969417,-0.35543064969417,False
FFC,2025-07-01,TRENDING_UP,False,True,-0.845,0.0,False
FFC,2025-11-13,VOLATILE,False,True,-0.7510150375939849,0.09398496240601503,False
FFL,2020-07-28,RANGING,False,False,,,False
FFL,2021-01-18,TRENDING_UP,False,False,,,False
FFL,2021-07-07,RANGING,False,False,,,False
FFL,2023-03-10,RANGING,False,False,,,False
FFL,2023-11-13,TRENDING_UP,False,False,,,False
FFL,2024-10-25,TRENDING_UP,False,False,,,False
FFL,2025-09-03,TRENDING_UP,False,False,,,False
FFLM,2025-06-05,TRENDING_UP,False,True,-7.285677966101707,-6.440677966101707,False
FFLM,2025-11-03,VOLATILE,False,False,,,False
FFLM,2026-06-09,TRENDING_UP,False,False,,,False
FHAM,2024-04-15,TRENDING_UP,False,True,-0.2199999999999911,0.6250000000000089,False
FHAM,2024-12-02,TRENDING_UP,False,False,,,False
FHAM,2025-06-11,TRENDING_UP,False,True,-6.0000895587592815,-5.155089558759282,False
FHAM,2026-06-17,TRENDING_UP,False,True,-2.987857142857143,-2.142857142857143,False
FIBLM,2025-06-05,TRENDING_UP,False,False,,,False
FIBLM,2026-01-22,TRENDING_UP,False,False,,,False
FIL,2025-07-18,TRENDING_UP,False,False,,,False
FIL,2026-06-30,TRENDING_UP,False,False,,,False
FIMM,2025-09-11,TRENDING_UP,False,False,,,False
FLYNG,2020-09-03,TRENDING_UP,False,False,,,False
FLYNG,2021-01-01,TRENDING_UP,False,False,,,False
FLYNG,2022-10-05,RANGING,False,False,,,False
FLYNG,2023-03-15,RANGING,False,False,,,False
FLYNG,2023-10-31,TRENDING_UP,False,False,,,False
FLYNG,2024-04-02,TRENDING_UP,False,False,,,False
FLYNG,2025-05-02,VOLATILE,False,False,,,False
FML,2020-01-16,TRENDING_UP,False,False,,,False
FML,2020-07-17,RANGING,False,False,,,False
FML,2021-01-06,TRENDING_UP,False,False,,,False
FML,2022-07-05,TRENDING_DOWN,False,False,,,False
FML,2023-05-12,RANGING,False,True,0.11044080779944636,0.9749303621169957,True
FML,2025-07-03,TRENDING_UP,False,False,,,False
FML,2026-06-29,TRENDING_UP,False,True,-7.000559090186094,-6.155559090186094,False
FNEL,2025-06-13,TRENDING_UP,False,False,,,False
FPJM,2024-07-05,TRENDING_UP,False,False,,,False
FPJM,2024-12-02,TRENDING_UP,False,False,,,False
FPJM,2025-09-17,TRENDING_UP,False,False,,,False
FPJM,2026-04-21,VOLATILE,False,True,-8.844999999999994,-7.999999999999993,False
FPRM,2024-01-01,TRENDING_UP,False,True,-3.067222222222214,-2.2222222222222143,False
FPRM,2025-01-08,TRENDING_UP,False,False,,,False
FPRM,2025-06-26,TRENDING_UP,False,False,,,False
FPRM,2026-06-02,TRENDING_UP,False,True,-6.505377358490569,-5.660377358490569,False
FRCL,2020-06-15,RANGING,False,False,,,False
FRCL,2022-03-03,TRENDING_DOWN,False,False,,,False
FRCL,2024-04-18,TRENDING_UP,False,True,-0.845,0.0,False
FRCL,2024-09-25,TRENDING_UP,False,False,,,False
FRCL,2025-04-14,TRENDING_UP,False,False,,,False
FRCL,2025-10-16,TRENDING_UP,False,False,,,False
FRCL,2026-07-01,TRENDING_UP,False,False,,,False
FRSM,2024-01-01,TRENDING_UP,False,False,,,False
FRSM,2024-11-15,TRENDING_UP,False,False,,,False
FRSM,2025-09-03,TRENDING_UP,False,False,,,False
FRSM,2026-07-06,TRENDING_UP,False,True,-4.1599171270718225,-3.3149171270718223,False
FSWL,2024-08-07,RANGING,False,False,,,False
FSWL,2025-07-25,TRENDING_UP,False,True,-2.304016393442624,-1.459016393442624,False
FSWL,2026-06-29,TRENDING_UP,False,False,,,False
FTMM,2024-11-11,TRENDING_UP,False,False,,,False
FTMM,2025-06-16,TRENDING_UP,False,False,,,False
FTMM,2025-11-21,VOLATILE,False,False,,,False
FTSM,2024-05-14,TRENDING_UP,False,False,,,False
FTSM,2025-06-19,RANGING,False,False,,,False
FTSM,2025-10-08,TRENDING_UP,False,False,,,False
FTSM,2026-06-22,TRENDING_UP,False,False,,,False
FUDLM,2024-05-21,TRENDING_UP,False,True,0.37304814550641774,1.2838801711840209,True
FZCM,2020-03-13,VOLATILE,False,False,,,False
FZCM,2021-01-15,TRENDING_UP,False,False,,,False
FZCM,2023-11-30,TRENDING_UP,False,True,5.437192804428046,7.241697416974172,True
FZCM,2024-12-06,TRENDING_UP,False,False,,,False
FZCM,2025-05-22,TRENDING_UP,False,False,,,False
FZCM,2026-02-03,TRENDING_UP,False,False,,,False
GADT,2024-01-01,TRENDING_UP,False,True,0.9321553201300907,1.9416533178001067,True
GADT,2024-10-28,TRENDING_UP,False,True,-3.396020408163265,-2.5510204081632653,False
GADT,2025-05-21,TRENDING_UP,False,False,,,False
GADT,2026-05-14,VOLATILE,False,False,,,False
GAIL,2020-01-10,TRENDING_UP,False,False,,,False
GAIL,2020-06-15,RANGING,False,False,,,False
GAIL,2021-01-12,TRENDING_UP,False,False,,,False
GAL,2024-04-02,TRENDING_UP,False,False,,,False
GAL,2024-12-05,TRENDING_UP,False,False,,,False
GAL,2025-07-23,TRENDING_UP,False,True,3.257022140841287,4.676790753930926,True
GAL,2026-06-15,TRENDING_UP,False,False,,,False
GAMON,2020-04-07,TRENDING_DOWN,False,True,18.3764156649136,22.464312546957178,True
GAMON,2021-02-09,TRENDING_UP,False,False,,,False
GAMON,2021-06-22,TRENDING_UP,False,False,,,False
GAMON,2023-08-24,TRENDING_UP,False,False,,,False
GAMON,2024-07-12,TRENDING_UP,False,False,,,False
GATI,2024-05-17,TRENDING_UP,False,False,,,False
GATI,2025-07-08,TRENDING_UP,False,False,,,False
GATM,2020-07-20,RANGING,False,False,,,False
GATM,2021-01-13,TRENDING_UP,False,False,,,False
GATM,2021-08-03,RANGING,False,False,,,False
GATM,2023-05-24,RANGING,False,False,,,False
GATM,2023-11-03,TRENDING_UP,False,False,,,False
GATM,2024-11-19,TRENDING_UP,False,False,,,False
GATM,2025-06-30,TRENDING_UP,False,False,,,False
GATM,2026-06-17,TRENDING_UP,False,False,,,False
GCIL,2020-09-02,TRENDING_UP,False,False,,,False
GCIL,2021-04-23,RANGING,False,False,,,False
GCIL,2022-04-14,RANGING,False,False,,,False
GCIL,2022-10-19,RANGING,False,False,,,False
GCIL,2023-11-20,TRENDING_UP,False,False,,,False
GCIL,2024-06-06,RANGING,False,False,,,False
GCIL,2024-11-05,TRENDING_UP,False,False,,,False
GCIL,2025-06-26,TRENDING_UP,False,False,,,False
GCIL,2026-06-22,TRENDING_UP,False,False,,,False
GCWL,2025-09-02,TRENDING_UP,False,False,,,False
GCWL,2026-02-03,TRENDING_UP,False,False,,,False
GEMBCEM,2025-06-27,TRENDING_UP,False,True,-8.572272727272724,-7.727272727272724,False
GEMBLUEX,2025-05-16,TRENDING_UP,False,False,,,False
GEMBLUEX,2025-10-27,VOLATILE,False,False,,,False
GEMMEL,2025-12-23,TRENDING_UP,False,False,,,False
GEMPACRA,2025-12-11,TRENDING_UP,False,False,,,False
GEMPACRA,2026-06-22,TRENDING_UP,False,True,9.71356818181819,12.272727272727282,True
GEMPAPL,2025-07-07,TRENDING_UP,False,False,,,False
GEMPAPL,2026-06-30,TRENDING_UP,False,False,,,False
GEMSPNL,2024-12-06,TRENDING_UP,False,False,,,False
GEMSPNL,2025-09-19,TRENDING_UP,False,False,,,False
GEMSPNL,2026-03-11,VOLATILE,False,False,,,False
GFIL,2020-09-09,TRENDING_UP,False,False,,,False
GFIL,2021-02-26,RANGING,False,False,,,False
GFIL,2023-07-18,TRENDING_UP,False,True,-0.845,0.0,False
GFIL,2024-02-20,VOLATILE,False,False,,,False
GFIL,2025-07-08,TRENDING_UP,False,False,,,False
GFIL,2026-01-06,TRENDING_UP,False,False,,,False
GFIL,2026-04-28,TRENDING_UP,False,False,,,False
GGGL,2020-05-18,VOLATILE,False,False,,,False
GGGL,2020-12-31,TRENDING_UP,False,False,,,False
GGGL,2022-04-12,RANGING,False,False,,,False
GGGL,2023-11-20,TRENDING_UP,False,False,,,False
GGGL,2024-05-08,TRENDING_UP,False,False,,,False
GGGL,2024-12-04,TRENDING_UP,False,True,25.000881614654002,30.25780189959294,True
GGGL,2025-08-21,TRENDING_UP,False,False,,,False
GGL,2020-01-02,TRENDING_UP,False,False,,,False
GGL,2020-06-11,RANGING,False,True,6.390618060562365,8.3633741888969,True
GGL,2021-01-12,TRENDING_UP,False,False,,,False
GGL,2023-03-16,RANGING,False,False,,,False
GGL,2023-11-02,TRENDING_UP,False,False,,,False
GGL,2024-05-13,TRENDING_UP,False,False,,,False
GGL,2024-11-05,TRENDING_UP,False,False,,,False
GGL,2025-05-21,TRENDING_UP,False,False,,,False
GGL,2026-06-05,TRENDING_UP,False,True,0.8542500000000044,1.8500000000000052,True
GHGL,2020-07-13,RANGING,False,False,,,False
GHGL,2021-06-07,TRENDING_UP,False,False,,,False
GHGL,2023-11-17,TRENDING_UP,False,False,,,False
GHGL,2024-05-13,TRENDING_UP,False,False,,,False
GHGL,2024-11-13,TRENDING_UP,False,False,,,False
GHGL,2025-03-07,TRENDING_UP,False,False,,,False
GHNI,2020-07-06,RANGING,False,False,,,False
GHNI,2020-12-15,TRENDING_UP,False,False,,,False
GHNI,2021-07-05,RANGING,False,False,,,False
GHNI,2022-04-12,RANGING,False,False,,,False
GHNI,2023-07-10,TRENDING_UP,False,False,,,False
GHNI,2024-04-22,TRENDING_UP,False,True,-3.5697956403269755,-2.7247956403269753,False
GHNI,2024-12-09,TRENDING_UP,False,False,,,False
GHNI,2025-07-10,TRENDING_UP,False,False,,,False
GHNI,2026-01-19,TRENDING_UP,False,False,,,False
GHNI,2026-06-04,TRENDING_UP,False,False,,,False
GHNL,2020-07-15,RANGING,False,False,,,False
GHNL,2020-12-23,TRENDING_UP,False,False,,,False
GHNL,2021-07-15,RANGING,False,False,,,False
GLAXO,2020-07-06,RANGING,False,True,3.5081700792602364,4.972258916776749,True
GLAXO,2023-11-20,TRENDING_UP,False,False,,,False
GLAXO,2024-04-22,TRENDING_UP,False,False,,,False
GLAXO,2024-08-26,TRENDING_UP,False,False,,,False
GLAXO,2025-04-11,VOLATILE,False,False,,,False
GLAXO,2026-01-08,TRENDING_UP,False,True,-2.398367852618949,-1.553367852618949,False
GLPL,2020-01-23,TRENDING_UP,False,False,,,False
GLPL,2021-07-09,RANGING,False,False,,,False
GLPL,2022-08-15,RANGING,False,True,-2.2634397163120568,-1.4184397163120568,False
GLPL,2023-10-24,TRENDING_UP,False,True,-4.178333333333334,-3.3333333333333335,False
GLPL,2024-07-19,TRENDING_UP,False,False,,,False
GLPL,2024-11-28,TRENDING_UP,False,False,,,False
GLPL,2025-05-06,VOLATILE,False,False,,,False
GLPL,2025-10-06,TRENDING_UP,False,False,,,False
GLPL,2026-01-30,TRENDING_UP,False,False,,,False
GOC,2020-01-21,TRENDING_UP,False,True,-3.130714285714288,-2.285714285714288,False
GOC,2021-08-04,TRENDING_UP,False,True,9.198416666666661,11.66666666666666,True
GOC,2022-11-24,RANGING,False,False,,,False
GOC,2024-07-12,TRENDING_UP,False,False,,,False
GOC,2024-12-17,TRENDING_UP,False,True,-8.84499999999999,-7.999999999999989,False
GOC,2025-05-22,TRENDING_UP,False,False,,,False
GOC,2026-05-14,VOLATILE,False,False,,,False
GRR,2023-06-12,RANGING,False,True,-2.972659574468085,-2.127659574468085,False
GRR,2025-01-21,TRENDING_UP,False,False,,,False
GRR,2025-06-02,TRENDING_UP,False,False,,,False
GRR,2025-11-07,VOLATILE,False,True,-3.0084615384615345,-2.1634615384615348,False
GRR,2026-06-29,TRENDING_UP,False,False,,,False
GRYL,2024-05-29,TRENDING_UP,False,False,,,False
GRYL,2024-12-11,TRENDING_UP,False,False,,,False
GRYL,2025-06-11,TRENDING_UP,False,False,,,False
GRYL,2026-06-05,TRENDING_UP,False,True,-8.844999999999995,-7.999999999999995,False
GSKCH,2020-06-10,RANGING,False,False,,,False
GSKCH,2021-02-02,TRENDING_UP,False,False,,,False
GSKCH,2021-09-06,RANGING,False,False,,,False
GSPM,2024-07-24,TRENDING_UP,False,False,,,False
GSPM,2025-08-06,TRENDING_UP,False,True,35.973723969631216,43.16702819956614,True
GSPM,2025-11-27,TRENDING_UP,False,False,,,False
GSPM,2026-06-02,TRENDING_UP,False,False,,,False
GTYR,2020-06-12,RANGING,False,False,,,False
GTYR,2021-01-29,TRENDING_UP,False,False,,,False
GTYR,2023-10-09,TRENDING_UP,False,False,,,False
GTYR,2024-04-09,TRENDING_UP,False,False,,,False
GTYR,2024-11-29,TRENDING_UP,False,False,,,False
GTYR,2025-07-04,TRENDING_UP,False,False,,,False
GTYR,2026-01-20,TRENDING_UP,False,True,-2.8640023752969155,-2.0190023752969153,False
GUSM,2024-06-03,TRENDING_UP,False,True,-8.844999999999994,-7.999999999999993,False
GUSM,2025-01-16,TRENDING_UP,False,False,,,False
GUSM,2025-07-23,TRENDING_UP,False,False,,,False
GUSM,2025-11-27,TRENDING_UP,False,False,,,False
GUSM,2026-06-05,TRENDING_UP,False,False,,,False
GVGL,2020-07-14,RANGING,False,False,,,False
GVGL,2021-01-12,TRENDING_UP,False,False,,,False
GVGL,2021-07-01,RANGING,False,False,,,False
GVGL,2022-01-31,RANGING,False,False,,,False
GVGL,2022-09-01,RANGING,False,False,,,False
GVGL,2023-03-14,RANGING,False,False,,,False
GVGL,2023-11-16,TRENDING_UP,False,True,1.3469673913043385,2.429667519181575,True
GVGL,2024-09-18,TRENDING_UP,False,False,,,False
GVGL,2025-05-20,TRENDING_UP,False,True,0.5918937200583249,1.541345553009794,True
GVGL,2026-01-01,TRENDING_UP,False,False,,,False
GWLC,2020-03-05,VOLATILE,False,False,,,False
GWLC,2020-12-15,TRENDING_UP,False,False,,,False
GWLC,2022-03-17,TRENDING_DOWN,False,True,-4.44630956711531,-3.6013095671153095,False
GWLC,2023-03-15,RANGING,False,False,,,False
GWLC,2023-08-04,TRENDING_UP,False,True,-3.1586246786632355,-2.3136246786632357,False
GWLC,2023-11-14,TRENDING_UP,False,False,,,False
GWLC,2024-05-10,TRENDING_UP,False,False,,,False
GWLC,2024-10-24,TRENDING_UP,False,False,,,False
GWLC,2025-06-17,TRENDING_UP,False,True,-5.369627720504017,-4.524627720504017,False
GWLC,2025-09-24,TRENDING_UP,False,False,,,False
HABSM,2024-01-01,TRENDING_UP,False,False,,,False
HABSM,2024-12-04,TRENDING_UP,False,False,,,False
HABSM,2025-06-12,TRENDING_UP,False,True,-1.718875048910919,-0.873875048910919,False
HAEL,2020-01-13,TRENDING_UP,False,False,,,False
HAEL,2023-10-02,TRENDING_UP,False,False,,,False
HAEL,2024-06-24,TRENDING_UP,False,False,,,False
HAEL,2024-10-28,TRENDING_UP,False,False,,,False
HAEL,2025-05-19,TRENDING_UP,False,False,,,False
HAEL,2026-02-09,VOLATILE,False,False,,,False
HAEL,2026-07-02,TRENDING_UP,False,True,13.659859452736324,16.915422885572145,True
HAFL,2024-06-20,TRENDING_UP,False,True,3.53175,5.0,True
HAFL,2025-07-09,TRENDING_UP,False,False,,,False
HAFL,2025-12-12,TRENDING_UP,False,False,,,False
HALEON,2023-07-06,TRENDING_UP,False,True,4.946987404628282,6.664985181915626,True
HALEON,2023-11-23,TRENDING_UP,False,True,1.88369444444444,3.061111111111106,True
HALEON,2025-08-19,TRENDING_UP,False,False,,,False
HALEON,2026-01-08,TRENDING_UP,False,False,,,False
HASCOL,2020-08-11,TRENDING_UP,False,False,,,False
HASCOL,2022-08-15,RANGING,False,False,,,False
HASCOL,2023-12-06,TRENDING_UP,False,False,,,False
HASCOL,2024-08-30,TRENDING_UP,False,False,,,False
HASCOL,2025-09-25,TRENDING_UP,False,False,,,False
HASCOL,2026-01-07,TRENDING_UP,False,False,,,False
HBL,2020-07-24,RANGING,False,False,,,False
HBL,2023-01-26,VOLATILE,False,False,,,False
HBL,2023-07-25,TRENDING_UP,False,False,,,False
HBL,2023-11-27,TRENDING_UP,False,False,,,False
HBL,2024-06-20,TRENDING_UP,False,False,,,False
HBL,2024-11-27,TRENDING_UP,False,False,,,False
HBL,2025-06-25,TRENDING_UP,False,True,4.594249999999998,6.249999999999997,True
HBL,2026-01-05,TRENDING_UP,False,False,,,False
HBLTETF,2026-01-16,TRENDING_UP,False,False,,,False
HCAR,2020-07-07,RANGING,False,False,,,False
HCAR,2021-05-24,TRENDING_UP,False,False,,,False
HCAR,2023-07-13,TRENDING_UP,False,False,,,False
HCAR,2024-04-23,TRENDING_UP,False,False,,,False
HCAR,2024-11-07,TRENDING_UP,False,False,,,False
HCAR,2026-06-02,TRENDING_UP,False,True,5.951749999999998,7.847058823529409,True
HCL,2020-06-22,RANGING,False,False,,,False
HCL,2024-08-27,RANGING,False,False,,,False
HGFA,2024-10-16,TRENDING_UP,False,True,-0.845,0.0,False
HGFA,2025-06-24,TRENDING_UP,False,True,-0.845,0.0,False
HGFA,2026-06-11,RANGING,False,False,,,False
HICL,2020-01-03,TRENDING_UP,False,True,-1.8449999999999949,-0.9999999999999948,False
HICL,2022-11-14,RANGING,False,True,-0.845,0.0,False
HICL,2023-12-07,TRENDING_UP,False,False,,,False
HICL,2024-12-09,TRENDING_UP,False,False,,,False
HICL,2025-07-09,TRENDING_UP,False,False,,,False
HICL,2026-01-27,TRENDING_UP,False,False,,,False
HIFA,2024-11-04,TRENDING_UP,False,False,,,False
HIFA,2025-07-22,TRENDING_UP,False,False,,,False
HIFA,2026-06-16,TRENDING_UP,False,True,-0.4846396396396313,0.36036036036036867,False
HINO,2020-07-09,RANGING,False,False,,,False
HINO,2021-06-08,TRENDING_UP,False,False,,,False
HINO,2023-10-17,TRENDING_UP,False,False,,,False
HINO,2024-05-06,TRENDING_UP,False,False,,,False
HINO,2024-12-04,TRENDING_UP,False,False,,,False
HINO,2025-07-24,TRENDING_UP,False,False,,,False
HINO,2026-06-15,TRENDING_UP,False,True,-3.1783773261185253,-2.333377326118525,False
HINOON,2020-07-08,RANGING,False,True,-3.608385146804836,-2.763385146804836,False
HINOON,2021-01-26,TRENDING_UP,False,False,,,False
HINOON,2023-11-28,TRENDING_UP,False,True,-1.669742268041237,-0.8247422680412372,False
HINOON,2024-08-23,TRENDING_UP,False,False,,,False
HINOON,2025-04-14,TRENDING_UP,False,True,-1.7633673469387756,-0.9183673469387756,False
HINOON,2025-07-14,TRENDING_UP,False,False,,,False
HIRAT,2024-06-07,RANGING,False,False,,,False
HIRAT,2025-06-16,TRENDING_UP,False,False,,,False
HIRAT,2026-05-07,TRENDING_UP,False,False,,,False
HMB,2020-01-10,TRENDING_UP,False,True,0.5567500000000031,1.5000000000000036,True
HMB,2020-07-30,TRENDING_UP,False,True,-1.103323765786462,-0.2583237657864621,False
HMB,2023-07-21,TRENDING_UP,False,True,1.7455181159420288,2.898550724637681,True
HMB,2024-06-14,TRENDING_UP,False,False,,,False
HMB,2024-11-22,TRENDING_UP,False,True,-0.845,0.0,False
HMB,2025-07-01,TRENDING_UP,False,False,,,False
HMB,2026-02-04,TRENDING_UP,False,False,,,False
HMM,2021-06-23,TRENDING_UP,False,True,-0.845,0.0,False
HMM,2021-12-31,RANGING,False,True,-0.845,0.0,False
HPL,2024-05-17,TRENDING_UP,False,False,,,False
HPL,2025-01-21,TRENDING_UP,False,False,,,False
HPL,2025-08-18,TRENDING_UP,False,True,-2.346044386422971,-1.5010443864229708,False
HPL,2025-12-12,TRENDING_UP,False,False,,,False
HRPL,2025-05-30,TRENDING_UP,False,True,1.8276437198067628,2.995169082125603,True
HSPI,2021-08-05,TRENDING_UP,False,False,,,False
HSPI,2024-06-04,TRENDING_UP,False,False,,,False
HTL,2020-07-08,RANGING,False,False,,,False
HTL,2021-01-05,TRENDING_UP,False,True,-3.011430451508403,-2.166430451508403,False
HTL,2021-08-11,RANGING,False,False,,,False
HTL,2022-08-15,RANGING,False,False,,,False
HTL,2023-07-10,TRENDING_UP,False,True,0.9470838664534131,1.9592163134746037,True
HTL,2023-11-14,TRENDING_UP,False,False,,,False
HTL,2024-05-10,TRENDING_UP,False,False,,,False
HTL,2024-11-20,TRENDING_UP,False,False,,,False
HTL,2025-09-18,TRENDING_UP,False,True,-4.558379361821239,-3.713379361821239,False
HUBC,2020-01-02,TRENDING_UP,False,False,,,False
HUBC,2020-08-11,TRENDING_UP,False,False,,,False
HUBC,2021-01-04,TRENDING_UP,False,True,-4.384325842696636,-3.5393258426966354,False
HUBC,2022-01-10,RANGING,False,False,,,False
HUBC,2022-10-03,TRENDING_DOWN,False,False,,,False
HUBC,2023-03-09,RANGING,False,True,-2.255437235543018,-1.4104372355430181,False
HUBC,2023-07-03,RANGING,False,False,,,False
HUBC,2024-04-09,TRENDING_UP,False,False,,,False
HUBC,2024-12-17,TRENDING_UP,False,False,,,False
HUBC,2025-09-03,TRENDING_UP,False,False,,,False
HUBC,2026-01-07,TRENDING_UP,False,False,,,False
HUMNL,2020-04-17,VOLATILE,False,False,,,False
HUMNL,2022-02-02,RANGING,False,False,,,False
HUMNL,2023-11-06,TRENDING_UP,False,False,,,False
HUMNL,2024-05-07,TRENDING_UP,False,False,,,False
HUMNL,2024-10-10,TRENDING_UP,False,False,,,False
HUMNL,2025-07-23,TRENDING_UP,False,False,,,False
HUSI,2021-08-02,RANGING,False,False,,,False
HUSI,2022-11-21,RANGING,False,False,,,False
HUSI,2023-09-15,RANGING,False,True,-0.845,0.0,False
HUSI,2025-01-02,TRENDING_UP,False,False,,,False
HUSI,2026-02-13,VOLATILE,False,False,,,False
HUSI,2026-06-22,TRENDING_UP,False,False,,,False
HWQS,2024-01-01,TRENDING_UP,False,False,,,False
HWQS,2024-11-19,TRENDING_UP,False,False,,,False
HWQS,2025-06-27,TRENDING_UP,False,False,,,False
HWQS,2026-01-16,TRENDING_UP,False,False,,,False
IBFL,2024-01-02,TRENDING_UP,False,True,-0.845,0.0,False
IBFL,2026-07-03,TRENDING_UP,False,False,,,False
IBLHL,2020-06-16,RANGING,False,False,,,False
IBLHL,2023-11-15,TRENDING_UP,False,False,,,False
IBLHL,2024-05-09,TRENDING_UP,False,False,,,False
IBLHL,2024-11-11,TRENDING_UP,False,False,,,False
IBLHL,2025-05-20,TRENDING_UP,False,False,,,False
IBLHL,2025-11-17,VOLATILE,False,False,,,False
ICCI,2024-06-05,RANGING,False,False,,,False
ICCI,2024-12-04,TRENDING_UP,False,False,,,False
ICCI,2025-05-29,TRENDING_UP,False,False,,,False
ICCI,2025-09-23,TRENDING_UP,False,False,,,False
ICCI,2026-04-29,TRENDING_UP,False,True,-2.8775203252032515,-2.0325203252032518,False
ICI,2020-01-10,TRENDING_UP,False,False,,,False
ICI,2020-07-13,RANGING,False,True,-1.6547165991902832,-0.8097165991902834,False
ICI,2021-01-14,TRENDING_UP,False,True,-1.847828490614548,-1.002828490614548,False
ICI,2022-04-14,RANGING,False,True,-2.663181818181818,-1.8181818181818181,False
ICIBL,2024-01-01,TRENDING_UP,False,True,-0.845,0.0,False
ICIBL,2024-09-04,TRENDING_UP,False,False,,,False
ICIBL,2025-06-02,TRENDING_UP,False,False,,,False
ICL,2020-04-20,VOLATILE,False,True,-0.02532786885244731,0.8196721311475527,False
ICL,2021-01-13,TRENDING_UP,False,False,,,False
ICL,2023-01-26,VOLATILE,False,False,,,False
ICL,2023-11-03,TRENDING_UP,False,False,,,False
ICL,2024-05-24,TRENDING_UP,False,True,-1.9319565217391304,-1.0869565217391304,False
ICL,2024-11-25,TRENDING_UP,False,False,,,False
ICL,2025-05-29,TRENDING_UP,False,False,,,False
IDRT,2025-02-24,RANGING,False,False,,,False
IDRT,2025-08-29,TRENDING_UP,False,True,-7.449913411196122,-6.604913411196122,False
IDRT,2025-12-30,TRENDING_UP,False,False,,,False
IDRT,2026-05-13,TRENDING_UP,False,False,,,False
IDSM,2024-01-01,TRENDING_UP,False,True,-0.845,0.0,False
IDSM,2025-07-01,TRENDING_UP,False,False,,,False
IDSM,2025-10-15,TRENDING_UP,False,False,,,False
IDSM,2026-01-29,VOLATILE,False,False,,,False
IDSM,2026-05-07,TRENDING_UP,False,True,14.103814056939497,17.437722419928818,True
IDYM,2024-09-18,TRENDING_UP,False,False,,,False
IDYM,2025-04-18,TRENDING_UP,False,False,,,False
IGIHL,2020-04-24,VOLATILE,False,True,3.8486359649122805,5.37280701754386,True
IGIHL,2020-09-02,TRENDING_UP,False,False,,,False
IGIHL,2021-05-31,TRENDING_UP,False,True,-3.4936486486486515,-2.648648648648652,False
IGIHL,2023-11-20,TRENDING_UP,False,False,,,False
IGIHL,2024-05-15,TRENDING_UP,False,False,,,False
IGIHL,2025-06-27,TRENDING_UP,False,False,,,False
IGIHL,2026-05-11,TRENDING_UP,False,False,,,False
IGIL,2020-05-20,RANGING,False,False,,,False
IGIL,2023-12-05,TRENDING_UP,False,False,,,False
IGIL,2024-08-02,RANGING,False,False,,,False
IGIL,2024-12-03,TRENDING_UP,False,True,-3.3611290322580682,-2.516129032258068,False
IGIL,2025-12-19,TRENDING_UP,False,False,,,False
ILP,2020-07-09,RANGING,False,True,0.16716666666666655,1.0416666666666665,True
ILP,2021-01-08,TRENDING_UP,False,False,,,False
ILP,2022-02-09,TRENDING_UP,False,False,,,False
ILP,2023-06-09,RANGING,False,True,0.2437166048237469,1.1317254174397022,True
ILP,2023-09-25,RANGING,False,False,,,False
ILP,2024-05-06,TRENDING_UP,False,False,,,False
ILP,2025-06-30,TRENDING_UP,False,False,,,False
ILP,2026-02-03,TRENDING_UP,False,False,,,False
ILP,2026-06-15,TRENDING_UP,False,False,,,False
ILTM,2020-11-12,VOLATILE,False,False,,,False
IMAGE,2024-01-01,TRENDING_UP,False,False,,,False
IMAGE,2024-08-15,RANGING,False,False,,,False
IMAGE,2024-12-02,TRENDING_UP,False,False,,,False
IMAGE,2025-07-01,TRENDING_UP,False,False,,,False
IMAGE,2026-01-19,TRENDING_UP,False,False,,,False
IMAGE,2026-06-17,TRENDING_UP,False,False,,,False
IML,2024-07-11,TRENDING_UP,False,False,,,False
IML,2024-12-16,TRENDING_UP,False,False,,,False
IML,2025-07-22,TRENDING_UP,False,False,,,False
IMS,2025-11-07,VOLATILE,False,False,,,False
IMS,2026-06-18,TRENDING_UP,False,False,,,False
INDU,2020-07-07,RANGING,False,False,,,False
INDU,2021-06-07,TRENDING_UP,False,False,,,False
INDU,2022-01-14,RANGING,False,False,,,False
INDU,2023-11-07,TRENDING_UP,False,False,,,False
INDU,2024-11-05,TRENDING_UP,False,True,-1.9234313725490195,-1.0784313725490196,False
INDU,2025-07-11,TRENDING_UP,False,False,,,False
INDU,2026-01-06,TRENDING_UP,False,False,,,False
INIL,2020-01-02,TRENDING_UP,False,False,,,False
INIL,2020-07-20,RANGING,False,False,,,False
INIL,2021-01-12,TRENDING_UP,False,False,,,False
INIL,2023-07-04,RANGING,False,True,-1.9997619047619033,-1.1547619047619033,False
INIL,2023-10-16,TRENDING_UP,False,False,,,False
INIL,2024-04-15,TRENDING_UP,False,False,,,False
INIL,2024-12-05,TRENDING_UP,False,False,,,False
INIL,2025-06-03,TRENDING_UP,False,False,,,False
INKL,2020-06-09,RANGING,False,False,,,False
INKL,2023-09-28,TRENDING_UP,False,True,2.923767968210085,4.284727021423629,True
INKL,2025-03-06,TRENDING_UP,False,False,,,False
INKL,2025-07-15,TRENDING_UP,False,False,,,False
INKL,2026-06-15,TRENDING_UP,False,False,,,False
IPAK,2025-06-27,TRENDING_UP,False,True,-2.591910950149127,-1.7469109501491271,False
IPAK,2025-12-09,TRENDING_UP,False,False,,,False
IPAK,2026-06-16,TRENDING_UP,False,False,,,False
ISIL,2020-09-08,TRENDING_UP,False,True,5.293945121951219,7.073170731707316,True
ISIL,2021-10-27,VOLATILE,False,False,,,False
ISIL,2023-07-13,TRENDING_UP,False,False,,,False
ISIL,2024-09-24,TRENDING_UP,False,True,4.577849072658366,6.2307047913627835,True
ISIL,2025-07-07,TRENDING_UP,False,False,,,False
ISL,2020-07-13,RANGING,False,False,,,False
ISL,2020-12-14,TRENDING_UP,False,False,,,False
ISL,2021-06-14,TRENDING_UP,False,False,,,False
ISL,2023-07-10,TRENDING_UP,False,True,1.9269782157676347,3.1120331950207465,True
ISL,2023-10-16,TRENDING_UP,False,False,,,False
ISL,2024-04-09,TRENDING_UP,False,True,-0.42608108108107795,0.418918918918922,False
ISL,2024-12-02,TRENDING_UP,False,False,,,False
ISL,2025-06-03,TRENDING_UP,False,False,,,False
ISL,2026-07-06,TRENDING_UP,False,False,,,False
ITTEFAQ,2020-07-17,RANGING,False,False,,,False
ITTEFAQ,2021-01-14,TRENDING_UP,False,False,,,False
ITTEFAQ,2021-05-31,TRENDING_UP,False,False,,,False
ITTEFAQ,2022-08-15,RANGING,False,False,,,False
ITTEFAQ,2023-03-20,RANGING,False,False,,,False
ITTEFAQ,2023-07-10,TRENDING_UP,False,False,,,False
ITTEFAQ,2023-10-23,TRENDING_UP,False,False,,,False
ITTEFAQ,2024-12-03,TRENDING_UP,False,True,-1.4044405594405598,-0.5594405594405599,False
ITTEFAQ,2025-07-01,TRENDING_UP,False,False,,,False
ITTEFAQ,2026-07-07,TRENDING_UP,False,True,-6.5532452431289725,-5.708245243128973,False
JATM,2024-01-01,TRENDING_UP,False,False,,,False
JATM,2025-06-20,RANGING,False,True,-8.844999999999997,-7.9999999999999964,False
JATM,2026-04-28,TRENDING_UP,False,False,,,False
JDMT,2024-05-29,TRENDING_UP,False,False,,,False
JDMT,2025-06-02,TRENDING_UP,False,True,-4.326558083419515,-3.4815580834195154,False
JDMT,2025-12-24,TRENDING_UP,False,False,,,False
JDWS,2024-01-01,TRENDING_UP,False,False,,,False
JDWS,2024-05-30,TRENDING_UP,False,False,,,False
JDWS,2024-10-17,TRENDING_UP,False,False,,,False
JGICL,2020-01-28,TRENDING_UP,False,True,1.5572249568221135,2.6770293609671922,True
JGICL,2020-09-11,TRENDING_UP,False,False,,,False
JGICL,2021-11-05,TRENDING_UP,False,True,6.632082594235031,8.647450110864742,True
JGICL,2023-05-03,RANGING,False,True,-0.845,0.0,False
JGICL,2024-06-20,TRENDING_UP,False,False,,,False
JGICL,2024-12-04,TRENDING_UP,False,False,,,False
JGICL,2025-07-01,TRENDING_UP,False,True,1.619453869523513,2.7502398464982507,True
JKSM,2024-01-05,VOLATILE,False,True,-0.845,0.0,False
JKSM,2024-12-03,TRENDING_UP,False,False,,,False
JKSM,2026-06-17,TRENDING_UP,False,True,13.167888613861386,16.33663366336634,True
JLICL,2020-01-20,TRENDING_UP,False,False,,,False
JLICL,2020-08-05,TRENDING_UP,False,False,,,False
JLICL,2021-04-13,RANGING,False,True,-2.082006493666821,-1.2370064936668208,False
JLICL,2023-07-18,TRENDING_UP,False,True,-3.2129999999999947,-2.367999999999995,False
JLICL,2023-11-08,TRENDING_UP,False,True,-1.62625,-0.78125,False
JLICL,2024-11-15,TRENDING_UP,False,True,-1.1874657534246575,-0.3424657534246575,False
JLICL,2025-07-02,TRENDING_UP,False,False,,,False
JLICL,2026-01-16,TRENDING_UP,False,False,,,False
JOPP,2021-06-30,RANGING,False,True,5.2119825581395345,6.976744186046512,True
JOPP,2022-11-14,RANGING,False,False,,,False
JOPP,2023-07-10,TRENDING_UP,False,True,28.704826923076922,34.61538461538461,True
JSBL,2020-07-02,RANGING,False,True,-8.844999999999994,-7.999999999999993,False
JSBL,2021-01-25,TRENDING_UP,False,False,,,False
JSBL,2022-11-11,RANGING,False,True,3.162184782608695,4.565217391304347,True
JSBL,2023-07-04,RANGING,False,False,,,False
JSBL,2023-11-01,TRENDING_UP,False,True,0.6567500000000039,1.617647058823534,True
JSBL,2024-07-03,TRENDING_UP,False,False,,,False
JSBL,2025-01-08,TRENDING_UP,False,False,,,False
JSBL,2025-06-04,TRENDING_UP,False,False,,,False
JSCL,2024-01-01,TRENDING_UP,False,False,,,False
JSCL,2024-06-13,TRENDING_UP,False,True,1.5317499999999966,2.6470588235294077,True
JSCL,2024-11-14,TRENDING_UP,False,True,-3.36600840336136,-2.52100840336136,False
JSCL,2025-06-05,TRENDING_UP,False,True,-0.7937179487179407,0.051282051282059295,False
JSCL,2026-07-02,TRENDING_UP,False,False,,,False
JSCLPSA,2024-12-05,TRENDING_UP,False,True,7.934444610778439,10.17964071856287,True
JSCLPSA,2025-06-10,TRENDING_UP,False,False,,,False
JSCLPSA,2025-09-19,TRENDING_UP,False,True,2.555824074074071,3.8518518518518485,True
JSGBETF,2024-10-30,TRENDING_UP,False,True,-3.398413236060458,-2.5534132360604582,False
JSGBETF,2025-04-24,VOLATILE,False,True,-0.27735572374644746,0.5676442762535525,False
JSGBETF,2026-07-01,TRENDING_UP,False,True,-0.9622332942555619,-0.11723329425556192,False
JSGCL,2024-01-02,TRENDING_UP,False,True,-0.845,0.0,False
JSGCL,2025-08-12,TRENDING_UP,False,False,,,False
JSGCL,2025-12-10,TRENDING_UP,False,False,,,False
JSIL,2024-09-12,TRENDING_UP,False,False,,,False
JSIL,2025-05-30,TRENDING_UP,False,False,,,False
JSMFETF,2024-04-22,TRENDING_UP,False,False,,,False
JSMFETF,2024-12-05,TRENDING_UP,False,False,,,False
JSMFETF,2025-09-08,TRENDING_UP,False,True,-1.1723322422258668,-0.3273322422258668,False
JSMFETF,2025-12-30,TRENDING_UP,False,True,-1.835099009900996,-0.990099009900996,False
JSML,2024-04-19,TRENDING_UP,False,True,-0.845,0.0,False
JSML,2024-09-13,TRENDING_UP,False,True,-0.845,0.0,False
JSML,2025-02-04,VOLATILE,False,False,,,False
JSML,2025-06-27,TRENDING_UP,False,False,,,False
JSML,2026-04-14,VOLATILE,False,False,,,False
JUBS,2020-09-11,TRENDING_UP,False,True,-1.0446007984031893,-0.19960079840318934,False
JUBS,2021-07-12,RANGING,False,False,,,False
JUBS,2023-10-25,TRENDING_UP,False,True,-4.341503496503496,-3.4965034965034962,False
JUBS,2024-08-20,RANGING,False,False,,,False
JUBS,2025-04-30,VOLATILE,False,False,,,False
JUBS,2025-08-07,TRENDING_UP,False,False,,,False
JUBS,2026-01-07,TRENDING_UP,False,False,,,False
JVDC,2021-01-22,TRENDING_UP,False,False,,,False
JVDC,2022-09-01,RANGING,False,False,,,False
JVDC,2024-08-13,RANGING,False,False,,,False
JVDC,2024-11-25,TRENDING_UP,False,False,,,False
JVDC,2025-07-14,TRENDING_UP,False,False,,,False
JVDC,2025-12-26,TRENDING_UP,False,False,,,False
JVDC,2026-06-08,TRENDING_UP,False,False,,,False
JVDCPS,2026-01-27,TRENDING_UP,False,False,,,False
KAPCO,2020-08-10,TRENDING_UP,False,False,,,False
KAPCO,2021-01-04,TRENDING_UP,False,False,,,False
KAPCO,2021-06-08,TRENDING_UP,False,False,,,False
KAPCO,2022-01-20,RANGING,False,False,,,False
KAPCO,2022-08-16,RANGING,False,False,,,False
KAPCO,2023-08-04,TRENDING_UP,False,False,,,False
KAPCO,2023-11-15,TRENDING_UP,False,False,,,False
KAPCO,2024-05-07,TRENDING_UP,False,False,,,False
KAPCO,2024-11-22,TRENDING_UP,False,True,-2.661583650747157,-1.8165836507471567,False
KAPCO,2025-08-19,TRENDING_UP,False,False,,,False
KAPCO,2025-12-16,TRENDING_UP,False,False,,,False
KASBM,2021-02-03,TRENDING_UP,False,False,,,False
KASBM,2021-07-27,RANGING,False,False,,,False
KCL,2021-06-01,TRENDING_UP,False,True,-0.845,0.0,False
KCL,2024-11-01,TRENDING_UP,False,True,-8.845000000000002,-8.000000000000002,False
KCL,2025-06-24,TRENDING_UP,False,False,,,False
KEL,2020-07-01,RANGING,False,False,,,False
KEL,2021-01-12,TRENDING_UP,False,True,-6.425357142857142,-5.580357142857142,False
KEL,2021-06-15,TRENDING_UP,False,False,,,False
KEL,2022-08-15,RANGING,False,False,,,False
KEL,2023-07-24,TRENDING_UP,False,True,14.698416666666672,18.13725490196079,True
KEL,2024-05-23,TRENDING_UP,False,False,,,False
KEL,2024-10-23,TRENDING_UP,False,False,,,False
KEL,2025-05-26,TRENDING_UP,False,False,,,False
KEL,2025-09-09,TRENDING_UP,False,True,-5.018913043478264,-4.173913043478264,False
KEL,2026-01-21,TRENDING_UP,False,False,,,False
KHTC,2024-01-01,TRENDING_UP,False,True,-1.2832352941176497,-0.4382352941176497,False
KHTC,2025-05-05,VOLATILE,False,False,,,False
KHYT,2023-03-27,TRENDING_DOWN,False,False,,,False
KHYT,2024-08-28,RANGING,False,True,-0.845,0.0,False
KHYT,2025-05-08,VOLATILE,False,False,,,False
KHYT,2025-09-11,TRENDING_UP,False,False,,,False
KML,2020-01-10,TRENDING_UP,False,True,6.472639370932752,8.45986984815618,True
KML,2020-09-04,TRENDING_UP,False,False,,,False
KML,2022-04-28,RANGING,False,True,-2.3943867010974835,-1.5493867010974836,False
KML,2023-11-03,TRENDING_UP,False,True,-0.845,0.0,False
KML,2024-12-05,TRENDING_UP,False,False,,,False
KML,2025-06-03,TRENDING_UP,False,False,,,False
KML,2026-06-19,TRENDING_UP,False,False,,,False
KOHC,2020-01-27,TRENDING_UP,False,False,,,False
KOHC,2020-07-29,TRENDING_UP,False,False,,,False
KOHC,2021-02-11,RANGING,False,False,,,False
KOHC,2021-07-06,RANGING,False,True,-3.671086956521739,-2.8260869565217392,False
KOHC,2022-09-02,RANGING,False,False,,,False
KOHC,2023-03-09,RANGING,False,False,,,False
KOHC,2023-07-03,RANGING,False,False,,,False
KOHC,2023-11-06,TRENDING_UP,False,False,,,False
KOHC,2024-06-20,TRENDING_UP,False,False,,,False
KOHC,2025-07-10,TRENDING_UP,False,False,,,False
KOHC,2025-12-23,TRENDING_UP,False,False,,,False
KOHC,2026-06-15,TRENDING_UP,False,False,,,False
KOHE,2020-07-27,RANGING,False,True,-7.187016638198701,-6.342016638198701,False
KOHE,2021-02-17,TRENDING_UP,False,False,,,False
KOHE,2021-08-30,RANGING,False,False,,,False
KOHE,2023-02-13,VOLATILE,False,True,1.3854382810076102,2.474927389420718,True
KOHE,2023-08-25,TRENDING_UP,False,True,-2.245274121777666,-1.400274121777666,False
KOHE,2024-04-25,TRENDING_UP,False,False,,,False
KOHP,2020-11-06,TRENDING_UP,False,True,16.878241228070173,20.701754385964907,True
KOHP,2023-01-13,TRENDING_DOWN,False,True,-0.845,0.0,False
KOHP,2023-11-28,TRENDING_UP,False,False,,,False
KOHP,2024-04-22,TRENDING_UP,False,True,-8.845000000000002,-8.000000000000002,False
KOHP,2024-08-15,RANGING,False,False,,,False
KOHP,2025-06-17,TRENDING_UP,False,True,-5.227470119521913,-4.382470119521913,False
KOHP,2026-01-15,TRENDING_UP,False,False,,,False
KOHTM,2024-01-05,VOLATILE,False,True,-2.8770855614973208,-2.032085561497321,False
KOHTM,2024-10-31,TRENDING_UP,False,False,,,False
KOHTM,2025-05-19,TRENDING_UP,False,False,,,False
KOHTM,2026-06-01,TRENDING_UP,False,False,,,False
KOIL,2020-06-16,RANGING,False,True,0.6309563492063565,1.5873015873015959,True
KOIL,2022-10-07,RANGING,False,False,,,False
KOIL,2023-03-13,RANGING,False,False,,,False
KOIL,2023-11-03,TRENDING_UP,False,True,4.369031795511227,5.985037406483796,True
KOIL,2024-04-18,TRENDING_UP,False,False,,,False
KOIL,2024-08-16,RANGING,False,True,-8.845,-8.0,False
KOIL,2025-01-31,VOLATILE,False,False,,,False
KOIL,2025-07-08,TRENDING_UP,False,False,,,False
KOIL,2025-10-10,TRENDING_UP,False,False,,,False
KOSM,2024-01-01,TRENDING_UP,True,False,,,False
KOSM,2024-08-05,RANGING,False,False,,,False
KOSM,2025-06-30,TRENDING_UP,False,False,,,False
KOSM,2026-06-18,TRENDING_UP,False,False,,,False
KPUS,2024-01-01,TRENDING_UP,False,False,,,False
KPUS,2025-07-10,TRENDING_UP,False,False,,,False
KPUS,2026-01-01,TRENDING_UP,False,False,,,False
KSBP,2020-07-07,RANGING,False,False,,,False
KSBP,2021-07-13,RANGING,False,True,-8.237248842993427,-7.3922488429934265,False
KSBP,2022-11-21,RANGING,False,False,,,False
KSBP,2023-08-02,TRENDING_UP,False,False,,,False
KSBP,2024-08-23,TRENDING_UP,False,False,,,False
KSBP,2024-12-09,TRENDING_UP,False,False,,,False
KSBP,2025-04-15,TRENDING_UP,False,True,-7.177599118942732,-6.332599118942732,False
KSBP,2026-03-24,VOLATILE,False,False,,,False
KSBP,2026-07-06,TRENDING_UP,False,False,,,False
KSTM,2024-06-05,RANGING,False,False,,,False
KSTM,2024-10-29,TRENDING_UP,False,False,,,False
KSTM,2025-07-17,TRENDING_UP,False,False,,,False
KSTM,2026-06-30,TRENDING_UP,False,False,,,False
KTML,2020-01-22,TRENDING_UP,False,False,,,False
KTML,2020-07-14,RANGING,False,False,,,False
KTML,2021-01-22,TRENDING_UP,False,False,,,False
KTML,2021-07-28,RANGING,False,False,,,False
KTML,2023-03-08,RANGING,False,False,,,False
KTML,2023-08-17,TRENDING_UP,False,False,,,False
KTML,2024-03-29,TRENDING_UP,False,False,,,False
KTML,2024-10-14,TRENDING_UP,False,True,4.644023579013114,6.308557151780134,True
KTML,2025-07-10,TRENDING_UP,False,False,,,False
LCI,2023-07-27,TRENDING_UP,False,True,-1.2894444444444444,-0.4444444444444444,False
LCI,2023-12-01,TRENDING_UP,False,True,-1.931691417576757,-1.086691417576757,False
LCI,2024-03-29,TRENDING_UP,False,True,2.24823420842633,3.4899814216780354,True
LCI,2024-07-24,TRENDING_UP,False,True,-5.413527918781726,-4.568527918781726,False
LCI,2025-02-20,TRENDING_UP,False,False,,,False
LEUL,2024-05-14,TRENDING_UP,False,False,,,False
LEUL,2024-10-24,TRENDING_UP,False,False,,,False
LEUL,2025-06-19,RANGING,False,False,,,False
LEUL,2026-06-09,TRENDING_UP,False,False,,,False
LMSM,2024-01-19,VOLATILE,False,True,-0.845,0.0,False
LMSM,2024-11-25,TRENDING_UP,False,False,,,False
LOADS,2020-01-03,TRENDING_UP,False,True,-3.476578947368421,-2.631578947368421,False
LOADS,2020-07-16,RANGING,False,False,,,False
LOADS,2021-01-04,TRENDING_UP,False,False,,,False
LOADS,2021-05-25,TRENDING_UP,False,False,,,False
LOADS,2023-07-25,TRENDING_UP,False,False,,,False
LOADS,2023-11-15,TRENDING_UP,False,False,,,False
LOADS,2024-04-19,TRENDING_UP,False,False,,,False
LOADS,2024-11-13,TRENDING_UP,False,False,,,False
LOADS,2025-10-02,TRENDING_UP,False,False,,,False
LOTCHEM,2020-07-06,RANGING,False,False,,,False
LOTCHEM,2020-12-09,TRENDING_UP,False,False,,,False
LOTCHEM,2022-04-18,RANGING,False,False,,,False
LOTCHEM,2023-05-16,RANGING,False,False,,,False
LOTCHEM,2024-11-19,TRENDING_UP,False,False,,,False
LOTCHEM,2025-09-09,TRENDING_UP,False,False,,,False
LOTCHEM,2026-01-12,TRENDING_UP,False,True,3.879338791137179,5.408927989573152,True
LPGL,2020-09-10,TRENDING_UP,False,True,-0.845,0.0,False
LPGL,2021-05-31,TRENDING_UP,False,False,,,False
LPGL,2022-01-31,RANGING,False,True,13.080665149166993,16.234017822549404,True
LPGL,2022-10-07,RANGING,False,True,-0.845,0.0,False
LPGL,2023-10-13,TRENDING_UP,False,False,,,False
LPGL,2024-06-21,TRENDING_UP,False,False,,,False
LPGL,2025-07-14,TRENDING_UP,False,False,,,False
LPGL,2026-06-04,TRENDING_UP,False,False,,,False
LPL,2020-07-20,RANGING,False,False,,,False
LPL,2021-01-04,TRENDING_UP,False,False,,,False
LPL,2021-06-07,TRENDING_UP,False,False,,,False
LPL,2022-08-16,RANGING,False,False,,,False
LPL,2022-11-29,RANGING,False,False,,,False
LPL,2023-07-11,TRENDING_UP,False,False,,,False
LPL,2023-11-13,TRENDING_UP,False,False,,,False
LPL,2024-04-29,TRENDING_UP,False,False,,,False
LPL,2025-01-13,VOLATILE,False,False,,,False
LSECL,2024-12-06,TRENDING_UP,False,False,,,False
LSECL,2025-06-16,TRENDING_UP,False,False,,,False
LSECL,2026-07-07,TRENDING_UP,False,True,14.499491935483862,17.9032258064516,True
LSEFSL,2024-11-08,TRENDING_UP,False,True,4.206983644859822,5.794392523364496,True
LSEFSL,2025-05-15,TRENDING_UP,False,False,,,False
LSEFSL,2025-10-29,VOLATILE,False,True,-8.844999999999999,-7.999999999999999,False
LSEFSL,2026-05-20,VOLATILE,False,False,,,False
LSEVL,2024-08-30,TRENDING_UP,False,False,,,False
LSEVL,2025-08-25,TRENDING_UP,False,False,,,False
LSEVL,2026-01-28,TRENDING_UP,False,False,,,False
LSEVL,2026-06-17,TRENDING_UP,False,True,-2.7822693726937184,-1.9372693726937185,False
LUCK,2020-01-02,TRENDING_UP,False,False,,,False
LUCK,2020-07-01,RANGING,False,False,,,False
LUCK,2021-02-10,TRENDING_UP,False,False,,,False
LUCK,2022-08-23,RANGING,False,False,,,False
LUCK,2023-05-03,RANGING,False,False,,,False
LUCK,2023-11-02,TRENDING_UP,False,False,,,False
LUCK,2024-04-23,TRENDING_UP,False,True,1.1362954545454549,2.181818181818182,True
LUCK,2024-11-04,TRENDING_UP,False,False,,,False
LUCK,2025-08-15,TRENDING_UP,False,False,,,False
LUCK,2025-12-22,TRENDING_UP,False,True,-1.8057843137254856,-0.9607843137254858,False
LUCK,2026-06-15,TRENDING_UP,False,False,,,False
MACFL,2020-05-13,VOLATILE,False,False,,,False
MACFL,2021-01-18,TRENDING_UP,False,False,,,False
MACFL,2021-06-23,TRENDING_UP,False,False,,,False
MACFL,2023-07-12,TRENDING_UP,False,False,,,False
MACFL,2023-11-10,TRENDING_UP,False,False,,,False
MACFL,2024-08-15,RANGING,False,False,,,False
MACFL,2025-05-30,TRENDING_UP,False,False,,,False
MACFL,2026-01-20,TRENDING_UP,False,True,7.8329107910576035,10.060189165950122,True
MACFL,2026-05-06,VOLATILE,False,False,,,False
MACTER,2020-07-17,RANGING,False,True,-1.186685649202733,-0.3416856492027329,False
MACTER,2022-04-12,RANGING,False,True,-0.845,0.0,False
MACTER,2024-04-16,TRENDING_UP,False,True,-0.845,0.0,False
MACTER,2025-03-19,TRENDING_UP,False,False,,,False
MARI,2020-01-20,TRENDING_UP,False,False,,,False
MARI,2021-02-04,TRENDING_UP,False,False,,,False
MARI,2021-10-05,RANGING,False,True,2.8993095238095243,4.255952380952381,True
MARI,2023-08-07,TRENDING_UP,False,True,-2.0882766070011516,-1.2432766070011516,False
MARI,2023-11-16,TRENDING_UP,False,False,,,False
MARI,2024-08-09,RANGING,False,False,,,False
MARI,2024-12-10,TRENDING_UP,False,False,,,False
MARI,2025-09-09,TRENDING_UP,False,False,,,False
MARI,2026-07-06,TRENDING_UP,False,False,,,False
MCB,2020-07-28,RANGING,False,False,,,False
MCB,2023-07-11,TRENDING_UP,False,True,0.5967043831812794,1.547005156683858,True
MCB,2023-11-27,TRENDING_UP,False,False,,,False
MCB,2024-04-08,TRENDING_UP,False,False,,,False
MCB,2024-10-09,TRENDING_UP,False,True,-0.024366940211022037,0.8206330597889779,False
MCB,2025-07-01,TRENDING_UP,False,False,,,False
MCB,2026-01-05,TRENDING_UP,False,False,,,False
MCBAH,2020-07-29,TRENDING_UP,False,False,,,False
MCBAH,2021-02-17,TRENDING_UP,False,False,,,False
MCBAH,2022-01-03,RANGING,False,True,4.398971418234456,6.020260492040537,True
MCBAH,2023-07-31,TRENDING_UP,False,False,,,False
MCBIM,2024-07-04,TRENDING_UP,False,False,,,False
MCBIM,2024-11-25,TRENDING_UP,False,False,,,False
MCBIM,2025-09-22,TRENDING_UP,False,False,,,False
MDTL,2020-04-20,VOLATILE,False,True,-8.844999999999997,-7.9999999999999964,False
MDTL,2021-01-05,TRENDING_UP,False,False,,,False
MDTL,2023-11-29,TRENDING_UP,False,False,,,False
MDTL,2024-09-04,TRENDING_UP,False,False,,,False
MDTL,2025-06-13,TRENDING_UP,False,False,,,False
MDTL,2026-01-06,TRENDING_UP,False,False,,,False
MEBL,2020-01-10,TRENDING_UP,False,True,0.6403913586413661,1.5984015984016071,True
MEBL,2020-07-09,RANGING,False,True,2.908447763753601,4.266703251474825,True
MEBL,2020-12-01,TRENDING_UP,False,False,,,False
MEBL,2021-07-08,RANGING,False,False,,,False
MEBL,2023-07-11,TRENDING_UP,False,False,,,False
MEBL,2023-11-03,TRENDING_UP,False,False,,,False
MEBL,2024-11-22,TRENDING_UP,False,True,-2.938691733996266,-2.0936917339962657,False
MEBL,2025-04-03,TRENDING_UP,False,False,,,False
MEBL,2026-01-06,TRENDING_UP,False,False,,,False
MEBL,2026-07-01,TRENDING_UP,False,False,,,False
MEHT,2020-07-08,RANGING,False,False,,,False
MEHT,2023-06-16,RANGING,False,False,,,False
MEHT,2024-07-04,TRENDING_UP,False,True,-0.845,0.0,False
MEHT,2024-12-16,TRENDING_UP,False,False,,,False
MEHT,2025-07-11,TRENDING_UP,False,False,,,False
MERIT,2020-06-16,RANGING,False,False,,,False
MERIT,2021-01-12,TRENDING_UP,False,False,,,False
MERIT,2021-05-31,TRENDING_UP,False,False,,,False
MERIT,2022-10-05,RANGING,False,False,,,False
MERIT,2023-11-14,TRENDING_UP,False,False,,,False
MERIT,2024-05-24,TRENDING_UP,False,False,,,False
MERIT,2025-06-10,TRENDING_UP,False,False,,,False
META,2023-06-14,RANGING,False,False,,,False
META,2023-12-15,TRENDING_UP,False,False,,,False
MFFL,2020-09-21,TRENDING_UP,False,False,,,False
MFFL,2021-06-25,RANGING,False,False,,,False
MFFL,2023-10-05,TRENDING_UP,False,False,,,False
MFFL,2024-11-11,TRENDING_UP,False,False,,,False
MFFL,2026-06-23,TRENDING_UP,False,False,,,False
MFL,2020-08-13,TRENDING_UP,False,True,-4.931738949124272,-4.086738949124272,False
MFL,2020-12-28,TRENDING_UP,False,False,,,False
MFL,2021-05-31,TRENDING_UP,False,True,5.839802434456936,7.715355805243454,True
MFL,2022-04-06,RANGING,False,True,-5.391699534374135,-4.546699534374135,False
MFL,2022-08-15,RANGING,False,False,,,False
MFL,2023-08-07,TRENDING_UP,False,False,,,False
MFL,2023-11-22,TRENDING_UP,False,False,,,False
MFL,2024-11-15,TRENDING_UP,False,False,,,False
MFL,2025-07-07,TRENDING_UP,False,False,,,False
MFL,2025-11-14,VOLATILE,False,False,,,False
MIIETF,2024-06-24,TRENDING_UP,False,True,-4.640233892321268,-3.795233892321268,False
MIIETF,2024-10-24,TRENDING_UP,False,False,,,False
MIRKS,2024-11-22,TRENDING_UP,False,False,,,False
MIRKS,2025-05-27,TRENDING_UP,False,False,,,False
MIRKS,2026-06-19,TRENDING_UP,False,False,,,False
MLCF,2020-03-03,VOLATILE,False,True,3.1453863636363733,4.5454545454545565,True
MLCF,2020-07-13,RANGING,False,False,,,False
MLCF,2021-06-14,TRENDING_UP,False,False,,,False
MLCF,2022-04-12,RANGING,False,True,-3.8160920770877933,-2.971092077087793,False
MLCF,2023-03-15,RANGING,False,False,,,False
MLCF,2023-07-03,RANGING,False,False,,,False
MLCF,2023-10-17,TRENDING_UP,False,False,,,False
MLCF,2024-05-13,TRENDING_UP,False,False,,,False
MLCF,2024-11-04,TRENDING_UP,False,False,,,False
MLCF,2025-03-06,TRENDING_UP,False,False,,,False
MLCF,2025-12-10,TRENDING_UP,False,False,,,False
MLCF,2026-06-18,TRENDING_UP,False,False,,,False
MODAM,2024-01-01,TRENDING_UP,False,False,,,False
MQTM,2024-01-03,TRENDING_UP,False,True,-0.845,0.0,False
MQTM,2025-04-04,TRENDING_UP,False,False,,,False
MQTM,2026-07-07,TRENDING_UP,False,False,,,False
MRNS,2024-05-14,TRENDING_UP,False,False,,,False
MRNS,2024-11-25,TRENDING_UP,False,False,,,False
MRNS,2025-07-07,TRENDING_UP,False,False,,,False
MRNS,2026-01-01,TRENDING_UP,False,False,,,False
MSCL,2020-05-12,VOLATILE,False,True,2.1033267634854673,3.319502074688785,True
MSCL,2020-10-02,RANGING,False,True,3.3356983971853094,4.769351055512129,True
MSCL,2023-03-31,TRENDING_DOWN,False,False,,,False
MSCL,2024-09-13,TRENDING_UP,False,True,-8.844999999999994,-7.999999999999993,False
MSCL,2025-06-27,TRENDING_UP,False,False,,,False
MSCL,2026-02-04,TRENDING_UP,False,False,,,False
MSOT,2020-07-28,RANGING,False,True,-0.845,0.0,False
MSOT,2021-01-21,TRENDING_UP,False,False,,,False
MSOT,2021-07-28,RANGING,False,False,,,False
MSOT,2023-02-28,RANGING,False,True,-0.845,0.0,False
MSOT,2025-07-10,TRENDING_UP,False,False,,,False
MSOT,2025-11-24,RANGING,False,False,,,False
MSOT,2026-04-28,TRENDING_UP,False,False,,,False
MTL,2020-05-14,VOLATILE,False,True,-3.2463426799538873,-2.401342679953887,False
MTL,2022-02-04,RANGING,False,True,-0.9525485100861917,-0.1075485100861917,False
MTL,2023-08-03,TRENDING_UP,False,False,,,False
MTL,2024-04-24,TRENDING_UP,False,False,,,False
MTL,2024-12-05,TRENDING_UP,False,False,,,False
MTL,2025-08-20,TRENDING_UP,False,False,,,False
MTL,2026-01-27,TRENDING_UP,False,False,,,False
MTL,2026-06-16,TRENDING_UP,False,False,,,False
MUGHAL,2020-07-10,RANGING,False,False,,,False
MUGHAL,2020-12-21,TRENDING_UP,False,False,,,False
MUGHAL,2022-08-15,RANGING,False,True,-3.489580063934893,-2.644580063934893,False
MUGHAL,2023-07-10,TRENDING_UP,False,False,,,False
MUGHAL,2023-11-06,TRENDING_UP,False,False,,,False
MUGHAL,2024-05-10,TRENDING_UP,False,False,,,False
MUGHAL,2025-06-03,TRENDING_UP,False,False,,,False
MUGHAL,2025-09-08,TRENDING_UP,False,False,,,False
MUGHAL,2025-12-17,TRENDING_UP,False,True,6.951119739273242,9.022787928556756,True
MUGHAL,2026-06-15,TRENDING_UP,False,False,,,False
MUGHALC,2025-09-22,TRENDING_UP,False,False,,,False
MUREB,2020-09-18,TRENDING_UP,False,False,,,False
MUREB,2020-12-31,TRENDING_UP,False,True,-4.070806451612903,-3.225806451612903,False
MUREB,2023-08-03,TRENDING_UP,False,True,-2.437356687898089,-1.5923566878980893,False
MUREB,2023-11-20,TRENDING_UP,False,False,,,False
MUREB,2024-04-02,TRENDING_UP,False,True,-1.1007544757033247,-0.2557544757033248,False
MUREB,2025-05-12,VOLATILE,False,False,,,False
MWMP,2024-06-05,RANGING,False,False,,,False
MWMP,2025-01-15,VOLATILE,False,False,,,False
MWMP,2025-07-16,TRENDING_UP,False,False,,,False
MWMP,2026-05-07,TRENDING_UP,False,True,-0.9266326530612198,-0.08163265306121985,False
MZNPETF,2024-04-04,TRENDING_UP,False,False,,,False
MZNPETF,2024-12-02,TRENDING_UP,False,True,11.952557453416139,14.906832298136635,True
MZNPETF,2025-09-03,TRENDING_UP,False,True,4.141512675296667,5.717367853290196,True
MZNPETF,2026-06-23,TRENDING_UP,False,True,-0.845,0.0,False
NAGC,2024-12-04,TRENDING_UP,False,False,,,False
NAGC,2025-04-22,TRENDING_UP,False,False,,,False
NAGC,2026-04-20,VOLATILE,False,True,-0.8742611558156489,-0.0292611558156489,False
NATF,2020-09-08,TRENDING_UP,False,False,,,False
NATF,2021-01-07,TRENDING_UP,False,False,,,False
NATF,2022-03-15,TRENDING_DOWN,False,False,,,False
NATF,2022-08-10,RANGING,False,True,0.35769936708860767,1.2658227848101267,True
NATF,2023-07-05,RANGING,False,True,-1.6320370370370316,-0.7870370370370318,False
NATF,2023-11-10,TRENDING_UP,False,False,,,False
NATF,2024-04-26,TRENDING_UP,False,False,,,False
NATF,2024-12-12,TRENDING_UP,False,True,-2.850125885722905,-2.005125885722905,False
NATF,2026-01-06,TRENDING_UP,False,False,,,False
NATM,2024-07-18,TRENDING_UP,False,False,,,False
NBP,2020-08-06,TRENDING_UP,False,False,,,False
NBP,2022-02-07,RANGING,False,True,-1.952808700351247,-1.1078087003512471,False
NBP,2022-08-11,RANGING,False,False,,,False
NBP,2023-07-26,TRENDING_UP,False,True,9.59297217174011,12.130849613811895,True
NBP,2023-11-16,TRENDING_UP,False,True,18.696977629513345,22.8414442700157,True
NBP,2024-03-22,TRENDING_UP,False,False,,,False
NBP,2025-05-21,TRENDING_UP,False,False,,,False
NBPGETF,2024-10-25,TRENDING_UP,False,True,1.7652119625137865,2.9217199558985727,True
NBPGETF,2025-04-07,RANGING,False,True,-5.330049833887037,-4.485049833887037,False
NBPGETF,2025-08-07,TRENDING_UP,False,True,-0.6166894977168998,0.22831050228310015,False
NCL,2020-01-02,TRENDING_UP,False,False,,,False
NCL,2020-07-28,RANGING,False,False,,,False
NCL,2021-01-04,TRENDING_UP,False,True,-0.038548387096768666,0.8064516129032313,False
NCL,2022-01-12,RANGING,False,False,,,False
NCL,2023-08-01,TRENDING_UP,False,False,,,False
NCL,2023-11-02,TRENDING_UP,False,False,,,False
NCL,2024-05-10,TRENDING_UP,False,False,,,False
NCL,2024-10-23,TRENDING_UP,False,False,,,False
NCL,2025-07-04,TRENDING_UP,False,False,,,False
NCL,2026-01-15,TRENDING_UP,False,False,,,False
NCML,2024-01-02,TRENDING_UP,False,False,,,False
NCML,2024-06-20,TRENDING_UP,False,False,,,False
NCML,2025-05-26,TRENDING_UP,False,False,,,False
NCML,2025-11-14,VOLATILE,False,True,-0.845,0.0,False
NCPL,2020-06-29,RANGING,False,True,0.47893309859155564,1.4084507042253596,True
NCPL,2020-12-30,TRENDING_UP,False,True,21.620024932614548,26.280323450134762,True
NCPL,2021-12-21,TRENDING_DOWN,False,False,,,False
NCPL,2022-07-07,TRENDING_DOWN,False,False,,,False
NCPL,2023-02-03,VOLATILE,False,False,,,False
NCPL,2023-07-03,RANGING,False,False,,,False
NCPL,2023-11-13,TRENDING_UP,False,False,,,False
NCPL,2024-05-03,TRENDING_UP,False,False,,,False
NCPL,2024-11-08,TRENDING_UP,False,False,,,False
NCPL,2025-08-18,TRENDING_UP,False,False,,,False
NCPL,2025-12-04,TRENDING_UP,False,False,,,False
NESTLE,2021-07-09,RANGING,False,True,-0.845,0.0,False
NESTLE,2022-08-01,TRENDING_DOWN,False,True,-0.9366666666666666,-0.09166666666666666,False
NESTLE,2023-05-05,RANGING,False,True,0.027364035087719278,0.8771929824561403,True
NESTLE,2024-12-09,TRENDING_UP,False,False,,,False
NESTLE,2025-07-24,TRENDING_UP,False,True,-4.043070565583884,-3.198070565583884,False
NESTLE,2026-02-09,VOLATILE,False,False,,,False
NETSOL,2020-07-08,RANGING,False,False,,,False
NETSOL,2022-10-13,RANGING,False,False,,,False
NETSOL,2023-07-05,RANGING,False,False,,,False
NETSOL,2023-11-14,TRENDING_UP,False,False,,,False
NETSOL,2024-12-03,TRENDING_UP,False,False,,,False
NETSOL,2025-07-02,TRENDING_UP,False,False,,,False
NETSOL,2026-05-07,TRENDING_UP,False,True,0.6005969740421997,1.5515846753437643,True
NEXT,2024-12-06,TRENDING_UP,False,False,,,False
NEXT,2025-08-01,TRENDING_UP,False,True,-6.218134328358218,-5.373134328358218,False
NEXT,2025-11-24,RANGING,False,False,,,False
NEXT,2026-07-07,TRENDING_UP,False,True,17.133907360406095,21.00253807106599,True
NICL,2020-08-05,TRENDING_UP,False,False,,,False
NICL,2021-02-02,TRENDING_UP,False,False,,,False
NICL,2023-05-19,RANGING,False,False,,,False
NICL,2024-01-03,TRENDING_UP,False,False,,,False
NICL,2024-05-10,TRENDING_UP,False,False,,,False
NICL,2024-11-05,TRENDING_UP,False,True,-2.571529983043016,-1.726529983043016,False
NICL,2025-07-25,TRENDING_UP,False,False,,,False
NICL,2026-06-05,TRENDING_UP,False,False,,,False
NITGETF,2024-11-21,TRENDING_UP,False,False,,,False
NITGETF,2025-09-30,TRENDING_UP,False,True,-2.1455371783997763,-1.3005371783997763,False
NML,2020-07-13,RANGING,False,True,-2.1798810214741797,-1.3348810214741795,False
NML,2021-01-04,TRENDING_UP,False,True,-0.4699330237542403,0.3750669762457597,False
NML,2022-02-08,RANGING,False,False,,,False
NML,2023-05-24,RANGING,False,False,,,False
NML,2023-11-06,TRENDING_UP,False,False,,,False
NML,2024-12-02,TRENDING_UP,False,True,40.9287146595247,48.99642901120553,True
NML,2025-03-21,TRENDING_UP,False,False,,,False
NONS,2024-01-01,TRENDING_UP,False,True,-1.0627331559211404,-0.21773315592114045,False
NONS,2024-12-04,TRENDING_UP,False,False,,,False
NONS,2025-06-05,TRENDING_UP,False,False,,,False
NONS,2025-09-18,TRENDING_UP,False,True,-6.736579256935599,-5.891579256935599,False
NONS,2025-12-24,TRENDING_UP,False,False,,,False
NONS,2026-07-06,TRENDING_UP,False,False,,,False
NPL,2020-08-11,TRENDING_UP,False,True,6.364927672783209,8.333150203274364,True
NPL,2021-01-04,TRENDING_UP,False,False,,,False
NPL,2022-02-08,RANGING,False,False,,,False
NPL,2022-07-13,VOLATILE,False,False,,,False
NPL,2023-07-05,RANGING,False,False,,,False
NPL,2023-11-13,TRENDING_UP,False,False,,,False
NPL,2024-04-29,TRENDING_UP,False,False,,,False
NPL,2024-12-04,TRENDING_UP,False,False,,,False
NPL,2025-08-18,TRENDING_UP,False,False,,,False
NPL,2025-12-09,TRENDING_UP,False,False,,,False
NRL,2020-07-06,RANGING,False,False,,,False
NRL,2020-12-04,TRENDING_UP,False,False,,,False
NRL,2023-07-04,RANGING,False,False,,,False
NRL,2023-10-10,TRENDING_UP,False,False,,,False
NRL,2024-12-04,TRENDING_UP,False,False,,,False
NRL,2025-09-01,TRENDING_UP,False,False,,,False
NRL,2026-01-07,TRENDING_UP,False,False,,,False
NRSL,2020-07-20,RANGING,False,False,,,False
NRSL,2021-01-11,TRENDING_UP,False,False,,,False
NRSL,2021-05-18,TRENDING_UP,False,False,,,False
NRSL,2022-08-12,RANGING,False,False,,,False
NRSL,2023-07-12,TRENDING_UP,False,False,,,False
NRSL,2023-12-08,TRENDING_UP,False,False,,,False
NRSL,2024-07-12,TRENDING_UP,False,False,,,False
NRSL,2024-11-19,TRENDING_UP,False,False,,,False
NRSL,2025-04-04,TRENDING_UP,False,False,,,False
NRSL,2026-04-16,VOLATILE,False,False,,,False
NSRM,2024-08-27,RANGING,False,False,,,False
NSRM,2025-06-25,TRENDING_UP,False,True,141.79780995717346,167.6659528907923,True
NSRM,2025-12-01,TRENDING_UP,False,False,,,False
NSRM,2026-06-12,TRENDING_UP,False,False,,,False
OBOY,2020-07-22,RANGING,False,False,,,False
OBOY,2022-12-02,RANGING,False,False,,,False
OBOY,2023-11-28,TRENDING_UP,False,False,,,False
OBOY,2024-07-24,TRENDING_UP,False,True,0.37304814550641774,1.2838801711840209,True
OBOY,2024-11-25,TRENDING_UP,False,False,,,False
OBOY,2025-12-16,TRENDING_UP,False,False,,,False
OBOY,2026-05-20,VOLATILE,False,False,,,False
OCTOPUS,2022-01-04,RANGING,False,False,,,False
OCTOPUS,2023-11-16,TRENDING_UP,False,False,,,False
OCTOPUS,2024-04-09,TRENDING_UP,False,True,-1.70101404741001,-0.85601404741001,False
OCTOPUS,2025-07-07,TRENDING_UP,False,False,,,False
OCTOPUS,2026-06-19,TRENDING_UP,False,False,,,False
OGDC,2020-01-10,TRENDING_UP,False,True,-2.008849154746437,-1.1638491547464371,False
OGDC,2021-01-04,TRENDING_UP,False,True,-0.6212863534675614,0.22371364653243847,False
OGDC,2022-12-30,TRENDING_DOWN,False,True,-0.3140265486725642,0.5309734513274358,False
OGDC,2023-07-27,TRENDING_UP,False,False,,,False
OGDC,2023-11-15,TRENDING_UP,False,False,,,False
OGDC,2024-10-04,TRENDING_UP,False,True,6.937727805019666,9.007032711787843,True
OGDC,2025-08-01,TRENDING_UP,False,False,,,False
OGDC,2026-01-01,TRENDING_UP,False,False,,,False
OGDC,2026-07-03,TRENDING_UP,False,False,,,False
OLPL,2024-03-19,TRENDING_UP,False,True,2.294809701492535,3.5447761194029823,True
OLPL,2024-12-05,TRENDING_UP,False,True,7.620357594936712,9.810126582278485,True
OLPL,2025-04-29,VOLATILE,False,True,0.6534431216931206,1.6137566137566124,True
OLPM,2024-06-12,RANGING,False,False,,,False
OLPM,2025-06-13,TRENDING_UP,False,True,1.6789297884841383,2.8202115158636922,True
OLPM,2025-09-25,TRENDING_UP,False,False,,,False
OML,2020-01-03,TRENDING_UP,False,False,,,False
OML,2020-12-04,TRENDING_UP,False,True,-0.761317991631786,0.08368200836821392,False
OML,2024-03-06,TRENDING_UP,False,True,11.142215116279068,13.953488372093023,True
OML,2024-12-02,TRENDING_UP,False,True,4.978648966322113,6.702234078026015,True
OML,2025-05-08,VOLATILE,False,False,,,False
OML,2026-06-19,TRENDING_UP,False,False,,,False
ORM,2024-09-20,TRENDING_UP,False,False,,,False
ORM,2025-09-11,TRENDING_UP,False,False,,,False
OTSU,2020-01-27,TRENDING_UP,False,False,,,False
OTSU,2021-08-13,RANGING,False,False,,,False
OTSU,2023-10-25,TRENDING_UP,False,False,,,False
OTSU,2024-11-08,TRENDING_UP,False,False,,,False
OTSU,2025-09-16,TRENDING_UP,False,False,,,False
PABC,2022-06-23,RANGING,False,True,-4.270871234494969,-3.425871234494969,False
PABC,2023-04-12,TRENDING_DOWN,False,False,,,False
PABC,2023-10-25,TRENDING_UP,False,False,,,False
PABC,2024-12-04,TRENDING_UP,False,False,,,False
PABC,2025-03-24,TRENDING_UP,False,False,,,False
PABC,2025-06-30,TRENDING_UP,False,False,,,False
PACE,2020-07-17,RANGING,False,True,-0.06980620155038686,0.7751937984496131,False
PACE,2021-01-12,TRENDING_UP,False,False,,,False
PACE,2021-06-10,TRENDING_UP,False,False,,,False
PACE,2022-08-12,RANGING,False,False,,,False
PACE,2023-11-17,TRENDING_UP,False,False,,,False
PACE,2024-04-29,TRENDING_UP,False,False,,,False
PACE,2024-09-04,TRENDING_UP,False,False,,,False
PACE,2024-12-31,TRENDING_UP,False,False,,,False
PACE,2025-06-16,TRENDING_UP,False,False,,,False
PAEL,2020-01-02,TRENDING_UP,False,False,,,False
PAEL,2020-07-06,RANGING,False,False,,,False
PAEL,2020-12-17,TRENDING_UP,False,False,,,False
PAEL,2023-07-10,TRENDING_UP,False,False,,,False
PAEL,2023-10-16,TRENDING_UP,False,False,,,False
PAEL,2024-05-07,TRENDING_UP,False,True,-4.792368421052634,-3.947368421052634,False
PAEL,2024-11-11,TRENDING_UP,False,False,,,False
PAEL,2025-08-28,TRENDING_UP,False,False,,,False
PAEL,2026-01-08,TRENDING_UP,False,False,,,False
PAEL,2026-07-06,TRENDING_UP,False,False,,,False
PAKD,2020-09-07,TRENDING_UP,False,False,,,False
PAKD,2022-09-23,TRENDING_DOWN,False,False,,,False
PAKD,2023-04-20,RANGING,False,False,,,False
PAKD,2023-09-20,RANGING,False,False,,,False
PAKD,2024-08-08,RANGING,False,False,,,False
PAKD,2024-12-16,TRENDING_UP,False,False,,,False
PAKD,2025-05-20,TRENDING_UP,False,False,,,False
PAKD,2026-06-02,TRENDING_UP,False,False,,,False
PAKL,2024-01-01,TRENDING_UP,False,False,,,False
PAKL,2025-02-04,VOLATILE,False,False,,,False
PAKL,2025-09-22,TRENDING_UP,False,False,,,False
PAKL,2026-04-16,VOLATILE,False,False,,,False
PAKMI,2020-03-24,VOLATILE,False,True,-8.844999999999997,-7.9999999999999964,False
PAKMI,2020-09-23,TRENDING_UP,False,False,,,False
PAKMI,2021-01-27,TRENDING_UP,False,True,39.69158606557377,47.54098360655738,True
PAKMI,2021-07-07,RANGING,False,False,,,False
PAKOXY,2020-06-16,RANGING,False,False,,,False
PAKOXY,2021-01-12,TRENDING_UP,False,False,,,False
PAKOXY,2021-04-27,TRENDING_UP,False,False,,,False
PAKOXY,2022-03-08,TRENDING_DOWN,False,True,-0.845,0.0,False
PAKOXY,2022-11-16,RANGING,False,True,-2.2786917562724014,-1.4336917562724014,False
PAKOXY,2023-11-28,TRENDING_UP,False,False,,,False
PAKOXY,2024-08-12,RANGING,False,False,,,False
PAKOXY,2025-04-22,TRENDING_UP,False,False,,,False
PAKOXY,2025-11-07,VOLATILE,False,False,,,False
PAKOXY,2026-06-30,TRENDING_UP,False,True,-1.5584168392675202,-0.7134168392675201,False
PAKQATAR,2026-06-02,TRENDING_UP,False,False,,,False
PAKRI,2020-09-09,TRENDING_UP,False,False,,,False
PAKRI,2022-04-06,RANGING,False,False,,,False
PAKRI,2023-03-10,RANGING,False,False,,,False
PAKRI,2023-11-03,TRENDING_UP,False,True,8.655818554396426,11.028315946348737,True
PAKRI,2024-03-18,TRENDING_UP,False,False,,,False
PAKRI,2024-11-13,TRENDING_UP,False,False,,,False
PAKRI,2025-04-07,RANGING,False,False,,,False
PAKRI,2025-10-17,TRENDING_UP,False,False,,,False
PAKT,2024-10-18,TRENDING_UP,False,True,-6.284330543933055,-5.439330543933055,False
PAKT,2025-04-04,TRENDING_UP,False,True,-4.990077720207254,-4.145077720207254,False
PAKT,2025-09-10,TRENDING_UP,False,False,,,False
PASL,2024-06-07,RANGING,False,False,,,False
PASL,2025-06-11,TRENDING_UP,False,False,,,False
PASM,2024-07-04,TRENDING_UP,False,False,,,False
PASM,2025-06-30,TRENDING_UP,False,False,,,False
PASM,2026-06-04,TRENDING_UP,False,False,,,False
PCAL,2020-07-06,RANGING,False,False,,,False
PCAL,2021-01-18,TRENDING_UP,False,True,-5.341774193548386,-4.4967741935483865,False
PCAL,2021-06-03,TRENDING_UP,False,False,,,False
PCAL,2022-08-12,RANGING,False,False,,,False
PCAL,2023-05-29,RANGING,False,True,1.794492099898068,2.9561671763506685,True
PCAL,2023-12-12,TRENDING_UP,False,False,,,False
PCAL,2024-05-21,TRENDING_UP,False,False,,,False
PCAL,2024-12-13,TRENDING_UP,False,False,,,False
PCAL,2025-07-15,TRENDING_UP,False,False,,,False
PCAL,2026-01-28,TRENDING_UP,False,False,,,False
PCAL,2026-06-24,TRENDING_UP,False,False,,,False
PECO,2020-06-19,RANGING,False,False,,,False
PECO,2023-01-04,TRENDING_DOWN,False,False,,,False
PECO,2025-06-04,TRENDING_UP,False,False,,,False
PECO,2026-06-17,TRENDING_UP,False,False,,,False
PGLC,2024-07-04,TRENDING_UP,False,False,,,False
PGLC,2024-10-29,TRENDING_UP,False,False,,,False
PGLC,2025-04-18,TRENDING_UP,False,False,,,False
PHDL,2020-08-28,TRENDING_UP,False,False,,,False
PHDL,2021-08-12,RANGING,False,False,,,False
PHDL,2022-06-10,TRENDING_DOWN,False,False,,,False
PHDL,2023-09-06,RANGING,False,False,,,False
PHDL,2024-06-27,TRENDING_UP,False,False,,,False
PIAA,2020-09-02,TRENDING_UP,False,False,,,False
PIAA,2020-12-21,TRENDING_UP,False,False,,,False
PIAA,2021-05-26,TRENDING_UP,False,True,-8.844999999999999,-7.999999999999999,False
PIAA,2022-08-12,RANGING,False,False,,,False
PIAA,2023-09-08,RANGING,False,False,,,False
PIAB,2020-11-20,VOLATILE,False,False,,,False
PIAHCLA,2025-03-20,TRENDING_UP,False,False,,,False
PIAHCLA,2025-10-15,TRENDING_UP,False,False,,,False
PIAHCLA,2026-06-24,TRENDING_UP,False,True,5.363571294077371,7.155083875385142,True
PIAHCLB,2025-04-09,RANGING,False,False,,,False
PIBTL,2020-07-30,TRENDING_UP,False,False,,,False
PIBTL,2023-11-06,TRENDING_UP,False,False,,,False
PIBTL,2024-10-14,TRENDING_UP,False,False,,,False
PIBTL,2025-03-18,TRENDING_UP,False,False,,,False
PIBTL,2025-08-22,TRENDING_UP,False,False,,,False
PICT,2020-07-06,RANGING,False,False,,,False
PICT,2021-06-03,TRENDING_UP,False,False,,,False
PICT,2022-01-28,RANGING,False,True,1.3536413915458132,2.437519284171545,True
PICT,2024-08-27,RANGING,False,False,,,False
PICT,2025-07-11,TRENDING_UP,False,False,,,False
PICT,2026-04-28,TRENDING_UP,False,False,,,False
PIL,2020-05-18,VOLATILE,False,True,-0.845,0.0,False
PIL,2023-07-24,TRENDING_UP,False,True,-3.584726027397263,-2.739726027397263,False
PIL,2024-02-29,TRENDING_UP,False,False,,,False
PIL,2025-01-06,TRENDING_UP,False,True,10.300268518518505,12.962962962962948,True
PIL,2025-04-18,TRENDING_UP,False,False,,,False
PIL,2026-04-20,VOLATILE,False,False,,,False
PIM,2024-01-01,TRENDING_UP,False,True,-0.845,0.0,False
PIM,2025-06-26,TRENDING_UP,False,False,,,False
PINL,2020-01-13,TRENDING_UP,False,False,,,False
PINL,2021-06-17,TRENDING_UP,False,False,,,False
PINL,2022-07-25,TRENDING_DOWN,False,False,,,False
PINL,2023-02-08,VOLATILE,False,False,,,False
PINL,2023-10-30,TRENDING_UP,False,False,,,False
PINL,2024-08-02,RANGING,False,True,-8.845000000000002,-8.000000000000002,False
PINL,2025-06-27,TRENDING_UP,False,False,,,False
PINL,2026-07-06,TRENDING_UP,False,False,,,False
PIOC,2020-03-05,VOLATILE,False,True,-5.747506963788295,-4.902506963788295,False
PIOC,2021-01-13,TRENDING_UP,False,False,,,False
PIOC,2022-08-05,RANGING,False,True,-2.841927803379412,-1.996927803379412,False
PIOC,2023-03-07,RANGING,False,False,,,False
PIOC,2024-10-11,TRENDING_UP,False,False,,,False
PIOC,2025-04-14,TRENDING_UP,False,True,-3.0583333333333282,-2.2133333333333285,False
PIOC,2025-11-17,VOLATILE,False,True,12.401226604781806,15.434678358566831,True
PKGI,2020-09-03,TRENDING_UP,False,True,0.5580777234707361,1.5015620276126307,True
PKGI,2021-06-01,TRENDING_UP,False,False,,,False
PKGI,2022-03-09,TRENDING_DOWN,False,False,,,False
PKGI,2023-05-05,RANGING,False,True,-0.845,0.0,False
PKGI,2024-05-06,TRENDING_UP,False,False,,,False
PKGI,2024-10-11,TRENDING_UP,False,False,,,False
PKGI,2025-05-21,TRENDING_UP,False,False,,,False
PKGI,2025-10-09,TRENDING_UP,False,False,,,False
PKGI,2026-02-10,VOLATILE,False,False,,,False
PKGP,2020-07-17,RANGING,False,False,,,False
PKGP,2021-01-04,TRENDING_UP,False,False,,,False
PKGP,2021-11-30,VOLATILE,False,True,-3.572711980582951,-2.727711980582951,False
PKGP,2022-08-16,RANGING,False,False,,,False
PKGP,2023-05-03,RANGING,False,True,8.578631412562222,10.93750754419085,True
PKGP,2024-05-16,TRENDING_UP,False,True,48.83129128440366,58.29357798165137,True
PKGP,2024-10-28,TRENDING_UP,False,False,,,False
PKGP,2025-02-27,TRENDING_UP,False,False,,,False
PKGS,2020-07-08,RANGING,False,False,,,False
PKGS,2020-12-01,TRENDING_UP,False,True,-3.682754472547807,-2.8377544725478074,False
PKGS,2021-06-14,TRENDING_UP,False,True,-2.291654611211573,-1.4466546112115732,False
PKGS,2022-08-15,RANGING,False,True,-0.8474449279968682,-0.002444927996868269,False
PKGS,2023-10-17,TRENDING_UP,False,False,,,False
PKGS,2024-11-15,TRENDING_UP,False,False,,,False
PKGS,2025-07-07,TRENDING_UP,False,False,,,False
PKGS,2026-01-16,TRENDING_UP,False,False,,,False
PKGS,2026-06-30,TRENDING_UP,False,False,,,False
PMI,2024-01-01,TRENDING_UP,False,True,-2.8450000000000015,-2.0000000000000018,False
PMI,2024-07-05,TRENDING_UP,False,False,,,False
PMI,2025-06-04,TRENDING_UP,False,False,,,False
PMPK,2024-10-25,TRENDING_UP,False,False,,,False
PMPK,2025-03-27,TRENDING_UP,False,False,,,False
PMRS,2024-01-11,VOLATILE,False,True,-0.845,0.0,False
PMRS,2026-03-24,VOLATILE,False,False,,,False
PNSC,2020-01-24,TRENDING_UP,False,True,-0.845,0.0,False
PNSC,2020-08-10,TRENDING_UP,False,False,,,False
PNSC,2021-07-07,RANGING,False,False,,,False
PNSC,2022-08-10,RANGING,False,False,,,False
PNSC,2023-09-19,RANGING,False,False,,,False
PNSC,2024-05-10,TRENDING_UP,False,False,,,False
PNSC,2024-09-25,TRENDING_UP,False,False,,,False
PNSC,2025-07-01,TRENDING_UP,False,False,,,False
PNSC,2025-09-25,TRENDING_UP,False,False,,,False
PNSC,2026-01-01,TRENDING_UP,False,False,,,False
PNSC,2026-06-16,TRENDING_UP,False,False,,,False
POL,2020-07-09,RANGING,False,True,-0.29580466679417716,0.5491953332058228,False
POL,2022-01-18,RANGING,False,False,,,False
POL,2022-05-31,TRENDING_DOWN,False,False,,,False
POL,2023-02-06,VOLATILE,False,False,,,False
POL,2024-05-13,TRENDING_UP,False,False,,,False
POL,2025-06-30,TRENDING_UP,False,False,,,False
POL,2026-01-23,TRENDING_UP,False,True,-2.6314060311689706,-1.7864060311689707,False
POL,2026-06-11,RANGING,False,False,,,False
POML,2024-11-19,TRENDING_UP,False,True,-4.393358552340505,-3.5483585523405052,False
POML,2025-04-17,TRENDING_UP,False,False,,,False
POML,2026-06-18,TRENDING_UP,False,False,,,False
POWER,2020-08-03,TRENDING_UP,False,False,,,False
POWER,2021-01-15,TRENDING_UP,False,False,,,False
POWER,2021-06-14,TRENDING_UP,False,False,,,False
POWER,2023-10-27,TRENDING_UP,False,True,18.170638888888888,22.22222222222222,True
POWER,2024-05-10,TRENDING_UP,False,False,,,False
POWER,2024-11-04,TRENDING_UP,False,False,,,False
POWER,2025-08-29,TRENDING_UP,False,False,,,False
POWER,2026-01-20,TRENDING_UP,False,True,-3.116580010095907,-2.2715800100959074,False
POWER,2026-06-01,TRENDING_UP,False,True,-1.6270136852394923,-0.7820136852394923,False
POWERPS,2024-05-20,TRENDING_UP,False,True,-1.3058294930875478,-0.4608294930875478,False
POWERPS,2024-11-29,TRENDING_UP,False,True,-4.459457831325295,-3.6144578313252955,False
POWERPS,2026-06-01,TRENDING_UP,False,False,,,False
PPL,2020-01-13,TRENDING_UP,False,False,,,False
PPL,2020-07-16,RANGING,False,False,,,False
PPL,2021-01-04,TRENDING_UP,False,True,-1.345,-0.5,False
PPL,2021-06-01,TRENDING_UP,False,False,,,False
PPL,2021-12-09,TRENDING_DOWN,False,False,,,False
PPL,2022-12-30,TRENDING_DOWN,False,False,,,False
PPL,2023-07-27,TRENDING_UP,False,False,,,False
PPL,2024-05-03,TRENDING_UP,False,False,,,False
PPL,2024-10-07,TRENDING_UP,False,False,,,False
PPL,2025-08-01,TRENDING_UP,False,False,,,False
PPP,2020-09-07,TRENDING_UP,False,False,,,False
PPP,2023-09-25,RANGING,False,False,,,False
PPP,2024-07-11,TRENDING_UP,False,False,,,False
PPP,2024-12-23,TRENDING_UP,False,False,,,False
PPP,2025-07-01,TRENDING_UP,False,False,,,False
PPVC,2020-01-23,TRENDING_UP,False,True,-0.845,0.0,False
PPVC,2020-09-10,TRENDING_UP,False,True,8.520688053097338,10.86933888599687,True
PPVC,2021-05-21,TRENDING_UP,False,True,28.44243515497554,34.30668841761828,True
PPVC,2023-04-26,RANGING,False,False,,,False
PPVC,2023-10-19,TRENDING_UP,False,True,14.281750000000004,17.647058823529417,True
PPVC,2024-12-04,TRENDING_UP,False,True,-2.3258362369337973,-1.4808362369337973,False
PPVC,2025-06-03,TRENDING_UP,False,False,,,False
PPVC,2026-06-09,TRENDING_UP,False,False,,,False
PQGTL,2026-06-05,TRENDING_UP,False,False,,,False
PREMA,2020-09-03,TRENDING_UP,False,False,,,False
PREMA,2021-06-01,TRENDING_UP,False,True,10.922576873385005,13.695090439276477,True
PREMA,2022-10-18,RANGING,False,True,-0.8039153656532393,0.04108463434676073,False
PREMA,2023-04-28,RANGING,False,True,-6.003069883527452,-5.158069883527452,False
PREMA,2024-04-24,TRENDING_UP,False,False,,,False
PREMA,2024-08-29,TRENDING_UP,False,False,,,False
PREMA,2025-09-22,TRENDING_UP,False,False,,,False
PRET,2024-01-01,TRENDING_UP,False,False,,,False
PRET,2024-11-05,TRENDING_UP,False,False,,,False
PRET,2025-07-09,TRENDING_UP,False,False,,,False
PRL,2020-07-21,RANGING,False,True,-4.178333333333334,-3.3333333333333335,False
PRL,2020-12-31,TRENDING_UP,False,False,,,False
PRL,2022-04-13,RANGING,False,False,,,False
PRL,2023-04-28,RANGING,False,True,-3.5884842249657085,-2.7434842249657088,False
PRL,2023-10-31,TRENDING_UP,False,False,,,False
PRL,2024-10-17,TRENDING_UP,False,True,-8.845,-8.0,False
PRL,2025-09-18,TRENDING_UP,False,False,,,False
PRL,2026-07-09,TRENDING_UP,False,True,-0.7255256869773067,0.11947431302269332,False
PRWM,2025-05-23,TRENDING_UP,False,False,,,False
PRWM,2026-04-29,TRENDING_UP,False,False,,,False
PSEL,2021-09-08,RANGING,False,False,,,False
PSEL,2023-01-06,RANGING,False,False,,,False
PSEL,2023-11-24,TRENDING_UP,False,False,,,False
PSEL,2024-11-19,TRENDING_UP,False,True,-0.9632033096926713,-0.1182033096926714,False
PSEL,2025-07-17,TRENDING_UP,False,False,,,False
PSEL,2025-10-20,TRENDING_UP,False,False,,,False
PSEL,2026-06-08,TRENDING_UP,False,True,-4.5138166549588,-3.6688166549588006,False
PSMC,2020-07-13,RANGING,False,False,,,False
PSMC,2020-12-28,TRENDING_UP,False,False,,,False
PSMC,2023-07-10,TRENDING_UP,False,False,,,False
PSMC,2023-10-12,TRENDING_UP,False,False,,,False
PSO,2020-07-13,RANGING,False,False,,,False
PSO,2021-01-01,TRENDING_UP,False,False,,,False
PSO,2022-08-05,RANGING,False,False,,,False
PSO,2023-07-27,TRENDING_UP,False,False,,,False
PSO,2024-10-07,TRENDING_UP,False,False,,,False
PSO,2025-08-01,TRENDING_UP,False,False,,,False
PSO,2026-01-20,TRENDING_UP,False,False,,,False
PSX,2024-04-19,TRENDING_UP,False,True,-2.273571428571432,-1.428571428571432,False
PSX,2024-10-21,TRENDING_UP,False,False,,,False
PSX,2025-07-07,TRENDING_UP,False,False,,,False
PSX,2026-01-19,TRENDING_UP,False,False,,,False
PSX,2026-06-05,TRENDING_UP,False,True,-0.09205882352941108,0.7529411764705889,False
PSYL,2024-07-03,TRENDING_UP,False,False,,,False
PSYL,2024-12-06,TRENDING_UP,False,False,,,False
PSYL,2025-12-30,TRENDING_UP,False,True,7.662031690140844,9.859154929577464,True
PTC,2020-07-02,RANGING,False,True,-3.900848261327723,-3.0558482613277227,False
PTC,2021-06-01,TRENDING_UP,False,False,,,False
PTC,2023-10-13,TRENDING_UP,False,False,,,False
PTC,2024-03-19,TRENDING_UP,False,False,,,False
PTC,2024-10-10,TRENDING_UP,False,False,,,False
PTC,2025-05-29,TRENDING_UP,False,True,-5.877405642394206,-5.032405642394206,False
PTC,2025-09-22,TRENDING_UP,False,True,-4.747798232695135,-3.902798232695135,False
PTC,2026-05-25,TRENDING_UP,False,True,4.863389238464022,6.566634398192966,True
PTL,2021-07-26,RANGING,False,False,,,False
PTL,2023-05-08,RANGING,False,True,-3.029466019417489,-2.1844660194174894,False
PTL,2024-05-06,TRENDING_UP,False,False,,,False
PTL,2024-12-04,TRENDING_UP,False,False,,,False
PTL,2025-06-03,TRENDING_UP,False,True,-3.170040688212044,-2.325040688212044,False
PTL,2025-10-21,TRENDING_UP,False,False,,,False
QTECH,2026-06-18,TRENDING_UP,False,False,,,False
QUET,2021-07-14,RANGING,False,True,10.465960526315788,13.157894736842104,True
QUET,2022-11-11,RANGING,False,False,,,False
QUET,2024-09-04,TRENDING_UP,False,True,4.707281914893622,6.382978723404261,True
QUET,2025-08-19,TRENDING_UP,False,False,,,False
QUET,2026-01-30,TRENDING_UP,False,True,7.688343406593409,9.890109890109894,True
QUICE,2020-06-08,RANGING,False,False,,,False
QUICE,2021-06-01,TRENDING_UP,False,True,-4.082410071942441,-3.237410071942441,False
QUICE,2022-06-02,TRENDING_DOWN,False,True,-2.0077906976744146,-1.1627906976744147,False
QUICE,2023-04-28,RANGING,False,False,,,False
QUICE,2023-11-17,TRENDING_UP,False,True,-8.844999999999997,-7.999999999999997,False
QUICE,2024-07-02,TRENDING_UP,False,False,,,False
QUICE,2025-04-22,TRENDING_UP,False,False,,,False
QUICE,2025-09-01,TRENDING_UP,False,False,,,False
QUICE,2026-06-02,TRENDING_UP,False,False,,,False
RCML,2024-01-08,VOLATILE,False,True,-0.845,0.0,False
RCML,2025-09-29,TRENDING_UP,False,False,,,False
REDCO,2021-02-10,TRENDING_UP,False,False,,,False
REDCO,2021-07-07,RANGING,False,True,-8.422497129735937,-7.577497129735937,False
REDCO,2021-11-05,TRENDING_UP,False,False,,,False
REDCO,2022-07-25,TRENDING_DOWN,False,False,,,False
REDCO,2023-11-06,TRENDING_UP,False,True,-5.8095390070921935,-4.964539007092194,False
REDCO,2024-06-04,TRENDING_UP,False,True,1.537336592178765,2.653631284916194,True
REDCO,2024-10-07,TRENDING_UP,False,False,,,False
REDCO,2026-01-19,TRENDING_UP,False,False,,,False
REDCO,2026-06-10,RANGING,False,False,,,False
REWM,2020-01-14,TRENDING_UP,False,True,-0.845,0.0,False
REWM,2020-09-16,TRENDING_UP,False,False,,,False
REWM,2021-04-29,RANGING,False,False,,,False
REWM,2021-12-31,RANGING,False,True,2.2461628113879035,3.487544483985769,True
REWM,2022-05-06,RANGING,False,True,-2.7504054054054006,-1.9054054054054008,False
REWM,2023-02-22,RANGING,False,True,-1.3959181969949888,-0.5509181969949888,False
REWM,2024-07-02,TRENDING_UP,False,True,-6.408772897940608,-5.563772897940608,False
REWM,2025-10-30,VOLATILE,False,False,,,False
RICL,2020-05-07,VOLATILE,False,True,-2.7680769230769133,-1.9230769230769131,False
RICL,2020-12-11,TRENDING_UP,False,False,,,False
RICL,2022-03-29,RANGING,False,True,5.5828090015128495,7.4130105900151175,True
RICL,2023-05-29,RANGING,False,True,-0.845,0.0,False
RICL,2024-08-30,TRENDING_UP,False,False,,,False
RICL,2024-12-09,TRENDING_UP,False,True,-0.9248084596967261,-0.07980845969672616,False
RICL,2025-04-04,TRENDING_UP,False,False,,,False
RICL,2025-08-29,TRENDING_UP,False,False,,,False
RMPL,2020-07-20,RANGING,False,True,2.5251710526315794,3.8157894736842106,True
RMPL,2021-09-06,RANGING,False,False,,,False
RMPL,2023-11-17,TRENDING_UP,False,False,,,False
RMPL,2024-12-06,TRENDING_UP,False,True,0.13164999999999782,0.9998823529411739,True
RMPL,2025-05-19,TRENDING_UP,False,False,,,False
RMPL,2025-09-26,TRENDING_UP,False,True,0.3225498807032563,1.2244704478861839,True
RPL,2020-05-18,VOLATILE,False,False,,,False
RPL,2020-12-15,TRENDING_UP,False,True,7.5485829177057315,9.725685785536156,True
RPL,2021-07-06,RANGING,False,False,,,False
RPL,2023-03-20,RANGING,False,False,,,False
RPL,2023-10-13,TRENDING_UP,False,False,,,False
RPL,2024-04-29,TRENDING_UP,False,False,,,False
RPL,2025-05-30,TRENDING_UP,False,False,,,False
RPL,2026-07-06,TRENDING_UP,False,False,,,False
RUBY,2024-01-11,VOLATILE,False,False,,,False
RUBY,2025-05-29,TRENDING_UP,False,False,,,False
RUBY,2026-05-08,TRENDING_UP,False,False,,,False
RUPL,2024-07-10,TRENDING_UP,False,False,,,False
RUPL,2024-12-09,TRENDING_UP,False,False,,,False
RUPL,2025-06-19,RANGING,False,False,,,False
SAIF,2024-05-02,TRENDING_UP,False,False,,,False
SAIF,2024-10-31,TRENDING_UP,False,False,,,False
SAIF,2025-05-26,TRENDING_UP,False,True,4.574790293040291,6.2271062271062245,True
SAIF,2025-12-15,TRENDING_UP,False,False,,,False
SAIF,2026-06-18,TRENDING_UP,False,False,,,False
SALT,2020-09-01,TRENDING_UP,False,False,,,False
SANE,2024-06-07,RANGING,False,False,,,False
SANSM,2024-05-22,TRENDING_UP,False,False,,,False
SANSM,2025-01-31,VOLATILE,False,False,,,False
SANSM,2025-08-18,TRENDING_UP,False,False,,,False
SANSM,2025-12-02,TRENDING_UP,False,False,,,False
SAPL,2020-05-15,VOLATILE,False,False,,,False
SAPL,2021-06-04,TRENDING_UP,False,False,,,False
SAPL,2021-12-27,TRENDING_DOWN,False,False,,,False
SAPL,2022-04-13,RANGING,False,True,-1.7082124352331647,-0.8632124352331648,False
SAPL,2023-10-25,TRENDING_UP,False,False,,,False
SAPT,2020-11-10,TRENDING_UP,False,False,,,False
SAPT,2021-08-27,RANGING,False,False,,,False
SAPT,2022-09-01,RANGING,False,False,,,False
SAPT,2023-03-14,RANGING,False,True,-0.845,0.0,False
SAPT,2023-12-19,TRENDING_UP,False,False,,,False
SAPT,2025-07-14,TRENDING_UP,False,True,-3.1792961979857983,-2.334296197985798,False
SARC,2020-02-24,VOLATILE,False,True,-0.9012746201463028,-0.056274620146302815,False
SARC,2020-12-02,TRENDING_UP,False,False,,,False
SARC,2021-08-02,RANGING,False,True,-2.0354761904761904,-1.1904761904761905,False
SARC,2022-11-21,RANGING,False,False,,,False
SARC,2023-11-07,TRENDING_UP,False,False,,,False
SARC,2024-10-01,TRENDING_UP,False,True,-0.845,0.0,False
SARC,2025-06-02,TRENDING_UP,False,False,,,False
SARC,2026-07-03,TRENDING_UP,False,True,-0.7337652947719752,0.11123470522802481,False
SASML,2024-01-04,TRENDING_UP,False,False,,,False
SASML,2024-12-18,TRENDING_UP,False,True,-0.845,0.0,False
SASML,2026-02-17,VOLATILE,False,False,,,False
SAZEW,2020-08-03,TRENDING_UP,False,False,,,False
SAZEW,2020-12-21,TRENDING_UP,False,False,,,False
SAZEW,2023-07-10,TRENDING_UP,False,False,,,False
SAZEW,2024-12-09,TRENDING_UP,False,False,,,False
SAZEW,2025-04-18,TRENDING_UP,False,False,,,False
SAZEW,2025-08-06,TRENDING_UP,False,False,,,False
SAZEW,2026-01-26,TRENDING_UP,False,False,,,False
SBL,2020-10-14,VOLATILE,False,False,,,False
SBL,2021-09-13,RANGING,False,False,,,False
SBL,2023-09-14,RANGING,False,True,4.28175,5.88235294117647,True
SBL,2025-04-08,RANGING,False,True,-8.844999999999994,-7.999999999999993,False
SBL,2025-09-29,TRENDING_UP,False,False,,,False
SBL,2026-07-06,TRENDING_UP,False,False,,,False
SCBPL,2020-01-14,TRENDING_UP,False,False,,,False
SCBPL,2020-06-30,RANGING,False,True,-0.845,0.0,False
SCBPL,2023-02-09,VOLATILE,False,True,-0.845,0.0,False
SCBPL,2023-07-21,TRENDING_UP,False,True,-1.2974886877828118,-0.4524886877828118,False
SCBPL,2024-03-07,TRENDING_UP,False,False,,,False
SCBPL,2025-02-27,TRENDING_UP,False,False,,,False
SCBPL,2025-07-02,TRENDING_UP,False,True,-4.1490315247044665,-3.3040315247044663,False
SCBPL,2026-01-08,TRENDING_UP,False,True,-2.6138360788549857,-1.7688360788549855,False
SCL,2020-10-12,VOLATILE,False,False,,,False
SCL,2022-02-04,RANGING,False,True,0.281748092254758,1.176468343829127,True
SCL,2023-11-15,TRENDING_UP,False,False,,,False
SCL,2024-10-24,TRENDING_UP,False,False,,,False
SCL,2025-04-24,VOLATILE,False,False,,,False
SCL,2025-09-22,TRENDING_UP,False,False,,,False
SEARL,2020-07-30,TRENDING_UP,False,False,,,False
SEARL,2021-02-03,TRENDING_UP,False,False,,,False
SEARL,2022-08-15,RANGING,False,False,,,False
SEARL,2023-11-03,TRENDING_UP,False,False,,,False
SEARL,2024-04-08,TRENDING_UP,False,True,-4.644514955537593,-3.7995149555375933,False
SEARL,2024-10-16,TRENDING_UP,False,False,,,False
SEARL,2025-07-07,TRENDING_UP,False,False,,,False
SEARL,2026-01-01,TRENDING_UP,False,False,,,False
SEL,2021-10-14,VOLATILE,False,True,-1.6020977917981023,-0.7570977917981023,False
SEL,2023-10-17,TRENDING_UP,False,False,,,False
SEL,2025-07-10,TRENDING_UP,False,True,-2.8858163265306125,-2.0408163265306123,False
SEL,2026-05-13,TRENDING_UP,False,False,,,False
SEPL,2020-01-17,TRENDING_UP,False,True,-1.6386507936507937,-0.7936507936507936,False
SEPL,2020-07-20,RANGING,False,False,,,False
SEPL,2021-07-23,RANGING,False,False,,,False
SEPL,2022-08-15,RANGING,False,False,,,False
SEPL,2023-04-06,TRENDING_DOWN,False,True,-0.41303455723541493,0.43196544276458504,False
SEPL,2023-11-07,TRENDING_UP,False,True,-3.3873728813559323,-2.5423728813559325,False
SEPL,2024-12-09,TRENDING_UP,False,True,0.2546415662650631,1.1445783132530154,True
SEPL,2025-07-11,TRENDING_UP,False,False,,,False
SEPL,2026-01-14,TRENDING_UP,False,False,,,False
SERT,2024-06-25,TRENDING_UP,False,False,,,False
SERT,2025-01-14,VOLATILE,False,False,,,False
SERT,2025-05-19,TRENDING_UP,False,True,-8.844999999999999,-7.999999999999999,False
SERT,2025-10-14,TRENDING_UP,False,False,,,False
SERT,2026-05-08,TRENDING_UP,False,False,,,False
SFL,2020-11-13,VOLATILE,False,True,5.251212799938533,7.022897411692392,True
SFL,2021-12-31,RANGING,False,True,7.554234873346321,9.73233514511332,True
SFL,2022-05-20,TRENDING_DOWN,False,True,-0.845,0.0,False
SFL,2023-06-02,RANGING,False,True,-4.844200000000001,-3.9992000000000005,False
SFL,2025-09-29,TRENDING_UP,False,False,,,False
SFL,2026-06-12,TRENDING_UP,False,False,,,False
SGF,2024-04-08,TRENDING_UP,False,False,,,False
SGF,2024-11-25,TRENDING_UP,False,True,10.96234424326834,13.741875580315696,True
SGF,2025-08-27,TRENDING_UP,False,True,-8.012381974248935,-7.167381974248935,False
SGF,2025-12-01,TRENDING_UP,False,False,,,False
SGF,2026-05-15,VOLATILE,False,False,,,False
SGPL,2021-06-22,TRENDING_UP,False,False,,,False
SGPL,2021-12-02,VOLATILE,False,False,,,False
SGPL,2022-07-07,TRENDING_DOWN,False,False,,,False
SGPL,2022-12-12,TRENDING_DOWN,False,False,,,False
SGPL,2024-02-22,VOLATILE,False,False,,,False
SGPL,2024-12-20,TRENDING_UP,False,False,,,False
SGPL,2025-08-18,TRENDING_UP,False,False,,,False
SGPL,2025-11-20,VOLATILE,False,False,,,False
SGPL,2026-04-20,VOLATILE,False,False,,,False
SHCM,2024-01-02,TRENDING_UP,False,False,,,False
SHCM,2025-06-12,TRENDING_UP,False,False,,,False
SHDT,2024-07-08,TRENDING_UP,False,True,-1.96396348645466,-1.11896348645466,False
SHDT,2024-11-20,TRENDING_UP,False,False,,,False
SHDT,2025-05-21,TRENDING_UP,False,False,,,False
SHDT,2026-06-05,TRENDING_UP,False,False,,,False
SHEL,2020-07-21,RANGING,False,False,,,False
SHEL,2020-12-28,TRENDING_UP,False,False,,,False
SHEL,2022-10-12,RANGING,False,False,,,False
SHEL,2023-06-15,RANGING,False,False,,,False
SHEL,2024-10-16,TRENDING_UP,False,True,-1.157141674098599,-0.312141674098599,False
SHEZ,2020-01-13,TRENDING_UP,False,False,,,False
SHEZ,2020-09-08,TRENDING_UP,False,False,,,False
SHEZ,2021-01-13,TRENDING_UP,False,False,,,False
SHEZ,2022-08-10,RANGING,False,True,2.1384847150797355,3.3608643706820422,True
SHEZ,2023-07-12,TRENDING_UP,False,False,,,False
SHEZ,2023-11-28,TRENDING_UP,False,False,,,False
SHEZ,2024-11-15,TRENDING_UP,False,True,4.458754692919812,6.090593756376249,True
SHEZ,2025-04-18,TRENDING_UP,False,False,,,False
SHEZ,2025-10-01,TRENDING_UP,False,False,,,False
SHFA,2020-07-03,RANGING,False,True,-2.040843952166246,-1.1958439521662463,False
SHFA,2021-01-20,TRENDING_UP,False,True,-2.8775203252032515,-2.0325203252032518,False
SHFA,2021-06-02,TRENDING_UP,False,False,,,False
SHFA,2023-07-11,TRENDING_UP,False,True,1.563191717791411,2.684049079754601,True
SHFA,2023-11-24,TRENDING_UP,False,False,,,False
SHFA,2024-05-21,TRENDING_UP,False,False,,,False
SHFA,2024-09-09,TRENDING_UP,False,False,,,False
SHFA,2025-07-07,TRENDING_UP,False,False,,,False
SHFA,2026-01-08,TRENDING_UP,False,False,,,False
SHFA,2026-06-17,TRENDING_UP,False,False,,,False
SHJS,2024-01-04,TRENDING_UP,False,False,,,False
SHJS,2025-01-28,VOLATILE,False,True,-7.778911159263266,-6.933911159263266,False
SHJS,2025-07-24,TRENDING_UP,False,True,-3.4256451612903227,-2.5806451612903225,False
SHNI,2020-07-23,RANGING,False,True,5.264643100719691,7.038697765552578,True
SHNI,2021-05-21,TRENDING_UP,False,False,,,False
SHNI,2021-12-31,RANGING,False,True,-1.1087451815783993,-0.26374518157839943,False
SHNI,2023-11-13,TRENDING_UP,False,True,-0.845,0.0,False
SHNI,2024-12-18,TRENDING_UP,False,True,-0.5232576413810159,0.321742358618984,False
SHNI,2025-04-03,TRENDING_UP,False,True,-7.013557697071792,-6.168557697071792,False
SHNI,2025-11-06,VOLATILE,False,False,,,False
SHNI,2026-07-09,TRENDING_UP,False,False,,,False
SHSML,2024-01-01,TRENDING_UP,False,False,,,False
SHSML,2024-12-05,TRENDING_UP,False,False,,,False
SHSML,2025-07-24,TRENDING_UP,False,False,,,False
SIBL,2024-08-21,RANGING,False,False,,,False
SIBL,2024-12-26,TRENDING_UP,False,False,,,False
SIBL,2025-07-04,TRENDING_UP,False,False,,,False
SIEM,2021-06-04,TRENDING_UP,False,False,,,False
SIEM,2022-07-28,TRENDING_DOWN,False,True,-3.1826623376623377,-2.3376623376623376,False
SIEM,2023-05-29,RANGING,False,False,,,False
SIEM,2024-10-15,TRENDING_UP,False,False,,,False
SIEM,2025-04-03,TRENDING_UP,False,False,,,False
SILK,2020-06-10,RANGING,False,True,-1.9944252873563229,-1.1494252873563229,False
SILK,2021-01-28,TRENDING_UP,False,False,,,False
SILK,2021-05-27,TRENDING_UP,False,False,,,False
SILK,2022-05-26,TRENDING_DOWN,False,True,-8.84499999999999,-7.999999999999989,False
SILK,2023-11-21,TRENDING_UP,False,False,,,False
SILK,2024-06-20,TRENDING_UP,False,False,,,False
SILK,2024-10-29,TRENDING_UP,False,False,,,False
SILK,2025-02-06,VOLATILE,False,True,-8.844999999999997,-7.9999999999999964,False
SINDM,2024-04-23,TRENDING_UP,False,True,5.415770618556711,7.216494845360836,True
SINDM,2025-02-25,TRENDING_UP,False,True,4.013035988483686,5.566218809980807,True
SINDM,2025-08-12,TRENDING_UP,False,False,,,False
SITC,2020-07-22,RANGING,False,False,,,False
SITC,2021-02-03,TRENDING_UP,False,False,,,False
SITC,2022-01-04,RANGING,False,False,,,False
SITC,2023-02-21,VOLATILE,False,True,2.848208333333331,4.19583333333333,True
SITC,2023-12-01,TRENDING_UP,False,False,,,False
SITC,2024-05-13,TRENDING_UP,False,True,11.769582484436897,14.691567628749292,True
SITC,2024-12-05,TRENDING_UP,False,True,5.1883294379851534,6.948916985864886,True
SITC,2025-03-10,TRENDING_UP,False,True,-0.03199186991869907,0.8130081300813009,False
SITC,2025-07-21,TRENDING_UP,False,False,,,False
SITC,2026-02-11,VOLATILE,False,False,,,False
SJTM,2020-01-03,TRENDING_UP,False,False,,,False
SKRS,2024-11-12,TRENDING_UP,False,False,,,False
SKRS,2025-02-12,RANGING,False,False,,,False
SKRS,2025-07-30,TRENDING_UP,False,True,-6.0301851851851795,-5.18518518518518,False
SKRS,2026-04-22,TRENDING_UP,False,False,,,False
SLGL,2024-08-26,TRENDING_UP,False,False,,,False
SLGL,2025-04-22,TRENDING_UP,False,False,,,False
SLGL,2025-09-11,TRENDING_UP,False,False,,,False
SLGL,2026-07-02,TRENDING_UP,False,False,,,False
SLYT,2024-07-15,TRENDING_UP,False,False,,,False
SLYT,2025-07-14,TRENDING_UP,False,False,,,False
SLYT,2026-04-22,TRENDING_UP,False,True,-8.844999999999995,-7.999999999999995,False
SMBL,2020-01-13,TRENDING_UP,False,False,,,False
SMBL,2020-09-04,TRENDING_UP,False,True,-1.9944252873563229,-1.1494252873563229,False
SMBL,2021-05-21,TRENDING_UP,False,False,,,False
SMBL,2022-12-12,TRENDING_DOWN,False,False,,,False
SMBL,2023-11-23,TRENDING_UP,False,False,,,False
SMCPL,2020-07-13,RANGING,False,False,,,False
SMCPL,2021-03-29,VOLATILE,False,False,,,False
SMCPL,2022-07-27,TRENDING_DOWN,False,False,,,False
SMCPL,2023-06-27,RANGING,False,True,-2.017839506172826,-1.1728395061728256,False
SMCPL,2024-05-02,TRENDING_UP,False,False,,,False
SMCPL,2025-06-10,TRENDING_UP,False,False,,,False
SMCPL,2026-01-08,TRENDING_UP,False,False,,,False
SMCPL,2026-06-09,TRENDING_UP,False,False,,,False
SML,2024-07-03,TRENDING_UP,False,True,-0.845,0.0,False
SML,2024-12-12,TRENDING_UP,False,False,,,False
SML,2025-04-08,RANGING,False,False,,,False
SML,2025-11-27,TRENDING_UP,False,False,,,False
SNAI,2024-12-06,TRENDING_UP,False,True,-1.7070689655172413,-0.8620689655172413,False
SNAI,2025-12-08,TRENDING_UP,False,False,,,False
SNAI,2026-06-03,TRENDING_UP,False,False,,,False
SNBL,2020-01-17,TRENDING_UP,False,True,10.714591397347274,13.45040164393797,True
SNBL,2021-01-19,TRENDING_UP,False,True,0.24179666807332106,1.1294666683215542,True
SNBL,2021-06-30,RANGING,False,True,-2.0006603773584954,-1.1556603773584957,False
SNBL,2023-11-10,TRENDING_UP,False,False,,,False
SNBL,2024-05-10,TRENDING_UP,False,False,,,False
SNBL,2024-11-27,TRENDING_UP,False,True,9.84702170518425,12.429731417863824,True
SNBL,2025-06-05,TRENDING_UP,False,False,,,False
SNBL,2026-06-16,TRENDING_UP,False,False,,,False
SNGP,2020-08-17,TRENDING_UP,False,False,,,False
SNGP,2021-05-28,TRENDING_UP,False,False,,,False
SNGP,2022-06-21,RANGING,False,False,,,False
SNGP,2022-11-02,RANGING,False,True,-1.5571336620104028,-0.7121336620104027,False
SNGP,2023-02-13,VOLATILE,False,False,,,False
SNGP,2023-07-31,TRENDING_UP,False,False,,,False
SNGP,2024-05-03,TRENDING_UP,False,False,,,False
SNGP,2024-10-28,TRENDING_UP,False,False,,,False
SNGP,2025-04-21,TRENDING_UP,False,False,,,False
SNGP,2025-09-08,TRENDING_UP,False,False,,,False
SNGP,2026-06-16,TRENDING_UP,False,False,,,False
SPEL,2020-05-15,VOLATILE,False,False,,,False
SPEL,2021-05-31,TRENDING_UP,False,False,,,False
SPEL,2023-07-21,TRENDING_UP,False,False,,,False
SPEL,2023-11-13,TRENDING_UP,False,False,,,False
SPEL,2024-05-13,TRENDING_UP,False,False,,,False
SPEL,2024-12-13,TRENDING_UP,False,False,,,False
SPEL,2025-07-14,TRENDING_UP,False,False,,,False
SPEL,2026-01-19,TRENDING_UP,False,False,,,False
SPEL,2026-06-12,TRENDING_UP,False,False,,,False
SPL,2020-05-12,VOLATILE,False,True,0.03925469043152485,0.8911819887429704,True
SPL,2021-01-06,TRENDING_UP,False,False,,,False
SPL,2022-10-18,RANGING,False,False,,,False
SPL,2023-10-19,TRENDING_UP,False,False,,,False
SPL,2024-05-13,TRENDING_UP,False,True,-1.9275439783491213,-1.0825439783491213,False
SPL,2024-08-23,TRENDING_UP,False,False,,,False
SPL,2025-05-16,TRENDING_UP,False,False,,,False
SPL,2026-04-29,TRENDING_UP,False,False,,,False
SPLC,2020-08-27,TRENDING_UP,False,False,,,False
SPLC,2021-06-07,TRENDING_UP,False,False,,,False
SPWL,2020-08-28,TRENDING_UP,False,False,,,False
SPWL,2021-03-30,VOLATILE,False,True,-1.0159250582029322,-0.1709250582029323,False
SPWL,2022-01-06,RANGING,False,False,,,False
SPWL,2022-08-23,RANGING,False,False,,,False
SPWL,2023-03-30,TRENDING_DOWN,False,False,,,False
SPWL,2023-08-09,TRENDING_UP,False,False,,,False
SRVI,2024-05-08,TRENDING_UP,False,False,,,False
SRVI,2025-07-10,TRENDING_UP,False,False,,,False
SRVI,2025-11-28,TRENDING_UP,False,True,2.077802631578947,3.289473684210526,True
SRVI,2026-05-20,VOLATILE,False,False,,,False
SSGC,2020-07-13,RANGING,False,False,,,False
SSGC,2022-02-18,TRENDING_UP,False,False,,,False
SSGC,2022-07-13,VOLATILE,False,False,,,False
SSGC,2022-11-16,RANGING,False,False,,,False
SSGC,2023-10-19,TRENDING_UP,False,False,,,False
SSGC,2024-10-23,TRENDING_UP,False,False,,,False
SSGC,2026-06-17,TRENDING_UP,False,False,,,False
SSML,2024-01-01,TRENDING_UP,False,False,,,False
SSML,2024-08-30,TRENDING_UP,False,True,-5.094999999999998,-4.249999999999998,False
SSML,2025-10-23,TRENDING_UP,False,False,,,False
SSOM,2024-01-01,TRENDING_UP,False,True,2.8682478902953594,4.219409282700423,True
SSOM,2025-03-03,RANGING,False,False,,,False
SSOM,2026-02-17,VOLATILE,False,False,,,False
STCL,2020-07-15,RANGING,False,False,,,False
STCL,2021-05-20,TRENDING_UP,False,False,,,False
STCL,2023-07-11,TRENDING_UP,False,False,,,False
STCL,2023-10-26,TRENDING_UP,False,False,,,False
STCL,2024-05-02,TRENDING_UP,False,False,,,False
STCL,2024-12-04,TRENDING_UP,False,False,,,False
STCL,2025-07-08,TRENDING_UP,False,False,,,False
STJT,2025-05-22,TRENDING_UP,False,True,-4.3517074605789645,-3.5067074605789643,False
STJT,2025-09-26,TRENDING_UP,False,False,,,False
STL,2025-06-05,TRENDING_UP,False,False,,,False
STL,2025-09-19,TRENDING_UP,False,False,,,False
STML,2020-02-06,RANGING,False,True,-0.3236235662147996,0.5213764337852004,False
STML,2022-12-23,TRENDING_DOWN,False,False,,,False
STML,2025-06-20,RANGING,False,False,,,False
STML,2026-05-08,TRENDING_UP,False,False,,,False
STPL,2020-08-25,TRENDING_UP,False,False,,,False
STPL,2020-12-02,TRENDING_UP,False,False,,,False
STPL,2021-06-30,RANGING,False,True,-3.8230564263322897,-2.9780564263322895,False
STPL,2023-11-16,TRENDING_UP,False,False,,,False
STPL,2024-05-13,TRENDING_UP,False,False,,,False
STPL,2025-01-03,TRENDING_UP,False,False,,,False
STPL,2025-06-18,RANGING,False,False,,,False
STPL,2026-01-12,TRENDING_UP,False,False,,,False
STPL,2026-06-12,TRENDING_UP,False,False,,,False
STYLERS,2025-07-14,TRENDING_UP,False,False,,,False
SUHJ,2021-08-27,RANGING,False,False,,,False
SURC,2020-01-30,RANGING,False,False,,,False
SURC,2023-11-21,TRENDING_UP,False,False,,,False
SURC,2025-07-10,TRENDING_UP,False,False,,,False
SURC,2026-05-05,VOLATILE,False,False,,,False
SUTM,2024-10-18,TRENDING_UP,False,False,,,False
SUTM,2025-04-21,TRENDING_UP,False,False,,,False
SYM,2024-05-21,TRENDING_UP,False,False,,,False
SYM,2024-12-02,TRENDING_UP,False,False,,,False
SYM,2025-09-09,TRENDING_UP,False,False,,,False
SYS,2020-01-30,RANGING,False,False,,,False
SYS,2020-06-02,RANGING,False,True,-1.1537119927592956,-0.3087119927592956,False
SYS,2021-06-14,TRENDING_UP,False,True,-2.1758127890849726,-1.3308127890849726,False
SYS,2022-08-17,RANGING,False,False,,,False
SYS,2023-11-23,TRENDING_UP,False,False,,,False
SYS,2024-05-31,TRENDING_UP,False,False,,,False
SYS,2024-10-29,TRENDING_UP,False,False,,,False
SYS,2025-09-30,TRENDING_UP,False,False,,,False
SZTM,2025-06-20,RANGING,False,False,,,False
SZTM,2026-06-02,TRENDING_UP,False,False,,,False
TATM,2024-01-01,TRENDING_UP,False,True,-4.503536585365853,-3.6585365853658534,False
TATM,2025-05-30,TRENDING_UP,False,False,,,False
TATM,2025-11-28,TRENDING_UP,False,False,,,False
TBL,2025-07-09,TRENDING_UP,False,True,-3.282223042836029,-2.437223042836029,False
TBL,2026-01-20,TRENDING_UP,False,False,,,False
TCORP,2024-09-06,TRENDING_UP,False,True,-5.405260586319214,-4.560260586319214,False
TCORP,2025-01-31,VOLATILE,False,False,,,False
TCORP,2025-07-21,TRENDING_UP,False,False,,,False
TCORP,2025-12-04,TRENDING_UP,False,False,,,False
TCORP,2026-03-05,VOLATILE,False,False,,,False
TCORPCPS,2024-09-06,TRENDING_UP,False,True,1.410551431127021,2.5044722719141426,True
TCORPCPS,2025-09-11,TRENDING_UP,False,False,,,False
TELE,2020-09-09,TRENDING_UP,False,False,,,False
TELE,2020-12-22,TRENDING_UP,False,False,,,False
TELE,2021-08-31,RANGING,False,False,,,False
TELE,2023-03-10,RANGING,False,True,0.8755000000000037,1.8750000000000044,True
TELE,2023-07-14,TRENDING_UP,False,False,,,False
TELE,2023-11-21,TRENDING_UP,False,False,,,False
TELE,2024-12-06,TRENDING_UP,False,False,,,False
TELE,2025-09-17,TRENDING_UP,False,False,,,False
TGL,2020-07-16,RANGING,False,False,,,False
TGL,2021-02-12,RANGING,False,False,,,False
TGL,2022-01-20,RANGING,False,False,,,False
TGL,2022-08-24,RANGING,False,True,-3.4449999999999967,-2.5999999999999965,False
TGL,2023-07-10,TRENDING_UP,False,False,,,False
TGL,2023-10-23,TRENDING_UP,False,False,,,False
TGL,2024-04-23,TRENDING_UP,False,False,,,False
TGL,2024-11-11,TRENDING_UP,False,True,2.3483046756259536,3.607711383089357,True
TGL,2026-06-15,TRENDING_UP,False,False,,,False
THALL,2020-01-17,TRENDING_UP,False,True,-0.8757684418348259,-0.030768441834825917,False
THALL,2020-07-17,RANGING,False,False,,,False
THALL,2020-12-18,TRENDING_UP,False,True,-1.8976315789473683,-1.0526315789473684,False
THALL,2023-07-11,TRENDING_UP,False,True,-0.845,0.0,False
THALL,2024-03-21,TRENDING_UP,False,False,,,False
THALL,2025-07-11,TRENDING_UP,False,True,2.429898148148148,3.7037037037037033,True
THALL,2026-01-16,TRENDING_UP,False,False,,,False
THCCL,2020-07-20,RANGING,False,False,,,False
THCCL,2021-06-08,TRENDING_UP,False,False,,,False
THCCL,2023-09-25,RANGING,False,False,,,False
THCCL,2024-04-03,TRENDING_UP,False,True,8.76251923076923,11.153846153846155,True
THCCL,2025-10-09,TRENDING_UP,False,False,,,False
THCCL,2026-06-05,TRENDING_UP,False,False,,,False
TICL,2025-01-31,VOLATILE,False,False,,,False
TICL,2025-07-24,TRENDING_UP,False,False,,,False
TICL,2025-11-25,TRENDING_UP,False,False,,,False
TICL,2026-04-28,TRENDING_UP,False,False,,,False
TOMCL,2021-02-04,TRENDING_UP,False,False,,,False
TOMCL,2021-06-02,TRENDING_UP,False,True,-3.1463112122023,-2.3013112122023,False
TOMCL,2022-10-13,RANGING,False,False,,,False
TOMCL,2023-04-12,TRENDING_DOWN,False,True,0.5633464523281592,1.5077605321507754,True
TOMCL,2023-08-02,TRENDING_UP,False,True,0.3332963917525798,1.2371134020618586,True
TOMCL,2024-03-18,TRENDING_UP,False,False,,,False
TOMCL,2025-08-07,TRENDING_UP,False,False,,,False
TOMCL,2026-06-18,TRENDING_UP,False,False,,,False
TOWL,2020-03-04,VOLATILE,False,False,,,False
TOWL,2020-12-17,TRENDING_UP,False,False,,,False
TOWL,2021-06-16,TRENDING_UP,False,False,,,False
TOWL,2022-09-13,RANGING,False,True,-0.845,0.0,False
TOWL,2023-03-07,RANGING,False,False,,,False
TOWL,2023-11-20,TRENDING_UP,False,False,,,False
TOWL,2024-11-11,TRENDING_UP,False,False,,,False
TOWL,2025-06-18,RANGING,False,False,,,False
TPL,2020-06-16,RANGING,False,False,,,False
TPL,2021-05-31,TRENDING_UP,False,False,,,False
TPL,2023-07-03,RANGING,False,True,-7.686339155749631,-6.8413391557496315,False
TPL,2023-11-20,TRENDING_UP,False,True,7.033750000000003,9.120000000000005,True
TPL,2024-09-12,TRENDING_UP,False,False,,,False
TPL,2024-12-30,TRENDING_UP,False,False,,,False
TPL,2025-07-08,TRENDING_UP,False,True,-5.529975767366721,-4.684975767366721,False
TPL,2025-12-10,TRENDING_UP,False,False,,,False
TPL,2026-04-24,TRENDING_UP,False,True,-5.160196998123835,-4.315196998123835,False
TPLI,2020-07-08,RANGING,False,False,,,False
TPLI,2023-03-10,RANGING,False,True,-2.4609695817490485,-1.6159695817490487,False
TPLI,2023-07-03,RANGING,False,True,-0.845,0.0,False
TPLI,2024-04-01,TRENDING_UP,False,True,-1.8745126973232693,-1.0295126973232693,False
TPLI,2025-08-26,TRENDING_UP,False,False,,,False
TPLI,2026-07-01,TRENDING_UP,False,False,,,False
TPLL,2026-06-24,TRENDING_UP,False,False,,,False
TPLP,2020-07-16,RANGING,False,True,-2.561068642745715,-1.7160686427457148,False
TPLP,2021-02-17,TRENDING_UP,False,False,,,False
TPLP,2021-05-27,TRENDING_UP,False,False,,,False
TPLP,2023-12-07,TRENDING_UP,False,False,,,False
TPLP,2024-12-02,TRENDING_UP,False,False,,,False
TPLP,2025-07-08,TRENDING_UP,False,False,,,False
TPLP,2026-06-08,TRENDING_UP,False,False,,,False
TPLRF1,2024-12-30,TRENDING_UP,False,True,-2.4208371634931067,-1.575837163493107,False
TPLRF1,2026-06-11,RANGING,False,False,,,False
TPLT,2021-03-25,TRENDING_UP,False,False,,,False
TPLT,2024-05-27,TRENDING_UP,False,False,,,False
TPLT,2024-12-03,TRENDING_UP,False,False,,,False
TPLT,2025-07-09,TRENDING_UP,False,False,,,False
TPLT,2025-12-11,TRENDING_UP,False,False,,,False
TPLT,2026-05-07,TRENDING_UP,False,True,19.03527112676057,23.239436619718315,True
TREET,2020-07-14,RANGING,False,False,,,False
TREET,2020-12-07,TRENDING_UP,False,False,,,False
TREET,2021-05-31,TRENDING_UP,False,False,,,False
TREET,2023-03-20,RANGING,False,False,,,False
TREET,2023-07-10,TRENDING_UP,False,False,,,False
TREET,2023-12-15,TRENDING_UP,False,False,,,False
TREET,2024-11-08,TRENDING_UP,False,False,,,False
TREET,2025-09-11,TRENDING_UP,False,False,,,False
TREET,2026-01-20,TRENDING_UP,False,False,,,False
TRG,2020-01-02,TRENDING_UP,False,False,,,False
TRG,2020-05-19,RANGING,False,True,-2.9685521235521124,-2.1235521235521126,False
TRG,2020-11-30,TRENDING_UP,False,False,,,False
TRG,2022-07-29,TRENDING_DOWN,False,False,,,False
TRG,2023-12-11,TRENDING_UP,False,False,,,False
TRG,2024-11-15,TRENDING_UP,False,False,,,False
TRG,2025-09-15,TRENDING_UP,False,False,,,False
TRG,2026-06-02,TRENDING_UP,False,True,-2.4620212765957454,-1.6170212765957452,False
TRIPF,2020-01-27,TRENDING_UP,False,True,0.9193646788990834,1.9266055045871568,True
TRIPF,2020-07-16,RANGING,False,False,,,False
TRIPF,2021-06-08,TRENDING_UP,False,False,,,False
TRIPF,2023-03-30,TRENDING_DOWN,False,True,-6.185909090909088,-5.340909090909088,False
TRIPF,2023-11-14,TRENDING_UP,False,False,,,False
TRIPF,2024-11-11,TRENDING_UP,False,True,-0.845,0.0,False
TRIPF,2025-05-30,TRENDING_UP,False,False,,,False
TRIPF,2026-02-18,VOLATILE,False,False,,,False
TRIPF,2026-06-17,TRENDING_UP,False,False,,,False
TRSM,2024-07-03,TRENDING_UP,False,False,,,False
TRSM,2025-06-10,TRENDING_UP,False,False,,,False
TSBL,2024-01-02,TRENDING_UP,False,True,7.605192136498518,9.792284866468846,True
TSBL,2024-10-17,TRENDING_UP,False,False,,,False
TSBL,2025-07-25,TRENDING_UP,False,True,-8.844999999999997,-7.9999999999999964,False
TSBL,2025-10-28,VOLATILE,False,False,,,False
TSMF,2024-01-01,TRENDING_UP,False,True,-0.845,0.0,False
TSMF,2025-04-29,VOLATILE,False,False,,,False
TSMF,2026-04-28,TRENDING_UP,False,True,-8.844999999999992,-7.999999999999992,False
TSML,2025-04-17,TRENDING_UP,False,True,-0.8554166666666719,-0.010416666666671997,False
TSML,2025-11-03,VOLATILE,False,True,-7.110498429492474,-6.2654984294924745,False
TSML,2026-04-06,VOLATILE,False,True,-0.845,0.0,False
TSPL,2020-01-06,TRENDING_UP,False,False,,,False
TSPL,2020-07-20,RANGING,False,True,-1.6558108108108174,-0.8108108108108174,False
TSPL,2020-12-16,TRENDING_UP,False,False,,,False
TSPL,2022-07-06,TRENDING_DOWN,False,False,,,False
TSPL,2022-12-09,RANGING,False,True,16.895818441064637,20.722433460076044,True
TSPL,2023-10-19,TRENDING_UP,False,False,,,False
TSPL,2025-02-24,RANGING,False,False,,,False
TSPL,2025-06-30,TRENDING_UP,False,True,-1.712410161090462,-0.867410161090462,False
TSPL,2026-06-02,TRENDING_UP,False,False,,,False
UBDL,2020-01-15,TRENDING_UP,False,False,,,False
UBDL,2020-06-05,RANGING,False,True,-1.8020957095709542,-0.9570957095709542,False
UBDL,2020-09-08,TRENDING_UP,False,False,,,False
UBDL,2020-12-29,TRENDING_UP,False,False,,,False
UBDL,2021-06-30,RANGING,False,False,,,False
UBDL,2023-10-23,TRENDING_UP,False,False,,,False
UBDL,2024-07-26,RANGING,False,False,,,False
UBDL,2024-11-13,TRENDING_UP,False,False,,,False
UBDL,2025-05-15,TRENDING_UP,False,False,,,False
UBDL,2025-10-01,TRENDING_UP,False,False,,,False
UBL,2020-08-04,TRENDING_UP,False,False,,,False
UBL,2021-01-07,TRENDING_UP,False,False,,,False
UBL,2021-10-21,VOLATILE,False,True,0.10941543055844655,0.9737240359511136,True
UBL,2022-02-23,RANGING,False,True,-0.126354408487802,0.718645591512198,False
UBL,2023-04-28,RANGING,False,False,,,False
UBL,2023-10-31,TRENDING_UP,False,False,,,False
UBL,2024-04-22,TRENDING_UP,False,False,,,False
UBL,2024-09-23,TRENDING_UP,False,True,0.18195814302220883,1.0590684035555398,True
UBL,2026-01-01,TRENDING_UP,False,False,,,False
UBL,2026-07-01,TRENDING_UP,False,False,,,False
UBLPETF,2024-06-14,TRENDING_UP,False,False,,,False
UBLPETF,2024-10-25,TRENDING_UP,False,True,-0.7943927125506174,0.05060728744938264,False
UBLPETF,2025-04-21,TRENDING_UP,False,False,,,False
UCAPM,2024-01-01,TRENDING_UP,False,True,-3.559932126696835,-2.714932126696835,False
UCAPM,2024-06-27,TRENDING_UP,False,False,,,False
UCAPM,2025-06-16,TRENDING_UP,False,True,-8.84499999999999,-7.999999999999989,False
UCAPM,2025-10-22,TRENDING_UP,False,False,,,False
UDLI,2025-06-26,TRENDING_UP,False,False,,,False
UDLI,2025-09-25,TRENDING_UP,False,False,,,False
UDLI,2026-04-28,TRENDING_UP,False,False,,,False
UDPL,2020-06-08,RANGING,False,False,,,False
UDPL,2023-10-20,TRENDING_UP,False,False,,,False
UDPL,2024-11-14,TRENDING_UP,False,False,,,False
UDPL,2025-07-23,TRENDING_UP,False,False,,,False
UDPL,2026-07-02,TRENDING_UP,False,False,,,False
UNIC,2020-07-30,TRENDING_UP,False,True,-2.780483870967746,-1.9354838709677464,False
UNIC,2022-01-05,RANGING,False,True,-0.845,0.0,False
UNIC,2022-08-11,RANGING,False,False,,,False
UNIC,2023-01-10,RANGING,False,True,-0.845,0.0,False
UNIC,2023-10-27,TRENDING_UP,False,True,1.3037764317180585,2.378854625550657,True
UNIC,2024-03-08,TRENDING_UP,False,False,,,False
UNIC,2024-08-22,RANGING,False,True,-2.6487518037518036,-1.8037518037518039,False
UNIC,2025-01-31,VOLATILE,False,True,-2.408404748118121,-1.5634047481181215,False
UNITY,2020-01-01,TRENDING_UP,False,False,,,False
UNITY,2020-08-17,TRENDING_UP,False,False,,,False
UNITY,2021-05-17,TRENDING_UP,False,False,,,False
UNITY,2022-02-01,RANGING,False,True,-2.357812596480401,-1.5128125964804013,False
UNITY,2023-06-08,RANGING,False,True,-1.10902640264027,-0.2640264026402701,False
UNITY,2024-05-17,TRENDING_UP,False,True,-1.4884519303557973,-0.6434519303557974,False
UNITY,2024-11-29,TRENDING_UP,False,False,,,False
UNITY,2025-08-07,TRENDING_UP,False,False,,,False
UPFL,2020-01-03,TRENDING_UP,False,True,-0.845,0.0,False
UPFL,2025-02-10,VOLATILE,False,True,1.3783191355680646,2.466551924197723,True
UPFL,2025-07-18,TRENDING_UP,False,True,-0.845041748406561,-4.174840656100962e-05,False
UVIC,2020-09-01,TRENDING_UP,False,False,,,False
UVIC,2021-06-25,RANGING,False,False,,,False
UVIC,2022-02-10,TRENDING_UP,False,False,,,False
UVIC,2023-10-12,TRENDING_UP,False,False,,,False
UVIC,2024-12-04,TRENDING_UP,False,True,-0.9449000999000977,-0.09990009990009778,False
UVIC,2025-07-07,TRENDING_UP,False,False,,,False
WAFI,2025-12-09,TRENDING_UP,False,False,,,False
WAHN,2020-07-22,RANGING,False,False,,,False
WAHN,2021-06-09,TRENDING_UP,False,False,,,False
WAHN,2023-11-06,TRENDING_UP,False,False,,,False
WAHN,2024-07-10,TRENDING_UP,False,False,,,False
WAHN,2024-12-20,TRENDING_UP,False,False,,,False
WAHN,2025-05-26,TRENDING_UP,False,False,,,False
WASL,2026-06-03,TRENDING_UP,False,False,,,False
WAVES,2020-07-06,RANGING,False,False,,,False
WAVES,2021-06-10,TRENDING_UP,False,False,,,False
WAVES,2023-11-06,TRENDING_UP,False,False,,,False
WAVES,2024-11-12,TRENDING_UP,False,False,,,False
WAVES,2025-07-07,TRENDING_UP,False,False,,,False
WAVES,2026-02-04,TRENDING_UP,False,True,-6.2718292682926755,-5.426829268292676,False
WAVESAPP,2024-05-07,TRENDING_UP,False,False,,,False
WAVESAPP,2024-11-19,TRENDING_UP,False,False,,,False
WAVESAPP,2026-02-04,TRENDING_UP,False,False,,,False
WAVESAPP,2026-06-05,TRENDING_UP,False,True,0.8908814031180392,1.8930957683741638,True
WHALE,2020-09-03,TRENDING_UP,False,True,-0.845,0.0,False
WHALE,2021-01-06,TRENDING_UP,False,False,,,False
WHALE,2021-06-10,TRENDING_UP,False,False,,,False
WHALE,2022-06-23,RANGING,False,False,,,False
WHALE,2023-07-18,TRENDING_UP,False,False,,,False
WHALE,2023-11-20,TRENDING_UP,False,False,,,False
WTL,2020-08-06,TRENDING_UP,False,False,,,False
WTL,2021-01-04,TRENDING_UP,False,False,,,False
WTL,2021-05-21,TRENDING_UP,False,False,,,False
WTL,2022-10-04,TRENDING_DOWN,False,False,,,False
WTL,2023-07-20,TRENDING_UP,False,False,,,False
WTL,2023-11-16,TRENDING_UP,False,False,,,False
WTL,2024-05-08,TRENDING_UP,False,False,,,False
WTL,2024-12-04,TRENDING_UP,False,False,,,False
WTL,2025-06-16,TRENDING_UP,False,False,,,False
WTL,2025-09-17,TRENDING_UP,False,False,,,False
WYETH,2020-05-18,VOLATILE,False,False,,,False
WYETH,2020-11-12,VOLATILE,False,False,,,False
WYETH,2021-05-17,TRENDING_UP,False,False,,,False
WYETH,2021-11-17,TRENDING_UP,False,True,-0.845,0.0,False
YOUW,2024-01-04,TRENDING_UP,False,False,,,False
YOUW,2024-08-05,RANGING,False,False,,,False
YOUW,2025-06-12,TRENDING_UP,False,True,0.522625912408751,1.4598540145985306,True
YOUW,2026-04-22,TRENDING_UP,False,True,14.886227611940292,18.358208955223873,True
ZAHID,2020-01-16,TRENDING_UP,False,False,,,False
ZAHID,2020-10-22,VOLATILE,False,True,3.667499385749374,5.159705159705146,True
ZAHID,2021-08-06,RANGING,False,False,,,False
ZAHID,2022-11-11,RANGING,False,True,16.185885338345862,19.88721804511278,True
ZAHID,2024-02-22,VOLATILE,False,False,,,False
ZAHID,2025-06-10,TRENDING_UP,False,False,,,False
ZAHID,2026-04-22,TRENDING_UP,False,False,,,False
ZAL,2025-07-03,TRENDING_UP,False,False,,,False
ZIL,2020-01-14,TRENDING_UP,False,True,-2.828663943990674,-1.983663943990674,False
ZIL,2022-05-31,TRENDING_DOWN,False,True,3.7554342105263157,5.263157894736842,True
ZIL,2025-04-11,VOLATILE,False,False,,,False
ZIL,2025-10-30,VOLATILE,False,True,-6.709452991869121,-5.864452991869121,False
ZTL,2024-01-01,TRENDING_UP,False,True,5.798416666666666,7.666666666666666,True
ZTL,2024-08-12,RANGING,False,False,,,False
ZTL,2025-06-19,RANGING,False,False,,,False
ZTL,2026-04-29,TRENDING_UP,False,True,9.51516523341522,12.039312039312023,True
ZUMA,2026-01-21,TRENDING_UP,True,False,,,False
ZUMA,2026-06-08,TRENDING_UP,False,False,,,False
