symbol,date,regime,confirmed,taken,net,gross,win
AABS,2024-05-08,TRENDING_UP,False,True,-1.009728198472522,-0.16472819847252185,False
AABS,2025-03-04,RANGING,False,False,,,False
AABS,2025-02-17,RANGING,False,True,1.141795838746881,2.188289222055154,True
AABS,2025-01-23,TRENDING_UP,False,False,,,False
AABS,2025-11-04,VOLATILE,False,False,,,False
AABS,2026-01-06,TRENDING_UP,False,False,,,False
AATM,2024-09-24,TRENDING_UP,False,False,,,False
AATM,2025-03-04,RANGING,False,True,1.9683171641790997,3.1606672519754118,True
AATM,2024-11-13,TRENDING_UP,False,True,-0.845,0.0,False
AATM,2024-09-26,TRENDING_UP,False,False,,,False
AATM,2025-07-22,TRENDING_UP,False,True,-8.845,-8.0,False
AATM,2026-05-20,VOLATILE,False,False,,,False
AATM,2025-11-25,TRENDING_UP,False,True,-2.021470588235294,-1.1764705882352942,False
ABL,2023-05-10,RANGING,False,True,-0.0912698046454471,0.7537301953545529,False
ABL,2025-05-15,TRENDING_UP,False,True,-0.07365013774104368,0.7713498622589563,False
ABL,2025-11-20,VOLATILE,False,False,,,False
ABL,2022-06-17,RANGING,False,False,,,False
ABL,2020-09-25,RANGING,False,True,-0.845,0.0,False
ABL,2025-09-22,TRENDING_UP,False,False,,,False
ABL,2024-04-25,TRENDING_UP,False,False,,,False
ABL,2024-06-28,TRENDING_UP,False,False,,,False
ABL,2023-12-01,TRENDING_UP,False,False,,,False
ABL,2021-02-15,TRENDING_UP,False,False,,,False
ABL,2026-01-16,TRENDING_UP,False,False,,,False
ABL,2025-07-30,TRENDING_UP,False,True,-0.23093124623060224,0.6140687537693977,False
ABL,2024-12-24,TRENDING_UP,False,True,-3.837424242424234,-2.9924242424242338,False
ABL,2024-01-25,TRENDING_UP,False,False,,,False
ABL,2026-02-18,VOLATILE,False,False,,,False
ABOT,2022-07-21,TRENDING_DOWN,False,True,-1.9561111111111111,-1.1111111111111112,False
ABOT,2022-03-28,RANGING,False,True,-0.845,0.0,False
ABOT,2024-04-16,TRENDING_UP,False,True,0.0169040171483003,0.8648870789980003,True
ABOT,2021-06-22,TRENDING_UP,False,False,,,False
ABOT,2020-11-05,TRENDING_UP,False,True,-0.6838866512034933,0.16111334879650663,False
ABOT,2024-01-19,VOLATILE,False,True,-0.8688038562247138,-0.023803856224713812,False
ABOT,2025-12-01,TRENDING_UP,False,False,,,False
ABOT,2020-09-04,TRENDING_UP,False,True,-4.4895312500000015,-3.6445312500000013,False
ABOT,2026-03-06,VOLATILE,False,True,0.36726858639973736,1.277080689882044,True
ABOT,2025-09-04,TRENDING_UP,False,False,,,False
ABOT,2023-07-20,TRENDING_UP,False,False,,,False
ABOT,2024-12-06,TRENDING_UP,False,False,,,False
ABOT,2021-01-28,TRENDING_UP,False,True,2.941472222222222,4.305555555555555,True
ABOT,2025-06-27,TRENDING_UP,False,True,8.435596153846154,10.76923076923077,True
ABOT,2025-03-25,TRENDING_UP,False,False,,,False
ABOT,2023-11-10,TRENDING_UP,False,True,-1.3328048780487805,-0.4878048780487805,False
ABOT,2020-09-08,TRENDING_UP,False,True,-1.6503691275167784,-0.8053691275167786,False
ABOT,2026-06-03,TRENDING_UP,False,False,,,False
ACIETF,2025-05-21,TRENDING_UP,False,False,,,False
ACIETF,2026-02-04,TRENDING_UP,False,False,,,False
ACIETF,2025-09-22,TRENDING_UP,False,False,,,False
ACIETF,2025-12-09,TRENDING_UP,False,False,,,False
ACIETF,2025-12-01,TRENDING_UP,False,True,-1.1772259136212555,-0.3322259136212554,False
ACIETF,2024-10-02,TRENDING_UP,False,False,,,False
ACIETF,2025-11-03,VOLATILE,False,False,,,False
ACIETF,2025-06-03,TRENDING_UP,False,False,,,False
ACPL,2023-09-05,VOLATILE,False,True,-0.9546491228070216,-0.1096491228070217,False
ACPL,2020-04-02,TRENDING_DOWN,False,False,,,False
ACPL,2022-08-25,RANGING,False,False,,,False
ACPL,2021-01-22,TRENDING_UP,False,True,5.39286111111111,7.18954248366013,True
ACPL,2025-06-30,TRENDING_UP,False,True,-3.480181382614644,-2.6351813826146437,False
ACPL,2025-03-19,TRENDING_UP,False,False,,,False
ACPL,2024-08-06,RANGING,False,False,,,False
ACPL,2023-04-20,RANGING,False,False,,,False
ACPL,2021-11-23,RANGING,False,True,-1.8510362173038228,-1.0060362173038229,False
ACPL,2025-02-24,RANGING,False,False,,,False
ACPL,2022-01-19,RANGING,False,True,2.5204747278382613,3.8102643856920726,True
ACPL,2023-10-24,TRENDING_UP,False,True,0.8962154088050369,1.8993710691823964,True
ACPL,2025-12-30,TRENDING_UP,False,False,,,False
ACPL,2023-12-07,TRENDING_UP,False,False,,,False
ACPL,2020-09-17,TRENDING_UP,False,False,,,False
ACPL,2024-05-15,TRENDING_UP,False,False,,,False
ACPL,2025-08-19,TRENDING_UP,False,True,-3.7411396122635976,-2.8961396122635974,False
ADAMS,2024-07-10,TRENDING_UP,False,False,,,False
ADAMS,2025-03-13,TRENDING_UP,False,True,-0.845,0.0,False
ADAMS,2024-05-22,TRENDING_UP,False,True,-3.314135802469136,-2.4691358024691357,False
ADAMS,2025-09-04,TRENDING_UP,False,False,,,False
ADAMS,2025-03-20,TRENDING_UP,False,True,-2.6158333333333363,-1.7708333333333364,False
ADAMS,2024-11-11,TRENDING_UP,False,True,4.628821583514097,6.290672451193055,True
ADAMS,2024-09-06,TRENDING_UP,False,False,,,False
ADMM,2022-09-06,RANGING,False,False,,,False
ADMM,2025-05-12,VOLATILE,False,False,,,False
ADMM,2026-01-27,TRENDING_UP,False,False,,,False
ADMM,2022-02-07,RANGING,False,True,1.6037012195121896,2.7317073170731643,True
ADMM,2021-05-31,TRENDING_UP,False,False,,,False
ADMM,2023-09-13,RANGING,False,False,,,False
ADMM,2022-08-02,TRENDING_DOWN,False,True,16.341346844872923,20.070113935144615,True
ADMM,2023-03-10,RANGING,False,True,-2.58214686787156,-1.7371468678715598,False
ADMM,2020-09-28,RANGING,False,False,,,False
ADMM,2023-11-08,TRENDING_UP,False,True,3.278870921305175,4.7024952015355,True
ADMM,2025-07-25,TRENDING_UP,False,False,,,False
ADMM,2025-09-22,TRENDING_UP,False,True,-2.935483619344768,-2.0904836193447682,False
ADMM,2024-05-09,TRENDING_UP,False,True,2.65604111531191,3.9697542533081296,True
ADMM,2025-08-28,TRENDING_UP,False,False,,,False
ADMM,2025-09-30,TRENDING_UP,False,True,-6.034620758483033,-5.189620758483033,False
ADMM,2023-02-08,VOLATILE,False,True,-1.3778596802841867,-0.5328596802841868,False
ADOS,2021-12-03,VOLATILE,False,False,,,False
ADOS,2021-06-28,RANGING,False,False,,,False
ADOS,2020-09-04,TRENDING_UP,False,True,1.7131763322884028,2.8605015673981207,True
ADOS,2022-01-18,RANGING,False,True,-0.6548859315589326,0.19011406844106732,False
ADOS,2021-05-19,TRENDING_UP,False,False,,,False
ADOS,2021-12-16,TRENDING_DOWN,False,True,-0.845,0.0,False
ADOS,2022-05-09,RANGING,False,False,,,False
ADOS,2021-03-01,RANGING,False,False,,,False
AEL,2023-10-19,TRENDING_UP,False,True,-0.845,0.0,False
AEL,2020-01-29,RANGING,False,True,1.2617832778702243,2.3294509151414404,True
AEL,2023-10-17,TRENDING_UP,False,True,1.016443877551014,2.0408163265306047,True
AEL,2023-10-13,TRENDING_UP,False,True,-0.845,0.0,False
AEL,2023-02-24,RANGING,False,True,-0.845,0.0,False
AEL,2022-02-17,RANGING,False,True,4.328624999999996,5.937499999999996,True
AEL,2021-08-31,RANGING,False,True,-8.227550335570468,-7.382550335570468,False
AEL,2023-08-10,TRENDING_UP,False,True,3.53175,5.0,True
AGHA,2023-11-17,TRENDING_UP,False,False,,,False
AGHA,2023-06-14,RANGING,False,True,-2.8038638589618126,-1.9588638589618124,False
AGHA,2024-11-08,TRENDING_UP,False,False,,,False
AGHA,2022-08-19,RANGING,False,True,-2.427278481012658,-1.582278481012658,False
AGHA,2022-09-15,RANGING,False,True,-0.9116222518321104,-0.06662225183211051,False
AGHA,2022-11-11,RANGING,False,True,-1.5542198581560258,-0.7092198581560258,False
AGHA,2021-12-16,TRENDING_DOWN,False,False,,,False
AGHA,2021-06-21,TRENDING_UP,False,False,,,False
AGHA,2023-10-12,TRENDING_UP,False,False,,,False
AGHA,2021-05-25,TRENDING_UP,False,True,-1.6783333333333332,-0.8333333333333334,False
AGHA,2024-06-20,TRENDING_UP,False,False,,,False
AGHA,2025-03-27,TRENDING_UP,False,False,,,False
AGHA,2025-03-14,TRENDING_UP,False,False,,,False
AGHA,2024-07-19,TRENDING_UP,False,True,-2.314045120671551,-1.469045120671551,False
AGHA,2026-03-16,VOLATILE,False,False,,,False
AGIC,2024-12-19,VOLATILE,False,False,,,False
AGIC,2020-10-27,TRENDING_UP,False,True,-0.845,0.0,False
AGIC,2025-07-30,TRENDING_UP,False,False,,,False
AGIC,2022-10-05,RANGING,False,True,-3.1979411764705796,-2.35294117647058,False
AGIC,2022-11-08,RANGING,False,True,-2.140496607032701,-1.295496607032701,False
AGIC,2022-09-09,RANGING,False,False,,,False
AGIC,2022-09-02,RANGING,False,True,0.29971407185628374,1.1976047904191574,True
AGIC,2020-07-09,RANGING,False,True,0.05079761904762417,0.9047619047619108,True
AGIC,2022-06-20,TRENDING_DOWN,False,True,-0.845,0.0,False
AGIC,2022-12-20,TRENDING_DOWN,False,False,,,False
AGIC,2023-11-08,TRENDING_UP,False,True,-0.845,0.0,False
AGIC,2024-12-10,TRENDING_UP,False,False,,,False
AGIC,2020-08-10,TRENDING_UP,False,False,,,False
AGIC,2023-12-19,TRENDING_UP,False,False,,,False
AGIC,2024-05-16,TRENDING_UP,False,True,3.606971238938062,5.088495575221249,True
AGIC,2025-06-19,RANGING,False,False,,,False
AGIC,2021-11-10,TRENDING_UP,False,False,,,False
AGIC,2023-10-04,TRENDING_UP,False,True,-0.845,0.0,False
AGIC,2024-04-19,TRENDING_UP,False,False,,,False
AGIC,2026-07-03,TRENDING_UP,False,True,-3.737960462873664,-2.892960462873664,False
AGIC,2025-10-20,TRENDING_UP,False,True,-2.772557720821868,-1.9275577208218677,False
AGIC,2020-03-04,VOLATILE,False,False,,,False
AGIC,2023-07-12,TRENDING_UP,False,False,,,False
AGIL,2026-02-19,VOLATILE,False,False,,,False
AGIL,2020-06-11,RANGING,False,True,-2.648713527851462,-1.803713527851462,False
AGIL,2025-10-15,TRENDING_UP,False,True,1.2671514598540077,2.335766423357656,True
AGIL,2023-08-08,TRENDING_UP,False,False,,,False
AGIL,2024-08-09,RANGING,False,False,,,False
AGIL,2023-08-18,TRENDING_UP,False,True,-0.845,0.0,False
AGIL,2022-02-21,RANGING,False,False,,,False
AGIL,2022-11-16,RANGING,False,True,-0.8682558139534837,-0.023255813953483747,False
AGIL,2020-07-22,RANGING,False,False,,,False
AGIL,2022-09-01,RANGING,False,True,-3.29987364620939,-2.45487364620939,False
AGIL,2022-06-23,RANGING,False,True,-0.3088069705093842,0.5361930294906158,False
AGIL,2023-05-26,RANGING,False,False,,,False
AGIL,2026-07-07,TRENDING_UP,False,False,,,False
AGIL,2025-03-11,TRENDING_UP,False,False,,,False
AGIL,2024-03-20,TRENDING_UP,False,True,-0.845,0.0,False
AGIL,2022-01-24,RANGING,False,True,-0.8500505050505004,-0.0050505050505004565,False
AGIL,2024-03-29,TRENDING_UP,False,True,-0.845,0.0,False
AGIL,2025-09-08,TRENDING_UP,False,False,,,False
AGIL,2021-10-07,VOLATILE,False,True,0.46779651162790703,1.3953488372093024,True
AGL,2020-10-07,VOLATILE,False,False,,,False
AGL,2021-10-01,RANGING,False,True,-2.7804838709677577,-1.935483870967758,False
AGL,2020-01-21,TRENDING_UP,False,True,-3.1705813953488295,-2.3255813953488293,False
AGL,2020-12-01,TRENDING_UP,False,True,-0.845,0.0,False
AGL,2020-09-23,TRENDING_UP,False,False,,,False
AGL,2023-05-16,RANGING,False,True,-0.845,0.0,False
AGL,2023-03-15,RANGING,False,True,-0.845,0.0,False
AGL,2023-02-23,RANGING,False,True,-2.0214705882352897,-1.17647058823529,False
AGL,2022-06-14,TRENDING_DOWN,False,False,,,False
AGL,2023-03-09,RANGING,False,False,,,False
AGL,2021-01-21,TRENDING_UP,False,True,-1.6418127490039671,-0.7968127490039673,False
AGL,2024-06-10,RANGING,False,False,,,False
AGL,2024-06-27,TRENDING_UP,False,False,,,False
AGL,2026-04-09,VOLATILE,False,False,,,False
AGL,2021-01-13,TRENDING_UP,False,False,,,False
AGL,2024-06-25,TRENDING_UP,False,False,,,False
AGL,2023-02-23,RANGING,False,True,-2.0214705882352897,-1.17647058823529,False
AGL,2024-06-24,TRENDING_UP,False,True,2.9399778481012717,4.303797468354437,True
AGL,2024-04-24,TRENDING_UP,False,False,,,False
AGL,2021-01-26,TRENDING_UP,False,True,-0.845,0.0,False
AGL,2023-12-13,TRENDING_UP,False,True,-1.5927906186267926,-0.7477906186267926,False
AGL,2021-08-24,TRENDING_UP,False,False,,,False
AGL,2023-08-16,TRENDING_UP,False,False,,,False
AGLNCPS,2026-01-21,TRENDING_UP,False,False,,,False
AGLNCPS,2025-12-17,TRENDING_UP,False,True,8.699868466898954,11.0801393728223,True
AGP,2024-11-19,TRENDING_UP,False,False,,,False
AGP,2021-10-12,VOLATILE,False,True,-6.020438596491233,-5.175438596491233,False
AGP,2025-02-14,RANGING,False,True,-1.8766698656429934,-1.0316698656429935,False
AGP,2020-09-24,TRENDING_UP,False,False,,,False
AGP,2023-11-03,TRENDING_UP,False,False,,,False
AGP,2020-12-16,TRENDING_UP,False,False,,,False
AGP,2021-11-03,RANGING,False,False,,,False
AGP,2025-02-17,RANGING,False,False,,,False
AGP,2021-12-29,RANGING,False,False,,,False
AGP,2024-07-25,RANGING,False,True,0.16744624250078485,1.041995579412688,True
AGP,2024-06-14,TRENDING_UP,False,False,,,False
AGP,2025-03-27,TRENDING_UP,False,True,0.2078026315789444,1.0894736842105228,True
AGP,2023-02-03,VOLATILE,False,False,,,False
AGP,2023-07-13,TRENDING_UP,False,False,,,False
AGP,2025-07-11,TRENDING_UP,False,False,,,False
AGP,2026-06-04,TRENDING_UP,False,False,,,False
AGP,2023-07-12,TRENDING_UP,False,True,-0.845,0.0,False
AGP,2025-11-17,VOLATILE,False,False,,,False
AGP,2023-07-10,TRENDING_UP,False,True,-3.771093514328805,-2.926093514328805,False
AGP,2025-05-19,TRENDING_UP,False,False,,,False
AGP,2025-08-04,TRENDING_UP,False,False,,,False
AGP,2024-04-19,TRENDING_UP,False,False,,,False
AGP,2025-06-11,TRENDING_UP,False,False,,,False
AGP,2020-11-26,VOLATILE,False,True,1.7981973684210457,2.9605263157894655,True
AGP,2020-09-16,TRENDING_UP,False,False,,,False
AGSML,2024-05-06,TRENDING_UP,False,True,-3.70214285714286,-2.85714285714286,False
AGSML,2025-01-21,TRENDING_UP,False,True,-0.6852555910543164,0.1597444089456835,False
AGSML,2026-01-30,TRENDING_UP,False,False,,,False
AGSML,2024-05-22,TRENDING_UP,False,True,-6.148030303030297,-5.303030303030297,False
AGSML,2025-02-25,TRENDING_UP,False,False,,,False
AGSML,2025-09-05,TRENDING_UP,False,False,,,False
AGTL,2020-10-23,VOLATILE,False,True,3.1428619002301095,4.542484588506011,True
AGTL,2023-03-14,RANGING,False,False,,,False
AGTL,2023-10-02,TRENDING_UP,False,True,0.128595086931045,0.9962883375659353,True
AGTL,2023-06-15,RANGING,False,True,-0.845,0.0,False
AGTL,2024-10-25,TRENDING_UP,False,True,-5.935787568229926,-5.090787568229926,False
AGTL,2022-08-25,RANGING,False,False,,,False
AGTL,2021-04-15,RANGING,False,True,1.0387930600091688,2.067109482363728,True
AGTL,2022-06-14,TRENDING_DOWN,False,False,,,False
AGTL,2023-09-15,RANGING,False,False,,,False
AGTL,2020-01-20,TRENDING_UP,False,True,1.4674642857142854,2.571428571428571,True
AGTL,2025-07-10,TRENDING_UP,False,False,,,False
AGTL,2024-06-25,TRENDING_UP,False,False,,,False
AGTL,2025-05-26,TRENDING_UP,False,True,-2.4805140186915886,-1.6355140186915886,False
AGTL,2025-02-26,TRENDING_UP,False,False,,,False
AGTL,2024-04-15,TRENDING_UP,False,True,3.0317500000000006,4.411764705882353,True
AGTL,2023-10-04,TRENDING_UP,False,False,,,False
AGTL,2024-12-13,TRENDING_UP,False,False,,,False
AGTL,2020-05-07,VOLATILE,False,False,,,False
AGTL,2024-10-31,TRENDING_UP,False,True,-0.845,0.0,False
AHCL,2020-11-27,TRENDING_UP,False,False,,,False
AHCL,2022-09-19,TRENDING_DOWN,False,False,,,False
AHCL,2022-10-28,RANGING,False,True,-0.845,0.0,False
AHCL,2020-07-01,RANGING,False,False,,,False
AHCL,2025-07-07,TRENDING_UP,False,True,5.251899253731335,7.023705004389806,True
AHCL,2022-01-04,RANGING,False,True,-1.4363827090960317,-0.5913827090960317,False
AHCL,2023-06-02,RANGING,False,True,-0.8033333333333268,0.04166666666667318,False
AHCL,2020-06-04,RANGING,False,True,1.338201612903226,2.4193548387096775,True
AHCL,2021-04-26,TRENDING_UP,False,True,1.7817499999999995,2.941176470588235,True
AHCL,2024-06-24,TRENDING_UP,False,False,,,False
AHCL,2021-05-20,TRENDING_UP,False,False,,,False
AHCL,2023-10-30,TRENDING_UP,False,True,-0.845,0.0,False
AHCL,2025-01-08,TRENDING_UP,False,True,-3.87530303030303,-3.0303030303030303,False
AHCL,2021-01-13,TRENDING_UP,False,False,,,False
AHCL,2022-12-09,RANGING,False,True,3.878426737160119,5.407854984894257,True
AHCL,2020-12-07,TRENDING_UP,False,False,,,False
AHCL,2021-02-16,TRENDING_UP,False,True,1.5566374437218617,2.676338169084543,True
AHCL,2024-10-31,TRENDING_UP,False,False,,,False
AHCL,2026-02-09,VOLATILE,False,False,,,False
AHCL,2021-02-10,TRENDING_UP,False,True,-3.260223225176877,-2.4152232251768773,False
AHL,2024-10-08,TRENDING_UP,False,True,-0.845,0.0,False
AHL,2026-05-08,TRENDING_UP,False,True,1.1661070057581593,2.216890595009599,True
AHL,2026-07-03,TRENDING_UP,False,False,,,False
AHL,2025-06-13,TRENDING_UP,False,False,,,False
AHL,2025-01-07,TRENDING_UP,False,False,,,False
AHL,2024-11-07,TRENDING_UP,False,False,,,False
AHL,2025-07-08,TRENDING_UP,False,False,,,False
AHL,2025-06-25,TRENDING_UP,False,False,,,False
AHL,2024-10-04,TRENDING_UP,False,True,1.878283379097297,3.054745151879173,True
AHL,2024-02-28,TRENDING_UP,False,False,,,False
AHL,2024-05-22,TRENDING_UP,False,False,,,False
AHL,2026-06-12,TRENDING_UP,False,False,,,False
AHL,2025-05-14,VOLATILE,False,True,7.8447129629629595,10.07407407407407,True
AHL,2025-03-10,TRENDING_UP,False,False,,,False
AHTM,2025-09-12,TRENDING_UP,False,False,,,False
AHTM,2025-02-13,RANGING,False,False,,,False
AHTM,2022-03-03,TRENDING_DOWN,False,False,,,False
AHTM,2023-07-31,TRENDING_UP,False,True,-0.845,0.0,False
AHTM,2025-02-28,TRENDING_UP,False,False,,,False
AHTM,2026-02-06,VOLATILE,False,False,,,False
AHTM,2025-12-19,TRENDING_UP,False,True,-7.705465116279076,-6.860465116279077,False
AICL,2022-04-27,RANGING,False,True,-0.6541603053435155,0.19083969465648445,False
AICL,2024-04-08,TRENDING_UP,False,True,-1.11897260273973,-0.27397260273972995,False
AICL,2026-01-28,TRENDING_UP,False,False,,,False
AICL,2021-01-29,TRENDING_UP,False,True,-3.0189130434782605,-2.1739130434782608,False
AICL,2022-09-14,RANGING,False,True,-0.9105307994757522,-0.0655307994757522,False
AICL,2022-08-25,RANGING,False,True,-2.432301587301587,-1.5873015873015872,False
AICL,2023-02-15,VOLATILE,False,True,-0.8787154416722911,-0.03371544167229117,False
AICL,2023-06-12,RANGING,False,True,-1.3755039787798453,-0.5305039787798452,False
AICL,2023-07-18,TRENDING_UP,False,True,18.994515957446808,23.191489361702125,True
AICL,2026-05-07,TRENDING_UP,False,False,,,False
AICL,2023-10-30,TRENDING_UP,False,True,0.01614999999999888,0.8639999999999987,True
AICL,2024-09-06,TRENDING_UP,False,False,,,False
AICL,2024-07-09,TRENDING_UP,False,False,,,False
AICL,2025-09-25,TRENDING_UP,False,False,,,False
AICL,2023-01-27,VOLATILE,False,True,-2.9502631578947422,-2.105263157894742,False
AIRLINK,2022-06-22,RANGING,False,True,-1.0716431629312602,-0.2266431629312602,False
AIRLINK,2021-12-10,TRENDING_DOWN,False,False,,,False
AIRLINK,2022-09-07,RANGING,False,False,,,False
AIRLINK,2025-11-10,TRENDING_UP,False,False,,,False
AIRLINK,2021-11-11,TRENDING_UP,False,True,-2.3913917525773116,-1.5463917525773117,False
AIRLINK,2026-01-13,TRENDING_UP,False,False,,,False
AIRLINK,2025-01-21,TRENDING_UP,False,False,,,False
AIRLINK,2023-11-22,TRENDING_UP,False,False,,,False
AIRLINK,2024-05-21,TRENDING_UP,False,True,-0.073687415426261,0.771312584573739,False
AIRLINK,2025-02-27,TRENDING_UP,False,False,,,False
AIRLINK,2024-05-31,TRENDING_UP,False,False,,,False
AIRLINK,2023-10-11,TRENDING_UP,False,False,,,False
AIRLINK,2025-07-01,TRENDING_UP,False,False,,,False
AKBL,2025-02-20,TRENDING_UP,False,True,-3.1172108611679166,-2.2722108611679164,False
AKBL,2020-07-27,RANGING,False,False,,,False
AKBL,2021-03-10,VOLATILE,False,False,,,False
AKBL,2021-11-17,TRENDING_UP,False,False,,,False
AKBL,2025-01-07,TRENDING_UP,False,False,,,False
AKBL,2025-05-23,TRENDING_UP,False,True,-1.8660460512606833,-1.0210460512606834,False
AKBL,2023-03-22,RANGING,False,True,-0.9074219725343197,-0.06242197253431967,False
AKBL,2026-04-07,VOLATILE,False,False,,,False
AKBL,2023-05-18,RANGING,False,True,-2.924141515761238,-2.0791415157612376,False
AKBL,2021-09-28,RANGING,False,False,,,False
AKBL,2020-07-20,RANGING,False,True,-1.8127419354838732,-0.9677419354838732,False
AKBL,2024-11-20,TRENDING_UP,False,True,26.342974489795917,31.83673469387755,True
AKBL,2026-01-02,TRENDING_UP,False,False,,,False
AKBL,2025-03-05,RANGING,False,False,,,False
AKBL,2021-08-05,TRENDING_UP,False,False,,,False
AKBL,2021-11-08,TRENDING_UP,False,True,0.21581593406593416,1.098901098901099,True
AKBL,2020-08-07,TRENDING_UP,False,True,10.337892301278488,13.007226236798223,True
AKBL,2021-01-11,TRENDING_UP,False,True,-1.0577659574468115,-0.21276595744681154,False
AKBL,2024-09-25,TRENDING_UP,False,False,,,False
AKBL,2024-01-12,VOLATILE,False,False,,,False
AKBL,2023-12-07,TRENDING_UP,False,False,,,False
AKBL,2023-10-02,TRENDING_UP,False,True,-0.3904545454545436,0.45454545454545636,False
AKBL,2026-02-18,VOLATILE,False,True,-8.845000000000002,-8.000000000000002,False
AKBL,2024-05-03,TRENDING_UP,False,False,,,False
AKDHL,2026-03-03,VOLATILE,False,False,,,False
AKDHL,2025-02-24,RANGING,False,False,,,False
AKDHL,2023-12-11,TRENDING_UP,False,False,,,False
AKDHL,2021-03-17,VOLATILE,False,True,-4.088243243243244,-3.2432432432432434,False
AKDHL,2025-02-17,RANGING,False,True,-0.845,0.0,False
AKDHL,2022-10-13,RANGING,False,True,-0.845,0.0,False
AKDHL,2021-09-03,RANGING,False,True,-0.845,0.0,False
AKDHL,2025-01-01,TRENDING_UP,False,True,-0.845,0.0,False
AKDHL,2022-04-19,RANGING,False,False,,,False
AKDHL,2026-01-07,TRENDING_UP,False,True,-2.6975665766113543,-1.8525665766113544,False
AKDHL,2023-10-02,TRENDING_UP,False,False,,,False
AKDHL,2026-07-03,TRENDING_UP,False,True,-0.26779046673286566,0.5772095332671343,False
AKDHL,2026-04-22,TRENDING_UP,False,True,-1.502894736842105,-0.6578947368421052,False
AKDHL,2021-08-23,TRENDING_UP,False,True,-2.0077906976744186,-1.1627906976744187,False
AKDHL,2021-06-15,TRENDING_UP,False,True,-0.8700526104820179,-0.02505261048201792,False
AKDHL,2024-10-22,TRENDING_UP,False,False,,,False
AKDSL,2024-04-18,TRENDING_UP,False,False,,,False
AKDSL,2024-11-12,TRENDING_UP,False,False,,,False
AKDSL,2025-03-07,TRENDING_UP,False,True,-1.5069385342789459,-0.6619385342789458,False
AKDSL,2026-06-22,TRENDING_UP,False,True,-6.80193779904305,-5.95693779904305,False
AKDSL,2026-07-07,TRENDING_UP,False,True,-7.911014669926653,-7.066014669926653,False
AKDSL,2024-07-19,TRENDING_UP,False,False,,,False
AKDSL,2026-01-21,TRENDING_UP,False,False,,,False
AKDSL,2024-05-31,TRENDING_UP,False,True,-0.845,0.0,False
AKDSL,2025-10-08,TRENDING_UP,False,False,,,False
AKGL,2026-01-20,TRENDING_UP,False,True,5.717464285714288,7.571428571428575,True
AKGL,2026-04-23,TRENDING_UP,False,True,-4.370697246097173,-3.5256972460971725,False
AKGL,2024-12-02,TRENDING_UP,False,True,8.423399664820744,10.754881958612641,True
AKGL,2026-04-24,TRENDING_UP,False,True,2.694158759124092,4.0145985401459905,True
AKGL,2023-12-15,TRENDING_UP,False,True,5.656750000000004,7.500000000000005,True
AKGL,2025-07-21,TRENDING_UP,False,True,-8.844999999999997,-7.999999999999997,False
AKGL,2025-06-26,TRENDING_UP,False,False,,,False
AKGL,2025-02-04,VOLATILE,False,True,-0.845,0.0,False
AKZO,2020-02-13,VOLATILE,False,True,-0.6563207547169811,0.18867924528301888,False
ALAC,2026-02-16,VOLATILE,False,False,,,False
ALAC,2021-09-27,RANGING,False,True,11.86953625954198,14.809160305343507,True
ALAC,2025-03-12,TRENDING_UP,False,True,2.5572798651252286,3.8535645472061515,True
ALAC,2024-04-08,TRENDING_UP,False,False,,,False
ALAC,2021-11-18,RANGING,False,False,,,False
ALAC,2025-12-12,TRENDING_UP,False,False,,,False
ALAC,2020-10-27,TRENDING_UP,False,False,,,False
ALAC,2025-07-01,TRENDING_UP,False,True,-0.845,0.0,False
ALAC,2023-03-21,RANGING,False,True,-0.845,0.0,False
ALAC,2024-01-25,TRENDING_UP,False,True,-0.845,0.0,False
ALAC,2023-07-17,TRENDING_UP,False,False,,,False
ALAC,2020-01-03,TRENDING_UP,False,True,-0.845,0.0,False
ALAC,2026-01-27,TRENDING_UP,False,False,,,False
ALAC,2026-04-22,TRENDING_UP,False,False,,,False
ALAC,2021-11-08,TRENDING_UP,False,True,-0.845,0.0,False
ALAC,2020-02-28,VOLATILE,False,False,,,False
ALIFE,2024-02-20,VOLATILE,False,False,,,False
ALIFE,2024-04-03,TRENDING_UP,False,False,,,False
ALIFE,2025-12-19,TRENDING_UP,False,True,-1.6025757575757575,-0.7575757575757576,False
ALIFE,2026-01-27,TRENDING_UP,False,False,,,False
ALIFE,2024-06-06,RANGING,False,False,,,False
ALIFE,2025-09-30,TRENDING_UP,False,True,-3.6227777777777774,-2.7777777777777777,False
ALIFE,2024-07-05,TRENDING_UP,False,True,6.58160443959242,8.588064046579317,True
ALIFE,2024-12-03,TRENDING_UP,False,False,,,False
ALIFE,2025-07-09,TRENDING_UP,False,False,,,False
ALNRS,2025-09-30,TRENDING_UP,False,True,-0.845,0.0,False
ALNRS,2026-01-20,TRENDING_UP,False,False,,,False
ALNRS,2024-04-02,TRENDING_UP,False,False,,,False
ALNRS,2024-08-30,TRENDING_UP,False,False,,,False
ALNRS,2024-07-29,RANGING,False,True,-1.985684410646395,-1.140684410646395,False
ALNRS,2024-11-21,TRENDING_UP,False,True,-1.3229874213836421,-0.4779874213836421,False
ALNRS,2026-05-22,VOLATILE,False,False,,,False
ALTN,2023-06-19,RANGING,False,True,-0.845,0.0,False
ALTN,2022-02-02,RANGING,False,True,-1.0823597221495065,-0.23735972214950657,False
ALTN,2026-05-06,VOLATILE,False,False,,,False
ALTN,2024-09-09,TRENDING_UP,False,True,4.288198484848486,5.889939393939395,True
ALTN,2022-10-05,RANGING,False,True,-1.6870399296576017,-0.8420399296576018,False
ALTN,2022-08-05,RANGING,False,False,,,False
ALTN,2021-07-01,RANGING,False,True,-0.845,0.0,False
ALTN,2026-01-28,TRENDING_UP,False,True,-3.065248667850799,-2.2202486678507993,False
ALTN,2020-02-21,RANGING,False,False,,,False
ALTN,2021-06-01,TRENDING_UP,False,False,,,False
ALTN,2023-07-27,TRENDING_UP,False,True,3.9182861008815926,5.454748353978344,True
ALTN,2023-10-19,TRENDING_UP,False,True,-0.06485564675912381,0.7801443532408762,False
ALTN,2021-01-08,TRENDING_UP,False,True,8.569295862487554,10.926524544103005,True
ALTN,2020-01-21,TRENDING_UP,False,True,-0.845,0.0,False
ALTN,2023-03-20,RANGING,False,True,-0.845,0.0,False
ALTN,2026-06-09,TRENDING_UP,False,True,3.378135542168659,4.819277108433717,True
ALTN,2020-05-05,VOLATILE,False,True,-0.845,0.0,False
AMBL,2025-03-10,TRENDING_UP,False,True,1.2367500000000036,2.3000000000000043,True
AMBL,2026-02-17,VOLATILE,False,True,7.138892857142853,9.243697478991592,True
AMBL,2026-06-09,TRENDING_UP,False,False,,,False
AMBL,2025-10-21,TRENDING_UP,False,True,3.244642483349193,4.66222645099905,True
AMBL,2026-03-27,VOLATILE,False,True,0.24765909090909102,1.1363636363636365,True
AMTEX,2025-07-28,TRENDING_UP,False,False,,,False
AMTEX,2024-08-19,RANGING,True,False,,,False
AMTEX,2024-10-31,TRENDING_UP,False,False,,,False
AMTEX,2026-01-19,TRENDING_UP,False,True,-0.845,0.0,False
AMTEX,2025-12-18,TRENDING_UP,False,False,,,False
AMTEX,2025-01-10,VOLATILE,False,True,1.496733713355051,2.605863192182413,True
AMTEX,2026-03-18,VOLATILE,False,True,-6.202142857142856,-5.357142857142856,False
ANL,2020-09-24,TRENDING_UP,False,False,,,False
ANL,2025-10-31,VOLATILE,False,True,-0.845,0.0,False
ANL,2025-09-15,TRENDING_UP,False,True,-2.138451899757465,-1.2934518997574647,False
ANL,2020-04-30,VOLATILE,False,True,5.48961516853933,7.303370786516858,True
ANL,2024-04-15,TRENDING_UP,False,True,-0.42365168539325493,0.42134831460674504,False
ANL,2020-12-31,TRENDING_UP,False,False,,,False
ANL,2022-09-13,RANGING,False,False,,,False
ANL,2026-01-16,TRENDING_UP,False,False,,,False
ANL,2020-07-07,RANGING,False,False,,,False
ANL,2022-01-19,RANGING,False,False,,,False
ANL,2025-03-04,RANGING,False,False,,,False
ANL,2021-09-17,RANGING,False,False,,,False
ANL,2021-01-08,TRENDING_UP,False,False,,,False
ANL,2024-06-21,TRENDING_UP,False,False,,,False
ANL,2024-07-10,TRENDING_UP,False,False,,,False
ANL,2025-01-24,TRENDING_UP,False,True,-1.3437531172069719,-0.49875311720697196,False
ANL,2021-09-27,RANGING,False,False,,,False
ANL,2026-05-07,TRENDING_UP,False,False,,,False
ANL,2024-08-26,TRENDING_UP,False,False,,,False
ANL,2023-08-15,TRENDING_UP,False,False,,,False
ANL,2026-05-13,TRENDING_UP,False,True,-1.7021428571428556,-0.8571428571428558,False
ANSM,2026-06-18,TRENDING_UP,False,True,18.22797723330443,22.28967909800521,True
ANSM,2025-12-17,TRENDING_UP,False,False,,,False
ANTM,2020-09-24,TRENDING_UP,False,False,,,False
ANTM,2025-07-28,TRENDING_UP,False,False,,,False
ANTM,2025-07-08,TRENDING_UP,False,False,,,False
ANTM,2021-07-09,RANGING,False,False,,,False
ANTM,2022-08-24,RANGING,False,False,,,False
ANTM,2025-12-31,TRENDING_UP,False,False,,,False
ANTM,2021-06-03,TRENDING_UP,False,True,13.153749999999993,16.319999999999993,True
ANTM,2025-10-01,TRENDING_UP,False,False,,,False
ANTM,2023-07-19,TRENDING_UP,False,True,9.481750000000003,12.000000000000005,True
ANTM,2026-03-16,VOLATILE,False,True,-0.6445991983967907,0.20040080160320925,False
ANTM,2025-01-01,TRENDING_UP,False,True,-8.845000000000002,-8.000000000000002,False
APL,2020-01-07,TRENDING_UP,False,True,4.405060518787165,6.027424139749606,True
APL,2025-02-21,RANGING,False,False,,,False
APL,2021-02-04,TRENDING_UP,False,True,-1.1303130980816882,-0.28531309808168837,False
APL,2024-02-22,VOLATILE,False,False,,,False
APL,2021-04-28,TRENDING_UP,False,False,,,False
APL,2026-01-20,TRENDING_UP,False,False,,,False
APL,2023-04-27,RANGING,False,True,-1.5116666666666667,-0.6666666666666667,False
APL,2023-06-09,RANGING,False,True,-0.4960184222005904,0.3489815777994096,False
APL,2022-02-02,RANGING,False,True,1.7744418791630414,2.932578681368284,True
APL,2022-04-08,RANGING,False,False,,,False
APL,2022-11-16,RANGING,False,True,3.4425891608391663,4.895104895104901,True
APL,2023-05-29,RANGING,False,False,,,False
APL,2023-09-07,RANGING,False,True,-1.7889566968116752,-0.9439566968116752,False
APL,2020-01-17,TRENDING_UP,False,True,-1.6282727558375392,-0.7832727558375391,False
APL,2025-01-16,TRENDING_UP,False,True,0.13006669967256085,0.998019646673601,True
APL,2020-07-17,RANGING,False,False,,,False
APL,2023-08-08,TRENDING_UP,False,True,1.4995024429967403,2.6091205211726356,True
APL,2025-09-10,TRENDING_UP,False,False,,,False
APL,2022-02-15,TRENDING_UP,False,True,-2.202575767355247,-1.3575757673552469,False
APL,2025-08-08,TRENDING_UP,False,False,,,False
APL,2024-05-07,TRENDING_UP,False,False,,,False
APL,2021-11-05,TRENDING_UP,False,False,,,False
APL,2023-10-26,TRENDING_UP,False,True,-1.3669961636426429,-0.5219961636426428,False
ARCTM,2025-06-16,TRENDING_UP,False,True,-8.739736842105263,-7.894736842105263,False
ARCTM,2025-10-22,TRENDING_UP,False,False,,,False
ARCTM,2026-02-25,VOLATILE,False,True,-2.095000000000005,-1.250000000000005,False
ARCTM,2026-05-13,TRENDING_UP,False,True,-1.2858523144746417,-0.4408523144746416,False
ARCTM,2025-06-18,RANGING,False,False,,,False
ARM,2024-02-09,VOLATILE,False,True,-0.845,0.0,False
ARMG,2026-06-17,TRENDING_UP,False,False,,,False
ARPAK,2024-10-09,TRENDING_UP,False,True,7.781749999999999,10.0,True
ARPAK,2021-07-27,RANGING,False,False,,,False
ARPAK,2020-07-10,RANGING,False,True,2.8234166666666662,4.166666666666666,True
ARPAK,2024-12-06,TRENDING_UP,False,False,,,False
ARPAK,2026-06-03,TRENDING_UP,False,True,0.6860978260869609,1.6521739130434834,True
ARPAK,2025-01-06,TRENDING_UP,False,True,-4.7949999999999955,-3.9499999999999957,False
ARPAK,2021-03-16,VOLATILE,False,True,6.570039653082862,8.574458415391602,True
ARPAK,2025-07-30,TRENDING_UP,False,False,,,False
ARPL,2026-04-21,VOLATILE,False,True,2.067266372795968,3.2770780856423154,True
ARPL,2024-01-29,RANGING,False,False,,,False
ARPL,2023-07-25,TRENDING_UP,False,True,-0.6383884297520661,0.2066115702479339,False
ARPL,2022-03-31,RANGING,False,False,,,False
ARPL,2022-08-17,RANGING,False,True,-0.845,0.0,False
ARPL,2021-08-10,RANGING,False,False,,,False
ARPL,2021-08-27,RANGING,False,True,1.9249578559738132,3.109656301145663,True
ARPL,2021-07-30,RANGING,False,False,,,False
ARPL,2026-05-21,VOLATILE,False,False,,,False
ARPL,2023-04-27,RANGING,False,True,2.666705752212389,3.982300884955752,True
ARPL,2023-09-07,RANGING,False,True,-5.289444444444444,-4.444444444444445,False
ARPL,2025-09-04,TRENDING_UP,False,False,,,False
ARPL,2026-05-12,TRENDING_UP,False,False,,,False
ARPL,2020-12-03,TRENDING_UP,False,False,,,False
ARPL,2025-12-04,TRENDING_UP,False,False,,,False
ARPL,2020-09-04,TRENDING_UP,False,True,-1.0156484641638226,-0.17064846416382254,False
ARPL,2023-02-17,VOLATILE,False,True,0.06047854950471987,0.9161512347114351,True
ARUJ,2025-04-17,TRENDING_UP,False,True,-0.845,0.0,False
ARUJ,2024-09-16,TRENDING_UP,False,True,-0.04898009950248694,0.796019900497513,False
ARUJ,2023-10-11,TRENDING_UP,False,False,,,False
ARUJ,2023-11-28,TRENDING_UP,False,True,-2.4400920245398865,-1.5950920245398867,False
ARUJ,2025-11-28,TRENDING_UP,False,False,,,False
ARUJ,2024-07-12,TRENDING_UP,False,True,-0.845,0.0,False
ARUJ,2024-02-19,VOLATILE,False,False,,,False
ARUJ,2026-02-04,TRENDING_UP,False,False,,,False
ARUJ,2023-10-09,TRENDING_UP,False,False,,,False
ARUJ,2026-01-30,TRENDING_UP,False,False,,,False
ARUJ,2026-04-14,VOLATILE,False,False,,,False
ASC,2022-10-20,RANGING,False,True,0.45236973986227824,1.3771996939556215,True
ASC,2021-04-13,RANGING,False,True,-0.845,0.0,False
ASC,2021-01-26,TRENDING_UP,False,False,,,False
ASC,2021-09-02,RANGING,False,False,,,False
ASC,2022-10-07,RANGING,False,False,,,False
ASC,2021-01-22,TRENDING_UP,False,False,,,False
ASC,2024-05-02,TRENDING_UP,False,True,2.264206140350866,3.5087719298245488,True
ASC,2020-07-24,RANGING,False,True,-0.13014694201747523,0.7148530579825247,False
ASC,2024-09-09,TRENDING_UP,False,False,,,False
ASC,2020-01-20,TRENDING_UP,False,False,,,False
ASC,2025-04-04,TRENDING_UP,False,True,-8.622777777777777,-7.777777777777777,False
ASC,2020-08-24,TRENDING_UP,False,False,,,False
ASC,2021-05-26,TRENDING_UP,False,False,,,False
ASC,2021-02-16,TRENDING_UP,False,False,,,False
ASC,2025-09-18,TRENDING_UP,False,True,-4.340044340114771,-3.495044340114771,False
ASC,2020-03-09,VOLATILE,False,False,,,False
ASC,2024-04-03,TRENDING_UP,False,False,,,False
ASHT,2026-02-26,VOLATILE,False,True,1.945567663817667,3.1339031339031376,True
ASHT,2025-07-29,TRENDING_UP,False,False,,,False
ASHT,2025-10-07,TRENDING_UP,False,True,4.923508241758247,6.637362637362644,True
ASHT,2025-12-30,TRENDING_UP,False,False,,,False
ASHT,2025-11-17,VOLATILE,False,False,,,False
ASIC,2026-05-07,TRENDING_UP,False,False,,,False
ASIC,2025-07-14,TRENDING_UP,False,False,,,False
ASIC,2026-05-22,VOLATILE,False,False,,,False
ASL,2023-09-04,VOLATILE,False,False,,,False
ASL,2025-10-27,VOLATILE,False,False,,,False
ASL,2023-09-26,RANGING,False,True,4.0481051401869275,5.607476635514033,True
ASL,2025-08-13,TRENDING_UP,False,False,,,False
ASL,2025-10-08,TRENDING_UP,False,True,-2.365637219406233,-1.5206372194062334,False
ASL,2022-08-24,RANGING,False,False,,,False
ASL,2020-06-04,RANGING,False,False,,,False
ASL,2024-06-26,TRENDING_UP,False,False,,,False
ASL,2021-05-20,TRENDING_UP,False,False,,,False
ASL,2025-12-15,TRENDING_UP,False,False,,,False
ASL,2022-02-09,TRENDING_UP,False,False,,,False
ASL,2020-11-09,VOLATILE,False,False,,,False
ASL,2023-07-07,TRENDING_UP,False,False,,,False
ASL,2024-12-27,TRENDING_UP,False,False,,,False
ASL,2024-01-30,VOLATILE,False,False,,,False
ASL,2024-08-22,RANGING,False,True,-1.8281460674157342,-0.9831460674157343,False
ASLCPS,2025-10-10,TRENDING_UP,False,True,-0.845,0.0,False
ASLCPS,2025-11-17,VOLATILE,False,True,-8.84499999999999,-7.999999999999989,False
ASLPS,2020-05-21,RANGING,False,False,,,False
ASLPS,2020-08-04,TRENDING_UP,True,True,-0.845,0.0,False
ASLPS,2022-01-20,RANGING,False,True,-0.845,0.0,False
ASLPS,2026-04-24,TRENDING_UP,False,False,,,False
ASLPS,2024-12-26,TRENDING_UP,False,False,,,False
ASLPS,2026-01-21,TRENDING_UP,False,False,,,False
ASLPS,2021-01-21,TRENDING_UP,False,False,,,False
ASLPS,2020-10-05,VOLATILE,False,False,,,False
ASTL,2026-02-24,VOLATILE,False,True,-2.4843442622950858,-1.6393442622950858,False
ASTL,2020-04-24,VOLATILE,False,False,,,False
ASTL,2020-06-10,RANGING,False,False,,,False
ASTL,2024-03-14,TRENDING_UP,False,False,,,False
ASTL,2026-01-15,TRENDING_UP,False,False,,,False
ASTL,2025-03-20,TRENDING_UP,False,False,,,False
ASTL,2020-07-14,RANGING,False,False,,,False
ASTL,2026-02-25,VOLATILE,False,True,0.17847404219876767,1.054969461410315,True
ASTL,2023-09-06,RANGING,False,False,,,False
ASTL,2023-06-08,RANGING,False,True,0.4243566627703119,1.3442431326709552,True
ASTL,2025-12-26,TRENDING_UP,False,False,,,False
ASTL,2021-11-19,TRENDING_UP,False,True,-5.36537351443123,-4.52037351443123,False
ASTL,2026-06-18,TRENDING_UP,False,True,-3.057918660287066,-2.212918660287066,False
ASTL,2023-10-25,TRENDING_UP,False,False,,,False
ASTL,2025-08-20,TRENDING_UP,False,True,-3.0622949002217297,-2.2172949002217295,False
ASTL,2024-10-23,TRENDING_UP,False,False,,,False
ASTL,2025-07-29,TRENDING_UP,False,True,-1.799111767378468,-0.954111767378468,False
ASTL,2024-12-10,TRENDING_UP,False,False,,,False
ASTL,2024-12-27,TRENDING_UP,False,True,-0.33659170903402813,0.5084082909659718,False
ASTM,2026-02-19,VOLATILE,False,False,,,False
ASTM,2025-10-21,TRENDING_UP,False,False,,,False
ASTM,2025-09-29,TRENDING_UP,False,True,-3.1239115646258444,-2.278911564625844,False
ASTM,2024-06-03,TRENDING_UP,False,True,-0.845,0.0,False
ASTM,2025-12-15,TRENDING_UP,False,True,-5.558804713804716,-4.713804713804716,False
ASTM,2025-05-15,TRENDING_UP,False,False,,,False
ASTM,2024-11-05,TRENDING_UP,False,False,,,False
ASTM,2025-11-18,VOLATILE,False,False,,,False
ASTM,2026-05-18,VOLATILE,False,False,,,False
ASTM,2026-01-01,TRENDING_UP,False,False,,,False
ATBA,2026-02-20,VOLATILE,False,True,-3.89269357854006,-3.0476935785400596,False
ATBA,2022-04-08,RANGING,False,False,,,False
ATBA,2025-08-04,TRENDING_UP,False,False,,,False
ATBA,2023-12-21,TRENDING_UP,False,True,-0.845,0.0,False
ATBA,2025-03-20,TRENDING_UP,False,False,,,False
ATBA,2024-12-26,TRENDING_UP,False,True,3.2054063010550253,4.616066236535324,True
ATBA,2021-08-10,RANGING,False,False,,,False
ATBA,2021-08-26,RANGING,False,False,,,False
ATBA,2020-06-15,RANGING,False,False,,,False
ATBA,2021-02-12,RANGING,False,False,,,False
ATBA,2023-01-31,VOLATILE,False,False,,,False
ATBA,2022-06-16,TRENDING_DOWN,False,True,1.4612445201511546,2.564111200177829,True
ATBA,2021-03-05,RANGING,False,False,,,False
ATBA,2024-03-15,TRENDING_UP,False,True,-1.0041089896579178,-0.15910898965791792,False
ATBA,2024-11-20,TRENDING_UP,False,True,-1.9021970723773318,-1.0571970723773318,False
ATBA,2020-11-18,VOLATILE,False,False,,,False
ATBA,2023-11-03,TRENDING_UP,False,False,,,False
ATBA,2023-12-05,TRENDING_UP,False,False,,,False
ATBA,2024-07-01,TRENDING_UP,False,False,,,False
ATBA,2023-12-04,TRENDING_UP,False,False,,,False
ATBA,2025-06-13,TRENDING_UP,False,False,,,False
ATBA,2021-04-08,VOLATILE,False,True,-0.845,0.0,False
ATIL,2023-02-09,VOLATILE,False,False,,,False
ATIL,2024-03-05,TRENDING_UP,False,True,0.4192964684014852,1.3382899628252767,True
ATIL,2021-05-28,TRENDING_UP,False,False,,,False
ATIL,2025-04-03,TRENDING_UP,False,True,-2.5993859649122806,-1.7543859649122806,False
ATIL,2023-07-07,TRENDING_UP,False,True,-0.845,0.0,False
ATIL,2021-07-28,RANGING,False,False,,,False
ATIL,2023-01-04,TRENDING_DOWN,False,True,-0.6712816553427976,0.1737183446572024,False
ATIL,2025-02-14,RANGING,False,False,,,False
ATIL,2022-07-29,TRENDING_DOWN,False,False,,,False
ATIL,2024-08-12,RANGING,False,False,,,False
ATIL,2023-01-30,TRENDING_DOWN,False,False,,,False
ATIL,2022-01-21,RANGING,False,True,-0.845,0.0,False
ATIL,2025-07-31,TRENDING_UP,False,False,,,False
ATIL,2023-11-22,TRENDING_UP,False,True,-0.845,0.0,False
ATIL,2024-05-29,TRENDING_UP,False,True,-0.7949999999999922,0.050000000000007816,False
ATIL,2024-09-26,TRENDING_UP,False,True,-0.845,0.0,False
ATIL,2026-06-01,TRENDING_UP,False,False,,,False
ATLH,2023-09-26,RANGING,False,False,,,False
ATLH,2022-08-18,RANGING,False,False,,,False
ATLH,2025-05-13,VOLATILE,False,False,,,False
ATLH,2021-03-15,VOLATILE,False,True,-0.845,0.0,False
ATLH,2025-08-25,TRENDING_UP,False,True,-1.249081632653065,-0.40408163265306496,False
ATLH,2022-10-13,RANGING,False,False,,,False
ATLH,2024-09-23,TRENDING_UP,False,False,,,False
ATLH,2025-07-21,TRENDING_UP,False,False,,,False
ATLH,2024-12-24,TRENDING_UP,False,True,-2.3427240467916413,-1.4977240467916413,False
ATLH,2020-10-26,TRENDING_UP,False,True,-1.4535192697768762,-0.6085192697768762,False
ATLH,2021-10-26,VOLATILE,False,False,,,False
ATLH,2021-05-21,TRENDING_UP,False,False,,,False
ATLH,2025-06-16,TRENDING_UP,False,False,,,False
ATLH,2020-08-07,TRENDING_UP,False,True,-0.845,0.0,False
ATLH,2021-03-15,VOLATILE,False,True,-0.845,0.0,False
ATLH,2024-11-21,TRENDING_UP,False,False,,,False
ATLH,2025-04-04,TRENDING_UP,False,True,-3.125130293159609,-2.2801302931596092,False
ATLH,2024-08-23,TRENDING_UP,False,True,-1.5238833260422324,-0.6788833260422323,False
ATLH,2026-03-17,VOLATILE,False,False,,,False
ATLH,2026-01-08,TRENDING_UP,False,False,,,False
ATLH,2020-11-03,VOLATILE,False,False,,,False
ATRL,2026-04-16,VOLATILE,False,False,,,False
ATRL,2025-01-10,VOLATILE,False,False,,,False
ATRL,2022-11-16,RANGING,False,True,-3.0104571843251025,-2.1654571843251027,False
ATRL,2020-11-11,TRENDING_UP,False,False,,,False
ATRL,2024-11-29,TRENDING_UP,False,True,3.4700878939701116,4.92745634584719,True
ATRL,2025-05-30,TRENDING_UP,False,False,,,False
ATRL,2022-10-10,RANGING,False,False,,,False
ATRL,2020-06-30,RANGING,False,False,,,False
ATRL,2022-08-16,RANGING,False,True,0.8855235849056604,1.8867924528301887,True
ATRL,2024-08-15,RANGING,False,False,,,False
ATRL,2023-03-17,RANGING,False,False,,,False
ATRL,2021-02-12,RANGING,False,False,,,False
ATRL,2025-02-17,RANGING,False,False,,,False
ATRL,2025-02-17,RANGING,False,False,,,False
ATRL,2021-04-15,RANGING,False,True,-1.1965625000000022,-0.3515625000000022,False
ATRL,2023-06-07,RANGING,False,False,,,False
ATRL,2024-03-08,TRENDING_UP,False,True,-1.5036906842317486,-0.6586906842317486,False
ATRL,2024-11-05,TRENDING_UP,False,True,-1.714033582252504,-0.8690335822525039,False
ATRL,2024-04-22,TRENDING_UP,False,False,,,False
ATRL,2025-07-30,TRENDING_UP,False,False,,,False
ATRL,2026-07-07,TRENDING_UP,False,False,,,False
ATRL,2025-08-11,TRENDING_UP,False,True,-2.7530967995608133,-1.9080967995608131,False
ATRL,2026-01-19,TRENDING_UP,False,False,,,False
ATRL,2026-04-22,TRENDING_UP,False,True,2.442255942645297,3.718242285465055,True
ATRL,2020-04-10,VOLATILE,False,True,-7.056180124223602,-6.211180124223603,False
AVN,2023-07-21,TRENDING_UP,False,True,-2.0954597278411176,-1.2504597278411176,False
AVN,2025-10-24,VOLATILE,False,True,-1.6851596303297596,-0.8401596303297596,False
AVN,2022-10-20,RANGING,False,False,,,False
AVN,2020-08-28,TRENDING_UP,False,False,,,False
AVN,2020-12-09,TRENDING_UP,False,True,5.190840909090907,6.951871657754008,True
AVN,2024-09-05,TRENDING_UP,False,False,,,False
AVN,2022-11-07,RANGING,False,False,,,False
AVN,2021-04-14,RANGING,False,False,,,False
AVN,2021-04-16,RANGING,False,True,1.9862954545454516,3.1818181818181785,True
AVN,2020-10-01,RANGING,False,False,,,False
AVN,2022-10-05,RANGING,False,False,,,False
AVN,2020-02-03,RANGING,False,False,,,False
AVN,2024-10-24,TRENDING_UP,False,False,,,False
AVN,2024-06-04,TRENDING_UP,False,True,-1.3749417064122897,-0.5299417064122897,False
AVN,2024-05-24,TRENDING_UP,False,False,,,False
AVN,2025-03-18,TRENDING_UP,False,False,,,False
AVN,2024-09-09,TRENDING_UP,False,False,,,False
AVN,2025-06-04,TRENDING_UP,False,False,,,False
AVN,2025-07-17,TRENDING_UP,False,False,,,False
AVN,2026-01-08,TRENDING_UP,False,True,-1.4787709370756024,-0.6337709370756024,False
AWTX,2025-04-07,RANGING,False,True,6.35386899008417,8.320139988334317,True
AWWAL,2022-01-04,RANGING,False,True,-0.845,0.0,False
AWWAL,2020-11-03,VOLATILE,False,False,,,False
BAFL,2021-08-05,TRENDING_UP,False,True,-1.3359340839169969,-0.4909340839169969,False
BAFL,2022-10-19,RANGING,False,False,,,False
BAFL,2021-02-18,RANGING,False,False,,,False
BAFL,2024-08-12,RANGING,False,False,,,False
BAFL,2023-09-07,RANGING,False,False,,,False
BAFL,2020-07-28,RANGING,False,False,,,False
BAFL,2023-05-26,RANGING,False,False,,,False
BAFL,2020-07-27,RANGING,False,False,,,False
BAFL,2023-03-16,RANGING,False,False,,,False
BAFL,2020-09-24,TRENDING_UP,False,False,,,False
BAFL,2024-05-29,TRENDING_UP,False,True,-0.8771883047076092,-0.03218830470760929,False
BAFL,2025-01-02,TRENDING_UP,False,False,,,False
BAFL,2025-05-21,TRENDING_UP,False,False,,,False
BAFL,2024-03-14,TRENDING_UP,False,False,,,False
BAFL,2026-01-12,TRENDING_UP,False,False,,,False
BAFL,2025-07-16,TRENDING_UP,False,False,,,False
BAFL,2021-06-02,TRENDING_UP,False,True,-0.43897313324458465,0.4060268667554153,False
BAFL,2025-01-23,TRENDING_UP,False,False,,,False
BAFS,2026-03-26,VOLATILE,False,True,-5.146641226852963,-4.301641226852963,False
BAFS,2025-08-21,TRENDING_UP,False,False,,,False
BAFS,2026-01-09,TRENDING_UP,False,False,,,False
BAFS,2026-06-03,TRENDING_UP,False,False,,,False
BAFS,2026-04-09,VOLATILE,False,False,,,False
BAFS,2026-03-30,VOLATILE,False,True,26.982705748301207,32.58935970388377,True
BAFS,2025-12-12,TRENDING_UP,False,True,-0.6868849790730147,0.15811502092698523,False
BAHL,2021-08-20,RANGING,False,False,,,False
BAHL,2026-01-29,VOLATILE,False,False,,,False
BAHL,2023-11-30,TRENDING_UP,False,False,,,False
BAHL,2024-09-04,TRENDING_UP,False,False,,,False
BAHL,2021-09-22,RANGING,False,False,,,False
BAHL,2021-09-21,RANGING,False,True,-0.361270888302553,0.483729111697447,False
BAHL,2021-03-02,RANGING,False,False,,,False
BAHL,2025-02-17,RANGING,False,False,,,False
BAHL,2021-01-07,TRENDING_UP,False,False,,,False
BAHL,2020-09-18,TRENDING_UP,False,True,-0.8909558823529429,-0.045955882352942914,False
BAHL,2026-01-27,TRENDING_UP,False,False,,,False
BAHL,2024-09-26,TRENDING_UP,False,True,-1.8976315789473657,-1.0526315789473657,False
BAHL,2024-04-15,TRENDING_UP,False,False,,,False
BAHL,2025-06-05,TRENDING_UP,False,True,1.7396920309438555,2.8916965069927714,True
BAHL,2023-12-21,TRENDING_UP,False,True,-1.1653074951953877,-0.3203074951953876,False
BAHL,2020-12-21,TRENDING_UP,False,False,,,False
BAHL,2025-05-27,TRENDING_UP,False,False,,,False
BAHL,2021-02-03,TRENDING_UP,False,False,,,False
BAHL,2024-01-18,VOLATILE,False,False,,,False
BAPL,2026-04-29,TRENDING_UP,False,False,,,False
BAPL,2024-08-28,RANGING,False,False,,,False
BAPL,2024-01-02,TRENDING_UP,False,True,-0.845,0.0,False
BAPL,2025-08-21,TRENDING_UP,False,False,,,False
BAPL,2025-02-11,VOLATILE,False,True,-3.460384615384614,-2.615384615384614,False
BAPL,2022-01-24,RANGING,False,False,,,False
BAPL,2020-07-22,RANGING,False,True,-2.8449999999999998,-2.0,False
BAPL,2021-09-24,RANGING,False,False,,,False
BAPL,2022-11-04,RANGING,False,True,10.768236486486487,13.513513513513514,True
BAPL,2025-06-23,RANGING,False,False,,,False
BAPL,2020-01-15,TRENDING_UP,False,False,,,False
BAPL,2025-06-27,TRENDING_UP,False,True,-5.449955586722765,-4.604955586722765,False
BAPL,2025-10-17,TRENDING_UP,False,False,,,False
BAPL,2026-05-08,TRENDING_UP,False,False,,,False
BAPL,2024-05-09,TRENDING_UP,False,False,,,False
BAPL,2020-04-21,VOLATILE,False,False,,,False
BAPL,2023-08-03,TRENDING_UP,False,False,,,False
BAPL,2025-10-21,TRENDING_UP,False,False,,,False
BATA,2026-01-16,TRENDING_UP,False,False,,,False
BATA,2025-07-31,TRENDING_UP,False,False,,,False
BATA,2024-05-23,TRENDING_UP,False,True,-2.015588235294123,-1.1705882352941228,False
BATA,2024-05-23,TRENDING_UP,False,True,-2.015588235294123,-1.1705882352941228,False
BATA,2025-03-20,TRENDING_UP,False,True,-0.845,0.0,False
BBFL,2025-08-18,TRENDING_UP,False,False,,,False
BBFL,2024-09-10,TRENDING_UP,False,False,,,False
BBFL,2025-10-02,TRENDING_UP,False,False,,,False
BBFL,2025-02-18,RANGING,False,False,,,False
BBFL,2024-08-30,TRENDING_UP,False,True,-8.844999999999995,-7.999999999999995,False
BBFL,2025-01-30,VOLATILE,False,False,,,False
BCL,2023-08-31,VOLATILE,False,True,-7.296612903225806,-6.451612903225806,False
BCL,2023-04-28,RANGING,False,True,-0.845,0.0,False
BCL,2025-09-17,TRENDING_UP,False,False,,,False
BCL,2024-04-30,TRENDING_UP,False,False,,,False
BCL,2023-09-28,TRENDING_UP,False,False,,,False
BCL,2025-03-03,RANGING,False,True,-1.9561111111111111,-1.1111111111111112,False
BCL,2022-06-24,TRENDING_DOWN,False,False,,,False
BCL,2021-10-08,RANGING,False,True,-0.845,0.0,False
BCL,2022-04-19,RANGING,False,False,,,False
BCL,2020-01-10,TRENDING_UP,False,False,,,False
BCL,2023-10-05,TRENDING_UP,False,False,,,False
BCL,2024-01-17,VOLATILE,False,True,-5.496162790697674,-4.651162790697675,False
BCL,2024-08-06,RANGING,False,False,,,False
BCL,2025-06-26,TRENDING_UP,False,False,,,False
BCL,2025-08-07,TRENDING_UP,False,False,,,False
BCL,2024-10-03,TRENDING_UP,False,False,,,False
BCL,2020-12-10,TRENDING_UP,False,True,6.407985256614601,8.383806184252471,True
BCL,2023-01-25,VOLATILE,False,False,,,False
BCL,2026-07-08,TRENDING_UP,False,True,-0.7000724637681166,0.1449275362318833,False
BCL,2020-03-05,VOLATILE,False,False,,,False
BCL,2025-12-03,TRENDING_UP,False,False,,,False
BCML,2021-03-10,VOLATILE,False,False,,,False
BCML,2020-12-04,TRENDING_UP,False,True,-0.845,0.0,False
BECO,2026-02-11,VOLATILE,False,False,,,False
BECO,2025-09-25,TRENDING_UP,False,True,2.8750444606414067,4.22740524781342,True
BECO,2020-03-20,VOLATILE,False,True,12.280539895628493,15.292693994857052,True
BECO,2020-12-15,TRENDING_UP,False,True,-3.3450000000000024,-2.500000000000002,False
BECO,2025-01-06,TRENDING_UP,False,True,2.546650662251656,3.841059602649007,True
BECO,2026-06-11,RANGING,False,False,,,False
BECO,2020-01-23,TRENDING_UP,False,False,,,False
BECO,2023-01-05,RANGING,False,False,,,False
BECO,2021-04-29,RANGING,False,True,-4.371315789473694,-3.5263157894736934,False
BECO,2022-12-02,RANGING,False,True,-1.7518425391591195,-0.9068425391591195,False
BECO,2024-11-21,TRENDING_UP,False,False,,,False
BECO,2020-11-27,TRENDING_UP,False,False,,,False
BECO,2025-02-20,TRENDING_UP,False,True,-4.652106598984769,-3.807106598984769,False
BECO,2025-12-22,TRENDING_UP,False,True,-2.0462012012012023,-1.2012012012012023,False
BECO,2025-10-23,TRENDING_UP,False,True,7.234966374269012,9.356725146198839,True
BECO,2020-07-30,TRENDING_UP,False,False,,,False
BECO,2023-07-12,TRENDING_UP,False,False,,,False
BECO,2023-07-07,TRENDING_UP,False,True,3.18530912743971,4.592422502870247,True
BECO,2024-04-25,TRENDING_UP,False,True,-0.48202359346641627,0.3629764065335837,False
BECO,2021-01-20,TRENDING_UP,False,True,-4.226642512077292,-3.3816425120772915,False
BECO,2025-10-15,TRENDING_UP,False,True,-0.845,0.0,False
BELA,2025-12-04,TRENDING_UP,False,True,-1.3280917874396134,-0.4830917874396135,False
BELA,2025-03-05,RANGING,False,True,0.6241037814459135,1.5792397428775453,True
BELA,2024-10-09,TRENDING_UP,False,True,-0.845,0.0,False
BELA,2024-03-06,TRENDING_UP,False,False,,,False
BELA,2026-04-20,VOLATILE,False,False,,,False
BERG,2021-03-29,VOLATILE,False,True,0.09805140359517489,0.9603545924649116,True
BERG,2022-12-05,RANGING,False,True,0.053398044692744305,0.9078212290502874,True
BERG,2025-12-29,TRENDING_UP,False,False,,,False
BERG,2020-08-12,TRENDING_UP,False,False,,,False
BERG,2020-01-06,TRENDING_UP,False,True,-0.845,0.0,False
BERG,2020-02-07,RANGING,False,True,-0.845,0.0,False
BERG,2021-04-20,RANGING,False,True,-2.281781609195402,-1.4367816091954022,False
BERG,2020-06-26,RANGING,False,True,1.8682900096602808,3.0429882466591542,True
BERG,2023-07-03,RANGING,False,True,9.26925,11.75,True
BERG,2022-11-02,RANGING,False,False,,,False
BERG,2025-04-09,RANGING,False,False,,,False
BERG,2025-08-18,TRENDING_UP,False,False,,,False
BERG,2026-05-13,TRENDING_UP,False,False,,,False
BERG,2021-11-19,TRENDING_UP,False,True,-2.539915254237288,-1.694915254237288,False
BERG,2023-08-11,TRENDING_UP,False,True,2.88599028268551,4.240282685512365,True
BERG,2025-10-01,TRENDING_UP,False,True,-1.2790056165432773,-0.43400561654327724,False
BERG,2022-02-15,TRENDING_UP,False,True,5.933923913043479,7.82608695652174,True
BERG,2020-09-02,TRENDING_UP,False,False,,,False
BERG,2023-01-05,RANGING,False,True,-0.845,0.0,False
BERG,2025-08-18,TRENDING_UP,False,False,,,False
BERG,2026-06-02,TRENDING_UP,False,True,-2.823960524945324,-1.9789605249453242,False
BERG,2026-01-14,TRENDING_UP,False,False,,,False
BERG,2020-12-24,TRENDING_UP,False,True,-0.845,0.0,False
BERG,2025-07-21,TRENDING_UP,False,True,-2.9404998282377166,-2.095499828237717,False
BFAGRO,2026-04-24,TRENDING_UP,False,True,-5.744894625922021,-4.8998946259220215,False
BFAGRO,2025-12-24,TRENDING_UP,False,False,,,False
BFAGRO,2026-02-02,TRENDING_UP,False,False,,,False
BFAGRO,2026-04-10,VOLATILE,False,True,9.636295454545461,12.18181818181819,True
BFAGRO,2025-09-09,TRENDING_UP,False,False,,,False
BFBIO,2024-11-05,TRENDING_UP,False,False,,,False
BFBIO,2025-07-23,TRENDING_UP,False,False,,,False
BFBIO,2025-02-26,TRENDING_UP,False,True,-8.845,-8.0,False
BFBIO,2024-12-16,TRENDING_UP,False,True,-3.2984436890333972,-2.4534436890333975,False
BFBIO,2025-02-06,VOLATILE,False,False,,,False
BFMOD,2025-10-02,TRENDING_UP,False,True,-8.032500000000002,-7.187500000000002,False
BFMOD,2025-07-01,TRENDING_UP,False,True,-4.026818181818179,-3.1818181818181785,False
BFMOD,2026-02-17,VOLATILE,False,False,,,False
BFMOD,2025-03-03,RANGING,False,False,,,False
BFMOD,2025-07-21,TRENDING_UP,False,True,-0.845,0.0,False
BFMOD,2025-08-29,TRENDING_UP,False,True,-0.7656349206349223,0.07936507936507767,False
BFMOD,2024-09-05,TRENDING_UP,False,False,,,False
BFMOD,2026-01-19,TRENDING_UP,False,False,,,False
BFMOD,2025-11-17,VOLATILE,False,False,,,False
BGL,2020-05-11,VOLATILE,False,True,24.529274752475253,29.702970297029708,True
BGL,2025-08-28,TRENDING_UP,False,True,-1.0127852348993254,-0.1677852348993253,False
BGL,2025-06-02,TRENDING_UP,False,True,-2.7588755980861177,-1.9138755980861177,False
BGL,2020-06-10,RANGING,False,False,,,False
BGL,2021-05-24,TRENDING_UP,False,False,,,False
BGL,2020-02-10,RANGING,False,False,,,False
BGL,2021-09-01,RANGING,False,False,,,False
BGL,2021-12-08,TRENDING_DOWN,False,True,-6.310116279069755,-5.465116279069755,False
BGL,2023-03-14,RANGING,False,False,,,False
BGL,2022-07-05,TRENDING_DOWN,False,True,3.0437117224880486,4.425837320574175,True
BGL,2026-05-15,VOLATILE,False,True,1.0317500000000073,2.0588235294117734,True
BGL,2023-05-09,RANGING,False,True,-2.2804066985645797,-1.4354066985645797,False
BGL,2024-11-19,TRENDING_UP,False,False,,,False
BGL,2024-07-05,TRENDING_UP,False,True,2.8899132653061197,4.24489795918367,True
BGL,2020-08-24,TRENDING_UP,False,False,,,False
BGL,2020-09-07,TRENDING_UP,False,False,,,False
BGL,2024-11-22,TRENDING_UP,False,True,-2.1161864406779687,-1.271186440677969,False
BGL,2020-01-03,TRENDING_UP,False,True,-2.6631818181818088,-1.8181818181818088,False
BGL,2020-03-04,VOLATILE,False,True,1.8136648936170157,2.9787234042553123,True
BHAT,2021-11-24,RANGING,False,True,2.8654360988249654,4.216101292735253,True
BHAT,2024-08-22,RANGING,False,True,-0.845,0.0,False
BHAT,2022-11-28,RANGING,False,True,-0.845,0.0,False
BHAT,2023-06-12,RANGING,False,False,,,False
BHAT,2022-09-23,TRENDING_DOWN,False,False,,,False
BHAT,2021-09-29,RANGING,False,True,-4.802877000842462,-3.9578770008424615,False
BHAT,2023-01-27,VOLATILE,False,True,-0.845,0.0,False
BHAT,2021-02-04,TRENDING_UP,False,False,,,False
BHAT,2025-10-17,TRENDING_UP,False,True,3.1972055983113545,4.6064183509545344,True
BHAT,2020-10-12,VOLATILE,False,False,,,False
BIFO,2021-12-31,RANGING,False,False,,,False
BIFO,2025-04-08,RANGING,False,False,,,False
BIFO,2024-11-05,TRENDING_UP,False,False,,,False
BIFO,2024-05-07,TRENDING_UP,False,False,,,False
BIFO,2022-08-24,RANGING,False,True,-0.845,0.0,False
BIFO,2025-08-04,TRENDING_UP,False,False,,,False
BIFO,2022-03-14,TRENDING_DOWN,False,False,,,False
BIFO,2022-11-15,RANGING,False,True,-1.9206302521008412,-1.0756302521008412,False
BIFO,2025-11-10,TRENDING_UP,False,True,3.3195088306942813,4.7503045066991545,True
BIFO,2024-10-17,TRENDING_UP,False,False,,,False
BIFO,2024-04-24,TRENDING_UP,False,True,-5.712256637168141,-4.867256637168142,False
BIFO,2021-01-11,TRENDING_UP,False,True,2.2831780150590664,3.5310917824224313,True
BIFO,2021-11-17,TRENDING_UP,False,False,,,False
BIFO,2026-02-03,TRENDING_UP,False,True,-0.9096640409147102,-0.06466404091471027,False
BIFO,2024-01-12,VOLATILE,False,False,,,False
BILF,2024-11-14,TRENDING_UP,False,False,,,False
BILF,2024-08-07,RANGING,True,False,,,False
BILF,2024-08-20,RANGING,False,True,-0.845,0.0,False
BILF,2025-03-18,TRENDING_UP,True,False,,,False
BILF,2025-06-25,TRENDING_UP,False,False,,,False
BILF,2024-10-25,TRENDING_UP,False,True,-0.845,0.0,False
BILF,2025-05-30,TRENDING_UP,False,True,-1.4523992269464352,-0.6073992269464353,False
BILF,2025-01-02,TRENDING_UP,False,False,,,False
BIPL,2026-01-28,TRENDING_UP,False,False,,,False
BIPL,2021-12-28,TRENDING_DOWN,False,False,,,False
BIPL,2021-01-25,TRENDING_UP,False,True,-2.294275362318848,-1.4492753623188481,False
BIPL,2024-05-06,TRENDING_UP,False,False,,,False
BIPL,2022-05-06,RANGING,False,True,-4.380741737125281,-3.5357417371252815,False
BIPL,2025-03-12,TRENDING_UP,False,False,,,False
BIPL,2022-01-10,RANGING,False,False,,,False
BIPL,2024-07-29,RANGING,False,True,1.2926690172884423,2.3657870791628732,True
BIPL,2022-04-07,RANGING,False,False,,,False
BIPL,2020-07-28,RANGING,False,False,,,False
BIPL,2020-12-23,TRENDING_UP,False,False,,,False
BIPL,2026-05-06,VOLATILE,False,False,,,False
BIPL,2021-01-12,TRENDING_UP,False,True,-4.5992662116041,-3.7542662116041,False
BIPL,2026-04-22,TRENDING_UP,False,True,-2.309945936519015,-1.4649459365190152,False
BIPL,2023-08-02,TRENDING_UP,False,False,,,False
BIPL,2020-11-27,TRENDING_UP,False,True,1.6866280487804808,2.8292682926829187,True
BIPL,2021-03-18,VOLATILE,False,True,-0.845,0.0,False
BIPL,2024-11-20,TRENDING_UP,False,True,1.4115905466970415,2.505694760820049,True
BIPL,2024-03-26,TRENDING_UP,False,False,,,False
BIPL,2025-07-30,TRENDING_UP,False,False,,,False
BIPL,2024-11-18,TRENDING_UP,False,True,-1.1172323049001758,-0.2722323049001757,False
BIPL,2021-10-27,VOLATILE,False,True,-0.9184753857457736,-0.0734753857457736,False
BIPL,2024-12-09,TRENDING_UP,False,False,,,False
BLUEX,2026-07-08,TRENDING_UP,False,True,2.801197929736523,4.140526976160615,True
BML,2024-08-06,RANGING,False,True,-1.8450000000000009,-1.0000000000000009,False
BML,2024-05-22,TRENDING_UP,False,True,-1.3826344086021511,-0.5376344086021511,False
BML,2024-12-10,TRENDING_UP,False,True,-0.4690601503759479,0.3759398496240521,False
BML,2025-12-18,TRENDING_UP,False,False,,,False
BML,2024-07-11,TRENDING_UP,False,True,-3.087152466367705,-2.242152466367705,False
BML,2026-06-03,TRENDING_UP,True,False,,,False
BML,2025-06-12,TRENDING_UP,False,True,7.9645456989247165,10.215053763440844,True
BNL,2024-12-05,TRENDING_UP,False,False,,,False
BNL,2023-12-13,TRENDING_UP,False,True,-1.5068531889289978,-0.6618531889289977,False
BNL,2026-01-20,TRENDING_UP,False,True,-1.0189130434782572,-0.17391304347825717,False
BNL,2020-12-18,TRENDING_UP,False,True,0.8086961077844349,1.796407185628747,True
BNL,2023-11-28,TRENDING_UP,False,False,,,False
BNL,2022-04-21,RANGING,False,False,,,False
BNL,2022-06-15,TRENDING_DOWN,False,False,,,False
BNL,2022-08-15,RANGING,False,True,3.152567843866173,4.553903345724909,True
BNL,2021-03-26,VOLATILE,False,True,-7.426920903954798,-6.581920903954798,False
BNL,2021-09-23,RANGING,False,True,-0.845,0.0,False
BNL,2021-02-17,TRENDING_UP,False,False,,,False
BNL,2024-11-11,TRENDING_UP,False,True,-0.9174112961621997,-0.07241129616219975,False
BNL,2024-03-06,TRENDING_UP,False,True,0.3576993670886071,1.265822784810126,True
BNL,2022-10-25,RANGING,False,False,,,False
BNL,2024-11-26,TRENDING_UP,False,False,,,False
BNL,2025-05-27,TRENDING_UP,False,True,6.295452710753657,8.251414953827831,True
BNL,2024-10-21,TRENDING_UP,False,False,,,False
BNL,2025-05-12,VOLATILE,False,False,,,False
BNWM,2026-02-16,VOLATILE,False,True,3.351554933096887,4.788005803643396,True
BNWM,2025-08-07,TRENDING_UP,False,False,,,False
BNWM,2025-07-18,TRENDING_UP,False,False,,,False
BNWM,2024-07-29,RANGING,False,False,,,False
BNWM,2024-09-12,TRENDING_UP,False,False,,,False
BNWM,2025-11-10,TRENDING_UP,False,False,,,False
BNWM,2024-11-06,TRENDING_UP,False,True,30.749215753424657,37.02054794520548,True
BNWM,2026-02-09,VOLATILE,False,True,-0.845,0.0,False
BOK,2020-10-20,VOLATILE,False,True,-0.845,0.0,False
BOK,2023-02-03,VOLATILE,False,True,-0.845,0.0,False
BOK,2024-01-17,VOLATILE,False,True,-0.9350090009000881,-0.0900090009000881,False
BOK,2024-12-27,TRENDING_UP,False,True,0.07671402877697236,0.9352517985611439,True
BOK,2024-09-27,TRENDING_UP,False,False,,,False
BOK,2024-01-22,TRENDING_UP,False,False,,,False
BOK,2025-02-24,RANGING,False,False,,,False
BOK,2022-04-28,RANGING,False,True,-0.845,0.0,False
BOK,2023-06-06,RANGING,False,False,,,False
BOK,2025-11-11,VOLATILE,False,True,-0.29954545454545534,0.5454545454545446,False
BOK,2022-08-29,RANGING,False,True,-0.845,0.0,False
BOK,2025-12-15,TRENDING_UP,False,True,1.3665062868674303,2.4526544551381533,True
BOK,2020-12-28,TRENDING_UP,False,True,5.288173982869381,7.066381156316918,True
BOK,2026-01-16,TRENDING_UP,False,True,-0.018994138022908946,0.826005861977091,False
BOK,2025-10-15,TRENDING_UP,False,False,,,False
BOK,2024-09-06,TRENDING_UP,False,True,-0.845,0.0,False
BOK,2025-06-17,TRENDING_UP,False,False,,,False
BOK,2024-09-23,TRENDING_UP,False,False,,,False
BOK,2023-07-26,TRENDING_UP,False,False,,,False
BOP,2025-08-06,TRENDING_UP,False,False,,,False
BOP,2020-11-16,VOLATILE,False,False,,,False
BOP,2023-10-05,TRENDING_UP,False,True,-2.594999999999996,-1.749999999999996,False
BOP,2024-07-08,TRENDING_UP,False,False,,,False
BOP,2025-09-15,TRENDING_UP,False,False,,,False
BOP,2023-12-19,TRENDING_UP,False,True,-0.5396564885496112,0.30534351145038874,False
BOP,2023-02-21,VOLATILE,False,False,,,False
BOP,2020-06-03,RANGING,False,True,-2.3089639639639725,-1.4639639639639725,False
BOP,2020-04-24,VOLATILE,False,False,,,False
BOP,2020-08-27,TRENDING_UP,False,False,,,False
BOP,2020-06-23,RANGING,False,True,-1.443802395209568,-0.5988023952095681,False
BOP,2025-10-23,TRENDING_UP,False,True,-8.845000000000002,-8.000000000000002,False
BOP,2025-09-23,TRENDING_UP,False,False,,,False
BOP,2025-08-28,TRENDING_UP,False,False,,,False
BOP,2020-08-27,TRENDING_UP,False,False,,,False
BOP,2020-03-18,VOLATILE,False,True,7.542313380281694,9.718309859154935,True
BOP,2023-07-25,TRENDING_UP,False,False,,,False
BOP,2024-09-27,TRENDING_UP,False,False,,,False
BOP,2023-10-24,TRENDING_UP,False,False,,,False
BOP,2023-02-17,VOLATILE,False,False,,,False
BOP,2021-02-04,TRENDING_UP,False,False,,,False
BPBL,2020-08-12,TRENDING_UP,False,True,-0.23524390243901572,0.6097560975609843,False
BPBL,2020-03-03,VOLATILE,False,True,15.722079218106987,19.34156378600822,True
BPBL,2020-02-06,RANGING,False,False,,,False
BPL,2025-07-15,TRENDING_UP,False,False,,,False
BPL,2024-08-15,RANGING,False,True,-0.845,0.0,False
BPL,2020-01-14,TRENDING_UP,False,False,,,False
BPL,2024-06-03,TRENDING_UP,False,True,-2.8458514261387773,-2.0008514261387775,False
BPL,2024-01-29,RANGING,False,True,-4.580632183908038,-3.735632183908038,False
BPL,2022-11-28,RANGING,False,False,,,False
BPL,2025-10-20,TRENDING_UP,False,False,,,False
BPL,2024-05-09,TRENDING_UP,False,True,-0.845,0.0,False
BPL,2024-03-11,TRENDING_UP,False,True,-1.9082014176018884,-1.0632014176018885,False
BPL,2025-10-29,VOLATILE,False,True,-2.400061885115843,-1.5550618851158426,False
BPL,2021-01-22,TRENDING_UP,False,True,-0.845,0.0,False
BPL,2021-05-05,RANGING,False,True,-0.6480526834071753,0.19694731659282474,False
BPL,2024-12-12,TRENDING_UP,False,True,-1.5592857142857142,-0.7142857142857143,False
BPL,2025-05-07,VOLATILE,False,False,,,False
BPL,2020-05-05,VOLATILE,False,True,-1.6622043010752743,-0.8172043010752743,False
BPL,2024-09-24,TRENDING_UP,False,False,,,False
BPL,2024-03-04,TRENDING_UP,False,True,0.2936547619047583,1.1904761904761862,True
BPL,2024-09-18,TRENDING_UP,False,False,,,False
BPL,2026-04-13,VOLATILE,False,True,24.739191966317716,29.949931725079665,True
BRR,2020-03-05,VOLATILE,False,False,,,False
BRR,2022-02-18,TRENDING_UP,False,True,2.0904456521739188,3.304347826086963,True
BRR,2020-12-18,TRENDING_UP,False,True,-3.5505150884495293,-2.7055150884495296,False
BRR,2021-05-31,TRENDING_UP,False,True,6.008368705035978,7.913669064748209,True
BRR,2021-09-30,RANGING,False,True,-3.0958038585209096,-2.2508038585209094,False
BRR,2021-08-09,RANGING,False,True,0.20790012106537384,1.0895883777239692,True
BRR,2022-11-04,RANGING,False,False,,,False
BRR,2022-08-29,RANGING,False,True,-0.845,0.0,False
BRRG,2024-06-21,TRENDING_UP,False,False,,,False
BRRG,2025-09-10,TRENDING_UP,False,False,,,False
BRRG,2025-10-06,TRENDING_UP,False,False,,,False
BRRG,2024-08-06,RANGING,False,False,,,False
BRRG,2026-05-08,TRENDING_UP,False,True,11.401750000000005,14.258823529411771,True
BRRG,2025-08-05,TRENDING_UP,False,False,,,False
BRRG,2024-11-20,TRENDING_UP,False,True,-0.9114010624169973,-0.06640106241699725,False
BRRG,2024-01-22,TRENDING_UP,False,False,,,False
BRRG,2025-08-25,TRENDING_UP,False,False,,,False
BRRG,2024-09-06,TRENDING_UP,False,True,-0.845,0.0,False
BTL,2023-05-08,RANGING,False,True,15.738846600107937,19.361290117774043,True
BTL,2025-02-06,VOLATILE,False,True,-0.845,0.0,False
BTL,2022-01-31,RANGING,False,True,-0.8428308026030388,0.002169197396961151,False
BTL,2021-08-05,TRENDING_UP,False,True,0.07987206572769956,0.9389671361502347,True
BTL,2023-03-08,RANGING,False,True,-0.845,0.0,False
BTL,2021-08-24,TRENDING_UP,False,True,-0.845,0.0,False
BTL,2022-01-07,RANGING,False,True,-0.845,0.0,False
BTL,2025-10-16,TRENDING_UP,False,False,,,False
BTL,2026-01-22,TRENDING_UP,False,False,,,False
BTL,2026-07-03,TRENDING_UP,False,True,-0.845,0.0,False
BTL,2026-05-14,VOLATILE,False,True,-2.6439902125782244,-1.7989902125782244,False
BTL,2025-01-02,TRENDING_UP,False,True,-0.845,0.0,False
BTL,2020-11-09,VOLATILE,False,False,,,False
BUXL,2023-09-13,RANGING,False,True,-0.845,0.0,False
BUXL,2025-08-28,TRENDING_UP,False,False,,,False
BUXL,2026-07-02,TRENDING_UP,False,True,-6.460668511994625,-5.615668511994626,False
BUXL,2022-11-15,RANGING,False,True,0.12658710657096067,0.993926007730542,True
BUXL,2021-02-18,RANGING,False,True,7.628471311475402,9.819672131147533,True
BUXL,2022-08-10,RANGING,False,False,,,False
BUXL,2022-06-06,TRENDING_DOWN,False,False,,,False
BUXL,2023-09-15,RANGING,False,False,,,False
BUXL,2022-02-04,RANGING,False,False,,,False
BUXL,2023-12-05,TRENDING_UP,False,True,8.380966710182767,10.704960835509137,True
BUXL,2020-11-06,TRENDING_UP,False,True,5.610684967012257,7.445805843543832,True
BUXL,2025-09-26,TRENDING_UP,False,True,-2.028431952662722,-1.183431952662722,False
BUXL,2025-07-18,TRENDING_UP,False,False,,,False
BUXL,2020-08-19,TRENDING_UP,False,True,-3.034781021897807,-2.1897810218978067,False
BUXL,2024-05-10,TRENDING_UP,False,False,,,False
BUXL,2024-07-04,TRENDING_UP,False,False,,,False
BWCL,2023-02-15,VOLATILE,False,True,-0.845,0.0,False
BWCL,2026-03-30,VOLATILE,False,False,,,False
BWCL,2021-02-24,RANGING,False,False,,,False
BWCL,2023-10-02,TRENDING_UP,False,False,,,False
BWCL,2021-04-27,TRENDING_UP,False,False,,,False
BWCL,2021-11-19,TRENDING_UP,False,True,-0.8786700336700413,-0.03367003367004132,False
BWCL,2025-12-26,TRENDING_UP,False,False,,,False
BWCL,2026-01-27,TRENDING_UP,False,False,,,False
BWCL,2020-06-04,RANGING,False,True,0.3904456521739131,1.3043478260869565,True
BWCL,2022-11-14,RANGING,False,False,,,False
BWCL,2020-11-17,VOLATILE,False,True,-1.0091928280572704,-0.16419282805727048,False
BWCL,2021-05-03,RANGING,False,True,-1.9813636363636435,-1.1363636363636436,False
BWCL,2023-08-10,TRENDING_UP,False,False,,,False
BWCL,2021-05-26,TRENDING_UP,False,True,5.563442825824488,7.390226853911162,True
BWCL,2024-05-30,TRENDING_UP,False,True,0.5077115384615385,1.4423076923076923,True
BWCL,2026-07-07,TRENDING_UP,False,True,-4.97073673870334,-4.12573673870334,False
BWCL,2024-10-22,TRENDING_UP,False,False,,,False
BWCL,2025-05-21,TRENDING_UP,False,False,,,False
BWCL,2024-06-03,TRENDING_UP,False,True,-0.845,0.0,False
BWCL,2020-01-14,TRENDING_UP,False,True,-0.845,0.0,False
BWCL,2020-09-22,TRENDING_UP,False,True,-1.7699999999999934,-0.9249999999999935,False
BWCL,2023-07-19,TRENDING_UP,False,True,-0.8514926632904942,-0.006492663290494303,False
BWCL,2021-11-19,TRENDING_UP,False,True,-0.8786700336700413,-0.03367003367004132,False
BWCL,2026-02-24,VOLATILE,False,False,,,False
BWCL,2025-09-29,TRENDING_UP,False,False,,,False
BWHL,2026-03-24,VOLATILE,False,False,,,False
BWHL,2022-12-01,RANGING,False,False,,,False
BWHL,2022-10-12,RANGING,False,False,,,False
BWHL,2025-11-11,VOLATILE,False,False,,,False
BWHL,2022-02-08,RANGING,False,False,,,False
BWHL,2025-11-17,VOLATILE,False,False,,,False
BWHL,2023-09-13,RANGING,False,False,,,False
BWHL,2023-08-22,RANGING,False,True,9.299607142857141,11.785714285714285,True
BWHL,2022-11-16,RANGING,False,False,,,False
BWHL,2020-09-07,TRENDING_UP,False,False,,,False
BWHL,2025-07-14,TRENDING_UP,False,True,-1.871638931758707,-1.026638931758707,False
BWHL,2024-05-17,TRENDING_UP,False,False,,,False
BWHL,2025-07-31,TRENDING_UP,False,False,,,False
BWHL,2024-11-22,TRENDING_UP,False,True,-1.0087937758365244,-0.1637937758365244,False
BWHL,2025-12-17,TRENDING_UP,False,False,,,False
BWHL,2024-04-25,TRENDING_UP,False,True,-4.365056133785528,-3.520056133785528,False
BWHL,2026-02-02,TRENDING_UP,False,False,,,False
BWHL,2025-10-21,TRENDING_UP,False,False,,,False
BWHL,2022-07-13,VOLATILE,False,False,,,False
CASH,2025-04-16,TRENDING_UP,False,False,,,False
CASH,2025-06-03,TRENDING_UP,False,False,,,False
CASH,2025-09-19,TRENDING_UP,False,False,,,False
CASH,2025-08-18,TRENDING_UP,False,True,-1.3903129057387713,-0.5453129057387713,False
CASH,2025-12-01,TRENDING_UP,False,False,,,False
CASH,2025-01-02,TRENDING_UP,False,False,,,False
CCM,2025-08-18,TRENDING_UP,False,False,,,False
CCM,2025-07-18,TRENDING_UP,False,True,-0.845,0.0,False
CCM,2026-05-05,VOLATILE,False,False,,,False
CCM,2025-05-22,TRENDING_UP,False,False,,,False
CENI,2022-10-28,RANGING,False,False,,,False
CENI,2021-02-08,TRENDING_UP,False,False,,,False
CENI,2025-12-04,TRENDING_UP,False,True,-0.845,0.0,False
CENI,2022-01-14,RANGING,False,False,,,False
CENI,2021-11-22,RANGING,False,False,,,False
CENI,2022-10-27,RANGING,False,False,,,False
CENI,2022-05-10,RANGING,False,True,0.6984166666666699,1.6666666666666705,True
CENI,2025-12-03,TRENDING_UP,False,True,2.1973579854809446,3.4301270417422876,True
CENI,2024-12-12,TRENDING_UP,False,True,0.07007515002728566,0.9274413529732772,True
CENI,2024-11-29,TRENDING_UP,False,False,,,False
CENI,2021-01-26,TRENDING_UP,False,True,-1.2835964912280764,-0.4385964912280764,False
CENI,2020-08-20,TRENDING_UP,False,True,3.0595277777777783,4.444444444444445,True
CENI,2024-01-08,VOLATILE,False,True,4.570638888888884,6.222222222222216,True
CENI,2026-07-09,TRENDING_UP,False,False,,,False
CENI,2026-01-26,TRENDING_UP,False,True,-0.845,0.0,False
CENI,2025-11-03,VOLATILE,False,True,2.6150833333333328,3.9215686274509802,True
CENI,2025-11-04,VOLATILE,False,True,-0.845,0.0,False
CEPB,2022-01-12,RANGING,False,False,,,False
CEPB,2020-10-09,VOLATILE,False,True,16.142004083484572,19.835593039393615,True
CEPB,2020-02-07,RANGING,False,False,,,False
CEPB,2021-10-29,RANGING,False,False,,,False
CEPB,2023-10-13,TRENDING_UP,False,False,,,False
CEPB,2021-05-27,TRENDING_UP,False,False,,,False
CEPB,2023-07-13,TRENDING_UP,False,True,-2.953626198083067,-2.1086261980830674,False
CEPB,2020-05-21,RANGING,False,False,,,False
CEPB,2022-10-26,RANGING,False,False,,,False
CEPB,2024-08-08,RANGING,False,False,,,False
CEPB,2023-02-22,RANGING,False,False,,,False
CEPB,2022-03-29,RANGING,False,True,0.4595504667444608,1.3856476079346598,True
CEPB,2024-03-21,TRENDING_UP,False,False,,,False
CEPB,2023-10-04,TRENDING_UP,False,True,-0.845,0.0,False
CEPB,2021-01-13,TRENDING_UP,False,True,2.01633445040214,3.2171581769436943,True
CEPB,2024-11-05,TRENDING_UP,False,True,12.697572291504288,15.783320342946222,True
CEPB,2024-01-30,VOLATILE,False,False,,,False
CEPB,2020-01-07,TRENDING_UP,False,True,-0.845,0.0,False
CEPB,2021-12-23,VOLATILE,False,True,-1.1064379084967357,-0.26143790849673576,False
CEPB,2023-08-02,TRENDING_UP,False,False,,,False
CFL,2024-10-24,TRENDING_UP,False,True,-0.845,0.0,False
CFL,2025-12-17,TRENDING_UP,False,True,-8.844999999999999,-7.999999999999999,False
CFL,2026-03-10,VOLATILE,False,False,,,False
CFL,2025-10-22,TRENDING_UP,False,True,-0.2043750000000053,0.6406249999999947,False
CHAS,2025-02-17,RANGING,False,True,-7.570576828669616,-6.725576828669616,False
CHAS,2026-06-18,TRENDING_UP,False,False,,,False
CHAS,2025-11-26,TRENDING_UP,False,True,-1.3019470227045657,-0.4569470227045657,False
CHAS,2026-02-24,VOLATILE,False,False,,,False
CHAS,2026-01-08,TRENDING_UP,False,False,,,False
CHAS,2025-11-11,VOLATILE,False,False,,,False
CHAS,2026-06-22,TRENDING_UP,False,False,,,False
CHAS,2025-10-03,TRENDING_UP,False,True,-0.9621646162858791,-0.11716461628587917,False
CHBL,2025-09-11,TRENDING_UP,False,False,,,False
CHBL,2026-04-23,TRENDING_UP,False,False,,,False
CHBL,2025-06-17,TRENDING_UP,False,True,0.06636538461537958,0.9230769230769171,True
CHBL,2026-03-17,VOLATILE,False,False,,,False
CHBL,2024-12-11,TRENDING_UP,False,True,-2.0628619756427584,-1.2178619756427584,False
CHBL,2026-05-18,VOLATILE,False,False,,,False
CHBL,2025-08-29,TRENDING_UP,False,False,,,False
CHCC,2025-07-28,TRENDING_UP,False,False,,,False
CHCC,2023-02-16,VOLATILE,False,True,-2.5358212560386475,-1.6908212560386473,False
CHCC,2026-03-10,VOLATILE,False,False,,,False
CHCC,2020-06-23,RANGING,False,True,-1.397941176470587,-0.5529411764705868,False
CHCC,2020-05-07,VOLATILE,False,False,,,False
CHCC,2024-07-02,TRENDING_UP,False,False,,,False
CHCC,2025-06-02,TRENDING_UP,False,False,,,False
CHCC,2025-08-26,TRENDING_UP,False,False,,,False
CHCC,2024-04-16,TRENDING_UP,False,False,,,False
CHCC,2022-11-29,RANGING,False,False,,,False
CHCC,2022-09-06,RANGING,False,False,,,False
CHCC,2025-02-18,RANGING,False,False,,,False
CHCC,2022-12-01,RANGING,False,True,-3.999850582771006,-3.154850582771006,False
CHCC,2023-01-26,VOLATILE,False,False,,,False
CHCC,2025-03-03,RANGING,False,True,5.015876984126984,6.746031746031746,True
CHCC,2020-07-24,RANGING,False,False,,,False
CHCC,2026-06-23,TRENDING_UP,False,True,3.640387529749955,5.127808858529359,True
CHCC,2021-01-21,TRENDING_UP,False,False,,,False
CHCC,2023-08-10,TRENDING_UP,False,False,,,False
CHCC,2025-09-08,TRENDING_UP,False,False,,,False
CHCC,2025-06-03,TRENDING_UP,False,False,,,False
CHCC,2026-06-05,TRENDING_UP,False,True,-0.7923684210526395,0.05263157894736044,False
CHCC,2025-06-27,TRENDING_UP,False,True,-2.8927815699658703,-2.04778156996587,False
CHCC,2025-01-31,VOLATILE,False,False,,,False
CHCC,2023-11-15,TRENDING_UP,False,False,,,False
CLCPS,2021-10-28,RANGING,False,False,,,False
CLCPS,2024-09-26,TRENDING_UP,False,False,,,False
CLCPS,2024-12-20,TRENDING_UP,False,False,,,False
CLCPS,2024-07-05,TRENDING_UP,False,True,-0.845,0.0,False
CLCPS,2025-06-25,TRENDING_UP,False,False,,,False
CLCPS,2025-12-04,TRENDING_UP,False,False,,,False
CLCPS,2026-05-18,VOLATILE,False,False,,,False
CLCPS,2025-06-10,TRENDING_UP,False,True,1.2135681818181836,2.2727272727272747,True
CLCPS,2026-01-21,TRENDING_UP,False,True,-3.3175274725274804,-2.4725274725274806,False
CLOV,2026-05-18,VOLATILE,False,False,,,False
CLOV,2026-03-05,VOLATILE,False,True,-8.844999999999994,-7.999999999999993,False
CLOV,2022-04-08,RANGING,False,False,,,False
CLOV,2023-10-12,TRENDING_UP,False,True,7.519916791885794,9.691960931630346,True
CLOV,2026-06-17,TRENDING_UP,False,False,,,False
CLOV,2021-07-28,RANGING,False,False,,,False
CLOV,2022-06-02,TRENDING_DOWN,False,True,-2.0949999999999998,-1.25,False
CLOV,2020-06-29,RANGING,False,False,,,False
CLOV,2023-06-01,RANGING,False,True,-0.845,0.0,False
CLOV,2025-01-01,TRENDING_UP,False,False,,,False
CLOV,2020-09-21,TRENDING_UP,False,True,-6.123846153846149,-5.278846153846149,False
CLOV,2021-06-16,TRENDING_UP,False,False,,,False
CLOV,2024-01-17,VOLATILE,False,False,,,False
CLOV,2024-09-13,TRENDING_UP,False,False,,,False
CLOV,2025-08-15,TRENDING_UP,False,False,,,False
CLOV,2023-07-10,TRENDING_UP,False,False,,,False
CLOV,2026-01-08,TRENDING_UP,False,False,,,False
CLOV,2022-02-24,RANGING,False,True,33.55172950819672,40.317622950819676,True
CLOV,2025-09-03,TRENDING_UP,False,False,,,False
CLOV,2021-08-24,TRENDING_UP,False,False,,,False
CLOV,2020-08-04,TRENDING_UP,False,True,-0.845,0.0,False
CLVL,2020-03-11,VOLATILE,False,False,,,False
CLVL,2021-12-29,RANGING,False,False,,,False
CLVL,2026-02-04,TRENDING_UP,False,False,,,False
CLVL,2020-08-13,TRENDING_UP,False,False,,,False
CLVL,2023-12-13,TRENDING_UP,False,True,7.47111877076412,9.634551495016613,True
CLVL,2020-12-07,TRENDING_UP,False,True,10.981188202247184,13.764044943820217,True
CLVL,2024-08-15,RANGING,False,False,,,False
CLVL,2022-12-07,RANGING,False,True,-1.7344536213468906,-0.8894536213468905,False
CLVL,2022-12-19,TRENDING_DOWN,False,True,-5.60690476190476,-4.76190476190476,False
CLVL,2023-03-09,RANGING,False,True,-0.5325000000000066,0.31249999999999334,False
CLVL,2022-09-20,TRENDING_DOWN,False,True,-6.310116279069755,-5.465116279069755,False
CLVL,2025-07-24,TRENDING_UP,False,False,,,False
CLVL,2020-01-08,TRENDING_UP,False,False,,,False
CLVL,2025-10-17,TRENDING_UP,False,True,4.092039389067518,5.659163987138257,True
CLVL,2025-06-25,TRENDING_UP,False,False,,,False
CLVL,2025-06-24,TRENDING_UP,False,False,,,False
CLVL,2024-02-28,TRENDING_UP,False,True,-2.260929203539824,-1.415929203539824,False
CLVL,2025-08-20,TRENDING_UP,False,False,,,False
CLVL,2021-12-24,VOLATILE,False,True,1.743241065927289,2.895871842267399,True
CLVL,2020-08-13,TRENDING_UP,False,False,,,False
CLVL,2025-12-23,TRENDING_UP,False,False,,,False
CNERGY,2021-11-16,TRENDING_UP,False,False,,,False
CNERGY,2020-04-20,VOLATILE,False,True,-1.7378571428571397,-0.8928571428571397,False
CNERGY,2022-11-10,RANGING,False,True,-1.6308546168958749,-0.7858546168958749,False
CNERGY,2021-11-11,TRENDING_UP,False,True,-2.5351408450704116,-1.6901408450704116,False
CNERGY,2025-10-14,TRENDING_UP,False,False,,,False
CNERGY,2022-03-29,RANGING,False,True,-3.6859090909090977,-2.8409090909090975,False
CNERGY,2020-01-03,TRENDING_UP,False,True,-3.003273381294969,-2.158273381294969,False
CNERGY,2024-08-28,RANGING,False,False,,,False
CNERGY,2022-08-11,RANGING,False,False,,,False
CNERGY,2023-07-18,TRENDING_UP,False,False,,,False
CNERGY,2025-03-13,TRENDING_UP,False,False,,,False
CNERGY,2024-09-09,TRENDING_UP,False,True,-1.8088554216867476,-0.9638554216867478,False
CNERGY,2020-07-30,TRENDING_UP,False,True,-0.845,0.0,False
CNERGY,2025-07-11,TRENDING_UP,False,False,,,False
CNERGY,2024-03-15,TRENDING_UP,False,False,,,False
CNERGY,2025-04-16,TRENDING_UP,False,True,-0.845,0.0,False
CNERGY,2026-03-17,VOLATILE,False,True,-1.1348550724637747,-0.2898550724637748,False
CNERGY,2024-11-25,TRENDING_UP,False,False,,,False
COLG,2025-04-10,TRENDING_UP,False,True,-1.2031129378127228,-0.35811293781272274,False
COLG,2021-10-12,VOLATILE,False,True,-0.8445822413586578,0.0004177586413422308,False
COLG,2023-10-04,TRENDING_UP,False,False,,,False
COLG,2024-05-14,TRENDING_UP,False,False,,,False
COLG,2025-10-17,TRENDING_UP,False,False,,,False
COLG,2022-09-12,RANGING,False,True,-0.845,0.0,False
COLG,2022-06-02,TRENDING_DOWN,False,True,4.344273662759105,5.9559101914812995,True
COLG,2023-01-03,TRENDING_DOWN,False,False,,,False
COLG,2026-03-12,VOLATILE,False,True,-1.5182644787818327,-0.6732644787818326,False
COLG,2024-07-31,RANGING,False,False,,,False
COLG,2021-10-05,RANGING,False,True,-0.845,0.0,False
COLG,2025-06-10,TRENDING_UP,False,False,,,False
COLG,2024-12-09,TRENDING_UP,False,False,,,False
COLG,2024-06-25,TRENDING_UP,False,False,,,False
COLG,2024-04-26,TRENDING_UP,False,False,,,False
CPAL,2020-08-11,TRENDING_UP,False,False,,,False
CPAL,2020-09-01,TRENDING_UP,False,True,-0.845,0.0,False
CPHL,2022-11-25,RANGING,False,True,-6.153775731310951,-5.308775731310951,False
CPHL,2024-07-29,RANGING,False,False,,,False
CPHL,2023-01-24,TRENDING_DOWN,False,False,,,False
CPHL,2023-02-14,VOLATILE,False,False,,,False
CPHL,2025-07-03,TRENDING_UP,False,True,-2.3441671293725648,-1.4991671293725646,False
CPHL,2023-08-10,TRENDING_UP,False,False,,,False
CPHL,2025-07-01,TRENDING_UP,False,False,,,False
CPHL,2024-02-12,VOLATILE,False,True,2.141330692345188,3.364212579229633,True
CPHL,2024-10-14,TRENDING_UP,False,True,0.2955114678899005,1.1926605504587064,True
CPHL,2025-07-30,TRENDING_UP,False,False,,,False
CPHL,2024-09-24,TRENDING_UP,False,False,,,False
CPHL,2025-10-06,TRENDING_UP,False,False,,,False
CPHL,2024-12-23,TRENDING_UP,False,False,,,False
CPHL,2026-07-09,TRENDING_UP,False,False,,,False
CPHL,2025-05-27,TRENDING_UP,False,True,-0.6819438621010941,0.16305613789890586,False
CPHL,2024-04-22,TRENDING_UP,False,True,-1.660993472052235,-0.815993472052235,False
CPHL,2025-09-12,TRENDING_UP,False,True,0.03535824742267993,0.8865979381443293,True
CPHL,2025-01-09,VOLATILE,False,True,8.80175,11.200000000000001,True
CPHL,2024-12-24,TRENDING_UP,False,True,-3.0559826589595396,-2.2109826589595394,False
CPPL,2020-05-07,VOLATILE,False,True,11.151119369369367,13.963963963963963,True
CPPL,2020-04-28,VOLATILE,False,True,-1.8065384615384614,-0.9615384615384616,False
CPPL,2022-09-05,RANGING,False,False,,,False
CPPL,2020-10-14,VOLATILE,False,True,-2.5024585635359116,-1.6574585635359116,False
CPPL,2026-07-08,TRENDING_UP,False,False,,,False
CPPL,2023-09-14,RANGING,False,True,-1.2157865168539306,-0.37078651685393066,False
CPPL,2023-01-05,RANGING,False,True,-2.9068556701030923,-2.0618556701030926,False
CPPL,2025-10-30,VOLATILE,False,False,,,False
CPPL,2022-10-05,RANGING,False,False,,,False
CPPL,2020-09-03,TRENDING_UP,False,True,-3.437592592592596,-2.5925925925925957,False
CPPL,2024-01-25,TRENDING_UP,False,False,,,False
CPPL,2024-06-27,TRENDING_UP,False,False,,,False
CPPL,2026-01-07,TRENDING_UP,False,True,-1.0738557213930386,-0.22885572139303878,False
CPPL,2021-06-21,TRENDING_UP,False,True,-1.3304368932038835,-0.48543689320388345,False
CPPL,2024-06-28,TRENDING_UP,False,True,-1.0399152542372914,-0.1949152542372915,False
CPPL,2023-11-14,TRENDING_UP,False,False,,,False
CPPL,2021-01-06,TRENDING_UP,False,True,-2.956992945326287,-2.1119929453262873,False
CPPL,2020-04-22,VOLATILE,False,False,,,False
CPPL,2023-12-05,TRENDING_UP,False,True,5.353178571428571,7.142857142857142,True
CRTM,2020-03-19,VOLATILE,False,False,,,False
CRTM,2020-03-12,VOLATILE,False,True,-0.845,0.0,False
CRTM,2021-10-28,RANGING,False,True,4.373915898617514,5.990783410138252,True
CRTM,2021-05-05,RANGING,False,False,,,False
CRTM,2022-08-25,RANGING,False,True,-3.0189130434782534,-2.173913043478253,False
CRTM,2020-02-19,VOLATILE,False,False,,,False
CRTM,2021-09-08,RANGING,False,False,,,False
CRTM,2024-04-29,TRENDING_UP,False,False,,,False
CRTM,2026-05-25,TRENDING_UP,False,True,-2.5514846416382255,-1.7064846416382253,False
CRTM,2024-12-12,TRENDING_UP,False,True,-0.845,0.0,False
CRTM,2025-12-02,TRENDING_UP,False,False,,,False
CRTM,2021-10-05,RANGING,False,True,-2.78465517241379,-1.93965517241379,False
CRTM,2024-04-25,TRENDING_UP,False,True,-0.845,0.0,False
CRTM,2024-03-21,TRENDING_UP,False,True,6.522490740740743,8.51851851851852,True
CRTM,2025-12-09,TRENDING_UP,False,False,,,False
CRTM,2026-05-11,TRENDING_UP,False,False,,,False
CRTM,2026-05-25,TRENDING_UP,False,True,-2.5514846416382255,-1.7064846416382253,False
CRTM,2025-10-24,VOLATILE,False,True,-2.1055042016806755,-1.2605042016806753,False
CRTM,2023-02-21,VOLATILE,True,True,-0.845,0.0,False
CRTM,2024-09-13,TRENDING_UP,False,True,0.23609131736527175,1.1227544910179668,True
CSAP,2026-05-15,VOLATILE,False,True,-3.888573461791111,-3.0435734617911114,False
CSAP,2021-09-06,RANGING,False,True,-1.9423144672249568,-1.0973144672249568,False
CSAP,2023-11-24,TRENDING_UP,False,False,,,False
CSAP,2025-12-16,TRENDING_UP,False,True,-2.015376055257098,-1.1703760552570979,False
CSAP,2024-01-25,TRENDING_UP,False,True,-3.2604589371980675,-2.4154589371980677,False
CSAP,2021-11-16,TRENDING_UP,False,True,-1.696063829787231,-0.8510638297872309,False
CSAP,2022-09-05,RANGING,False,True,-1.8713157894736858,-1.0263157894736858,False
CSAP,2021-04-01,VOLATILE,False,True,-1.4306966707768116,-0.5856966707768118,False
CSAP,2023-03-27,TRENDING_DOWN,False,False,,,False
CSAP,2025-12-26,TRENDING_UP,False,False,,,False
CSAP,2023-10-09,TRENDING_UP,False,False,,,False
CSAP,2024-01-08,VOLATILE,False,False,,,False
CSAP,2025-06-18,RANGING,False,True,-2.9036946999562057,-2.0586946999562055,False
CSAP,2025-06-26,TRENDING_UP,False,False,,,False
CSAP,2021-06-21,TRENDING_UP,False,False,,,False
CSAP,2024-11-12,TRENDING_UP,False,False,,,False
CSAP,2024-12-06,TRENDING_UP,False,False,,,False
CSAP,2025-01-16,TRENDING_UP,False,False,,,False
CSAP,2020-01-24,TRENDING_UP,False,False,,,False
CSIL,2021-03-19,VOLATILE,False,True,-4.844999999999995,-3.999999999999995,False
CSIL,2025-10-01,TRENDING_UP,False,False,,,False
CSIL,2021-11-17,TRENDING_UP,False,False,,,False
CSIL,2021-03-19,VOLATILE,False,True,-4.844999999999995,-3.999999999999995,False
CSIL,2023-10-18,TRENDING_UP,False,False,,,False
CSIL,2021-04-19,RANGING,False,False,,,False
CSIL,2021-02-26,RANGING,False,False,,,False
CSIL,2023-11-10,TRENDING_UP,False,False,,,False
CSIL,2025-10-20,TRENDING_UP,False,False,,,False
CSIL,2020-01-02,TRENDING_UP,False,True,-3.1177272727272847,-2.2727272727272845,False
CSIL,2023-08-02,TRENDING_UP,False,False,,,False
CSIL,2020-08-31,TRENDING_UP,False,True,6.36508333333334,8.333333333333341,True
CSIL,2024-09-27,TRENDING_UP,False,True,0.5136340579710156,1.449275362318842,True
CSIL,2022-02-15,TRENDING_UP,False,True,-1.7752325581395358,-0.9302325581395358,False
CSIL,2025-07-30,TRENDING_UP,False,False,,,False
CSIL,2024-02-16,VOLATILE,False,True,1.965960526315792,3.157894736842108,True
CTM,2025-03-05,RANGING,False,False,,,False
CTM,2025-02-13,RANGING,False,False,,,False
CTM,2025-01-02,TRENDING_UP,False,False,,,False
CTM,2026-01-01,TRENDING_UP,False,True,33.53134216965742,40.29363784665579,True
CTM,2025-02-28,TRENDING_UP,False,True,-3.1120025188916953,-2.267002518891695,False
CTM,2026-05-06,VOLATILE,False,False,,,False
CTM,2026-07-07,TRENDING_UP,False,True,-2.4821077762619383,-1.6371077762619386,False
CTM,2026-02-10,VOLATILE,False,True,-0.845,0.0,False
CWSM,2025-07-08,TRENDING_UP,False,False,,,False
CWSM,2024-12-19,VOLATILE,True,False,,,False
CWSM,2025-09-05,TRENDING_UP,False,False,,,False
CWSM,2025-07-07,TRENDING_UP,False,True,-2.5077078384798166,-1.6627078384798166,False
CWSM,2025-10-14,TRENDING_UP,False,False,,,False
CWSM,2025-01-09,VOLATILE,False,True,9.840583169452625,12.422156669944265,True
CYAN,2025-04-29,VOLATILE,False,False,,,False
CYAN,2022-03-31,RANGING,False,True,-2.622777777777782,-1.777777777777782,False
CYAN,2021-04-26,TRENDING_UP,False,True,-0.6499731838127785,0.19502681618722156,False
CYAN,2021-02-04,TRENDING_UP,False,True,-0.845,0.0,False
CYAN,2022-08-24,RANGING,False,True,-4.403718861209964,-3.558718861209964,False
CYAN,2021-09-21,RANGING,False,True,-4.524012345679017,-3.679012345679017,False
CYAN,2020-11-27,TRENDING_UP,False,True,0.6751926229508197,1.639344262295082,True
CYAN,2022-01-26,RANGING,False,False,,,False
CYAN,2022-11-10,RANGING,False,False,,,False
CYAN,2021-09-21,RANGING,False,True,-4.524012345679017,-3.679012345679017,False
CYAN,2025-02-12,RANGING,False,False,,,False
CYAN,2025-06-17,TRENDING_UP,False,True,-2.405062402496089,-1.560062402496089,False
CYAN,2024-06-21,TRENDING_UP,False,True,-1.7795794392523363,-0.9345794392523363,False
CYAN,2025-12-09,TRENDING_UP,False,False,,,False
CYAN,2024-03-21,TRENDING_UP,False,True,-3.022355502771182,-2.1773555027711824,False
CYAN,2021-01-04,TRENDING_UP,False,True,14.966140629112921,18.45222426954461,True
CYAN,2020-07-30,TRENDING_UP,False,False,,,False
CYAN,2025-12-11,TRENDING_UP,False,True,2.7233695856873803,4.048964218455741,True
CYAN,2025-12-31,TRENDING_UP,False,False,,,False
CYAN,2025-04-14,TRENDING_UP,False,True,-0.135322580645165,0.709677419354835,False
CYAN,2020-11-30,TRENDING_UP,False,False,,,False
DAAG,2021-07-28,RANGING,False,True,-0.845,0.0,False
DAAG,2020-03-30,TRENDING_DOWN,False,True,29.66726401869158,35.74766355140186,True
DAAG,2020-06-10,RANGING,False,False,,,False
DAAG,2020-11-25,VOLATILE,False,False,,,False
DAAG,2025-01-23,TRENDING_UP,False,True,-3.959754098360653,-3.1147540983606534,False
DAAG,2020-06-16,RANGING,False,False,,,False
DAAG,2025-06-20,RANGING,False,True,-4.448603603603604,-3.6036036036036037,False
DAAG,2022-05-17,TRENDING_DOWN,False,False,,,False
DAAG,2021-07-14,RANGING,False,True,-2.4359090909090972,-1.5909090909090973,False
DAAG,2024-11-26,TRENDING_UP,False,False,,,False
DAAG,2026-02-27,VOLATILE,False,True,-8.844999999999995,-7.999999999999995,False
DAAG,2023-12-14,TRENDING_UP,False,False,,,False
DAAG,2020-08-10,TRENDING_UP,False,False,,,False
DAAG,2020-08-12,TRENDING_UP,False,True,-0.9401474785918152,-0.0951474785918153,False
DAAG,2025-12-04,TRENDING_UP,False,False,,,False
DAAG,2020-12-28,TRENDING_UP,False,False,,,False
DADX,2022-11-23,RANGING,False,False,,,False
DADX,2024-09-19,TRENDING_UP,False,True,-2.95850293542074,-2.1135029354207404,False
DADX,2025-09-24,TRENDING_UP,False,False,,,False
DADX,2020-04-30,VOLATILE,False,False,,,False
DADX,2026-01-15,TRENDING_UP,False,False,,,False
DADX,2023-03-10,RANGING,False,True,12.470569167142035,15.516257843696513,True
DADX,2022-06-09,TRENDING_DOWN,False,True,4.531652887478955,6.176356338210534,True
DADX,2021-08-11,RANGING,False,False,,,False
DADX,2026-06-23,TRENDING_UP,False,False,,,False
DADX,2024-05-08,TRENDING_UP,False,True,3.769478310502287,5.279680365296808,True
DADX,2024-12-17,TRENDING_UP,False,False,,,False
DADX,2024-09-25,TRENDING_UP,False,True,-1.8344736842105238,-0.989473684210524,False
DADX,2023-12-05,TRENDING_UP,False,False,,,False
DADX,2022-04-07,RANGING,False,True,-5.682929366231253,-4.837929366231253,False
DADX,2021-11-08,TRENDING_UP,False,True,-0.845,0.0,False
DADX,2020-01-02,TRENDING_UP,False,False,,,False
DADX,2023-02-15,VOLATILE,False,False,,,False
DATM,2023-03-28,TRENDING_DOWN,False,False,,,False
DATM,2023-04-03,TRENDING_DOWN,True,True,-0.5060169491525496,0.3389830508474504,False
DAWH,2024-11-19,TRENDING_UP,False,False,,,False
DAWH,2024-03-29,TRENDING_UP,False,True,6.950515921313332,9.022077554486273,True
DAWH,2024-01-01,TRENDING_UP,False,False,,,False
DBCI,2024-09-16,TRENDING_UP,False,True,-0.6635117967332161,0.1814882032667838,False
DBCI,2025-06-25,TRENDING_UP,False,False,,,False
DBCI,2024-12-05,TRENDING_UP,False,True,-3.9642660550458704,-3.11926605504587,False
DBCI,2025-06-11,TRENDING_UP,False,False,,,False
DBCI,2024-07-01,TRENDING_UP,False,True,11.35175,14.2,True
DBCI,2025-10-28,VOLATILE,False,True,-2.3375373134328434,-1.4925373134328437,False
DBCI,2025-03-26,TRENDING_UP,False,True,-0.845,0.0,False
DBCI,2025-04-16,TRENDING_UP,False,True,-2.227488479262664,-1.382488479262664,False
DCL,2024-09-23,TRENDING_UP,False,True,1.4612371794871815,2.5641025641025665,True
DCL,2025-11-18,VOLATILE,False,False,,,False
DCL,2022-04-08,RANGING,False,False,,,False
DCL,2025-09-26,TRENDING_UP,False,False,,,False
DCL,2024-08-30,TRENDING_UP,False,True,6.365083333333322,8.33333333333332,True
DCL,2023-07-12,TRENDING_UP,False,False,,,False
DCL,2021-08-05,TRENDING_UP,False,False,,,False
DCL,2023-10-13,TRENDING_UP,False,False,,,False
DCL,2022-10-20,RANGING,False,False,,,False
DCL,2021-07-28,RANGING,False,True,-4.637784458834414,-3.792784458834414,False
DCL,2024-07-26,RANGING,False,False,,,False
DCL,2024-05-24,TRENDING_UP,False,False,,,False
DCL,2025-10-17,TRENDING_UP,False,True,-1.690070422535206,-0.8450704225352058,False
DCL,2025-03-11,TRENDING_UP,False,True,-3.476578947368421,-2.631578947368421,False
DCL,2023-10-27,TRENDING_UP,False,False,,,False
DCL,2021-07-14,RANGING,False,True,-0.845,0.0,False
DCL,2025-06-25,TRENDING_UP,False,False,,,False
DCL,2023-10-25,TRENDING_UP,False,True,1.530427248677254,2.645502645502652,True
DCL,2022-02-10,TRENDING_UP,False,True,-2.4843442622950835,-1.6393442622950833,False
DCL,2026-01-19,TRENDING_UP,False,True,-1.6872664624808666,-0.8422664624808668,False
DCL,2024-05-29,TRENDING_UP,False,True,5.474364770459086,7.285429141716572,True
DCL,2020-08-19,TRENDING_UP,False,False,,,False
DCL,2024-06-21,TRENDING_UP,False,False,,,False
DCL,2023-02-08,VOLATILE,False,False,,,False
DCR,2023-09-19,RANGING,False,False,,,False
DCR,2023-03-10,RANGING,False,False,,,False
DCR,2021-04-30,RANGING,False,True,-1.0354761904761864,-0.1904761904761864,False
DCR,2021-02-23,RANGING,False,True,-1.1449999999999936,-0.2999999999999936,False
DCR,2022-10-26,RANGING,False,True,-0.845,0.0,False
DCR,2020-03-06,VOLATILE,False,True,-0.5239727126805847,0.3210272873194153,False
DCR,2023-10-04,TRENDING_UP,False,False,,,False
DCR,2021-01-01,TRENDING_UP,False,False,,,False
DCR,2020-01-20,TRENDING_UP,False,False,,,False
DCR,2026-01-07,TRENDING_UP,False,False,,,False
DCR,2020-09-24,TRENDING_UP,False,True,-0.845,0.0,False
DCR,2020-01-09,TRENDING_UP,False,True,-0.05134920634920914,0.7936507936507908,False
DCR,2024-08-09,RANGING,False,False,,,False
DCR,2020-10-12,VOLATILE,False,False,,,False
DCR,2025-08-28,TRENDING_UP,False,False,,,False
DCR,2020-07-29,TRENDING_UP,False,True,-0.845,0.0,False
DCR,2021-01-15,TRENDING_UP,False,False,,,False
DEL,2024-05-16,TRENDING_UP,False,False,,,False
DEL,2025-09-11,TRENDING_UP,False,True,-5.55088235294118,-4.70588235294118,False
DEL,2025-07-21,TRENDING_UP,False,False,,,False
DEL,2025-03-19,TRENDING_UP,False,True,0.07893640093786723,0.9378663540445497,True
DEL,2024-09-26,TRENDING_UP,False,False,,,False
DEL,2024-05-06,TRENDING_UP,False,True,2.681750000000003,4.0000000000000036,True
DEL,2025-06-24,TRENDING_UP,False,False,,,False
DFML,2021-07-16,RANGING,False,False,,,False
DFML,2024-11-07,TRENDING_UP,False,False,,,False
DFML,2025-03-21,TRENDING_UP,False,True,-4.0006039173014205,-3.1556039173014208,False
DFML,2025-10-02,TRENDING_UP,False,False,,,False
DFML,2022-04-22,RANGING,False,False,,,False
DFML,2020-01-31,RANGING,False,True,-0.2808251057827922,0.5641748942172078,False
DFML,2021-08-31,RANGING,False,False,,,False
DFML,2023-09-13,RANGING,False,False,,,False
DFML,2022-08-11,RANGING,True,False,,,False
DFML,2024-12-04,TRENDING_UP,False,False,,,False
DFML,2024-05-13,TRENDING_UP,False,False,,,False
DFML,2021-01-27,TRENDING_UP,False,False,,,False
DFML,2026-03-24,VOLATILE,False,True,-2.6440074441687402,-1.79900744416874,False
DFML,2025-07-23,TRENDING_UP,False,False,,,False
DFML,2026-07-06,TRENDING_UP,False,True,-3.236410444119075,-2.391410444119075,False
DFML,2025-10-08,TRENDING_UP,False,True,-2.2374870466321233,-1.3924870466321233,False
DFML,2023-08-11,TRENDING_UP,False,False,,,False
DFML,2022-02-18,TRENDING_UP,False,True,-1.368560209424088,-0.5235602094240881,False
DFML,2022-02-11,TRENDING_UP,False,False,,,False
DFML,2026-01-08,TRENDING_UP,False,False,,,False
DFSM,2025-05-15,TRENDING_UP,False,False,,,False
DFSM,2025-01-03,TRENDING_UP,False,False,,,False
DFSM,2026-06-12,TRENDING_UP,False,False,,,False
DFSM,2024-08-28,RANGING,False,True,1.016443877551014,2.0408163265306047,True
DFSM,2026-01-21,TRENDING_UP,False,False,,,False
DFSM,2026-06-22,TRENDING_UP,False,False,,,False
DFSM,2024-04-04,TRENDING_UP,False,False,,,False
DFSM,2024-11-11,TRENDING_UP,False,False,,,False
DFSM,2025-09-10,TRENDING_UP,False,False,,,False
DFSM,2026-03-17,VOLATILE,False,False,,,False
DFSM,2024-05-22,TRENDING_UP,True,False,,,False
DGKC,2021-04-02,VOLATILE,False,False,,,False
DGKC,2024-01-16,VOLATILE,False,False,,,False
DGKC,2023-06-09,RANGING,False,True,-2.3875633212721294,-1.5425633212721295,False
DGKC,2020-12-07,TRENDING_UP,False,False,,,False
DGKC,2024-11-05,TRENDING_UP,False,False,,,False
DGKC,2023-08-08,TRENDING_UP,False,False,,,False
DGKC,2021-07-09,RANGING,False,True,-2.175015445340665,-1.3300154453406652,False
DGKC,2022-08-05,RANGING,False,False,,,False
DGKC,2022-01-28,RANGING,False,False,,,False
DGKC,2022-11-15,RANGING,False,True,-0.845,0.0,False
DGKC,2021-09-27,RANGING,False,True,-2.5993859649122806,-1.7543859649122806,False
DGKC,2025-09-03,TRENDING_UP,False,True,9.579865907464823,12.115430479370382,True
DGKC,2020-09-14,TRENDING_UP,False,False,,,False
DGKC,2025-10-14,TRENDING_UP,False,False,,,False
DGKC,2020-01-28,TRENDING_UP,False,False,,,False
DGKC,2025-06-03,TRENDING_UP,False,False,,,False
DGKC,2023-10-31,TRENDING_UP,False,False,,,False
DGKC,2023-12-15,TRENDING_UP,False,False,,,False
DGKC,2020-02-24,VOLATILE,False,True,-0.9988461538461451,-0.1538461538461451,False
DGKC,2025-03-27,TRENDING_UP,False,True,-2.94862001040661,-2.10362001040661,False
DGKC,2021-01-25,TRENDING_UP,False,False,,,False
DGKC,2025-02-04,VOLATILE,False,False,,,False
DGKC,2025-05-21,TRENDING_UP,False,False,,,False
DHPL,2025-12-24,TRENDING_UP,False,True,-5.0719503546099345,-4.226950354609935,False
DHPL,2025-10-16,TRENDING_UP,False,True,0.12644609429165637,0.9937601109313604,True
DHPL,2025-06-30,TRENDING_UP,False,True,1.139673497267753,2.185792349726768,True
DHPL,2025-11-25,TRENDING_UP,False,False,,,False
DIIL,2025-03-03,RANGING,False,False,,,False
DIIL,2022-12-01,RANGING,False,False,,,False
DIIL,2024-10-16,TRENDING_UP,False,True,1.40675,2.5,True
DIIL,2026-05-13,TRENDING_UP,False,False,,,False
DIIL,2024-10-29,TRENDING_UP,False,True,-0.845,0.0,False
DIIL,2026-02-27,VOLATILE,False,True,5.835861813985293,7.710719781159169,True
DINT,2024-12-18,TRENDING_UP,False,False,,,False
DINT,2024-10-21,TRENDING_UP,False,False,,,False
DINT,2026-03-27,VOLATILE,False,False,,,False
DINT,2024-10-31,TRENDING_UP,False,True,-1.9664953271028065,-1.1214953271028065,False
DLL,2026-03-06,VOLATILE,False,False,,,False
DLL,2025-09-02,TRENDING_UP,False,False,,,False
DLL,2024-04-04,TRENDING_UP,False,False,,,False
DLL,2024-07-10,TRENDING_UP,False,False,,,False
DLL,2025-11-27,TRENDING_UP,False,True,-2.2823703553510724,-1.4373703553510722,False
DLL,2025-04-16,TRENDING_UP,False,True,-0.845,0.0,False
DLL,2024-05-29,TRENDING_UP,False,True,1.4991944689201322,2.6087581987295674,True
DLL,2026-07-06,TRENDING_UP,False,False,,,False
DMC,2025-09-26,TRENDING_UP,False,False,,,False
DMC,2025-06-30,TRENDING_UP,False,False,,,False
DMC,2026-05-15,VOLATILE,False,False,,,False
DMIL,2020-05-28,RANGING,False,True,-0.845,0.0,False
DMTM,2024-08-09,RANGING,False,False,,,False
DMTM,2025-10-13,RANGING,False,False,,,False
DMTM,2025-10-28,VOLATILE,False,True,-3.461822429906536,-2.616822429906536,False
DMTM,2025-07-09,TRENDING_UP,False,False,,,False
DMTX,2025-05-02,VOLATILE,False,True,-0.845,0.0,False
DNCC,2021-04-20,RANGING,False,True,23.699931818181813,28.727272727272723,True
DNCC,2024-11-27,TRENDING_UP,False,False,,,False
DNCC,2025-12-29,TRENDING_UP,False,False,,,False
DNCC,2021-02-18,RANGING,False,True,0.34330218554860803,1.248884924174833,True
DNCC,2025-12-12,TRENDING_UP,False,True,4.784305366269163,6.473594548551957,True
DNCC,2022-01-13,RANGING,False,False,,,False
DNCC,2022-07-15,RANGING,False,True,-0.845,0.0,False
DNCC,2021-07-02,RANGING,False,True,-7.01710682492582,-6.17210682492582,False
DNCC,2025-01-21,TRENDING_UP,False,False,,,False
DNCC,2021-08-05,TRENDING_UP,False,True,-0.845,0.0,False
DNCC,2023-11-01,TRENDING_UP,False,False,,,False
DNCC,2025-11-20,VOLATILE,False,False,,,False
DNCC,2020-08-25,TRENDING_UP,False,False,,,False
DNCC,2024-01-18,VOLATILE,False,True,-0.13071428571428823,0.7142857142857117,False
DNCC,2024-12-17,TRENDING_UP,False,True,-4.548703703703703,-3.7037037037037033,False
DOL,2020-05-07,VOLATILE,False,False,,,False
DOL,2022-04-04,TRENDING_DOWN,False,True,3.827941247974061,5.348460291734189,True
DOL,2021-10-28,RANGING,False,True,12.031749999999986,14.999999999999986,True
DOL,2025-01-20,TRENDING_UP,False,False,,,False
DOL,2026-06-16,TRENDING_UP,False,False,,,False
DOL,2025-09-22,TRENDING_UP,False,False,,,False
DOL,2021-04-30,RANGING,False,True,9.226715348552784,11.69995923359151,True
DOL,2020-02-11,RANGING,False,False,,,False
DOL,2020-06-09,RANGING,False,False,,,False
DOL,2024-02-22,VOLATILE,False,False,,,False
DOL,2021-03-02,RANGING,False,False,,,False
DOL,2021-11-11,TRENDING_UP,False,False,,,False
DOL,2025-10-01,TRENDING_UP,False,True,-1.3096360351058332,-0.46463603510583307,False
DOL,2025-11-25,TRENDING_UP,False,False,,,False
DOL,2025-09-23,TRENDING_UP,False,False,,,False
DOL,2023-07-12,TRENDING_UP,False,False,,,False
DOL,2022-11-04,RANGING,False,False,,,False
DOL,2024-12-19,VOLATILE,False,True,-1.2684026173979963,-0.42340261739799623,False
DOL,2021-05-21,TRENDING_UP,False,False,,,False
DOL,2022-09-02,RANGING,False,True,-4.356111111111107,-3.511111111111107,False
DOL,2024-01-09,VOLATILE,False,False,,,False
DSIL,2024-12-10,TRENDING_UP,False,True,2.0566640893470716,3.2646048109965546,True
DSIL,2025-02-24,RANGING,False,True,1.3477222222222307,2.4305555555555656,True
DSIL,2025-08-11,TRENDING_UP,False,False,,,False
DSIL,2025-11-17,VOLATILE,False,False,,,False
DSIL,2025-09-08,TRENDING_UP,False,True,0.6078030421216801,1.5600624024960943,True
DSIL,2025-10-10,TRENDING_UP,False,True,-0.45889961389960837,0.3861003861003916,False
DSIL,2026-01-29,VOLATILE,False,False,,,False
DSL,2021-08-13,RANGING,False,False,,,False
DSL,2025-11-07,VOLATILE,False,True,-0.845,0.0,False
DSL,2025-05-15,TRENDING_UP,False,False,,,False
DSL,2026-05-18,VOLATILE,False,False,,,False
DSL,2021-01-19,TRENDING_UP,False,True,-4.926632653061218,-4.081632653061218,False
DSL,2022-01-26,RANGING,False,True,4.49914130434783,6.138107416879801,True
DSL,2024-08-06,RANGING,False,True,-0.845,0.0,False
DSL,2022-07-04,TRENDING_DOWN,False,True,-0.06527290448343004,0.7797270955165699,False
DSL,2024-08-20,RANGING,False,False,,,False
DSL,2020-02-18,VOLATILE,False,False,,,False
DSL,2020-05-29,RANGING,False,True,-0.21999999999999942,0.6250000000000006,False
DSL,2023-06-07,RANGING,False,False,,,False
DSL,2023-11-27,TRENDING_UP,False,False,,,False
DSL,2024-07-18,TRENDING_UP,False,True,-5.517897196261683,-4.672897196261683,False
DSL,2024-03-27,TRENDING_UP,False,True,-0.10699261992619857,0.7380073800738014,False
DSL,2024-03-07,TRENDING_UP,False,True,-2.5431132075471674,-1.6981132075471674,False
DSL,2026-01-27,TRENDING_UP,False,False,,,False
DSL,2020-04-10,VOLATILE,False,True,2.4948084192439826,3.780068728522332,True
DSML,2024-12-19,VOLATILE,False,True,18.17514375149058,22.227522060577154,True
DSML,2024-08-15,RANGING,False,False,,,False
DSML,2024-12-04,TRENDING_UP,False,True,6.444671348314607,8.426966292134832,True
DWAE,2025-09-12,TRENDING_UP,False,False,,,False
DWAE,2025-04-16,TRENDING_UP,False,True,-0.2550294985250653,0.5899705014749347,False
DWAE,2024-11-11,TRENDING_UP,False,False,,,False
DWAE,2025-09-24,TRENDING_UP,False,False,,,False
DWAE,2025-06-17,TRENDING_UP,False,False,,,False
DWAE,2024-10-31,TRENDING_UP,False,True,40.22463793103449,48.16810344827587,True
DWSM,2024-11-15,TRENDING_UP,False,False,,,False
DWSM,2026-06-12,TRENDING_UP,False,False,,,False
DWSM,2024-07-26,RANGING,False,True,-4.045000000000003,-3.200000000000003,False
DWSM,2024-06-26,TRENDING_UP,False,False,,,False
DWSM,2025-08-15,TRENDING_UP,False,False,,,False
DWSM,2024-07-08,TRENDING_UP,False,True,2.3102535629453755,3.5629453681710297,True
DWSM,2026-02-03,TRENDING_UP,False,False,,,False
DWSM,2025-12-30,TRENDING_UP,False,False,,,False
DWSM,2026-06-29,TRENDING_UP,False,True,16.3838521021021,20.120120120120117,True
DWSM,2026-01-30,TRENDING_UP,False,True,-1.8295288326301025,-0.9845288326301024,False
DWTM,2024-11-14,TRENDING_UP,False,True,-1.0426284584980194,-0.19762845849801955,False
DWTM,2024-10-30,TRENDING_UP,False,False,,,False
DWTM,2025-01-16,TRENDING_UP,False,True,5.251215648854962,7.022900763358779,True
DWTM,2025-11-20,VOLATILE,False,False,,,False
DWTM,2026-01-26,TRENDING_UP,False,True,1.103178571428576,2.142857142857148,True
DYNO,2023-04-27,RANGING,False,True,3.7165326086956525,5.217391304347826,True
DYNO,2025-02-10,VOLATILE,False,False,,,False
DYNO,2024-06-07,RANGING,False,True,13.0277095959596,16.171717171717177,True
DYNO,2025-01-02,TRENDING_UP,False,False,,,False
DYNO,2021-10-27,VOLATILE,False,True,-5.087553191489361,-4.242553191489361,False
DYNO,2024-03-28,TRENDING_UP,False,True,-2.749761904761908,-1.904761904761908,False
DYNO,2024-09-03,TRENDING_UP,False,False,,,False
DYNO,2020-07-13,RANGING,False,False,,,False
DYNO,2025-06-24,TRENDING_UP,False,True,6.615083333333333,8.627450980392156,True
DYNO,2022-07-28,TRENDING_DOWN,False,True,-0.8976038926880558,-0.05260389268805593,False
DYNO,2023-04-27,RANGING,False,True,3.7165326086956525,5.217391304347826,True
DYNO,2022-06-24,TRENDING_DOWN,False,True,4.988152439024386,6.7134146341463365,True
DYNO,2025-08-01,TRENDING_UP,False,False,,,False
DYNO,2026-04-23,TRENDING_UP,False,True,1.4336487341772168,2.531645569620255,True
DYNO,2024-10-22,TRENDING_UP,False,True,-0.6019866342648897,0.24301336573511026,False
DYNO,2024-05-02,TRENDING_UP,False,False,,,False
DYNO,2020-12-11,TRENDING_UP,False,False,,,False
DYNO,2025-07-29,TRENDING_UP,False,False,,,False
DYNO,2025-12-24,TRENDING_UP,False,False,,,False
DYNO,2025-04-14,TRENDING_UP,False,True,-0.8495869455529521,-0.004586945552952115,False
DYNO,2025-10-20,TRENDING_UP,False,True,-4.75053745928339,-3.9055374592833902,False
DYNO,2025-10-16,TRENDING_UP,False,True,-3.402080533706962,-2.557080533706962,False
DYNO,2026-02-12,VOLATILE,False,False,,,False
DYNO,2024-07-15,TRENDING_UP,False,True,-0.845,0.0,False
ECOP,2020-04-17,VOLATILE,False,False,,,False
ECOP,2020-01-30,RANGING,True,False,,,False
ECOP,2021-06-02,TRENDING_UP,False,False,,,False
ECOP,2022-07-13,VOLATILE,False,False,,,False
ECOP,2025-07-07,TRENDING_UP,False,True,-0.8105053466712605,0.03449465332873944,False
ECOP,2022-02-08,RANGING,False,False,,,False
ECOP,2020-01-21,TRENDING_UP,False,True,-0.845,0.0,False
ECOP,2021-07-05,RANGING,False,False,,,False
ECOP,2023-04-17,TRENDING_DOWN,False,False,,,False
ECOP,2025-06-23,RANGING,False,False,,,False
ECOP,2021-10-21,VOLATILE,False,False,,,False
ECOP,2023-06-06,RANGING,False,False,,,False
ECOP,2025-06-10,TRENDING_UP,False,False,,,False
ECOP,2026-01-23,TRENDING_UP,False,False,,,False
ECOP,2025-12-15,TRENDING_UP,False,False,,,False
ECOP,2022-10-18,RANGING,False,True,-0.845,0.0,False
ECOP,2024-02-28,TRENDING_UP,False,True,3.7554342105263205,5.263157894736848,True
ECOP,2022-10-17,RANGING,False,True,-2.8858163265306125,-2.0408163265306123,False
ECOP,2023-10-18,TRENDING_UP,False,True,-0.4891281138790111,0.35587188612098886,False
ECOP,2023-11-15,TRENDING_UP,False,False,,,False
ECOP,2025-01-31,VOLATILE,False,False,,,False
ECOP,2024-10-28,TRENDING_UP,False,True,-2.8251980198019733,-1.9801980198019733,False
EFERT,2022-10-11,RANGING,False,False,,,False
EFERT,2021-10-25,VOLATILE,False,False,,,False
EFERT,2024-03-08,TRENDING_UP,False,False,,,False
EFERT,2020-02-04,RANGING,False,False,,,False
EFERT,2024-02-27,VOLATILE,False,False,,,False
EFERT,2022-10-07,RANGING,False,False,,,False
EFERT,2023-04-05,TRENDING_DOWN,False,True,-0.9625088131609804,-0.11750881316098039,False
EFERT,2022-07-15,RANGING,False,True,-0.845,0.0,False
EFERT,2023-02-13,VOLATILE,False,False,,,False
EFERT,2020-09-04,TRENDING_UP,False,False,,,False
EFERT,2021-05-21,TRENDING_UP,False,False,,,False
EFERT,2023-10-30,TRENDING_UP,False,True,-1.4164285714285714,-0.5714285714285714,False
EFERT,2023-12-12,TRENDING_UP,False,False,,,False
EFERT,2023-11-24,TRENDING_UP,False,False,,,False
EFERT,2024-01-04,TRENDING_UP,False,False,,,False
EFERT,2025-07-16,TRENDING_UP,False,False,,,False
EFERT,2020-12-24,TRENDING_UP,False,False,,,False
EFERT,2023-10-24,TRENDING_UP,False,True,-3.158917702040352,-2.313917702040352,False
EFERT,2021-01-26,TRENDING_UP,False,False,,,False
EFGH,2024-05-27,TRENDING_UP,False,True,-2.8875531914893635,-2.0425531914893638,False
EFGH,2024-09-16,TRENDING_UP,False,True,36.987604355069,44.359828653022355,True
EFUG,2020-03-06,VOLATILE,False,True,4.373249999999996,5.989999999999995,True
EFUG,2024-03-05,TRENDING_UP,False,True,-0.845,0.0,False
EFUG,2020-02-21,RANGING,False,False,,,False
EFUG,2023-04-12,TRENDING_DOWN,False,False,,,False
EFUG,2022-09-16,TRENDING_DOWN,False,True,-0.845,0.0,False
EFUG,2022-02-09,TRENDING_UP,False,True,1.4399531249999955,2.5390624999999947,True
EFUG,2021-05-28,TRENDING_UP,False,True,-0.40831877729257643,0.43668122270742354,False
EFUG,2020-10-27,TRENDING_UP,False,True,-0.845,0.0,False
EFUG,2024-09-18,TRENDING_UP,False,True,0.7035057251908349,1.6726537943421587,True
EFUG,2025-08-06,TRENDING_UP,False,False,,,False
EFUL,2025-04-29,VOLATILE,False,True,-3.6227777777777774,-2.7777777777777777,False
EFUL,2025-12-11,TRENDING_UP,False,False,,,False
EFUL,2023-12-14,TRENDING_UP,False,False,,,False
EFUL,2021-10-27,VOLATILE,False,False,,,False
EFUL,2022-08-03,RANGING,False,False,,,False
EFUL,2021-07-12,RANGING,False,True,-0.9745336787564767,-0.1295336787564767,False
EFUL,2025-06-18,RANGING,False,True,-0.845,0.0,False
EFUL,2021-06-29,RANGING,False,True,-0.8949750124937502,-0.04997501249375028,False
EFUL,2022-06-24,TRENDING_DOWN,False,False,,,False
EFUL,2022-07-05,TRENDING_DOWN,False,True,-0.8499502499876198,-0.004950249987619873,False
EFUL,2020-06-10,RANGING,False,False,,,False
EFUL,2022-06-22,RANGING,False,True,-0.845,0.0,False
EFUL,2022-04-28,RANGING,False,False,,,False
EFUL,2023-07-19,TRENDING_UP,False,False,,,False
EFUL,2020-12-23,TRENDING_UP,False,False,,,False
EFUL,2020-08-10,TRENDING_UP,False,True,-0.845,0.0,False
EFUL,2020-01-08,TRENDING_UP,False,False,,,False
EFUL,2024-09-04,TRENDING_UP,False,True,-0.7911110113166856,0.053888988683314425,False
EFUL,2020-10-26,TRENDING_UP,False,True,0.10517388518709006,0.9687339825730471,True
EFUL,2026-06-01,TRENDING_UP,False,False,,,False
ELCM,2025-11-06,VOLATILE,False,True,-0.2800601660923111,0.5649398339076889,False
ELCM,2025-02-18,RANGING,False,True,-2.6307142857142853,-1.7857142857142856,False
ELCM,2025-10-16,TRENDING_UP,False,True,-0.845,0.0,False
ELCM,2025-07-28,TRENDING_UP,False,True,-0.06980620155038753,0.7751937984496124,False
ELCM,2026-04-23,TRENDING_UP,False,False,,,False
ELCM,2025-05-06,VOLATILE,False,True,-0.845,0.0,False
ELCM,2024-12-17,TRENDING_UP,False,True,-0.9781557922769565,-0.13315579227695648,False
ELSM,2024-10-21,TRENDING_UP,False,False,,,False
ELSM,2024-06-04,TRENDING_UP,False,True,-0.8566686114352452,-0.011668611435245176,False
ELSM,2024-11-11,TRENDING_UP,False,True,7.038918866636332,9.126081019572156,True
ELSM,2024-11-25,TRENDING_UP,False,True,4.707281914893614,6.382978723404252,True
ELSM,2025-10-21,TRENDING_UP,False,True,-0.845,0.0,False
ELSM,2024-11-18,TRENDING_UP,False,False,,,False
ELSM,2026-01-13,TRENDING_UP,False,True,-3.094999999999996,-2.2499999999999964,False
EMCO,2023-05-09,RANGING,False,True,3.5657500000000053,5.040000000000006,True
EMCO,2026-01-09,TRENDING_UP,False,False,,,False
EMCO,2020-12-22,TRENDING_UP,False,True,-0.845,0.0,False
EMCO,2026-06-24,TRENDING_UP,False,True,-1.8551010101010101,-1.0101010101010102,False
EMCO,2022-10-10,RANGING,False,True,-0.845,0.0,False
EMCO,2026-05-19,VOLATILE,False,False,,,False
EMCO,2021-10-04,RANGING,False,False,,,False
EMCO,2026-05-13,TRENDING_UP,False,False,,,False
EMCO,2024-12-24,TRENDING_UP,False,True,-1.7666589861751065,-0.9216589861751066,False
EMCO,2020-11-05,TRENDING_UP,False,False,,,False
EMCO,2024-05-07,TRENDING_UP,False,True,-0.845,0.0,False
EMCO,2021-01-19,TRENDING_UP,False,True,-0.845,0.0,False
EMCO,2026-04-28,TRENDING_UP,False,True,-7.067222222222216,-6.222222222222216,False
EMCO,2021-10-25,VOLATILE,False,False,,,False
EMCO,2021-07-26,RANGING,False,True,-0.845,0.0,False
ENGRO,2021-04-08,VOLATILE,False,True,-3.380396773131376,-2.5353967731313762,False
ENGRO,2022-01-18,RANGING,False,True,-2.098633720930229,-1.2536337209302286,False
ENGRO,2020-03-11,VOLATILE,False,True,-5.861722408026756,-5.016722408026756,False
ENGRO,2023-05-24,RANGING,False,False,,,False
ENGRO,2023-06-12,RANGING,False,False,,,False
ENGRO,2023-03-08,RANGING,False,False,,,False
ENGRO,2022-08-01,TRENDING_DOWN,False,True,1.7757730384698978,2.9341447511410563,True
ENGRO,2020-11-19,VOLATILE,False,False,,,False
ENGRO,2022-08-05,RANGING,False,False,,,False
ENGRO,2023-10-31,TRENDING_UP,False,False,,,False
ENGRO,2020-12-04,TRENDING_UP,False,True,-1.0958168047259136,-0.25081680472591367,False
ENGRO,2020-08-21,TRENDING_UP,False,False,,,False
ENGRO,2021-01-28,TRENDING_UP,False,True,0.965027962347741,1.9803270145267542,True
ENGRO,2023-08-11,TRENDING_UP,False,False,,,False
ENGRO,2020-12-01,TRENDING_UP,False,True,-0.2772789943227899,0.5677210056772101,False
ENGRO,2020-09-07,TRENDING_UP,False,True,-1.1749785513941593,-0.3299785513941594,False
ENGROH,2026-04-23,TRENDING_UP,False,True,-0.845,0.0,False
ENGROH,2025-07-29,TRENDING_UP,False,True,-2.0061374407582884,-1.1611374407582884,False
ENGROH,2025-10-09,TRENDING_UP,False,True,-2.285329218106996,-1.440329218106996,False
ENGROH,2025-09-18,TRENDING_UP,False,False,,,False
ENGROH,2026-03-25,VOLATILE,False,True,-4.853528784648178,-4.0085287846481785,False
ENGROH,2025-12-30,TRENDING_UP,False,False,,,False
EPCL,2021-03-18,VOLATILE,False,False,,,False
EPCL,2023-09-08,RANGING,False,False,,,False
EPCL,2023-12-12,TRENDING_UP,False,False,,,False
EPCL,2023-08-23,RANGING,False,False,,,False
EPCL,2022-01-21,RANGING,False,False,,,False
EPCL,2020-04-23,VOLATILE,False,True,-2.110822784810119,-1.265822784810119,False
EPCL,2023-05-12,RANGING,False,False,,,False
EPCL,2020-05-20,RANGING,False,False,,,False
EPCL,2022-12-22,TRENDING_DOWN,False,False,,,False
EPCL,2020-06-03,RANGING,False,True,-2.4033428354237936,-1.5583428354237938,False
EPCL,2021-06-10,TRENDING_UP,False,False,,,False
EPCL,2024-11-13,TRENDING_UP,False,False,,,False
EPCL,2026-02-02,TRENDING_UP,False,False,,,False
EPCL,2024-03-12,TRENDING_UP,False,True,-1.3935714285714331,-0.5485714285714332,False
EPCL,2020-12-24,TRENDING_UP,False,False,,,False
EPCL,2021-07-23,RANGING,False,False,,,False
EPCL,2025-12-18,TRENDING_UP,False,False,,,False
EPCL,2025-05-27,TRENDING_UP,False,True,-0.9402380952380989,-0.09523809523809885,False
EPCL,2020-04-20,VOLATILE,False,True,-4.036862504384427,-3.1918625043844266,False
EPCL,2021-10-27,VOLATILE,False,False,,,False
EPCLPS,2024-10-14,TRENDING_UP,False,True,-0.845,0.0,False
EPCLPS,2024-07-09,TRENDING_UP,False,False,,,False
EPQL,2023-09-08,RANGING,False,False,,,False
EPQL,2024-11-19,TRENDING_UP,False,False,,,False
EPQL,2022-03-03,TRENDING_DOWN,False,False,,,False
EPQL,2022-12-01,RANGING,False,True,-0.6956412301087092,0.14935876989129085,False
EPQL,2022-01-20,RANGING,False,True,1.5763897032850573,2.699576121511832,True
EPQL,2020-06-17,RANGING,False,True,-1.3888394012520608,-0.5438394012520608,False
EPQL,2022-06-10,TRENDING_DOWN,False,True,-2.320180775645034,-1.4751807756450341,False
EPQL,2022-03-04,TRENDING_DOWN,False,True,-1.5904955898995685,-0.7454955898995684,False
EPQL,2022-03-17,TRENDING_DOWN,False,False,,,False
EPQL,2024-02-01,RANGING,False,True,0.11732993313408953,0.98303521545187,True
EPQL,2025-04-16,TRENDING_UP,False,True,-1.3307541759002448,-0.48575417590024483,False
EPQL,2020-10-01,RANGING,False,True,-0.8958946748098229,-0.05089467480982291,False
EPQL,2025-10-02,TRENDING_UP,False,True,-0.845,0.0,False
EPQL,2024-10-09,TRENDING_UP,False,False,,,False
EPQL,2025-11-10,TRENDING_UP,False,True,-1.2559589041095924,-0.41095890410959246,False
EPQL,2025-06-17,TRENDING_UP,False,False,,,False
ESBL,2024-10-28,TRENDING_UP,False,False,,,False
ESBL,2025-04-16,TRENDING_UP,False,False,,,False
ESBL,2025-04-14,TRENDING_UP,False,True,5.331572064056932,7.11743772241992,True
ESBL,2025-09-02,TRENDING_UP,False,False,,,False
ESBL,2024-09-09,TRENDING_UP,False,False,,,False
ESBL,2024-10-24,TRENDING_UP,True,True,-0.845,0.0,False
ESBL,2024-09-04,TRENDING_UP,True,False,,,False
ESBL,2025-04-23,VOLATILE,False,True,-5.6934848484848395,-4.84848484848484,False
EWIC,2021-02-09,TRENDING_UP,False,False,,,False
EWIC,2020-08-05,TRENDING_UP,False,True,-0.845,0.0,False
EWIC,2026-05-15,VOLATILE,False,False,,,False
EXIDE,2020-03-17,VOLATILE,False,True,-0.855834236186339,-0.010834236186339009,False
EXIDE,2024-06-07,RANGING,False,False,,,False
EXIDE,2020-01-03,TRENDING_UP,False,True,-3.641111844473783,-2.7961118444737827,False
EXIDE,2025-07-30,TRENDING_UP,False,True,-0.845,0.0,False
EXIDE,2023-10-25,TRENDING_UP,False,False,,,False
EXIDE,2024-09-04,TRENDING_UP,False,True,-0.9600847936073595,-0.11508479360735951,False
EXIDE,2023-08-03,TRENDING_UP,False,False,,,False
EXIDE,2022-05-10,RANGING,False,False,,,False
EXIDE,2022-06-09,TRENDING_DOWN,False,False,,,False
EXIDE,2022-08-22,RANGING,False,False,,,False
EXIDE,2022-05-30,TRENDING_DOWN,False,True,3.777342556317339,5.288932419196869,True
EXIDE,2022-08-25,RANGING,False,True,4.574202830188679,6.226415094339623,True
EXIDE,2023-08-22,RANGING,False,False,,,False
EXIDE,2024-04-04,TRENDING_UP,False,True,2.096319536423841,3.3112582781456954,True
EXIDE,2023-12-01,TRENDING_UP,False,False,,,False
EXIDE,2020-12-31,TRENDING_UP,False,True,-0.845,0.0,False
EXIDE,2021-10-20,VOLATILE,False,False,,,False
EXIDE,2020-12-24,TRENDING_UP,False,False,,,False
EXIDE,2021-05-17,TRENDING_UP,False,True,-1.1299002849002848,-0.2849002849002849,False
EXIDE,2026-04-13,VOLATILE,False,True,36.00012708830549,43.198090692124104,True
FABL,2020-07-02,RANGING,False,True,0.5226259124087659,1.4598540145985481,True
FABL,2024-05-21,TRENDING_UP,False,False,,,False
FABL,2025-09-11,TRENDING_UP,False,False,,,False
FABL,2025-02-12,RANGING,False,False,,,False
FABL,2021-02-23,RANGING,False,False,,,False
FABL,2021-03-04,RANGING,False,False,,,False
FABL,2021-12-31,RANGING,False,False,,,False
FABL,2022-07-18,TRENDING_DOWN,False,False,,,False
FABL,2025-02-17,RANGING,False,False,,,False
FABL,2021-06-30,RANGING,False,False,,,False
FABL,2021-01-27,TRENDING_UP,False,False,,,False
FABL,2022-02-09,TRENDING_UP,False,False,,,False
FABL,2025-10-22,TRENDING_UP,False,False,,,False
FABL,2020-01-28,TRENDING_UP,False,False,,,False
FABL,2023-12-05,TRENDING_UP,False,True,11.560186845778079,14.445219818562446,True
FABL,2020-12-11,TRENDING_UP,False,False,,,False
FABL,2021-01-20,TRENDING_UP,False,False,,,False
FABL,2026-01-01,TRENDING_UP,False,False,,,False
FABL,2020-01-02,TRENDING_UP,False,False,,,False
FABL,2023-10-09,TRENDING_UP,False,False,,,False
FABL,2025-12-31,TRENDING_UP,False,False,,,False
FABL,2024-11-12,TRENDING_UP,False,False,,,False
FABL,2020-03-17,VOLATILE,False,False,,,False
FABL,2024-05-06,TRENDING_UP,False,True,-1.7909459459459498,-0.9459459459459498,False
FANM,2026-06-29,TRENDING_UP,False,False,,,False
FANM,2025-05-21,TRENDING_UP,False,False,,,False
FANM,2025-07-31,TRENDING_UP,False,False,,,False
FANM,2025-07-31,TRENDING_UP,False,False,,,False
FANM,2026-03-13,VOLATILE,False,True,-0.845,0.0,False
FANM,2024-10-21,TRENDING_UP,False,False,,,False
FASM,2026-03-30,VOLATILE,False,False,,,False
FASM,2025-10-13,RANGING,False,False,,,False
FASM,2023-07-25,TRENDING_UP,False,True,-0.845,0.0,False
FASM,2024-07-25,RANGING,False,True,-0.8490320954800172,-0.0040320954800173,False
FASM,2024-07-23,RANGING,False,False,,,False
FASM,2023-08-23,RANGING,False,True,-0.845,0.0,False
FASM,2024-07-24,TRENDING_UP,False,True,-0.845,0.0,False
FASM,2024-11-08,TRENDING_UP,False,True,0.5000253202228544,1.4332650826151228,True
FASM,2025-12-09,TRENDING_UP,False,True,-1.2352545772849928,-0.39025457728499274,False
FASM,2023-08-10,TRENDING_UP,False,True,-0.845,0.0,False
FASM,2026-03-27,VOLATILE,False,True,-1.1543922651933713,-0.30939226519337143,False
FATIMA,2026-04-01,VOLATILE,False,True,-1.9570000000000005,-1.1120000000000005,False
FATIMA,2025-03-07,TRENDING_UP,False,False,,,False
FATIMA,2023-11-01,TRENDING_UP,False,False,,,False
FATIMA,2024-09-30,TRENDING_UP,False,True,2.279231108312345,3.526448362720406,True
FATIMA,2020-06-11,RANGING,False,True,-0.8815497076023319,-0.03654970760233191,False
FATIMA,2026-01-15,TRENDING_UP,False,True,9.456764503964413,11.970605298781663,True
FATIMA,2022-05-19,TRENDING_DOWN,False,False,,,False
FATIMA,2020-04-06,TRENDING_DOWN,False,False,,,False
FATIMA,2023-06-01,RANGING,False,True,-1.206010830324902,-0.36101083032490205,False
FATIMA,2025-01-02,TRENDING_UP,False,True,3.17785389610389,4.583651642475164,True
FATIMA,2025-01-14,VOLATILE,False,False,,,False
FATIMA,2020-08-21,TRENDING_UP,False,True,-1.7592857142857081,-0.9142857142857083,False
FATIMA,2025-06-17,TRENDING_UP,False,True,-3.1797177012010307,-2.3347177012010305,False
FATIMA,2024-12-12,TRENDING_UP,False,False,,,False
FATIMA,2023-05-31,RANGING,False,False,,,False
FATIMA,2025-09-05,TRENDING_UP,False,False,,,False
FATIMA,2021-06-09,TRENDING_UP,False,False,,,False
FATIMA,2021-06-08,TRENDING_UP,False,True,0.8652297891036942,1.8629173989455226,True
FATIMA,2026-01-08,TRENDING_UP,False,False,,,False
FATIMA,2024-09-03,TRENDING_UP,False,True,-1.3438488104374482,-0.4988488104374482,False
FATIMA,2023-01-31,VOLATILE,False,True,-2.202466063348422,-1.3574660633484217,False
FATIMA,2023-08-03,TRENDING_UP,False,False,,,False
FCCL,2025-01-28,VOLATILE,False,True,-3.442402597402597,-2.5974025974025974,False
FCCL,2023-05-10,RANGING,False,False,,,False
FCCL,2020-01-02,TRENDING_UP,False,False,,,False
FCCL,2024-09-20,TRENDING_UP,False,True,-4.198293413173651,-3.3532934131736516,False
FCCL,2025-10-13,RANGING,False,False,,,False
FCCL,2021-09-01,RANGING,False,False,,,False
FCCL,2021-09-01,RANGING,False,False,,,False
FCCL,2024-02-01,RANGING,False,False,,,False
FCCL,2020-03-16,VOLATILE,False,True,-1.2343575600259604,-0.3893575600259604,False
FCCL,2022-01-18,RANGING,False,False,,,False
FCCL,2024-04-30,TRENDING_UP,False,False,,,False
FCCL,2025-08-12,TRENDING_UP,False,False,,,False
FCCL,2020-12-23,TRENDING_UP,False,True,1.3470191757980057,2.4297284421153007,True
FCCL,2024-03-29,TRENDING_UP,False,True,-3.906224489795913,-3.0612244897959133,False
FCCL,2021-01-15,TRENDING_UP,False,False,,,False
FCCL,2025-11-19,VOLATILE,False,False,,,False
FCCL,2024-12-10,TRENDING_UP,False,False,,,False
FCEL,2025-07-22,TRENDING_UP,False,False,,,False
FCEL,2025-05-30,TRENDING_UP,False,True,-0.845,0.0,False
FCEL,2024-10-18,TRENDING_UP,False,True,-0.845,0.0,False
FCEL,2026-05-06,VOLATILE,False,False,,,False
FCEPL,2025-01-28,VOLATILE,False,False,,,False
FCEPL,2021-09-30,RANGING,False,True,2.8226789731305986,4.165798791918351,True
FCEPL,2022-01-28,RANGING,False,False,,,False
FCEPL,2025-06-03,TRENDING_UP,False,False,,,False
FCEPL,2025-05-26,TRENDING_UP,False,True,-1.5394444444444444,-0.6944444444444444,False
FCEPL,2022-04-11,RANGING,False,True,-0.8815630712979904,-0.03656307129799041,False
FCEPL,2023-10-02,TRENDING_UP,False,True,8.332176265191361,10.647560311989837,True
FCEPL,2022-12-06,RANGING,False,False,,,False
FCEPL,2022-12-05,RANGING,False,True,0.5856214390065706,1.5339663988312595,True
FCEPL,2022-10-26,RANGING,False,False,,,False
FCEPL,2020-06-24,RANGING,False,True,2.8732992957746477,4.225352112676056,True
FCEPL,2022-04-18,RANGING,False,False,,,False
FCEPL,2024-11-27,TRENDING_UP,False,False,,,False
FCEPL,2026-04-22,TRENDING_UP,False,True,-1.9732051282051224,-1.1282051282051224,False
FCEPL,2024-08-30,TRENDING_UP,False,False,,,False
FCEPL,2023-11-10,TRENDING_UP,False,False,,,False
FCEPL,2024-09-30,TRENDING_UP,False,False,,,False
FCEPL,2021-03-25,TRENDING_UP,False,True,-1.4013282336578659,-0.556328233657866,False
FCEPL,2020-10-28,TRENDING_UP,False,True,-4.416428571428571,-3.571428571428571,False
FCEPL,2025-03-12,TRENDING_UP,False,False,,,False
FCEPL,2026-06-29,TRENDING_UP,False,False,,,False
FCEPL,2025-09-29,TRENDING_UP,False,False,,,False
FCEPL,2024-02-14,VOLATILE,False,False,,,False
FCIBL,2024-04-01,TRENDING_UP,False,True,-0.845,0.0,False
FCIBL,2026-07-06,TRENDING_UP,False,False,,,False
FCIBL,2025-03-24,TRENDING_UP,False,True,-0.845,0.0,False
FCIBL,2024-11-19,TRENDING_UP,False,False,,,False
FCIBL,2026-04-24,TRENDING_UP,False,True,-8.844999999999992,-7.999999999999992,False
FCIBL,2025-10-21,TRENDING_UP,False,False,,,False
FCIBL,2025-11-10,TRENDING_UP,False,True,-5.914444444444447,-5.069444444444447,False
FCIBL,2024-11-08,TRENDING_UP,False,False,,,False
FCIBL,2026-05-22,VOLATILE,False,False,,,False
FCIBL,2025-11-19,VOLATILE,False,True,22.011379629629626,26.740740740740737,True
FCL,2025-07-08,TRENDING_UP,False,False,,,False
FCL,2025-10-23,TRENDING_UP,False,False,,,False
FCL,2025-09-09,TRENDING_UP,False,False,,,False
FCL,2025-04-23,VOLATILE,False,True,-2.9111157024793393,-2.066115702479339,False
FCL,2025-10-24,VOLATILE,False,False,,,False
FCL,2025-02-27,TRENDING_UP,False,False,,,False
FCSC,2025-10-13,RANGING,False,False,,,False
FCSC,2025-09-03,TRENDING_UP,False,False,,,False
FCSC,2024-11-14,TRENDING_UP,False,False,,,False
FCSC,2025-09-15,TRENDING_UP,False,False,,,False
FCSC,2025-09-18,TRENDING_UP,False,True,-6.299545454545459,-5.4545454545454595,False
FCSC,2024-12-03,TRENDING_UP,False,False,,,False
FCSC,2025-05-09,VOLATILE,False,False,,,False
FDIBL,2024-03-19,TRENDING_UP,False,False,,,False
FDIBL,2024-03-08,TRENDING_UP,False,False,,,False
FDPL,2024-07-02,TRENDING_UP,False,False,,,False
FDPL,2025-09-23,TRENDING_UP,False,True,-0.845,0.0,False
FDPL,2025-07-08,TRENDING_UP,False,True,1.5648078512396677,2.6859504132231384,True
FDPL,2025-04-18,TRENDING_UP,True,False,,,False
FDPL,2025-09-25,TRENDING_UP,False,False,,,False
FDPL,2026-04-21,VOLATILE,False,True,-5.699368932038834,-4.854368932038835,False
FDPL,2024-11-18,TRENDING_UP,False,False,,,False
FECM,2025-03-10,TRENDING_UP,False,False,,,False
FECM,2024-09-19,TRENDING_UP,False,True,49.24358206106871,58.77862595419848,True
FECM,2025-02-12,RANGING,False,True,2.6918540118870675,4.011887072808315,True
FECM,2025-01-21,TRENDING_UP,False,True,-7.387056074766354,-6.5420560747663545,False
FECM,2024-12-10,TRENDING_UP,False,True,-0.845,0.0,False
FECM,2025-09-24,TRENDING_UP,False,False,,,False
FECM,2025-01-24,TRENDING_UP,False,False,,,False
FECM,2025-04-15,TRENDING_UP,False,True,-8.845000000000004,-8.000000000000004,False
FECM,2025-03-19,TRENDING_UP,False,False,,,False
FECTC,2020-11-19,VOLATILE,False,True,11.08508019164311,13.886270813697777,True
FECTC,2020-05-04,VOLATILE,False,True,-2.322832512315263,-1.4778325123152634,False
FECTC,2023-08-23,RANGING,False,False,,,False
FECTC,2020-09-24,TRENDING_UP,False,False,,,False
FECTC,2023-11-08,TRENDING_UP,False,False,,,False
FECTC,2025-03-19,TRENDING_UP,False,False,,,False
FECTC,2020-12-22,TRENDING_UP,False,True,0.5571251103265616,1.5004413062665432,True
FECTC,2022-11-25,RANGING,False,True,1.760916666666664,2.9166666666666634,True
FECTC,2022-12-13,TRENDING_DOWN,False,True,-1.921371091747826,-1.076371091747826,False
FECTC,2022-12-05,RANGING,False,True,-3.6036206896551786,-2.758620689655179,False
FECTC,2021-08-20,RANGING,False,False,,,False
FECTC,2020-01-17,TRENDING_UP,False,True,-1.0619197396963154,-0.21691973969631545,False
FECTC,2025-12-16,TRENDING_UP,False,True,2.7718162251655567,4.105960264900655,True
FECTC,2023-11-13,TRENDING_UP,False,True,-0.845,0.0,False
FECTC,2023-06-16,RANGING,False,True,-0.845,0.0,False
FECTC,2021-05-20,TRENDING_UP,False,False,,,False
FECTC,2021-01-19,TRENDING_UP,False,True,-1.7133068017366055,-0.8683068017366056,False
FECTC,2025-08-05,TRENDING_UP,False,False,,,False
FECTC,2026-02-02,TRENDING_UP,False,False,,,False
FECTC,2026-03-10,VOLATILE,False,False,,,False
FECTC,2025-07-14,TRENDING_UP,False,False,,,False
FEM,2024-10-25,TRENDING_UP,False,True,-0.845,0.0,False
FEM,2026-04-28,TRENDING_UP,False,True,-1.218599003735982,-0.3735990037359821,False
FEM,2025-09-04,TRENDING_UP,False,False,,,False
FEM,2024-09-16,TRENDING_UP,False,True,-0.5116666666666737,0.33333333333332626,False
FEM,2024-07-18,TRENDING_UP,False,False,,,False
FEM,2026-01-20,TRENDING_UP,False,True,-5.192826086956521,-4.3478260869565215,False
FEM,2024-11-11,TRENDING_UP,False,True,-0.845,0.0,False
FEM,2026-03-26,VOLATILE,False,True,-8.844999999999995,-7.999999999999995,False
FEM,2024-08-26,TRENDING_UP,True,False,,,False
FEM,2024-11-13,TRENDING_UP,False,True,-0.845,0.0,False
FEM,2024-11-14,TRENDING_UP,False,False,,,False
FEROZ,2021-03-24,VOLATILE,False,False,,,False
FEROZ,2025-04-30,VOLATILE,False,False,,,False
FEROZ,2024-07-26,RANGING,False,False,,,False
FEROZ,2025-12-24,TRENDING_UP,False,False,,,False
FEROZ,2025-06-12,TRENDING_UP,False,True,-0.04125816510308622,0.8037418348969138,False
FEROZ,2021-06-28,RANGING,False,True,1.2609651162790674,2.3284883720930205,True
FEROZ,2026-04-21,VOLATILE,False,True,-2.661171049397883,-1.816171049397883,False
FEROZ,2022-08-26,RANGING,False,True,-1.0726119402985126,-0.22761194029851253,False
FEROZ,2022-08-30,RANGING,False,False,,,False
FEROZ,2025-05-12,VOLATILE,False,False,,,False
FEROZ,2023-05-16,RANGING,False,False,,,False
FEROZ,2026-05-07,TRENDING_UP,False,False,,,False
FEROZ,2024-10-21,TRENDING_UP,False,True,2.8391049735993494,4.1851234983521755,True
FEROZ,2022-10-27,RANGING,False,False,,,False
FEROZ,2025-06-17,TRENDING_UP,False,False,,,False
FEROZ,2022-02-15,TRENDING_UP,False,True,-2.24617994100295,-1.4011799410029497,False
FEROZ,2021-09-17,RANGING,False,False,,,False
FEROZ,2024-12-02,TRENDING_UP,False,False,,,False
FEROZ,2020-06-17,RANGING,False,False,,,False
FEROZ,2023-10-17,TRENDING_UP,False,True,6.5632095541593705,8.566423004893377,True
FEROZ,2025-04-22,TRENDING_UP,False,True,-3.1064541182613263,-2.261454118261326,False
FEROZ,2026-06-16,TRENDING_UP,False,True,-1.8087672319141261,-0.963767231914126,False
FEROZ,2024-01-15,VOLATILE,False,True,-0.8496507301646448,-0.004650730164644836,False
FFBL,2022-02-10,TRENDING_UP,False,False,,,False
FFBL,2021-03-10,VOLATILE,False,True,7.925817796610167,10.169491525423727,True
FFBL,2022-11-29,RANGING,False,True,-2.4332352941176447,-1.5882352941176445,False
FFBL,2023-11-03,TRENDING_UP,False,False,,,False
FFBL,2020-01-14,TRENDING_UP,False,True,4.581001870324189,6.234413965087281,True
FFBL,2023-10-30,TRENDING_UP,False,True,10.494515957446817,13.19148936170214,True
FFBL,2022-01-06,RANGING,False,True,4.49957178217822,6.138613861386141,True
FFBL,2022-12-08,RANGING,False,False,,,False
FFBL,2023-08-22,RANGING,False,False,,,False
FFBL,2024-07-31,RANGING,False,False,,,False
FFBL,2024-01-02,TRENDING_UP,False,False,,,False
FFBL,2021-06-23,TRENDING_UP,False,False,,,False
FFBL,2023-07-26,TRENDING_UP,False,True,-2.1925177304964505,-1.3475177304964505,False
FFBL,2020-12-08,TRENDING_UP,False,False,,,False
FFC,2026-01-26,TRENDING_UP,False,True,0.0015033326174637262,0.8467686266087808,True
FFC,2026-02-27,VOLATILE,False,True,4.009099499336474,5.5615876462782055,True
FFC,2023-09-13,RANGING,False,False,,,False
FFC,2023-10-09,TRENDING_UP,False,True,4.363512316425368,5.978543901676903,True
FFC,2021-09-29,RANGING,False,False,,,False
FFC,2023-09-14,RANGING,False,False,,,False
FFC,2022-08-31,RANGING,False,True,-1.3257692307692308,-0.4807692307692308,False
FFC,2023-03-08,RANGING,False,False,,,False
FFC,2023-02-21,VOLATILE,False,False,,,False
FFC,2024-04-02,TRENDING_UP,False,False,,,False
FFC,2024-12-11,TRENDING_UP,False,False,,,False
FFC,2025-08-29,TRENDING_UP,False,True,1.7299066820276499,2.880184331797235,True
FFC,2023-10-18,TRENDING_UP,False,False,,,False
FFC,2025-08-27,TRENDING_UP,False,True,-1.8563636363636338,-1.0113636363636338,False
FFC,2021-11-08,TRENDING_UP,False,False,,,False
FFC,2024-01-02,TRENDING_UP,False,False,,,False
FFC,2026-01-02,TRENDING_UP,False,True,-0.15865474652212042,0.6863452534778796,False
FFC,2026-04-16,VOLATILE,False,False,,,False
FFC,2026-01-13,TRENDING_UP,False,True,-2.0378934010152205,-1.1928934010152208,False
FFC,2021-03-30,VOLATILE,False,False,,,False
FFC,2025-09-26,TRENDING_UP,False,False,,,False
FFL,2026-04-03,VOLATILE,False,False,,,False
FFL,2025-04-07,RANGING,False,False,,,False
FFL,2020-01-20,TRENDING_UP,False,False,,,False
FFL,2025-06-25,TRENDING_UP,False,False,,,False
FFL,2026-07-07,TRENDING_UP,False,True,-3.6539887640449438,-2.8089887640449436,False
FFL,2023-05-16,RANGING,False,False,,,False
FFL,2021-07-23,RANGING,False,False,,,False
FFL,2023-05-15,RANGING,False,False,,,False
FFL,2020-07-15,RANGING,False,True,-1.7029599618684448,-0.8579599618684448,False
FFL,2024-05-23,TRENDING_UP,False,False,,,False
FFL,2022-11-04,RANGING,False,False,,,False
FFL,2024-05-02,TRENDING_UP,False,False,,,False
FFL,2025-04-10,TRENDING_UP,False,True,2.626012295081965,3.9344262295081944,True
FFL,2021-11-19,TRENDING_UP,False,True,-3.2717782426778177,-2.4267782426778175,False
FFL,2024-11-13,TRENDING_UP,False,True,9.7497302955665,12.31527093596059,True
FFL,2024-12-30,TRENDING_UP,False,True,2.926014194669748,4.287369640787939,True
FFL,2024-12-13,TRENDING_UP,False,False,,,False
FFL,2023-08-11,TRENDING_UP,False,False,,,False
FFL,2021-03-22,VOLATILE,False,True,-1.6083587786259606,-0.7633587786259605,False
FFLM,2024-11-22,TRENDING_UP,False,False,,,False
FFLM,2025-05-21,TRENDING_UP,False,False,,,False
FFLM,2026-02-25,VOLATILE,False,False,,,False
FFLM,2025-01-24,TRENDING_UP,False,True,-0.3925113122171841,0.45248868778281587,False
FHAM,2024-12-23,TRENDING_UP,False,True,-0.845,0.0,False
FHAM,2024-07-29,RANGING,False,True,-1.0797417840375536,-0.2347417840375537,False
FHAM,2024-08-29,TRENDING_UP,False,False,,,False
FHAM,2026-02-25,VOLATILE,False,False,,,False
FHAM,2025-12-09,TRENDING_UP,False,True,-1.1348550724637723,-0.28985507246377223,False
FHAM,2024-10-09,TRENDING_UP,False,True,-0.845,0.0,False
FHAM,2026-01-05,TRENDING_UP,False,False,,,False
FHAM,2025-06-10,TRENDING_UP,False,True,-0.5215249537892778,0.3234750462107222,False
FIBLM,2024-07-23,RANGING,False,False,,,False
FIBLM,2025-01-06,TRENDING_UP,False,True,2.5058879310344793,3.7931034482758577,True
FIBLM,2024-01-05,VOLATILE,False,True,1.5790472972972893,2.7027027027026933,True
FIBLM,2024-03-28,TRENDING_UP,False,True,-4.070806451612905,-3.2258064516129057,False
FIBLM,2024-12-17,TRENDING_UP,False,True,-4.6545238095238135,-3.8095238095238133,False
FIBLM,2025-05-23,TRENDING_UP,False,True,4.855520491803284,6.557377049180333,True
FIBLM,2026-04-03,VOLATILE,False,False,,,False
FIL,2024-09-12,TRENDING_UP,False,True,65.4872873966545,77.88886752547587,True
FIL,2026-01-06,TRENDING_UP,False,True,-0.850490885130678,-0.0054908851306780726,False
FIL,2024-11-13,TRENDING_UP,False,True,-0.845,0.0,False
FIMM,2024-10-17,TRENDING_UP,False,False,,,False
FIMM,2025-12-04,TRENDING_UP,False,True,-0.8410317460317496,0.003968253968250359,False
FLYNG,2023-05-17,RANGING,False,True,-3.3660084033613504,-2.5210084033613507,False
FLYNG,2024-11-25,TRENDING_UP,False,False,,,False
FLYNG,2020-12-17,TRENDING_UP,False,True,-3.608561924257928,-2.763561924257928,False
FLYNG,2020-12-17,TRENDING_UP,False,True,-3.608561924257928,-2.763561924257928,False
FLYNG,2024-01-23,TRENDING_UP,False,False,,,False
FLYNG,2024-04-29,TRENDING_UP,False,False,,,False
FLYNG,2026-06-11,RANGING,False,True,6.448697723440136,8.431703204047219,True
FLYNG,2021-09-08,RANGING,False,False,,,False
FLYNG,2021-06-28,RANGING,False,False,,,False
FLYNG,2023-04-06,TRENDING_DOWN,False,True,-0.845,0.0,False
FLYNG,2021-03-08,RANGING,False,True,-7.775693069306937,-6.930693069306937,False
FLYNG,2020-05-29,RANGING,False,True,-0.845,0.0,False
FLYNG,2024-03-26,TRENDING_UP,False,False,,,False
FLYNG,2024-03-05,TRENDING_UP,False,True,-0.845,0.0,False
FLYNG,2024-12-10,TRENDING_UP,False,False,,,False
FLYNG,2023-09-22,RANGING,False,True,-0.845,0.0,False
FLYNG,2026-04-07,VOLATILE,False,False,,,False
FLYNG,2023-08-18,TRENDING_UP,False,True,-2.9139655172413814,-2.0689655172413812,False
FLYNG,2026-05-15,VOLATILE,False,True,-4.677335329341321,-3.832335329341321,False
FLYNG,2025-01-10,VOLATILE,False,False,,,False
FLYNG,2020-09-11,TRENDING_UP,False,False,,,False
FML,2026-01-30,TRENDING_UP,False,True,-1.842838017628474,-0.997838017628474,False
FML,2020-04-30,VOLATILE,False,True,-3.376645569620253,-2.5316455696202533,False
FML,2022-08-19,RANGING,False,False,,,False
FML,2023-05-26,RANGING,False,False,,,False
FML,2021-08-05,TRENDING_UP,False,False,,,False
FML,2022-02-15,TRENDING_UP,False,True,-0.373571428571431,0.471428571428569,False
FML,2023-02-16,VOLATILE,False,True,-2.060805471124617,-1.215805471124617,False
FML,2024-07-23,RANGING,False,False,,,False
FML,2021-12-28,TRENDING_DOWN,False,False,,,False
FML,2022-11-10,RANGING,False,True,4.433265151515152,6.0606060606060606,True
FML,2022-01-21,RANGING,False,False,,,False
FML,2020-12-04,TRENDING_UP,False,False,,,False
FML,2025-06-16,TRENDING_UP,False,False,,,False
FML,2026-02-26,VOLATILE,False,True,-5.652692307692308,-4.807692307692308,False
FML,2024-12-06,TRENDING_UP,False,False,,,False
FNBM,2020-02-07,RANGING,False,True,-1.6646721311475416,-0.8196721311475417,False
FNBM,2020-01-20,TRENDING_UP,False,True,39.28175,47.05882352941177,True
FNEL,2024-12-13,TRENDING_UP,False,False,,,False
FNEL,2025-03-13,TRENDING_UP,False,False,,,False
FNEL,2025-04-18,TRENDING_UP,False,False,,,False
FNEL,2024-08-30,TRENDING_UP,False,False,,,False
FNEL,2025-11-12,VOLATILE,False,False,,,False
FPJM,2024-10-09,TRENDING_UP,False,False,,,False
FPJM,2025-08-19,TRENDING_UP,False,True,-4.8539086859688325,-4.008908685968833,False
FPJM,2025-11-27,TRENDING_UP,False,True,-1.0825296912113964,-0.23752969121139636,False
FPJM,2025-02-12,RANGING,False,True,-0.845,0.0,False
FPJM,2024-01-01,TRENDING_UP,False,True,3.2869856020942443,4.712041884816758,True
FPJM,2026-07-03,TRENDING_UP,False,True,6.576938556566962,8.58257477243172,True
FPJM,2024-02-29,TRENDING_UP,False,False,,,False
FPJM,2026-05-22,VOLATILE,False,False,,,False
FPJM,2024-03-05,TRENDING_UP,False,False,,,False
FPRM,2025-06-24,TRENDING_UP,False,True,-1.2779004329004429,-0.4329004329004429,False
FPRM,2024-05-06,TRENDING_UP,False,False,,,False
FPRM,2024-04-25,TRENDING_UP,False,False,,,False
FPRM,2025-09-17,TRENDING_UP,False,True,-0.9383706816059902,-0.09337068160599031,False
FPRM,2025-10-08,TRENDING_UP,False,True,19.62003382838284,23.92739273927393,True
FPRM,2024-05-14,TRENDING_UP,False,True,-2.205544217687086,-1.360544217687086,False
FPRM,2026-06-29,TRENDING_UP,False,False,,,False
FPRM,2024-11-28,TRENDING_UP,False,True,-5.606904761904765,-4.761904761904765,False
FPRM,2024-11-27,TRENDING_UP,False,False,,,False
FRCL,2021-03-18,VOLATILE,False,True,-0.875003000300024,-0.030003000300024035,False
FRCL,2021-09-29,RANGING,False,True,14.281750000000002,17.647058823529413,True
FRCL,2021-01-25,TRENDING_UP,False,True,-0.845,0.0,False
FRCL,2022-07-13,VOLATILE,False,True,0.8320022312766747,1.8238261544431467,True
FRCL,2021-05-19,TRENDING_UP,False,True,-0.845,0.0,False
FRCL,2020-08-17,TRENDING_UP,False,False,,,False
FRCL,2021-08-17,RANGING,False,True,-0.845,0.0,False
FRCL,2025-06-17,TRENDING_UP,False,True,30.70089191419142,36.96369636963696,True
FRCL,2023-02-22,RANGING,False,True,3.837305555555557,5.359477124183008,True
FRCL,2024-01-02,TRENDING_UP,False,True,-2.521300578034677,-1.6763005780346771,False
FRCL,2023-11-23,TRENDING_UP,False,True,19.947958791208794,24.313186813186817,True
FRCL,2025-09-12,TRENDING_UP,False,True,-5.818089343379983,-4.973089343379983,False
FRCL,2025-07-01,TRENDING_UP,False,False,,,False
FRCL,2025-10-20,TRENDING_UP,False,True,-8.844999999999994,-7.999999999999993,False
FRCL,2024-08-22,RANGING,False,False,,,False
FRCL,2025-10-07,TRENDING_UP,False,False,,,False
FRCL,2026-04-14,VOLATILE,False,True,11.64425,14.544117647058824,True
FRCL,2024-07-12,TRENDING_UP,False,True,-0.845,0.0,False
FRSM,2025-02-20,TRENDING_UP,False,False,,,False
FRSM,2024-12-10,TRENDING_UP,False,False,,,False
FRSM,2024-10-23,TRENDING_UP,False,True,2.1985180700900395,3.431491847164752,True
FRSM,2026-03-18,VOLATILE,False,False,,,False
FRSM,2025-10-02,TRENDING_UP,False,False,,,False
FRSM,2025-12-15,TRENDING_UP,False,True,-4.928865086599822,-4.083865086599822,False
FRSM,2024-09-16,TRENDING_UP,False,False,,,False
FRSM,2025-11-19,VOLATILE,False,True,-0.38246530989824234,0.46253469010175763,False
FRSM,2024-10-17,TRENDING_UP,False,True,5.825066831683167,7.698019801980196,True
FSWL,2025-11-24,RANGING,False,False,,,False
FSWL,2025-01-20,TRENDING_UP,False,True,6.398301724137923,8.372413793103439,True
FSWL,2024-10-02,TRENDING_UP,False,True,-0.845,0.0,False
FSWL,2025-09-30,TRENDING_UP,False,False,,,False
FTMM,2026-01-14,TRENDING_UP,False,True,-0.08247276688452843,0.7625272331154715,False
FTMM,2026-02-04,TRENDING_UP,False,False,,,False
FTMM,2024-02-09,VOLATILE,False,True,-2.5091452344931966,-1.6641452344931968,False
FTMM,2024-10-17,TRENDING_UP,False,False,,,False
FTSM,2024-07-05,TRENDING_UP,False,True,-0.845,0.0,False
FTSM,2024-11-07,TRENDING_UP,False,True,-0.845,0.0,False
FTSM,2025-05-21,TRENDING_UP,False,False,,,False
FTSM,2024-07-31,RANGING,False,False,,,False
FTSM,2024-04-08,TRENDING_UP,False,True,1.4067499999999924,2.499999999999991,True
FTSM,2025-04-17,TRENDING_UP,False,True,-0.845,0.0,False
FTSM,2024-03-27,TRENDING_UP,False,True,-0.845,0.0,False
FUDLM,2024-03-07,TRENDING_UP,False,True,4.74046559633027,6.422018348623847,True
FZCM,2020-01-07,TRENDING_UP,False,True,4.0725561292471735,5.636242504996675,True
FZCM,2020-12-04,TRENDING_UP,False,False,,,False
FZCM,2022-02-22,RANGING,False,False,,,False
FZCM,2025-11-28,TRENDING_UP,False,False,,,False
FZCM,2023-05-04,RANGING,False,True,-0.845,0.0,False
FZCM,2020-07-07,RANGING,False,True,-0.8521428571428507,-0.007142857142850646,False
FZCM,2020-06-04,RANGING,False,False,,,False
FZCM,2021-09-30,RANGING,False,True,-0.845,0.0,False
FZCM,2022-11-22,RANGING,False,False,,,False
FZCM,2025-08-15,TRENDING_UP,False,True,0.937225478994557,1.9476182105818318,True
FZCM,2023-06-07,RANGING,False,False,,,False
FZCM,2023-12-18,TRENDING_UP,False,False,,,False
FZCM,2021-05-26,TRENDING_UP,False,True,2.550980769230769,3.8461538461538463,True
FZCM,2020-08-07,TRENDING_UP,False,True,-2.2735714285714286,-1.4285714285714286,False
FZCM,2021-02-10,TRENDING_UP,False,True,-0.8555915373616534,-0.01059153736165346,False
FZCM,2020-09-22,TRENDING_UP,False,True,1.2584941860465118,2.3255813953488373,True
FZCM,2025-12-05,TRENDING_UP,False,False,,,False
GADT,2024-10-02,TRENDING_UP,False,True,-0.845,0.0,False
GADT,2025-12-17,TRENDING_UP,False,True,-0.845,0.0,False
GADT,2025-06-03,TRENDING_UP,False,False,,,False
GADT,2025-05-23,TRENDING_UP,False,True,-8.534272225040864,-7.689272225040863,False
GADT,2025-11-04,VOLATILE,False,True,1.8942926886060165,3.073579633654137,True
GADT,2025-12-16,TRENDING_UP,False,False,,,False
GADT,2024-03-21,TRENDING_UP,False,True,1.7383973988439305,2.8901734104046244,True
GADT,2024-05-02,TRENDING_UP,False,False,,,False
GADT,2025-10-29,VOLATILE,False,False,,,False
GAIL,2020-10-28,TRENDING_UP,False,True,-8.844999999999997,-7.999999999999997,False
GAIL,2020-10-16,VOLATILE,False,False,,,False
GAIL,2021-02-04,TRENDING_UP,False,False,,,False
GAIL,2021-01-01,TRENDING_UP,False,False,,,False
GAIL,2020-06-30,RANGING,False,False,,,False
GAIL,2020-09-15,TRENDING_UP,False,False,,,False
GAIL,2021-02-09,TRENDING_UP,False,True,-0.6852555910543164,0.1597444089456835,False
GAL,2024-08-30,TRENDING_UP,False,False,,,False
GAL,2025-04-16,TRENDING_UP,False,True,1.8672673139669491,3.041785075255234,True
GAL,2025-05-27,TRENDING_UP,False,True,-0.5030059848952648,0.3419940151047351,False
GAL,2025-10-07,TRENDING_UP,False,False,,,False
GAL,2025-09-16,TRENDING_UP,False,False,,,False
GAL,2025-03-12,TRENDING_UP,False,False,,,False
GAL,2024-10-29,TRENDING_UP,False,False,,,False
GAL,2025-05-05,VOLATILE,False,False,,,False
GAL,2024-12-27,TRENDING_UP,False,False,,,False
GAMON,2022-03-16,TRENDING_DOWN,False,True,-4.353771929824569,-3.5087719298245696,False
GAMON,2025-03-12,TRENDING_UP,False,False,,,False
GAMON,2021-11-09,TRENDING_UP,False,True,19.04365476190475,23.24929971988794,True
GAMON,2025-10-29,VOLATILE,False,False,,,False
GAMON,2025-08-06,TRENDING_UP,False,False,,,False
GAMON,2025-03-04,RANGING,False,False,,,False
GAMON,2020-07-15,RANGING,False,True,1.6634436488169517,2.801992528019943,True
GAMON,2022-12-27,TRENDING_DOWN,False,False,,,False
GAMON,2020-06-22,RANGING,False,True,2.6282066929133863,3.937007874015748,True
GAMON,2023-12-14,TRENDING_UP,False,True,-1.5670216606498168,-0.7220216606498169,False
GAMON,2021-05-27,TRENDING_UP,False,False,,,False
GAMON,2021-04-28,TRENDING_UP,False,True,-0.845,0.0,False
GAMON,2021-05-26,TRENDING_UP,False,False,,,False
GAMON,2020-08-10,TRENDING_UP,False,False,,,False
GAMON,2025-10-03,TRENDING_UP,False,True,-0.8820096225018431,-0.037009622501843115,False
GAMON,2020-03-24,VOLATILE,False,True,77.28175,91.76470588235294,True
GATI,2024-12-18,TRENDING_UP,False,True,-0.9585073779795622,-0.11350737797956223,False
GATI,2025-09-05,TRENDING_UP,False,False,,,False
GATI,2026-07-06,TRENDING_UP,False,False,,,False
GATI,2026-01-02,TRENDING_UP,False,True,-2.003082280531266,-1.1580822805312656,False
GATI,2024-02-27,VOLATILE,False,False,,,False
GATM,2025-06-20,RANGING,False,True,35.522351503759396,42.636001769128704,True
GATM,2022-11-29,RANGING,False,False,,,False
GATM,2021-04-28,TRENDING_UP,False,False,,,False
GATM,2024-04-23,TRENDING_UP,False,False,,,False
GATM,2024-08-01,RANGING,False,False,,,False
GATM,2022-01-14,RANGING,False,False,,,False
GATM,2021-04-30,RANGING,False,True,-5.132836977287192,-4.287836977287192,False
GATM,2024-01-31,RANGING,False,False,,,False
GATM,2025-02-12,RANGING,False,True,-2.3656082432973147,-1.520608243297315,False
GATM,2025-03-05,RANGING,False,False,,,False
GATM,2026-05-07,TRENDING_UP,False,True,-1.2356249999999993,-0.3906249999999994,False
GATM,2025-10-23,TRENDING_UP,False,False,,,False
GATM,2024-04-29,TRENDING_UP,False,True,-3.688601895734603,-2.8436018957346034,False
GATM,2021-05-26,TRENDING_UP,False,False,,,False
GATM,2024-11-21,TRENDING_UP,False,False,,,False
GATM,2021-06-23,TRENDING_UP,False,True,-2.399907677356665,-1.5549076773566652,False
GATM,2024-05-16,TRENDING_UP,False,True,-1.026405895691606,-0.18140589569160612,False
GATM,2025-01-03,TRENDING_UP,False,False,,,False
GATM,2026-02-04,TRENDING_UP,False,False,,,False
GATM,2021-03-12,VOLATILE,False,False,,,False
GATM,2022-02-18,TRENDING_UP,False,False,,,False
GCIL,2023-05-05,RANGING,False,False,,,False
GCIL,2020-01-07,TRENDING_UP,False,False,,,False
GCIL,2024-02-13,VOLATILE,True,False,,,False
GCIL,2025-06-17,TRENDING_UP,True,False,,,False
GCIL,2022-09-08,RANGING,False,True,-0.9675490196078405,-0.12254901960784054,False
GCIL,2024-01-01,TRENDING_UP,True,False,,,False
GCIL,2023-08-28,RANGING,False,False,,,False
GCIL,2022-05-25,TRENDING_DOWN,False,False,,,False
GCIL,2025-04-17,TRENDING_UP,False,False,,,False
GCIL,2024-05-07,TRENDING_UP,False,False,,,False
GCIL,2020-01-23,TRENDING_UP,False,False,,,False
GCIL,2024-08-29,TRENDING_UP,False,False,,,False
GCIL,2020-08-17,TRENDING_UP,False,False,,,False
GCIL,2026-04-08,VOLATILE,False,False,,,False
GCIL,2024-11-08,TRENDING_UP,False,False,,,False
GCIL,2023-12-11,TRENDING_UP,False,False,,,False
GCIL,2023-09-04,VOLATILE,False,True,-2.8450000000000015,-2.0000000000000018,False
GCIL,2024-11-26,TRENDING_UP,False,False,,,False
GCWL,2025-08-05,TRENDING_UP,False,True,3.5855474683544277,5.063291139240503,True
GCWL,2025-08-13,TRENDING_UP,False,True,0.9456977977161518,1.9575856443719433,True
GCWL,2026-02-13,VOLATILE,False,False,,,False
GCWL,2025-11-07,VOLATILE,False,False,,,False
GDL,2026-06-29,TRENDING_UP,False,False,,,False
GEMBCEM,2024-11-12,TRENDING_UP,False,False,,,False
GEMBCEM,2026-01-14,TRENDING_UP,False,True,0.9817500000000068,2.000000000000008,True
GEMBCEM,2025-05-07,VOLATILE,False,False,,,False
GEMBCEM,2025-07-31,TRENDING_UP,False,True,2.3448130630630657,3.603603603603607,True
GEMBLUEX,2024-07-18,TRENDING_UP,False,False,,,False
GEMBLUEX,2025-04-10,TRENDING_UP,False,True,0.24718209876542904,1.1358024691357989,True
GEMBLUEX,2025-09-22,TRENDING_UP,False,True,-0.845,0.0,False
GEMBLUEX,2025-01-31,VOLATILE,False,True,-0.845,0.0,False
GEMMEL,2024-09-12,TRENDING_UP,False,True,0.15354487179486873,1.025641025641022,True
GEMMEL,2025-09-01,TRENDING_UP,False,True,2.68175,4.0,True
GEMMEL,2024-09-20,TRENDING_UP,False,True,7.309527777777773,9.44444444444444,True
GEMNETS,2025-08-05,TRENDING_UP,False,False,,,False
GEMNETS,2026-02-24,VOLATILE,False,True,-2.663181818181812,-1.818181818181812,False
GEMPACRA,2025-10-20,TRENDING_UP,False,False,,,False
GEMPACRA,2025-12-15,TRENDING_UP,False,False,,,False
GEMPACRA,2025-12-23,TRENDING_UP,False,True,-0.845,0.0,False
GEMPAPL,2025-03-05,RANGING,False,False,,,False
GEMPAPL,2024-05-10,TRENDING_UP,False,False,,,False
GEMPAPL,2024-12-31,TRENDING_UP,False,False,,,False
GEMPAPL,2024-01-31,RANGING,False,False,,,False
GEMSPNL,2024-01-03,TRENDING_UP,False,True,4.074701541850224,5.638766519823793,True
GEMSPNL,2024-11-07,TRENDING_UP,False,True,8.635031853281857,11.00386100386101,True
GEMSPNL,2025-07-31,TRENDING_UP,False,False,,,False
GEMSPNL,2026-03-04,VOLATILE,False,False,,,False
GEMSPNL,2025-10-08,TRENDING_UP,False,True,7.041558612440196,9.129186602870819,True
GEMSPNL,2025-08-19,TRENDING_UP,False,False,,,False
GEMSPNL,2026-02-13,VOLATILE,False,True,-0.845,0.0,False
GEMSPNL,2025-01-10,VOLATILE,False,False,,,False
GFIL,2025-09-25,TRENDING_UP,False,False,,,False
GFIL,2025-12-09,TRENDING_UP,False,True,1.8353980686695275,3.0042918454935617,True
GFIL,2020-09-30,RANGING,False,False,,,False
GFIL,2022-02-01,RANGING,False,False,,,False
GFIL,2023-09-19,RANGING,False,False,,,False
GFIL,2022-02-03,RANGING,False,True,-0.845,0.0,False
GFIL,2023-09-25,RANGING,False,False,,,False
GFIL,2026-01-26,TRENDING_UP,False,False,,,False
GFIL,2024-06-24,TRENDING_UP,False,True,-3.2840243902439026,-2.4390243902439024,False
GFIL,2020-05-05,VOLATILE,False,True,-0.845,0.0,False
GFIL,2023-11-17,TRENDING_UP,False,False,,,False
GFIL,2021-08-04,TRENDING_UP,False,False,,,False
GFIL,2024-06-21,TRENDING_UP,False,False,,,False
GFIL,2024-11-12,TRENDING_UP,False,False,,,False
GFIL,2024-05-31,TRENDING_UP,False,False,,,False
GFIL,2021-06-08,TRENDING_UP,False,False,,,False
GFIL,2021-10-15,VOLATILE,False,True,-0.845,0.0,False
GGGL,2025-04-25,VOLATILE,False,False,,,False
GGGL,2020-05-20,RANGING,False,True,-0.7636122786132674,0.08138772138673253,False
GGGL,2021-08-05,TRENDING_UP,False,False,,,False
GGGL,2025-12-16,TRENDING_UP,False,False,,,False
GGGL,2020-07-10,RANGING,False,False,,,False
GGGL,2022-07-01,VOLATILE,False,False,,,False
GGGL,2021-06-21,TRENDING_UP,False,False,,,False
GGGL,2020-12-01,TRENDING_UP,False,True,-0.15132716850641603,0.6936728314935839,False
GGGL,2022-02-02,RANGING,False,False,,,False
GGGL,2022-08-17,RANGING,False,False,,,False
GGGL,2021-04-23,RANGING,False,True,-4.715967741935481,-3.8709677419354813,False
GGGL,2020-09-11,TRENDING_UP,False,False,,,False
GGGL,2021-02-22,RANGING,False,False,,,False
GGGL,2025-01-06,TRENDING_UP,False,False,,,False
GGGL,2025-10-17,TRENDING_UP,False,False,,,False
GGGL,2021-04-27,TRENDING_UP,False,False,,,False
GGGL,2023-10-27,TRENDING_UP,False,True,7.850855691056898,10.081300813008117,True
GGGL,2023-11-21,TRENDING_UP,False,False,,,False
GGGL,2023-12-06,TRENDING_UP,False,False,,,False
GGGL,2020-11-18,VOLATILE,False,False,,,False
GGGL,2020-08-21,TRENDING_UP,False,True,0.9300412347690412,1.9391661585518132,True
GGL,2024-07-15,TRENDING_UP,False,False,,,False
GGL,2021-10-20,VOLATILE,False,True,-4.948448275862073,-4.103448275862073,False
GGL,2021-11-18,RANGING,False,False,,,False
GGL,2021-08-31,RANGING,False,False,,,False
GGL,2026-01-15,TRENDING_UP,False,False,,,False
GGL,2022-11-03,RANGING,False,True,-1.3385225169648478,-0.4935225169648479,False
GGL,2022-02-03,RANGING,False,True,-1.522200902934531,-0.677200902934531,False
GGL,2021-07-12,RANGING,False,True,-1.4597540983606498,-0.6147540983606499,False
GGL,2023-06-13,RANGING,False,True,-1.2410396039603877,-0.3960396039603876,False
GGL,2025-12-08,TRENDING_UP,False,True,2.134759259259251,3.356481481481471,True
GGL,2020-08-04,TRENDING_UP,False,False,,,False
GGL,2026-01-15,TRENDING_UP,False,False,,,False
GGL,2025-03-24,TRENDING_UP,False,False,,,False
GGL,2020-11-27,TRENDING_UP,False,False,,,False
GGL,2025-06-26,TRENDING_UP,False,False,,,False
GGL,2020-04-21,VOLATILE,False,True,-2.322832512315274,-1.4778325123152742,False
GGL,2020-08-21,TRENDING_UP,False,True,2.63071810506567,3.9399624765478474,True
GHGL,2020-12-15,TRENDING_UP,False,True,12.766359313338599,15.864246250986588,True
GHGL,2023-02-08,VOLATILE,False,False,,,False
GHGL,2022-11-03,RANGING,False,True,-0.07969387755102764,0.7653061224489723,False
GHGL,2024-03-06,TRENDING_UP,False,True,-1.9690465676435212,-1.1240465676435212,False
GHGL,2020-12-21,TRENDING_UP,False,False,,,False
GHGL,2021-06-02,TRENDING_UP,False,False,,,False
GHGL,2025-10-08,TRENDING_UP,False,False,,,False
GHGL,2025-02-18,RANGING,False,False,,,False
GHGL,2023-05-08,RANGING,False,True,-1.8872535211267534,-1.0422535211267534,False
GHGL,2020-07-22,RANGING,False,False,,,False
GHGL,2023-06-21,RANGING,False,False,,,False
GHGL,2025-03-20,TRENDING_UP,False,True,-1.4297953216374353,-0.5847953216374352,False
GHGL,2024-07-19,TRENDING_UP,False,True,-1.7423858759266502,-0.8973858759266502,False
GHGL,2021-02-25,RANGING,False,True,-3.352522567703109,-2.507522567703109,False
GHGL,2026-07-07,TRENDING_UP,False,True,-3.2840243902439026,-2.4390243902439024,False
GHGL,2024-04-16,TRENDING_UP,False,True,-1.5189049045301375,-0.6739049045301374,False
GHGL,2020-08-12,TRENDING_UP,False,True,-1.8647960407918376,-1.0197960407918376,False
GHGL,2021-06-14,TRENDING_UP,False,False,,,False
GHGL,2024-02-29,TRENDING_UP,False,False,,,False
GHGL,2020-03-12,VOLATILE,False,True,-2.8449999999999926,-1.9999999999999927,False
GHGL,2023-10-18,TRENDING_UP,False,True,-2.2972821576763542,-1.4522821576763543,False
GHNI,2023-02-10,VOLATILE,False,False,,,False
GHNI,2026-04-10,VOLATILE,False,True,19.331185028248587,23.587570621468927,True
GHNI,2020-10-26,TRENDING_UP,False,True,-4.522192982456147,-3.677192982456147,False
GHNI,2024-10-24,TRENDING_UP,False,False,,,False
GHNI,2025-12-31,TRENDING_UP,False,False,,,False
GHNI,2023-06-08,RANGING,False,False,,,False
GHNI,2026-01-08,TRENDING_UP,False,False,,,False
GHNI,2021-04-29,RANGING,False,True,-6.5928368355995035,-5.747836835599504,False
GHNI,2023-06-05,RANGING,False,False,,,False
GHNI,2025-04-08,RANGING,False,True,-2.416428571428572,-1.5714285714285716,False
GHNI,2021-10-28,RANGING,False,True,19.41182981478097,23.682446840918786,True
GHNI,2024-06-28,TRENDING_UP,False,False,,,False
GHNI,2024-09-09,TRENDING_UP,False,True,0.3428801531398457,1.248388415458642,True
GHNI,2024-06-25,TRENDING_UP,False,False,,,False
GHNI,2023-08-08,TRENDING_UP,False,True,-0.3978493958709934,0.4471506041290066,False
GHNI,2026-06-05,TRENDING_UP,False,True,0.17185120524247208,1.0471778885205554,True
GHNI,2026-04-29,TRENDING_UP,False,True,-2.343768734609184,-1.4987687346091838,False
GHNI,2023-12-14,TRENDING_UP,False,True,0.955992424242424,1.9696969696969695,True
GHNI,2023-06-07,RANGING,False,True,-2.9887422552664242,-2.143742255266424,False
GHNI,2024-01-22,TRENDING_UP,False,True,-1.4329856943686723,-0.5879856943686724,False
GHNI,2025-08-12,TRENDING_UP,False,True,4.171813922404214,5.7530163792990745,True
GHNI,2024-10-31,TRENDING_UP,False,True,2.6660572760550654,3.9815379718294888,True
GHNI,2024-05-21,TRENDING_UP,False,False,,,False
GHNI,2020-04-30,VOLATILE,False,True,8.834130952380953,11.238095238095239,True
GHNI,2025-01-17,TRENDING_UP,False,True,-2.2189837398374057,-1.3739837398374057,False
GHNL,2020-10-05,VOLATILE,False,False,,,False
GHNL,2021-04-16,RANGING,False,True,-0.045000000000002705,0.7999999999999973,False
GHNL,2020-08-19,TRENDING_UP,False,False,,,False
GHNL,2022-02-15,TRENDING_UP,False,False,,,False
GHNL,2020-01-23,TRENDING_UP,False,True,-0.3147304463102085,0.5302695536897915,False
GHNL,2022-11-01,RANGING,False,True,-0.4603846153846099,0.3846153846153901,False
GHNL,2021-06-21,TRENDING_UP,False,False,,,False
GHNL,2020-02-20,RANGING,False,True,-1.9417741935483868,-1.0967741935483868,False
GHNL,2022-04-05,RANGING,False,False,,,False
GHNL,2022-03-28,RANGING,False,False,,,False
GLAXO,2021-11-23,RANGING,False,True,-3.6072377622377543,-2.762237762237754,False
GLAXO,2025-02-07,VOLATILE,False,False,,,False
GLAXO,2021-12-06,VOLATILE,False,False,,,False
GLAXO,2022-02-22,RANGING,False,False,,,False
GLAXO,2024-03-18,TRENDING_UP,False,False,,,False
GLAXO,2025-08-15,TRENDING_UP,False,False,,,False
GLAXO,2024-12-17,TRENDING_UP,False,True,-3.8779113924050677,-3.032911392405068,False
GLAXO,2022-01-04,RANGING,False,True,-0.10699261992619924,0.7380073800738007,False
GLAXO,2026-04-01,VOLATILE,False,True,5.149148119122252,6.902821316614414,True
GLAXO,2025-08-18,TRENDING_UP,False,True,-1.3216887571212677,-0.4766887571212676,False
GLAXO,2026-01-22,TRENDING_UP,False,False,,,False
GLAXO,2025-10-27,VOLATILE,False,False,,,False
GLAXO,2023-12-14,TRENDING_UP,False,True,-1.58524226110363,-0.7402422611036301,False
GLAXO,2025-07-21,TRENDING_UP,False,True,-2.605749641048895,-1.7607496410488952,False
GLAXO,2023-10-17,TRENDING_UP,False,True,1.9048622783978921,3.086014445173991,True
GLAXO,2020-11-26,VOLATILE,False,False,,,False
GLAXO,2024-04-04,TRENDING_UP,False,False,,,False
GLAXO,2026-06-05,TRENDING_UP,False,True,-1.698868194842412,-0.8538681948424122,False
GLAXO,2024-01-26,VOLATILE,False,True,-0.845,0.0,False
GLAXO,2023-12-07,TRENDING_UP,False,False,,,False
GLPL,2024-05-23,TRENDING_UP,False,False,,,False
GLPL,2021-10-06,RANGING,False,True,-0.845,0.0,False
GLPL,2025-01-01,TRENDING_UP,False,False,,,False
GLPL,2023-12-14,TRENDING_UP,False,True,-4.93323529411764,-4.0882352941176405,False
GLPL,2022-10-11,RANGING,False,False,,,False
GLPL,2022-01-12,RANGING,False,True,0.4482212778429129,1.372319150403427,True
GLPL,2022-05-17,TRENDING_DOWN,False,True,-0.004663865546218449,0.8403361344537815,False
GLPL,2023-04-12,TRENDING_DOWN,False,False,,,False
GLPL,2023-12-11,TRENDING_UP,False,False,,,False
GLPL,2020-04-27,VOLATILE,False,False,,,False
GLPL,2024-03-01,TRENDING_UP,False,False,,,False
GLPL,2024-09-12,TRENDING_UP,False,True,-1.1979411764705818,-0.352941176470582,False
GLPL,2021-01-08,TRENDING_UP,False,True,-0.845,0.0,False
GLPL,2023-10-30,TRENDING_UP,False,False,,,False
GLPL,2021-06-02,TRENDING_UP,False,True,-1.7906264775413712,-0.9456264775413712,False
GOC,2025-03-11,TRENDING_UP,False,True,-0.8288683658654653,0.01613163413453462,False
GOC,2023-09-12,RANGING,False,True,-0.845,0.0,False
GOC,2025-06-19,RANGING,False,False,,,False
GOC,2022-11-10,RANGING,False,False,,,False
GOC,2026-01-07,TRENDING_UP,False,False,,,False
GOC,2021-09-20,RANGING,False,False,,,False
GOC,2025-10-22,TRENDING_UP,False,True,-0.795413223140494,0.04958677685950601,False
GOC,2025-11-03,VOLATILE,False,True,2.878631959910913,4.231625835189309,True
GOC,2025-10-08,TRENDING_UP,False,False,,,False
GOC,2026-03-02,VOLATILE,False,False,,,False
GRR,2023-09-13,RANGING,False,True,-0.845,0.0,False
GRR,2023-05-11,RANGING,False,False,,,False
GRR,2024-12-24,TRENDING_UP,False,False,,,False
GRR,2025-10-23,TRENDING_UP,False,False,,,False
GRR,2026-06-15,TRENDING_UP,False,False,,,False
GRR,2026-02-03,TRENDING_UP,False,True,-1.8449999999999962,-0.9999999999999963,False
GRR,2024-01-09,VOLATILE,False,True,4.074983082706767,5.639097744360902,True
GRR,2025-11-14,VOLATILE,False,False,,,False
GRR,2023-10-26,TRENDING_UP,False,False,,,False
GRYL,2025-09-23,TRENDING_UP,False,False,,,False
GRYL,2026-07-07,TRENDING_UP,False,True,-2.9913414634146402,-2.14634146341464,False
GRYL,2024-05-22,TRENDING_UP,False,False,,,False
GRYL,2025-09-17,TRENDING_UP,False,False,,,False
GRYL,2026-06-12,TRENDING_UP,False,False,,,False
GRYL,2026-04-13,VOLATILE,False,False,,,False
GRYL,2025-01-17,TRENDING_UP,False,True,-7.948825136612032,-7.103825136612032,False
GSKCH,2020-03-05,VOLATILE,False,True,-1.2954504504504505,-0.45045045045045046,False
GSKCH,2021-12-06,VOLATILE,False,False,,,False
GSKCH,2022-11-10,RANGING,False,True,-1.7921609211981337,-0.9471609211981339,False
GSKCH,2021-01-11,TRENDING_UP,False,True,1.4967862250123296,2.6059249706027408,True
GSKCH,2022-02-14,TRENDING_UP,False,True,-1.6142307692307694,-0.7692307692307693,False
GSKCH,2020-01-01,TRENDING_UP,False,False,,,False
GSKCH,2021-01-20,TRENDING_UP,False,True,-2.2857941034853093,-1.4407941034853091,False
GSKCH,2020-05-19,RANGING,False,True,-0.7170066061106514,0.1279933938893486,False
GSKCH,2022-11-16,RANGING,False,False,,,False
GSPM,2025-09-17,TRENDING_UP,False,False,,,False
GSPM,2026-04-24,TRENDING_UP,False,False,,,False
GSPM,2025-07-17,TRENDING_UP,False,False,,,False
GSPM,2024-08-30,TRENDING_UP,False,True,-6.844999999999996,-5.9999999999999964,False
GSPM,2024-06-26,TRENDING_UP,False,False,,,False
GSPM,2025-01-02,TRENDING_UP,False,True,-1.094376558603486,-0.24937655860348598,False
GSPM,2025-10-20,TRENDING_UP,False,True,3.841136973180081,5.363984674329507,True
GTYR,2020-05-15,VOLATILE,False,False,,,False
GTYR,2023-09-12,RANGING,False,True,-5.0134759009987,-4.1684759009987005,False
GTYR,2021-07-28,RANGING,False,True,1.02667685228881,2.0528551203397765,True
GTYR,2024-07-02,TRENDING_UP,False,False,,,False
GTYR,2021-06-04,TRENDING_UP,False,False,,,False
GTYR,2024-05-21,TRENDING_UP,False,False,,,False
GTYR,2022-03-30,RANGING,False,False,,,False
GTYR,2020-01-31,RANGING,False,True,-4.160789473684211,-3.3157894736842115,False
GTYR,2022-09-12,RANGING,False,False,,,False
GTYR,2023-05-29,RANGING,False,True,-0.845,0.0,False
GTYR,2026-01-27,TRENDING_UP,False,False,,,False
GTYR,2023-10-30,TRENDING_UP,False,False,,,False
GTYR,2025-12-03,TRENDING_UP,False,False,,,False
GTYR,2025-12-01,TRENDING_UP,False,False,,,False
GTYR,2026-06-30,TRENDING_UP,False,False,,,False
GTYR,2023-12-14,TRENDING_UP,False,False,,,False
GTYR,2025-10-06,TRENDING_UP,False,False,,,False
GTYR,2024-02-09,VOLATILE,False,True,-6.411097406704622,-5.566097406704622,False
GUSM,2024-07-09,TRENDING_UP,False,True,-0.845,0.0,False
GUSM,2024-11-22,TRENDING_UP,False,True,-0.845,0.0,False
GUSM,2026-03-10,VOLATILE,False,True,-1.3280917874396174,-0.4830917874396175,False
GUSM,2024-10-04,TRENDING_UP,False,False,,,False
GUSM,2025-04-14,TRENDING_UP,False,False,,,False
GUSM,2025-12-01,TRENDING_UP,False,True,-3.508934426229506,-2.663934426229506,False
GUSM,2024-09-30,TRENDING_UP,False,False,,,False
GVGL,2023-09-01,VOLATILE,False,False,,,False
GVGL,2020-11-03,VOLATILE,False,True,1.815067179549303,2.9803731524109445,True
GVGL,2022-08-17,RANGING,False,True,-0.845,0.0,False
GVGL,2021-11-19,TRENDING_UP,False,True,-0.845,0.0,False
GVGL,2026-06-03,TRENDING_UP,False,True,-3.413965517241383,-2.568965517241383,False
GVGL,2020-06-29,RANGING,False,False,,,False
GVGL,2026-06-02,TRENDING_UP,False,False,,,False
GVGL,2023-06-06,RANGING,False,False,,,False
GVGL,2023-09-20,RANGING,False,True,3.202880952380945,4.613095238095229,True
GVGL,2023-09-18,RANGING,False,True,-1.2599377593361012,-0.4149377593361012,False
GVGL,2021-05-04,RANGING,False,False,,,False
GVGL,2024-08-13,RANGING,False,True,1.40675,2.5,True
GVGL,2022-07-22,TRENDING_DOWN,False,True,0.8272045454545491,1.8181818181818226,True
GVGL,2025-02-19,RANGING,False,False,,,False
GVGL,2024-02-07,RANGING,False,True,-2.928333333333333,-2.083333333333333,False
GVGL,2024-10-18,TRENDING_UP,False,True,3.170638888888889,4.57516339869281,True
GVGL,2021-10-22,VOLATILE,False,True,-2.30416240288043,-1.4591624028804304,False
GVGL,2020-07-24,RANGING,False,True,-1.8111835748792235,-0.9661835748792237,False
GVGL,2020-12-01,TRENDING_UP,False,False,,,False
GVGL,2024-01-03,TRENDING_UP,False,True,-1.4297953216374215,-0.5847953216374214,False
GVGL,2025-08-27,TRENDING_UP,False,False,,,False
GVGL,2024-07-03,TRENDING_UP,False,False,,,False
GVGL,2024-05-29,TRENDING_UP,False,True,-0.5434924623115464,0.3015075376884536,False
GVGL,2022-02-11,TRENDING_UP,False,False,,,False
GWLC,2024-02-13,VOLATILE,False,False,,,False
GWLC,2025-02-03,VOLATILE,False,False,,,False
GWLC,2025-04-09,RANGING,False,False,,,False
GWLC,2025-06-05,TRENDING_UP,False,False,,,False
GWLC,2025-01-13,VOLATILE,False,False,,,False
GWLC,2026-01-05,TRENDING_UP,False,False,,,False
GWLC,2022-02-04,RANGING,False,False,,,False
GWLC,2026-01-27,TRENDING_UP,False,False,,,False
GWLC,2022-05-23,TRENDING_DOWN,False,True,7.310235757121426,9.445277361319325,True
GWLC,2020-10-01,RANGING,False,True,-5.4093153526971,-4.5643153526971005,False
GWLC,2022-02-01,RANGING,False,False,,,False
GWLC,2021-01-01,TRENDING_UP,False,True,3.979118421052635,5.5263157894736885,True
GWLC,2020-12-21,TRENDING_UP,False,True,-3.633732394366203,-2.788732394366203,False
GWLC,2025-12-08,TRENDING_UP,False,False,,,False
GWLC,2025-08-15,TRENDING_UP,False,False,,,False
GWLC,2021-06-24,TRENDING_UP,False,True,-0.845,0.0,False
GWLC,2025-09-23,TRENDING_UP,False,False,,,False
GWLC,2020-09-08,TRENDING_UP,False,True,0.07814639639640131,0.9369369369369427,True
GWLC,2023-08-09,TRENDING_UP,False,True,-0.9003097345132633,-0.05530973451326334,False
GWLC,2025-05-12,VOLATILE,False,False,,,False
HABSM,2024-10-15,TRENDING_UP,False,False,,,False
HABSM,2025-09-19,TRENDING_UP,False,False,,,False
HABSM,2025-06-18,RANGING,False,True,-2.1142307692307627,-1.2692307692307625,False
HABSM,2024-04-01,TRENDING_UP,False,False,,,False
HABSM,2024-03-04,TRENDING_UP,False,False,,,False
HABSM,2026-06-01,TRENDING_UP,False,True,-0.8174137931034537,0.027586206896546235,False
HABSM,2025-04-14,TRENDING_UP,False,True,-1.3974861878453115,-0.5524861878453117,False
HAEL,2024-10-16,TRENDING_UP,False,False,,,False
HAEL,2024-09-10,TRENDING_UP,False,False,,,False
HAEL,2022-04-12,RANGING,False,True,0.38564610389609993,1.298701298701294,True
HAEL,2023-05-18,RANGING,False,False,,,False
HAEL,2022-12-06,RANGING,False,False,,,False
HAEL,2021-08-16,RANGING,False,False,,,False
HAEL,2025-02-27,TRENDING_UP,False,True,5.07233031959629,6.812447434819164,True
HAEL,2025-11-12,VOLATILE,False,False,,,False
HAEL,2021-04-27,TRENDING_UP,False,True,7.571996768507638,9.753231492361929,True
HAEL,2024-05-06,TRENDING_UP,False,True,2.256749999999993,3.499999999999992,True
HAEL,2025-09-08,TRENDING_UP,False,True,-1.595821210699203,-0.750821210699203,False
HAEL,2025-01-24,TRENDING_UP,False,False,,,False
HAEL,2021-06-01,TRENDING_UP,False,False,,,False
HAEL,2020-11-25,VOLATILE,False,False,,,False
HAEL,2024-12-16,TRENDING_UP,False,False,,,False
HAEL,2025-01-13,VOLATILE,False,True,-0.845,0.0,False
HAEL,2026-05-05,VOLATILE,False,False,,,False
HAEL,2024-10-29,TRENDING_UP,False,False,,,False
HAFL,2023-01-24,TRENDING_DOWN,False,False,,,False
HAFL,2024-10-31,TRENDING_UP,False,True,-0.845,0.0,False
HAFL,2025-06-12,TRENDING_UP,False,True,7.076030442804435,9.169741697416983,True
HAFL,2025-01-09,VOLATILE,False,False,,,False
HAFL,2025-08-29,TRENDING_UP,False,True,-0.845,0.0,False
HALEON,2023-04-27,RANGING,False,True,5.03362969924812,6.7669172932330826,True
HALEON,2023-08-29,RANGING,False,False,,,False
HALEON,2024-07-11,TRENDING_UP,False,True,-3.0886936644835012,-2.2436936644835015,False
HALEON,2024-01-04,TRENDING_UP,False,True,-4.9403862104717495,-4.09538621047175,False
HALEON,2023-02-21,VOLATILE,False,False,,,False
HALEON,2024-12-26,TRENDING_UP,False,False,,,False
HALEON,2026-05-13,TRENDING_UP,False,False,,,False
HALEON,2023-05-02,RANGING,False,True,-2.4198031496063055,-1.5748031496063055,False
HALEON,2024-10-08,TRENDING_UP,False,False,,,False
HALEON,2024-03-21,TRENDING_UP,False,True,-1.1152702702702704,-0.2702702702702703,False
HALEON,2025-10-10,TRENDING_UP,False,True,3.678235260770975,5.172335600907029,True
HALEON,2024-10-15,TRENDING_UP,False,True,-1.9965840458656663,-1.1515840458656663,False
HALEON,2026-05-18,VOLATILE,False,True,-1.3974861878453038,-0.5524861878453038,False
HALEON,2024-04-04,TRENDING_UP,False,False,,,False
HASCOL,2020-06-29,RANGING,False,False,,,False
HASCOL,2024-10-11,TRENDING_UP,False,False,,,False
HASCOL,2024-12-23,TRENDING_UP,False,False,,,False
HASCOL,2025-06-23,RANGING,False,False,,,False
HASCOL,2023-09-25,RANGING,False,False,,,False
HASCOL,2024-02-06,RANGING,False,False,,,False
HASCOL,2022-11-16,RANGING,False,False,,,False
HASCOL,2023-11-20,TRENDING_UP,False,False,,,False
HASCOL,2024-03-25,TRENDING_UP,False,False,,,False
HASCOL,2021-01-04,TRENDING_UP,False,True,-1.5744429708222774,-0.7294429708222774,False
HASCOL,2024-03-26,TRENDING_UP,False,False,,,False
HASCOL,2023-11-23,TRENDING_UP,False,False,,,False
HASCOL,2020-08-04,TRENDING_UP,False,False,,,False
HASCOL,2021-06-07,TRENDING_UP,False,True,-4.9037219343696075,-4.058721934369608,False
HASCOL,2024-01-09,VOLATILE,False,False,,,False
HBL,2021-12-29,RANGING,False,True,0.833923913043474,1.8260869565217341,True
HBL,2025-10-13,RANGING,False,False,,,False
HBL,2023-02-17,VOLATILE,False,False,,,False
HBL,2026-04-17,VOLATILE,False,True,-2.7550032372936153,-1.9100032372936153,False
HBL,2022-12-01,RANGING,False,False,,,False
HBL,2020-06-02,RANGING,False,False,,,False
HBL,2021-05-25,TRENDING_UP,False,False,,,False
HBL,2025-03-21,TRENDING_UP,False,False,,,False
HBL,2024-09-06,TRENDING_UP,False,False,,,False
HBL,2023-08-16,TRENDING_UP,False,True,0.002807884231532126,0.8483033932135672,True
HBL,2024-07-10,TRENDING_UP,False,True,5.507275743292237,7.324147933284984,True
HBL,2026-03-25,VOLATILE,False,True,-3.4646859440827384,-2.6196859440827387,False
HBL,2023-12-14,TRENDING_UP,False,False,,,False
HBL,2020-08-13,TRENDING_UP,False,False,,,False
HBL,2023-09-27,TRENDING_UP,False,False,,,False
HBL,2026-04-09,VOLATILE,False,False,,,False
HBL,2025-06-24,TRENDING_UP,False,True,8.163486526946102,10.449101796407179,True
HBLTETF,2025-12-24,TRENDING_UP,False,False,,,False
HCAR,2026-03-26,VOLATILE,False,False,,,False
HCAR,2020-09-25,RANGING,False,True,-8.239342762063238,-7.394342762063237,False
HCAR,2021-03-11,VOLATILE,False,True,14.068054347826083,17.39565217391304,True
HCAR,2020-09-02,TRENDING_UP,False,False,,,False
HCAR,2020-01-31,RANGING,False,True,-2.6742682926829264,-1.8292682926829267,False
HCAR,2023-08-28,RANGING,False,True,-5.035528133806017,-4.190528133806017,False
HCAR,2023-04-05,TRENDING_DOWN,False,False,,,False
HCAR,2021-12-28,TRENDING_DOWN,False,True,-1.0171170395869216,-0.17211703958692154,False
HCAR,2023-03-20,RANGING,False,True,-1.8770615853142703,-1.0320615853142703,False
HCAR,2022-07-06,TRENDING_DOWN,False,True,-2.4933516483516485,-1.6483516483516485,False
HCAR,2020-04-08,TRENDING_DOWN,False,False,,,False
HCAR,2024-07-31,RANGING,False,False,,,False
HCAR,2025-11-10,TRENDING_UP,False,True,-3.4124335920139455,-2.5674335920139453,False
HCAR,2024-10-17,TRENDING_UP,False,True,2.235674248340484,3.4752049980476283,True
HCAR,2025-05-07,VOLATILE,False,False,,,False
HCAR,2024-03-07,TRENDING_UP,False,False,,,False
HCAR,2025-08-12,TRENDING_UP,False,False,,,False
HCAR,2024-05-06,TRENDING_UP,False,False,,,False
HCAR,2026-06-30,TRENDING_UP,False,False,,,False
HCAR,2020-03-12,VOLATILE,False,True,-4.6970408163265365,-3.8520408163265367,False
HCL,2022-10-27,RANGING,False,False,,,False
HCL,2024-12-30,TRENDING_UP,False,True,21.281750000000002,25.882352941176475,True
HCL,2023-03-16,RANGING,False,False,,,False
HCL,2024-05-30,TRENDING_UP,False,True,-6.353910891089107,-5.508910891089108,False
HGFA,2025-11-10,TRENDING_UP,False,True,-0.9021102227298775,-0.05711022272987757,False
HGFA,2024-06-27,TRENDING_UP,False,True,-3.8579124820659967,-3.012912482065997,False
HGFA,2025-03-25,TRENDING_UP,False,False,,,False
HGFA,2024-09-27,TRENDING_UP,False,False,,,False
HGFA,2024-07-02,TRENDING_UP,False,True,-2.304854014598535,-1.459854014598535,False
HICL,2026-06-04,TRENDING_UP,False,False,,,False
HICL,2021-07-15,RANGING,False,True,0.3576993670886037,1.265822784810122,True
HICL,2020-04-30,VOLATILE,False,True,2.509598101265811,3.797468354430366,True
HICL,2023-03-24,RANGING,False,False,,,False
HICL,2023-04-03,TRENDING_DOWN,False,False,,,False
HICL,2021-03-01,RANGING,False,True,9.222617279894871,11.695137976346908,True
HICL,2023-05-09,RANGING,False,False,,,False
HICL,2024-11-08,TRENDING_UP,False,True,1.5645304107424949,2.6856240126382294,True
HICL,2025-10-07,TRENDING_UP,False,True,1.9995757394084757,3.1974420463629123,True
HICL,2021-01-22,TRENDING_UP,False,False,,,False
HICL,2026-06-16,TRENDING_UP,False,False,,,False
HICL,2025-02-20,TRENDING_UP,False,False,,,False
HICL,2025-10-17,TRENDING_UP,False,True,-0.5339580093312525,0.3110419906687475,False
HICL,2024-04-01,TRENDING_UP,False,True,-0.700072463768119,0.14492753623188095,False
HICL,2026-04-24,TRENDING_UP,False,True,-1.797380952380949,-0.952380952380949,False
HICL,2025-02-28,TRENDING_UP,False,False,,,False
HIFA,2024-05-07,TRENDING_UP,False,False,,,False
HIFA,2026-04-24,TRENDING_UP,False,False,,,False
HIFA,2025-11-26,TRENDING_UP,False,False,,,False
HIFA,2024-10-04,TRENDING_UP,False,True,6.750369246861924,8.786610878661087,True
HIFA,2025-04-22,TRENDING_UP,False,False,,,False
HIFA,2024-11-26,TRENDING_UP,False,False,,,False
HINO,2024-02-19,VOLATILE,False,True,4.089793478260867,5.656521739130431,True
HINO,2026-05-25,TRENDING_UP,False,True,8.136895929339483,10.417818740399392,True
HINO,2026-03-27,VOLATILE,False,True,-3.9584710202392763,-3.1134710202392766,False
HINO,2021-08-04,TRENDING_UP,False,True,-1.6277788649706457,-0.7827788649706457,False
HINO,2026-06-05,TRENDING_UP,False,True,-2.368545706371191,-1.5235457063711912,False
HINO,2022-02-01,RANGING,False,False,,,False
HINO,2023-03-13,RANGING,False,True,-0.845,0.0,False
HINO,2023-05-24,RANGING,False,True,7.4455918079096035,9.6045197740113,True
HINO,2024-06-25,TRENDING_UP,False,False,,,False
HINO,2024-05-17,TRENDING_UP,False,True,-0.845,0.0,False
HINO,2024-05-17,TRENDING_UP,False,True,-0.845,0.0,False
HINO,2025-10-17,TRENDING_UP,False,True,2.3097098423793603,3.5623056969168947,True
HINO,2024-03-05,TRENDING_UP,False,False,,,False
HINO,2023-08-16,TRENDING_UP,False,True,-0.09000000000000452,0.7549999999999955,False
HINO,2023-12-15,TRENDING_UP,False,False,,,False
HINO,2020-11-18,VOLATILE,False,False,,,False
HINO,2024-03-08,TRENDING_UP,False,False,,,False
HINOON,2020-04-28,VOLATILE,False,False,,,False
HINOON,2020-04-16,VOLATILE,False,True,7.02539406779661,9.110169491525424,True
HINOON,2023-03-20,RANGING,False,True,-0.43305355303810156,0.4119464469618984,False
HINOON,2020-09-14,TRENDING_UP,False,False,,,False
HINOON,2024-10-11,TRENDING_UP,False,False,,,False
HINOON,2025-07-30,TRENDING_UP,False,False,,,False
HINOON,2023-03-21,RANGING,False,False,,,False
HINOON,2022-03-30,RANGING,False,False,,,False
HINOON,2021-05-05,RANGING,False,False,,,False
HINOON,2026-01-21,TRENDING_UP,False,False,,,False
HINOON,2025-09-23,TRENDING_UP,False,False,,,False
HINOON,2025-01-09,VOLATILE,False,False,,,False
HINOON,2020-09-23,TRENDING_UP,False,True,-0.845,0.0,False
HINOON,2020-08-04,TRENDING_UP,False,True,-0.8777761389708366,-0.032776138970836685,False
HINOON,2023-10-06,TRENDING_UP,False,True,-0.8720197243988173,-0.027019724398817273,False
HINOON,2021-01-22,TRENDING_UP,False,False,,,False
HINOON,2025-10-16,TRENDING_UP,False,False,,,False
HINOON,2021-06-03,TRENDING_UP,False,True,2.0931304882112833,3.307506456719157,True
HINOON,2023-07-31,TRENDING_UP,False,True,6.009387833998148,7.914868039997821,True
HINOON,2026-06-15,TRENDING_UP,False,False,,,False
HINOON,2026-02-16,VOLATILE,False,False,,,False
HIRAT,2024-07-25,RANGING,False,False,,,False
HIRAT,2024-08-08,RANGING,False,True,1.2519486754966844,2.3178807947019817,True
HIRAT,2025-05-27,TRENDING_UP,False,False,,,False
HIRAT,2025-08-26,TRENDING_UP,False,False,,,False
HIRAT,2026-06-01,TRENDING_UP,False,True,-7.183028169014074,-6.338028169014074,False
HIRAT,2026-01-12,TRENDING_UP,False,True,-3.3294720496894437,-2.4844720496894435,False
HIRAT,2026-05-19,VOLATILE,False,True,-6.626865965834433,-5.781865965834434,False
HIRAT,2024-05-09,TRENDING_UP,True,True,20.389132550335578,24.83221476510068,True
HMB,2021-11-05,TRENDING_UP,False,True,-1.9088297872340425,-1.0638297872340425,False
HMB,2022-09-02,RANGING,False,True,-4.477534877599375,-3.632534877599375,False
HMB,2020-03-06,VOLATILE,False,True,1.3871518445322741,2.4769433465085577,True
HMB,2021-11-12,RANGING,False,True,1.548416666666672,2.666666666666673,True
HMB,2021-02-24,RANGING,False,False,,,False
HMB,2024-08-13,RANGING,False,True,-1.5857407407407407,-0.7407407407407408,False
HMB,2020-06-17,RANGING,False,False,,,False
HMB,2021-01-18,TRENDING_UP,False,False,,,False
HMB,2021-05-25,TRENDING_UP,False,False,,,False
HMB,2021-01-18,TRENDING_UP,False,False,,,False
HMB,2024-10-09,TRENDING_UP,False,False,,,False
HMB,2023-12-01,TRENDING_UP,False,False,,,False
HMB,2026-01-02,TRENDING_UP,False,False,,,False
HMB,2023-07-07,TRENDING_UP,False,False,,,False
HMB,2024-09-10,TRENDING_UP,False,True,-5.095000000000001,-4.250000000000001,False
HMB,2025-01-20,TRENDING_UP,False,True,-1.3552040816326532,-0.5102040816326531,False
HMB,2024-12-05,TRENDING_UP,False,False,,,False
HMB,2025-08-18,TRENDING_UP,False,False,,,False
HMB,2020-10-21,VOLATILE,False,False,,,False
HMM,2020-12-29,TRENDING_UP,False,True,-0.6057655502392183,0.23923444976078173,False
HMM,2021-05-21,TRENDING_UP,False,True,-0.845,0.0,False
HMM,2021-06-07,TRENDING_UP,False,True,10.615083333333333,13.333333333333334,True
HMM,2021-01-22,TRENDING_UP,False,True,-0.845,0.0,False
HMM,2021-11-24,RANGING,False,False,,,False
HPL,2026-01-14,TRENDING_UP,False,False,,,False
HPL,2025-02-17,RANGING,False,False,,,False
HPL,2026-06-09,TRENDING_UP,False,True,-0.7826956394454215,0.06230436055457841,False
HPL,2024-05-31,TRENDING_UP,False,True,5.749148405853914,7.608704006886957,True
HPL,2024-12-10,TRENDING_UP,False,False,,,False
HPL,2024-05-22,TRENDING_UP,False,False,,,False
HPL,2024-05-08,TRENDING_UP,False,False,,,False
HRPL,2025-04-15,TRENDING_UP,False,False,,,False
HRPL,2024-10-11,TRENDING_UP,False,True,-0.845,0.0,False
HRPL,2025-02-20,TRENDING_UP,False,True,-1.7424358974358896,-0.8974358974358897,False
HSPI,2022-02-01,RANGING,False,False,,,False
HSPI,2022-08-17,RANGING,False,True,-0.845,0.0,False
HSPI,2024-08-09,RANGING,False,False,,,False
HTL,2025-10-07,TRENDING_UP,False,False,,,False
HTL,2021-10-22,VOLATILE,False,True,-0.845,0.0,False
HTL,2021-04-02,VOLATILE,False,False,,,False
HTL,2023-05-19,RANGING,False,False,,,False
HTL,2020-12-22,TRENDING_UP,False,True,3.712837836229479,5.213044513211152,True
HTL,2024-09-25,TRENDING_UP,False,False,,,False
HTL,2024-03-29,TRENDING_UP,False,False,,,False
HTL,2021-04-21,RANGING,False,True,-4.604510666865576,-3.7595106668655767,False
HTL,2022-11-04,RANGING,False,False,,,False
HTL,2021-09-27,RANGING,False,False,,,False
HTL,2021-04-23,RANGING,False,True,-0.05821793863099922,0.7867820613690008,False
HTL,2022-11-30,RANGING,False,False,,,False
HTL,2021-05-18,TRENDING_UP,False,True,-3.1974189968930364,-2.3524189968930362,False
HTL,2025-03-13,TRENDING_UP,False,False,,,False
HTL,2021-02-09,TRENDING_UP,False,False,,,False
HTL,2024-04-16,TRENDING_UP,False,True,-1.6109574468085095,-0.7659574468085095,False
HTL,2025-08-28,TRENDING_UP,False,False,,,False
HTL,2021-07-14,RANGING,False,True,6.496967710013203,8.488491423544945,True
HTL,2025-07-22,TRENDING_UP,False,False,,,False
HTL,2025-06-02,TRENDING_UP,False,False,,,False
HTL,2025-12-26,TRENDING_UP,False,True,4.75323503670242,6.437041219649905,True
HTL,2021-04-27,TRENDING_UP,False,True,-1.9422029052696552,-1.0972029052696552,False
HTL,2025-05-23,TRENDING_UP,False,True,2.0141197981559915,3.214552703712931,True
HTL,2026-04-03,VOLATILE,False,False,,,False
HUBC,2025-07-07,TRENDING_UP,False,False,,,False
HUBC,2020-10-13,VOLATILE,False,False,,,False
HUBC,2023-06-20,RANGING,False,False,,,False
HUBC,2020-12-08,TRENDING_UP,False,True,-1.5844156231365418,-0.7394156231365419,False
HUBC,2024-10-25,TRENDING_UP,False,False,,,False
HUBC,2024-06-26,TRENDING_UP,False,False,,,False
HUBC,2022-08-17,RANGING,False,False,,,False
HUBC,2022-08-05,RANGING,False,False,,,False
HUBC,2020-03-31,TRENDING_DOWN,False,True,4.906750000000001,6.61764705882353,True
HUBC,2023-12-20,VOLATILE,False,False,,,False
HUBC,2024-08-15,RANGING,False,False,,,False
HUBC,2022-02-17,RANGING,False,False,,,False
HUBC,2021-08-26,RANGING,False,False,,,False
HUBC,2026-07-06,TRENDING_UP,False,False,,,False
HUBC,2020-12-01,TRENDING_UP,False,False,,,False
HUBC,2024-05-31,TRENDING_UP,False,False,,,False
HUBC,2024-07-10,TRENDING_UP,False,False,,,False
HUBC,2024-05-22,TRENDING_UP,False,False,,,False
HUBC,2026-01-12,TRENDING_UP,False,False,,,False
HUBC,2024-03-19,TRENDING_UP,False,False,,,False
HUBC,2026-06-09,TRENDING_UP,False,True,-1.3122897196261682,-0.46728971962616817,False
HUBC,2020-09-08,TRENDING_UP,False,True,1.8575075757575759,3.0303030303030303,True
HUBC,2025-10-27,VOLATILE,False,True,-2.849716981132075,-2.0047169811320753,False
HUBC,2024-10-30,TRENDING_UP,False,False,,,False
HUMNL,2022-03-15,TRENDING_DOWN,False,False,,,False
HUMNL,2021-06-24,TRENDING_UP,False,False,,,False
HUMNL,2023-03-20,RANGING,False,False,,,False
HUMNL,2024-12-17,TRENDING_UP,False,False,,,False
HUMNL,2025-01-15,VOLATILE,False,True,-2.278691756272396,-1.4336917562723963,False
HUMNL,2020-06-10,RANGING,False,False,,,False
HUMNL,2022-10-26,RANGING,False,False,,,False
HUMNL,2025-04-09,RANGING,False,False,,,False
HUMNL,2020-02-11,RANGING,False,False,,,False
HUMNL,2024-05-13,TRENDING_UP,False,False,,,False
HUMNL,2024-06-20,TRENDING_UP,False,True,1.2997936847103513,2.3741690408357075,True
HUMNL,2025-12-17,TRENDING_UP,False,False,,,False
HUMNL,2023-07-31,TRENDING_UP,False,False,,,False
HUMNL,2024-05-17,TRENDING_UP,False,True,12.279737927565405,15.291750503018124,True
HUMNL,2025-05-16,TRENDING_UP,False,True,-0.021954732510290897,0.8230452674897091,False
HUMNL,2020-08-27,TRENDING_UP,False,True,-2.5052809706257966,-1.6602809706257968,False
HUMNL,2025-08-18,TRENDING_UP,False,False,,,False
HUMNL,2025-09-05,TRENDING_UP,False,False,,,False
HUSI,2023-06-08,RANGING,False,True,-0.845,0.0,False
HUSI,2025-07-24,TRENDING_UP,False,False,,,False
HUSI,2023-07-03,RANGING,False,False,,,False
HUSI,2024-01-29,RANGING,False,False,,,False
HUSI,2023-04-10,TRENDING_DOWN,False,True,-0.845,0.0,False
HUSI,2022-08-02,TRENDING_DOWN,False,False,,,False
HUSI,2025-01-16,TRENDING_UP,False,False,,,False
HUSI,2025-07-21,TRENDING_UP,False,True,-0.845,0.0,False
HUSI,2021-11-25,RANGING,False,True,2.206920068027221,3.44137655062026,True
HUSI,2025-12-12,TRENDING_UP,False,True,-4.6911538461538465,-3.8461538461538463,False
HUSI,2025-09-24,TRENDING_UP,False,False,,,False
HUSI,2025-07-16,TRENDING_UP,False,False,,,False
HUSI,2024-10-10,TRENDING_UP,False,False,,,False
HUSI,2025-04-23,VOLATILE,False,False,,,False
HUSI,2024-12-27,TRENDING_UP,False,True,-0.845,0.0,False
HWQS,2025-08-20,TRENDING_UP,False,True,38.59005039525692,46.24505928853755,True
HWQS,2025-11-10,TRENDING_UP,False,False,,,False
HWQS,2025-08-25,TRENDING_UP,False,False,,,False
HWQS,2026-05-13,TRENDING_UP,False,False,,,False
HWQS,2026-06-17,TRENDING_UP,False,True,15.694547281993206,19.309173272933183,True
HWQS,2025-09-16,TRENDING_UP,False,True,-8.46042122798668,-7.61542122798668,False
HWQS,2025-05-06,VOLATILE,False,True,-3.201902356902366,-2.356902356902366,False
HWQS,2025-07-11,TRENDING_UP,False,False,,,False
IBFL,2025-01-20,TRENDING_UP,False,True,-0.8421428571428597,0.0028571428571402585,False
IBFL,2025-08-04,TRENDING_UP,False,False,,,False
IBFL,2025-12-10,TRENDING_UP,False,False,,,False
IBFL,2024-12-11,TRENDING_UP,False,True,-0.845,0.0,False
IBFL,2025-04-22,TRENDING_UP,False,False,,,False
IBFL,2024-04-18,TRENDING_UP,False,True,-0.845,0.0,False
IBLHL,2025-05-13,VOLATILE,False,False,,,False
IBLHL,2022-05-09,RANGING,False,False,,,False
IBLHL,2022-04-08,RANGING,False,False,,,False
IBLHL,2024-09-03,TRENDING_UP,False,False,,,False
IBLHL,2021-06-24,TRENDING_UP,False,True,-0.845,0.0,False
IBLHL,2024-11-05,TRENDING_UP,False,True,27.756749999999993,33.49999999999999,True
IBLHL,2023-05-02,RANGING,False,True,0.253605760773968,1.1433597185576094,True
IBLHL,2021-04-12,VOLATILE,False,False,,,False
IBLHL,2020-10-01,RANGING,False,False,,,False
IBLHL,2022-05-26,TRENDING_DOWN,False,False,,,False
IBLHL,2021-06-29,RANGING,False,True,1.5641574074074118,2.6851851851851904,True
IBLHL,2021-12-30,RANGING,False,True,2.1530371287128625,3.37798485730925,True
IBLHL,2022-11-11,RANGING,False,False,,,False
IBLHL,2020-12-10,TRENDING_UP,False,False,,,False
IBLHL,2025-06-30,TRENDING_UP,False,False,,,False
IBLHL,2021-11-08,TRENDING_UP,False,True,-3.5255385556915515,-2.6805385556915513,False
IBLHL,2025-12-16,TRENDING_UP,False,True,4.100221337579621,5.668789808917201,True
IBLHL,2025-05-12,VOLATILE,False,False,,,False
IBLHL,2021-03-09,VOLATILE,False,True,-0.845,0.0,False
IBLHL,2024-10-03,TRENDING_UP,False,False,,,False
ICCI,2024-09-13,TRENDING_UP,False,False,,,False
ICCI,2024-07-25,RANGING,False,False,,,False
ICCI,2026-06-17,TRENDING_UP,False,False,,,False
ICCI,2026-04-03,VOLATILE,False,True,7.453286286522159,9.613572101790776,True
ICCI,2024-10-07,TRENDING_UP,False,True,3.4871473013493266,4.9475262368815605,True
ICCI,2024-12-11,TRENDING_UP,False,False,,,False
ICCI,2024-10-28,TRENDING_UP,False,True,-1.4044405594405598,-0.5594405594405599,False
ICCI,2025-03-17,TRENDING_UP,False,False,,,False
ICCI,2024-12-16,TRENDING_UP,False,True,-8.844999999999997,-7.9999999999999964,False
ICI,2020-09-22,TRENDING_UP,False,True,-0.981798905608755,-0.13679890560875513,False
ICI,2020-11-04,VOLATILE,False,True,-1.5492253521126762,-0.7042253521126761,False
ICI,2020-09-30,RANGING,False,True,1.065641094724895,2.0986954055587,True
ICI,2022-10-20,RANGING,False,True,2.0966090792877545,3.3115989168091233,True
ICI,2021-05-18,TRENDING_UP,False,True,-1.529931506849315,-0.684931506849315,False
ICI,2021-05-26,TRENDING_UP,False,True,0.7306136363636362,1.7045454545454544,True
ICI,2020-07-24,RANGING,False,False,,,False
ICIBL,2025-09-09,TRENDING_UP,False,False,,,False
ICIBL,2025-12-23,TRENDING_UP,False,False,,,False
ICIBL,2024-06-14,TRENDING_UP,False,False,,,False
ICIBL,2025-10-03,TRENDING_UP,False,False,,,False
ICIBL,2024-11-08,TRENDING_UP,False,False,,,False
ICIBL,2025-11-25,TRENDING_UP,False,False,,,False
ICL,2023-02-21,VOLATILE,False,False,,,False
ICL,2026-01-29,VOLATILE,False,True,-0.9823111971039813,-0.13731119710398132,False
ICL,2021-02-18,RANGING,False,True,11.6871554054054,14.59459459459459,True
ICL,2021-10-26,VOLATILE,False,False,,,False
ICL,2023-07-20,TRENDING_UP,False,False,,,False
ICL,2021-07-29,RANGING,False,True,-0.845,0.0,False
ICL,2023-09-28,TRENDING_UP,False,False,,,False
ICL,2021-12-01,RANGING,False,True,-7.35760504201681,-6.51260504201681,False
ICL,2021-12-14,TRENDING_DOWN,False,False,,,False
ICL,2023-03-07,RANGING,False,True,-0.845,0.0,False
ICL,2022-08-29,RANGING,False,False,,,False
ICL,2022-12-29,TRENDING_DOWN,False,True,1.316740791896876,2.394106813996325,True
ICL,2023-03-06,RANGING,False,False,,,False
ICL,2021-01-15,TRENDING_UP,False,True,-2.792368421052637,-1.947368421052637,False
ICL,2020-09-07,TRENDING_UP,False,True,-3.951508875739637,-3.106508875739637,False
ICL,2024-03-15,TRENDING_UP,False,True,-0.845,0.0,False
ICL,2024-05-16,TRENDING_UP,False,True,5.798550757217232,7.666824420255566,True
ICL,2021-11-10,TRENDING_UP,False,True,-2.3894015444015393,-1.544401544401539,False
ICL,2025-07-22,TRENDING_UP,False,False,,,False
ICL,2024-10-10,TRENDING_UP,False,False,,,False
ICL,2025-06-13,TRENDING_UP,False,True,-3.6742438657986867,-2.829243865798687,False
ICL,2020-12-07,TRENDING_UP,False,True,0.9593815789473725,1.9736842105263206,True
ICL,2026-02-11,VOLATILE,False,True,-5.191163650267648,-4.346163650267648,False
ICL,2021-06-04,TRENDING_UP,False,True,-0.969843945068657,-0.12484394506865708,False
IDRT,2025-07-04,TRENDING_UP,False,False,,,False
IDRT,2025-02-13,RANGING,False,True,33.71968911007025,40.51522248243559,True
IDRT,2026-01-08,TRENDING_UP,False,True,-3.0918251383914077,-2.2468251383914075,False
IDRT,2024-08-12,RANGING,False,False,,,False
IDRT,2025-01-17,TRENDING_UP,False,True,-0.845,0.0,False
IDRT,2025-04-18,TRENDING_UP,False,False,,,False
IDRT,2025-11-04,VOLATILE,False,False,,,False
IDRT,2024-11-27,TRENDING_UP,False,False,,,False
IDRT,2025-04-28,VOLATILE,False,False,,,False
IDRT,2024-12-31,TRENDING_UP,False,True,10.90233371735792,13.671274961597552,True
IDSM,2025-07-17,TRENDING_UP,False,False,,,False
IDSM,2025-02-13,RANGING,False,False,,,False
IDSM,2025-06-02,TRENDING_UP,False,False,,,False
IDSM,2025-10-21,TRENDING_UP,False,True,-0.845,0.0,False
IDSM,2024-12-27,TRENDING_UP,False,False,,,False
IDSM,2026-04-28,TRENDING_UP,False,True,-2.28493937097385,-1.43993937097385,False
IDSM,2025-12-02,TRENDING_UP,False,False,,,False
IDSM,2025-05-08,VOLATILE,False,False,,,False
IDYM,2024-10-18,TRENDING_UP,False,True,-6.264024730599277,-5.419024730599277,False
IDYM,2024-06-25,TRENDING_UP,False,True,-0.09043946932005731,0.7545605306799427,False
IDYM,2024-09-25,TRENDING_UP,False,False,,,False
IDYM,2024-11-18,TRENDING_UP,False,True,-2.5392148760330553,-1.6942148760330555,False
IDYM,2024-05-10,TRENDING_UP,False,False,,,False
IDYM,2024-01-24,TRENDING_UP,False,True,0.23321717838011108,1.1193731510354248,True
IDYM,2025-10-28,VOLATILE,False,False,,,False
IGIHL,2023-02-23,RANGING,False,True,-0.845,0.0,False
IGIHL,2021-03-22,VOLATILE,False,False,,,False
IGIHL,2023-09-15,RANGING,False,True,-1.486025641025641,-0.641025641025641,False
IGIHL,2023-12-05,TRENDING_UP,False,False,,,False
IGIHL,2026-03-24,VOLATILE,False,False,,,False
IGIHL,2021-07-15,RANGING,False,True,2.528471311475414,3.819672131147546,True
IGIHL,2024-01-15,VOLATILE,False,True,-1.6911538461538418,-0.8461538461538418,False
IGIHL,2023-05-15,RANGING,False,True,2.7210563583815035,4.046242774566474,True
IGIHL,2020-08-27,TRENDING_UP,False,True,-1.2918828812884346,-0.4468828812884346,False
IGIHL,2026-01-15,TRENDING_UP,False,True,3.782600133592426,5.295117804226384,True
IGIHL,2023-11-30,TRENDING_UP,False,False,,,False
IGIHL,2022-05-09,RANGING,False,True,-0.845,0.0,False
IGIHL,2025-01-22,VOLATILE,False,False,,,False
IGIHL,2024-12-17,TRENDING_UP,False,False,,,False
IGIHL,2020-02-25,VOLATILE,False,False,,,False
IGIHL,2026-03-09,VOLATILE,False,False,,,False
IGIL,2025-04-24,VOLATILE,False,False,,,False
IGIL,2026-07-09,TRENDING_UP,False,True,-3.020012645422356,-2.1750126454223557,False
IGIL,2024-07-12,TRENDING_UP,False,True,1.6917116858237495,2.8352490421455876,True
IGIL,2022-10-27,RANGING,False,True,27.229749999999996,32.879999999999995,True
IGIL,2024-06-04,TRENDING_UP,False,True,-0.845,0.0,False
IGIL,2025-12-23,TRENDING_UP,False,False,,,False
IGIL,2025-10-03,TRENDING_UP,False,True,-6.426395348837206,-5.581395348837206,False
IGIL,2024-08-07,RANGING,False,True,-3.9699999999999998,-3.125,False
IGIL,2024-09-13,TRENDING_UP,False,False,,,False
IGIL,2023-05-31,RANGING,False,True,-1.4304800936768025,-0.5854800936768025,False
IGIL,2024-03-06,TRENDING_UP,False,True,-0.845,0.0,False
IGIL,2024-07-02,TRENDING_UP,False,False,,,False
IGIL,2023-05-11,RANGING,False,True,3.6485361409797052,5.137395459976124,True
ILP,2020-06-30,RANGING,False,False,,,False
ILP,2025-04-14,TRENDING_UP,False,True,-1.6481470250778476,-0.8031470250778476,False
ILP,2020-01-15,TRENDING_UP,False,True,-0.7579829446571578,0.08701705534284225,False
ILP,2024-10-17,TRENDING_UP,False,False,,,False
ILP,2022-04-19,RANGING,False,False,,,False
ILP,2022-04-13,RANGING,False,False,,,False
ILP,2024-06-20,TRENDING_UP,False,False,,,False
ILP,2022-04-28,RANGING,False,False,,,False
ILP,2024-03-07,TRENDING_UP,False,False,,,False
ILP,2024-04-25,TRENDING_UP,False,True,-1.8523875083948957,-1.0073875083948958,False
ILP,2024-10-04,TRENDING_UP,False,True,0.38108333333333194,1.2933333333333317,True
ILP,2025-07-04,TRENDING_UP,False,False,,,False
ILP,2024-09-20,TRENDING_UP,False,False,,,False
ILP,2024-12-16,TRENDING_UP,False,False,,,False
ILP,2025-09-16,TRENDING_UP,False,False,,,False
ILP,2026-07-01,TRENDING_UP,False,True,-1.7883962264150943,-0.9433962264150944,False
ILP,2020-04-22,VOLATILE,False,False,,,False
ILP,2025-04-15,TRENDING_UP,False,False,,,False
ILP,2020-11-03,VOLATILE,False,False,,,False
ILP,2021-05-27,TRENDING_UP,False,True,4.077592613214566,5.64216778025243,True
ILTM,2021-03-17,VOLATILE,False,False,,,False
IMAGE,2024-03-28,TRENDING_UP,False,False,,,False
IMAGE,2025-12-26,TRENDING_UP,False,True,1.2143254606036793,2.273618188945505,True
IMAGE,2025-03-04,RANGING,False,False,,,False
IMAGE,2026-07-07,TRENDING_UP,False,True,-2.4347047691143135,-1.5897047691143136,False
IMAGE,2025-08-13,TRENDING_UP,False,False,,,False
IMAGE,2026-01-09,TRENDING_UP,False,True,-1.902993730407522,-1.057993730407522,False
IMAGE,2024-05-06,TRENDING_UP,False,True,-1.8212900976290136,-0.9762900976290136,False
IMAGE,2026-01-21,TRENDING_UP,False,True,-3.166296978629326,-2.321296978629326,False
IMAGE,2024-05-30,TRENDING_UP,False,False,,,False
IMAGE,2025-04-11,VOLATILE,False,False,,,False
IMAGE,2024-05-10,TRENDING_UP,False,False,,,False
IML,2025-03-10,TRENDING_UP,False,True,-0.845,0.0,False
IML,2025-10-22,TRENDING_UP,False,True,-6.575769230769224,-5.730769230769225,False
IML,2024-11-19,TRENDING_UP,False,True,8.557335696670775,10.912453760789147,True
IML,2025-12-26,TRENDING_UP,False,True,-1.240256916996053,-0.39525691699605303,False
IML,2025-08-04,TRENDING_UP,False,True,-0.845,0.0,False
IML,2026-02-25,VOLATILE,False,True,9.081842980009284,11.5295211529521,True
IMS,2026-06-08,TRENDING_UP,False,False,,,False
IMS,2025-07-21,TRENDING_UP,False,True,-1.980288552507105,-1.135288552507105,False
IMS,2025-10-30,VOLATILE,False,False,,,False
IMS,2026-07-08,TRENDING_UP,False,False,,,False
IMS,2025-09-09,TRENDING_UP,False,True,12.34862163720215,15.372790161414295,True
IMS,2025-09-30,TRENDING_UP,False,True,1.5433907982261719,2.6607538802660846,True
INDU,2021-03-19,VOLATILE,False,True,5.07305856187754,6.813304190444164,True
INDU,2020-11-02,VOLATILE,False,False,,,False
INDU,2021-04-19,RANGING,False,False,,,False
INDU,2020-11-04,VOLATILE,False,False,,,False
INDU,2021-05-24,TRENDING_UP,False,False,,,False
INDU,2023-05-05,RANGING,False,True,-1.7883333333333344,-0.9433333333333344,False
INDU,2020-06-12,RANGING,False,False,,,False
INDU,2022-11-16,RANGING,False,False,,,False
INDU,2024-08-27,RANGING,False,False,,,False
INDU,2025-07-09,TRENDING_UP,False,False,,,False
INDU,2021-12-07,VOLATILE,False,False,,,False
INDU,2020-08-28,TRENDING_UP,False,True,-2.644849510910465,-1.7998495109104646,False
INDU,2025-09-17,TRENDING_UP,False,False,,,False
INDU,2020-02-13,VOLATILE,False,True,1.2328478043912174,2.2954091816367264,True
INDU,2025-03-06,TRENDING_UP,False,False,,,False
INDU,2025-01-23,TRENDING_UP,False,True,-1.164512195121949,-0.319512195121949,False
INDU,2021-05-20,TRENDING_UP,False,True,1.1961644144144146,2.2522522522522523,True
INDU,2025-10-31,VOLATILE,False,False,,,False
INIL,2021-04-27,TRENDING_UP,False,True,-3.296456310679617,-2.4514563106796174,False
INIL,2020-11-04,VOLATILE,False,False,,,False
INIL,2026-02-11,VOLATILE,False,True,-3.90929232192415,-3.0642923219241505,False
INIL,2025-04-08,RANGING,False,True,-0.4209493670886155,0.42405063291138445,False
INIL,2023-07-19,TRENDING_UP,False,False,,,False
INIL,2026-01-12,TRENDING_UP,False,True,-1.8172222222222298,-0.9722222222222299,False
INIL,2026-03-26,VOLATILE,False,True,-3.8788072239983533,-3.0338072239983536,False
INIL,2025-11-12,VOLATILE,False,False,,,False
INIL,2021-02-22,RANGING,False,True,-1.3304368932038835,-0.48543689320388345,False
INIL,2021-09-15,RANGING,False,False,,,False
INIL,2023-01-06,RANGING,False,True,-5.603053646043943,-4.758053646043943,False
INIL,2026-07-09,TRENDING_UP,False,False,,,False
INIL,2025-09-02,TRENDING_UP,False,False,,,False
INIL,2024-03-25,TRENDING_UP,False,False,,,False
INIL,2021-11-10,TRENDING_UP,False,False,,,False
INIL,2026-05-12,TRENDING_UP,False,True,2.0556938890680434,3.2634633989035806,True
INIL,2023-08-01,TRENDING_UP,False,True,-2.513039538714996,-1.6680395387149962,False
INIL,2023-11-08,TRENDING_UP,False,False,,,False
INIL,2026-06-01,TRENDING_UP,False,False,,,False
INIL,2024-10-08,TRENDING_UP,False,False,,,False
INIL,2023-07-19,TRENDING_UP,False,False,,,False
INIL,2020-02-14,VOLATILE,False,False,,,False
INIL,2024-04-02,TRENDING_UP,False,False,,,False
INKL,2026-06-10,RANGING,False,False,,,False
INKL,2024-11-26,TRENDING_UP,False,False,,,False
INKL,2022-07-20,TRENDING_DOWN,False,False,,,False
INKL,2021-07-15,RANGING,False,True,-0.845,0.0,False
INKL,2025-10-10,TRENDING_UP,False,True,-4.402760453579009,-3.557760453579009,False
INKL,2024-07-26,RANGING,False,True,22.17418027888445,26.932270916334648,True
INKL,2025-06-05,TRENDING_UP,False,False,,,False
INKL,2024-07-26,RANGING,False,True,22.17418027888445,26.932270916334648,True
INKL,2025-05-20,TRENDING_UP,False,True,2.514144366197189,3.8028169014084576,True
INKL,2025-05-05,VOLATILE,False,False,,,False
INKL,2025-09-10,TRENDING_UP,False,False,,,False
IPAK,2026-01-01,TRENDING_UP,False,False,,,False
IPAK,2026-01-05,TRENDING_UP,False,False,,,False
IPAK,2024-11-01,TRENDING_UP,False,False,,,False
IPAK,2025-09-12,TRENDING_UP,False,True,-1.6555802047781625,-0.8105802047781625,False
IPAK,2024-06-04,TRENDING_UP,False,True,-2.666946169772247,-1.8219461697722472,False
IPAK,2026-02-19,VOLATILE,False,False,,,False
IPAK,2025-07-23,TRENDING_UP,False,True,0.1683210560625757,1.0430247718383243,True
ISIL,2024-10-30,TRENDING_UP,False,False,,,False
ISIL,2026-07-07,TRENDING_UP,False,True,-1.4571149035996673,-0.6121149035996674,False
ISIL,2024-08-28,RANGING,False,True,6.094783333333334,8.015333333333334,True
ISIL,2020-10-28,TRENDING_UP,False,False,,,False
ISIL,2022-03-09,TRENDING_DOWN,False,False,,,False
ISIL,2022-03-09,TRENDING_DOWN,False,False,,,False
ISIL,2026-01-26,TRENDING_UP,False,True,-0.8956072874493927,-0.05060728744939271,False
ISIL,2025-03-24,TRENDING_UP,False,True,0.3870785477636643,1.3003865267807815,True
ISIL,2025-09-15,TRENDING_UP,False,False,,,False
ISIL,2025-12-01,TRENDING_UP,False,False,,,False
ISIL,2025-10-06,TRENDING_UP,False,True,-2.993148148148152,-2.1481481481481524,False
ISL,2020-04-09,VOLATILE,False,True,0.3751277989518947,1.2863268222963467,True
ISL,2021-02-19,RANGING,False,True,-0.20654095877069212,0.6384590412293079,False
ISL,2024-01-24,TRENDING_UP,False,False,,,False
ISL,2023-11-03,TRENDING_UP,False,True,4.227151808565097,5.818119774782467,True
ISL,2025-06-26,TRENDING_UP,False,False,,,False
ISL,2020-05-15,VOLATILE,False,False,,,False
ISL,2023-12-08,TRENDING_UP,False,True,-2.200522748624352,-1.3555227486243524,False
ISL,2021-07-26,RANGING,False,True,-1.8673358150905675,-1.0223358150905675,False
ISL,2020-10-15,VOLATILE,False,True,2.5017190184481026,3.788198845233062,True
ISL,2021-04-16,RANGING,False,True,-3.1883242506812053,-2.343324250681205,False
ISL,2021-05-06,RANGING,False,False,,,False
ISL,2024-10-03,TRENDING_UP,False,False,,,False
ISL,2024-03-08,TRENDING_UP,False,False,,,False
ISL,2024-04-03,TRENDING_UP,False,True,8.656749999999999,11.029411764705882,True
ISL,2024-05-27,TRENDING_UP,False,True,4.220587920489297,5.81039755351682,True
ISL,2025-06-16,TRENDING_UP,False,True,-0.845,0.0,False
ISL,2025-10-15,TRENDING_UP,False,True,-3.552664066085363,-2.707664066085363,False
ISL,2024-08-29,TRENDING_UP,False,False,,,False
ISL,2024-12-17,TRENDING_UP,False,False,,,False
ISL,2025-06-13,TRENDING_UP,False,True,-3.092191011235955,-2.247191011235955,False
ISL,2025-03-19,TRENDING_UP,False,False,,,False
ISL,2020-05-07,VOLATILE,False,False,,,False
ISL,2025-04-09,RANGING,False,False,,,False
ITANZ,2026-05-07,TRENDING_UP,True,True,10.392861111111111,13.071895424836603,True
ITTEFAQ,2021-12-15,VOLATILE,False,True,-4.112411865864151,-3.267411865864151,False
ITTEFAQ,2022-11-23,RANGING,False,True,-0.845,0.0,False
ITTEFAQ,2024-03-15,TRENDING_UP,False,True,-2.6854907975460005,-1.8404907975460003,False
ITTEFAQ,2023-07-07,TRENDING_UP,False,False,,,False
ITTEFAQ,2026-01-13,TRENDING_UP,False,True,-3.9789031339031347,-3.133903133903135,False
ITTEFAQ,2020-06-23,RANGING,False,False,,,False
ITTEFAQ,2021-07-30,RANGING,False,False,,,False
ITTEFAQ,2026-07-02,TRENDING_UP,False,False,,,False
ITTEFAQ,2023-03-17,RANGING,False,True,15.399514471057888,18.962075848303396,True
ITTEFAQ,2020-11-06,TRENDING_UP,False,True,-0.4474985803520711,0.3975014196479289,False
ITTEFAQ,2023-05-05,RANGING,False,True,-2.3894015444015455,-1.5444015444015458,False
ITTEFAQ,2026-06-05,TRENDING_UP,False,True,1.5132535799522555,2.6252983293555947,True
ITTEFAQ,2020-12-03,TRENDING_UP,False,False,,,False
ITTEFAQ,2024-03-26,TRENDING_UP,False,False,,,False
ITTEFAQ,2024-05-22,TRENDING_UP,False,True,-0.845,0.0,False
ITTEFAQ,2020-05-04,VOLATILE,False,False,,,False
ITTEFAQ,2021-06-15,TRENDING_UP,False,False,,,False
JATM,2024-09-05,TRENDING_UP,False,False,,,False
JATM,2024-09-11,TRENDING_UP,False,True,-7.768500275178858,-6.923500275178858,False
JATM,2025-01-08,TRENDING_UP,False,False,,,False
JATM,2024-08-12,RANGING,False,True,21.160448224852065,25.739644970414194,True
JATM,2024-10-09,TRENDING_UP,False,True,-1.0420443349753703,-0.19704433497537027,False
JATM,2024-11-06,TRENDING_UP,False,True,-0.845,0.0,False
JATM,2025-01-30,VOLATILE,False,True,-0.845,0.0,False
JATM,2025-11-26,TRENDING_UP,False,False,,,False
JATM,2024-07-22,RANGING,False,True,-3.0947750224977506,-2.2497750224977504,False
JDMT,2026-04-22,TRENDING_UP,False,True,9.126175237683658,11.581676750216069,True
JDMT,2025-05-30,TRENDING_UP,False,False,,,False
JDMT,2025-04-08,RANGING,False,True,2.30678620939375,3.5588661286985293,True
JDMT,2025-08-04,TRENDING_UP,False,False,,,False
JDMT,2024-10-21,TRENDING_UP,False,False,,,False
JDMT,2025-07-16,TRENDING_UP,False,False,,,False
JDMT,2025-02-06,VOLATILE,False,True,-1.164488817891386,-0.3194888178913859,False
JDWS,2024-05-22,TRENDING_UP,False,True,0.5696287878787879,1.5151515151515151,True
JDWS,2024-10-01,TRENDING_UP,False,False,,,False
JDWS,2024-10-11,TRENDING_UP,False,True,0.3589615384615437,1.2673076923076985,True
JDWS,2024-06-04,TRENDING_UP,False,True,-4.13711333100142,-3.29211333100142,False
JDWS,2024-03-15,TRENDING_UP,False,True,-0.8718876341326327,-0.0268876341326327,False
JDWS,2026-05-06,VOLATILE,False,True,-0.21302458580770067,0.6319754141922993,False
JGICL,2024-10-16,TRENDING_UP,False,True,8.511059035687166,10.858010630220196,True
JGICL,2023-02-07,VOLATILE,False,False,,,False
JGICL,2026-01-27,TRENDING_UP,False,False,,,False
JGICL,2023-08-01,TRENDING_UP,False,False,,,False
JGICL,2023-02-07,VOLATILE,False,False,,,False
JGICL,2025-10-21,TRENDING_UP,False,False,,,False
JGICL,2025-03-10,TRENDING_UP,False,True,-3.109212412445024,-2.2642124124450245,False
JGICL,2024-05-17,TRENDING_UP,False,True,11.584381578947369,14.473684210526317,True
JGICL,2021-08-10,RANGING,False,True,-1.1962880562061022,-0.35128805620610226,False
JGICL,2020-06-04,RANGING,False,False,,,False
JGICL,2020-06-26,RANGING,False,False,,,False
JGICL,2020-10-01,RANGING,False,True,-1.0514220183486316,-0.20642201834863166,False
JGICL,2025-09-02,TRENDING_UP,False,True,-0.845,0.0,False
JGICL,2025-03-14,TRENDING_UP,False,False,,,False
JGICL,2024-07-03,TRENDING_UP,False,False,,,False
JGICL,2025-08-29,TRENDING_UP,False,False,,,False
JGICL,2021-06-03,TRENDING_UP,False,False,,,False
JGICL,2023-07-19,TRENDING_UP,False,False,,,False
JGICL,2024-05-10,TRENDING_UP,False,False,,,False
JGICL,2026-04-06,VOLATILE,False,False,,,False
JGICL,2025-01-21,TRENDING_UP,False,False,,,False
JKSM,2026-04-08,VOLATILE,False,True,0.2936547619047619,1.1904761904761905,True
JKSM,2024-11-04,TRENDING_UP,False,True,10.615083333333333,13.333333333333334,True
JKSM,2026-01-13,TRENDING_UP,False,True,-2.6259597065262357,-1.7809597065262357,False
JKSM,2024-06-05,RANGING,False,True,9.45549517374518,11.969111969111976,True
JKSM,2024-10-23,TRENDING_UP,False,False,,,False
JKSM,2025-07-08,TRENDING_UP,False,False,,,False
JKSM,2024-05-06,TRENDING_UP,False,True,39.38588773951681,47.1813385170786,True
JLICL,2025-10-14,TRENDING_UP,False,False,,,False
JLICL,2024-01-31,RANGING,False,False,,,False
JLICL,2024-09-24,TRENDING_UP,False,False,,,False
JLICL,2023-10-13,TRENDING_UP,False,False,,,False
JLICL,2020-04-20,VOLATILE,False,True,1.40675,2.5,True
JLICL,2022-11-21,RANGING,False,True,-0.845,0.0,False
JLICL,2022-08-25,RANGING,False,True,-0.845,0.0,False
JLICL,2025-11-17,VOLATILE,False,False,,,False
JLICL,2024-11-21,TRENDING_UP,False,False,,,False
JLICL,2021-01-11,TRENDING_UP,False,True,-0.845,0.0,False
JLICL,2020-05-11,VOLATILE,False,False,,,False
JLICL,2025-08-04,TRENDING_UP,False,False,,,False
JLICL,2021-02-15,TRENDING_UP,False,True,1.7791765462780529,2.93814887797418,True
JLICL,2026-02-02,TRENDING_UP,False,False,,,False
JLICL,2020-12-18,TRENDING_UP,False,True,-2.1607894736842104,-1.3157894736842104,False
JLICL,2025-06-05,TRENDING_UP,False,False,,,False
JOPP,2024-04-04,TRENDING_UP,False,True,-0.845,0.0,False
JOPP,2021-02-03,TRENDING_UP,False,True,1.5958861256544452,2.7225130890052296,True
JOPP,2020-06-09,RANGING,False,False,,,False
JOPP,2023-04-18,RANGING,False,True,0.5351012064343262,1.4745308310992074,True
JOPP,2022-03-16,TRENDING_DOWN,False,False,,,False
JOPP,2022-04-19,RANGING,False,False,,,False
JSBL,2025-06-18,RANGING,False,False,,,False
JSBL,2023-05-04,RANGING,False,True,-0.845,0.0,False
JSBL,2020-06-08,RANGING,False,True,1.808289278131629,2.972399150743093,True
JSBL,2025-09-03,TRENDING_UP,False,False,,,False
JSBL,2021-01-27,TRENDING_UP,False,True,-4.2696575342465755,-3.4246575342465753,False
JSBL,2025-06-13,TRENDING_UP,False,True,2.7511377551020284,4.0816326530612095,True
JSBL,2022-09-19,TRENDING_DOWN,False,False,,,False
JSBL,2021-08-31,RANGING,False,True,-0.45665048543690145,0.3883495145630985,False
JSBL,2022-01-21,RANGING,False,True,-0.845,0.0,False
JSBL,2020-07-24,RANGING,False,False,,,False
JSBL,2026-06-24,TRENDING_UP,False,True,-4.605000000000005,-3.760000000000005,False
JSBL,2021-11-10,TRENDING_UP,False,True,-2.0474048096192483,-1.2024048096192483,False
JSBL,2023-09-28,TRENDING_UP,False,True,-1.1971126760563304,-0.3521126760563305,False
JSBL,2024-06-20,TRENDING_UP,False,True,-2.034189189189183,-1.189189189189183,False
JSBL,2025-01-21,TRENDING_UP,False,False,,,False
JSBL,2024-06-24,TRENDING_UP,False,False,,,False
JSBL,2024-06-24,TRENDING_UP,False,False,,,False
JSBL,2024-02-19,VOLATILE,False,False,,,False
JSBL,2025-10-14,TRENDING_UP,False,False,,,False
JSCL,2024-12-05,TRENDING_UP,False,True,-1.9982125205930852,-1.1532125205930852,False
JSCL,2025-12-18,TRENDING_UP,False,False,,,False
JSCL,2025-10-22,TRENDING_UP,False,False,,,False
JSCL,2026-06-12,TRENDING_UP,False,False,,,False
JSCL,2026-04-22,TRENDING_UP,False,False,,,False
JSCL,2025-11-27,TRENDING_UP,False,False,,,False
JSCL,2024-09-10,TRENDING_UP,False,True,-1.4186137667304006,-0.5736137667304007,False
JSCL,2025-10-15,TRENDING_UP,False,True,-0.8803857041755186,-0.035385704175518624,False
JSCL,2025-09-17,TRENDING_UP,False,True,15.70142871485945,19.317269076305234,True
JSCL,2024-10-04,TRENDING_UP,False,False,,,False
JSCL,2025-08-18,TRENDING_UP,False,True,-1.2539979550102163,-0.40899795501021624,False
JSCLPSA,2024-09-18,TRENDING_UP,False,False,,,False
JSCLPSA,2025-03-12,TRENDING_UP,False,True,3.1674642857142894,4.571428571428576,True
JSCLPSA,2025-09-02,TRENDING_UP,False,False,,,False
JSCLPSA,2024-07-12,TRENDING_UP,False,True,0.562571917808223,1.5068493150684976,True
JSCLPSA,2024-11-01,TRENDING_UP,False,True,-2.0949999999999953,-1.2499999999999956,False
JSCLPSA,2025-09-02,TRENDING_UP,False,False,,,False
JSCLPSA,2025-02-06,VOLATILE,False,False,,,False
JSGBETF,2026-06-18,TRENDING_UP,False,True,-2.082864077669915,-1.2378640776699152,False
JSGBETF,2024-03-01,TRENDING_UP,False,False,,,False
JSGBETF,2025-10-15,TRENDING_UP,False,True,-1.8401400138856738,-0.995140013885674,False
JSGBETF,2025-12-26,TRENDING_UP,False,False,,,False
JSGBETF,2026-05-08,TRENDING_UP,False,True,-1.671860435980953,-0.826860435980953,False
JSGBETF,2024-10-02,TRENDING_UP,False,False,,,False
JSGBETF,2026-05-21,VOLATILE,False,True,0.15354487179486873,1.025641025641022,True
JSGBETF,2025-03-19,TRENDING_UP,False,False,,,False
JSGCL,2024-12-11,TRENDING_UP,False,False,,,False
JSGCL,2024-12-12,TRENDING_UP,False,True,-1.5434126984126948,-0.6984126984126948,False
JSGCL,2025-08-07,TRENDING_UP,False,True,5.628574842986733,7.466852756454981,True
JSGCL,2025-08-21,TRENDING_UP,False,True,-0.845,0.0,False
JSGCL,2025-04-03,TRENDING_UP,False,True,-4.5024487065120375,-3.657448706512038,False
JSGCL,2024-05-14,TRENDING_UP,False,False,,,False
JSGCL,2026-07-03,TRENDING_UP,False,True,1.612645795246801,2.7422303473491776,True
JSGCL,2024-10-07,TRENDING_UP,False,False,,,False
JSIL,2024-04-22,TRENDING_UP,False,True,12.140296168958734,15.127701375245572,True
JSIL,2025-07-16,TRENDING_UP,False,True,3.554068079519879,5.026256564141034,True
JSIL,2025-01-01,TRENDING_UP,False,False,,,False
JSIL,2025-07-25,TRENDING_UP,False,True,2.3174642857142858,3.571428571428571,True
JSIL,2026-01-22,TRENDING_UP,False,True,-0.028869419107048877,0.8161305808929511,False
JSIL,2024-04-25,TRENDING_UP,False,False,,,False
JSIL,2024-10-22,TRENDING_UP,False,True,5.115840909090915,6.86363636363637,True
JSIL,2025-11-18,VOLATILE,False,False,,,False
JSMFETF,2025-11-27,TRENDING_UP,False,False,,,False
JSMFETF,2025-07-14,TRENDING_UP,False,True,-2.233888888888892,-1.3888888888888922,False
JSMFETF,2024-12-20,TRENDING_UP,False,False,,,False
JSMFETF,2025-07-18,TRENDING_UP,False,True,-1.1280188679245222,-0.2830188679245223,False
JSMFETF,2026-06-30,TRENDING_UP,False,False,,,False
JSMFETF,2025-03-27,TRENDING_UP,False,False,,,False
JSML,2025-06-19,RANGING,False,True,-8.844999999999995,-7.999999999999995,False
JSML,2025-10-17,TRENDING_UP,False,True,3.678301724137931,5.172413793103448,True
JSML,2024-10-21,TRENDING_UP,False,False,,,False
JSML,2024-07-25,RANGING,False,False,,,False
JSML,2026-03-17,VOLATILE,False,True,16.532210405156533,20.294659300184158,True
JSML,2024-07-24,TRENDING_UP,False,True,-1.548871292106589,-0.703871292106589,False
JSML,2024-11-08,TRENDING_UP,False,False,,,False
JSML,2024-09-10,TRENDING_UP,False,True,-8.844999999999999,-7.999999999999999,False
JSML,2025-07-10,TRENDING_UP,False,False,,,False
JSML,2025-04-23,VOLATILE,False,True,-7.244999999999997,-6.399999999999998,False
JUBS,2025-03-19,TRENDING_UP,False,True,3.4850467032967134,4.945054945054957,True
JUBS,2026-02-02,TRENDING_UP,False,True,1.456168604651166,2.5581395348837246,True
JUBS,2025-10-08,TRENDING_UP,False,False,,,False
JUBS,2024-08-28,RANGING,False,True,5.075708171959714,6.816421378776134,True
JUBS,2020-03-02,VOLATILE,False,True,-0.845,0.0,False
JUBS,2022-06-07,TRENDING_DOWN,False,True,3.266124999999998,4.687499999999997,True
JUBS,2023-07-21,TRENDING_UP,False,True,7.3671158536585475,9.512195121951233,True
JUBS,2026-01-19,TRENDING_UP,False,True,-6.80261695321872,-5.957616953218721,False
JUBS,2025-06-05,TRENDING_UP,False,False,,,False
JUBS,2023-12-01,TRENDING_UP,False,False,,,False
JUBS,2022-06-22,RANGING,False,False,,,False
JUBS,2024-12-17,TRENDING_UP,False,True,-0.845,0.0,False
JUBS,2022-04-08,RANGING,False,False,,,False
JUBS,2024-08-23,TRENDING_UP,False,True,-0.974870129870127,-0.12987012987012708,False
JUBS,2020-09-22,TRENDING_UP,False,True,-3.6958771929824534,-2.8508771929824537,False
JUBS,2024-01-16,VOLATILE,False,False,,,False
JUBS,2022-07-01,VOLATILE,False,True,3.266124999999998,4.687499999999997,True
JUBS,2025-09-29,TRENDING_UP,False,False,,,False
JVDC,2026-03-12,VOLATILE,False,True,-1.3425124378109452,-0.4975124378109453,False
JVDC,2023-03-15,RANGING,False,True,-0.845,0.0,False
JVDC,2020-08-03,TRENDING_UP,False,False,,,False
JVDC,2025-09-22,TRENDING_UP,False,False,,,False
JVDC,2024-03-07,TRENDING_UP,False,False,,,False
JVDC,2022-01-03,RANGING,False,False,,,False
JVDC,2025-02-13,RANGING,False,True,-2.4843442622950818,-1.639344262295082,False
JVDC,2024-06-06,RANGING,False,False,,,False
JVDC,2020-08-25,TRENDING_UP,False,True,-0.845,0.0,False
JVDC,2023-12-06,TRENDING_UP,False,False,,,False
JVDC,2023-03-15,RANGING,False,True,-0.845,0.0,False
JVDC,2024-09-24,TRENDING_UP,False,False,,,False
JVDC,2023-07-20,TRENDING_UP,False,True,4.873855263157894,6.578947368421052,True
JVDC,2024-09-11,TRENDING_UP,False,True,0.3439844413896527,1.2496875781054737,True
JVDC,2025-10-15,TRENDING_UP,False,False,,,False
JVDC,2021-11-05,TRENDING_UP,False,False,,,False
JVDC,2025-06-25,TRENDING_UP,False,True,1.0969394669235686,2.135517019910081,True
JVDC,2025-06-10,TRENDING_UP,False,False,,,False
JVDC,2026-03-19,VOLATILE,False,False,,,False
JVDC,2023-10-11,TRENDING_UP,False,False,,,False
JVDCPS,2021-10-28,RANGING,False,False,,,False
JVDCPS,2026-06-01,TRENDING_UP,False,True,6.151797543581617,8.082408874801903,True
KAPCO,2024-01-09,VOLATILE,False,True,0.7907974564697838,1.775349948787981,True
KAPCO,2022-01-21,RANGING,False,False,,,False
KAPCO,2025-07-25,TRENDING_UP,False,True,-1.0816863905325393,-0.23668639053253934,False
KAPCO,2025-08-13,TRENDING_UP,False,True,1.4995605501985294,2.6091888825865053,True
KAPCO,2022-02-18,TRENDING_UP,False,True,-1.6488585209003215,-0.8038585209003215,False
KAPCO,2023-06-06,RANGING,False,True,-1.461197183098594,-0.6161971830985941,False
KAPCO,2021-07-15,RANGING,False,False,,,False
KAPCO,2022-01-19,RANGING,False,False,,,False
KAPCO,2020-05-19,RANGING,False,False,,,False
KAPCO,2023-11-10,TRENDING_UP,False,False,,,False
KAPCO,2026-05-12,TRENDING_UP,False,True,-0.845,0.0,False
KAPCO,2023-01-31,VOLATILE,False,True,-0.9529136690647523,-0.10791366906475229,False
KAPCO,2025-04-21,TRENDING_UP,False,False,,,False
KAPCO,2020-12-08,TRENDING_UP,False,True,-0.845,0.0,False
KAPCO,2024-12-17,TRENDING_UP,False,False,,,False
KAPCO,2023-12-13,TRENDING_UP,False,True,0.34916573033707593,1.2557832121612658,True
KAPCO,2025-06-24,TRENDING_UP,False,False,,,False
KAPCO,2026-01-19,TRENDING_UP,False,False,,,False
KASBM,2021-03-24,VOLATILE,False,False,,,False
KASBM,2020-07-29,TRENDING_UP,False,False,,,False
KASBM,2021-01-01,TRENDING_UP,False,True,21.781750000000002,26.47058823529412,True
KASBM,2021-02-23,RANGING,False,False,,,False
KASBM,2020-12-21,TRENDING_UP,False,True,-0.845,0.0,False
KASBM,2020-07-08,RANGING,False,True,-0.845,0.0,False
KASBM,2022-06-22,RANGING,False,False,,,False
KCL,2020-07-09,RANGING,False,False,,,False
KCL,2024-09-11,TRENDING_UP,False,False,,,False
KCL,2020-01-30,RANGING,False,False,,,False
KCL,2026-04-22,TRENDING_UP,False,False,,,False
KCL,2026-01-09,TRENDING_UP,False,False,,,False
KCL,2024-07-30,RANGING,False,False,,,False
KCL,2020-08-27,TRENDING_UP,False,True,6.291001810136769,8.246178600160905,True
KEL,2021-11-12,RANGING,False,True,-2.604530791788858,-1.7595307917888579,False
KEL,2026-06-08,TRENDING_UP,False,False,,,False
KEL,2024-10-09,TRENDING_UP,False,False,,,False
KEL,2020-09-29,RANGING,False,False,,,False
KEL,2021-02-18,RANGING,False,False,,,False
KEL,2021-08-12,RANGING,False,True,-1.3741005291005295,-0.5291005291005296,False
KEL,2025-03-04,RANGING,False,True,-2.2024660633484077,-1.3574660633484075,False
KEL,2021-02-01,TRENDING_UP,False,True,1.1706388888888821,2.2222222222222143,True
KEL,2025-12-18,TRENDING_UP,False,True,2.766598484848478,4.099821746880562,True
KEL,2025-02-25,TRENDING_UP,False,True,-2.591724890829696,-1.746724890829696,False
KEL,2026-01-08,TRENDING_UP,False,True,-3.6400310559006304,-2.79503105590063,False
KEL,2025-08-29,TRENDING_UP,False,False,,,False
KEL,2023-10-26,TRENDING_UP,False,True,-1.1545975232198076,-0.3095975232198076,False
KEL,2025-09-02,TRENDING_UP,False,True,6.3920161596958245,8.365019011406853,True
KEL,2021-02-01,TRENDING_UP,False,True,1.1706388888888821,2.2222222222222143,True
KEL,2021-03-15,VOLATILE,False,False,,,False
KEL,2021-06-07,TRENDING_UP,False,False,,,False
KHTC,2024-05-16,TRENDING_UP,False,True,-0.845,0.0,False
KHTC,2024-04-17,TRENDING_UP,False,True,-0.8487035665345694,-0.003703566534569425,False
KHTC,2024-07-01,TRENDING_UP,False,True,1.7991716027874567,2.961672473867596,True
KHTC,2024-05-08,TRENDING_UP,False,True,0.7898145161290322,1.7741935483870968,True
KHTC,2024-11-27,TRENDING_UP,False,False,,,False
KHTC,2024-01-18,VOLATILE,False,False,,,False
KHTC,2024-03-25,TRENDING_UP,False,True,-3.3719553026003917,-2.526955302600392,False
KHTC,2026-07-02,TRENDING_UP,False,False,,,False
KHTC,2024-01-30,VOLATILE,False,False,,,False
KHTC,2024-04-03,TRENDING_UP,False,True,-1.917318301621124,-1.072318301621124,False
KHTC,2024-01-11,VOLATILE,False,False,,,False
KHTC,2024-05-15,TRENDING_UP,False,False,,,False
KHYT,2024-06-05,RANGING,False,True,-1.6386507936507937,-0.7936507936507936,False
KHYT,2026-01-09,TRENDING_UP,False,True,-2.862279439311589,-2.017279439311589,False
KHYT,2024-08-13,RANGING,False,True,-0.845,0.0,False
KHYT,2025-08-12,TRENDING_UP,False,True,-0.845,0.0,False
KHYT,2025-01-09,VOLATILE,False,True,2.0065613207547184,3.205660377358492,True
KHYT,2025-12-17,TRENDING_UP,False,False,,,False
KHYT,2021-10-26,VOLATILE,False,False,,,False
KHYT,2025-09-03,TRENDING_UP,False,False,,,False
KML,2024-05-27,TRENDING_UP,False,True,-0.845,0.0,False
KML,2024-06-05,RANGING,False,True,-0.845,0.0,False
KML,2023-10-05,TRENDING_UP,False,True,-0.845,0.0,False
KML,2025-04-18,TRENDING_UP,False,True,-3.6843135725428917,-2.8393135725428915,False
KML,2024-08-29,TRENDING_UP,False,False,,,False
KML,2022-04-27,RANGING,False,False,,,False
KML,2024-08-28,RANGING,False,True,-0.845,0.0,False
KML,2022-12-13,TRENDING_DOWN,False,True,-7.696712928232062,-6.851712928232062,False
KML,2021-10-08,RANGING,False,True,-2.0791197822141556,-1.2341197822141556,False
KML,2024-09-03,TRENDING_UP,False,False,,,False
KML,2025-07-21,TRENDING_UP,False,False,,,False
KML,2023-12-14,TRENDING_UP,False,True,5.057886363636368,6.79545454545455,True
KML,2021-01-19,TRENDING_UP,False,True,-0.8712054507337473,-0.026205450733747408,False
KML,2023-12-22,VOLATILE,False,True,4.917109116022099,6.629834254143646,True
KML,2020-09-07,TRENDING_UP,False,True,-5.4920846120122695,-4.64708461201227,False
KOHC,2021-02-09,TRENDING_UP,False,True,10.609221080598138,13.326436565409574,True
KOHC,2023-01-27,VOLATILE,False,False,,,False
KOHC,2023-06-05,RANGING,False,False,,,False
KOHC,2025-07-24,TRENDING_UP,False,False,,,False
KOHC,2021-03-11,VOLATILE,False,True,4.213490614334473,5.802047781569969,True
KOHC,2024-03-15,TRENDING_UP,False,False,,,False
KOHC,2021-02-26,RANGING,False,True,-1.0686744002455992,-0.22367440024559931,False
KOHC,2023-05-09,RANGING,False,False,,,False
KOHC,2020-11-25,VOLATILE,False,True,1.9699220430107525,3.1625553447185326,True
KOHC,2023-06-06,RANGING,False,False,,,False
KOHC,2023-08-30,RANGING,False,True,-4.432443946188338,-3.5874439461883374,False
KOHC,2023-02-22,RANGING,False,False,,,False
KOHC,2023-10-19,TRENDING_UP,False,True,-1.3764685314685252,-0.5314685314685251,False
KOHC,2026-04-24,TRENDING_UP,False,True,-6.217831718855593,-5.372831718855593,False
KOHC,2025-03-13,TRENDING_UP,False,False,,,False
KOHC,2024-12-24,TRENDING_UP,False,True,-2.6398717948717945,-1.7948717948717947,False
KOHC,2023-09-14,RANGING,False,False,,,False
KOHC,2025-11-28,TRENDING_UP,False,False,,,False
KOHC,2020-09-21,TRENDING_UP,False,False,,,False
KOHC,2025-12-01,TRENDING_UP,False,False,,,False
KOHC,2025-11-12,VOLATILE,False,False,,,False
KOHC,2021-06-08,TRENDING_UP,False,True,-1.6704716981132075,-0.8254716981132075,False
KOHE,2021-10-15,VOLATILE,False,True,-2.2944851014563445,-1.4494851014563448,False
KOHE,2023-05-12,RANGING,False,True,0.6311533193878485,1.5875333169268806,True
KOHE,2021-11-17,TRENDING_UP,False,True,-3.6228183304621995,-2.7778183304621997,False
KOHE,2022-04-18,RANGING,False,True,-1.5966024638602039,-0.751602463860204,False
KOHE,2023-03-03,RANGING,False,False,,,False
KOHE,2022-12-05,RANGING,False,True,-0.845,0.0,False
KOHE,2025-12-31,TRENDING_UP,False,True,-0.5009633027523008,0.3440366972476991,False
KOHE,2021-01-05,TRENDING_UP,False,True,-0.12325928939945585,0.7217407106005441,False
KOHE,2021-10-12,VOLATILE,False,True,1.3157737864000336,2.392969160470628,True
KOHE,2023-04-17,TRENDING_DOWN,False,False,,,False
KOHE,2024-10-25,TRENDING_UP,False,False,,,False
KOHE,2023-07-25,TRENDING_UP,False,True,0.9159131617142982,1.9225448961344684,True
KOHE,2023-10-09,TRENDING_UP,False,True,-0.6618784385380725,0.18312156146192746,False
KOHE,2023-11-30,TRENDING_UP,False,False,,,False
KOHE,2024-10-14,TRENDING_UP,False,True,3.082265907136712,4.47119518486672,True
KOHE,2023-10-04,TRENDING_UP,False,False,,,False
KOHE,2024-12-16,TRENDING_UP,False,False,,,False
KOHE,2024-05-14,TRENDING_UP,False,True,-0.845,0.0,False
KOHE,2024-12-02,TRENDING_UP,False,True,12.408332278481014,15.443037974683547,True
KOHP,2021-01-22,TRENDING_UP,False,True,-0.845,0.0,False
KOHP,2024-11-21,TRENDING_UP,False,True,-1.1286879432624053,-0.2836879432624053,False
KOHP,2026-01-12,TRENDING_UP,False,True,31.636588709677422,38.06451612903226,True
KOHP,2021-03-02,RANGING,False,False,,,False
KOHP,2021-09-23,RANGING,False,True,-0.845,0.0,False
KOHP,2022-12-09,RANGING,False,False,,,False
KOHP,2022-10-25,RANGING,False,True,-0.845,0.0,False
KOHP,2022-09-27,TRENDING_DOWN,False,True,-0.845,0.0,False
KOHP,2022-08-26,RANGING,False,True,0.30338461538461176,1.2019230769230727,True
KOHP,2022-09-28,TRENDING_DOWN,False,True,6.887013157894733,8.947368421052628,True
KOHP,2022-07-29,TRENDING_DOWN,False,False,,,False
KOHP,2020-09-11,TRENDING_UP,False,True,3.2537126168224333,4.672897196261686,True
KOHP,2025-05-30,TRENDING_UP,False,False,,,False
KOHP,2024-04-23,TRENDING_UP,False,False,,,False
KOHP,2020-03-17,VOLATILE,False,False,,,False
KOHP,2024-03-12,TRENDING_UP,False,False,,,False
KOHP,2024-04-08,TRENDING_UP,False,False,,,False
KOHP,2020-07-21,RANGING,False,False,,,False
KOHP,2026-07-07,TRENDING_UP,False,True,-8.844999999999995,-7.999999999999995,False
KOHP,2021-06-22,TRENDING_UP,False,True,15.762899012567328,19.38958707360862,True
KOHP,2023-10-31,TRENDING_UP,False,False,,,False
KOHP,2023-02-16,VOLATILE,True,True,-0.845,0.0,False
KOHP,2025-08-27,TRENDING_UP,False,True,-0.09231182795700532,0.7526881720429947,False
KOHP,2025-11-06,VOLATILE,False,False,,,False
KOHP,2025-06-30,TRENDING_UP,False,False,,,False
KOHTM,2025-02-06,VOLATILE,False,False,,,False
KOHTM,2025-12-26,TRENDING_UP,False,False,,,False
KOHTM,2025-12-17,TRENDING_UP,False,False,,,False
KOHTM,2025-03-17,TRENDING_UP,False,False,,,False
KOHTM,2025-06-25,TRENDING_UP,False,False,,,False
KOIL,2020-05-29,RANGING,False,True,-0.845,0.0,False
KOIL,2025-06-25,TRENDING_UP,False,True,-0.845,0.0,False
KOIL,2026-04-21,VOLATILE,False,True,-4.814465648854958,-3.9694656488549587,False
KOIL,2024-05-31,TRENDING_UP,False,True,-3.312685076380718,-2.4676850763807177,False
KOIL,2022-08-11,RANGING,False,False,,,False
KOIL,2022-04-21,RANGING,False,True,-0.48785714285713455,0.3571428571428654,False
KOIL,2020-06-30,RANGING,False,False,,,False
KOIL,2022-10-20,RANGING,False,True,-0.845,0.0,False
KOIL,2023-03-08,RANGING,False,False,,,False
KOIL,2023-03-31,TRENDING_DOWN,False,True,-1.5912686567164152,-0.7462686567164152,False
KOIL,2024-08-07,RANGING,False,False,,,False
KOIL,2022-04-15,RANGING,False,True,1.333474137931043,2.413793103448286,True
KOIL,2025-02-14,RANGING,False,False,,,False
KOIL,2024-09-09,TRENDING_UP,False,False,,,False
KOIL,2024-12-16,TRENDING_UP,False,True,-0.845,0.0,False
KOIL,2022-10-06,RANGING,False,True,14.174912393162401,17.52136752136753,True
KOIL,2026-05-22,VOLATILE,False,False,,,False
KOIL,2025-05-27,TRENDING_UP,False,True,0.1680059241706115,1.0426540284360135,True
KOIL,2020-12-15,TRENDING_UP,False,False,,,False
KOIL,2020-09-10,TRENDING_UP,False,True,-1.813992248062012,-0.968992248062012,False
KOIL,2024-03-08,TRENDING_UP,False,False,,,False
KOIL,2023-02-16,VOLATILE,True,True,1.2691600719424583,2.338129496402892,True
KOIL,2025-01-17,TRENDING_UP,False,True,-0.25676470588234457,0.5882352941176554,False
KOSM,2025-03-07,TRENDING_UP,True,False,,,False
KOSM,2025-11-13,VOLATILE,False,True,-3.114503546099293,-2.269503546099293,False
KOSM,2025-10-13,RANGING,False,False,,,False
KOSM,2024-10-30,TRENDING_UP,False,False,,,False
KOSM,2025-03-14,TRENDING_UP,False,False,,,False
KOSM,2025-05-23,TRENDING_UP,False,False,,,False
KOSM,2025-11-03,VOLATILE,False,False,,,False
KOSM,2026-06-17,TRENDING_UP,False,False,,,False
KPUS,2026-06-24,TRENDING_UP,False,True,-4.855194201209726,-4.0101942012097265,False
KPUS,2025-08-05,TRENDING_UP,False,True,-4.345000000000004,-3.500000000000004,False
KPUS,2025-07-14,TRENDING_UP,False,True,2.115083333333333,3.3333333333333335,True
KPUS,2026-01-29,VOLATILE,False,False,,,False
KPUS,2024-12-30,TRENDING_UP,False,True,-0.913644275557728,-0.06864427555772805,False
KPUS,2025-10-29,VOLATILE,False,False,,,False
KSBP,2021-07-27,RANGING,False,True,-2.8858163265306125,-2.0408163265306123,False
KSBP,2021-02-09,TRENDING_UP,False,True,-1.2699291784702549,-0.424929178470255,False
KSBP,2020-12-03,TRENDING_UP,False,False,,,False
KSBP,2022-11-08,RANGING,False,False,,,False
KSBP,2020-03-26,TRENDING_DOWN,False,False,,,False
KSBP,2023-02-23,RANGING,False,True,-0.9244912559618526,-0.07949125596185258,False
KSBP,2022-06-06,TRENDING_DOWN,False,True,-1.3025611988103474,-0.45756119881034735,False
KSBP,2024-03-07,TRENDING_UP,False,False,,,False
KSBP,2025-08-01,TRENDING_UP,False,True,-1.93841681411914,-1.09341681411914,False
KSBP,2024-10-08,TRENDING_UP,False,False,,,False
KSBP,2025-07-02,TRENDING_UP,False,True,-2.3874401958067812,-1.542440195806781,False
KSBP,2025-06-03,TRENDING_UP,False,True,-4.306507061800959,-3.461507061800959,False
KSBP,2020-01-28,TRENDING_UP,False,False,,,False
KSBP,2023-07-12,TRENDING_UP,False,True,-0.5903476983349607,0.2546523016650393,False
KSBP,2024-11-04,TRENDING_UP,False,False,,,False
KSBP,2026-05-06,VOLATILE,False,False,,,False
KSBP,2021-05-24,TRENDING_UP,False,False,,,False
KSBP,2020-12-11,TRENDING_UP,False,True,-0.16258530183726438,0.6824146981627356,False
KSTM,2025-11-24,RANGING,False,False,,,False
KSTM,2026-06-10,RANGING,False,False,,,False
KSTM,2024-10-10,TRENDING_UP,False,False,,,False
KSTM,2025-03-18,TRENDING_UP,False,False,,,False
KSTM,2025-08-21,TRENDING_UP,False,True,-0.6346950578338635,0.21030494216613643,False
KSTM,2024-10-24,TRENDING_UP,False,False,,,False
KSTM,2025-01-02,TRENDING_UP,False,True,-8.845000000000004,-8.000000000000004,False
KSTM,2025-11-13,VOLATILE,False,False,,,False
KSTM,2025-08-28,TRENDING_UP,False,False,,,False
KTML,2023-10-04,TRENDING_UP,False,True,-1.4689737274219956,-0.6239737274219957,False
KTML,2021-12-20,VOLATILE,False,False,,,False
KTML,2021-09-01,RANGING,False,True,-3.4259593377161,-2.5809593377161,False
KTML,2025-07-07,TRENDING_UP,False,True,-1.8551010101010101,-1.0101010101010102,False
KTML,2021-01-21,TRENDING_UP,False,False,,,False
KTML,2021-07-09,RANGING,False,False,,,False
KTML,2021-07-26,RANGING,False,False,,,False
KTML,2025-12-29,TRENDING_UP,False,False,,,False
KTML,2026-04-10,VOLATILE,False,True,6.170291666666667,8.104166666666668,True
KTML,2022-05-10,RANGING,False,False,,,False
KTML,2021-01-26,TRENDING_UP,False,True,-1.82551864275578,-0.98051864275578,False
KTML,2025-07-02,TRENDING_UP,False,False,,,False
KTML,2024-06-14,TRENDING_UP,False,False,,,False
KTML,2025-10-06,TRENDING_UP,False,False,,,False
KTML,2023-11-28,TRENDING_UP,False,False,,,False
KTML,2026-05-22,VOLATILE,False,False,,,False
KTML,2025-08-25,TRENDING_UP,False,True,-1.2555524165684284,-0.4105524165684285,False
KTML,2021-08-04,TRENDING_UP,False,True,-1.5378406466512637,-0.6928406466512637,False
KTML,2025-05-26,TRENDING_UP,False,False,,,False
KTML,2023-08-08,TRENDING_UP,False,True,4.897705826351864,6.607006854531604,True
KTML,2021-10-11,VOLATILE,False,True,4.079296012269928,5.644171779141092,True
KTML,2022-02-18,TRENDING_UP,False,False,,,False
LCI,2024-06-11,RANGING,False,False,,,False
LCI,2024-04-23,TRENDING_UP,False,True,-1.4306287425149684,-0.5856287425149684,False
LCI,2025-06-02,TRENDING_UP,False,True,1.8232782392026576,2.990033222591362,True
LCI,2025-03-17,TRENDING_UP,False,False,,,False
LCI,2025-08-29,TRENDING_UP,False,False,,,False
LCI,2026-07-06,TRENDING_UP,False,True,-2.079567901234568,-1.2345679012345678,False
LCI,2023-07-12,TRENDING_UP,False,False,,,False
LCI,2026-07-03,TRENDING_UP,False,True,-1.0511855670103092,-0.2061855670103093,False
LCI,2023-10-31,TRENDING_UP,False,False,,,False
LCI,2025-10-27,VOLATILE,False,True,-0.8548350981870546,-0.009835098187054624,False
LCI,2024-07-01,TRENDING_UP,False,True,-0.845,0.0,False
LEUL,2025-08-11,TRENDING_UP,False,True,12.205219387755086,15.204081632653043,True
LEUL,2025-02-17,RANGING,False,True,-0.7805462455688057,0.06445375443119425,False
LEUL,2026-01-08,TRENDING_UP,False,True,-2.976361461504995,-2.131361461504995,False
LEUL,2025-01-20,TRENDING_UP,False,False,,,False
LEUL,2025-04-09,RANGING,False,True,-0.845,0.0,False
LEUL,2024-11-27,TRENDING_UP,False,True,-2.7742604501607686,-1.9292604501607686,False
LEUL,2025-02-06,VOLATILE,False,True,-0.845,0.0,False
LEUL,2025-01-01,TRENDING_UP,False,False,,,False
LIVEN,2025-09-15,TRENDING_UP,False,False,,,False
LIVEN,2025-12-03,TRENDING_UP,False,False,,,False
LIVEN,2026-04-07,VOLATILE,False,False,,,False
LIVEN,2025-05-02,VOLATILE,False,True,-1.9635682326621857,-1.1185682326621857,False
LIVEN,2025-05-14,VOLATILE,False,True,12.330318950563749,15.351257588898529,True
LMSM,2024-12-09,TRENDING_UP,False,False,,,False
LMSM,2024-09-20,TRENDING_UP,False,False,,,False
LOADS,2022-02-10,TRENDING_UP,False,True,-1.9050706713780943,-1.0600706713780943,False
LOADS,2026-05-18,VOLATILE,False,True,-0.845,0.0,False
LOADS,2022-03-30,RANGING,False,True,-2.040219123505979,-1.1952191235059788,False
LOADS,2026-06-24,TRENDING_UP,False,True,1.3194212328767103,2.3972602739726003,True
LOADS,2024-08-01,RANGING,False,False,,,False
LOADS,2025-12-29,TRENDING_UP,False,True,0.7063310055865958,1.6759776536312891,True
LOADS,2022-10-10,RANGING,False,True,-1.0717573696145075,-0.22675736961450763,False
LOADS,2023-06-06,RANGING,False,False,,,False
LOADS,2025-02-14,RANGING,False,True,-2.885816326530623,-2.040816326530623,False
LOADS,2021-08-26,RANGING,False,True,-2.551161137440772,-1.7061611374407724,False
LOADS,2020-06-01,RANGING,False,True,-1.2515040650406537,-0.40650406504065373,False
LOADS,2023-10-20,TRENDING_UP,False,True,-1.9173860589812342,-1.0723860589812342,False
LOADS,2022-11-17,RANGING,False,True,-2.118148148148162,-1.2731481481481621,False
LOADS,2024-09-23,TRENDING_UP,False,False,,,False
LOADS,2020-09-22,TRENDING_UP,False,False,,,False
LOADS,2024-10-04,TRENDING_UP,False,False,,,False
LOADS,2021-02-15,TRENDING_UP,False,True,-0.845,0.0,False
LOADS,2024-07-04,TRENDING_UP,False,False,,,False
LOADS,2024-10-18,TRENDING_UP,False,True,2.500196601941738,3.78640776699028,True
LOADS,2024-12-20,TRENDING_UP,False,False,,,False
LOADS,2024-03-14,TRENDING_UP,False,False,,,False
LOADS,2024-03-11,TRENDING_UP,False,True,-6.126285878300813,-5.281285878300813,False
LOADS,2025-03-14,TRENDING_UP,False,False,,,False
LOADS,2023-05-04,RANGING,False,True,-1.7432035928143654,-0.8982035928143655,False
LOTCHEM,2023-06-14,RANGING,False,True,-2.9502631578947422,-2.105263157894742,False
LOTCHEM,2023-11-01,TRENDING_UP,False,False,,,False
LOTCHEM,2024-03-22,TRENDING_UP,False,False,,,False
LOTCHEM,2021-04-02,VOLATILE,False,False,,,False
LOTCHEM,2024-07-24,TRENDING_UP,False,False,,,False
LOTCHEM,2020-12-29,TRENDING_UP,False,True,-1.7482258064516167,-0.9032258064516167,False
LOTCHEM,2022-01-31,RANGING,False,False,,,False
LOTCHEM,2021-04-29,RANGING,False,False,,,False
LOTCHEM,2022-07-04,TRENDING_DOWN,False,True,0.6282162875710824,1.584077985377744,True
LOTCHEM,2023-09-11,RANGING,False,True,2.3954342105263198,3.663157894736847,True
LOTCHEM,2025-06-19,RANGING,False,False,,,False
LOTCHEM,2022-02-17,RANGING,False,True,-0.845,0.0,False
LOTCHEM,2020-08-25,TRENDING_UP,False,False,,,False
LOTCHEM,2021-11-08,TRENDING_UP,False,False,,,False
LOTCHEM,2020-04-20,VOLATILE,False,True,-3.1496092184368774,-2.3046092184368776,False
LOTCHEM,2025-07-02,TRENDING_UP,False,True,-3.3315919063871355,-2.486591906387136,False
LOTCHEM,2026-06-22,TRENDING_UP,False,False,,,False
LOTCHEM,2024-01-16,VOLATILE,False,True,-0.845,0.0,False
LOTCHEM,2021-03-25,TRENDING_UP,False,True,-1.1066088947024144,-0.26160889470241433,False
LPGL,2020-09-17,TRENDING_UP,False,True,-0.845,0.0,False
LPGL,2026-06-22,TRENDING_UP,False,True,-0.8549990000999951,-0.009999000099995116,False
LPGL,2024-05-06,TRENDING_UP,False,True,-0.845,0.0,False
LPGL,2021-03-08,RANGING,False,True,1.8317499999999964,2.9999999999999956,True
LPGL,2021-07-09,RANGING,False,False,,,False
LPGL,2022-03-21,TRENDING_DOWN,False,True,3.597134615384609,5.0769230769230695,True
LPGL,2025-06-11,TRENDING_UP,False,False,,,False
LPGL,2026-04-06,VOLATILE,False,False,,,False
LPGL,2024-03-27,TRENDING_UP,False,True,2.869310162902619,4.220659015179551,True
LPGL,2025-07-10,TRENDING_UP,False,False,,,False
LPGL,2021-02-03,TRENDING_UP,False,True,-0.9004938956714651,-0.0554938956714651,False
LPGL,2020-07-30,TRENDING_UP,False,False,,,False
LPGL,2020-10-23,VOLATILE,False,True,-0.845,0.0,False
LPGL,2026-01-27,TRENDING_UP,False,False,,,False
LPL,2022-10-05,RANGING,False,True,4.000070634046329,5.550965451819211,True
LPL,2025-08-27,TRENDING_UP,False,True,-2.3431273408239646,-1.4981273408239646,False
LPL,2020-01-21,TRENDING_UP,False,True,1.0912151653764954,2.128782547501759,True
LPL,2020-01-21,TRENDING_UP,False,True,1.0912151653764954,2.128782547501759,True
LPL,2025-10-07,TRENDING_UP,False,False,,,False
LPL,2020-07-14,RANGING,False,False,,,False
LPL,2021-02-26,RANGING,False,True,-1.3738783466309514,-0.5288783466309513,False
LPL,2022-07-15,RANGING,False,True,-0.845,0.0,False
LPL,2022-10-21,RANGING,False,False,,,False
LPL,2021-07-13,RANGING,False,False,,,False
LPL,2022-02-21,RANGING,False,True,-3.000441222326158,-2.1554412223261576,False
LPL,2023-01-05,RANGING,False,True,-0.845,0.0,False
LPL,2024-05-06,TRENDING_UP,False,True,-5.864472090004328,-5.019472090004328,False
LPL,2024-02-29,TRENDING_UP,False,False,,,False
LPL,2020-09-08,TRENDING_UP,False,False,,,False
LPL,2023-02-02,VOLATILE,False,False,,,False
LPL,2025-08-25,TRENDING_UP,False,False,,,False
LPL,2024-12-18,TRENDING_UP,False,True,-3.4936988847583654,-2.6486988847583657,False
LPL,2026-03-16,VOLATILE,False,False,,,False
LSECL,2024-09-18,TRENDING_UP,False,False,,,False
LSECL,2024-05-30,TRENDING_UP,False,False,,,False
LSECL,2025-07-09,TRENDING_UP,False,False,,,False
LSECL,2024-10-14,TRENDING_UP,False,False,,,False
LSECL,2026-02-26,VOLATILE,False,False,,,False
LSECL,2026-02-04,TRENDING_UP,False,False,,,False
LSEFSL,2025-01-23,TRENDING_UP,False,False,,,False
LSEFSL,2025-07-24,TRENDING_UP,False,False,,,False
LSEFSL,2025-09-24,TRENDING_UP,False,False,,,False
LSEFSL,2024-09-30,TRENDING_UP,False,False,,,False
LSEFSL,2026-04-17,VOLATILE,False,False,,,False
LSEFSL,2024-10-23,TRENDING_UP,False,False,,,False
LSEPL,2024-04-03,TRENDING_UP,False,True,-0.845,0.0,False
LSEVL,2025-08-04,TRENDING_UP,False,True,0.6417499999999954,1.5999999999999945,True
LSEVL,2024-05-15,TRENDING_UP,False,True,-4.353771929824565,-3.5087719298245648,False
LSEVL,2025-02-21,RANGING,False,False,,,False
LSEVL,2024-07-01,TRENDING_UP,False,True,1.3299427710843459,2.4096385542168774,True
LSEVL,2025-07-01,TRENDING_UP,False,False,,,False
LSEVL,2026-06-05,TRENDING_UP,False,False,,,False
LSEVL,2026-05-14,VOLATILE,False,True,-0.845,0.0,False
LSEVL,2026-01-05,TRENDING_UP,False,False,,,False
LSEVL,2025-11-04,VOLATILE,False,False,,,False
LSEVL,2025-05-30,TRENDING_UP,False,False,,,False
LUCK,2023-08-24,TRENDING_UP,False,False,,,False
LUCK,2026-04-01,VOLATILE,False,True,-2.440744680851064,-1.5957446808510638,False
LUCK,2023-02-15,VOLATILE,False,True,-1.8135230024213076,-0.9685230024213075,False
LUCK,2023-05-15,RANGING,False,False,,,False
LUCK,2023-11-29,TRENDING_UP,False,False,,,False
LUCK,2025-06-13,TRENDING_UP,False,True,-2.5110881638320164,-1.6660881638320162,False
LUCK,2021-08-05,TRENDING_UP,False,False,,,False
LUCK,2025-06-04,TRENDING_UP,False,True,-2.288823963426987,-1.4438239634269867,False
LUCK,2020-08-19,TRENDING_UP,False,True,-2.322832512315271,-1.477832512315271,False
LUCK,2020-07-16,RANGING,False,False,,,False
LUCK,2021-11-15,RANGING,False,False,,,False
LUCK,2022-04-19,RANGING,False,False,,,False
LUCK,2023-03-06,RANGING,False,False,,,False
LUCK,2023-11-27,TRENDING_UP,False,False,,,False
LUCK,2020-01-21,TRENDING_UP,False,False,,,False
LUCK,2023-10-19,TRENDING_UP,False,True,0.3879973794549254,1.3014675052410887,True
LUCK,2024-04-15,TRENDING_UP,False,False,,,False
LUCK,2024-09-12,TRENDING_UP,False,False,,,False
LUCK,2022-11-17,RANGING,False,False,,,False
LUCK,2022-02-15,TRENDING_UP,False,False,,,False
LUCK,2024-11-19,TRENDING_UP,False,True,-2.668246878001923,-1.823246878001923,False
LUCK,2024-12-11,TRENDING_UP,False,False,,,False
LUCK,2025-11-17,VOLATILE,False,False,,,False
LUCK,2024-07-19,TRENDING_UP,False,True,-3.1359880564603717,-2.2909880564603715,False
MACFL,2026-02-10,VOLATILE,False,True,-4.723870364069413,-3.878870364069413,False
MACFL,2021-06-21,TRENDING_UP,False,False,,,False
MACFL,2025-03-26,TRENDING_UP,False,True,-3.0871524663677103,-2.2421524663677106,False
MACFL,2020-08-19,TRENDING_UP,False,True,31.47605051813471,37.875647668393775,True
MACFL,2020-07-16,RANGING,False,True,-3.4790545625588063,-2.6340545625588065,False
MACFL,2025-10-07,TRENDING_UP,False,True,-5.527274247491634,-4.682274247491634,False
MACFL,2022-04-11,RANGING,False,False,,,False
MACFL,2022-10-28,RANGING,False,True,0.7560662108072036,1.7344896597731807,True
MACFL,2024-11-06,TRENDING_UP,False,True,-0.845,0.0,False
MACFL,2025-03-11,TRENDING_UP,False,True,-0.9773626737260064,-0.13236267372600644,False
MACFL,2022-02-10,TRENDING_UP,False,True,0.12729973821988505,0.9947643979057471,True
MACFL,2021-04-15,RANGING,False,True,-0.8966528925619732,-0.051652892561973196,False
MACFL,2020-08-17,TRENDING_UP,False,False,,,False
MACFL,2025-10-07,TRENDING_UP,False,True,-5.527274247491634,-4.682274247491634,False
MACFL,2021-08-04,TRENDING_UP,False,False,,,False
MACFL,2024-10-11,TRENDING_UP,False,True,-0.845,0.0,False
MACFL,2023-02-08,VOLATILE,False,False,,,False
MACTER,2020-11-16,VOLATILE,False,True,33.59374195508255,40.367049358920646,True
MACTER,2025-01-27,VOLATILE,False,False,,,False
MACTER,2020-12-04,TRENDING_UP,False,False,,,False
MACTER,2021-06-07,TRENDING_UP,False,True,17.057415399239545,20.912547528517113,True
MACTER,2022-03-01,TRENDING_DOWN,False,False,,,False
MACTER,2023-06-26,RANGING,False,True,8.253972222222222,10.555555555555555,True
MACTER,2025-10-27,VOLATILE,False,False,,,False
MACTER,2025-02-12,RANGING,False,False,,,False
MACTER,2022-01-11,RANGING,False,False,,,False
MACTER,2021-08-05,TRENDING_UP,False,True,-0.845,0.0,False
MACTER,2025-05-21,TRENDING_UP,False,True,0.21154783993353374,1.0938798116865103,True
MACTER,2026-04-22,TRENDING_UP,False,True,-3.520585284280936,-2.6755852842809364,False
MACTER,2025-01-16,TRENDING_UP,False,False,,,False
MACTER,2020-02-27,VOLATILE,False,True,-0.845,0.0,False
MACTER,2024-05-14,TRENDING_UP,False,True,-0.845,0.0,False
MARI,2026-01-13,TRENDING_UP,False,False,,,False
MARI,2023-12-26,VOLATILE,False,True,6.204904243063108,8.144887344780127,True
MARI,2024-08-28,RANGING,False,False,,,False
MARI,2024-06-28,TRENDING_UP,False,False,,,False
MARI,2020-02-06,RANGING,False,True,-3.4603846153846156,-2.6153846153846154,False
MARI,2023-01-23,TRENDING_DOWN,False,True,5.741749999999999,7.599999999999999,True
MARI,2023-05-11,RANGING,False,False,,,False
MARI,2023-03-09,RANGING,False,False,,,False
MARI,2026-06-04,TRENDING_UP,False,False,,,False
MARI,2021-05-24,TRENDING_UP,False,False,,,False
MARI,2026-03-26,VOLATILE,False,False,,,False
MARI,2021-08-04,TRENDING_UP,False,False,,,False
MARI,2026-06-05,TRENDING_UP,False,True,0.17926552795030454,1.0559006211180053,True
MARI,2021-04-30,RANGING,False,False,,,False
MARI,2024-09-13,TRENDING_UP,False,True,5.433469163260404,7.237316662659299,True
MARI,2025-08-04,TRENDING_UP,False,False,,,False
MARI,2020-09-14,TRENDING_UP,False,True,-1.3987075537075544,-0.5537075537075543,False
MARI,2020-03-13,VOLATILE,False,True,-4.833192552225257,-3.9881925522252573,False
MARI,2025-10-03,TRENDING_UP,False,True,-3.9377835051546395,-3.0927835051546393,False
MARI,2020-08-28,TRENDING_UP,False,True,4.725627661925506,6.404561955206477,True
MCB,2022-10-28,RANGING,False,True,0.37751427255985726,1.2891344383057144,True
MCB,2024-08-15,RANGING,False,True,-3.9769910514541387,-3.131991051454139,False
MCB,2022-10-28,RANGING,False,True,0.37751427255985726,1.2891344383057144,True
MCB,2022-04-21,RANGING,False,True,0.6988967299220483,1.6672314469671157,True
MCB,2024-03-12,TRENDING_UP,False,False,,,False
MCB,2024-12-12,TRENDING_UP,False,True,0.7379084643034743,1.713127605062911,True
MCB,2022-09-13,RANGING,False,False,,,False
MCB,2024-06-25,TRENDING_UP,False,True,-1.7043133795508294,-0.8593133795508295,False
MCB,2021-01-15,TRENDING_UP,False,False,,,False
MCB,2025-01-08,TRENDING_UP,False,False,,,False
MCB,2025-06-03,TRENDING_UP,False,True,1.766422651631265,2.923144296036783,True
MCB,2025-04-10,TRENDING_UP,False,False,,,False
MCB,2020-09-10,TRENDING_UP,False,False,,,False
MCB,2025-05-05,VOLATILE,False,False,,,False
MCB,2025-05-23,TRENDING_UP,False,False,,,False
MCBAH,2020-04-09,VOLATILE,False,False,,,False
MCBAH,2023-03-20,RANGING,False,False,,,False
MCBAH,2020-11-23,VOLATILE,False,False,,,False
MCBAH,2021-01-21,TRENDING_UP,False,True,20.749122134038792,25.255731922398578,True
MCBAH,2021-11-11,TRENDING_UP,False,False,,,False
MCBAH,2022-02-08,RANGING,False,False,,,False
MCBAH,2022-06-30,TRENDING_DOWN,False,False,,,False
MCBAH,2021-08-25,RANGING,False,True,-1.5159608158883522,-0.6709608158883521,False
MCBAH,2023-02-07,VOLATILE,False,False,,,False
MCBAH,2023-07-03,RANGING,False,True,-1.8772580645161223,-1.0322580645161223,False
MCBAH,2020-09-01,TRENDING_UP,False,True,6.4352153465346555,8.415841584158418,True
MCBIM,2025-02-21,RANGING,False,True,1.3523308869456618,2.43597751405372,True
MCBIM,2024-03-04,TRENDING_UP,False,True,3.4502603244837706,4.904129793510318,True
MCBIM,2024-11-21,TRENDING_UP,False,False,,,False
MCBIM,2026-06-22,TRENDING_UP,False,True,0.4013874622356531,1.3172205438066507,True
MCBIM,2024-02-27,VOLATILE,False,False,,,False
MCBIM,2025-05-08,VOLATILE,False,True,4.570638888888895,6.222222222222229,True
MCBIM,2024-08-29,TRENDING_UP,False,True,-0.8706344527044296,-0.02563445270442966,False
MDTL,2025-10-27,VOLATILE,False,False,,,False
MDTL,2024-05-03,TRENDING_UP,False,False,,,False
MDTL,2024-10-28,TRENDING_UP,False,True,-8.12655339805826,-7.281553398058259,False
MDTL,2024-08-20,RANGING,False,False,,,False
MDTL,2024-07-10,TRENDING_UP,False,True,-0.845,0.0,False
MDTL,2023-04-20,RANGING,False,False,,,False
MDTL,2020-07-09,RANGING,False,True,-3.8525187969924835,-3.0075187969924837,False
MDTL,2021-07-07,RANGING,False,False,,,False
MDTL,2023-04-06,TRENDING_DOWN,False,False,,,False
MDTL,2023-09-18,RANGING,False,False,,,False
MDTL,2024-12-30,TRENDING_UP,False,False,,,False
MDTL,2021-10-22,VOLATILE,False,False,,,False
MDTL,2021-05-31,TRENDING_UP,False,False,,,False
MDTL,2025-09-29,TRENDING_UP,False,False,,,False
MDTL,2025-07-25,TRENDING_UP,False,False,,,False
MDTL,2021-11-11,TRENDING_UP,False,False,,,False
MDTL,2024-10-23,TRENDING_UP,False,False,,,False
MDTL,2024-11-19,TRENDING_UP,False,False,,,False
MDTL,2024-05-16,TRENDING_UP,False,True,-0.845,0.0,False
MDTL,2026-01-14,TRENDING_UP,False,False,,,False
MDTL,2020-12-18,TRENDING_UP,False,False,,,False
MEBL,2022-02-15,TRENDING_UP,False,False,,,False
MEBL,2020-07-10,RANGING,False,True,2.472876279863481,3.754266211604096,True
MEBL,2025-05-02,VOLATILE,False,False,,,False
MEBL,2024-12-16,TRENDING_UP,False,True,-0.845,0.0,False
MEBL,2026-06-24,TRENDING_UP,False,True,7.73701315789473,9.947368421052625,True
MEBL,2022-08-31,RANGING,False,False,,,False
MEBL,2021-03-01,RANGING,False,True,0.4568652073732719,1.3824884792626728,True
MEBL,2022-04-05,RANGING,False,False,,,False
MEBL,2020-07-06,RANGING,False,False,,,False
MEBL,2023-01-05,RANGING,False,False,,,False
MEBL,2023-01-06,RANGING,False,True,-2.29954545454546,-1.4545454545454604,False
MEBL,2023-09-18,RANGING,False,False,,,False
MEBL,2023-10-30,TRENDING_UP,False,False,,,False
MEBL,2023-09-28,TRENDING_UP,False,False,,,False
MEBL,2020-09-08,TRENDING_UP,False,True,-2.5663305419865132,-1.721330541986513,False
MEBL,2024-03-11,TRENDING_UP,False,True,-1.2514823233673802,-0.40648232336738027,False
MEBL,2024-05-17,TRENDING_UP,False,False,,,False
MEBL,2025-06-17,TRENDING_UP,False,True,-0.845,0.0,False
MEBL,2025-06-17,TRENDING_UP,False,True,-0.845,0.0,False
MEBL,2021-01-04,TRENDING_UP,False,True,6.774640995260661,8.815165876777248,True
MEBL,2023-08-02,TRENDING_UP,False,True,-3.8984351145038163,-3.0534351145038165,False
MEBL,2024-07-05,TRENDING_UP,False,False,,,False
MEBL,2023-10-25,TRENDING_UP,False,True,-0.08901197604788968,0.7559880239521103,False
MEBL,2020-02-26,VOLATILE,False,True,4.765915324745026,6.451959205582384,True
MEBL,2025-09-25,TRENDING_UP,False,False,,,False
MEHT,2025-09-02,TRENDING_UP,False,True,-1.4472335262819396,-0.6022335262819395,False
MEHT,2022-11-29,RANGING,False,True,-0.845,0.0,False
MEHT,2025-02-11,VOLATILE,False,True,-0.845,0.0,False
MEHT,2024-08-21,RANGING,False,True,3.3575696721311474,4.795081967213115,True
MEHT,2020-09-11,TRENDING_UP,False,True,7.376988095238095,9.523809523809524,True
MEHT,2024-11-29,TRENDING_UP,False,False,,,False
MEHT,2025-10-17,TRENDING_UP,False,True,-1.0180449251247858,-0.17304492512478595,False
MEHT,2026-06-04,TRENDING_UP,False,True,-0.845,0.0,False
MERIT,2020-11-19,VOLATILE,False,True,-1.2842386530014678,-0.4392386530014678,False
MERIT,2024-12-31,TRENDING_UP,False,False,,,False
MERIT,2021-05-21,TRENDING_UP,False,True,-2.160789473684206,-1.315789473684206,False
MERIT,2020-07-22,RANGING,False,True,-3.1006390977443656,-2.255639097744366,False
MERIT,2023-11-29,TRENDING_UP,False,False,,,False
MERIT,2024-02-07,RANGING,False,False,,,False
MERIT,2023-01-02,RANGING,False,True,-0.845,0.0,False
MERIT,2024-06-24,TRENDING_UP,False,True,3.372288336052202,4.812398042414355,True
MERIT,2023-08-07,TRENDING_UP,False,True,-0.9625088131609846,-0.11750881316098458,False
MERIT,2021-01-11,TRENDING_UP,False,False,,,False
MERIT,2023-07-26,TRENDING_UP,False,True,-0.390970488081735,0.45402951191826496,False
MERIT,2021-01-21,TRENDING_UP,False,True,-0.9086942675159222,-0.0636942675159222,False
MERIT,2021-05-19,TRENDING_UP,False,False,,,False
MERIT,2025-03-17,TRENDING_UP,False,True,-0.9401474785918152,-0.0951474785918153,False
MERIT,2020-04-30,VOLATILE,False,True,11.110567733990155,13.916256157635479,True
META,2022-08-12,RANGING,False,False,,,False
META,2023-03-24,RANGING,False,False,,,False
META,2023-10-24,TRENDING_UP,False,True,0.08820161290323732,0.9487666034155733,True
META,2023-12-05,TRENDING_UP,False,False,,,False
MFFL,2020-10-09,VOLATILE,False,False,,,False
MFFL,2021-06-23,TRENDING_UP,False,False,,,False
MFFL,2024-05-10,TRENDING_UP,False,False,,,False
MFFL,2025-04-15,TRENDING_UP,False,False,,,False
MFFL,2022-04-07,RANGING,False,True,-8.337774566473993,-7.492774566473992,False
MFFL,2022-10-06,RANGING,False,False,,,False
MFFL,2022-09-06,RANGING,False,True,-1.0908578300374174,-0.24585783003741743,False
MFFL,2021-09-06,RANGING,False,True,-0.845,0.0,False
MFFL,2021-09-14,RANGING,False,False,,,False
MFFL,2022-04-14,RANGING,False,False,,,False
MFFL,2020-08-05,TRENDING_UP,False,False,,,False
MFFL,2025-04-04,TRENDING_UP,False,True,-8.845000000000002,-8.000000000000002,False
MFFL,2022-11-21,RANGING,False,False,,,False
MFFL,2023-10-20,TRENDING_UP,False,True,-2.6401425554382287,-1.795142555438229,False
MFFL,2024-03-05,TRENDING_UP,False,False,,,False
MFFL,2023-11-14,TRENDING_UP,False,False,,,False
MFFL,2025-02-20,TRENDING_UP,False,True,-0.845,0.0,False
MFFL,2025-07-18,TRENDING_UP,False,True,2.5902077114427824,3.8923031899326848,True
MFL,2020-12-10,TRENDING_UP,False,False,,,False
MFL,2024-03-21,TRENDING_UP,False,True,-2.0992372881355967,-1.2542372881355965,False
MFL,2020-01-13,TRENDING_UP,False,True,-2.4813636363636338,-1.6363636363636338,False
MFL,2024-05-02,TRENDING_UP,False,False,,,False
MFL,2021-07-19,RANGING,False,True,-1.0024389923904546,-0.15743899239045467,False
MFL,2023-11-07,TRENDING_UP,False,True,2.998480038022809,4.372623574144481,True
MFL,2023-02-01,VOLATILE,False,False,,,False
MFL,2021-09-21,RANGING,False,True,-1.6997008547008547,-0.8547008547008548,False
MFL,2022-01-03,RANGING,False,True,2.0686352459016395,3.278688524590164,True
MFL,2023-05-10,RANGING,False,False,,,False
MFL,2023-06-14,RANGING,False,False,,,False
MFL,2020-01-31,RANGING,False,True,-1.6112835249042254,-0.7662835249042255,False
MFL,2023-12-29,TRENDING_UP,False,False,,,False
MFL,2025-10-02,TRENDING_UP,False,False,,,False
MFL,2024-09-03,TRENDING_UP,False,True,-4.476694790902428,-3.631694790902428,False
MFL,2021-05-04,RANGING,False,True,7.596967391304347,9.782608695652174,True
MFL,2024-11-04,TRENDING_UP,False,False,,,False
MFL,2021-01-18,TRENDING_UP,False,False,,,False
MFL,2020-01-21,TRENDING_UP,False,True,2.7575864312267706,4.089219330855024,True
MFL,2024-12-16,TRENDING_UP,False,False,,,False
MFL,2023-09-01,VOLATILE,False,False,,,False
MFL,2025-10-28,VOLATILE,False,True,15.8769880952381,19.52380952380953,True
MIIETF,2024-11-20,TRENDING_UP,False,True,0.37411947791164774,1.2851405622489973,True
MIIETF,2026-01-06,TRENDING_UP,False,False,,,False
MIIETF,2025-01-16,TRENDING_UP,False,True,-1.4414214711729612,-0.5964214711729613,False
MIIETF,2025-10-01,TRENDING_UP,False,False,,,False
MIIETF,2024-05-14,TRENDING_UP,False,False,,,False
MIIETF,2025-01-31,VOLATILE,False,True,-2.4268431911966895,-1.5818431911966895,False
MIRKS,2025-10-17,TRENDING_UP,False,False,,,False
MIRKS,2025-12-16,TRENDING_UP,False,True,-2.232137452711216,-1.387137452711216,False
MIRKS,2026-05-06,VOLATILE,False,False,,,False
MIRKS,2024-10-21,TRENDING_UP,False,False,,,False
MIRKS,2024-02-29,TRENDING_UP,False,True,-0.9767523056653603,-0.13175230566536036,False
MIRKS,2026-06-29,TRENDING_UP,False,True,-0.845,0.0,False
MIRKS,2026-02-11,VOLATILE,False,True,-0.93447211452431,-0.08947211452430998,False
MIRKS,2025-01-28,VOLATILE,False,True,-1.1886426116838535,-0.3436426116838536,False
MIRKS,2025-10-07,TRENDING_UP,False,False,,,False
MLCF,2026-03-25,VOLATILE,False,True,-5.625023781212837,-4.780023781212837,False
MLCF,2021-03-19,VOLATILE,False,True,0.4854537037037012,1.4161220043572955,True
MLCF,2023-05-19,RANGING,False,False,,,False
MLCF,2025-11-21,VOLATILE,False,False,,,False
MLCF,2024-06-21,TRENDING_UP,False,False,,,False
MLCF,2024-11-29,TRENDING_UP,False,False,,,False
MLCF,2023-07-19,TRENDING_UP,False,False,,,False
MLCF,2024-08-09,RANGING,False,False,,,False
MLCF,2025-06-18,RANGING,False,False,,,False
MLCF,2025-04-09,RANGING,False,False,,,False
MLCF,2023-04-20,RANGING,False,False,,,False
MLCF,2020-06-03,RANGING,False,True,-2.519454828660435,-1.6744548286604348,False
MLCF,2021-11-25,RANGING,False,False,,,False
MLCF,2024-04-09,TRENDING_UP,False,True,-0.32813384113165167,0.5168661588683483,False
MLCF,2026-05-11,TRENDING_UP,False,True,-5.000188246097341,-4.1551882460973415,False
MLCF,2024-09-09,TRENDING_UP,False,False,,,False
MLCF,2024-08-29,TRENDING_UP,False,False,,,False
MLCF,2021-01-13,TRENDING_UP,False,False,,,False
MLCF,2026-02-06,VOLATILE,False,False,,,False
MLCF,2021-10-07,VOLATILE,False,False,,,False
MLCF,2020-11-05,TRENDING_UP,False,False,,,False
MODAM,2024-04-17,TRENDING_UP,False,False,,,False
MODAM,2024-01-25,TRENDING_UP,False,True,-0.845,0.0,False
MQTM,2024-05-16,TRENDING_UP,False,True,-0.845,0.0,False
MQTM,2024-07-04,TRENDING_UP,False,False,,,False
MQTM,2025-08-05,TRENDING_UP,False,False,,,False
MQTM,2024-10-02,TRENDING_UP,False,True,10.615083333333333,13.333333333333334,True
MQTM,2026-01-28,TRENDING_UP,False,True,-4.725070546737218,-3.880070546737218,False
MQTM,2025-08-29,TRENDING_UP,False,False,,,False
MRNS,2024-10-22,TRENDING_UP,False,True,1.0998225787070428,2.1389089161259327,True
MRNS,2024-01-02,TRENDING_UP,False,False,,,False
MRNS,2025-11-06,VOLATILE,False,False,,,False
MRNS,2024-05-22,TRENDING_UP,False,False,,,False
MRNS,2026-06-24,TRENDING_UP,False,False,,,False
MRNS,2024-10-03,TRENDING_UP,False,False,,,False
MRNS,2025-02-28,TRENDING_UP,False,False,,,False
MSCL,2020-02-19,VOLATILE,False,False,,,False
MSCL,2020-07-21,RANGING,False,True,10.88364573459715,13.64928909952606,True
MSCL,2021-03-03,RANGING,False,True,-5.219999999999995,-4.374999999999996,False
MSCL,2020-08-24,TRENDING_UP,False,False,,,False
MSCL,2025-07-22,TRENDING_UP,False,False,,,False
MSCL,2026-05-11,TRENDING_UP,False,False,,,False
MSCL,2025-10-13,RANGING,False,False,,,False
MSCL,2021-07-01,RANGING,False,True,1.7559284037558727,2.9107981220657324,True
MSCL,2022-07-27,TRENDING_DOWN,False,False,,,False
MSCL,2024-11-01,TRENDING_UP,False,False,,,False
MSCL,2020-08-19,TRENDING_UP,False,True,-1.5246116504854395,-0.6796116504854396,False
MSCL,2020-10-27,TRENDING_UP,False,False,,,False
MSCL,2024-12-04,TRENDING_UP,False,False,,,False
MSCL,2024-08-29,TRENDING_UP,False,False,,,False
MSCL,2020-01-17,TRENDING_UP,False,True,-0.845,0.0,False
MSCL,2026-01-23,TRENDING_UP,False,False,,,False
MSCL,2025-07-24,TRENDING_UP,False,False,,,False
MSCL,2025-01-09,VOLATILE,False,True,-0.5619811320754609,0.28301886792453906,False
MSOT,2025-06-23,RANGING,False,False,,,False
MSOT,2025-04-09,RANGING,False,False,,,False
MSOT,2026-06-09,TRENDING_UP,False,False,,,False
MSOT,2023-08-01,TRENDING_UP,False,False,,,False
MSOT,2024-07-30,RANGING,False,True,-0.845,0.0,False
MSOT,2022-02-17,RANGING,False,False,,,False
MSOT,2022-12-16,TRENDING_DOWN,False,False,,,False
MSOT,2023-01-19,TRENDING_DOWN,False,False,,,False
MSOT,2021-04-15,RANGING,False,True,-0.975353817504656,-0.130353817504656,False
MSOT,2022-01-11,RANGING,False,True,-0.845,0.0,False
MSOT,2021-01-06,TRENDING_UP,False,False,,,False
MSOT,2023-08-25,TRENDING_UP,False,True,-0.845,0.0,False
MSOT,2024-06-20,TRENDING_UP,False,True,7.688343406593406,9.89010989010989,True
MSOT,2025-12-02,TRENDING_UP,False,False,,,False
MSOT,2026-03-17,VOLATILE,False,False,,,False
MSOT,2024-05-14,TRENDING_UP,False,True,7.690678571428569,9.89285714285714,True
MSOT,2021-04-07,VOLATILE,False,False,,,False
MSOT,2024-11-26,TRENDING_UP,False,False,,,False
MSOT,2026-01-12,TRENDING_UP,False,False,,,False
MTL,2023-04-13,TRENDING_DOWN,False,False,,,False
MTL,2021-07-15,RANGING,False,True,-1.4713603484534734,-0.6263603484534733,False
MTL,2021-05-20,TRENDING_UP,False,False,,,False
MTL,2025-04-17,TRENDING_UP,False,False,,,False
MTL,2023-09-28,TRENDING_UP,False,True,4.184054570681349,5.767417141978058,True
MTL,2021-06-03,TRENDING_UP,False,True,0.5352166250054593,1.4746666176534815,True
MTL,2020-05-21,RANGING,False,True,-1.0472765582681458,-0.20227655826814592,False
MTL,2022-01-18,RANGING,False,False,,,False
MTL,2022-01-10,RANGING,False,False,,,False
MTL,2022-09-12,RANGING,False,True,1.596099487556775,2.722764103007971,True
MTL,2021-06-03,TRENDING_UP,False,True,0.5352166250054593,1.4746666176534815,True
MTL,2025-05-16,TRENDING_UP,False,False,,,False
MTL,2025-03-12,TRENDING_UP,False,False,,,False
MTL,2024-05-13,TRENDING_UP,False,False,,,False
MTL,2021-05-17,TRENDING_UP,False,True,-1.4545006034959318,-0.6095006034959317,False
MTL,2024-07-09,TRENDING_UP,False,True,-3.7144116802167426,-2.8694116802167424,False
MTL,2025-03-07,TRENDING_UP,False,False,,,False
MTL,2023-12-13,TRENDING_UP,False,False,,,False
MTL,2023-07-17,TRENDING_UP,False,True,-1.38623093335421,-0.54123093335421,False
MTL,2023-12-22,VOLATILE,False,True,-4.38930778447791,-3.5443077844779096,False
MTL,2023-11-23,TRENDING_UP,False,False,,,False
MUGHAL,2021-12-06,VOLATILE,False,False,,,False
MUGHAL,2021-10-07,VOLATILE,False,True,-1.3333507986570394,-0.48835079865703934,False
MUGHAL,2021-09-24,RANGING,False,True,-5.084130434782614,-4.239130434782615,False
MUGHAL,2025-04-18,TRENDING_UP,False,True,-1.702142857142849,-0.857142857142849,False
MUGHAL,2024-05-03,TRENDING_UP,False,False,,,False
MUGHAL,2024-05-09,TRENDING_UP,False,True,5.853359632446128,7.73130544993662,True
MUGHAL,2022-12-02,RANGING,False,False,,,False
MUGHAL,2021-12-30,RANGING,False,False,,,False
MUGHAL,2020-07-16,RANGING,False,False,,,False
MUGHAL,2023-09-12,RANGING,False,False,,,False
MUGHAL,2020-06-11,RANGING,False,True,-2.4175518227305135,-1.5725518227305137,False
MUGHAL,2024-02-13,VOLATILE,False,False,,,False
MUGHAL,2023-07-24,TRENDING_UP,False,False,,,False
MUGHAL,2021-06-18,TRENDING_UP,False,True,-2.2445485327313746,-1.3995485327313744,False
MUGHAL,2020-08-13,TRENDING_UP,False,False,,,False
MUGHAL,2025-12-19,TRENDING_UP,False,False,,,False
MUGHAL,2024-03-28,TRENDING_UP,False,True,-3.3563086881921684,-2.5113086881921687,False
MUGHAL,2023-11-14,TRENDING_UP,False,False,,,False
MUGHAL,2025-06-11,TRENDING_UP,False,False,,,False
MUGHAL,2020-03-03,VOLATILE,False,True,4.28175,5.88235294117647,True
MUGHAL,2022-10-05,RANGING,False,False,,,False
MUGHALC,2025-10-20,TRENDING_UP,False,False,,,False
MUGHALC,2025-12-02,TRENDING_UP,False,True,11.318048364579179,14.160351017151976,True
MUGHALC,2025-11-05,VOLATILE,False,True,1.0164438775510205,2.0408163265306123,True
MUGHALC,2026-05-19,VOLATILE,False,True,-2.6758080808080758,-1.8308080808080756,False
MUREB,2023-07-12,TRENDING_UP,False,False,,,False
MUREB,2025-03-21,TRENDING_UP,False,False,,,False
MUREB,2025-11-12,VOLATILE,False,False,,,False
MUREB,2021-10-04,RANGING,False,False,,,False
MUREB,2020-07-24,RANGING,False,True,-0.845,0.0,False
MUREB,2023-10-11,TRENDING_UP,False,True,-0.845,0.0,False
MUREB,2025-09-02,TRENDING_UP,False,True,-1.8551790508566275,-1.0101790508566275,False
MUREB,2026-03-31,VOLATILE,False,True,-0.3731027245858537,0.4718972754141463,False
MUREB,2026-01-30,TRENDING_UP,False,True,-3.9896662104989353,-3.1446662104989356,False
MUREB,2022-02-11,TRENDING_UP,False,True,2.546815743611936,3.8412538160140426,True
MUREB,2024-12-02,TRENDING_UP,False,False,,,False
MUREB,2021-02-02,TRENDING_UP,False,False,,,False
MUREB,2025-05-22,TRENDING_UP,False,True,0.3416265432098788,1.2469135802469162,True
MUREB,2021-12-24,VOLATILE,False,True,3.2709196750902527,4.693140794223827,True
MUREB,2025-05-26,TRENDING_UP,False,True,-2.6414071856287427,-1.7964071856287425,False
MUREB,2025-03-27,TRENDING_UP,False,False,,,False
MUREB,2026-07-03,TRENDING_UP,False,True,-1.534507723555513,-0.6895077235555128,False
MWMP,2025-06-02,TRENDING_UP,False,False,,,False
MWMP,2025-01-20,TRENDING_UP,False,False,,,False
MWMP,2026-02-16,VOLATILE,False,True,-0.8238583509513634,0.02114164904863661,False
MWMP,2024-10-22,TRENDING_UP,False,True,-4.844999999999997,-3.9999999999999973,False
MWMP,2024-09-30,TRENDING_UP,False,True,1.6708817926296025,2.8107432854465912,True
MWMP,2025-06-24,TRENDING_UP,False,False,,,False
MZNPETF,2025-12-15,TRENDING_UP,False,False,,,False
MZNPETF,2025-04-22,TRENDING_UP,False,True,-2.5993859649122935,-1.7543859649122935,False
MZNPETF,2025-10-17,TRENDING_UP,False,True,-0.05213577799801716,0.7928642220019828,False
MZNPETF,2024-06-21,TRENDING_UP,False,False,,,False
MZNPETF,2025-01-17,TRENDING_UP,False,False,,,False
MZNPETF,2025-07-08,TRENDING_UP,False,False,,,False
MZNPETF,2025-04-29,VOLATILE,False,True,-1.7432035928143628,-0.8982035928143627,False
MZNPETF,2024-01-23,TRENDING_UP,False,False,,,False
NAGC,2024-05-21,TRENDING_UP,False,True,-0.845,0.0,False
NAGC,2026-06-05,TRENDING_UP,False,False,,,False
NAGC,2025-07-28,TRENDING_UP,False,True,-1.181749633967795,-0.336749633967795,False
NAGC,2024-11-14,TRENDING_UP,False,True,2.9310592454835342,4.293304994686511,True
NAGC,2025-02-10,VOLATILE,False,True,-0.845,0.0,False
NATF,2020-08-10,TRENDING_UP,False,True,0.3581475672748452,1.2663500791468767,True
NATF,2026-04-09,VOLATILE,False,False,,,False
NATF,2020-07-20,RANGING,False,True,-0.05843873517786191,0.7865612648221381,False
NATF,2025-07-07,TRENDING_UP,False,False,,,False
NATF,2021-11-19,TRENDING_UP,False,True,-2.227488479262673,-1.3824884792626728,False
NATF,2023-10-27,TRENDING_UP,False,False,,,False
NATF,2022-03-24,TRENDING_DOWN,False,True,-1.8001894352202121,-0.9551894352202122,False
NATF,2023-06-21,RANGING,False,True,-1.2739215686274528,-0.42892156862745273,False
NATF,2020-05-28,RANGING,False,False,,,False
NATF,2023-11-15,TRENDING_UP,False,False,,,False
NATF,2021-03-12,VOLATILE,False,False,,,False
NATF,2023-07-25,TRENDING_UP,False,True,-0.845,0.0,False
NATF,2021-05-24,TRENDING_UP,False,False,,,False
NATF,2026-01-01,TRENDING_UP,False,False,,,False
NATF,2023-12-14,TRENDING_UP,False,False,,,False
NATF,2021-12-23,VOLATILE,False,True,-3.002894736842106,-2.1578947368421058,False
NATF,2023-12-21,TRENDING_UP,False,False,,,False
NATF,2026-06-17,TRENDING_UP,False,True,-0.845,0.0,False
NATF,2023-11-01,TRENDING_UP,False,False,,,False
NATF,2023-11-02,TRENDING_UP,False,True,10.809201900516191,13.561708118254343,True
NATF,2021-04-05,VOLATILE,False,False,,,False
NATF,2023-10-20,TRENDING_UP,False,True,-1.3044180704441086,-0.4594180704441087,False
NATM,2024-09-18,TRENDING_UP,False,True,-0.845,0.0,False
NBP,2022-10-26,RANGING,False,False,,,False
NBP,2020-01-22,TRENDING_UP,False,False,,,False
NBP,2021-07-14,RANGING,False,True,0.2501350754770687,1.1392765593847867,True
NBP,2020-10-16,VOLATILE,False,False,,,False
NBP,2021-09-07,RANGING,False,True,-2.6631818181818225,-1.8181818181818226,False
NBP,2023-05-09,RANGING,False,True,0.020166988416987247,0.8687258687258673,True
NBP,2024-11-08,TRENDING_UP,False,True,-2.6584291782388485,-1.8134291782388487,False
NBP,2026-07-01,TRENDING_UP,False,False,,,False
NBP,2023-11-01,TRENDING_UP,False,False,,,False
NBP,2026-01-16,TRENDING_UP,False,False,,,False
NBP,2020-06-05,RANGING,False,False,,,False
NBP,2024-06-25,TRENDING_UP,False,True,-2.28730769230769,-1.44230769230769,False
NBP,2025-08-11,TRENDING_UP,False,False,,,False
NBP,2024-01-08,VOLATILE,False,False,,,False
NBP,2026-01-21,TRENDING_UP,False,True,-1.3924452554744526,-0.5474452554744526,False
NBP,2023-09-28,TRENDING_UP,False,False,,,False
NBP,2020-07-30,TRENDING_UP,False,False,,,False
NBP,2025-07-17,TRENDING_UP,False,False,,,False
NBP,2020-03-13,VOLATILE,False,True,-5.237002622091117,-4.392002622091117,False
NBP,2025-07-09,TRENDING_UP,False,True,2.9339275404638787,4.296679459369269,True
NBPGETF,2025-12-02,TRENDING_UP,False,True,-0.8783444481493765,-0.033344448149376496,False
NBPGETF,2026-01-19,TRENDING_UP,False,False,,,False
NBPGETF,2025-07-10,TRENDING_UP,False,True,1.2260745576176,2.287440656020706,True
NBPGETF,2026-04-28,TRENDING_UP,False,True,-2.3943867010974835,-1.5493867010974836,False
NBPGETF,2024-11-18,TRENDING_UP,False,False,,,False
NBPGETF,2025-06-16,TRENDING_UP,False,True,-2.012639699749796,-1.1676396997497962,False
NCL,2020-12-23,TRENDING_UP,False,False,,,False
NCL,2023-05-16,RANGING,False,True,0.1090006082725032,0.9732360097323567,True
NCL,2025-05-15,TRENDING_UP,False,False,,,False
NCL,2025-08-22,TRENDING_UP,False,True,-8.844999999999999,-7.999999999999999,False
NCL,2023-05-15,RANGING,False,False,,,False
NCL,2021-09-17,RANGING,False,True,-1.1236069651741305,-0.27860696517413047,False
NCL,2020-06-19,RANGING,False,False,,,False
NCL,2023-04-04,TRENDING_DOWN,False,True,-0.7962195121951143,0.048780487804885676,False
NCL,2023-02-21,VOLATILE,False,False,,,False
NCL,2020-11-10,TRENDING_UP,False,False,,,False
NCL,2026-01-13,TRENDING_UP,False,False,,,False
NCL,2026-07-06,TRENDING_UP,False,False,,,False
NCL,2024-04-22,TRENDING_UP,False,False,,,False
NCL,2023-05-18,RANGING,False,False,,,False
NCL,2020-03-02,VOLATILE,False,False,,,False
NCL,2020-11-06,TRENDING_UP,False,True,0.10300603864734176,0.9661835748792256,True
NCL,2023-07-31,TRENDING_UP,False,False,,,False
NCL,2025-01-07,TRENDING_UP,False,True,-1.9846011396011354,-1.1396011396011354,False
NCL,2020-05-04,VOLATILE,False,False,,,False
NCL,2020-08-07,TRENDING_UP,False,False,,,False
NCML,2025-08-28,TRENDING_UP,False,False,,,False
NCML,2026-03-19,VOLATILE,False,False,,,False
NCML,2025-02-19,RANGING,False,True,12.187509162303657,15.18324607329842,True
NCML,2025-03-05,RANGING,False,True,-8.844999999999992,-7.999999999999992,False
NCML,2025-12-08,TRENDING_UP,False,True,0.1317500000000021,1.0000000000000024,True
NCML,2025-07-21,TRENDING_UP,False,True,-4.416428571428571,-3.571428571428571,False
NCML,2025-05-30,TRENDING_UP,False,False,,,False
NCML,2026-01-07,TRENDING_UP,False,False,,,False
NCML,2024-11-25,TRENDING_UP,False,True,-0.845,0.0,False
NCML,2024-02-12,VOLATILE,False,False,,,False
NCML,2025-10-09,TRENDING_UP,False,True,7.498646831844024,9.666937449228264,True
NCML,2024-10-15,TRENDING_UP,False,True,-0.845,0.0,False
NCML,2026-06-24,TRENDING_UP,False,False,,,False
NCPL,2022-01-17,RANGING,False,True,-1.3744117647058816,-0.5294117647058816,False
NCPL,2025-09-18,TRENDING_UP,False,False,,,False
NCPL,2020-08-10,TRENDING_UP,False,False,,,False
NCPL,2025-01-02,TRENDING_UP,False,False,,,False
NCPL,2024-04-23,TRENDING_UP,False,False,,,False
NCPL,2022-06-15,TRENDING_DOWN,False,False,,,False
NCPL,2023-07-14,TRENDING_UP,False,False,,,False
NCPL,2025-03-03,RANGING,False,True,-2.256290322580651,-1.4112903225806508,False
NCPL,2022-01-03,RANGING,False,False,,,False
NCPL,2023-09-14,RANGING,False,True,10.892351427115186,13.65953109072375,True
NCPL,2022-01-24,RANGING,False,False,,,False
NCPL,2020-06-05,RANGING,False,True,-2.3305355746677057,-1.4855355746677055,False
NCPL,2024-02-06,RANGING,False,False,,,False
NCPL,2021-04-21,RANGING,False,False,,,False
NCPL,2023-07-21,TRENDING_UP,False,False,,,False
NCPL,2025-09-26,TRENDING_UP,False,False,,,False
NCPL,2025-11-27,TRENDING_UP,False,True,-0.8820233246945633,-0.037023324694563355,False
NCPL,2026-01-01,TRENDING_UP,False,True,8.437196756425935,10.771113831089338,True
NCPL,2024-03-28,TRENDING_UP,False,True,-0.845,0.0,False
NCPL,2025-06-24,TRENDING_UP,False,True,-2.10721498371335,-1.2622149837133498,False
NCPL,2023-10-24,TRENDING_UP,False,False,,,False
NCPL,2025-05-30,TRENDING_UP,False,False,,,False
NCPL,2024-07-01,TRENDING_UP,False,True,-0.6433193277310967,0.20168067226890327,False
NCPL,2020-03-09,VOLATILE,False,False,,,False
NESTLE,2023-02-06,VOLATILE,False,True,2.8315584291187736,4.176245210727969,True
NESTLE,2024-07-04,TRENDING_UP,False,False,,,False
NESTLE,2021-08-12,RANGING,False,False,,,False
NESTLE,2022-05-25,TRENDING_DOWN,False,True,-0.845,0.0,False
NESTLE,2022-05-09,RANGING,False,False,,,False
NESTLE,2020-09-02,TRENDING_UP,False,False,,,False
NESTLE,2021-02-09,TRENDING_UP,False,False,,,False
NESTLE,2025-07-30,TRENDING_UP,False,False,,,False
NESTLE,2023-12-12,TRENDING_UP,False,True,-0.845,0.0,False
NESTLE,2025-02-11,VOLATILE,False,True,-0.845,0.0,False
NETSOL,2024-01-18,VOLATILE,False,False,,,False
NETSOL,2022-09-02,RANGING,False,True,-4.175368613499362,-3.330368613499362,False
NETSOL,2024-03-28,TRENDING_UP,False,False,,,False
NETSOL,2024-06-25,TRENDING_UP,False,False,,,False
NETSOL,2025-09-10,TRENDING_UP,True,False,,,False
NETSOL,2026-06-03,TRENDING_UP,False,False,,,False
NETSOL,2021-08-12,RANGING,False,False,,,False
NETSOL,2023-01-02,RANGING,False,False,,,False
NETSOL,2025-03-03,RANGING,False,True,2.435944837123549,3.710817455439469,True
NETSOL,2020-02-03,RANGING,False,False,,,False
NETSOL,2023-05-30,RANGING,False,True,-1.4610164271047266,-0.6160164271047267,False
NETSOL,2022-06-21,RANGING,False,False,,,False
NETSOL,2025-02-24,RANGING,False,False,,,False
NETSOL,2024-10-29,TRENDING_UP,False,False,,,False
NETSOL,2026-02-24,VOLATILE,False,False,,,False
NETSOL,2021-05-18,TRENDING_UP,False,True,24.665562949640282,29.86330935251798,True
NETSOL,2021-02-01,TRENDING_UP,False,False,,,False
NETSOL,2026-01-14,TRENDING_UP,False,True,-3.925390683696465,-3.0803906836964647,False
NETSOL,2024-09-10,TRENDING_UP,False,False,,,False
NETSOL,2024-10-10,TRENDING_UP,False,False,,,False
NETSOL,2021-05-21,TRENDING_UP,False,False,,,False
NETSOL,2022-02-09,TRENDING_UP,False,False,,,False
NETSOL,2026-02-16,VOLATILE,False,False,,,False
NEXT,2024-10-22,TRENDING_UP,False,False,,,False
NEXT,2024-08-27,RANGING,False,True,-0.845,0.0,False
NEXT,2024-10-30,TRENDING_UP,False,True,-0.845,0.0,False
NEXT,2024-10-01,TRENDING_UP,False,True,-1.8654081632653206,-1.0204081632653206,False
NEXT,2024-06-28,TRENDING_UP,False,False,,,False
NEXT,2026-04-30,VOLATILE,False,True,2.743288461538456,4.072398190045242,True
NEXT,2026-05-12,TRENDING_UP,False,True,-1.9164285714285645,-1.0714285714285645,False
NEXT,2024-05-14,TRENDING_UP,False,True,4.041750000000004,5.600000000000005,True
NICL,2021-10-26,VOLATILE,False,False,,,False
NICL,2024-11-01,TRENDING_UP,False,False,,,False
NICL,2024-03-15,TRENDING_UP,False,True,-0.845,0.0,False
NICL,2025-06-04,TRENDING_UP,False,False,,,False
NICL,2021-03-24,VOLATILE,False,False,,,False
NICL,2020-09-21,TRENDING_UP,False,True,1.4500617549032118,2.5509550057684844,True
NICL,2021-09-27,RANGING,False,False,,,False
NICL,2022-10-12,RANGING,False,True,-0.8586035913481228,-0.01360359134812286,False
NICL,2021-04-22,RANGING,False,True,16.98152501874843,20.823264727939332,True
NICL,2023-08-28,RANGING,False,False,,,False
NICL,2020-07-29,TRENDING_UP,False,True,-0.845,0.0,False
NICL,2020-11-06,TRENDING_UP,False,True,1.191862359550562,2.247191011235955,True
NICL,2024-09-11,TRENDING_UP,False,False,,,False
NICL,2024-09-13,TRENDING_UP,False,True,-4.081298585135797,-3.2362985851357973,False
NICL,2023-10-18,TRENDING_UP,False,True,-1.811183574879227,-0.966183574879227,False
NICL,2023-08-08,TRENDING_UP,False,True,1.6874103773584908,2.8301886792452833,True
NICL,2020-11-11,TRENDING_UP,False,True,-0.845,0.0,False
NICL,2025-03-12,TRENDING_UP,False,True,-1.7449357188772165,-0.8999357188772166,False
NITGETF,2025-04-22,TRENDING_UP,False,False,,,False
NITGETF,2024-07-18,TRENDING_UP,False,True,-0.2866527079843584,0.5583472920156416,False
NITGETF,2025-05-22,TRENDING_UP,False,True,-0.13551530993279415,0.7094846900672058,False
NITGETF,2026-06-08,TRENDING_UP,False,False,,,False
NITGETF,2025-01-01,TRENDING_UP,False,True,0.015083333333329618,0.8627450980392113,True
NML,2026-03-18,VOLATILE,False,True,-1.5314320140207374,-0.6864320140207374,False
NML,2021-08-11,RANGING,False,False,,,False
NML,2021-04-29,RANGING,False,False,,,False
NML,2023-07-11,TRENDING_UP,False,True,-1.6353225806451643,-0.7903225806451645,False
NML,2023-10-16,TRENDING_UP,False,True,-3.1080370613315766,-2.2630370613315764,False
NML,2020-12-21,TRENDING_UP,False,True,1.3110178054140451,2.387373888722406,True
NML,2022-10-17,RANGING,False,False,,,False
NML,2021-10-05,RANGING,False,False,,,False
NML,2023-03-15,RANGING,False,False,,,False
NML,2022-05-06,RANGING,False,True,-5.22,-4.375,False
NML,2024-04-15,TRENDING_UP,False,False,,,False
NML,2024-05-10,TRENDING_UP,False,False,,,False
NML,2021-01-25,TRENDING_UP,False,False,,,False
NML,2025-04-18,TRENDING_UP,False,False,,,False
NML,2020-12-03,TRENDING_UP,False,False,,,False
NML,2025-05-19,TRENDING_UP,False,False,,,False
NML,2026-07-09,TRENDING_UP,False,False,,,False
NML,2025-07-10,TRENDING_UP,False,False,,,False
NML,2023-02-07,VOLATILE,False,False,,,False
NML,2023-10-06,TRENDING_UP,False,True,0.666427419354836,1.629032258064513,True
NONS,2026-01-22,TRENDING_UP,False,False,,,False
NONS,2024-11-19,TRENDING_UP,False,True,-0.9310479409956892,-0.08604794099568923,False
NONS,2025-05-22,TRENDING_UP,False,True,-1.4995114539504466,-0.6545114539504467,False
NONS,2026-03-30,VOLATILE,False,False,,,False
NONS,2026-05-12,TRENDING_UP,False,True,-1.1464143287734814,-0.30141432877348145,False
NONS,2026-05-12,TRENDING_UP,False,True,-1.1464143287734814,-0.30141432877348145,False
NONS,2024-06-03,TRENDING_UP,False,True,-0.845,0.0,False
NONS,2026-02-04,TRENDING_UP,False,False,,,False
NONS,2024-07-08,TRENDING_UP,False,True,-6.009319248826293,-5.164319248826294,False
NPL,2024-10-18,TRENDING_UP,False,True,1.9399318181818166,3.127272727272725,True
NPL,2026-04-03,VOLATILE,False,False,,,False
NPL,2025-01-01,TRENDING_UP,False,True,-2.205733129686184,-1.3607331296861842,False
NPL,2024-08-22,RANGING,False,False,,,False
NPL,2021-11-02,RANGING,False,False,,,False
NPL,2021-03-29,VOLATILE,False,True,-1.2952043143590288,-0.45020431435902886,False
NPL,2021-10-01,RANGING,False,True,-0.8951044942412798,-0.05010449424127985,False
NPL,2021-11-18,RANGING,False,True,-0.845,0.0,False
NPL,2022-09-28,TRENDING_DOWN,False,True,-1.0747596314146313,-0.2297596314146312,False
NPL,2023-02-06,VOLATILE,False,False,,,False
NPL,2022-12-15,TRENDING_DOWN,False,True,-0.845,0.0,False
NPL,2022-01-26,RANGING,False,False,,,False
NPL,2023-10-04,TRENDING_UP,False,False,,,False
NPL,2021-05-18,TRENDING_UP,False,True,-1.3126496139888277,-0.4676496139888279,False
NPL,2024-09-18,TRENDING_UP,False,False,,,False
NPL,2025-12-12,TRENDING_UP,False,False,,,False
NPL,2025-10-01,TRENDING_UP,False,False,,,False
NPL,2020-11-19,VOLATILE,False,False,,,False
NPL,2024-05-17,TRENDING_UP,False,False,,,False
NPL,2025-04-04,TRENDING_UP,False,True,-7.486025641025649,-6.641025641025649,False
NPL,2025-01-09,VOLATILE,False,True,-1.4918685680682118,-0.6468685680682119,False
NPL,2020-09-07,TRENDING_UP,False,False,,,False
NRL,2024-02-19,VOLATILE,False,False,,,False
NRL,2020-03-03,VOLATILE,False,False,,,False
NRL,2020-07-27,RANGING,False,False,,,False
NRL,2025-01-20,TRENDING_UP,False,False,,,False
NRL,2020-12-15,TRENDING_UP,False,False,,,False
NRL,2021-10-28,RANGING,False,False,,,False
NRL,2022-10-19,RANGING,False,False,,,False
NRL,2022-12-01,RANGING,False,False,,,False
NRL,2022-03-28,RANGING,False,False,,,False
NRL,2020-07-08,RANGING,False,False,,,False
NRL,2023-06-07,RANGING,False,True,-3.9184310778479796,-3.0734310778479794,False
NRL,2024-08-28,RANGING,False,False,,,False
NRL,2024-06-06,RANGING,False,True,-3.8187436581120515,-2.9737436581120518,False
NRL,2025-07-02,TRENDING_UP,False,False,,,False
NRL,2024-03-25,TRENDING_UP,False,True,2.9484166666666667,4.313725490196078,True
NRL,2025-12-02,TRENDING_UP,False,False,,,False
NRL,2024-07-01,TRENDING_UP,False,False,,,False
NRL,2021-01-20,TRENDING_UP,False,False,,,False
NRL,2025-10-09,TRENDING_UP,False,True,-2.5086396658191075,-1.6636396658191075,False
NRL,2023-11-02,TRENDING_UP,False,False,,,False
NRL,2026-04-09,VOLATILE,False,False,,,False
NRL,2024-01-02,TRENDING_UP,False,False,,,False
NRL,2026-03-06,VOLATILE,False,True,9.042391891891894,11.483108108108112,True
NRSL,2024-01-10,VOLATILE,False,False,,,False
NRSL,2022-04-15,RANGING,False,False,,,False
NRSL,2023-10-04,TRENDING_UP,False,True,-1.1803454057679457,-0.3353454057679457,False
NRSL,2026-02-18,VOLATILE,False,False,,,False
NRSL,2020-08-28,TRENDING_UP,False,False,,,False
NRSL,2022-04-19,RANGING,True,False,,,False
NRSL,2021-12-29,RANGING,False,False,,,False
NRSL,2022-09-02,RANGING,False,True,-2.4103220951234077,-1.5653220951234077,False
NRSL,2021-07-30,RANGING,False,True,96.32141005665723,114.16430594900851,True
NRSL,2022-12-08,RANGING,False,True,-0.5543023255813886,0.2906976744186114,False
NRSL,2024-01-22,TRENDING_UP,False,True,1.2817499999999928,2.35294117647058,True
NRSL,2021-05-24,TRENDING_UP,False,True,14.006547219003469,17.323290845886433,True
NRSL,2021-06-07,TRENDING_UP,False,False,,,False
NRSL,2025-03-27,TRENDING_UP,False,True,7.731491315594979,9.940872135994093,True
NRSL,2023-07-26,TRENDING_UP,False,True,-0.845,0.0,False
NRSL,2023-10-13,TRENDING_UP,False,False,,,False
NRSL,2024-12-06,TRENDING_UP,False,True,-0.845,0.0,False
NRSL,2021-04-01,VOLATILE,False,True,-1.2797826086956583,-0.4347826086956583,False
NSRM,2025-11-12,VOLATILE,False,False,,,False
NSRM,2024-12-18,TRENDING_UP,False,True,-0.845,0.0,False
NSRM,2025-05-20,TRENDING_UP,False,True,-7.751906906906912,-6.9069069069069124,False
NSRM,2025-11-10,TRENDING_UP,False,True,-0.845,0.0,False
NSRM,2025-08-22,TRENDING_UP,False,True,-0.845,0.0,False
NSRM,2026-07-09,TRENDING_UP,False,True,-0.845,0.0,False
OBOY,2026-02-13,VOLATILE,False,True,-8.267852376980823,-7.422852376980822,False
OBOY,2020-02-06,RANGING,False,False,,,False
OBOY,2024-05-06,TRENDING_UP,False,False,,,False
OBOY,2023-01-27,VOLATILE,False,True,-1.3359983633387928,-0.49099836333879293,False
OBOY,2022-08-01,TRENDING_DOWN,False,False,,,False
OBOY,2022-04-06,RANGING,False,True,-4.330254691689,-3.4852546916890006,False
OBOY,2025-03-03,RANGING,False,True,1.4067500000000042,2.500000000000005,True
OBOY,2022-04-22,RANGING,False,False,,,False
OBOY,2024-10-23,TRENDING_UP,False,False,,,False
OBOY,2022-02-14,TRENDING_UP,False,False,,,False
OBOY,2026-01-05,TRENDING_UP,False,True,-5.291546830652797,-4.446546830652797,False
OBOY,2026-01-07,TRENDING_UP,False,False,,,False
OBOY,2025-08-29,TRENDING_UP,False,False,,,False
OBOY,2024-04-08,TRENDING_UP,False,True,-1.0281501831501791,-0.18315018315017925,False
OBOY,2020-08-19,TRENDING_UP,False,False,,,False
OBOY,2025-11-12,VOLATILE,False,True,7.710662783751495,9.916367980884113,True
OCTOPUS,2025-01-15,VOLATILE,False,False,,,False
OCTOPUS,2025-11-24,RANGING,False,False,,,False
OCTOPUS,2025-07-18,TRENDING_UP,False,False,,,False
OCTOPUS,2025-01-01,TRENDING_UP,False,False,,,False
OCTOPUS,2026-07-01,TRENDING_UP,False,True,-1.423034682080933,-0.5780346820809331,False
OCTOPUS,2025-10-02,TRENDING_UP,False,False,,,False
OCTOPUS,2024-10-31,TRENDING_UP,False,True,-8.733662593346914,-7.888662593346914,False
OCTOPUS,2022-02-10,TRENDING_UP,False,False,,,False
OCTOPUS,2023-08-25,TRENDING_UP,False,True,-0.9646172248803759,-0.11961722488037599,False
OCTOPUS,2024-10-22,TRENDING_UP,False,False,,,False
OCTOPUS,2025-02-20,TRENDING_UP,False,False,,,False
OCTOPUS,2023-07-06,TRENDING_UP,False,True,6.66865476190476,8.690476190476188,True
OGDC,2020-12-24,TRENDING_UP,False,False,,,False
OGDC,2025-05-05,VOLATILE,False,False,,,False
OGDC,2025-06-25,TRENDING_UP,False,False,,,False
OGDC,2020-05-28,RANGING,False,False,,,False
OGDC,2022-06-27,TRENDING_DOWN,False,False,,,False
OGDC,2020-07-02,RANGING,False,False,,,False
OGDC,2025-05-21,TRENDING_UP,False,True,-2.3140745765883852,-1.4690745765883853,False
OGDC,2025-09-15,TRENDING_UP,False,False,,,False
OGDC,2025-10-17,TRENDING_UP,False,False,,,False
OGDC,2024-10-31,TRENDING_UP,False,True,3.3145426042211734,4.744461887319027,True
OGDC,2024-12-02,TRENDING_UP,False,True,0.3958492167101787,1.3107049608355044,True
OGDC,2026-01-14,TRENDING_UP,False,False,,,False
OGDC,2024-11-18,TRENDING_UP,False,False,,,False
OGDC,2024-04-17,TRENDING_UP,False,False,,,False
OGDC,2025-06-27,TRENDING_UP,False,False,,,False
OGDC,2024-10-25,TRENDING_UP,False,False,,,False
OGDC,2025-09-22,TRENDING_UP,False,False,,,False
OGDC,2024-01-05,VOLATILE,False,False,,,False
OGDC,2025-10-16,TRENDING_UP,False,False,,,False
OLPL,2024-03-18,TRENDING_UP,False,False,,,False
OLPL,2024-03-07,TRENDING_UP,False,False,,,False
OLPL,2024-04-23,TRENDING_UP,False,True,-1.9400194277640366,-1.0950194277640366,False
OLPL,2025-11-19,VOLATILE,False,False,,,False
OLPL,2025-09-04,TRENDING_UP,False,False,,,False
OLPL,2024-07-18,TRENDING_UP,False,True,-0.8807142857142912,-0.0357142857142913,False
OLPM,2024-06-24,TRENDING_UP,False,True,-0.845,0.0,False
OLPM,2025-06-19,RANGING,False,True,-0.845,0.0,False
OLPM,2025-03-04,RANGING,False,False,,,False
OLPM,2025-08-07,TRENDING_UP,False,True,-1.3376108374384306,-0.4926108374384306,False
OLPM,2025-03-25,TRENDING_UP,False,True,-0.845,0.0,False
OLPM,2025-01-02,TRENDING_UP,False,True,-0.907460961898823,-0.062460961898823,False
OLPM,2024-03-01,TRENDING_UP,False,True,-0.6817346938775545,0.1632653061224455,False
OLPM,2024-07-10,TRENDING_UP,False,False,,,False
OLPM,2026-04-16,VOLATILE,False,False,,,False
OML,2024-07-24,TRENDING_UP,False,False,,,False
OML,2025-08-01,TRENDING_UP,False,False,,,False
OML,2026-02-10,VOLATILE,False,True,-0.8762402374257982,-0.031240237425798224,False
OML,2024-06-26,TRENDING_UP,False,False,,,False
OML,2021-07-13,RANGING,False,False,,,False
OML,2023-03-13,RANGING,False,True,4.815604166666667,6.510416666666667,True
OML,2020-10-02,RANGING,False,False,,,False
OML,2025-02-11,VOLATILE,False,False,,,False
OML,2026-01-07,TRENDING_UP,False,False,,,False
OML,2026-02-12,VOLATILE,False,False,,,False
OML,2025-09-12,TRENDING_UP,False,False,,,False
OML,2020-03-18,VOLATILE,False,False,,,False
OML,2023-11-07,TRENDING_UP,False,True,-0.845,0.0,False
ORM,2024-11-05,TRENDING_UP,False,True,-1.1171088435374092,-0.27210884353740916,False
ORM,2024-11-13,TRENDING_UP,False,False,,,False
ORM,2024-09-19,TRENDING_UP,False,False,,,False
ORM,2026-06-23,TRENDING_UP,False,False,,,False
OTSU,2023-08-09,TRENDING_UP,False,False,,,False
OTSU,2023-05-17,RANGING,False,True,-0.9134462696782986,-0.06844626967829864,False
OTSU,2022-11-30,RANGING,False,True,-6.845,-6.0,False
OTSU,2022-08-01,TRENDING_DOWN,False,False,,,False
OTSU,2022-05-17,TRENDING_DOWN,False,False,,,False
OTSU,2022-04-11,RANGING,False,False,,,False
OTSU,2025-01-21,TRENDING_UP,False,True,-1.9323146622734706,-1.0873146622734706,False
OTSU,2024-03-14,TRENDING_UP,False,False,,,False
OTSU,2025-06-26,TRENDING_UP,False,True,-2.307922481923667,-1.4629224819236666,False
OTSU,2020-12-03,TRENDING_UP,False,False,,,False
OTSU,2021-02-01,TRENDING_UP,False,False,,,False
OTSU,2026-02-09,VOLATILE,False,False,,,False
OTSU,2025-02-28,TRENDING_UP,False,True,-0.845,0.0,False
OTSU,2020-02-21,RANGING,False,True,-0.845,0.0,False
OTSU,2026-01-05,TRENDING_UP,False,True,6.043113636363636,7.954545454545454,True
OTSU,2020-02-13,VOLATILE,False,True,1.9188181035440408,3.102433062992989,True
OTSU,2026-05-05,VOLATILE,False,False,,,False
OTSU,2025-07-23,TRENDING_UP,False,True,-0.845,0.0,False
PABC,2025-06-23,RANGING,False,False,,,False
PABC,2025-02-17,RANGING,False,False,,,False
PABC,2022-04-12,RANGING,False,True,3.9181136363636324,5.45454545454545,True
PABC,2022-12-21,TRENDING_DOWN,False,False,,,False
PABC,2024-01-02,TRENDING_UP,False,False,,,False
PABC,2024-10-25,TRENDING_UP,False,False,,,False
PABC,2024-03-11,TRENDING_UP,False,False,,,False
PABC,2024-11-05,TRENDING_UP,False,True,-2.2268353608125686,-1.3818353608125684,False
PABC,2025-12-24,TRENDING_UP,False,False,,,False
PABC,2024-09-30,TRENDING_UP,False,False,,,False
PABC,2023-08-17,TRENDING_UP,False,False,,,False
PABC,2024-05-17,TRENDING_UP,False,True,-3.0344613924974455,-2.1894613924974453,False
PABC,2025-09-22,TRENDING_UP,False,False,,,False
PABC,2025-04-25,VOLATILE,False,False,,,False
PACE,2024-01-16,VOLATILE,False,False,,,False
PACE,2022-02-04,RANGING,False,True,-2.560686274509811,-1.715686274509811,False
PACE,2023-08-11,TRENDING_UP,False,True,3.6858950777202018,5.181347150259061,True
PACE,2024-11-04,TRENDING_UP,False,False,,,False
PACE,2024-12-06,TRENDING_UP,False,False,,,False
PACE,2024-06-07,RANGING,False,False,,,False
PACE,2022-11-03,RANGING,False,True,5.608610841423949,7.443365695792881,True
PACE,2025-11-24,RANGING,False,False,,,False
PACE,2023-06-27,RANGING,False,False,,,False
PACE,2020-06-26,RANGING,False,True,-1.7883962264150952,-0.9433962264150951,False
PACE,2022-01-11,RANGING,False,False,,,False
PACE,2023-12-18,TRENDING_UP,False,False,,,False
PACE,2020-02-13,VOLATILE,False,False,,,False
PACE,2021-02-17,TRENDING_UP,False,True,-4.308203463203466,-3.463203463203466,False
PACE,2023-05-11,RANGING,False,False,,,False
PACE,2023-11-13,TRENDING_UP,False,False,,,False
PACE,2021-01-13,TRENDING_UP,False,True,-1.0900980392156812,-0.24509803921568107,False
PACE,2023-08-07,TRENDING_UP,False,True,-1.312289719626179,-0.46728971962617905,False
PACE,2020-11-26,VOLATILE,False,False,,,False
PAEL,2021-02-09,TRENDING_UP,False,False,,,False
PAEL,2020-04-22,VOLATILE,False,False,,,False
PAEL,2025-11-11,VOLATILE,False,True,1.245446369636972,2.31023102310232,True
PAEL,2023-06-27,RANGING,False,False,,,False
PAEL,2024-06-27,TRENDING_UP,False,True,5.486888662316474,7.300163132137028,True
PAEL,2025-01-10,VOLATILE,False,False,,,False
PAEL,2026-01-09,TRENDING_UP,False,False,,,False
PAEL,2023-08-30,RANGING,False,False,,,False
PAEL,2020-05-28,RANGING,False,False,,,False
PAEL,2025-02-12,RANGING,False,True,-2.3221048744460715,-1.4771048744460717,False
PAEL,2020-06-19,RANGING,False,True,-0.48785714285713455,0.3571428571428654,False
PAEL,2020-01-24,TRENDING_UP,False,False,,,False
PAEL,2022-01-18,RANGING,False,False,,,False
PAEL,2025-06-26,TRENDING_UP,False,False,,,False
PAEL,2020-09-21,TRENDING_UP,False,False,,,False
PAEL,2023-08-10,TRENDING_UP,False,False,,,False
PAEL,2023-07-12,TRENDING_UP,False,False,,,False
PAEL,2024-03-01,TRENDING_UP,False,False,,,False
PAEL,2026-06-24,TRENDING_UP,False,True,0.6245620063191071,1.5797788309636553,True
PAEL,2023-10-24,TRENDING_UP,False,False,,,False
PAEL,2021-06-08,TRENDING_UP,False,True,2.1207451470168466,3.3399942906080553,True
PAEL,2020-04-30,VOLATILE,False,True,1.2233743654822304,2.2842639593908594,True
PAEL,2021-05-25,TRENDING_UP,False,False,,,False
PAKD,2021-04-30,RANGING,False,False,,,False
PAKD,2024-10-24,TRENDING_UP,False,True,-1.147114803625382,-0.30211480362538196,False
PAKD,2024-04-22,TRENDING_UP,False,True,1.8110350410663887,2.975629460078104,True
PAKD,2024-07-12,TRENDING_UP,False,False,,,False
PAKD,2025-09-29,TRENDING_UP,False,True,-3.4945726495726426,-2.6495726495726424,False
PAKD,2022-10-19,RANGING,False,False,,,False
PAKD,2022-03-03,TRENDING_DOWN,False,True,-7.900555555555559,-7.055555555555559,False
PAKD,2022-05-26,TRENDING_DOWN,False,False,,,False
PAKD,2021-11-02,RANGING,False,True,6.92678947820117,8.994164092001377,True
PAKD,2023-09-06,RANGING,False,True,5.12631355283309,6.875957120980106,True
PAKD,2021-10-15,VOLATILE,False,True,2.0952351138353773,3.3099824868651497,True
PAKD,2021-05-18,TRENDING_UP,False,False,,,False
PAKD,2023-05-12,RANGING,False,True,3.131924216027868,4.529616724738668,True
PAKD,2024-04-29,TRENDING_UP,False,False,,,False
PAKD,2020-05-18,VOLATILE,False,False,,,False
PAKD,2025-04-03,TRENDING_UP,False,True,-3.1085658914728658,-2.263565891472866,False
PAKL,2024-11-01,TRENDING_UP,False,True,0.6021383495145586,1.5533980582524218,True
PAKL,2025-06-18,RANGING,False,True,6.5113614805740285,8.505425271263563,True
PAKL,2026-01-08,TRENDING_UP,False,False,,,False
PAKL,2025-11-18,VOLATILE,False,False,,,False
PAKL,2025-07-23,TRENDING_UP,False,True,-2.9752130213021326,-2.130213021302133,False
PAKL,2025-07-29,TRENDING_UP,False,False,,,False
PAKL,2026-03-05,VOLATILE,False,True,0.32469478527607554,1.226993865030677,True
PAKL,2025-01-10,VOLATILE,False,False,,,False
PAKL,2024-08-07,RANGING,False,False,,,False
PAKMI,2020-08-25,TRENDING_UP,False,False,,,False
PAKMI,2021-04-05,VOLATILE,False,True,-0.845,0.0,False
PAKMI,2020-01-23,TRENDING_UP,False,True,3.612960191082794,5.095541401273875,True
PAKMI,2021-01-04,TRENDING_UP,False,True,5.656749999999994,7.499999999999993,True
PAKMI,2021-05-21,TRENDING_UP,False,False,,,False
PAKMI,2023-03-07,RANGING,False,False,,,False
PAKOXY,2021-09-01,RANGING,False,True,0.5392103174603241,1.4793650793650872,True
PAKOXY,2020-01-08,TRENDING_UP,False,False,,,False
PAKOXY,2025-05-14,VOLATILE,False,False,,,False
PAKOXY,2020-01-02,TRENDING_UP,False,False,,,False
PAKOXY,2020-03-13,VOLATILE,False,True,-1.2434063745019883,-0.3984063745019883,False
PAKOXY,2025-06-23,RANGING,False,False,,,False
PAKOXY,2025-10-16,TRENDING_UP,False,False,,,False
PAKOXY,2025-04-03,TRENDING_UP,False,False,,,False
PAKOXY,2023-07-05,RANGING,False,False,,,False
PAKOXY,2020-06-30,RANGING,False,False,,,False
PAKOXY,2020-04-09,VOLATILE,False,False,,,False
PAKOXY,2021-09-08,RANGING,False,True,0.6205478142076439,1.5750562520089928,True
PAKOXY,2020-01-22,TRENDING_UP,False,True,5.722582402563041,7.577449885368283,True
PAKOXY,2025-12-10,TRENDING_UP,False,False,,,False
PAKOXY,2020-06-11,RANGING,False,True,14.833800473186127,18.296529968454266,True
PAKOXY,2024-09-11,TRENDING_UP,False,False,,,False
PAKOXY,2025-10-08,TRENDING_UP,False,True,-4.845,-4.0,False
PAKOXY,2025-05-30,TRENDING_UP,False,False,,,False
PAKOXY,2021-08-23,TRENDING_UP,False,True,-2.011977032898818,-1.1669770328988178,False
PAKOXY,2023-02-15,VOLATILE,False,False,,,False
PAKOXY,2024-01-17,VOLATILE,False,True,0.20017247433819554,1.0804970286331712,True
PAKOXY,2025-07-17,TRENDING_UP,False,True,-2.575359549584796,-1.730359549584796,False
PAKQATAR,2026-02-03,TRENDING_UP,False,False,,,False
PAKRI,2021-03-16,VOLATILE,False,False,,,False
PAKRI,2025-08-08,TRENDING_UP,False,True,-0.845,0.0,False
PAKRI,2025-12-05,TRENDING_UP,False,True,-0.845,0.0,False
PAKRI,2022-08-04,RANGING,False,True,0.647633807169353,1.6069221260815918,True
PAKRI,2020-05-21,RANGING,False,False,,,False
PAKRI,2022-08-16,RANGING,False,True,-2.71931091510474,-1.8743109151047401,False
PAKRI,2024-06-07,RANGING,False,True,-1.8602284263959354,-1.0152284263959355,False
PAKRI,2026-07-01,TRENDING_UP,False,False,,,False
PAKRI,2024-03-04,TRENDING_UP,False,False,,,False
PAKRI,2021-02-22,RANGING,False,True,6.307628717651604,8.265739667825416,True
PAKRI,2024-10-17,TRENDING_UP,False,False,,,False
PAKRI,2025-09-10,TRENDING_UP,False,True,-1.897631578947371,-1.052631578947371,False
PAKRI,2026-02-04,TRENDING_UP,False,False,,,False
PAKRI,2020-06-10,RANGING,False,True,-1.2281417624521067,-0.3831417624521067,False
PAKRI,2023-08-16,TRENDING_UP,False,False,,,False
PAKRI,2024-05-31,TRENDING_UP,False,False,,,False
PAKRI,2020-11-11,TRENDING_UP,False,True,-2.0077906976744213,-1.1627906976744213,False
PAKRI,2025-12-05,TRENDING_UP,False,True,-0.845,0.0,False
PAKT,2024-05-16,TRENDING_UP,False,False,,,False
PAKT,2025-08-12,TRENDING_UP,False,True,-1.433235294117647,-0.5882352941176471,False
PAKT,2026-04-24,TRENDING_UP,False,False,,,False
PAKT,2025-08-25,TRENDING_UP,False,False,,,False
PAKT,2025-10-10,TRENDING_UP,False,True,-1.4635014265745012,-0.6185014265745012,False
PAKT,2024-10-02,TRENDING_UP,False,True,2.119805555555551,3.3388888888888837,True
PAKT,2025-12-16,TRENDING_UP,False,True,1.32175,2.4,True
PAKT,2025-01-03,TRENDING_UP,False,True,-1.3957474429583006,-0.5507474429583006,False
PAKT,2024-04-18,TRENDING_UP,False,True,-0.7469607843137255,0.09803921568627451,False
PASL,2024-08-05,RANGING,False,False,,,False
PASL,2024-11-11,TRENDING_UP,False,False,,,False
PASL,2025-04-10,TRENDING_UP,False,False,,,False
PASL,2024-09-23,TRENDING_UP,False,False,,,False
PASL,2025-01-24,TRENDING_UP,False,False,,,False
PASL,2024-12-27,TRENDING_UP,False,False,,,False
PASM,2024-12-20,TRENDING_UP,False,False,,,False
PASM,2025-09-17,TRENDING_UP,False,False,,,False
PASM,2024-12-10,TRENDING_UP,False,False,,,False
PASM,2025-10-22,TRENDING_UP,False,False,,,False
PASM,2024-11-14,TRENDING_UP,False,False,,,False
PASM,2026-01-08,TRENDING_UP,False,True,-3.117727272727265,-2.272727272727265,False
PCAL,2021-10-27,VOLATILE,False,True,15.060265820298556,18.562959788586536,True
PCAL,2020-06-10,RANGING,False,False,,,False
PCAL,2021-01-20,TRENDING_UP,False,True,-1.763304877219233,-0.918304877219233,False
PCAL,2025-08-18,TRENDING_UP,False,False,,,False
PCAL,2024-01-31,RANGING,False,True,0.049922888015720944,0.9037328094302599,True
PCAL,2021-06-15,TRENDING_UP,False,True,-2.2112112629123697,-1.36621126291237,False
PCAL,2022-11-02,RANGING,False,False,,,False
PCAL,2022-10-14,RANGING,False,False,,,False
PCAL,2021-02-23,RANGING,False,True,-1.6841608391608311,-0.8391608391608312,False
PCAL,2022-06-15,TRENDING_DOWN,False,True,8.056114571963207,10.322781849368479,True
PCAL,2023-03-07,RANGING,False,False,,,False
PCAL,2026-06-01,TRENDING_UP,False,True,-0.845,0.0,False
PCAL,2025-09-29,TRENDING_UP,False,True,3.6941703821656033,5.191082802547768,True
PCAL,2020-11-30,TRENDING_UP,False,False,,,False
PCAL,2020-11-26,VOLATILE,False,True,3.2735398193760257,4.696223316912971,True
PCAL,2024-04-09,TRENDING_UP,False,True,-0.05134920634920637,0.7936507936507936,False
PCAL,2021-01-20,TRENDING_UP,False,True,-1.763304877219233,-0.918304877219233,False
PCAL,2024-10-10,TRENDING_UP,False,True,13.891125,17.1875,True
PCAL,2020-01-14,TRENDING_UP,False,True,-2.231861313868617,-1.3868613138686172,False
PCAL,2020-12-14,TRENDING_UP,False,False,,,False
PCAL,2020-08-21,TRENDING_UP,False,False,,,False
PECO,2021-12-06,VOLATILE,False,False,,,False
PECO,2024-01-31,RANGING,False,True,-0.845,0.0,False
PECO,2021-03-09,VOLATILE,False,True,-0.845,0.0,False
PECO,2026-05-20,VOLATILE,False,False,,,False
PECO,2022-03-25,TRENDING_DOWN,False,False,,,False
PECO,2020-05-20,RANGING,False,True,-0.7262893799653041,0.11871062003469587,False
PECO,2022-05-16,TRENDING_DOWN,False,False,,,False
PECO,2025-09-10,TRENDING_UP,False,False,,,False
PECO,2021-05-24,TRENDING_UP,False,True,12.01043173364143,14.974919686636978,True
PECO,2020-10-28,TRENDING_UP,False,False,,,False
PECO,2025-12-12,TRENDING_UP,False,True,-0.7021428571428516,0.1428571428571483,False
PECO,2025-11-06,VOLATILE,False,False,,,False
PECO,2024-09-30,TRENDING_UP,False,True,-6.47,-5.625,False
PECO,2025-09-15,TRENDING_UP,False,False,,,False
PECO,2026-03-27,VOLATILE,False,False,,,False
PECO,2024-10-09,TRENDING_UP,False,True,-3.254638554216868,-2.4096385542168677,False
PGLC,2025-06-24,TRENDING_UP,False,True,-1.030614849187931,-0.18561484918793106,False
PGLC,2024-01-23,TRENDING_UP,False,True,20.70120773524721,25.199362041467303,True
PGLC,2024-10-18,TRENDING_UP,False,True,-1.575816077953721,-0.7308160779537209,False
PGLC,2025-07-11,TRENDING_UP,False,True,-3.043339032730822,-2.1983390327308223,False
PGLC,2024-07-09,TRENDING_UP,False,True,-0.845,0.0,False
PGLC,2026-07-06,TRENDING_UP,False,False,,,False
PHDL,2024-12-27,TRENDING_UP,False,True,-1.7426350768168533,-0.8976350768168533,False
PHDL,2021-05-18,TRENDING_UP,False,False,,,False
PHDL,2021-10-06,RANGING,False,True,10.78550939849624,13.533834586466165,True
PHDL,2021-01-11,TRENDING_UP,False,False,,,False
PHDL,2022-04-05,RANGING,False,False,,,False
PHDL,2020-07-13,RANGING,False,True,6.227692844026173,8.171697463560204,True
PHDL,2022-05-17,TRENDING_DOWN,False,True,3.3293690476190476,4.761904761904762,True
PHDL,2022-08-15,RANGING,False,True,-6.411044332564143,-5.566044332564143,False
PHDL,2022-09-09,RANGING,False,True,-4.002894736842105,-3.1578947368421053,False
PHDL,2021-10-22,VOLATILE,False,True,13.01459054910242,16.156282998944025,True
PHDL,2021-01-27,TRENDING_UP,False,False,,,False
PHDL,2024-09-18,TRENDING_UP,False,False,,,False
PHDL,2022-11-01,RANGING,False,True,1.8575075757575759,3.0303030303030303,True
PHDL,2024-07-19,TRENDING_UP,False,False,,,False
PIAA,2021-03-12,VOLATILE,False,False,,,False
PIAA,2024-04-01,TRENDING_UP,False,True,-4.816631205673763,-3.9716312056737624,False
PIAA,2021-04-26,TRENDING_UP,False,False,,,False
PIAA,2023-03-10,RANGING,False,True,0.5208170553935816,1.4577259475218607,True
PIAA,2020-11-10,TRENDING_UP,False,True,-0.845,0.0,False
PIAA,2021-07-07,RANGING,False,False,,,False
PIAA,2022-04-12,RANGING,False,True,-4.4594578313253095,-3.6144578313253093,False
PIAA,2022-04-28,RANGING,False,False,,,False
PIAA,2022-12-02,RANGING,False,False,,,False
PIAA,2021-08-12,RANGING,False,True,-1.2259523809523727,-0.3809523809523728,False
PIAA,2023-05-19,RANGING,False,True,-2.8977859237536743,-2.052785923753674,False
PIAA,2021-01-21,TRENDING_UP,False,False,,,False
PIAA,2022-02-14,TRENDING_UP,True,True,-0.845,0.0,False
PIAB,2020-11-18,VOLATILE,False,True,217.62549999999993,256.87499999999994,True
PIAHCLA,2026-05-13,TRENDING_UP,False,False,,,False
PIAHCLA,2025-07-04,TRENDING_UP,False,False,,,False
PIAHCLA,2025-09-10,TRENDING_UP,False,True,-2.0420074812967677,-1.197007481296768,False
PIAHCLA,2026-04-22,TRENDING_UP,False,False,,,False
PIAHCLA,2026-06-22,TRENDING_UP,False,False,,,False
PIAHCLA,2025-06-03,TRENDING_UP,False,False,,,False
PIAHCLA,2025-03-21,TRENDING_UP,False,False,,,False
PIAHCLB,2024-11-11,TRENDING_UP,False,True,16.25402717478479,19.96738491151152,True
PIAHCLB,2025-08-15,TRENDING_UP,False,False,,,False
PIAHCLB,2026-05-25,TRENDING_UP,False,True,2.651880620737487,3.9648595538088083,True
PIAHCLB,2026-02-20,VOLATILE,False,False,,,False
PIAHCLB,2024-08-02,RANGING,False,True,-8.844999999999999,-7.999999999999999,False
PIAHCLB,2024-09-12,TRENDING_UP,False,True,7.153266932307805,9.260608155656241,True
PIAHCLB,2025-04-04,TRENDING_UP,False,False,,,False
PIBTL,2021-11-08,TRENDING_UP,False,True,-5.297054794520554,-4.452054794520555,False
PIBTL,2026-05-14,VOLATILE,False,False,,,False
PIBTL,2022-08-16,RANGING,False,True,-2.1353225806451626,-1.2903225806451624,False
PIBTL,2020-05-06,VOLATILE,False,False,,,False
PIBTL,2020-09-07,TRENDING_UP,False,False,,,False
PIBTL,2025-10-01,TRENDING_UP,False,False,,,False
PIBTL,2024-08-09,RANGING,False,True,-1.407851782363982,-0.5628517823639821,False
PIBTL,2023-05-11,RANGING,False,False,,,False
PIBTL,2020-09-25,RANGING,False,True,-7.687105263157895,-6.842105263157896,False
PIBTL,2020-07-13,RANGING,False,True,-0.03854838709677355,0.8064516129032264,False
PIBTL,2021-05-27,TRENDING_UP,False,True,4.324122881355939,5.932203389830517,True
PIBTL,2023-05-04,RANGING,False,False,,,False
PIBTL,2025-07-07,TRENDING_UP,False,False,,,False
PIBTL,2025-09-19,TRENDING_UP,False,False,,,False
PIBTL,2020-11-11,TRENDING_UP,False,True,-3.7365662650602367,-2.8915662650602365,False
PIBTL,2021-01-19,TRENDING_UP,False,True,0.6984166666666726,1.6666666666666736,True
PIBTL,2025-12-19,TRENDING_UP,False,True,18.738397398843933,22.89017341040463,True
PIBTL,2026-01-20,TRENDING_UP,False,False,,,False
PIBTL,2025-05-22,TRENDING_UP,False,False,,,False
PIBTL,2020-12-04,TRENDING_UP,False,False,,,False
PIBTL,2020-03-16,VOLATILE,False,True,-1.574927007299273,-0.7299270072992731,False
PICT,2020-03-10,VOLATILE,False,True,-0.845,0.0,False
PICT,2023-03-02,RANGING,False,False,,,False
PICT,2025-09-26,TRENDING_UP,False,True,-1.6813201911589042,-0.8363201911589043,False
PICT,2025-01-27,VOLATILE,False,False,,,False
PICT,2023-07-24,TRENDING_UP,False,False,,,False
PICT,2023-05-12,RANGING,False,True,-0.9781557922769565,-0.13315579227695648,False
PICT,2020-03-11,VOLATILE,False,True,-2.4651117318435785,-1.6201117318435785,False
PICT,2023-07-05,RANGING,False,True,-0.845,0.0,False
PICT,2025-12-09,TRENDING_UP,False,False,,,False
PICT,2025-05-13,VOLATILE,False,True,-2.0917532467532385,-1.2467532467532385,False
PICT,2025-11-27,TRENDING_UP,False,True,-1.6101841224294602,-0.7651841224294602,False
PICT,2024-10-31,TRENDING_UP,False,False,,,False
PICT,2024-05-16,TRENDING_UP,False,False,,,False
PICT,2023-11-01,TRENDING_UP,False,False,,,False
PICT,2026-01-07,TRENDING_UP,False,True,-1.1771470937129314,-0.3321470937129314,False
PICT,2025-03-27,TRENDING_UP,False,True,-1.2751075268817265,-0.4301075268817265,False
PICT,2020-10-19,VOLATILE,False,False,,,False
PICT,2026-05-07,TRENDING_UP,False,False,,,False
PIL,2020-03-10,VOLATILE,False,True,-8.844999999999994,-7.999999999999993,False
PIL,2024-10-24,TRENDING_UP,False,False,,,False
PIL,2020-10-16,VOLATILE,False,False,,,False
PIL,2025-02-10,VOLATILE,False,False,,,False
PIL,2024-03-15,TRENDING_UP,False,True,-5.865920502092054,-5.020920502092054,False
PIL,2022-02-03,RANGING,False,False,,,False
PIL,2025-01-24,TRENDING_UP,False,True,-0.041787148594394696,0.8032128514056053,False
PIL,2025-11-05,VOLATILE,False,True,0.18440486725663122,1.0619469026548602,True
PIL,2023-12-13,TRENDING_UP,False,False,,,False
PIL,2026-07-08,TRENDING_UP,False,False,,,False
PIL,2024-06-24,TRENDING_UP,False,False,,,False
PIL,2021-01-29,TRENDING_UP,False,False,,,False
PIL,2020-01-07,TRENDING_UP,False,True,1.9029621212121186,3.083778966131904,True
PIL,2020-10-22,VOLATILE,False,False,,,False
PIM,2025-09-19,TRENDING_UP,False,True,-3.273447528187332,-2.428447528187332,False
PIM,2025-06-24,TRENDING_UP,False,False,,,False
PIM,2024-12-11,TRENDING_UP,False,False,,,False
PIM,2025-04-21,TRENDING_UP,False,False,,,False
PIM,2026-01-02,TRENDING_UP,False,True,2.663152287419197,3.978120338140232,True
PIM,2026-02-18,VOLATILE,False,False,,,False
PIM,2025-01-09,VOLATILE,False,False,,,False
PIM,2024-12-19,VOLATILE,False,False,,,False
PIM,2025-11-19,VOLATILE,False,False,,,False
PINL,2024-05-22,TRENDING_UP,False,False,,,False
PINL,2024-06-05,RANGING,False,True,1.005618954758189,2.0280811232449283,True
PINL,2024-12-26,TRENDING_UP,False,False,,,False
PINL,2022-12-21,TRENDING_DOWN,False,False,,,False
PINL,2022-06-27,TRENDING_DOWN,False,True,3.4792808641975346,4.938271604938276,True
PINL,2021-10-29,RANGING,False,True,-8.844999999999992,-7.999999999999992,False
PINL,2022-11-17,RANGING,False,False,,,False
PINL,2022-07-21,TRENDING_DOWN,False,False,,,False
PINL,2023-03-03,RANGING,False,True,2.251799916805324,3.494176372712146,True
PINL,2021-06-16,TRENDING_UP,False,False,,,False
PINL,2022-11-10,RANGING,False,True,16.28175,20.0,True
PINL,2021-10-25,VOLATILE,False,True,11.400223895582325,14.257028112449795,True
PINL,2025-09-10,TRENDING_UP,False,True,-2.2786917562723925,-1.4336917562723923,False
PINL,2025-09-17,TRENDING_UP,False,False,,,False
PINL,2025-05-14,VOLATILE,False,True,6.474057692307685,8.461538461538453,True
PINL,2026-04-24,TRENDING_UP,False,True,-0.9639060642092722,-0.11890606420927215,False
PIOC,2024-01-17,VOLATILE,False,True,2.092714912280699,3.307017543859646,True
PIOC,2020-02-25,VOLATILE,False,True,-1.7624311926605505,-0.9174311926605505,False
PIOC,2022-10-25,RANGING,False,True,-6.125946345585128,-5.280946345585129,False
PIOC,2025-11-21,VOLATILE,False,False,,,False
PIOC,2020-12-02,TRENDING_UP,False,True,-2.658417190775685,-1.8134171907756853,False
PIOC,2020-12-04,TRENDING_UP,False,False,,,False
PIOC,2021-08-20,RANGING,False,False,,,False
PIOC,2023-09-07,RANGING,False,False,,,False
PIOC,2022-08-16,RANGING,False,False,,,False
PIOC,2025-03-05,RANGING,False,True,3.0106929487505747,4.3869917044124405,True
PIOC,2023-09-26,RANGING,False,False,,,False
PIOC,2024-02-09,VOLATILE,False,True,-0.845,0.0,False
PIOC,2023-01-02,RANGING,False,True,-1.6181958762886608,-0.7731958762886609,False
PIOC,2021-09-30,RANGING,False,False,,,False
PIOC,2020-11-05,TRENDING_UP,False,False,,,False
PIOC,2024-03-04,TRENDING_UP,False,False,,,False
PIOC,2024-11-05,TRENDING_UP,False,False,,,False
PIOC,2021-05-19,TRENDING_UP,False,False,,,False
PIOC,2021-08-04,TRENDING_UP,False,False,,,False
PIOC,2020-01-14,TRENDING_UP,False,True,-0.845,0.0,False
PIOC,2025-06-03,TRENDING_UP,False,False,,,False
PIOC,2025-12-19,TRENDING_UP,False,True,-1.6014102564102535,-0.7564102564102535,False
PIOC,2025-09-10,TRENDING_UP,False,True,0.7811619952959719,1.764014112112908,True
PIOC,2023-12-18,TRENDING_UP,False,True,-3.8660157618213686,-3.0210157618213684,False
PIOC,2024-11-05,TRENDING_UP,False,False,,,False
PIOC,2026-05-13,TRENDING_UP,False,False,,,False
PIOC,2024-02-23,VOLATILE,False,False,,,False
PIOC,2021-03-30,VOLATILE,False,False,,,False
PIOC,2023-11-08,TRENDING_UP,False,False,,,False
PKGI,2023-03-13,RANGING,False,True,-0.845,0.0,False
PKGI,2024-08-29,TRENDING_UP,False,False,,,False
PKGI,2026-03-13,VOLATILE,False,True,4.630815880039326,6.2930186823992065,True
PKGI,2025-12-08,TRENDING_UP,False,False,,,False
PKGI,2020-02-21,RANGING,False,True,-8.844999999999995,-7.999999999999995,False
PKGI,2023-03-10,RANGING,False,False,,,False
PKGI,2022-05-24,TRENDING_DOWN,False,True,-0.845,0.0,False
PKGI,2022-06-24,TRENDING_DOWN,False,True,17.31205303030303,21.21212121212121,True
PKGI,2021-08-11,RANGING,False,False,,,False
PKGI,2024-04-04,TRENDING_UP,False,True,-0.845,0.0,False
PKGI,2023-11-30,TRENDING_UP,False,True,-0.845,0.0,False
PKGI,2020-08-18,TRENDING_UP,False,True,-8.844999999999995,-7.999999999999995,False
PKGI,2025-09-01,TRENDING_UP,False,True,-7.482168141592919,-6.63716814159292,False
PKGI,2021-01-08,TRENDING_UP,False,True,-1.165512820512828,-0.3205128205128279,False
PKGI,2024-04-16,TRENDING_UP,False,False,,,False
PKGI,2021-05-17,TRENDING_UP,False,False,,,False
PKGI,2021-01-26,TRENDING_UP,False,False,,,False
PKGI,2024-04-15,TRENDING_UP,False,True,3.755434210526313,5.263157894736839,True
PKGP,2024-08-07,RANGING,False,True,-0.845,0.0,False
PKGP,2026-04-22,TRENDING_UP,False,False,,,False
PKGP,2024-01-23,TRENDING_UP,False,True,-0.6650359928014329,0.17996400719856712,False
PKGP,2023-12-20,VOLATILE,False,True,-0.845,0.0,False
PKGP,2026-06-29,TRENDING_UP,False,False,,,False
PKGP,2021-07-09,RANGING,False,False,,,False
PKGP,2026-04-22,TRENDING_UP,False,False,,,False
PKGP,2020-07-14,RANGING,False,True,6.76477613539922,8.8035601592932,True
PKGP,2021-07-05,RANGING,False,True,-8.105282233747442,-7.260282233747442,False
PKGP,2022-03-24,TRENDING_DOWN,False,False,,,False
PKGP,2020-05-28,RANGING,False,False,,,False
PKGP,2023-08-23,RANGING,False,True,-1.6096492126294404,-0.7646492126294405,False
PKGP,2025-10-20,TRENDING_UP,False,False,,,False
PKGP,2024-01-24,TRENDING_UP,False,False,,,False
PKGP,2025-10-01,TRENDING_UP,False,False,,,False
PKGP,2025-08-05,TRENDING_UP,False,False,,,False
PKGP,2025-09-01,TRENDING_UP,False,True,-7.734137352713503,-6.889137352713504,False
PKGP,2025-09-02,TRENDING_UP,False,False,,,False
PKGP,2024-02-13,VOLATILE,False,False,,,False
PKGP,2020-12-10,TRENDING_UP,False,False,,,False
PKGS,2026-04-03,VOLATILE,False,False,,,False
PKGS,2022-11-01,RANGING,False,True,-0.8501279421568078,-0.005127942156807808,False
PKGS,2024-07-22,RANGING,False,False,,,False
PKGS,2026-05-11,TRENDING_UP,False,True,1.0295488544428149,2.0562339464033115,True
PKGS,2021-05-20,TRENDING_UP,False,False,,,False
PKGS,2024-03-07,TRENDING_UP,False,True,-2.0123151750972763,-1.1673151750972763,False
PKGS,2021-05-03,RANGING,False,False,,,False
PKGS,2020-06-10,RANGING,False,False,,,False
PKGS,2025-02-21,RANGING,False,True,-2.5881192660550463,-1.743119266055046,False
PKGS,2026-01-12,TRENDING_UP,False,False,,,False
PKGS,2026-01-20,TRENDING_UP,False,False,,,False
PKGS,2025-12-04,TRENDING_UP,False,True,-1.6569079837618403,-0.8119079837618403,False
PKGS,2025-01-01,TRENDING_UP,False,True,1.6875803886925766,2.830388692579502,True
PKGS,2024-08-29,TRENDING_UP,False,True,-1.4230712673263168,-0.5780712673263168,False
PKGS,2026-07-02,TRENDING_UP,False,False,,,False
PMI,2024-11-11,TRENDING_UP,False,True,11.52454835390945,14.403292181069943,True
PMI,2024-12-16,TRENDING_UP,False,True,-8.844999999999999,-7.999999999999999,False
PMI,2024-05-14,TRENDING_UP,False,False,,,False
PMI,2025-03-06,TRENDING_UP,False,True,-1.7752325581395358,-0.9302325581395358,False
PMI,2025-04-14,TRENDING_UP,False,False,,,False
PMI,2024-08-28,RANGING,False,False,,,False
PMI,2024-10-23,TRENDING_UP,False,True,-1.2387007874015838,-0.39370078740158393,False
PMI,2024-05-07,TRENDING_UP,True,False,,,False
PMPK,2024-03-06,TRENDING_UP,False,True,0.4623055555555555,1.3888888888888888,True
PMPK,2025-03-06,TRENDING_UP,False,False,,,False
PMPK,2025-04-16,TRENDING_UP,False,True,2.344019709281899,3.602670246213999,True
PMPK,2025-06-16,TRENDING_UP,False,False,,,False
PMPK,2025-09-15,TRENDING_UP,False,True,-0.845,0.0,False
PMRS,2026-03-02,VOLATILE,False,False,,,False
PMRS,2026-02-02,TRENDING_UP,False,True,-0.845,0.0,False
PMRS,2026-04-07,VOLATILE,False,False,,,False
PMRS,2025-11-07,VOLATILE,False,True,-0.845,0.0,False
PMRS,2026-04-23,TRENDING_UP,False,False,,,False
PMRS,2024-11-15,TRENDING_UP,False,True,-0.845,0.0,False
PNSC,2024-10-29,TRENDING_UP,False,True,-2.714257950530043,-1.8692579505300428,False
PNSC,2026-04-08,VOLATILE,False,True,1.0902606382978723,2.127659574468085,True
PNSC,2022-12-06,RANGING,False,False,,,False
PNSC,2026-01-22,TRENDING_UP,False,True,-2.253204737410301,-1.408204737410301,False
PNSC,2020-08-28,TRENDING_UP,False,False,,,False
PNSC,2024-07-18,TRENDING_UP,False,True,-1.486028186970528,-0.641028186970528,False
PNSC,2023-05-30,RANGING,False,False,,,False
PNSC,2022-11-25,RANGING,False,True,-6.418414049555746,-5.573414049555746,False
PNSC,2024-02-06,RANGING,False,False,,,False
PNSC,2022-03-30,RANGING,False,False,,,False
PNSC,2023-02-23,RANGING,False,False,,,False
PNSC,2022-01-21,RANGING,False,True,-1.9642347705467464,-1.1192347705467465,False
PNSC,2025-10-20,TRENDING_UP,False,True,-1.8908333333333296,-1.0458333333333296,False
PNSC,2020-12-18,TRENDING_UP,False,True,-0.845,0.0,False
PNSC,2022-02-14,TRENDING_UP,False,False,,,False
PNSC,2020-11-27,TRENDING_UP,False,True,1.2842440918080589,2.355875402127128,True
PNSC,2025-03-26,TRENDING_UP,False,False,,,False
PNSC,2021-08-23,TRENDING_UP,False,True,-2.805792254020182,-1.960792254020182,False
PNSC,2023-10-04,TRENDING_UP,False,False,,,False
PNSC,2025-09-11,TRENDING_UP,False,False,,,False
PNSC,2021-10-20,VOLATILE,False,True,-0.845,0.0,False
PNSC,2021-01-14,TRENDING_UP,False,True,-0.845,0.0,False
POL,2020-02-25,VOLATILE,False,False,,,False
POL,2021-07-14,RANGING,False,True,-1.22221518987342,-0.37721518987342006,False
POL,2026-03-31,VOLATILE,False,False,,,False
POL,2024-09-12,TRENDING_UP,False,False,,,False
POL,2025-10-13,RANGING,False,False,,,False
POL,2022-03-08,TRENDING_DOWN,False,False,,,False
POL,2021-11-04,RANGING,False,False,,,False
POL,2021-03-08,RANGING,False,False,,,False
POL,2021-12-02,VOLATILE,False,False,,,False
POL,2022-09-08,RANGING,False,False,,,False
POL,2025-08-20,TRENDING_UP,False,False,,,False
POL,2023-11-27,TRENDING_UP,False,False,,,False
POL,2025-07-15,TRENDING_UP,False,False,,,False
POL,2024-11-27,TRENDING_UP,False,False,,,False
POL,2023-08-08,TRENDING_UP,False,False,,,False
POL,2025-12-31,TRENDING_UP,False,False,,,False
POL,2024-03-26,TRENDING_UP,False,True,-0.7752325581395322,0.06976744186046777,False
POL,2020-05-11,VOLATILE,False,True,-1.2308520900321507,-0.3858520900321507,False
POL,2026-06-01,TRENDING_UP,False,False,,,False
POL,2026-01-01,TRENDING_UP,False,True,2.745430781758955,4.074918566775241,True
POL,2020-08-19,TRENDING_UP,False,False,,,False
POL,2025-12-22,TRENDING_UP,False,True,-0.015812603648424517,0.8291873963515755,False
POL,2026-04-14,VOLATILE,False,False,,,False
POL,2026-02-19,VOLATILE,False,True,1.7614906807131283,2.9173419773095626,True
POL,2021-08-09,RANGING,False,False,,,False
POML,2025-07-30,TRENDING_UP,False,True,-1.8866666666666614,-1.0416666666666614,False
POML,2025-05-30,TRENDING_UP,False,True,-7.0030882352941175,-6.158088235294118,False
POML,2025-07-24,TRENDING_UP,False,True,1.8317500000000047,3.0000000000000053,True
POML,2025-07-22,TRENDING_UP,False,False,,,False
POML,2025-08-04,TRENDING_UP,False,False,,,False
POML,2025-11-17,VOLATILE,False,True,-1.9779479768786172,-1.1329479768786173,False
POML,2025-09-02,TRENDING_UP,False,True,-0.845,0.0,False
POWER,2024-01-05,VOLATILE,False,False,,,False
POWER,2020-02-10,RANGING,False,True,3.880110655737706,5.409836065573772,True
POWER,2020-08-10,TRENDING_UP,False,False,,,False
POWER,2026-05-07,TRENDING_UP,False,True,-0.9485196687370578,-0.10351966873705784,False
POWER,2025-12-24,TRENDING_UP,False,True,-2.566265963353705,-1.7212659633537046,False
POWER,2024-10-18,TRENDING_UP,False,False,,,False
POWER,2021-04-16,RANGING,False,True,-1.1735870755750397,-0.3285870755750398,False
POWER,2023-05-19,RANGING,False,False,,,False
POWER,2021-02-19,RANGING,False,False,,,False
POWER,2021-12-30,RANGING,False,False,,,False
POWER,2023-10-24,TRENDING_UP,False,False,,,False
POWER,2020-02-06,RANGING,False,True,-6.148030303030297,-5.303030303030297,False
POWER,2025-08-18,TRENDING_UP,False,False,,,False
POWER,2024-07-03,TRENDING_UP,False,False,,,False
POWER,2021-09-22,RANGING,False,False,,,False
POWER,2024-07-01,TRENDING_UP,False,False,,,False
POWER,2020-01-01,TRENDING_UP,False,False,,,False
POWER,2024-04-03,TRENDING_UP,False,True,-4.794730700179545,-3.9497307001795448,False
POWER,2024-07-11,TRENDING_UP,False,True,-1.797380952380949,-0.952380952380949,False
POWER,2021-04-08,VOLATILE,False,False,,,False
POWER,2025-09-11,TRENDING_UP,False,True,-3.8801437699680523,-3.0351437699680526,False
POWERPS,2024-10-09,TRENDING_UP,False,False,,,False
POWERPS,2024-06-21,TRENDING_UP,False,False,,,False
POWERPS,2025-06-13,TRENDING_UP,False,False,,,False
POWERPS,2025-06-23,RANGING,False,False,,,False
POWERPS,2024-12-23,TRENDING_UP,False,False,,,False
POWERPS,2024-02-01,RANGING,False,False,,,False
POWERPS,2026-06-24,TRENDING_UP,False,False,,,False
POWERPS,2025-10-28,VOLATILE,False,False,,,False
POWERPS,2024-07-10,TRENDING_UP,False,False,,,False
PPL,2024-11-19,TRENDING_UP,False,False,,,False
PPL,2021-03-31,VOLATILE,False,True,-1.7613802978235935,-0.9163802978235935,False
PPL,2024-08-15,RANGING,False,False,,,False
PPL,2023-08-15,TRENDING_UP,False,True,-2.5882432432432516,-1.7432432432432519,False
PPL,2024-09-18,TRENDING_UP,False,False,,,False
PPL,2022-07-06,TRENDING_DOWN,False,True,6.002440699787942,7.90669494092699,True
PPL,2021-07-27,RANGING,False,False,,,False
PPL,2022-06-27,TRENDING_DOWN,False,False,,,False
PPL,2020-07-20,RANGING,False,False,,,False
PPL,2022-09-19,TRENDING_DOWN,False,False,,,False
PPL,2023-05-10,RANGING,False,False,,,False
PPL,2026-04-23,TRENDING_UP,False,True,-0.16791897154489477,0.6770810284551052,False
PPL,2023-10-19,TRENDING_UP,False,True,-0.9535645355850463,-0.10856453558504633,False
PPL,2023-08-04,TRENDING_UP,False,False,,,False
PPL,2024-09-16,TRENDING_UP,False,False,,,False
PPL,2025-03-18,TRENDING_UP,False,False,,,False
PPL,2026-07-03,TRENDING_UP,False,False,,,False
PPL,2020-02-26,VOLATILE,False,True,0.9596257970128435,1.9739715258974628,True
PPL,2021-11-09,TRENDING_UP,False,False,,,False
PPP,2023-11-22,TRENDING_UP,False,False,,,False
PPP,2023-11-17,TRENDING_UP,False,False,,,False
PPP,2022-07-27,TRENDING_DOWN,False,True,-0.845,0.0,False
PPP,2023-04-03,TRENDING_DOWN,False,False,,,False
PPP,2020-08-27,TRENDING_UP,False,True,38.54951315789474,46.19736842105263,True
PPP,2025-10-01,TRENDING_UP,False,True,-1.3529175380938119,-0.5079175380938119,False
PPP,2025-10-24,VOLATILE,False,False,,,False
PPP,2025-03-12,TRENDING_UP,False,True,-0.845,0.0,False
PPP,2025-06-03,TRENDING_UP,False,True,-4.293275862068965,-3.4482758620689653,False
PPP,2021-01-21,TRENDING_UP,False,True,-0.845,0.0,False
PPP,2025-08-11,TRENDING_UP,False,False,,,False
PPP,2023-11-13,TRENDING_UP,False,True,2.519845238095238,3.8095238095238098,True
PPP,2025-02-03,VOLATILE,False,True,-1.9374121641570679,-1.0924121641570679,False
PPP,2025-06-02,TRENDING_UP,False,False,,,False
PPVC,2025-03-12,TRENDING_UP,False,False,,,False
PPVC,2021-08-11,RANGING,False,True,4.1863338437238165,5.770098639675078,True
PPVC,2024-07-12,TRENDING_UP,False,True,-0.845,0.0,False
PPVC,2024-10-23,TRENDING_UP,False,False,,,False
PPVC,2020-06-08,RANGING,False,False,,,False
PPVC,2023-08-28,RANGING,False,False,,,False
PPVC,2020-07-06,RANGING,False,False,,,False
PPVC,2021-11-15,RANGING,False,False,,,False
PPVC,2025-05-29,TRENDING_UP,False,True,13.529184435575836,16.76168757126569,True
PPVC,2020-12-16,TRENDING_UP,False,False,,,False
PPVC,2025-11-24,RANGING,False,False,,,False
PPVC,2024-06-14,TRENDING_UP,False,True,-0.845,0.0,False
PPVC,2020-08-07,TRENDING_UP,False,True,3.5274757794166907,4.994971505196107,True
PPVC,2025-06-02,TRENDING_UP,False,False,,,False
PPVC,2024-12-27,TRENDING_UP,False,False,,,False
PPVC,2025-05-16,TRENDING_UP,False,True,6.04963124156545,7.9622132253711175,True
PPVC,2026-02-17,VOLATILE,False,False,,,False
PPVC,2025-01-10,VOLATILE,False,False,,,False
PPVC,2025-10-17,TRENDING_UP,False,False,,,False
PQGTL,2026-03-11,VOLATILE,False,True,-2.8484843205574952,-2.003484320557495,False
PQGTL,2026-06-16,TRENDING_UP,False,True,-1.5156908115358796,-0.6706908115358795,False
PREMA,2021-01-26,TRENDING_UP,False,True,-0.21441671045718635,0.6305832895428136,False
PREMA,2024-11-25,TRENDING_UP,False,True,19.47137075848304,23.75249500998005,True
PREMA,2023-07-19,TRENDING_UP,False,False,,,False
PREMA,2025-03-25,TRENDING_UP,False,False,,,False
PREMA,2023-06-01,RANGING,False,True,-0.1010446373217544,0.7439553626782456,False
PREMA,2023-09-08,RANGING,False,False,,,False
PREMA,2024-07-31,RANGING,False,True,-0.845,0.0,False
PREMA,2020-07-23,RANGING,False,False,,,False
PREMA,2020-10-01,RANGING,False,True,-4.133201160541584,-3.2882011605415844,False
PREMA,2024-07-30,RANGING,False,False,,,False
PREMA,2023-12-14,TRENDING_UP,False,False,,,False
PREMA,2020-02-21,RANGING,False,True,-3.2840243902439026,-2.4390243902439024,False
PREMA,2023-08-15,TRENDING_UP,False,False,,,False
PREMA,2023-06-27,RANGING,False,False,,,False
PREMA,2023-11-21,TRENDING_UP,False,False,,,False
PREMA,2020-09-16,TRENDING_UP,False,False,,,False
PREMA,2025-05-27,TRENDING_UP,False,False,,,False
PREMA,2020-10-13,VOLATILE,False,False,,,False
PRET,2024-11-22,TRENDING_UP,False,False,,,False
PRET,2024-03-01,TRENDING_UP,False,True,-0.845,0.0,False
PRET,2025-07-08,TRENDING_UP,False,False,,,False
PRET,2025-02-20,TRENDING_UP,False,False,,,False
PRET,2026-01-12,TRENDING_UP,False,True,-0.845,0.0,False
PRET,2024-11-14,TRENDING_UP,False,True,-0.845,0.0,False
PRL,2020-10-20,VOLATILE,False,False,,,False
PRL,2021-03-08,RANGING,False,True,-7.537456479690524,-6.692456479690525,False
PRL,2021-06-08,TRENDING_UP,False,True,3.6150833333333354,5.098039215686277,True
PRL,2023-02-03,VOLATILE,False,False,,,False
PRL,2020-11-06,TRENDING_UP,False,False,,,False
PRL,2022-01-17,RANGING,False,False,,,False
PRL,2023-09-15,RANGING,False,False,,,False
PRL,2023-05-18,RANGING,False,True,-2.7074641833811,-1.8624641833811,False
PRL,2022-09-20,TRENDING_DOWN,False,False,,,False
PRL,2024-06-07,RANGING,False,True,-4.1298232848232805,-3.284823284823281,False
PRL,2023-05-26,RANGING,False,True,0.2672572463768126,1.1594202898550736,True
PRL,2022-11-29,RANGING,False,False,,,False
PRL,2025-10-17,TRENDING_UP,False,False,,,False
PRL,2020-12-30,TRENDING_UP,False,False,,,False
PRL,2025-09-04,TRENDING_UP,False,False,,,False
PRL,2023-08-21,TRENDING_UP,False,True,-1.7401406649616404,-0.8951406649616405,False
PRL,2025-06-11,TRENDING_UP,False,True,-1.620656324582354,-0.775656324582354,False
PRL,2026-01-02,TRENDING_UP,False,False,,,False
PRL,2024-06-27,TRENDING_UP,False,True,-1.0178608470181467,-0.17286084701814672,False
PRL,2020-03-24,VOLATILE,False,False,,,False
PRL,2023-12-21,TRENDING_UP,False,False,,,False
PRWM,2025-04-21,TRENDING_UP,False,False,,,False
PRWM,2026-06-08,TRENDING_UP,False,False,,,False
PRWM,2026-06-09,TRENDING_UP,False,False,,,False
PRWM,2026-02-12,VOLATILE,False,False,,,False
PRWM,2026-06-16,TRENDING_UP,False,True,-0.845,0.0,False
PSEL,2024-11-12,TRENDING_UP,False,True,-0.845,0.0,False
PSEL,2023-03-15,RANGING,False,False,,,False
PSEL,2025-12-05,TRENDING_UP,False,False,,,False
PSEL,2025-07-11,TRENDING_UP,False,False,,,False
PSEL,2025-01-20,TRENDING_UP,False,True,-0.845,0.0,False
PSEL,2023-04-27,RANGING,False,False,,,False
PSEL,2025-08-07,TRENDING_UP,False,False,,,False
PSEL,2025-09-10,TRENDING_UP,False,True,-0.8503694158075674,-0.005369415807567462,False
PSEL,2024-12-23,TRENDING_UP,False,False,,,False
PSMC,2020-02-24,VOLATILE,False,True,-1.825392156862745,-0.9803921568627451,False
PSMC,2020-07-06,RANGING,False,False,,,False
PSMC,2020-09-02,TRENDING_UP,False,True,-0.845,0.0,False
PSMC,2021-05-28,TRENDING_UP,False,False,,,False
PSMC,2023-07-18,TRENDING_UP,False,True,4.559180865298847,6.208742194469232,True
PSMC,2023-12-06,TRENDING_UP,False,False,,,False
PSMC,2020-05-06,VOLATILE,False,True,-6.224358682319962,-5.379358682319962,False
PSMC,2023-03-02,RANGING,False,False,,,False
PSMC,2022-09-22,TRENDING_DOWN,False,True,-2.0586607394863146,-1.2136607394863144,False
PSMC,2020-04-03,TRENDING_DOWN,False,False,,,False
PSMC,2022-05-18,TRENDING_DOWN,False,True,-0.001756756756755573,0.8432432432432444,False
PSMC,2020-12-29,TRENDING_UP,False,False,,,False
PSMC,2023-05-30,RANGING,False,False,,,False
PSO,2026-04-02,VOLATILE,False,True,7.1279038461538375,9.230769230769221,True
PSO,2023-06-20,RANGING,False,False,,,False
PSO,2024-07-18,TRENDING_UP,False,True,-3.6187226277372266,-2.7737226277372264,False
PSO,2024-05-31,TRENDING_UP,False,False,,,False
PSO,2023-10-02,TRENDING_UP,False,False,,,False
PSO,2023-05-19,RANGING,False,False,,,False
PSO,2020-07-03,RANGING,False,False,,,False
PSO,2021-08-26,RANGING,False,False,,,False
PSO,2021-02-12,RANGING,False,False,,,False
PSO,2024-06-03,TRENDING_UP,False,False,,,False
PSO,2023-08-17,TRENDING_UP,False,False,,,False
PSO,2021-05-25,TRENDING_UP,False,False,,,False
PSO,2023-12-11,TRENDING_UP,False,True,-0.845,0.0,False
PSO,2025-10-16,TRENDING_UP,False,False,,,False
PSO,2024-09-19,TRENDING_UP,False,False,,,False
PSO,2025-09-09,TRENDING_UP,False,True,-1.0498192771084391,-0.2048192771084392,False
PSO,2026-01-05,TRENDING_UP,False,False,,,False
PSO,2025-12-23,TRENDING_UP,False,False,,,False
PSO,2023-11-10,TRENDING_UP,False,False,,,False
PSX,2026-01-13,TRENDING_UP,False,False,,,False
PSX,2026-02-02,TRENDING_UP,False,True,-2.1175779967159225,-1.2725779967159225,False
PSX,2026-06-12,TRENDING_UP,False,False,,,False
PSX,2024-11-11,TRENDING_UP,False,True,-2.6097058823529453,-1.7647058823529453,False
PSX,2024-08-30,TRENDING_UP,False,True,-1.9944252873563244,-1.1494252873563244,False
PSX,2025-06-25,TRENDING_UP,False,False,,,False
PSX,2026-05-07,TRENDING_UP,False,True,-3.4340797231479057,-2.589079723147906,False
PSX,2026-04-14,VOLATILE,False,False,,,False
PSX,2025-06-12,TRENDING_UP,False,True,-0.5130191811139806,0.3319808188860194,False
PSYL,2024-05-20,TRENDING_UP,False,True,2.053489130434792,3.2608695652174022,True
PSYL,2024-12-20,TRENDING_UP,False,False,,,False
PSYL,2025-09-03,TRENDING_UP,False,False,,,False
PSYL,2025-11-05,VOLATILE,False,True,-1.3320675176352017,-0.4870675176352018,False
PSYL,2025-02-07,VOLATILE,False,True,10.119250000000003,12.750000000000004,True
PSYL,2025-02-07,VOLATILE,False,True,10.119250000000003,12.750000000000004,True
PSYL,2024-03-25,TRENDING_UP,False,True,-0.845,0.0,False
PSYL,2024-10-01,TRENDING_UP,False,True,0.9442552018310404,1.9558884727424004,True
PTC,2025-02-11,VOLATILE,False,False,,,False
PTC,2021-07-27,RANGING,False,False,,,False
PTC,2026-07-03,TRENDING_UP,False,False,,,False
PTC,2020-09-16,TRENDING_UP,False,False,,,False
PTC,2024-10-25,TRENDING_UP,False,True,-4.282500000000004,-3.4375000000000044,False
PTC,2024-06-21,TRENDING_UP,False,False,,,False
PTC,2025-09-05,TRENDING_UP,False,False,,,False
PTC,2024-03-13,RANGING,False,False,,,False
PTC,2022-08-26,RANGING,False,True,-0.845,0.0,False
PTC,2022-09-19,TRENDING_DOWN,False,False,,,False
PTC,2023-03-02,RANGING,False,True,-0.4935061511423625,0.35149384885763746,False
PTC,2022-08-10,RANGING,False,True,-0.2824120956399433,0.5625879043600567,False
PTC,2021-04-22,RANGING,False,False,,,False
PTC,2024-04-03,TRENDING_UP,False,False,,,False
PTC,2021-11-11,TRENDING_UP,False,True,-2.5709978425026985,-1.7259978425026985,False
PTC,2024-05-10,TRENDING_UP,False,False,,,False
PTC,2024-11-20,TRENDING_UP,False,True,-3.3107534246575305,-2.4657534246575303,False
PTC,2021-06-02,TRENDING_UP,False,True,8.286316210045664,10.593607305936075,True
PTC,2022-02-10,TRENDING_UP,False,False,,,False
PTC,2025-08-28,TRENDING_UP,False,False,,,False
PTC,2023-11-29,TRENDING_UP,False,False,,,False
PTC,2021-05-19,TRENDING_UP,False,True,0.5865745614035142,1.535087719298252,True
PTC,2025-05-09,VOLATILE,False,False,,,False
PTL,2025-07-16,TRENDING_UP,False,True,-0.845,0.0,False
PTL,2023-09-12,RANGING,False,False,,,False
PTL,2022-12-27,TRENDING_DOWN,False,True,2.364651554404142,3.626943005181343,True
PTL,2025-10-13,RANGING,False,False,,,False
PTL,2022-11-15,RANGING,False,False,,,False
PTL,2022-01-11,RANGING,False,True,-3.193578491965396,-2.3485784919653963,False
PTL,2025-12-05,TRENDING_UP,False,False,,,False
PTL,2024-03-05,TRENDING_UP,False,True,-2.0700000000000047,-1.225000000000005,False
PTL,2024-03-26,TRENDING_UP,False,False,,,False
PTL,2025-10-09,TRENDING_UP,False,True,-3.4258796801163243,-2.580879680116324,False
PTL,2026-03-31,VOLATILE,False,False,,,False
PTL,2024-05-09,TRENDING_UP,False,False,,,False
PTL,2025-07-25,TRENDING_UP,False,True,-1.8654081632653061,-1.0204081632653061,False
PTL,2026-01-26,TRENDING_UP,False,True,-0.9255801772763854,-0.08058017727638543,False
PTL,2025-09-17,TRENDING_UP,False,False,,,False
QTECH,2025-12-30,TRENDING_UP,False,True,-4.265523138833004,-3.420523138833004,False
QUET,2022-12-15,TRENDING_DOWN,False,True,-0.845,0.0,False
QUET,2021-02-19,RANGING,False,True,-0.845,0.0,False
QUET,2026-03-17,VOLATILE,False,False,,,False
QUET,2020-12-11,TRENDING_UP,False,False,,,False
QUET,2026-06-10,RANGING,False,True,-0.845,0.0,False
QUET,2021-02-23,RANGING,False,False,,,False
QUET,2021-11-25,RANGING,False,True,-0.845,0.0,False
QUET,2021-07-02,RANGING,False,True,10.978997706422017,13.761467889908257,True
QUET,2025-10-08,TRENDING_UP,False,False,,,False
QUET,2021-11-02,RANGING,False,False,,,False
QUET,2025-08-18,TRENDING_UP,False,False,,,False
QUET,2020-12-11,TRENDING_UP,False,False,,,False
QUET,2024-10-09,TRENDING_UP,False,True,10.99434842519685,13.779527559055119,True
QUET,2026-01-20,TRENDING_UP,False,True,-3.1307142857142773,-2.2857142857142776,False
QUET,2026-04-13,VOLATILE,False,True,4.138892857142857,5.714285714285714,True
QUET,2023-10-31,TRENDING_UP,False,True,-4.556340206185562,-3.7113402061855614,False
QUICE,2021-10-27,VOLATILE,False,True,0.8705350467289733,1.8691588785046744,True
QUICE,2022-01-20,RANGING,False,False,,,False
QUICE,2024-09-19,TRENDING_UP,False,False,,,False
QUICE,2022-08-18,RANGING,False,True,-1.3246163069544261,-0.47961630695442625,False
QUICE,2020-12-02,TRENDING_UP,False,False,,,False
QUICE,2023-05-12,RANGING,False,False,,,False
QUICE,2022-03-09,TRENDING_DOWN,False,False,,,False
QUICE,2021-09-22,RANGING,False,False,,,False
QUICE,2023-08-28,RANGING,False,True,-0.845,0.0,False
QUICE,2025-04-28,VOLATILE,False,True,-2.112605633802815,-1.267605633802815,False
QUICE,2022-01-12,RANGING,False,False,,,False
QUICE,2024-07-29,RANGING,False,False,,,False
QUICE,2023-12-15,TRENDING_UP,False,False,,,False
QUICE,2024-09-19,TRENDING_UP,False,False,,,False
QUICE,2021-11-16,TRENDING_UP,False,False,,,False
QUICE,2021-02-16,TRENDING_UP,False,False,,,False
QUICE,2024-05-20,TRENDING_UP,False,True,5.267665492957743,7.0422535211267565,True
QUICE,2024-09-16,TRENDING_UP,False,False,,,False
QUICE,2026-02-11,VOLATILE,False,False,,,False
QUICE,2023-12-13,TRENDING_UP,False,True,4.765620967741932,6.4516129032258025,True
QUICE,2026-03-19,VOLATILE,False,False,,,False
RCML,2025-11-20,VOLATILE,False,False,,,False
RCML,2024-07-03,TRENDING_UP,False,True,-0.845,0.0,False
RCML,2025-09-12,TRENDING_UP,False,False,,,False
RCML,2025-07-15,TRENDING_UP,False,False,,,False
RCML,2025-03-25,TRENDING_UP,False,False,,,False
RCML,2025-10-31,VOLATILE,False,True,-3.8079629629629634,-2.9629629629629632,False
REDCO,2021-08-06,RANGING,False,False,,,False
REDCO,2025-01-06,TRENDING_UP,False,True,-0.845,0.0,False
REDCO,2024-11-26,TRENDING_UP,False,True,0.8497745964642597,1.8447348193697173,True
REDCO,2022-01-03,RANGING,False,True,4.095134813384828,5.662805662805679,True
REDCO,2021-07-27,RANGING,False,False,,,False
REDCO,2024-05-06,TRENDING_UP,False,True,-2.630714285714279,-1.7857142857142794,False
REDCO,2022-05-13,TRENDING_DOWN,False,False,,,False
REDCO,2024-08-30,TRENDING_UP,False,False,,,False
REDCO,2023-10-03,TRENDING_UP,False,False,,,False
REDCO,2024-12-09,TRENDING_UP,False,False,,,False
REDCO,2020-10-29,VOLATILE,False,True,-0.845,0.0,False
REDCO,2024-09-26,TRENDING_UP,False,True,-7.471506024096393,-6.626506024096393,False
REDCO,2020-04-23,VOLATILE,False,True,15.118251901140692,18.631178707224343,True
REDCO,2024-08-30,TRENDING_UP,False,False,,,False
REDCO,2026-02-19,VOLATILE,False,True,-0.8035234342596368,0.04147656574036319,False
REDCO,2025-09-17,TRENDING_UP,False,True,-0.8849840063974472,-0.03998400639744727,False
REWM,2025-06-12,TRENDING_UP,False,False,,,False
REWM,2023-02-28,RANGING,False,True,-0.845,0.0,False
REWM,2020-09-01,TRENDING_UP,False,False,,,False
REWM,2023-10-24,TRENDING_UP,False,True,-0.9093086816720357,-0.06430868167203578,False
REWM,2022-10-10,RANGING,False,True,2.0686352459016395,3.278688524590164,True
REWM,2025-09-19,TRENDING_UP,False,False,,,False
REWM,2022-08-10,RANGING,False,True,3.7964020146520197,5.311355311355317,True
REWM,2023-06-20,RANGING,False,True,-1.037554557124526,-0.1925545571245259,False
REWM,2021-03-16,VOLATILE,False,False,,,False
REWM,2022-02-28,TRENDING_DOWN,False,True,-6.057638314891362,-5.212638314891362,False
REWM,2021-12-09,TRENDING_DOWN,False,False,,,False
REWM,2024-12-05,TRENDING_UP,False,True,4.84640833945628,6.546656869948565,True
REWM,2025-04-16,TRENDING_UP,False,True,-0.845,0.0,False
REWM,2023-07-24,TRENDING_UP,False,True,-0.845,0.0,False
REWM,2025-09-09,TRENDING_UP,False,True,-1.0722727272727273,-0.22727272727272727,False
REWM,2025-08-01,TRENDING_UP,False,False,,,False
RICL,2021-11-30,VOLATILE,False,True,-3.7647080291970703,-2.91970802919707,False
RICL,2023-07-10,TRENDING_UP,False,False,,,False
RICL,2026-02-11,VOLATILE,False,True,-3.5413657678780615,-2.6963657678780617,False
RICL,2025-05-27,TRENDING_UP,False,False,,,False
RICL,2021-03-03,RANGING,False,True,4.138892857142862,5.71428571428572,True
RICL,2021-07-27,RANGING,False,True,-0.845,0.0,False
RICL,2022-02-03,RANGING,False,True,3.777617768595045,5.289256198347112,True
RICL,2024-10-28,TRENDING_UP,False,False,,,False
RICL,2021-04-26,TRENDING_UP,False,True,7.538892857142852,9.71428571428571,True
RICL,2025-02-19,RANGING,False,False,,,False
RICL,2024-05-14,TRENDING_UP,False,True,-0.845,0.0,False
RICL,2024-05-07,TRENDING_UP,False,False,,,False
RICL,2020-09-11,TRENDING_UP,False,False,,,False
RICL,2025-12-22,TRENDING_UP,False,False,,,False
RICL,2022-02-16,TRENDING_UP,False,True,6.737890350877192,8.771929824561402,True
RMPL,2026-05-20,VOLATILE,False,True,-0.845,0.0,False
RMPL,2022-08-17,RANGING,False,True,2.2733773378598965,3.5195615739528194,True
RMPL,2025-12-15,TRENDING_UP,False,False,,,False
RMPL,2021-03-04,RANGING,False,False,,,False
RMPL,2021-02-26,RANGING,False,True,-0.8349989998999899,0.010001000100010001,False
RMPL,2025-09-16,TRENDING_UP,False,True,-0.845,0.0,False
RMPL,2022-12-28,TRENDING_DOWN,False,False,,,False
RMPL,2022-10-19,RANGING,False,True,11.09675,13.900000000000002,True
RMPL,2020-08-28,TRENDING_UP,False,True,-1.0878658166363084,-0.24286581663630846,False
RMPL,2026-05-07,TRENDING_UP,False,True,0.09766296928327649,0.9598976109215017,True
RMPL,2024-06-25,TRENDING_UP,False,False,,,False
RMPL,2026-04-23,TRENDING_UP,False,False,,,False
RMPL,2025-12-11,TRENDING_UP,False,True,-0.845,0.0,False
RMPL,2025-11-27,TRENDING_UP,False,False,,,False
RPL,2025-04-29,VOLATILE,False,False,,,False
RPL,2022-12-08,RANGING,False,True,-1.6936562942008555,-0.8486562942008555,False
RPL,2024-09-06,TRENDING_UP,False,False,,,False
RPL,2020-01-23,TRENDING_UP,False,True,-1.6142307692307618,-0.769230769230762,False
RPL,2024-01-04,TRENDING_UP,False,False,,,False
RPL,2023-03-22,RANGING,False,True,-0.845,0.0,False
RPL,2023-06-13,RANGING,False,False,,,False
RPL,2022-09-05,RANGING,False,True,-2.521337846550611,-1.6763378465506111,False
RPL,2022-12-12,TRENDING_DOWN,False,False,,,False
RPL,2020-02-20,RANGING,False,False,,,False
RPL,2023-02-14,VOLATILE,False,False,,,False
RPL,2022-06-23,RANGING,False,False,,,False
RPL,2025-12-11,TRENDING_UP,False,False,,,False
RPL,2023-10-06,TRENDING_UP,False,True,8.650213395012075,11.021721641190677,True
RPL,2021-08-05,TRENDING_UP,False,True,-1.2197657713928935,-0.37476577139289363,False
RPL,2021-11-04,RANGING,False,False,,,False
RPL,2021-02-08,TRENDING_UP,False,False,,,False
RPL,2024-10-01,TRENDING_UP,False,False,,,False
RPL,2024-12-18,TRENDING_UP,False,False,,,False
RPL,2025-08-13,TRENDING_UP,False,False,,,False
RPL,2026-05-05,VOLATILE,False,False,,,False
RPL,2020-09-08,TRENDING_UP,False,False,,,False
RUBY,2025-04-24,VOLATILE,False,True,4.609385327635333,6.267806267806273,True
RUBY,2024-11-11,TRENDING_UP,False,True,-0.845,0.0,False
RUBY,2024-10-14,TRENDING_UP,False,False,,,False
RUBY,2025-12-18,TRENDING_UP,False,False,,,False
RUBY,2024-07-02,TRENDING_UP,False,False,,,False
RUBY,2024-03-08,TRENDING_UP,False,False,,,False
RUBY,2026-04-10,VOLATILE,False,True,1.4612371794871846,2.56410256410257,True
RUBY,2026-06-17,TRENDING_UP,False,False,,,False
RUBY,2024-10-02,TRENDING_UP,False,True,-6.345000000000005,-5.500000000000005,False
RUPL,2024-11-13,TRENDING_UP,False,False,,,False
RUPL,2025-04-03,TRENDING_UP,False,False,,,False
RUPL,2025-04-22,TRENDING_UP,False,True,-2.903823529411773,-2.058823529411773,False
RUPL,2026-07-06,TRENDING_UP,False,False,,,False
RUPL,2024-12-26,TRENDING_UP,False,True,-0.1657180980106716,0.6792819019893284,False
SAIF,2024-01-24,TRENDING_UP,False,True,-2.119509803921559,-1.274509803921559,False
SAIF,2024-08-08,RANGING,False,True,-0.845,0.0,False
SAIF,2025-05-27,TRENDING_UP,False,False,,,False
SAIF,2025-03-27,TRENDING_UP,False,True,-0.845,0.0,False
SAIF,2025-03-25,TRENDING_UP,False,False,,,False
SAIF,2026-04-28,TRENDING_UP,False,False,,,False
SAIF,2025-03-05,RANGING,False,True,-1.6783333333333303,-0.8333333333333304,False
SAIF,2025-01-31,VOLATILE,False,False,,,False
SAIF,2024-11-18,TRENDING_UP,False,True,9.089442307692307,11.538461538461538,True
SALT,2020-12-08,TRENDING_UP,False,True,7.276344594594594,9.405405405405405,True
SANE,2024-07-26,RANGING,False,True,-0.845,0.0,False
SANSM,2025-05-26,TRENDING_UP,False,True,-0.845,0.0,False
SANSM,2024-10-17,TRENDING_UP,False,True,-0.8919704086425458,-0.04697040864254585,False
SANSM,2025-04-28,VOLATILE,False,True,-0.845,0.0,False
SANSM,2025-11-27,TRENDING_UP,False,True,1.8671956255110376,3.0417007358953385,True
SANSM,2026-01-14,TRENDING_UP,False,False,,,False
SANSM,2025-12-18,TRENDING_UP,False,False,,,False
SANSM,2025-05-07,VOLATILE,False,False,,,False
SAPL,2020-04-10,VOLATILE,False,False,,,False
SAPL,2020-07-24,RANGING,False,False,,,False
SAPL,2021-11-01,RANGING,False,True,-0.9856469760900141,-0.14064697609001406,False
SAPL,2021-01-20,TRENDING_UP,False,False,,,False
SAPL,2022-07-13,VOLATILE,False,False,,,False
SAPL,2023-01-03,TRENDING_DOWN,False,False,,,False
SAPL,2020-01-29,RANGING,False,False,,,False
SAPL,2022-09-22,TRENDING_DOWN,False,True,-1.123070175438603,-0.2780701754386029,False
SAPL,2021-08-12,RANGING,False,True,-0.845,0.0,False
SAPL,2020-09-01,TRENDING_UP,False,True,-0.2567647058823529,0.5882352941176471,False
SAPL,2021-02-01,TRENDING_UP,False,True,0.3856461038961039,1.2987012987012987,True
SAPT,2020-03-05,VOLATILE,False,False,,,False
SAPT,2021-04-07,VOLATILE,False,False,,,False
SAPT,2024-12-09,TRENDING_UP,False,True,2.8834449152542367,4.23728813559322,True
SAPT,2021-07-15,RANGING,False,True,2.3984166666666664,3.6666666666666665,True
SAPT,2022-08-24,RANGING,False,True,-0.845,0.0,False
SAPT,2022-05-24,TRENDING_DOWN,False,True,-0.845,0.0,False
SAPT,2023-05-08,RANGING,False,True,0.40509801762114545,1.3215859030837005,True
SAPT,2021-05-20,TRENDING_UP,False,False,,,False
SAPT,2020-09-01,TRENDING_UP,False,True,0.35876168339641173,1.2670725687016609,True
SAPT,2022-04-19,RANGING,False,False,,,False
SAPT,2023-07-12,TRENDING_UP,False,True,4.494014150943396,6.132075471698113,True
SAPT,2025-07-01,TRENDING_UP,False,False,,,False
SAPT,2020-12-04,TRENDING_UP,False,True,23.057684314835786,27.971687429218573,True
SARC,2022-09-02,RANGING,False,True,6.592783883579497,8.601216333622938,True
SARC,2025-11-24,RANGING,False,False,,,False
SARC,2020-10-05,VOLATILE,False,False,,,False
SARC,2023-12-06,TRENDING_UP,False,True,2.2900331325301253,3.5391566265060295,True
SARC,2024-06-12,RANGING,False,False,,,False
SARC,2022-12-16,TRENDING_DOWN,False,True,11.90079761904761,14.845938375350132,True
SARC,2021-06-01,TRENDING_UP,False,True,-0.845,0.0,False
SARC,2021-03-30,VOLATILE,False,False,,,False
SARC,2025-09-17,TRENDING_UP,False,True,0.5496263647547271,1.4916192526526202,True
SARC,2026-03-27,VOLATILE,False,True,-4.054677419354842,-3.209677419354842,False
SARC,2024-04-22,TRENDING_UP,False,False,,,False
SARC,2024-11-08,TRENDING_UP,False,True,-3.844000333222266,-2.999000333222266,False
SARC,2026-03-04,VOLATILE,False,True,-0.8827216144851058,-0.03772161448510585,False
SARC,2021-06-04,TRENDING_UP,False,True,3.5568979289940907,5.029585798816577,True
SARC,2022-02-09,TRENDING_UP,False,True,-0.845,0.0,False
SASML,2025-12-05,TRENDING_UP,False,True,-8.023217821782177,-7.1782178217821775,False
SASML,2024-07-03,TRENDING_UP,False,False,,,False
SASML,2025-12-04,TRENDING_UP,False,True,-3.163312060432398,-2.3183120604323983,False
SASML,2025-11-18,VOLATILE,False,False,,,False
SASML,2026-07-06,TRENDING_UP,False,True,-2.233888888888889,-1.3888888888888888,False
SASML,2024-03-08,TRENDING_UP,False,True,1.044110446570969,2.0733652312599635,True
SASML,2026-06-09,TRENDING_UP,False,False,,,False
SASML,2025-01-27,VOLATILE,False,True,7.715891464633838,9.922519370157458,True
SASML,2024-01-18,VOLATILE,False,False,,,False
SAZEW,2023-03-17,RANGING,False,True,-2.3355660377358474,-1.4905660377358474,False
SAZEW,2022-08-23,RANGING,False,False,,,False
SAZEW,2025-09-19,TRENDING_UP,False,False,,,False
SAZEW,2020-07-27,RANGING,False,False,,,False
SAZEW,2020-09-17,TRENDING_UP,False,False,,,False
SAZEW,2022-09-14,RANGING,False,False,,,False
SAZEW,2023-01-30,TRENDING_DOWN,False,False,,,False
SAZEW,2021-10-26,VOLATILE,False,False,,,False
SAZEW,2023-06-05,RANGING,False,False,,,False
SAZEW,2024-07-25,RANGING,False,True,3.968446505094761,5.51376059422913,True
SAZEW,2023-09-26,RANGING,False,False,,,False
SAZEW,2023-02-21,VOLATILE,False,False,,,False
SAZEW,2025-04-03,TRENDING_UP,True,False,,,False
SAZEW,2024-09-10,TRENDING_UP,False,True,-1.4629196704428424,-0.6179196704428425,False
SAZEW,2025-03-07,TRENDING_UP,False,False,,,False
SAZEW,2024-10-17,TRENDING_UP,False,True,3.8260086375643234,5.346186632428616,True
SAZEW,2024-09-09,TRENDING_UP,False,True,-2.6171725145305897,-1.77217251453059,False
SAZEW,2024-04-09,TRENDING_UP,False,True,26.422266927557338,31.93001991477334,True
SAZEW,2025-01-07,TRENDING_UP,False,False,,,False
SAZEW,2025-11-04,VOLATILE,False,True,-1.138812071989543,-0.2938120719895429,False
SBL,2024-08-16,RANGING,False,False,,,False
SBL,2025-04-30,VOLATILE,False,True,-1.4297953216374353,-0.5847953216374352,False
SBL,2020-07-20,RANGING,False,True,-0.845,0.0,False
SBL,2022-06-22,RANGING,False,False,,,False
SBL,2021-08-26,RANGING,False,True,-1.3242332268370505,-0.47923322683705055,False
SBL,2020-05-20,RANGING,False,False,,,False
SBL,2020-11-10,TRENDING_UP,False,True,-0.982741046831953,-0.137741046831953,False
SBL,2024-12-03,TRENDING_UP,False,True,4.942520031217487,6.659729448491161,True
SBL,2026-02-04,TRENDING_UP,False,True,-2.4460673782521694,-1.6010673782521696,False
SBL,2024-09-20,TRENDING_UP,False,True,0.0951471291866145,0.9569377990430759,True
SBL,2022-01-03,RANGING,False,False,,,False
SBL,2020-12-09,TRENDING_UP,False,False,,,False
SBL,2025-03-27,TRENDING_UP,False,True,-4.178333333333341,-3.333333333333341,False
SBL,2020-09-16,TRENDING_UP,False,True,1.0164438775510245,2.040816326530617,True
SCBPL,2025-09-23,TRENDING_UP,False,False,,,False
SCBPL,2023-07-04,RANGING,False,False,,,False
SCBPL,2026-07-02,TRENDING_UP,False,False,,,False
SCBPL,2021-09-14,RANGING,False,True,7.913419535283989,10.154905335628223,True
SCBPL,2021-12-28,TRENDING_DOWN,False,True,6.107380940675187,8.030154047853161,True
SCBPL,2021-03-18,VOLATILE,False,False,,,False
SCBPL,2023-06-14,RANGING,False,True,-0.845,0.0,False
SCBPL,2021-06-23,TRENDING_UP,False,False,,,False
SCBPL,2025-12-09,TRENDING_UP,False,False,,,False
SCBPL,2021-01-22,TRENDING_UP,False,True,-1.3044180704440997,-0.4594180704440998,False
SCBPL,2020-08-19,TRENDING_UP,False,True,-0.9717828843106153,-0.12678288431061535,False
SCBPL,2021-06-24,TRENDING_UP,False,True,-0.845,0.0,False
SCBPL,2025-06-30,TRENDING_UP,False,False,,,False
SCBPL,2022-11-08,RANGING,False,True,-0.845,0.0,False
SCBPL,2023-11-28,TRENDING_UP,False,False,,,False
SCBPL,2025-01-06,TRENDING_UP,False,False,,,False
SCBPL,2024-12-31,TRENDING_UP,False,False,,,False
SCBPL,2024-10-02,TRENDING_UP,False,False,,,False
SCBPL,2024-01-08,VOLATILE,False,False,,,False
SCBPL,2020-12-02,TRENDING_UP,False,True,0.9260952380952343,1.934523809523805,True
SCL,2021-10-14,VOLATILE,False,True,-0.845,0.0,False
SCL,2025-04-28,VOLATILE,False,True,-8.845000000000002,-8.000000000000002,False
SCL,2021-05-27,TRENDING_UP,False,False,,,False
SCL,2022-04-15,RANGING,False,False,,,False
SCL,2021-12-13,TRENDING_DOWN,False,True,1.4482354156652406,2.5488063713708713,True
SCL,2023-04-28,RANGING,False,False,,,False
SCL,2021-12-10,TRENDING_DOWN,False,True,-0.845,0.0,False
SCL,2020-12-10,TRENDING_UP,False,False,,,False
SCL,2025-05-23,TRENDING_UP,False,False,,,False
SCL,2023-10-10,TRENDING_UP,False,True,21.39556931608742,26.016258018926376,True
SCL,2023-02-06,VOLATILE,False,False,,,False
SCL,2024-04-22,TRENDING_UP,False,False,,,False
SCL,2023-10-06,TRENDING_UP,False,False,,,False
SCL,2026-02-26,VOLATILE,False,False,,,False
SCL,2025-07-09,TRENDING_UP,False,False,,,False
SCL,2021-03-22,VOLATILE,False,False,,,False
SEARL,2025-04-28,VOLATILE,False,False,,,False
SEARL,2025-05-09,VOLATILE,False,False,,,False
SEARL,2024-09-03,TRENDING_UP,False,False,,,False
SEARL,2024-10-10,TRENDING_UP,False,False,,,False
SEARL,2026-01-22,TRENDING_UP,False,False,,,False
SEARL,2023-02-07,VOLATILE,False,False,,,False
SEARL,2022-01-06,RANGING,False,True,-0.7750748199426454,0.06992518005735456,False
SEARL,2022-08-23,RANGING,False,False,,,False
SEARL,2025-09-19,TRENDING_UP,False,False,,,False
SEARL,2025-04-16,TRENDING_UP,False,False,,,False
SEARL,2020-09-14,TRENDING_UP,False,False,,,False
SEARL,2024-05-02,TRENDING_UP,False,False,,,False
SEARL,2025-06-10,TRENDING_UP,False,False,,,False
SEARL,2021-06-18,TRENDING_UP,False,True,-1.7804616225388905,-0.9354616225388905,False
SEARL,2026-06-30,TRENDING_UP,False,False,,,False
SEARL,2026-02-10,VOLATILE,False,False,,,False
SEARL,2025-09-30,TRENDING_UP,False,False,,,False
SEL,2021-02-04,TRENDING_UP,False,False,,,False
SEL,2022-09-08,RANGING,False,True,-0.845,0.0,False
SEL,2022-08-16,RANGING,False,True,-0.845,0.0,False
SEL,2025-06-30,TRENDING_UP,False,True,6.044007169287692,7.955596669750226,True
SEL,2025-12-30,TRENDING_UP,False,True,5.614128223495706,7.44985673352436,True
SEL,2024-07-04,TRENDING_UP,False,True,-1.3037155963302818,-0.45871559633028175,False
SEL,2025-01-16,TRENDING_UP,False,True,-0.845,0.0,False
SEL,2025-08-08,TRENDING_UP,False,True,-0.845,0.0,False
SEL,2023-06-20,RANGING,False,True,1.245446369636972,2.31023102310232,True
SEL,2026-03-11,VOLATILE,False,False,,,False
SEL,2024-01-19,VOLATILE,False,True,-0.845,0.0,False
SEPL,2026-07-08,TRENDING_UP,False,True,-1.4984204560608014,-0.6534204560608013,False
SEPL,2020-02-17,VOLATILE,False,False,,,False
SEPL,2022-04-28,RANGING,False,True,-0.8538323617735427,-0.008832361773542763,False
SEPL,2024-11-22,TRENDING_UP,False,True,-1.4394055944055903,-0.5944055944055904,False
SEPL,2020-09-02,TRENDING_UP,False,False,,,False
SEPL,2024-05-09,TRENDING_UP,False,True,-0.83780575539569,0.007194244604310004,False
SEPL,2022-10-17,RANGING,False,False,,,False
SEPL,2022-10-24,RANGING,False,True,-0.845,0.0,False
SEPL,2020-10-01,RANGING,False,True,-0.89472650422675,-0.04972650422675003,False
SEPL,2021-08-31,RANGING,False,False,,,False
SEPL,2022-03-09,TRENDING_DOWN,False,False,,,False
SEPL,2022-11-14,RANGING,False,True,-2.7867475728155338,-1.9417475728155338,False
SEPL,2023-11-03,TRENDING_UP,False,False,,,False
SEPL,2024-02-13,VOLATILE,False,False,,,False
SEPL,2025-06-02,TRENDING_UP,False,True,-0.14718068535825257,0.6978193146417474,False
SEPL,2023-06-06,RANGING,False,True,-0.845,0.0,False
SEPL,2021-05-21,TRENDING_UP,False,False,,,False
SEPL,2026-03-27,VOLATILE,False,False,,,False
SEPL,2021-02-10,TRENDING_UP,False,False,,,False
SEPL,2020-01-22,TRENDING_UP,False,True,6.149749999999996,8.079999999999995,True
SEPL,2020-08-19,TRENDING_UP,False,False,,,False
SERT,2024-09-16,TRENDING_UP,False,False,,,False
SERT,2026-01-14,TRENDING_UP,False,True,-5.0149041699041685,-4.169904169904169,False
SERT,2024-09-19,TRENDING_UP,False,True,-5.844999999999996,-4.9999999999999964,False
SERT,2026-03-10,VOLATILE,False,True,4.1529038461538414,5.730769230769225,True
SERT,2025-01-21,TRENDING_UP,False,True,-2.216841155234653,-1.3718411552346534,False
SERT,2024-03-22,TRENDING_UP,False,False,,,False
SERT,2025-03-07,TRENDING_UP,False,True,-2.7780855018587345,-1.9330855018587345,False
SERT,2024-03-18,TRENDING_UP,False,True,3.8182668539325832,5.337078651685392,True
SERT,2025-11-19,VOLATILE,False,False,,,False
SERT,2025-06-12,TRENDING_UP,False,True,41.13692241379311,49.24137931034483,True
SFL,2025-01-10,VOLATILE,False,False,,,False
SFL,2021-10-29,RANGING,False,False,,,False
SFL,2026-02-20,VOLATILE,False,True,-5.197060919998217,-4.352060919998217,False
SFL,2022-10-31,RANGING,False,False,,,False
SFL,2023-10-19,TRENDING_UP,False,False,,,False
SFL,2022-04-05,RANGING,False,False,,,False
SFL,2020-04-13,TRENDING_DOWN,False,False,,,False
SFL,2023-04-07,TRENDING_DOWN,False,True,-8.027266009852214,-7.182266009852214,False
SFL,2023-05-05,RANGING,False,False,,,False
SFL,2023-12-01,TRENDING_UP,False,True,32.57341666666667,39.166666666666664,True
SFL,2025-06-16,TRENDING_UP,False,False,,,False
SFL,2025-06-24,TRENDING_UP,False,False,,,False
SFL,2025-03-17,TRENDING_UP,False,False,,,False
SFL,2020-05-28,RANGING,False,False,,,False
SGF,2026-01-12,TRENDING_UP,False,False,,,False
SGF,2026-06-12,TRENDING_UP,False,False,,,False
SGF,2026-06-23,TRENDING_UP,False,False,,,False
SGF,2026-05-20,VOLATILE,False,False,,,False
SGF,2026-04-29,TRENDING_UP,False,True,-0.05078352509927586,0.7942164749007241,False
SGF,2026-03-10,VOLATILE,False,False,,,False
SGPL,2023-07-21,TRENDING_UP,False,False,,,False
SGPL,2025-02-07,VOLATILE,False,True,2.9632786624203806,4.331210191082801,True
SGPL,2021-12-30,RANGING,False,True,8.55560008517888,10.910411864916329,True
SGPL,2023-09-01,VOLATILE,False,True,-0.845,0.0,False
SGPL,2022-12-30,TRENDING_DOWN,False,False,,,False
SGPL,2026-03-16,VOLATILE,False,False,,,False
SGPL,2022-10-05,RANGING,False,False,,,False
SGPL,2025-07-31,TRENDING_UP,False,False,,,False
SGPL,2023-01-27,VOLATILE,False,True,-1.362004221410611,-0.517004221410611,False
SGPL,2024-03-01,TRENDING_UP,False,False,,,False
SGPL,2025-12-02,TRENDING_UP,False,False,,,False
SGPL,2024-10-18,TRENDING_UP,False,False,,,False
SGPL,2024-12-30,TRENDING_UP,False,True,3.017012593783495,4.394426580921759,True
SGPL,2024-10-28,TRENDING_UP,False,False,,,False
SGPL,2024-01-02,TRENDING_UP,False,False,,,False
SGPL,2025-10-08,TRENDING_UP,False,True,-0.5950000000000053,0.24999999999999467,False
SGPL,2025-08-18,TRENDING_UP,False,False,,,False
SGPL,2026-02-11,VOLATILE,False,False,,,False
SGPL,2024-02-20,VOLATILE,False,False,,,False
SGPL,2025-05-20,TRENDING_UP,True,False,,,False
SHCM,2026-06-16,TRENDING_UP,False,True,-2.948728389918763,-2.103728389918763,False
SHCM,2025-10-09,TRENDING_UP,False,False,,,False
SHCM,2025-08-08,TRENDING_UP,False,True,8.538953277821845,10.89082738567276,True
SHCM,2025-01-21,TRENDING_UP,False,False,,,False
SHCM,2026-02-27,VOLATILE,False,True,-3.2041087811271263,-2.359108781127126,False
SHCM,2026-02-10,VOLATILE,False,True,0.03143500629987717,0.8819823603527966,True
SHDT,2025-08-06,TRENDING_UP,False,False,,,False
SHDT,2024-04-15,TRENDING_UP,False,False,,,False
SHDT,2024-09-12,TRENDING_UP,False,False,,,False
SHDT,2025-03-05,RANGING,False,True,-0.845,0.0,False
SHDT,2025-01-06,TRENDING_UP,False,True,1.9768719512195065,3.170731707317066,True
SHDT,2025-03-12,TRENDING_UP,False,False,,,False
SHDT,2026-02-09,VOLATILE,False,False,,,False
SHDT,2025-03-14,TRENDING_UP,False,False,,,False
SHEL,2023-12-26,VOLATILE,False,True,2.2168006988215905,3.4530008221430473,True
SHEL,2021-07-26,RANGING,False,True,-1.0199271137026305,-0.17492711370263053,False
SHEL,2024-07-02,TRENDING_UP,False,False,,,False
SHEL,2021-01-07,TRENDING_UP,False,True,-0.3448809240295254,0.5001190759704746,False
SHEL,2022-02-10,TRENDING_UP,False,True,-1.782618147448022,-0.937618147448022,False
SHEL,2022-09-09,RANGING,False,True,-0.1478659953524355,0.6971340046475645,False
SHEL,2023-01-30,TRENDING_DOWN,False,False,,,False
SHEL,2021-07-14,RANGING,False,False,,,False
SHEL,2022-09-09,RANGING,False,True,-0.1478659953524355,0.6971340046475645,False
SHEL,2020-08-11,TRENDING_UP,False,False,,,False
SHEL,2020-08-19,TRENDING_UP,False,False,,,False
SHEL,2024-07-10,TRENDING_UP,False,False,,,False
SHEL,2024-05-23,TRENDING_UP,False,True,-1.0606721782889885,-0.21567217828898846,False
SHEL,2022-02-15,TRENDING_UP,False,False,,,False
SHEL,2024-03-19,TRENDING_UP,False,False,,,False
SHEZ,2024-03-05,TRENDING_UP,False,False,,,False
SHEZ,2023-10-02,TRENDING_UP,False,False,,,False
SHEZ,2024-04-25,TRENDING_UP,False,False,,,False
SHEZ,2023-11-01,TRENDING_UP,False,True,10.36870652173913,13.043478260869565,True
SHEZ,2025-09-08,TRENDING_UP,False,False,,,False
SHEZ,2024-04-02,TRENDING_UP,False,True,-1.2073188405797153,-0.36231884057971525,False
SHEZ,2021-09-14,RANGING,False,True,-0.845,0.0,False
SHEZ,2022-08-04,RANGING,False,True,13.184153368224079,16.355768668498918,True
SHEZ,2025-07-17,TRENDING_UP,False,False,,,False
SHEZ,2023-09-27,TRENDING_UP,False,True,-6.034620758483036,-5.189620758483036,False
SHEZ,2026-02-02,TRENDING_UP,False,True,-2.3615031222123104,-1.5165031222123104,False
SHEZ,2024-05-24,TRENDING_UP,False,False,,,False
SHEZ,2025-02-25,TRENDING_UP,False,True,0.7347414529914531,1.7094017094017095,True
SHEZ,2026-05-13,TRENDING_UP,False,False,,,False
SHEZ,2024-04-25,TRENDING_UP,False,False,,,False
SHEZ,2020-10-20,VOLATILE,False,True,1.7026360759493673,2.848101265822785,True
SHFA,2025-11-07,VOLATILE,False,False,,,False
SHFA,2020-01-31,RANGING,False,True,-1.1375809822361658,-0.29258098223616574,False
SHFA,2024-05-02,TRENDING_UP,False,False,,,False
SHFA,2026-06-19,TRENDING_UP,False,True,-3.2932109227871935,-2.4482109227871938,False
SHFA,2024-03-18,TRENDING_UP,False,True,-0.845,0.0,False
SHFA,2023-02-22,RANGING,False,False,,,False
SHFA,2022-07-07,TRENDING_DOWN,False,True,-0.845,0.0,False
SHFA,2022-03-10,TRENDING_DOWN,False,False,,,False
SHFA,2023-10-20,TRENDING_UP,False,False,,,False
SHFA,2024-07-18,TRENDING_UP,False,True,-2.979600382951557,-2.1346003829515574,False
SHFA,2020-12-03,TRENDING_UP,False,False,,,False
SHFA,2024-03-19,TRENDING_UP,False,True,-0.845,0.0,False
SHFA,2024-03-19,TRENDING_UP,False,True,-0.845,0.0,False
SHFA,2025-09-24,TRENDING_UP,False,True,3.4079635922330094,4.854368932038835,True
SHFA,2020-12-21,TRENDING_UP,False,True,-0.9624973073533637,-0.11749730735336371,False
SHFA,2025-10-01,TRENDING_UP,False,True,-1.5711696847136767,-0.7261696847136768,False
SHFA,2024-03-14,TRENDING_UP,False,True,-0.8525694497010213,-0.007569449701021365,False
SHFA,2025-02-11,VOLATILE,False,False,,,False
SHFA,2024-10-02,TRENDING_UP,False,False,,,False
SHJS,2024-12-04,TRENDING_UP,False,False,,,False
SHJS,2026-06-03,TRENDING_UP,False,False,,,False
SHJS,2024-10-23,TRENDING_UP,False,False,,,False
SHJS,2024-04-01,TRENDING_UP,False,False,,,False
SHJS,2025-10-23,TRENDING_UP,False,False,,,False
SHJS,2025-08-18,TRENDING_UP,False,True,5.208406799868435,6.972537411609923,True
SHJS,2026-04-13,VOLATILE,False,False,,,False
SHNI,2022-01-19,RANGING,False,True,1.9560405393002713,3.1462241638826725,True
SHNI,2020-01-22,TRENDING_UP,False,True,10.614112514990579,13.332191194106564,True
SHNI,2020-01-24,TRENDING_UP,False,True,5.010433244441363,6.739627346401603,True
SHNI,2022-01-04,RANGING,False,True,2.5402778276481213,3.8335621501742607,True
SHNI,2021-06-28,RANGING,False,False,,,False
SHNI,2023-04-04,TRENDING_DOWN,False,True,2.8471980643289383,4.194644781563457,True
SHNI,2020-07-10,RANGING,False,False,,,False
SHNI,2025-12-10,TRENDING_UP,False,True,-0.845,0.0,False
SHNI,2020-11-03,VOLATILE,False,False,,,False
SHNI,2021-01-04,TRENDING_UP,False,True,-0.845,0.0,False
SHNI,2023-08-15,TRENDING_UP,False,False,,,False
SHNI,2021-01-25,TRENDING_UP,False,False,,,False
SHNI,2024-04-03,TRENDING_UP,False,False,,,False
SHNI,2023-11-22,TRENDING_UP,False,False,,,False
SHNI,2024-09-26,TRENDING_UP,False,False,,,False
SHNI,2024-10-03,TRENDING_UP,False,False,,,False
SHSML,2024-01-03,TRENDING_UP,False,True,-2.5718005054050197,-1.7268005054050197,False
SHSML,2024-05-16,TRENDING_UP,False,True,-0.845,0.0,False
SHSML,2024-06-20,TRENDING_UP,False,False,,,False
SHSML,2024-07-09,TRENDING_UP,False,True,10.358877659574468,13.031914893617023,True
SHSML,2024-01-26,VOLATILE,False,True,2.259050060132285,3.502705953096806,True
SIBL,2024-08-02,RANGING,False,True,-4.469733475479761,-3.6247334754797613,False
SIBL,2025-06-16,TRENDING_UP,False,False,,,False
SIBL,2024-11-01,TRENDING_UP,False,False,,,False
SIBL,2024-11-14,TRENDING_UP,False,True,5.277600622406637,7.05394190871369,True
SIBL,2025-03-24,TRENDING_UP,False,False,,,False
SIEM,2022-08-26,RANGING,False,True,-0.845,0.0,False
SIEM,2021-10-14,VOLATILE,False,False,,,False
SIEM,2021-06-21,TRENDING_UP,False,True,-0.845,0.0,False
SIEM,2022-01-17,RANGING,False,True,0.20192738359201584,1.0825616277553127,True
SIEM,2020-02-12,RANGING,False,False,,,False
SIEM,2022-06-20,TRENDING_DOWN,False,True,-1.3058294930875576,-0.4608294930875576,False
SIEM,2023-04-03,TRENDING_DOWN,False,True,2.2127844827586207,3.4482758620689653,True
SIEM,2022-01-11,RANGING,False,False,,,False
SIEM,2020-07-16,RANGING,False,True,0.3241001342081731,1.2262942755390271,True
SIEM,2025-04-17,TRENDING_UP,False,True,0.8779941314553991,1.8779342723004695,True
SIEM,2020-12-18,TRENDING_UP,False,True,1.7699464117091597,2.927289896128423,True
SIEM,2021-05-19,TRENDING_UP,False,False,,,False
SIEM,2021-01-06,TRENDING_UP,False,False,,,False
SILK,2024-02-19,VOLATILE,False,True,-1.8158737864077676,-0.9708737864077678,False
SILK,2025-02-28,TRENDING_UP,False,False,,,False
SILK,2024-01-22,TRENDING_UP,False,True,-1.8158737864077676,-0.9708737864077678,False
SILK,2022-10-25,RANGING,False,False,,,False
SILK,2024-04-18,TRENDING_UP,False,True,-1.8866666666666676,-1.0416666666666676,False
SILK,2022-10-20,RANGING,False,True,-0.845,0.0,False
SILK,2022-07-19,TRENDING_DOWN,False,False,,,False
SILK,2025-02-18,RANGING,False,False,,,False
SILK,2023-03-16,RANGING,False,False,,,False
SILK,2020-07-07,RANGING,False,False,,,False
SILK,2023-07-26,TRENDING_UP,False,True,-3.702142857142859,-2.8571428571428594,False
SILK,2025-02-25,TRENDING_UP,False,False,,,False
SILK,2023-08-04,TRENDING_UP,False,False,,,False
SILK,2021-01-13,TRENDING_UP,False,True,-1.6783333333333341,-0.8333333333333341,False
SILK,2024-02-14,VOLATILE,False,True,-0.845,0.0,False
SINDM,2025-02-17,RANGING,False,True,4.162938118811882,5.742574257425743,True
SINDM,2025-06-25,TRENDING_UP,False,False,,,False
SINDM,2025-01-23,TRENDING_UP,False,False,,,False
SINDM,2024-06-28,TRENDING_UP,False,False,,,False
SINDM,2024-12-30,TRENDING_UP,False,False,,,False
SINDM,2025-03-07,TRENDING_UP,False,False,,,False
SINDM,2026-05-12,TRENDING_UP,False,True,-0.845,0.0,False
SINDM,2025-05-09,VOLATILE,False,True,-1.299545454545461,-0.454545454545461,False
SINDM,2024-07-11,TRENDING_UP,False,False,,,False
SINDM,2025-02-26,TRENDING_UP,False,True,-0.845,0.0,False
SITC,2026-06-10,RANGING,False,True,-0.845,0.0,False
SITC,2024-07-11,TRENDING_UP,False,False,,,False
SITC,2023-12-14,TRENDING_UP,False,False,,,False
SITC,2025-10-27,VOLATILE,False,True,-0.8600614623521364,-0.015061462352136462,False
SITC,2022-10-14,RANGING,False,True,2.751137755102041,4.081632653061225,True
SITC,2021-08-17,RANGING,False,True,0.7015030864197529,1.670297748729121,True
SITC,2025-03-04,RANGING,False,True,7.28175,9.411764705882353,True
SITC,2022-08-18,RANGING,False,False,,,False
SITC,2020-03-18,VOLATILE,False,True,-0.845,0.0,False
SITC,2024-03-21,TRENDING_UP,False,True,4.987697970200399,6.712879964941646,True
SITC,2026-01-20,TRENDING_UP,False,True,0.21798188405797103,1.1014492753623188,True
SITC,2024-01-23,TRENDING_UP,False,True,-0.845,0.0,False
SITC,2024-11-01,TRENDING_UP,False,False,,,False
SITC,2025-04-28,VOLATILE,False,False,,,False
SITC,2022-11-21,RANGING,False,False,,,False
SITC,2025-12-05,TRENDING_UP,False,False,,,False
SITC,2021-01-13,TRENDING_UP,False,False,,,False
SITC,2024-09-19,TRENDING_UP,False,False,,,False
SITC,2025-01-09,VOLATILE,False,True,3.266125,4.6875,True
SITC,2020-10-16,VOLATILE,False,False,,,False
SJTM,2020-01-09,TRENDING_UP,False,False,,,False
SKRS,2024-05-08,TRENDING_UP,False,True,-3.6396537059538323,-2.7946537059538326,False
SKRS,2024-08-09,RANGING,False,True,-2.7543078758949893,-1.9093078758949895,False
SKRS,2024-10-28,TRENDING_UP,False,True,-4.070806451612913,-3.2258064516129137,False
SKRS,2024-05-29,TRENDING_UP,False,False,,,False
SKRS,2026-03-30,VOLATILE,False,False,,,False
SKRS,2024-09-09,TRENDING_UP,False,False,,,False
SKRS,2025-01-28,VOLATILE,False,False,,,False
SKRS,2025-12-30,TRENDING_UP,False,False,,,False
SLGL,2026-01-20,TRENDING_UP,False,False,,,False
SLGL,2024-05-09,TRENDING_UP,False,False,,,False
SLGL,2024-11-07,TRENDING_UP,False,False,,,False
SLGL,2025-09-24,TRENDING_UP,False,False,,,False
SLGL,2025-11-28,TRENDING_UP,False,False,,,False
SLGL,2026-07-09,TRENDING_UP,False,False,,,False
SLGL,2025-07-01,TRENDING_UP,False,False,,,False
SLL,2024-01-22,TRENDING_UP,False,True,-3.476578947368412,-2.631578947368412,False
SLYT,2026-01-23,TRENDING_UP,False,False,,,False
SLYT,2024-10-25,TRENDING_UP,False,True,-0.11507299270071947,0.7299270072992805,False
SLYT,2024-10-08,TRENDING_UP,False,False,,,False
SLYT,2025-09-23,TRENDING_UP,False,False,,,False
SLYT,2026-02-26,VOLATILE,False,False,,,False
SLYT,2024-07-12,TRENDING_UP,False,False,,,False
SMBL,2020-09-01,TRENDING_UP,False,False,,,False
SMBL,2022-08-05,RANGING,False,False,,,False
SMBL,2020-11-10,TRENDING_UP,False,False,,,False
SMBL,2022-02-11,TRENDING_UP,False,False,,,False
SMBL,2021-01-18,TRENDING_UP,False,True,-0.845,0.0,False
SMBL,2022-07-26,TRENDING_DOWN,False,False,,,False
SMBL,2022-06-20,TRENDING_DOWN,False,True,7.7432884615384685,9.954751131221728,True
SMBL,2022-05-26,TRENDING_DOWN,False,True,-0.43849593495934014,0.40650406504065983,False
SMBL,2022-05-20,TRENDING_DOWN,False,False,,,False
SMBL,2022-10-27,RANGING,False,True,-4.134473684210529,-3.2894736842105288,False
SMBL,2021-05-17,TRENDING_UP,False,True,84.28175,100.0,True
SMCPL,2025-02-03,VOLATILE,False,False,,,False
SMCPL,2022-09-05,RANGING,False,True,-1.696063829787231,-0.8510638297872309,False
SMCPL,2021-05-26,TRENDING_UP,False,True,-4.464047619047626,-3.6190476190476266,False
SMCPL,2026-04-03,VOLATILE,False,True,3.3498685110154476,4.7860217776652325,True
SMCPL,2024-10-29,TRENDING_UP,False,False,,,False
SMCPL,2025-05-23,TRENDING_UP,False,False,,,False
SMCPL,2023-01-04,TRENDING_DOWN,False,False,,,False
SMCPL,2023-01-19,TRENDING_DOWN,False,True,4.38175,6.0,True
SMCPL,2022-09-22,TRENDING_DOWN,False,False,,,False
SMCPL,2023-06-20,RANGING,False,True,4.855520491803279,6.557377049180328,True
SMCPL,2022-02-07,RANGING,False,False,,,False
SMCPL,2025-11-14,VOLATILE,False,False,,,False
SMCPL,2023-10-31,TRENDING_UP,False,True,-0.9218639508070698,-0.07686395080706984,False
SMCPL,2025-05-20,TRENDING_UP,False,True,-1.685840840840823,-0.840840840840823,False
SMCPL,2020-09-18,TRENDING_UP,False,False,,,False
SMCPL,2026-01-09,TRENDING_UP,False,False,,,False
SMCPL,2021-08-04,TRENDING_UP,False,True,-0.845,0.0,False
SMCPL,2025-02-20,TRENDING_UP,False,False,,,False
SMCPL,2020-01-10,TRENDING_UP,False,False,,,False
SMCPL,2020-10-07,VOLATILE,False,False,,,False
SMCPL,2026-06-29,TRENDING_UP,False,False,,,False
SML,2026-01-02,TRENDING_UP,False,False,,,False
SML,2024-10-23,TRENDING_UP,False,False,,,False
SML,2024-09-03,TRENDING_UP,False,True,-0.845,0.0,False
SML,2025-12-24,TRENDING_UP,False,False,,,False
SML,2026-07-06,TRENDING_UP,False,False,,,False
SNAI,2024-07-10,TRENDING_UP,False,True,-0.8874448217317402,-0.04244482173174029,False
SNAI,2025-02-18,RANGING,False,False,,,False
SNAI,2024-11-20,TRENDING_UP,False,False,,,False
SNAI,2025-10-21,TRENDING_UP,False,True,-0.845,0.0,False
SNAI,2025-03-27,TRENDING_UP,False,True,-8.844999999999997,-7.9999999999999964,False
SNAI,2024-06-04,TRENDING_UP,False,False,,,False
SNAI,2024-12-24,TRENDING_UP,False,True,-0.845,0.0,False
SNBL,2024-09-05,TRENDING_UP,False,False,,,False
SNBL,2026-02-11,VOLATILE,False,False,,,False
SNBL,2020-02-12,RANGING,False,False,,,False
SNBL,2026-04-17,VOLATILE,False,True,-2.2292482100238624,-1.3842482100238622,False
SNBL,2024-12-24,TRENDING_UP,False,True,-2.551886403766917,-1.706886403766917,False
SNBL,2025-11-25,TRENDING_UP,False,True,-1.6277788649706428,-0.782778864970643,False
SNBL,2024-08-08,RANGING,False,True,13.77986320754717,17.056603773584904,True
SNBL,2021-01-20,TRENDING_UP,False,False,,,False
SNBL,2020-07-13,RANGING,False,True,-2.84515832387787,-2.00015832387787,False
SNBL,2023-05-19,RANGING,False,True,-0.845,0.0,False
SNBL,2021-05-18,TRENDING_UP,False,False,,,False
SNBL,2021-01-14,TRENDING_UP,False,False,,,False
SNBL,2022-04-07,RANGING,False,False,,,False
SNBL,2025-12-31,TRENDING_UP,False,False,,,False
SNBL,2025-08-07,TRENDING_UP,False,True,-2.644999999999997,-1.7999999999999972,False
SNBL,2022-06-23,RANGING,False,True,0.6023486147515732,1.5536454291194979,True
SNBL,2021-05-26,TRENDING_UP,False,False,,,False
SNBL,2021-04-12,VOLATILE,False,True,-1.3153143189755458,-0.47031431897554593,False
SNBL,2025-03-11,TRENDING_UP,False,True,-1.8740556900726282,-1.0290556900726282,False
SNBL,2021-01-25,TRENDING_UP,False,True,-1.7052313290700172,-0.8602313290700172,False
SNBL,2024-07-18,TRENDING_UP,False,False,,,False
SNBL,2020-01-10,TRENDING_UP,False,True,1.781944024058986,2.9414047341870426,True
SNGP,2021-04-05,VOLATILE,False,False,,,False
SNGP,2021-08-02,RANGING,False,False,,,False
SNGP,2025-03-14,TRENDING_UP,False,False,,,False
SNGP,2026-01-02,TRENDING_UP,False,False,,,False
SNGP,2021-01-12,TRENDING_UP,False,False,,,False
SNGP,2023-06-06,RANGING,False,False,,,False
SNGP,2025-01-06,TRENDING_UP,False,False,,,False
SNGP,2025-02-24,RANGING,False,False,,,False
SNGP,2023-03-30,TRENDING_DOWN,False,False,,,False
SNGP,2020-07-14,RANGING,False,True,-0.8105469422911229,0.03445305770887705,False
SNGP,2023-04-28,RANGING,False,False,,,False
SNGP,2024-02-21,VOLATILE,False,False,,,False
SNGP,2020-07-21,RANGING,False,True,-2.110164644714045,-1.265164644714045,False
SNGP,2023-07-06,TRENDING_UP,False,False,,,False
SNGP,2026-01-14,TRENDING_UP,False,False,,,False
SNGP,2024-09-11,TRENDING_UP,False,False,,,False
SNGP,2023-11-01,TRENDING_UP,False,False,,,False
SNGP,2023-10-11,TRENDING_UP,False,True,-0.2976315789473726,0.5473684210526274,False
SNGP,2025-09-22,TRENDING_UP,False,False,,,False
SNGP,2023-08-02,TRENDING_UP,False,False,,,False
SNGP,2021-01-22,TRENDING_UP,False,False,,,False
SNGP,2024-02-14,VOLATILE,False,False,,,False
SNGP,2026-07-03,TRENDING_UP,False,True,-1.619606382083019,-0.774606382083019,False
SPEL,2021-04-21,RANGING,False,False,,,False
SPEL,2020-11-24,VOLATILE,False,False,,,False
SPEL,2024-05-08,TRENDING_UP,False,False,,,False
SPEL,2021-05-24,TRENDING_UP,False,True,-0.8688323283285527,-0.02383232832855274,False
SPEL,2022-11-21,RANGING,False,False,,,False
SPEL,2021-08-06,RANGING,False,False,,,False
SPEL,2020-05-04,VOLATILE,False,False,,,False
SPEL,2023-07-10,TRENDING_UP,False,False,,,False
SPEL,2026-01-16,TRENDING_UP,False,True,7.8694412130914255,10.103166133048736,True
SPEL,2026-01-22,TRENDING_UP,False,False,,,False
SPEL,2024-06-26,TRENDING_UP,False,False,,,False
SPEL,2024-01-24,TRENDING_UP,False,False,,,False
SPEL,2025-09-03,TRENDING_UP,False,False,,,False
SPEL,2021-05-18,TRENDING_UP,False,True,-0.845,0.0,False
SPEL,2025-01-01,TRENDING_UP,False,True,-0.9137600275040136,-0.06876002750401361,False
SPEL,2025-03-06,TRENDING_UP,False,False,,,False
SPEL,2025-04-15,TRENDING_UP,False,False,,,False
SPEL,2020-11-02,VOLATILE,False,False,,,False
SPEL,2025-04-21,TRENDING_UP,False,False,,,False
SPL,2024-02-20,VOLATILE,False,False,,,False
SPL,2025-10-20,TRENDING_UP,False,False,,,False
SPL,2021-02-15,TRENDING_UP,False,False,,,False
SPL,2024-11-13,TRENDING_UP,False,False,,,False
SPL,2023-07-04,RANGING,False,True,-0.845,0.0,False
SPL,2022-03-21,TRENDING_DOWN,False,False,,,False
SPL,2023-04-20,RANGING,False,True,-3.9166723549488127,-3.0716723549488125,False
SPL,2020-07-10,RANGING,False,False,,,False
SPL,2023-03-09,RANGING,False,False,,,False
SPL,2024-11-07,TRENDING_UP,False,False,,,False
SPL,2021-05-21,TRENDING_UP,False,True,-2.099480286738344,-1.2544802867383438,False
SPL,2020-06-19,RANGING,False,False,,,False
SPL,2025-06-04,TRENDING_UP,False,True,-2.317650771388493,-1.4726507713884929,False
SPL,2021-11-10,TRENDING_UP,False,False,,,False
SPL,2024-06-21,TRENDING_UP,False,True,-0.7709259259259275,0.0740740740740725,False
SPL,2020-03-10,VOLATILE,False,True,-3.8783167578319215,-3.033316757831922,False
SPL,2026-04-21,VOLATILE,False,True,-2.347538071065994,-1.502538071065994,False
SPLC,2020-11-13,VOLATILE,False,True,-6.108157894736847,-5.263157894736847,False
SPLC,2021-11-30,VOLATILE,False,True,-3.547702702702705,-2.702702702702705,False
SPLC,2020-08-12,TRENDING_UP,False,False,,,False
SPLC,2020-08-25,TRENDING_UP,False,True,45.89465322580645,54.83870967741935,True
SPLC,2021-08-30,RANGING,False,True,1.2896240157480332,2.362204724409451,True
SPLC,2021-01-22,TRENDING_UP,False,True,-8.844999999999995,-7.999999999999995,False
SPWL,2025-11-20,VOLATILE,False,False,,,False
SPWL,2024-08-08,RANGING,False,True,-3.5277985270910124,-2.6827985270910126,False
SPWL,2025-09-05,TRENDING_UP,False,False,,,False
SPWL,2021-01-14,TRENDING_UP,False,False,,,False
SPWL,2021-03-29,VOLATILE,False,False,,,False
SPWL,2026-01-02,TRENDING_UP,False,False,,,False
SPWL,2022-09-05,RANGING,False,False,,,False
SPWL,2023-01-20,TRENDING_DOWN,False,False,,,False
SPWL,2022-07-21,TRENDING_DOWN,False,True,-3.233059701492529,-2.3880597014925287,False
SPWL,2020-04-03,TRENDING_DOWN,False,False,,,False
SPWL,2022-04-18,RANGING,False,True,-1.5546199524940536,-0.7096199524940535,False
SPWL,2023-06-27,RANGING,False,False,,,False
SPWL,2022-09-22,TRENDING_DOWN,False,True,-0.845,0.0,False
SPWL,2020-09-30,RANGING,False,False,,,False
SPWL,2021-06-16,TRENDING_UP,False,True,-1.4694109330820078,-0.6244109330820078,False
SPWL,2025-10-07,TRENDING_UP,False,True,-1.2259523809523727,-0.3809523809523728,False
SPWL,2025-04-08,RANGING,False,False,,,False
SPWL,2025-07-01,TRENDING_UP,False,False,,,False
SPWL,2020-12-01,TRENDING_UP,False,False,,,False
SPWL,2025-01-10,VOLATILE,False,True,0.41760746102449703,1.3363028953229377,True
SPWL,2025-09-12,TRENDING_UP,False,True,-0.6568532455315186,0.1881467544684814,False
SRR,2026-04-03,VOLATILE,False,False,,,False
SRVI,2025-06-27,TRENDING_UP,False,True,4.635251380726482,6.298236918501743,True
SRVI,2024-08-09,RANGING,False,True,2.211188667174822,3.4463984319703793,True
SRVI,2024-09-11,TRENDING_UP,False,True,2.645667399459007,3.9575498817164787,True
SRVI,2024-07-26,RANGING,False,False,,,False
SRVI,2025-09-25,TRENDING_UP,False,False,,,False
SRVI,2024-03-27,TRENDING_UP,False,True,-0.14447460595446582,0.7005253940455342,False
SRVI,2024-04-04,TRENDING_UP,False,False,,,False
SRVI,2024-12-13,TRENDING_UP,False,False,,,False
SRVI,2026-03-16,VOLATILE,False,False,,,False
SRVI,2026-02-20,VOLATILE,False,True,-4.03729316207027,-3.19229316207027,False
SSGC,2022-10-14,RANGING,False,False,,,False
SSGC,2024-07-12,TRENDING_UP,False,False,,,False
SSGC,2020-12-07,TRENDING_UP,False,False,,,False
SSGC,2023-10-18,TRENDING_UP,False,False,,,False
SSGC,2020-06-29,RANGING,False,False,,,False
SSGC,2025-07-10,TRENDING_UP,False,False,,,False
SSGC,2023-05-08,RANGING,False,True,-1.321190476190483,-0.476190476190483,False
SSGC,2022-03-16,TRENDING_DOWN,False,False,,,False
SSGC,2021-03-15,VOLATILE,False,True,-2.0471036814425254,-1.2021036814425254,False
SSGC,2021-09-22,RANGING,False,True,-5.561981132075477,-4.716981132075477,False
SSGC,2023-03-27,TRENDING_DOWN,False,False,,,False
SSGC,2024-05-20,TRENDING_UP,False,False,,,False
SSGC,2025-07-15,TRENDING_UP,False,False,,,False
SSGC,2024-04-08,TRENDING_UP,False,False,,,False
SSGC,2025-04-04,TRENDING_UP,False,True,-4.178333333333334,-3.3333333333333335,False
SSGC,2024-07-08,TRENDING_UP,False,True,-1.6663552361396312,-0.8213552361396311,False
SSGC,2023-07-20,TRENDING_UP,False,True,-1.1581524008350663,-0.3131524008350664,False
SSGC,2025-11-27,TRENDING_UP,False,False,,,False
SSGC,2025-05-06,VOLATILE,False,True,-3.337492492492488,-2.4924924924924876,False
SSGC,2025-07-22,TRENDING_UP,False,False,,,False
SSML,2026-06-08,TRENDING_UP,False,True,-0.845,0.0,False
SSML,2024-07-26,RANGING,False,False,,,False
SSML,2024-05-16,TRENDING_UP,False,False,,,False
SSML,2025-07-09,TRENDING_UP,False,False,,,False
SSML,2024-11-25,TRENDING_UP,False,True,-6.837949471210338,-5.992949471210339,False
SSML,2025-03-07,TRENDING_UP,False,False,,,False
SSML,2024-10-01,TRENDING_UP,False,False,,,False
SSML,2025-10-28,VOLATILE,False,True,28.659875000000007,34.56250000000001,True
SSOM,2025-01-08,TRENDING_UP,False,True,-0.845,0.0,False
SSOM,2024-12-16,TRENDING_UP,False,False,,,False
SSOM,2025-10-15,TRENDING_UP,False,False,,,False
SSOM,2025-07-31,TRENDING_UP,False,True,4.608218010517089,6.266432953549517,True
SSOM,2025-05-20,TRENDING_UP,False,True,0.12033733430080464,0.9865733344715348,True
SSOM,2024-07-10,TRENDING_UP,False,True,-6.28335616438356,-5.43835616438356,False
SSOM,2025-07-22,TRENDING_UP,False,True,-3.251561796899467,-2.406561796899467,False
SSOM,2025-01-29,VOLATILE,False,False,,,False
SSOM,2024-11-28,TRENDING_UP,False,True,-0.845,0.0,False
STCL,2021-12-20,VOLATILE,False,True,-1.5176457399103236,-0.6726457399103235,False
STCL,2021-02-18,RANGING,False,False,,,False
STCL,2024-03-04,TRENDING_UP,False,False,,,False
STCL,2023-08-03,TRENDING_UP,False,False,,,False
STCL,2025-10-08,TRENDING_UP,False,False,,,False
STCL,2025-10-20,TRENDING_UP,False,False,,,False
STCL,2020-01-31,RANGING,False,True,-1.5651646090535007,-0.7201646090535008,False
STCL,2022-10-24,RANGING,False,True,-2.3054150653343544,-1.4604150653343544,False
STCL,2022-11-18,RANGING,False,False,,,False
STCL,2022-01-04,RANGING,False,False,,,False
STCL,2024-05-29,TRENDING_UP,False,True,1.9016130136986367,3.0821917808219252,True
STCL,2025-08-15,TRENDING_UP,False,True,-0.845,0.0,False
STCL,2024-01-22,TRENDING_UP,False,False,,,False
STCL,2020-09-08,TRENDING_UP,False,False,,,False
STCL,2024-01-02,TRENDING_UP,False,False,,,False
STCL,2023-07-21,TRENDING_UP,False,True,-2.6378286852589614,-1.7928286852589614,False
STCL,2021-10-25,VOLATILE,False,True,-1.4402380952380898,-0.5952380952380897,False
STCL,2022-02-09,TRENDING_UP,False,True,-1.3445458673932762,-0.4995458673932762,False
STCL,2021-01-25,TRENDING_UP,False,False,,,False
STCL,2026-05-18,VOLATILE,False,False,,,False
STJT,2025-01-10,VOLATILE,False,False,,,False
STJT,2025-11-25,TRENDING_UP,False,True,-0.845,0.0,False
STJT,2026-03-17,VOLATILE,False,False,,,False
STL,2025-11-28,TRENDING_UP,False,True,1.705938132871496,2.851986038672348,True
STL,2026-06-09,TRENDING_UP,False,False,,,False
STL,2025-01-22,VOLATILE,False,True,-2.4523478760045925,-1.6073478760045925,False
STML,2024-10-17,TRENDING_UP,False,True,-0.845,0.0,False
STML,2023-12-01,TRENDING_UP,False,False,,,False
STML,2022-09-06,RANGING,False,True,-0.845,0.0,False
STML,2022-10-12,RANGING,False,True,24.466935185185182,29.629629629629626,True
STML,2023-01-09,TRENDING_DOWN,False,True,-0.845,0.0,False
STML,2022-06-06,TRENDING_DOWN,False,False,,,False
STML,2021-11-22,RANGING,False,True,4.302116598778001,5.906313645621178,True
STML,2026-06-01,TRENDING_UP,False,True,-2.257429378531066,-1.4124293785310662,False
STML,2025-08-28,TRENDING_UP,False,False,,,False
STPL,2025-11-11,VOLATILE,False,True,-2.3375373134328266,-1.4925373134328264,False
STPL,2024-04-18,TRENDING_UP,False,False,,,False
STPL,2023-02-03,VOLATILE,False,True,0.5136340579710126,1.4492753623188384,True
STPL,2024-01-03,TRENDING_UP,False,True,-0.845,0.0,False
STPL,2025-06-24,TRENDING_UP,False,False,,,False
STPL,2021-07-02,RANGING,False,True,-4.475363036303631,-3.630363036303631,False
STPL,2025-03-04,RANGING,False,False,,,False
STPL,2021-04-16,RANGING,False,True,-0.19564935064935296,0.649350649350647,False
STPL,2024-05-06,TRENDING_UP,False,False,,,False
STPL,2023-10-12,TRENDING_UP,False,False,,,False
STPL,2022-11-17,RANGING,False,True,-1.4540133982947712,-0.6090133982947711,False
STPL,2025-03-07,TRENDING_UP,False,False,,,False
STPL,2026-01-05,TRENDING_UP,False,False,,,False
STPL,2025-07-31,TRENDING_UP,False,True,2.6128310810810818,3.9189189189189193,True
STPL,2023-07-06,TRENDING_UP,False,False,,,False
STPL,2021-06-14,TRENDING_UP,False,False,,,False
STPL,2026-03-13,VOLATILE,False,False,,,False
STPL,2024-06-03,TRENDING_UP,False,False,,,False
STYLERS,2024-04-25,TRENDING_UP,False,False,,,False
STYLERS,2025-12-18,TRENDING_UP,False,True,-4.1042592592592575,-3.2592592592592577,False
STYLERS,2025-08-08,TRENDING_UP,False,True,0.981410067986403,1.9996000799840035,True
STYLERS,2024-03-06,TRENDING_UP,False,True,-1.8251960392078455,-0.9801960392078455,False
STYLERS,2026-03-27,VOLATILE,False,True,-4.629477228992951,-3.784477228992951,False
SUHJ,2021-11-29,RANGING,False,False,,,False
SUHJ,2021-12-01,RANGING,False,False,,,False
SURC,2024-06-12,RANGING,False,False,,,False
SURC,2024-12-24,TRENDING_UP,False,False,,,False
SURC,2024-11-28,TRENDING_UP,False,True,8.800284482758627,11.198275862068973,True
SURC,2022-11-21,RANGING,False,True,5.518997322729856,7.337938026741007,True
SURC,2022-05-13,TRENDING_DOWN,False,False,,,False
SURC,2021-08-09,RANGING,False,True,-0.4102173913043478,0.43478260869565216,False
SURC,2024-06-06,RANGING,False,False,,,False
SURC,2023-11-30,TRENDING_UP,False,True,-0.845,0.0,False
SURC,2024-12-31,TRENDING_UP,False,True,5.2583125,7.03125,True
SURC,2024-05-10,TRENDING_UP,False,False,,,False
SURC,2021-10-18,VOLATILE,False,False,,,False
SURC,2025-11-13,VOLATILE,False,False,,,False
SURC,2026-03-16,VOLATILE,False,True,11.172941709844558,13.989637305699482,True
SUTM,2025-03-18,TRENDING_UP,False,False,,,False
SUTM,2024-07-03,TRENDING_UP,False,False,,,False
SUTM,2024-10-14,TRENDING_UP,False,True,-1.756854103343465,-0.911854103343465,False
SUTM,2024-07-24,TRENDING_UP,False,False,,,False
SUTM,2026-01-21,TRENDING_UP,False,False,,,False
SYM,2024-10-22,TRENDING_UP,False,True,-1.6370792079207928,-0.7920792079207928,False
SYM,2024-08-02,RANGING,False,True,-2.591724890829696,-1.746724890829696,False
SYM,2024-03-28,TRENDING_UP,False,True,-1.9378961748633887,-1.0928961748633887,False
SYM,2025-01-20,TRENDING_UP,False,True,-3.817972972972977,-2.972972972972977,False
SYM,2026-02-04,TRENDING_UP,False,False,,,False
SYM,2025-05-13,VOLATILE,False,False,,,False
SYM,2025-07-30,TRENDING_UP,False,False,,,False
SYS,2021-04-23,RANGING,False,True,-0.40669330985550206,0.4383066901444979,False
SYS,2020-05-08,VOLATILE,False,True,1.610494461240041,2.739699366164754,True
SYS,2023-04-20,RANGING,False,True,-0.6280802603036876,0.21691973969631237,False
SYS,2020-09-02,TRENDING_UP,False,False,,,False
SYS,2024-04-22,TRENDING_UP,False,False,,,False
SYS,2023-10-17,TRENDING_UP,False,False,,,False
SYS,2020-02-21,RANGING,False,True,-5.529931329107757,-4.684931329107758,False
SYS,2022-08-22,RANGING,False,False,,,False
SYS,2023-04-11,TRENDING_DOWN,False,False,,,False
SYS,2020-06-29,RANGING,False,False,,,False
SYS,2023-06-19,RANGING,False,False,,,False
SYS,2022-08-26,RANGING,False,True,1.227466154349248,2.289077828646174,True
SYS,2023-03-22,RANGING,False,False,,,False
SYS,2020-11-30,TRENDING_UP,False,False,,,False
SYS,2025-10-23,TRENDING_UP,False,True,-2.1144382735639478,-1.2694382735639478,False
SYS,2020-01-10,TRENDING_UP,False,False,,,False
SYS,2025-12-31,TRENDING_UP,False,False,,,False
SYS,2025-01-07,TRENDING_UP,False,False,,,False
SYS,2023-11-07,TRENDING_UP,False,True,3.9334507454994334,5.472589112352274,True
SYS,2020-01-07,TRENDING_UP,False,False,,,False
SYS,2024-11-20,TRENDING_UP,False,True,-2.5370313829284514,-1.6920313829284515,False
SYS,2020-11-05,TRENDING_UP,False,True,0.26037913653486033,1.1513283959233651,True
SYS,2024-02-27,VOLATILE,False,True,-1.381323744514868,-0.5363237445148681,False
SZTM,2025-11-24,RANGING,False,True,-4.059285714285709,-3.214285714285709,False
SZTM,2025-05-30,TRENDING_UP,False,False,,,False
TATM,2024-09-23,TRENDING_UP,False,False,,,False
TATM,2024-09-12,TRENDING_UP,False,False,,,False
TATM,2024-09-13,TRENDING_UP,False,True,-7.387056074766355,-6.542056074766355,False
TATM,2024-05-24,TRENDING_UP,False,False,,,False
TATM,2024-10-01,TRENDING_UP,False,False,,,False
TATM,2026-02-27,VOLATILE,False,False,,,False
TATM,2024-10-31,TRENDING_UP,False,True,-0.845,0.0,False
TBL,2025-10-17,TRENDING_UP,False,True,-1.3189336492891035,-0.4739336492891035,False
TBL,2025-12-10,TRENDING_UP,False,False,,,False
TBL,2025-10-06,TRENDING_UP,False,True,-2.6007251908396976,-1.7557251908396978,False
TBL,2025-04-21,TRENDING_UP,False,False,,,False
TBL,2024-10-17,TRENDING_UP,False,False,,,False
TBL,2026-05-11,TRENDING_UP,False,False,,,False
TBL,2024-07-05,TRENDING_UP,False,True,-3.1904157782516025,-2.3454157782516023,False
TCORP,2025-03-13,TRENDING_UP,False,True,-5.64048660084626,-4.79548660084626,False
TCORP,2025-03-07,TRENDING_UP,False,False,,,False
TCORP,2025-10-06,TRENDING_UP,False,False,,,False
TCORP,2025-11-19,VOLATILE,False,False,,,False
TCORP,2025-12-05,TRENDING_UP,False,False,,,False
TCORP,2026-04-29,TRENDING_UP,False,True,-0.845,0.0,False
TCORP,2024-12-20,TRENDING_UP,False,False,,,False
TCORP,2026-04-10,VOLATILE,False,True,-5.4556160402944505,-4.610616040294451,False
TCORP,2024-02-23,VOLATILE,False,True,3.1204596774193516,4.5161290322580605,True
TCORPCPS,2026-06-05,TRENDING_UP,False,True,-4.845,-4.0,False
TCORPCPS,2024-09-13,TRENDING_UP,False,False,,,False
TCORPCPS,2026-01-28,TRENDING_UP,False,False,,,False
TCORPCPS,2025-04-18,TRENDING_UP,False,True,-0.845,0.0,False
TCORPCPS,2026-06-29,TRENDING_UP,False,True,-3.3904545454545394,-2.5454545454545396,False
TCORPCPS,2024-06-27,TRENDING_UP,False,False,,,False
TCORPCPS,2025-06-16,TRENDING_UP,False,True,-0.845,0.0,False
TELE,2025-12-24,TRENDING_UP,False,False,,,False
TELE,2020-08-17,TRENDING_UP,False,True,-3.4765789473684237,-2.6315789473684235,False
TELE,2023-07-25,TRENDING_UP,False,True,-0.845,0.0,False
TELE,2020-09-21,TRENDING_UP,False,False,,,False
TELE,2021-03-30,VOLATILE,True,False,,,False
TELE,2022-01-19,RANGING,False,False,,,False
TELE,2022-11-08,RANGING,False,False,,,False
TELE,2021-08-13,RANGING,False,True,1.3317500000000007,2.4117647058823537,True
TELE,2021-02-25,RANGING,False,False,,,False
TELE,2021-03-04,RANGING,False,False,,,False
TELE,2026-01-28,TRENDING_UP,False,True,-0.415815450643786,0.429184549356214,False
TELE,2026-05-07,TRENDING_UP,False,False,,,False
TELE,2021-08-24,TRENDING_UP,False,False,,,False
TELE,2021-06-28,RANGING,False,False,,,False
TELE,2020-08-24,TRENDING_UP,False,False,,,False
TELE,2026-05-13,TRENDING_UP,False,True,-2.864002375296911,-2.0190023752969113,False
TELE,2025-04-15,TRENDING_UP,False,False,,,False
TELE,2025-07-09,TRENDING_UP,False,True,-2.5358212560386333,-1.690821256038633,False
TELE,2023-08-21,TRENDING_UP,False,True,-1.7576466753585436,-0.9126466753585435,False
TELE,2025-01-28,VOLATILE,False,False,,,False
TGL,2020-03-11,VOLATILE,False,True,-6.702142857142863,-5.857142857142863,False
TGL,2023-01-11,RANGING,False,False,,,False
TGL,2024-10-08,TRENDING_UP,False,False,,,False
TGL,2023-10-25,TRENDING_UP,False,False,,,False
TGL,2023-03-14,RANGING,False,True,10.890855180533753,13.657770800627947,True
TGL,2024-12-12,TRENDING_UP,False,True,10.492316324591405,13.188901558342831,True
TGL,2022-02-24,RANGING,False,False,,,False
TGL,2021-05-03,RANGING,False,False,,,False
TGL,2020-02-20,RANGING,False,True,-1.496982378854621,-0.6519823788546211,False
TGL,2024-08-15,RANGING,False,False,,,False
TGL,2021-03-11,VOLATILE,False,False,,,False
TGL,2021-09-15,RANGING,False,False,,,False
TGL,2025-02-28,TRENDING_UP,False,False,,,False
TGL,2022-02-18,TRENDING_UP,False,False,,,False
TGL,2023-12-07,TRENDING_UP,False,False,,,False
TGL,2025-05-08,VOLATILE,False,True,16.528872955784372,20.290732889158086,True
TGL,2024-10-22,TRENDING_UP,False,True,-1.991006473624357,-1.146006473624357,False
TGL,2024-12-26,TRENDING_UP,False,False,,,False
TGL,2020-01-06,TRENDING_UP,False,False,,,False
TGL,2022-04-05,RANGING,False,False,,,False
TGL,2024-05-13,TRENDING_UP,False,False,,,False
TGL,2024-11-29,TRENDING_UP,False,False,,,False
TGL,2021-01-15,TRENDING_UP,False,False,,,False
TGL,2021-01-22,TRENDING_UP,False,False,,,False
TGL,2025-11-07,VOLATILE,False,False,,,False
TGL,2025-01-20,TRENDING_UP,False,True,-1.0290577658218822,-0.1840577658218823,False
THALL,2025-08-28,TRENDING_UP,False,True,4.466592883548984,6.099815157116451,True
THALL,2021-03-12,VOLATILE,False,False,,,False
THALL,2026-06-10,RANGING,False,False,,,False
THALL,2023-07-19,TRENDING_UP,False,True,-0.845,0.0,False
THALL,2024-12-30,TRENDING_UP,False,False,,,False
THALL,2021-01-27,TRENDING_UP,False,True,-1.7666589861751152,-0.9216589861751152,False
THALL,2024-08-05,RANGING,False,True,-2.195710900473931,-1.3507109004739308,False
THALL,2021-04-09,VOLATILE,False,True,-2.108323122104359,-1.2633231221043593,False
THALL,2023-06-12,RANGING,False,True,1.3265297370175113,2.4056232200206016,True
THALL,2023-10-27,TRENDING_UP,False,False,,,False
THALL,2025-08-04,TRENDING_UP,False,False,,,False
THALL,2024-04-30,TRENDING_UP,False,False,,,False
THALL,2020-09-01,TRENDING_UP,False,False,,,False
THALL,2021-05-18,TRENDING_UP,False,True,-0.8735632676378188,-0.02856326763781885,False
THALL,2025-03-10,TRENDING_UP,False,False,,,False
THALL,2020-10-20,VOLATILE,False,True,-0.6040361445783132,0.24096385542168677,False
THCCL,2021-03-10,VOLATILE,False,True,-1.7540909090909005,-0.9090909090909005,False
THCCL,2022-08-22,RANGING,False,False,,,False
THCCL,2023-07-06,TRENDING_UP,False,True,0.08089529914530794,0.9401709401709505,True
THCCL,2021-01-04,TRENDING_UP,False,True,0.8390019083969595,1.8320610687023053,True
THCCL,2022-10-31,RANGING,False,False,,,False
THCCL,2023-01-10,RANGING,False,False,,,False
THCCL,2023-03-20,RANGING,False,False,,,False
THCCL,2024-08-20,RANGING,False,False,,,False
THCCL,2020-09-25,RANGING,False,True,-6.727352941176473,-5.882352941176474,False
THCCL,2024-03-18,TRENDING_UP,False,True,2.8606973684210564,4.210526315789478,True
THCCL,2021-11-10,TRENDING_UP,False,False,,,False
THCCL,2025-12-23,TRENDING_UP,False,True,-1.436715976331361,-0.591715976331361,False
THCCL,2024-09-09,TRENDING_UP,False,False,,,False
THCCL,2020-12-07,TRENDING_UP,False,True,2.107836956521733,3.3248081841432153,True
THCCL,2025-04-03,TRENDING_UP,False,False,,,False
THCCL,2020-08-07,TRENDING_UP,False,True,-1.2902359750667918,-0.4452359750667917,False
THCCL,2021-03-09,VOLATILE,False,False,,,False
THCCL,2025-05-27,TRENDING_UP,False,False,,,False
TICL,2025-07-14,TRENDING_UP,False,False,,,False
TICL,2025-12-08,TRENDING_UP,False,False,,,False
TICL,2026-02-17,VOLATILE,False,False,,,False
TICL,2026-01-14,TRENDING_UP,False,True,-6.899054054054047,-6.054054054054047,False
TICL,2025-08-13,TRENDING_UP,False,False,,,False
TICL,2024-05-02,TRENDING_UP,False,False,,,False
TICL,2024-05-10,TRENDING_UP,False,True,0.8334427888286791,1.82552092803374,True
TICL,2025-12-17,TRENDING_UP,False,False,,,False
TOMCL,2020-09-11,TRENDING_UP,False,False,,,False
TOMCL,2024-01-25,TRENDING_UP,False,False,,,False
TOMCL,2020-08-18,TRENDING_UP,False,False,,,False
TOMCL,2023-10-26,TRENDING_UP,False,False,,,False
TOMCL,2022-11-24,RANGING,False,False,,,False
TOMCL,2021-08-27,RANGING,False,True,-2.5725913870806156,-1.7275913870806154,False
TOMCL,2022-08-18,RANGING,False,True,1.977785242290758,3.1718061674008915,True
TOMCL,2025-11-24,RANGING,False,False,,,False
TOMCL,2020-11-03,VOLATILE,False,False,,,False
TOMCL,2021-12-22,TRENDING_DOWN,False,False,,,False
TOMCL,2023-09-27,TRENDING_UP,False,False,,,False
TOMCL,2025-09-22,TRENDING_UP,False,False,,,False
TOMCL,2024-04-01,TRENDING_UP,False,False,,,False
TOMCL,2024-12-27,TRENDING_UP,False,False,,,False
TOMCL,2021-02-25,RANGING,False,False,,,False
TOMCL,2025-06-11,TRENDING_UP,False,False,,,False
TOMCL,2020-11-30,TRENDING_UP,False,False,,,False
TOMCL,2025-05-19,TRENDING_UP,False,True,0.4999028662420459,1.4331210191082893,True
TOMCL,2021-04-27,TRENDING_UP,False,False,,,False
TOMCL,2025-10-21,TRENDING_UP,False,False,,,False
TOMCL,2021-12-15,VOLATILE,False,True,1.1307941661173373,2.1753460777851026,True
TOMCL,2021-09-02,RANGING,False,True,-1.6044936708860686,-0.7594936708860687,False
TOWL,2021-10-08,RANGING,False,True,-0.845,0.0,False
TOWL,2020-01-29,RANGING,False,False,,,False
TOWL,2021-06-23,TRENDING_UP,False,False,,,False
TOWL,2024-12-04,TRENDING_UP,False,False,,,False
TOWL,2021-09-17,RANGING,False,False,,,False
TOWL,2021-11-04,RANGING,False,False,,,False
TOWL,2023-08-23,RANGING,False,True,-3.1863431916204625,-2.341343191620463,False
TOWL,2021-02-19,RANGING,False,True,6.651917009837564,8.670784717455957,True
TOWL,2022-01-20,RANGING,False,True,-4.685000000000003,-3.840000000000003,False
TOWL,2021-07-02,RANGING,False,False,,,False
TOWL,2022-07-14,RANGING,False,True,-0.845,0.0,False
TOWL,2023-12-29,TRENDING_UP,False,False,,,False
TOWL,2020-09-02,TRENDING_UP,False,False,,,False
TOWL,2020-06-26,RANGING,False,True,-0.845,0.0,False
TOWL,2025-10-14,TRENDING_UP,False,False,,,False
TOWL,2020-09-15,TRENDING_UP,False,True,7.32229054054054,9.45945945945946,True
TOWL,2025-08-11,TRENDING_UP,False,False,,,False
TOWL,2026-04-03,VOLATILE,False,True,5.611085332333836,7.446276861569219,True
TOWL,2024-07-02,TRENDING_UP,False,False,,,False
TPL,2023-10-10,TRENDING_UP,False,True,-1.6370792079207928,-0.7920792079207928,False
TPL,2025-11-14,VOLATILE,False,False,,,False
TPL,2025-04-08,RANGING,False,True,0.5213333333333384,1.4583333333333393,True
TPL,2020-12-16,TRENDING_UP,False,False,,,False
TPL,2026-05-13,TRENDING_UP,False,False,,,False
TPL,2026-01-27,TRENDING_UP,False,False,,,False
TPL,2021-02-22,RANGING,True,True,-0.845,0.0,False
TPL,2020-08-25,TRENDING_UP,False,False,,,False
TPL,2023-03-13,RANGING,False,False,,,False
TPL,2020-06-29,RANGING,False,True,-2.956324376199622,-2.1113243761996223,False
TPL,2024-10-31,TRENDING_UP,False,True,-1.5592857142857202,-0.7142857142857202,False
TPL,2020-09-02,TRENDING_UP,False,False,,,False
TPL,2025-03-12,TRENDING_UP,False,True,0.7817500000000126,1.764705882352956,True
TPL,2021-11-11,TRENDING_UP,False,True,-7.912137809187272,-7.0671378091872725,False
TPL,2020-11-10,TRENDING_UP,False,True,-3.3660084033613407,-2.521008403361341,False
TPL,2020-09-03,TRENDING_UP,False,True,-1.8565606936416226,-1.0115606936416226,False
TPL,2021-04-28,TRENDING_UP,False,True,-0.9962859304084821,-0.1512859304084822,False
TPL,2024-01-11,VOLATILE,False,False,,,False
TPL,2020-09-14,TRENDING_UP,False,False,,,False
TPLI,2023-08-30,RANGING,False,True,-0.845,0.0,False
TPLI,2025-02-07,VOLATILE,False,True,4.436005319148938,6.063829787234045,True
TPLI,2021-10-01,RANGING,False,True,-0.9618944001263664,-0.11689440012636647,False
TPLI,2025-06-23,RANGING,False,False,,,False
TPLI,2023-03-17,RANGING,False,True,-1.144102691924221,-0.29910269192422095,False
TPLI,2022-09-30,TRENDING_DOWN,False,True,-0.845,0.0,False
TPLI,2022-03-04,TRENDING_DOWN,False,False,,,False
TPLI,2023-05-12,RANGING,False,False,,,False
TPLI,2022-11-15,RANGING,False,True,-4.244433427762028,-3.399433427762028,False
TPLI,2025-06-20,RANGING,False,True,-4.733888888888885,-3.888888888888885,False
TPLI,2022-09-05,RANGING,False,True,-5.4217731878410005,-4.576773187841001,False
TPLI,2025-05-15,TRENDING_UP,False,False,,,False
TPLI,2024-03-25,TRENDING_UP,False,False,,,False
TPLI,2020-09-04,TRENDING_UP,False,False,,,False
TPLI,2021-08-24,TRENDING_UP,False,True,7.371708836316545,9.517598630960642,True
TPLI,2025-12-04,TRENDING_UP,True,False,,,False
TPLI,2025-07-14,TRENDING_UP,False,False,,,False
TPLL,2025-09-10,TRENDING_UP,False,True,-0.845,0.0,False
TPLL,2026-01-05,TRENDING_UP,False,False,,,False
TPLP,2020-02-14,VOLATILE,False,False,,,False
TPLP,2020-06-02,RANGING,False,True,4.972126569037647,6.694560669456054,True
TPLP,2022-08-16,RANGING,False,False,,,False
TPLP,2024-12-05,TRENDING_UP,False,False,,,False
TPLP,2026-01-21,TRENDING_UP,False,True,-1.2515040650406561,-0.40650406504065617,False
TPLP,2025-07-07,TRENDING_UP,False,False,,,False
TPLP,2023-07-26,TRENDING_UP,False,False,,,False
TPLP,2023-06-26,RANGING,False,True,7.640083333333331,9.833333333333332,True
TPLP,2022-08-03,RANGING,False,False,,,False
TPLP,2023-01-09,TRENDING_DOWN,False,False,,,False
TPLP,2021-04-19,RANGING,False,False,,,False
TPLP,2020-02-21,RANGING,False,False,,,False
TPLP,2020-08-28,TRENDING_UP,False,True,-5.453294930875576,-4.6082949308755765,False
TPLP,2026-06-30,TRENDING_UP,False,True,18.37653672985781,22.46445497630331,True
TPLP,2020-09-18,TRENDING_UP,False,False,,,False
TPLP,2026-01-23,TRENDING_UP,False,True,-2.4776530612244843,-1.632653061224484,False
TPLP,2025-05-29,TRENDING_UP,False,True,-1.2755705059203353,-0.4305705059203353,False
TPLP,2021-01-12,TRENDING_UP,False,False,,,False
TPLP,2025-10-15,TRENDING_UP,False,False,,,False
TPLP,2020-05-11,VOLATILE,False,True,4.707281914893613,6.382978723404251,True
TPLP,2021-01-08,TRENDING_UP,False,True,-0.512405764966728,0.33259423503327207,False
TPLRF1,2025-07-23,TRENDING_UP,False,True,-3.921923076923079,-3.0769230769230793,False
TPLRF1,2024-12-04,TRENDING_UP,False,False,,,False
TPLRF1,2024-12-05,TRENDING_UP,False,False,,,False
TPLRF1,2024-10-16,TRENDING_UP,False,False,,,False
TPLT,2024-11-25,TRENDING_UP,False,True,-2.3784063526834673,-1.5334063526834671,False
TPLT,2020-09-02,TRENDING_UP,False,False,,,False
TPLT,2022-05-16,TRENDING_DOWN,False,True,-8.794790794979074,-7.949790794979074,False
TPLT,2022-07-27,TRENDING_DOWN,False,True,-0.845,0.0,False
TPLT,2022-07-05,TRENDING_DOWN,False,False,,,False
TPLT,2023-03-20,RANGING,False,True,3.5466274795799273,5.017502917152855,True
TPLT,2022-02-09,TRENDING_UP,False,False,,,False
TPLT,2023-01-10,RANGING,False,True,4.942520031217487,6.659729448491161,True
TPLT,2025-07-07,TRENDING_UP,False,True,13.945492690058478,17.25146198830409,True
TPLT,2024-03-14,TRENDING_UP,False,True,-1.3343964110929893,-0.48939641109298937,False
TPLT,2023-08-03,TRENDING_UP,False,True,-0.845,0.0,False
TPLT,2024-10-09,TRENDING_UP,False,True,-0.845,0.0,False
TPLT,2025-02-04,VOLATILE,False,False,,,False
TREET,2020-04-10,VOLATILE,False,True,-5.797978056426326,-4.952978056426327,False
TREET,2022-09-13,RANGING,False,True,0.12091083916084615,0.9872480460715837,True
TREET,2020-05-12,VOLATILE,False,False,,,False
TREET,2024-10-08,TRENDING_UP,False,False,,,False
TREET,2024-08-09,RANGING,False,True,-1.4422130059721292,-0.5972130059721291,False
TREET,2024-01-11,VOLATILE,False,False,,,False
TREET,2023-05-15,RANGING,False,False,,,False
TREET,2021-09-23,RANGING,False,True,-6.740303326810184,-5.895303326810184,False
TREET,2024-08-05,RANGING,False,False,,,False
TREET,2025-08-27,TRENDING_UP,False,True,3.9259685514612426,5.463786531130873,True
TREET,2026-01-06,TRENDING_UP,False,True,2.9322202194357487,4.2946708463949985,True
TREET,2025-06-17,TRENDING_UP,False,True,-5.727629107981216,-4.8826291079812165,False
TREET,2022-11-25,RANGING,False,True,-1.6631818181818168,-0.8181818181818169,False
TREET,2024-08-23,TRENDING_UP,False,False,,,False
TREET,2026-01-16,TRENDING_UP,False,False,,,False
TREET,2025-10-01,TRENDING_UP,False,True,-6.984755766621434,-6.139755766621434,False
TREET,2021-12-24,VOLATILE,False,False,,,False
TREET,2020-09-24,TRENDING_UP,False,False,,,False
TRG,2020-01-07,TRENDING_UP,False,True,0.8558240740740739,1.8518518518518516,True
TRG,2020-11-18,VOLATILE,False,False,,,False
TRG,2020-06-19,RANGING,True,True,6.014423267326733,7.920792079207921,True
TRG,2021-08-24,TRENDING_UP,False,True,-1.9176325467361324,-1.0726325467361324,False
TRG,2020-04-21,VOLATILE,False,True,0.3183353658536732,1.2195121951219685,True
TRG,2025-04-09,RANGING,False,False,,,False
TRG,2020-07-17,RANGING,False,False,,,False
TRG,2025-01-28,VOLATILE,False,False,,,False
TRG,2021-11-29,RANGING,False,False,,,False
TRG,2020-10-13,VOLATILE,False,False,,,False
TRG,2023-03-13,RANGING,False,True,-1.470558534405722,-0.6255585344057218,False
TRG,2025-03-03,RANGING,False,True,-2.0016592957986044,-1.1566592957986046,False
TRG,2026-02-06,VOLATILE,False,False,,,False
TRG,2026-06-16,TRENDING_UP,False,False,,,False
TRG,2024-11-01,TRENDING_UP,False,False,,,False
TRG,2025-04-25,VOLATILE,False,False,,,False
TRG,2021-02-04,TRENDING_UP,False,False,,,False
TRG,2025-10-08,TRENDING_UP,False,True,5.413892857142854,7.214285714285711,True
TRG,2025-06-27,TRENDING_UP,False,False,,,False
TRG,2023-07-25,TRENDING_UP,False,False,,,False
TRG,2023-12-04,TRENDING_UP,False,False,,,False
TRG,2025-01-14,VOLATILE,False,False,,,False
TRG,2020-02-18,VOLATILE,False,False,,,False
TRG,2025-09-01,TRENDING_UP,False,False,,,False
TRIPF,2023-08-16,TRENDING_UP,False,True,-4.548703703703703,-3.7037037037037033,False
TRIPF,2020-03-19,VOLATILE,False,False,,,False
TRIPF,2021-04-07,VOLATILE,False,False,,,False
TRIPF,2023-09-07,RANGING,False,False,,,False
TRIPF,2023-08-08,TRENDING_UP,False,True,-0.845,0.0,False
TRIPF,2024-09-25,TRENDING_UP,False,True,-1.6670157255182287,-0.8220157255182289,False
TRIPF,2023-06-19,RANGING,False,True,-0.845,0.0,False
TRIPF,2020-05-21,RANGING,False,False,,,False
TRIPF,2023-05-03,RANGING,False,True,0.6126852517985572,1.5658061785865378,True
TRIPF,2021-03-18,VOLATILE,False,False,,,False
TRIPF,2022-12-12,TRENDING_DOWN,False,False,,,False
TRIPF,2021-04-16,RANGING,False,False,,,False
TRIPF,2021-01-12,TRENDING_UP,False,False,,,False
TRIPF,2025-08-08,TRENDING_UP,False,True,-0.845,0.0,False
TRIPF,2025-08-28,TRENDING_UP,False,False,,,False
TRIPF,2026-06-22,TRENDING_UP,False,False,,,False
TRIPF,2025-03-18,TRENDING_UP,False,True,0.23759905660377942,1.1245283018867993,True
TRIPF,2024-05-29,TRENDING_UP,False,True,0.1347201639638059,1.003494310545654,True
TRIPF,2021-05-31,TRENDING_UP,False,True,-0.9836962552011095,-0.13869625520110956,False
TRIPF,2021-03-22,VOLATILE,False,False,,,False
TRIPF,2025-01-16,TRENDING_UP,False,False,,,False
TRSM,2025-05-05,VOLATILE,False,False,,,False
TRSM,2025-03-21,TRENDING_UP,False,False,,,False
TRSM,2024-07-22,RANGING,False,False,,,False
TRSM,2025-02-20,TRENDING_UP,False,True,-5.094999999999998,-4.249999999999998,False
TRSM,2024-10-07,TRENDING_UP,True,True,-1.8475062656641612,-1.0025062656641612,False
TRSM,2024-02-20,VOLATILE,False,False,,,False
TSBL,2024-09-26,TRENDING_UP,False,False,,,False
TSBL,2024-08-19,RANGING,False,True,16.111750000000004,19.800000000000004,True
TSBL,2025-05-15,TRENDING_UP,False,False,,,False
TSBL,2025-04-11,VOLATILE,False,True,8.069760425716764,10.338835794960898,True
TSBL,2025-08-11,TRENDING_UP,False,False,,,False
TSBL,2025-05-12,VOLATILE,False,False,,,False
TSBL,2025-01-10,VOLATILE,False,True,-0.845,0.0,False
TSMF,2024-07-04,TRENDING_UP,False,False,,,False
TSMF,2025-04-14,TRENDING_UP,False,False,,,False
TSMF,2026-06-17,TRENDING_UP,False,True,-3.4253054239073117,-2.580305423907312,False
TSMF,2025-05-08,VOLATILE,False,False,,,False
TSMF,2024-11-14,TRENDING_UP,False,True,-0.845,0.0,False
TSMF,2024-10-23,TRENDING_UP,False,False,,,False
TSMF,2024-12-24,TRENDING_UP,False,True,-0.19983870967742157,0.6451612903225784,False
TSMF,2025-10-02,TRENDING_UP,False,False,,,False
TSMF,2025-10-29,VOLATILE,False,False,,,False
TSML,2025-10-02,TRENDING_UP,False,True,-1.3189336492890995,-0.47393364928909953,False
TSML,2026-04-22,TRENDING_UP,False,False,,,False
TSML,2026-06-05,TRENDING_UP,False,False,,,False
TSML,2025-08-19,TRENDING_UP,False,False,,,False
TSML,2025-11-10,TRENDING_UP,False,True,-0.845,0.0,False
TSML,2026-05-06,VOLATILE,False,True,12.89286111111111,16.013071895424837,True
TSML,2025-12-22,TRENDING_UP,False,True,1.1097069892473121,2.1505376344086025,True
TSML,2025-10-30,VOLATILE,False,True,10.471674956091324,13.164617595401559,True
TSPL,2021-01-04,TRENDING_UP,False,False,,,False
TSPL,2021-12-14,TRENDING_DOWN,False,False,,,False
TSPL,2024-02-02,RANGING,False,True,4.353766460905351,5.967078189300413,True
TSPL,2024-09-25,TRENDING_UP,False,True,-5.109705882352942,-4.264705882352942,False
TSPL,2023-08-17,TRENDING_UP,False,False,,,False
TSPL,2023-11-17,TRENDING_UP,False,True,-2.2964896867838007,-1.4514896867838005,False
TSPL,2022-03-21,TRENDING_DOWN,False,False,,,False
TSPL,2023-06-09,RANGING,False,True,-3.2604589371980675,-2.4154589371980677,False
TSPL,2022-10-28,RANGING,False,False,,,False
TSPL,2023-03-27,TRENDING_DOWN,False,False,,,False
TSPL,2023-08-25,TRENDING_UP,False,True,-1.0548635886673616,-0.20986358866736174,False
TSPL,2024-05-21,TRENDING_UP,False,False,,,False
TSPL,2020-12-23,TRENDING_UP,False,False,,,False
TSPL,2026-06-01,TRENDING_UP,False,False,,,False
TSPL,2022-08-03,RANGING,False,False,,,False
TSPL,2024-09-23,TRENDING_UP,False,True,-1.1649999999999932,-0.3199999999999932,False
TSPL,2024-03-14,TRENDING_UP,False,True,6.13192026106696,8.059023836549365,True
TSPL,2023-07-24,TRENDING_UP,False,False,,,False
TSPL,2026-02-02,TRENDING_UP,False,False,,,False
UBDL,2024-08-30,TRENDING_UP,False,False,,,False
UBDL,2022-07-27,TRENDING_DOWN,False,True,5.802297945205486,7.671232876712336,True
UBDL,2020-05-29,RANGING,False,False,,,False
UBDL,2023-08-15,TRENDING_UP,False,True,-0.9449000999000977,-0.09990009990009778,False
UBDL,2025-09-02,TRENDING_UP,False,True,-3.6160843373493883,-2.7710843373493885,False
UBDL,2020-11-11,TRENDING_UP,False,False,,,False
UBDL,2020-07-06,RANGING,False,True,2.2355392791127473,3.475046210720879,True
UBDL,2023-06-16,RANGING,False,True,6.776905038759692,8.817829457364343,True
UBDL,2022-03-03,TRENDING_DOWN,False,False,,,False
UBDL,2023-08-11,TRENDING_UP,False,True,-1.0446007984031893,-0.19960079840318934,False
UBDL,2024-11-05,TRENDING_UP,False,True,-0.4903900709219807,0.35460992907801925,False
UBDL,2021-06-08,TRENDING_UP,False,True,-0.845,0.0,False
UBDL,2020-08-21,TRENDING_UP,False,True,-0.845,0.0,False
UBDL,2020-01-03,TRENDING_UP,False,True,-1.252747196738032,-0.40774719673803184,False
UBDL,2020-10-27,TRENDING_UP,False,True,-4.178333333333334,-3.3333333333333335,False
UBDL,2021-02-09,TRENDING_UP,False,True,-0.6027225923682669,0.24227740763173317,False
UBDL,2025-11-03,VOLATILE,False,True,-3.1975018670649833,-2.352501867064983,False
UBL,2021-09-09,RANGING,False,False,,,False
UBL,2020-09-07,TRENDING_UP,False,False,,,False
UBL,2020-01-14,TRENDING_UP,False,False,,,False
UBL,2023-02-13,VOLATILE,False,False,,,False
UBL,2023-08-30,RANGING,False,False,,,False
UBL,2021-10-06,RANGING,False,False,,,False
UBL,2020-06-19,RANGING,False,False,,,False
UBL,2021-07-13,RANGING,False,False,,,False
UBL,2022-04-28,RANGING,False,False,,,False
UBL,2021-04-26,TRENDING_UP,False,True,-0.2735850488229259,0.5714149511770741,False
UBL,2026-06-17,TRENDING_UP,False,False,,,False
UBL,2025-07-07,TRENDING_UP,False,True,7.9499387366818866,10.197869101978691,True
UBL,2023-10-26,TRENDING_UP,False,False,,,False
UBL,2026-04-24,TRENDING_UP,False,False,,,False
UBL,2023-10-06,TRENDING_UP,False,False,,,False
UBL,2020-12-31,TRENDING_UP,False,False,,,False
UBL,2026-01-26,TRENDING_UP,False,False,,,False
UBL,2026-05-11,TRENDING_UP,False,False,,,False
UBL,2021-03-24,VOLATILE,False,False,,,False
UBL,2024-10-21,TRENDING_UP,False,False,,,False
UBLPETF,2024-08-29,TRENDING_UP,False,False,,,False
UBLPETF,2025-08-22,TRENDING_UP,False,True,-1.5842075694855113,-0.7392075694855115,False
UBLPETF,2025-09-16,TRENDING_UP,False,False,,,False
UBLPETF,2025-09-25,TRENDING_UP,False,False,,,False
UBLPETF,2025-07-15,TRENDING_UP,False,False,,,False
UBLPETF,2025-09-23,TRENDING_UP,False,False,,,False
UBLPETF,2025-07-08,TRENDING_UP,False,True,2.163599315068499,3.3904109589041163,True
UBLPETF,2026-04-02,VOLATILE,False,True,14.546640751272077,17.95869500149656,True
UCAPM,2024-07-09,TRENDING_UP,False,False,,,False
UCAPM,2025-03-19,TRENDING_UP,False,False,,,False
UCAPM,2024-12-31,TRENDING_UP,False,False,,,False
UCAPM,2025-05-19,TRENDING_UP,False,True,6.057112318840587,7.971014492753631,True
UCAPM,2024-06-03,TRENDING_UP,False,False,,,False
UCAPM,2024-11-06,TRENDING_UP,False,False,,,False
UCAPM,2026-06-09,TRENDING_UP,False,False,,,False
UCAPM,2024-05-09,TRENDING_UP,False,False,,,False
UCAPM,2025-07-29,TRENDING_UP,False,True,-5.689961240310077,-4.844961240310077,False
UCAPM,2025-08-15,TRENDING_UP,False,True,-2.719999999999997,-1.8749999999999971,False
UDLI,2025-06-13,TRENDING_UP,False,True,2.7792562344139666,4.1147132169576075,True
UDLI,2024-07-23,RANGING,False,True,-1.8576582278481022,-1.0126582278481022,False
UDLI,2024-08-30,TRENDING_UP,False,False,,,False
UDLI,2024-12-20,TRENDING_UP,False,False,,,False
UDLI,2024-10-04,TRENDING_UP,False,True,6.025936046511629,7.934336525307799,True
UDLI,2024-10-01,TRENDING_UP,False,True,-0.845,0.0,False
UDLI,2024-10-30,TRENDING_UP,False,False,,,False
UDPL,2020-07-23,RANGING,False,True,-5.821311887454343,-4.976311887454343,False
UDPL,2024-06-06,RANGING,False,True,3.726092184841119,5.228637864518963,True
UDPL,2025-05-27,TRENDING_UP,False,True,-0.33495189453483,0.51004810546517,False
UDPL,2020-01-22,TRENDING_UP,False,False,,,False
UDPL,2025-05-20,TRENDING_UP,False,True,-3.0513012732353335,-2.2063012732353338,False
UDPL,2020-07-06,RANGING,False,False,,,False
UDPL,2024-10-01,TRENDING_UP,False,True,2.402119199225126,3.671022587323678,True
UDPL,2020-01-28,TRENDING_UP,False,True,0.5504216536236491,1.4925548866160578,True
UDPL,2020-09-17,TRENDING_UP,False,True,0.11095878993376782,0.9755397528632562,True
UDPL,2020-12-23,TRENDING_UP,False,True,-0.845,0.0,False
UDPL,2024-10-10,TRENDING_UP,False,False,,,False
UDPL,2024-10-30,TRENDING_UP,False,True,-0.845,0.0,False
UDPL,2024-06-03,TRENDING_UP,False,False,,,False
UNIC,2022-11-11,RANGING,False,True,-2.160789473684206,-1.315789473684206,False
UNIC,2025-05-30,TRENDING_UP,False,False,,,False
UNIC,2023-05-04,RANGING,False,True,1.901303666312426,3.081827842720501,True
UNIC,2022-10-13,RANGING,False,True,-1.114905533063434,-0.269905533063434,False
UNIC,2022-07-18,TRENDING_DOWN,False,True,6.063664893617018,7.978723404255315,True
UNIC,2022-06-14,TRENDING_DOWN,False,False,,,False
UNIC,2021-07-23,RANGING,False,True,-0.9781557922769613,-0.13315579227696123,False
UNIC,2022-04-28,RANGING,False,False,,,False
UNIC,2020-02-19,VOLATILE,False,True,-4.174752953813109,-3.3297529538131094,False
UNIC,2026-06-03,TRENDING_UP,False,False,,,False
UNIC,2023-12-18,TRENDING_UP,False,False,,,False
UNIC,2023-05-22,RANGING,False,False,,,False
UNIC,2026-05-11,TRENDING_UP,False,True,-2.8449999999999998,-2.0,False
UNIC,2024-07-04,TRENDING_UP,False,True,-0.30860153256706124,0.5363984674329387,False
UNITY,2025-10-21,TRENDING_UP,False,False,,,False
UNITY,2023-02-20,VOLATILE,False,False,,,False
UNITY,2021-01-11,TRENDING_UP,False,False,,,False
UNITY,2020-02-26,VOLATILE,False,True,3.853719696969703,5.378787878787886,True
UNITY,2020-09-30,RANGING,False,True,-5.6184138972809725,-4.773413897280973,False
UNITY,2026-04-07,VOLATILE,False,False,,,False
UNITY,2022-04-19,RANGING,False,False,,,False
UNITY,2021-09-23,RANGING,False,False,,,False
UNITY,2022-03-28,RANGING,False,False,,,False
UNITY,2023-08-02,TRENDING_UP,False,False,,,False
UNITY,2025-11-26,TRENDING_UP,False,False,,,False
UNITY,2026-07-09,TRENDING_UP,False,False,,,False
UNITY,2020-11-05,TRENDING_UP,False,True,0.37852419354838973,1.2903225806451644,True
UNITY,2025-06-02,TRENDING_UP,False,True,5.197749999999995,6.959999999999994,True
UNITY,2023-11-21,TRENDING_UP,False,True,-0.2713862332695902,0.5736137667304098,False
UNITY,2020-08-19,TRENDING_UP,False,False,,,False
UNITY,2026-03-30,VOLATILE,False,False,,,False
UPFL,2021-01-01,TRENDING_UP,False,True,0.47056118881118875,1.3986013986013985,True
UPFL,2021-03-22,VOLATILE,False,True,-0.845,0.0,False
UPFL,2020-08-20,TRENDING_UP,False,True,-0.845,0.0,False
UPFL,2022-08-17,RANGING,False,True,-0.845,0.0,False
UPFL,2023-03-22,RANGING,False,False,,,False
UPFL,2021-11-18,RANGING,False,False,,,False
UPFL,2020-06-10,RANGING,False,False,,,False
UPFL,2020-07-15,RANGING,False,False,,,False
UPFL,2026-04-17,VOLATILE,False,False,,,False
UPFL,2025-10-08,TRENDING_UP,False,False,,,False
UVIC,2026-04-21,VOLATILE,False,True,-3.294999999999992,-2.449999999999992,False
UVIC,2024-11-27,TRENDING_UP,False,True,1.2078583743842397,2.2660098522167527,True
UVIC,2024-12-12,TRENDING_UP,False,True,-0.845,0.0,False
UVIC,2025-09-15,TRENDING_UP,False,False,,,False
UVIC,2022-11-22,RANGING,False,False,,,False
UVIC,2022-02-08,RANGING,False,True,33.10828061224488,39.79591836734692,True
UVIC,2023-12-11,TRENDING_UP,False,True,9.48175,12.0,True
UVIC,2024-10-23,TRENDING_UP,False,False,,,False
UVIC,2021-02-25,RANGING,False,False,,,False
UVIC,2023-07-26,TRENDING_UP,False,False,,,False
UVIC,2026-02-25,VOLATILE,False,True,-6.029174624829454,-5.1841746248294545,False
UVIC,2025-12-19,TRENDING_UP,False,False,,,False
UVIC,2021-02-09,TRENDING_UP,False,True,0.64782142857144,1.6071428571428705,True
WAFI,2025-04-15,TRENDING_UP,False,False,,,False
WAFI,2025-04-10,TRENDING_UP,False,True,-0.8613907556138344,-0.01639075561383442,False
WAFI,2026-04-06,VOLATILE,False,True,9.331463084483836,11.823191864098632,True
WAHN,2021-12-02,VOLATILE,False,True,-3.019007565546328,-2.174007565546328,False
WAHN,2021-11-29,RANGING,False,True,-1.0832978723404265,-0.2382978723404265,False
WAHN,2020-02-18,VOLATILE,False,False,,,False
WAHN,2026-06-12,TRENDING_UP,False,False,,,False
WAHN,2024-06-20,TRENDING_UP,False,False,,,False
WAHN,2023-09-14,RANGING,False,False,,,False
WAHN,2023-05-19,RANGING,False,True,-0.845,0.0,False
WAHN,2021-02-23,RANGING,False,True,-1.54304098176087,-0.6980409817608698,False
WAHN,2025-09-10,TRENDING_UP,False,True,-0.10425925925925916,0.7407407407407408,False
WAHN,2024-11-05,TRENDING_UP,False,False,,,False
WAHN,2025-05-06,VOLATILE,False,True,-1.762810105089257,-0.9178101050892571,False
WAHN,2021-11-11,TRENDING_UP,False,True,4.874749999999996,6.579999999999996,True
WAHN,2025-10-20,TRENDING_UP,False,False,,,False
WAHN,2024-08-28,RANGING,False,False,,,False
WAHN,2024-05-14,TRENDING_UP,False,False,,,False
WAHN,2020-12-22,TRENDING_UP,False,True,-1.6714121317300938,-0.8264121317300939,False
WAHN,2025-10-21,TRENDING_UP,False,True,-2.595,-1.7500000000000002,False
WAHN,2025-12-22,TRENDING_UP,False,True,-1.1444011976047905,-0.29940119760479045,False
WASL,2025-12-11,TRENDING_UP,False,False,,,False
WASL,2025-12-29,TRENDING_UP,False,False,,,False
WAVES,2020-11-03,VOLATILE,False,False,,,False
WAVES,2020-06-19,RANGING,False,True,5.384314102564096,7.179487179487172,True
WAVES,2026-02-02,TRENDING_UP,False,False,,,False
WAVES,2024-05-27,TRENDING_UP,False,True,-3.6582992327365806,-2.813299232736581,False
WAVES,2021-03-10,VOLATILE,False,True,-7.478348477964565,-6.6333484779645655,False
WAVES,2025-03-18,TRENDING_UP,False,False,,,False
WAVES,2020-05-19,RANGING,False,False,,,False
WAVES,2020-06-29,RANGING,False,True,-2.7046001859600284,-1.8596001859600284,False
WAVES,2021-07-30,RANGING,False,True,4.700076693227085,6.374501992031864,True
WAVES,2024-04-24,TRENDING_UP,False,False,,,False
WAVES,2021-11-29,RANGING,False,False,,,False
WAVES,2021-05-17,TRENDING_UP,False,False,,,False
WAVES,2023-11-21,TRENDING_UP,False,False,,,False
WAVES,2023-10-31,TRENDING_UP,False,False,,,False
WAVES,2024-07-19,TRENDING_UP,False,True,-4.366126760563381,-3.5211267605633805,False
WAVES,2024-09-30,TRENDING_UP,False,False,,,False
WAVES,2025-12-02,TRENDING_UP,False,False,,,False
WAVES,2026-02-11,VOLATILE,False,False,,,False
WAVES,2023-08-16,TRENDING_UP,False,False,,,False
WAVESAPP,2026-01-27,TRENDING_UP,False,False,,,False
WAVESAPP,2025-04-22,TRENDING_UP,False,False,,,False
WAVESAPP,2024-07-05,TRENDING_UP,False,True,0.8967499999999957,1.899999999999995,True
WAVESAPP,2025-04-25,VOLATILE,False,False,,,False
WAVESAPP,2025-09-25,TRENDING_UP,False,False,,,False
WAVESAPP,2026-03-30,VOLATILE,False,False,,,False
WAVESAPP,2024-12-06,TRENDING_UP,False,False,,,False
WAVESAPP,2024-02-21,VOLATILE,False,True,1.0291802496329,2.0558002936857647,True
WAVESAPP,2024-07-08,TRENDING_UP,False,False,,,False
WHALE,2020-03-13,VOLATILE,False,True,-4.499485049833883,-3.654485049833883,False
WHALE,2022-11-15,RANGING,False,False,,,False
WHALE,2021-05-28,TRENDING_UP,False,False,,,False
WHALE,2021-03-25,TRENDING_UP,False,True,-8.844999999999994,-7.999999999999993,False
WHALE,2023-07-21,TRENDING_UP,False,True,-4.008444639718816,-3.1634446397188154,False
WHALE,2023-10-20,TRENDING_UP,False,False,,,False
WHALE,2023-10-09,TRENDING_UP,False,False,,,False
WHALE,2020-08-24,TRENDING_UP,False,False,,,False
WHALE,2022-08-30,RANGING,False,False,,,False
WHALE,2023-02-08,VOLATILE,False,False,,,False
WHALE,2023-02-27,RANGING,False,False,,,False
WHALE,2020-12-24,TRENDING_UP,False,False,,,False
WHALE,2021-01-26,TRENDING_UP,False,True,17.496035714285714,21.428571428571427,True
WHALE,2023-11-10,TRENDING_UP,False,False,,,False
WTL,2020-02-28,VOLATILE,False,True,-2.950263157894727,-2.105263157894727,False
WTL,2022-08-16,RANGING,False,True,8.435596153846147,10.769230769230761,True
WTL,2020-12-11,TRENDING_UP,False,False,,,False
WTL,2025-12-17,TRENDING_UP,False,False,,,False
WTL,2020-08-07,TRENDING_UP,False,False,,,False
WTL,2020-02-25,VOLATILE,False,True,-3.1705813953488393,-2.325581395348839,False
WTL,2021-10-01,RANGING,False,True,0.19901618705036742,1.079136690647491,True
WTL,2021-06-28,RANGING,False,False,,,False
WTL,2022-05-10,RANGING,False,True,-8.844999999999999,-7.999999999999999,False
WTL,2022-04-04,TRENDING_DOWN,False,True,0.32469478527607476,1.2269938650306762,True
WTL,2021-10-13,VOLATILE,False,False,,,False
WTL,2024-10-02,TRENDING_UP,False,False,,,False
WTL,2024-09-27,TRENDING_UP,False,False,,,False
WTL,2026-01-26,TRENDING_UP,False,False,,,False
WTL,2024-05-24,TRENDING_UP,False,False,,,False
WTL,2024-10-02,TRENDING_UP,False,False,,,False
WTL,2025-03-06,TRENDING_UP,False,False,,,False
WTL,2021-02-08,TRENDING_UP,False,False,,,False
WTL,2025-01-23,TRENDING_UP,False,False,,,False
WTL,2026-03-04,VOLATILE,False,False,,,False
WYETH,2020-05-04,VOLATILE,False,False,,,False
WYETH,2020-03-19,VOLATILE,False,True,-0.845,0.0,False
WYETH,2021-04-13,RANGING,False,False,,,False
WYETH,2020-09-01,TRENDING_UP,False,False,,,False
WYETH,2021-08-26,RANGING,False,False,,,False
WYETH,2021-06-23,TRENDING_UP,False,False,,,False
YOUW,2025-06-24,TRENDING_UP,False,False,,,False
YOUW,2024-02-15,VOLATILE,False,False,,,False
YOUW,2024-07-26,RANGING,False,False,,,False
YOUW,2025-08-20,TRENDING_UP,False,True,3.909699183303083,5.444646098003627,True
YOUW,2024-07-29,RANGING,False,True,-2.7742604501607735,-1.9292604501607735,False
YOUW,2025-06-11,TRENDING_UP,False,False,,,False
YOUW,2025-08-22,TRENDING_UP,False,False,,,False
YOUW,2024-10-24,TRENDING_UP,False,False,,,False
YOUW,2025-07-24,TRENDING_UP,False,False,,,False
YOUW,2025-05-08,VOLATILE,False,True,12.101422131147539,15.081967213114753,True
ZAHID,2021-02-09,TRENDING_UP,False,False,,,False
ZAHID,2023-01-27,VOLATILE,False,False,,,False
ZAHID,2024-02-19,VOLATILE,False,True,-0.845,0.0,False
ZAHID,2020-01-29,RANGING,False,True,0.14033585858585565,1.0101010101010066,True
ZAHID,2024-07-30,RANGING,False,True,-0.845,0.0,False
ZAHID,2022-06-14,TRENDING_DOWN,False,True,-0.845,0.0,False
ZAHID,2020-05-29,RANGING,False,False,,,False
ZAHID,2024-06-06,RANGING,False,True,-0.845,0.0,False
ZAHID,2023-09-26,RANGING,False,False,,,False
ZAHID,2020-02-03,RANGING,False,True,-0.845,0.0,False
ZAHID,2020-10-13,VOLATILE,False,False,,,False
ZAHID,2024-06-20,TRENDING_UP,False,True,9.016569369715604,11.452728670253654,True
ZAHID,2024-12-13,TRENDING_UP,False,False,,,False
ZAHID,2025-09-03,TRENDING_UP,False,False,,,False
ZAHID,2024-02-13,VOLATILE,False,True,-0.845,0.0,False
ZAHID,2025-05-29,TRENDING_UP,False,True,2.2688759568545627,3.5142658315936033,True
ZAL,2025-03-07,TRENDING_UP,False,False,,,False
ZAL,2025-12-10,TRENDING_UP,False,False,,,False
ZAL,2026-06-12,TRENDING_UP,False,False,,,False
ZAL,2026-02-25,VOLATILE,False,False,,,False
ZAL,2025-09-08,TRENDING_UP,False,False,,,False
ZAL,2025-11-13,VOLATILE,False,False,,,False
ZIL,2026-05-25,TRENDING_UP,False,True,-0.6731249999999964,0.17187500000000355,False
ZIL,2020-03-04,VOLATILE,False,True,-3.0404369349978575,-2.1954369349978573,False
ZIL,2021-07-06,RANGING,False,True,6.941090659340661,9.010989010989015,True
ZIL,2020-12-09,TRENDING_UP,False,True,3.5748404994367333,5.050694705219686,True
ZIL,2025-12-15,TRENDING_UP,False,False,,,False
ZIL,2022-01-13,RANGING,False,False,,,False
ZIL,2024-08-22,RANGING,False,True,6.801777864855449,8.847091605712293,True
ZIL,2022-12-14,TRENDING_DOWN,False,False,,,False
ZIL,2022-05-06,RANGING,False,True,-2.110822784810127,-1.2658227848101267,False
ZIL,2024-11-11,TRENDING_UP,False,False,,,False
ZIL,2021-01-27,TRENDING_UP,False,True,0.033089285714281935,0.883928571428567,True
ZIL,2022-05-10,RANGING,False,True,2.68175,4.0,True
ZIL,2025-06-27,TRENDING_UP,False,True,2.6098466767371553,3.9154078549848883,True
ZIL,2026-06-09,TRENDING_UP,False,False,,,False
ZIL,2025-01-10,VOLATILE,False,True,-0.845,0.0,False
ZIL,2026-04-24,TRENDING_UP,False,False,,,False
ZTL,2026-06-05,TRENDING_UP,False,False,,,False
ZTL,2025-07-02,TRENDING_UP,False,False,,,False
ZTL,2025-04-18,TRENDING_UP,False,False,,,False
ZTL,2024-06-12,RANGING,False,True,3.2484166666666687,4.666666666666669,True
ZTL,2024-11-06,TRENDING_UP,False,False,,,False
ZTL,2026-04-15,VOLATILE,False,False,,,False
ZTL,2024-07-05,TRENDING_UP,False,False,,,False
ZUMA,2026-06-10,RANGING,False,True,-1.316142520612492,-0.4711425206124919,False
ZUMA,2026-03-27,VOLATILE,False,False,,,False
ZUMA,2025-12-22,TRENDING_UP,False,False,,,False
