symbol,date,regime,confirmed,taken,net,gross,win
AABS,2024-05-08,TRENDING_UP,False,True,-1.009728198472522,-0.16472819847252185,False
AABS,2025-10-21,TRENDING_UP,False,False,,,False
AABS,2026-02-27,VOLATILE,False,True,-3.5477027027027024,-2.7027027027027026,False
AATM,2025-05-21,TRENDING_UP,False,False,,,False
AATM,2025-05-19,TRENDING_UP,False,False,,,False
AATM,2026-01-19,TRENDING_UP,False,False,,,False
AATM,2025-01-29,VOLATILE,False,False,,,False
ABL,2023-02-23,RANGING,False,True,-0.8601492198151872,-0.015149219815187269,False
ABL,2020-10-19,VOLATILE,False,False,,,False
ABL,2020-10-27,TRENDING_UP,False,True,-2.0330955181743384,-1.1880955181743384,False
ABL,2024-09-04,TRENDING_UP,False,False,,,False
ABL,2026-06-15,TRENDING_UP,False,False,,,False
ABL,2025-06-10,TRENDING_UP,False,False,,,False
ABL,2025-07-09,TRENDING_UP,False,False,,,False
ABL,2025-05-20,TRENDING_UP,False,False,,,False
ABOT,2025-11-21,VOLATILE,False,True,-2.2359006499535763,-1.3909006499535765,False
ABOT,2024-07-12,TRENDING_UP,False,True,-1.367226467965867,-0.5222264679658671,False
ABOT,2020-12-24,TRENDING_UP,False,True,-0.845,0.0,False
ABOT,2025-09-24,TRENDING_UP,False,True,0.6153585879438481,1.568951279933939,True
ABOT,2024-04-18,TRENDING_UP,False,True,-0.8524074074074006,-0.00740740740740067,False
ABOT,2024-06-27,TRENDING_UP,False,False,,,False
ABOT,2023-12-01,TRENDING_UP,False,False,,,False
ABOT,2021-03-25,TRENDING_UP,False,True,-1.5346551724137931,-0.6896551724137931,False
ACIETF,2026-05-25,TRENDING_UP,False,False,,,False
ACIETF,2025-12-08,TRENDING_UP,False,True,1.5978262942779289,2.7247956403269753,True
ACIETF,2025-09-03,TRENDING_UP,False,False,,,False
ACPL,2021-12-15,VOLATILE,False,True,-1.2126470588235294,-0.3676470588235294,False
ACPL,2025-09-11,TRENDING_UP,False,False,,,False
ACPL,2022-08-24,RANGING,False,False,,,False
ACPL,2022-02-23,RANGING,False,True,-2.0385815350565215,-1.1935815350565213,False
ACPL,2024-04-22,TRENDING_UP,False,True,3.479065848785992,4.938018645630579,True
ACPL,2021-08-05,TRENDING_UP,False,True,-4.465263839527734,-3.620263839527734,False
ACPL,2020-11-10,TRENDING_UP,False,True,-0.508253384647097,0.33674661535290296,False
ACPL,2024-09-20,TRENDING_UP,False,True,-1.9288682521309073,-1.0838682521309073,False
ADAMS,2026-01-23,TRENDING_UP,False,True,3.462077868852459,4.918032786885246,True
ADAMS,2024-04-04,TRENDING_UP,False,True,2.7749006849315068,4.10958904109589,True
ADAMS,2026-01-07,TRENDING_UP,False,False,,,False
ADAMS,2025-12-18,TRENDING_UP,False,False,,,False
ADAMS,2024-10-07,TRENDING_UP,False,False,,,False
ADMM,2025-04-30,VOLATILE,False,True,1.5649946808510593,2.686170212765952,True
ADMM,2021-06-02,TRENDING_UP,False,True,-1.6201937984496124,-0.7751937984496124,False
ADMM,2023-05-23,RANGING,False,True,2.3862058071585106,3.6523009495982475,True
ADMM,2025-04-15,TRENDING_UP,False,True,-1.2152789434707445,-0.37027894347074447,False
ADMM,2023-12-15,TRENDING_UP,False,True,-1.6992348237004835,-0.8542348237004834,False
ADMM,2020-05-18,VOLATILE,False,False,,,False
ADOS,2022-11-15,RANGING,False,True,5.114508620689651,6.862068965517236,True
ADOS,2021-09-01,RANGING,False,False,,,False
ADOS,2022-09-29,TRENDING_DOWN,False,True,-0.845,0.0,False
ADOS,2022-07-04,TRENDING_DOWN,False,True,5.125499999999994,6.874999999999994,True
AEL,2023-10-13,TRENDING_UP,False,True,-0.845,0.0,False
AEL,2023-02-24,RANGING,False,True,-0.845,0.0,False
AEL,2020-06-30,RANGING,False,True,-1.1001020408163211,-0.2551020408163211,False
AEL,2021-12-17,TRENDING_DOWN,False,False,,,False
AEL,2021-01-28,TRENDING_UP,False,False,,,False
AGHA,2022-09-09,RANGING,False,True,1.302886063408187,2.3778071334213964,True
AGHA,2020-12-30,TRENDING_UP,False,False,,,False
AGHA,2024-10-30,TRENDING_UP,False,True,2.3273526058632013,3.583061889250825,True
AGHA,2021-08-25,RANGING,False,False,,,False
AGHA,2025-07-11,TRENDING_UP,False,False,,,False
AGIC,2025-04-10,TRENDING_UP,False,False,,,False
AGIC,2024-08-13,RANGING,False,False,,,False
AGIC,2023-04-18,RANGING,False,True,-0.5809735973597416,0.2640264026402584,False
AGIC,2022-05-16,TRENDING_DOWN,False,False,,,False
AGIC,2025-03-04,RANGING,False,False,,,False
AGIC,2024-04-19,TRENDING_UP,False,False,,,False
AGIC,2021-10-08,RANGING,False,True,-3.896881993896243,-3.051881993896243,False
AGIC,2026-01-02,TRENDING_UP,False,True,1.7517579978672435,2.905891762196757,True
AGIC,2024-03-07,TRENDING_UP,False,False,,,False
AGIL,2020-06-23,RANGING,False,False,,,False
AGIL,2024-06-20,TRENDING_UP,False,False,,,False
AGIL,2025-08-20,TRENDING_UP,False,False,,,False
AGIL,2021-05-18,TRENDING_UP,False,True,2.3051628770823975,3.5569563259792916,True
AGIL,2024-05-30,TRENDING_UP,False,False,,,False
AGIL,2020-12-29,TRENDING_UP,False,False,,,False
AGIL,2025-03-27,TRENDING_UP,False,True,-1.6854067568703253,-0.8404067568703253,False
AGL,2023-02-13,VOLATILE,False,True,-2.844999999999997,-1.999999999999997,False
AGL,2023-10-18,TRENDING_UP,False,False,,,False
AGL,2022-03-11,TRENDING_DOWN,False,False,,,False
AGL,2022-07-21,TRENDING_DOWN,False,True,-0.845,0.0,False
AGL,2025-02-25,TRENDING_UP,False,True,-3.5129841897233227,-2.667984189723323,False
AGL,2026-01-30,TRENDING_UP,False,False,,,False
AGL,2024-04-17,TRENDING_UP,False,False,,,False
AGL,2021-01-21,TRENDING_UP,False,True,-1.6418127490039671,-0.7968127490039673,False
AGL,2025-09-18,TRENDING_UP,False,False,,,False
AGL,2024-12-06,TRENDING_UP,False,False,,,False
AGLNCPS,2025-12-29,TRENDING_UP,False,True,-0.845,0.0,False
AGP,2020-11-11,TRENDING_UP,False,True,-2.723504672897201,-1.878504672897201,False
AGP,2021-09-27,RANGING,False,False,,,False
AGP,2025-07-14,TRENDING_UP,False,True,-1.617874594864129,-0.7728745948641292,False
AGP,2023-08-22,RANGING,False,True,-1.344814883376533,-0.49981488337653296,False
AGP,2022-02-23,RANGING,False,True,-3.9380259908267616,-3.0930259908267614,False
AGP,2025-08-19,TRENDING_UP,False,False,,,False
AGP,2025-09-23,TRENDING_UP,False,True,-2.3349999999999946,-1.4899999999999949,False
AGP,2023-12-18,TRENDING_UP,False,True,-6.836792065663468,-5.991792065663469,False
AGP,2025-12-15,TRENDING_UP,False,False,,,False
AGP,2023-08-08,TRENDING_UP,False,True,-0.2951718213058414,0.5498281786941586,False
AGSML,2024-09-11,TRENDING_UP,False,False,,,False
AGSML,2025-08-21,TRENDING_UP,False,False,,,False
AGSML,2025-07-25,TRENDING_UP,False,True,0.7224279661016985,1.6949152542372923,True
AGSML,2024-05-24,TRENDING_UP,False,True,-5.746960784313722,-4.901960784313722,False
AGSML,2025-12-17,TRENDING_UP,False,False,,,False
AGTL,2020-10-20,VOLATILE,False,False,,,False
AGTL,2025-08-25,TRENDING_UP,False,True,-1.0925247524752475,-0.24752475247524752,False
AGTL,2020-02-03,RANGING,False,False,,,False
AGTL,2025-08-18,TRENDING_UP,False,False,,,False
AGTL,2025-08-06,TRENDING_UP,False,False,,,False
AGTL,2025-07-31,TRENDING_UP,False,False,,,False
AGTL,2025-02-27,TRENDING_UP,False,False,,,False
AHCL,2022-03-28,RANGING,False,True,-1.9829406050513563,-1.1379406050513563,False
AHCL,2023-03-03,RANGING,False,True,-3.7349937849596015,-2.8899937849596014,False
AHCL,2023-07-31,TRENDING_UP,False,True,1.3670667337971494,2.4533138044672347,True
AHCL,2025-07-30,TRENDING_UP,False,False,,,False
AHCL,2024-09-30,TRENDING_UP,False,False,,,False
AHCL,2022-02-17,RANGING,False,False,,,False
AHCL,2024-07-05,TRENDING_UP,False,False,,,False
AHCL,2024-10-10,TRENDING_UP,False,False,,,False
AHL,2024-03-07,TRENDING_UP,False,False,,,False
AHL,2024-05-15,TRENDING_UP,False,True,2.806726437323285,4.147031102733276,True
AHL,2024-09-05,TRENDING_UP,False,True,-1.35433786078098,-0.5093378607809799,False
AHTM,2023-12-13,TRENDING_UP,False,False,,,False
AHTM,2025-08-27,TRENDING_UP,False,True,-0.15607578166402225,0.6889242183359777,False
AHTM,2026-03-12,VOLATILE,False,False,,,False
AICL,2022-11-28,RANGING,False,False,,,False
AICL,2024-05-08,TRENDING_UP,False,False,,,False
AICL,2023-09-14,RANGING,False,True,-3.0483898305084693,-2.2033898305084696,False
AICL,2022-09-12,RANGING,False,False,,,False
AICL,2020-03-24,VOLATILE,False,True,-7.326481481481481,-6.481481481481481,False
AICL,2025-07-07,TRENDING_UP,False,False,,,False
AICL,2024-10-03,TRENDING_UP,False,False,,,False
AICL,2024-12-02,TRENDING_UP,False,False,,,False
AICL,2024-09-25,TRENDING_UP,False,False,,,False
AIRLINK,2025-02-27,TRENDING_UP,False,False,,,False
AIRLINK,2023-08-25,TRENDING_UP,False,True,0.46529430379747505,1.392405063291147,True
AIRLINK,2025-03-06,TRENDING_UP,False,False,,,False
AIRLINK,2025-10-01,TRENDING_UP,False,False,,,False
AIRLINK,2024-01-15,VOLATILE,False,True,-2.181898395721925,-1.3368983957219251,False
AIRLINK,2025-04-17,TRENDING_UP,False,False,,,False
AKBL,2020-07-29,TRENDING_UP,False,False,,,False
AKBL,2021-11-04,RANGING,False,True,-0.4504362121876375,0.39456378781236245,False
AKBL,2024-04-03,TRENDING_UP,False,False,,,False
AKBL,2025-04-09,RANGING,False,True,-2.4198031496063033,-1.574803149606303,False
AKBL,2021-06-14,TRENDING_UP,False,True,-0.48251699139103627,0.3624830086089637,False
AKBL,2023-07-24,TRENDING_UP,False,True,4.189886482939637,5.774278215223102,True
AKBL,2024-03-07,TRENDING_UP,False,False,,,False
AKBL,2026-07-03,TRENDING_UP,False,False,,,False
AKBL,2025-10-01,TRENDING_UP,False,True,2.161749999999996,3.388235294117642,True
AKDHL,2020-06-05,RANGING,False,True,12.86091621074515,15.975489659700179,True
AKDHL,2022-03-17,TRENDING_DOWN,False,True,-3.0156533380935526,-2.1706533380935524,False
AKDHL,2023-06-20,RANGING,False,True,-5.972679212388472,-5.127679212388473,False
AKDHL,2020-06-18,RANGING,False,False,,,False
AKDHL,2025-10-22,TRENDING_UP,False,True,0.015234927992545898,0.8629234446971128,True
AKDHL,2023-11-02,TRENDING_UP,False,True,2.593246746203901,3.8958785249457657,True
AKDHL,2026-01-16,TRENDING_UP,False,False,,,False
AKDSL,2024-11-07,TRENDING_UP,False,True,-1.6220472205618588,-0.7770472205618589,False
AKDSL,2025-02-28,TRENDING_UP,False,True,-2.978454380390388,-2.1334543803903876,False
AKDSL,2025-08-19,TRENDING_UP,False,False,,,False
AKDSL,2024-07-03,TRENDING_UP,False,False,,,False
AKGL,2025-08-01,TRENDING_UP,False,True,-0.845,0.0,False
AKGL,2025-07-14,TRENDING_UP,False,True,-5.971498002663113,-5.126498002663113,False
AKGL,2025-12-18,TRENDING_UP,False,True,-8.844999999999994,-7.999999999999993,False
AKZO,2020-05-18,VOLATILE,False,True,-0.845,0.0,False
ALAC,2025-10-29,VOLATILE,False,False,,,False
ALAC,2024-04-09,TRENDING_UP,False,False,,,False
ALAC,2024-04-03,TRENDING_UP,False,False,,,False
ALAC,2024-04-24,TRENDING_UP,False,True,1.016443877551014,2.0408163265306047,True
ALAC,2025-09-12,TRENDING_UP,False,False,,,False
ALAC,2023-11-10,TRENDING_UP,False,False,,,False
ALIFE,2024-06-27,TRENDING_UP,False,True,-0.9866430594900769,-0.14164305949007694,False
ALIFE,2024-11-14,TRENDING_UP,False,False,,,False
ALIFE,2024-03-04,TRENDING_UP,False,True,-0.2894444444444497,0.5555555555555503,False
ALNRS,2024-05-14,TRENDING_UP,False,False,,,False
ALNRS,2024-05-02,TRENDING_UP,False,False,,,False
ALNRS,2025-11-25,TRENDING_UP,False,False,,,False
ALNRS,2025-02-19,RANGING,False,False,,,False
ALTN,2023-04-27,RANGING,False,False,,,False
ALTN,2024-06-25,TRENDING_UP,False,True,-0.32773842244230855,0.5172615775576914,False
ALTN,2025-06-05,TRENDING_UP,False,False,,,False
ALTN,2021-05-17,TRENDING_UP,False,False,,,False
ALTN,2025-12-30,TRENDING_UP,False,True,-1.8559519797809538,-1.0109519797809539,False
AMBL,2025-07-18,TRENDING_UP,False,True,-3.9674979983987235,-3.1224979983987233,False
AMBL,2026-06-16,TRENDING_UP,False,True,3.3130699105145367,4.74272930648769,True
AMTEX,2024-10-08,TRENDING_UP,False,False,,,False
AMTEX,2025-06-13,TRENDING_UP,False,False,,,False
AMTEX,2026-03-16,VOLATILE,False,False,,,False
ANL,2024-06-26,TRENDING_UP,False,False,,,False
ANL,2022-03-31,RANGING,False,False,,,False
ANL,2021-02-15,TRENDING_UP,False,True,-1.9596496815286557,-1.1146496815286557,False
ANL,2023-12-29,TRENDING_UP,False,False,,,False
ANL,2022-02-11,TRENDING_UP,False,True,-2.152189542483658,-1.3071895424836582,False
ANL,2023-10-03,TRENDING_UP,False,False,,,False
ANSM,2026-01-20,TRENDING_UP,False,True,-0.9808695652174004,-0.13586956521740048,False
ANSM,2026-01-12,TRENDING_UP,False,True,-1.4832978723404247,-0.6382978723404246,False
ANTM,2025-07-29,TRENDING_UP,False,True,-0.845,0.0,False
ANTM,2024-11-14,TRENDING_UP,False,True,0.8711808943089336,1.8699186991869807,True
ANTM,2025-06-18,RANGING,False,False,,,False
ANTM,2021-02-04,TRENDING_UP,False,True,8.371345375722537,10.693641618497104,True
ANTM,2024-10-29,TRENDING_UP,False,True,-0.845,0.0,False
APL,2020-12-18,TRENDING_UP,False,True,-2.9134543915248647,-2.0684543915248645,False
APL,2021-10-05,RANGING,False,True,-1.160604046065093,-0.31560404606509307,False
APL,2026-05-25,TRENDING_UP,False,True,-1.827142857142857,-0.9821428571428571,False
APL,2021-11-23,RANGING,False,True,0.07604060352155109,0.934459533554766,True
APL,2024-07-23,RANGING,False,True,2.429898148148148,3.7037037037037033,True
APL,2022-04-27,RANGING,False,False,,,False
APL,2023-03-02,RANGING,False,False,,,False
APL,2024-04-29,TRENDING_UP,False,True,-1.3671932114882508,-0.5221932114882507,False
APL,2021-08-12,RANGING,False,True,-1.2004232519944362,-0.3554232519944363,False
APL,2025-07-09,TRENDING_UP,False,True,0.060368477906013567,0.9160217387129571,True
APL,2026-06-05,TRENDING_UP,False,True,0.13175,1.0,True
APL,2023-07-14,TRENDING_UP,False,False,,,False
ARCTM,2025-11-28,TRENDING_UP,False,True,2.258159878363433,3.5016586804275684,True
ARCTM,2024-10-25,TRENDING_UP,False,False,,,False
ARCTM,2025-09-24,TRENDING_UP,False,True,-0.5695179063360842,0.2754820936639158,False
ARM,2024-02-09,VOLATILE,False,True,-0.845,0.0,False
ARPAK,2025-02-20,TRENDING_UP,False,False,,,False
ARPAK,2023-02-27,RANGING,False,True,5.651259043927652,7.493540051679591,True
ARPAK,2024-10-02,TRENDING_UP,False,False,,,False
ARPAK,2020-05-18,VOLATILE,False,False,,,False
ARPL,2020-11-10,TRENDING_UP,False,False,,,False
ARPL,2022-02-24,RANGING,False,True,-0.5026155123902536,0.3423844876097464,False
ARPL,2024-07-25,RANGING,False,False,,,False
ARPL,2020-12-23,TRENDING_UP,False,False,,,False
ARPL,2024-05-06,TRENDING_UP,False,True,5.600123071528752,7.433380084151472,True
ARPL,2025-04-15,TRENDING_UP,False,True,-2.4866477365869635,-1.6416477365869633,False
ARPL,2021-06-01,TRENDING_UP,False,False,,,False
ARUJ,2024-07-30,RANGING,False,False,,,False
ARUJ,2024-06-03,TRENDING_UP,False,True,5.749851460415067,7.609531129900078,True
ARUJ,2025-10-16,TRENDING_UP,False,False,,,False
ARUJ,2025-03-24,TRENDING_UP,False,False,,,False
ARUJ,2025-10-28,VOLATILE,False,False,,,False
ASC,2021-04-19,RANGING,False,False,,,False
ASC,2024-05-07,TRENDING_UP,False,False,,,False
ASC,2023-09-12,RANGING,False,False,,,False
ASC,2020-02-12,RANGING,False,False,,,False
ASC,2025-06-25,TRENDING_UP,False,False,,,False
ASC,2024-06-13,TRENDING_UP,False,True,-2.0077906976744146,-1.1627906976744147,False
ASC,2025-04-17,TRENDING_UP,False,True,0.7975250342935516,1.7832647462277078,True
ASHT,2026-03-09,VOLATILE,False,True,-0.907460961898823,-0.062460961898823,False
ASHT,2025-06-03,TRENDING_UP,False,True,56.11032142857142,66.85714285714285,True
ASHT,2025-11-04,VOLATILE,False,True,-4.107287951283166,-3.2622879512831666,False
ASIC,2025-12-04,TRENDING_UP,False,False,,,False
ASL,2021-02-22,RANGING,False,False,,,False
ASL,2024-10-24,TRENDING_UP,False,False,,,False
ASL,2020-11-11,TRENDING_UP,False,True,-2.933772845953004,-2.088772845953004,False
ASL,2025-01-06,TRENDING_UP,False,True,-1.7070689655172384,-0.8620689655172384,False
ASL,2024-12-10,TRENDING_UP,False,False,,,False
ASL,2020-07-01,RANGING,False,False,,,False
ASLCPS,2026-02-02,TRENDING_UP,False,False,,,False
ASLPS,2022-04-11,RANGING,False,True,-0.845,0.0,False
ASLPS,2025-10-16,TRENDING_UP,False,False,,,False
ASLPS,2020-09-08,TRENDING_UP,False,True,1.3053448779953218,2.3806998564650845,True
ASLPS,2021-03-24,VOLATILE,False,True,4.772511877203702,6.459719855533767,True
ASTL,2022-05-06,RANGING,False,True,-7.173671328671337,-6.328671328671337,False
ASTL,2021-05-21,TRENDING_UP,False,False,,,False
ASTL,2023-10-30,TRENDING_UP,False,True,3.1808325688073387,4.587155963302751,True
ASTL,2022-12-02,RANGING,False,False,,,False
ASTL,2021-01-13,TRENDING_UP,False,False,,,False
ASTL,2025-03-06,TRENDING_UP,False,False,,,False
ASTL,2020-12-04,TRENDING_UP,False,False,,,False
ASTL,2021-02-17,TRENDING_UP,False,False,,,False
ASTL,2024-10-28,TRENDING_UP,False,False,,,False
ASTM,2026-03-27,VOLATILE,False,True,-8.844999999999992,-7.999999999999992,False
ASTM,2024-07-01,TRENDING_UP,False,False,,,False
ASTM,2024-10-18,TRENDING_UP,False,False,,,False
ASTM,2026-04-29,TRENDING_UP,False,True,0.07779578563995716,0.9365244536940672,True
ATBA,2026-05-19,VOLATILE,False,True,-0.7995454545454571,0.04545454545454287,False
ATBA,2024-10-24,TRENDING_UP,False,False,,,False
ATBA,2022-03-31,RANGING,False,False,,,False
ATBA,2021-11-18,RANGING,False,False,,,False
ATBA,2022-11-01,RANGING,False,True,-2.6674536449072748,-1.8224536449072748,False
ATBA,2024-11-04,TRENDING_UP,False,False,,,False
ATBA,2021-03-17,VOLATILE,False,True,-4.216238789446841,-3.371238789446841,False
ATBA,2020-01-22,TRENDING_UP,False,False,,,False
ATBA,2021-01-20,TRENDING_UP,False,False,,,False
ATBA,2026-04-16,VOLATILE,False,False,,,False
ATIL,2024-04-18,TRENDING_UP,False,True,2.5189888257074795,3.808516265538211,True
ATIL,2024-06-28,TRENDING_UP,False,False,,,False
ATIL,2022-01-14,RANGING,False,False,,,False
ATIL,2023-01-03,TRENDING_DOWN,False,False,,,False
ATIL,2020-06-16,RANGING,False,True,-1.797222759120562,-0.9522227591205622,False
ATIL,2020-11-27,TRENDING_UP,False,False,,,False
ATIL,2023-08-17,TRENDING_UP,False,True,-1.4661180124223603,-0.6211180124223602,False
ATIL,2024-07-03,TRENDING_UP,False,False,,,False
ATLH,2025-03-10,TRENDING_UP,False,True,1.4723397608076496,2.5771644244795877,True
ATLH,2024-07-01,TRENDING_UP,False,False,,,False
ATLH,2024-04-25,TRENDING_UP,False,False,,,False
ATLH,2026-01-30,TRENDING_UP,False,True,-0.8829811635446914,-0.03798116354469142,False
ATLH,2021-02-09,TRENDING_UP,False,False,,,False
ATLH,2024-10-29,TRENDING_UP,False,False,,,False
ATLH,2024-09-27,TRENDING_UP,False,False,,,False
ATRL,2022-04-18,RANGING,False,False,,,False
ATRL,2025-08-22,TRENDING_UP,False,False,,,False
ATRL,2021-08-25,RANGING,False,True,-2.3746803652968014,-1.5296803652968012,False
ATRL,2026-05-07,TRENDING_UP,False,True,-1.3807740819287817,-0.5357740819287816,False
ATRL,2023-10-31,TRENDING_UP,False,False,,,False
ATRL,2024-09-12,TRENDING_UP,False,False,,,False
ATRL,2024-07-15,TRENDING_UP,False,False,,,False
ATRL,2025-10-01,TRENDING_UP,False,True,2.517474743777453,3.806734992679356,True
AVN,2024-04-25,TRENDING_UP,False,False,,,False
AVN,2021-09-08,RANGING,False,False,,,False
AVN,2020-01-23,TRENDING_UP,False,True,-2.7415517241379384,-1.8965517241379386,False
AVN,2021-12-29,RANGING,False,False,,,False
AVN,2023-07-03,RANGING,False,False,,,False
AVN,2020-01-09,TRENDING_UP,False,False,,,False
AVN,2025-12-18,TRENDING_UP,False,False,,,False
AVN,2024-09-25,TRENDING_UP,False,False,,,False
AVN,2021-01-22,TRENDING_UP,False,False,,,False
AWTX,2024-08-21,RANGING,False,False,,,False
BAFL,2024-09-24,TRENDING_UP,False,True,0.9757104960837262,1.992894701274972,True
BAFL,2021-09-22,RANGING,False,False,,,False
BAFL,2020-12-07,TRENDING_UP,False,True,-0.9332255842810434,-0.08822558428104348,False
BAFL,2025-01-16,TRENDING_UP,False,False,,,False
BAFL,2025-01-23,TRENDING_UP,False,False,,,False
BAFL,2020-12-16,TRENDING_UP,False,True,-1.130649437281683,-0.2856494372816832,False
BAFS,2025-07-08,TRENDING_UP,False,True,9.00938618190905,11.444277861069473,True
BAFS,2025-05-23,TRENDING_UP,False,True,-0.8629823772702715,-0.017982377270271552,False
BAFS,2026-03-09,VOLATILE,False,True,6.831194241507075,8.881699107655383,True
BAHL,2023-03-24,RANGING,False,False,,,False
BAHL,2023-03-21,RANGING,False,False,,,False
BAHL,2026-01-28,TRENDING_UP,False,False,,,False
BAHL,2025-07-15,TRENDING_UP,False,False,,,False
BAHL,2023-10-12,TRENDING_UP,False,True,0.14874999999999663,1.019999999999996,True
BAHL,2020-12-03,TRENDING_UP,False,False,,,False
BAHL,2024-11-20,TRENDING_UP,False,True,21.762878514814105,26.448386488016595,True
BAPL,2026-01-14,TRENDING_UP,False,True,2.7222261904761957,4.047619047619054,True
BAPL,2025-04-09,RANGING,False,False,,,False
BAPL,2021-11-05,TRENDING_UP,False,False,,,False
BAPL,2021-11-19,TRENDING_UP,False,True,-0.845,0.0,False
BAPL,2020-05-20,RANGING,False,False,,,False
BAPL,2021-01-15,TRENDING_UP,False,True,-4.32326086956522,-3.4782608695652204,False
BAPL,2024-11-06,TRENDING_UP,False,True,-2.569137931034483,-1.7241379310344827,False
BAPL,2024-10-30,TRENDING_UP,False,False,,,False
BATA,2024-12-05,TRENDING_UP,False,False,,,False
BATA,2024-10-31,TRENDING_UP,False,True,-0.845,0.0,False
BBFL,2026-01-07,TRENDING_UP,False,False,,,False
BCL,2022-06-17,RANGING,False,False,,,False
BCL,2026-02-18,VOLATILE,False,False,,,False
BCL,2026-06-01,TRENDING_UP,False,False,,,False
BCL,2023-10-20,TRENDING_UP,False,True,-4.253316291751875,-3.408316291751875,False
BCL,2021-06-03,TRENDING_UP,False,False,,,False
BCL,2026-04-29,TRENDING_UP,False,False,,,False
BCL,2025-01-01,TRENDING_UP,False,True,6.156550000000008,8.08800000000001,True
BCL,2023-08-25,TRENDING_UP,False,True,-1.1152702702702741,-0.2702702702702741,False
BCL,2024-12-18,TRENDING_UP,False,True,-0.7533409715857017,0.09165902841429834,False
BECO,2024-07-18,TRENDING_UP,False,True,-5.011666666666673,-4.166666666666673,False
BECO,2026-01-01,TRENDING_UP,False,True,-1.4680529595015583,-0.6230529595015583,False
BECO,2023-07-27,TRENDING_UP,False,True,-1.9449999999999943,-1.0999999999999943,False
BECO,2026-07-02,TRENDING_UP,False,False,,,False
BECO,2026-01-28,TRENDING_UP,False,True,-3.018913043478274,-2.1739130434782736,False
BELA,2024-09-10,TRENDING_UP,False,False,,,False
BELA,2024-09-02,TRENDING_UP,False,True,-8.178333333333338,-7.3333333333333375,False
BERG,2022-08-30,RANGING,False,False,,,False
BERG,2020-08-21,TRENDING_UP,False,False,,,False
BERG,2021-10-01,RANGING,False,True,3.61577705515089,5.098855359001047,True
BERG,2022-04-05,RANGING,False,False,,,False
BERG,2026-06-02,TRENDING_UP,False,True,-2.823960524945324,-1.9789605249453242,False
BERG,2026-07-02,TRENDING_UP,False,False,,,False
BERG,2021-01-27,TRENDING_UP,False,True,-0.947698160769302,-0.10269816076930206,False
BERG,2025-12-09,TRENDING_UP,False,False,,,False
BERG,2020-11-11,TRENDING_UP,False,True,-4.404947612811043,-3.559947612811043,False
BERG,2025-06-27,TRENDING_UP,False,False,,,False
BERG,2025-09-26,TRENDING_UP,False,False,,,False
BFAGRO,2026-06-02,TRENDING_UP,False,True,-0.845,0.0,False
BFMOD,2024-08-06,RANGING,False,True,3.7957013951395133,5.31053105310531,True
BFMOD,2026-04-17,VOLATILE,False,True,-2.9092201834862355,-2.0642201834862353,False
BGL,2020-07-23,RANGING,False,False,,,False
BGL,2024-07-18,TRENDING_UP,False,False,,,False
BGL,2022-06-15,TRENDING_DOWN,False,True,14.263390146878818,17.62545899632802,True
BGL,2022-05-11,TRENDING_DOWN,False,True,-7.349065040650411,-6.504065040650412,False
BGL,2020-02-20,RANGING,False,False,,,False
BGL,2025-07-18,TRENDING_UP,False,True,-2.970850340136054,-2.1258503401360542,False
BGL,2023-10-25,TRENDING_UP,False,False,,,False
BGL,2025-01-08,TRENDING_UP,False,False,,,False
BHAT,2024-11-27,TRENDING_UP,False,False,,,False
BHAT,2022-10-11,RANGING,False,True,0.15151744186046498,1.0232558139534882,True
BHAT,2026-01-16,TRENDING_UP,False,False,,,False
BHAT,2020-04-20,VOLATILE,False,False,,,False
BIFO,2023-04-26,RANGING,False,False,,,False
BIFO,2023-05-03,RANGING,False,True,-0.845,0.0,False
BIFO,2023-12-21,TRENDING_UP,False,True,-4.910040650406503,-4.0650406504065035,False
BIFO,2023-07-07,TRENDING_UP,False,False,,,False
BIFO,2020-01-06,TRENDING_UP,False,True,-0.9085434117035489,-0.06354341170354898,False
BILF,2025-09-30,TRENDING_UP,False,True,-6.339505494505494,-5.4945054945054945,False
BILF,2025-10-03,TRENDING_UP,True,True,-8.844999999999997,-7.9999999999999964,False
BILF,2024-10-22,TRENDING_UP,False,False,,,False
BILF,2024-06-03,TRENDING_UP,False,False,,,False
BIPL,2020-12-30,TRENDING_UP,False,False,,,False
BIPL,2020-09-14,TRENDING_UP,False,False,,,False
BIPL,2025-09-16,TRENDING_UP,False,True,-0.7897666390499971,0.055233360950002815,False
BIPL,2024-06-06,RANGING,False,False,,,False
BIPL,2021-02-24,RANGING,False,False,,,False
BIPL,2023-04-27,RANGING,False,False,,,False
BIPL,2021-05-21,TRENDING_UP,False,True,-2.2123655423883353,-1.367365542388335,False
BIPL,2023-12-11,TRENDING_UP,False,True,-1.0692152466367744,-0.22421524663677447,False
BIPL,2024-11-07,TRENDING_UP,False,True,-0.342946143313558,0.502053856686442,False
BLUEX,2026-06-09,TRENDING_UP,False,False,,,False
BML,2026-01-12,TRENDING_UP,False,True,-2.478986928104584,-1.633986928104584,False
BML,2024-03-14,TRENDING_UP,False,True,-0.845,0.0,False
BML,2024-07-01,TRENDING_UP,True,False,,,False
BNL,2023-11-01,TRENDING_UP,False,False,,,False
BNL,2023-11-28,TRENDING_UP,False,False,,,False
BNL,2026-06-11,RANGING,False,False,,,False
BNL,2025-08-19,TRENDING_UP,False,False,,,False
BNL,2023-12-06,TRENDING_UP,False,True,2.0459776422764304,3.252032520325212,True
BNL,2026-06-15,TRENDING_UP,False,False,,,False
BNL,2024-09-02,TRENDING_UP,False,False,,,False
BNL,2024-09-03,TRENDING_UP,False,False,,,False
BNWM,2025-01-02,TRENDING_UP,False,True,5.012087078651682,6.741573033707861,True
BNWM,2024-05-20,TRENDING_UP,False,False,,,False
BNWM,2026-05-13,TRENDING_UP,False,True,-3.8720436385986465,-3.0270436385986463,False
BOK,2020-02-18,VOLATILE,False,True,-0.4603846153846099,0.3846153846153901,False
BOK,2021-02-24,RANGING,False,True,-0.845,0.0,False
BOK,2021-07-01,RANGING,False,True,5.503972222222227,7.320261437908503,True
BOK,2021-03-17,VOLATILE,False,True,-4.9531081081081165,-4.108108108108117,False
BOK,2021-01-05,TRENDING_UP,False,True,-0.845,0.0,False
BOK,2020-01-17,TRENDING_UP,False,False,,,False
BOK,2025-03-21,TRENDING_UP,False,False,,,False
BOK,2026-06-08,TRENDING_UP,False,True,0.28423292985723825,1.1793916821849861,True
BOK,2020-12-22,TRENDING_UP,False,True,3.85297093023256,5.377906976744188,True
BOK,2023-10-13,TRENDING_UP,False,True,-1.4105042412817976,-0.5655042412817975,False
BOP,2024-06-24,TRENDING_UP,False,False,,,False
BOP,2026-01-19,TRENDING_UP,False,False,,,False
BOP,2025-03-17,TRENDING_UP,False,False,,,False
BOP,2025-07-03,TRENDING_UP,False,True,0.8339239130434846,1.8260869565217466,True
BOP,2024-10-10,TRENDING_UP,False,True,-1.7624311926605472,-0.9174311926605472,False
BOP,2024-03-12,TRENDING_UP,False,False,,,False
BOP,2021-05-27,TRENDING_UP,False,False,,,False
BOP,2025-10-21,TRENDING_UP,False,False,,,False
BPBL,2020-08-18,TRENDING_UP,False,True,-0.845,0.0,False
BPBL,2020-02-04,RANGING,False,True,12.031750000000004,15.000000000000005,True
BPL,2022-12-02,RANGING,False,True,-0.845,0.0,False
BPL,2020-06-29,RANGING,False,False,,,False
BPL,2025-07-07,TRENDING_UP,False,True,5.518163043478268,7.336956521739138,True
BPL,2023-09-26,RANGING,False,False,,,False
BPL,2021-01-05,TRENDING_UP,False,False,,,False
BPL,2024-05-21,TRENDING_UP,False,True,-0.845,0.0,False
BRR,2020-03-13,VOLATILE,False,False,,,False
BRR,2021-01-18,TRENDING_UP,False,False,,,False
BRR,2023-04-27,RANGING,False,False,,,False
BRR,2020-07-03,RANGING,False,True,12.661379629629634,15.740740740740748,True
BRRG,2024-12-31,TRENDING_UP,False,False,,,False
BRRG,2026-06-23,TRENDING_UP,False,True,-0.9972732216663047,-0.15227322166630472,False
BRRG,2024-10-31,TRENDING_UP,False,True,-0.845,0.0,False
BRRG,2024-05-31,TRENDING_UP,False,False,,,False
BTL,2025-01-29,VOLATILE,False,False,,,False
BTL,2024-11-25,TRENDING_UP,False,False,,,False
BTL,2022-12-08,RANGING,False,False,,,False
BTL,2024-04-25,TRENDING_UP,False,False,,,False
BTL,2026-06-03,TRENDING_UP,False,True,-4.308203463203463,-3.463203463203463,False
BTL,2024-12-05,TRENDING_UP,False,True,16.699492607246988,20.49146189087881,True
BUXL,2023-10-20,TRENDING_UP,False,False,,,False
BUXL,2025-02-21,RANGING,False,True,-0.9799527665317063,-0.13495276653170624,False
BUXL,2026-01-13,TRENDING_UP,False,True,-1.756854103343465,-0.911854103343465,False
BUXL,2024-09-05,TRENDING_UP,False,False,,,False
BUXL,2020-08-04,TRENDING_UP,False,False,,,False
BUXL,2024-11-29,TRENDING_UP,False,True,2.532938459647014,3.8249275995847225,True
BUXL,2024-10-24,TRENDING_UP,False,False,,,False
BWCL,2020-05-12,VOLATILE,False,False,,,False
BWCL,2024-12-06,TRENDING_UP,False,False,,,False
BWCL,2025-09-25,TRENDING_UP,False,False,,,False
BWCL,2020-12-07,TRENDING_UP,False,True,-0.845,0.0,False
BWCL,2025-05-20,TRENDING_UP,False,False,,,False
BWCL,2021-01-07,TRENDING_UP,False,True,0.4033885240775406,1.3195747342088713,True
BWCL,2025-06-17,TRENDING_UP,False,True,-1.3573613391036168,-0.5123613391036169,False
BWCL,2024-03-14,TRENDING_UP,False,True,-0.6022815533980582,0.24271844660194172,False
BWHL,2020-01-31,RANGING,False,True,2.6810110302108296,3.999130623777447,True
BWHL,2026-06-09,TRENDING_UP,False,False,,,False
BWHL,2022-02-11,TRENDING_UP,False,True,-4.595,-3.75,False
BWHL,2025-01-16,TRENDING_UP,False,False,,,False
BWHL,2023-07-17,TRENDING_UP,False,True,0.4789330985915494,1.4084507042253522,True
BWHL,2026-02-03,TRENDING_UP,False,True,6.7546683132642125,8.79166860384025,True
CASH,2025-09-08,TRENDING_UP,False,True,0.9587617490578598,1.9729549988915998,True
CASH,2025-10-10,TRENDING_UP,False,False,,,False
CCM,2025-07-22,TRENDING_UP,False,False,,,False
CENI,2022-04-13,RANGING,False,False,,,False
CENI,2022-07-27,TRENDING_DOWN,False,False,,,False
CENI,2026-03-04,VOLATILE,False,True,4.265710078417393,5.863482445196933,True
CENI,2025-12-01,TRENDING_UP,False,True,5.594662346842609,7.426955702167776,True
CENI,2020-02-28,VOLATILE,False,False,,,False
CEPB,2022-12-02,RANGING,False,True,-3.5568644067796633,-2.7118644067796636,False
CEPB,2020-04-21,VOLATILE,False,False,,,False
CEPB,2023-08-10,TRENDING_UP,False,False,,,False
CEPB,2025-09-09,TRENDING_UP,False,True,3.6560558126619673,5.146242132543491,True
CEPB,2021-08-09,RANGING,False,True,-1.0642790106131041,-0.2192790106131041,False
CEPB,2023-06-07,RANGING,False,True,-7.905606060606056,-7.060606060606056,False
CEPB,2024-05-07,TRENDING_UP,False,False,,,False
CEPB,2021-11-09,TRENDING_UP,False,False,,,False
CEPB,2023-10-30,TRENDING_UP,False,False,,,False
CEPB,2024-09-03,TRENDING_UP,False,True,-0.4813636363636369,0.3636363636363631,False
CEPB,2025-11-12,VOLATILE,False,False,,,False
CEPB,2024-11-13,TRENDING_UP,False,False,,,False
CFL,2026-06-22,TRENDING_UP,False,True,-4.845,-4.0,False
CFL,2026-06-02,TRENDING_UP,False,False,,,False
CHAS,2025-02-19,RANGING,False,True,8.106092105263158,10.381578947368423,True
CHAS,2026-02-19,VOLATILE,False,False,,,False
CHAS,2025-02-11,VOLATILE,False,True,-2.85148804517602,-2.0064880451760203,False
CHAS,2024-12-24,TRENDING_UP,False,False,,,False
CHBL,2024-06-12,RANGING,False,True,-0.3424874371859292,0.5025125628140708,False
CHBL,2025-02-28,TRENDING_UP,False,True,-0.845,0.0,False
CHBL,2026-06-01,TRENDING_UP,False,True,10.800441588785047,13.55140186915888,True
CHCC,2024-03-26,TRENDING_UP,False,True,0.7542267574075334,1.7323255969500393,True
CHCC,2020-12-11,TRENDING_UP,False,True,-0.845,0.0,False
CHCC,2022-11-28,RANGING,False,True,-0.7232608695652168,0.1217391304347831,False
CHCC,2025-02-18,RANGING,False,False,,,False
CHCC,2025-10-22,TRENDING_UP,False,False,,,False
CHCC,2023-07-26,TRENDING_UP,False,False,,,False
CHCC,2024-04-26,TRENDING_UP,False,False,,,False
CLCPS,2024-08-22,RANGING,False,False,,,False
CLCPS,2024-11-22,TRENDING_UP,False,False,,,False
CLCPS,2024-12-03,TRENDING_UP,False,True,-1.7596341463414573,-0.9146341463414575,False
CLCPS,2024-11-18,TRENDING_UP,False,False,,,False
CLCPS,2026-07-08,TRENDING_UP,False,True,4.855520491803273,6.557377049180321,True
CLCPS,2025-10-22,TRENDING_UP,False,True,-1.1040673575129478,-0.25906735751294785,False
CLOV,2025-09-19,TRENDING_UP,False,False,,,False
CLOV,2025-08-27,TRENDING_UP,False,False,,,False
CLOV,2026-05-13,TRENDING_UP,False,False,,,False
CLOV,2020-12-02,TRENDING_UP,False,False,,,False
CLOV,2025-11-27,TRENDING_UP,False,False,,,False
CLOV,2020-09-02,TRENDING_UP,False,False,,,False
CLOV,2024-05-24,TRENDING_UP,False,True,-2.8189439399921046,-1.9739439399921046,False
CLOV,2024-11-04,TRENDING_UP,False,False,,,False
CLVL,2021-11-30,VOLATILE,False,False,,,False
CLVL,2021-01-13,TRENDING_UP,False,True,0.7996071428571511,1.7857142857142954,True
CLVL,2022-03-04,TRENDING_DOWN,False,True,-3.6606221616712125,-2.8156221616712123,False
CLVL,2025-09-08,TRENDING_UP,False,False,,,False
CLVL,2023-10-20,TRENDING_UP,False,True,0.014508620689652696,0.8620689655172384,True
CLVL,2023-10-12,TRENDING_UP,False,False,,,False
CLVL,2026-01-07,TRENDING_UP,False,False,,,False
CLVL,2021-01-11,TRENDING_UP,False,True,-2.5691379310344766,-1.7241379310344769,False
CNERGY,2024-07-30,RANGING,False,False,,,False
CNERGY,2024-08-02,RANGING,False,False,,,False
CNERGY,2024-11-06,TRENDING_UP,False,False,,,False
CNERGY,2021-02-04,TRENDING_UP,False,False,,,False
CNERGY,2021-01-26,TRENDING_UP,False,False,,,False
CNERGY,2023-08-10,TRENDING_UP,False,False,,,False
CNERGY,2024-10-16,TRENDING_UP,False,False,,,False
CNERGY,2021-01-25,TRENDING_UP,False,True,2.250003968253969,3.492063492063493,True
COLG,2024-06-28,TRENDING_UP,False,False,,,False
COLG,2021-01-27,TRENDING_UP,False,True,-0.8646625726299182,-0.019662572629918204,False
COLG,2022-10-10,RANGING,False,True,-0.845,0.0,False
COLG,2020-05-19,RANGING,False,False,,,False
COLG,2025-06-04,TRENDING_UP,False,False,,,False
COLG,2020-09-17,TRENDING_UP,False,False,,,False
COLG,2023-07-12,TRENDING_UP,False,False,,,False
CPAL,2020-08-28,TRENDING_UP,False,False,,,False
CPHL,2023-09-21,RANGING,False,False,,,False
CPHL,2023-07-18,TRENDING_UP,False,True,-2.828122362869194,-1.9831223628691936,False
CPHL,2024-09-24,TRENDING_UP,False,False,,,False
CPHL,2025-03-19,TRENDING_UP,False,False,,,False
CPHL,2024-11-29,TRENDING_UP,False,False,,,False
CPPL,2025-04-29,VOLATILE,False,False,,,False
CPPL,2023-06-06,RANGING,False,False,,,False
CPPL,2024-01-23,TRENDING_UP,False,False,,,False
CPPL,2025-09-16,TRENDING_UP,False,False,,,False
CPPL,2023-10-16,TRENDING_UP,False,False,,,False
CPPL,2025-04-08,RANGING,False,True,-0.9930750246791623,-0.14807502467916236,False
CRTM,2024-07-04,TRENDING_UP,False,True,-0.9950375093773411,-0.15003750937734114,False
CRTM,2025-06-05,TRENDING_UP,False,True,-0.522419354838705,0.3225806451612949,False
CRTM,2025-11-27,TRENDING_UP,False,True,1.9176611791730434,3.101071975497698,True
CRTM,2025-08-07,TRENDING_UP,False,True,-0.845,0.0,False
CRTM,2025-10-03,TRENDING_UP,False,False,,,False
CRTM,2024-09-11,TRENDING_UP,False,True,0.17246856287425524,1.0479041916167708,True
CRTM,2020-03-04,VOLATILE,False,False,,,False
CSAP,2022-04-27,RANGING,False,True,0.954978346456693,1.968503937007874,True
CSAP,2021-05-19,TRENDING_UP,False,True,-1.235625,-0.390625,False
CSAP,2025-12-09,TRENDING_UP,False,False,,,False
CSAP,2021-11-17,TRENDING_UP,False,False,,,False
CSAP,2021-11-08,TRENDING_UP,False,True,-5.523362573099413,-4.678362573099413,False
CSAP,2021-08-03,RANGING,False,False,,,False
CSAP,2024-12-31,TRENDING_UP,False,True,9.765083333333335,12.333333333333336,True
CSAP,2024-10-23,TRENDING_UP,False,True,-2.5662426532325755,-1.7212426532325753,False
CSAP,2026-04-23,TRENDING_UP,False,True,-1.4272256398989356,-0.5822256398989357,False
CSIL,2022-01-26,RANGING,False,True,-4.935909090909104,-4.090909090909104,False
CSIL,2023-08-01,TRENDING_UP,False,False,,,False
CSIL,2020-08-19,TRENDING_UP,False,False,,,False
CSIL,2020-01-07,TRENDING_UP,False,True,9.647603658536585,12.195121951219514,True
CSIL,2023-12-06,TRENDING_UP,False,False,,,False
CSIL,2026-01-15,TRENDING_UP,False,True,-1.9699999999999982,-1.1249999999999982,False
CSIL,2024-07-15,TRENDING_UP,False,False,,,False
CSIL,2025-12-08,TRENDING_UP,False,False,,,False
CTM,2024-02-07,RANGING,False,True,2.053489130434792,3.2608695652174022,True
CTM,2024-04-17,TRENDING_UP,False,False,,,False
CTM,2025-12-17,TRENDING_UP,False,False,,,False
CTM,2024-04-24,TRENDING_UP,False,True,-6.9674489795918415,-6.122448979591842,False
CTM,2024-01-16,VOLATILE,False,True,-1.1665434083601216,-0.32154340836012174,False
CWSM,2024-12-16,TRENDING_UP,False,True,-8.844999999999997,-7.9999999999999964,False
CWSM,2025-06-23,RANGING,False,False,,,False
CWSM,2025-05-08,VOLATILE,False,True,16.01403346456693,19.685039370078737,True
CYAN,2020-07-14,RANGING,False,False,,,False
CYAN,2025-08-11,TRENDING_UP,False,False,,,False
CYAN,2023-08-28,RANGING,False,True,-2.901698165647568,-2.056698165647568,False
CYAN,2025-07-08,TRENDING_UP,False,True,-0.845,0.0,False
CYAN,2025-10-07,TRENDING_UP,False,True,-1.2381847968545179,-0.39318479685451796,False
CYAN,2021-11-05,TRENDING_UP,False,True,-1.5307142857142915,-0.6857142857142914,False
CYAN,2026-01-16,TRENDING_UP,False,False,,,False
CYAN,2023-10-04,TRENDING_UP,False,True,1.8717777008310283,3.047091412742386,True
DAAG,2023-06-27,RANGING,False,True,4.915755763688753,6.628242074927945,True
DAAG,2025-02-25,TRENDING_UP,False,True,-7.832322171682956,-6.9873221716829566,False
DAAG,2025-09-10,TRENDING_UP,False,False,,,False
DAAG,2022-06-13,TRENDING_DOWN,False,False,,,False
DAAG,2025-05-20,TRENDING_UP,False,True,-2.902471264367823,-2.0574712643678232,False
DAAG,2025-04-03,TRENDING_UP,False,True,-0.845,0.0,False
DAAG,2023-05-16,RANGING,False,False,,,False
DAAG,2025-08-08,TRENDING_UP,False,False,,,False
DADX,2021-06-07,TRENDING_UP,False,True,1.4612371794871792,2.564102564102564,True
DADX,2023-01-16,TRENDING_DOWN,False,True,8.786131988516155,11.181625868842536,True
DADX,2025-02-20,TRENDING_UP,False,False,,,False
DADX,2024-06-20,TRENDING_UP,False,False,,,False
DADX,2025-01-02,TRENDING_UP,False,False,,,False
DADX,2026-06-16,TRENDING_UP,False,False,,,False
DADX,2026-03-25,VOLATILE,False,False,,,False
DATM,2023-02-17,VOLATILE,False,False,,,False
DAWH,2024-07-03,TRENDING_UP,False,False,,,False
DAWH,2024-10-28,TRENDING_UP,False,True,-2.8449999999999998,-2.0,False
DBCI,2025-03-13,TRENDING_UP,False,True,-3.2594869215291773,-2.4144869215291775,False
DBCI,2025-09-19,TRENDING_UP,False,False,,,False
DBCI,2025-08-28,TRENDING_UP,False,True,-0.19983870967742157,0.6451612903225784,False
DBCI,2024-11-21,TRENDING_UP,False,False,,,False
DBCI,2024-11-29,TRENDING_UP,False,False,,,False
DCL,2020-09-01,TRENDING_UP,False,False,,,False
DCL,2020-05-06,VOLATILE,False,True,-2.899794520547938,-2.054794520547938,False
DCL,2024-04-01,TRENDING_UP,False,True,3.8832537593984884,5.413533834586457,True
DCL,2024-05-23,TRENDING_UP,False,False,,,False
DCL,2021-01-29,TRENDING_UP,False,False,,,False
DCL,2024-03-15,TRENDING_UP,False,False,,,False
DCL,2024-11-11,TRENDING_UP,False,False,,,False
DCL,2020-11-09,VOLATILE,False,False,,,False
DCL,2023-11-01,TRENDING_UP,False,False,,,False
DCL,2023-12-04,TRENDING_UP,False,False,,,False
DCR,2022-07-14,RANGING,False,True,-0.845,0.0,False
DCR,2021-11-25,RANGING,False,True,1.3299427710843459,2.4096385542168774,True
DCR,2025-06-03,TRENDING_UP,False,True,-0.9914664957890851,-0.14646649578908513,False
DCR,2023-10-12,TRENDING_UP,False,True,-1.065750551876375,-0.22075055187637502,False
DCR,2024-03-19,TRENDING_UP,False,False,,,False
DCR,2023-11-30,TRENDING_UP,False,False,,,False
DCR,2021-02-17,TRENDING_UP,False,False,,,False
DEL,2025-09-02,TRENDING_UP,False,False,,,False
DEL,2024-09-24,TRENDING_UP,False,False,,,False
DEL,2024-10-28,TRENDING_UP,False,False,,,False
DEL,2025-12-01,TRENDING_UP,False,True,-0.845,0.0,False
DFML,2024-08-20,RANGING,False,False,,,False
DFML,2025-03-07,TRENDING_UP,False,True,-1.5685582038731716,-0.7235582038731717,False
DFML,2024-07-30,RANGING,False,False,,,False
DFML,2025-10-09,TRENDING_UP,False,True,-1.3116666666666685,-0.4666666666666685,False
DFML,2024-06-20,TRENDING_UP,False,False,,,False
DFML,2025-07-22,TRENDING_UP,False,True,1.0099859679266918,2.033218785796108,True
DFML,2023-10-23,TRENDING_UP,False,False,,,False
DFSM,2025-01-16,TRENDING_UP,False,False,,,False
DFSM,2025-04-14,TRENDING_UP,False,False,,,False
DFSM,2026-06-05,TRENDING_UP,False,True,5.309022727272736,7.0909090909091015,True
DFSM,2025-12-17,TRENDING_UP,False,False,,,False
DFSM,2025-11-04,VOLATILE,False,False,,,False
DGKC,2025-01-31,VOLATILE,False,False,,,False
DGKC,2021-07-02,RANGING,False,False,,,False
DGKC,2025-08-18,TRENDING_UP,False,False,,,False
DGKC,2022-09-02,RANGING,False,False,,,False
DGKC,2024-08-30,TRENDING_UP,False,False,,,False
DGKC,2025-07-11,TRENDING_UP,False,False,,,False
DGKC,2024-12-04,TRENDING_UP,False,False,,,False
DGKC,2020-09-09,TRENDING_UP,False,False,,,False
DHPL,2025-05-09,VOLATILE,False,False,,,False
DIIL,2022-10-26,RANGING,False,False,,,False
DIIL,2025-12-18,TRENDING_UP,False,False,,,False
DIIL,2024-01-02,TRENDING_UP,False,False,,,False
DINT,2024-12-04,TRENDING_UP,False,True,-0.845,0.0,False
DINT,2025-09-16,TRENDING_UP,False,False,,,False
DLL,2026-03-11,VOLATILE,False,True,5.816918033570745,7.688432980671464,True
DLL,2025-04-17,TRENDING_UP,False,False,,,False
DLL,2026-01-13,TRENDING_UP,False,True,-1.5738145199213782,-0.7288145199213782,False
DMC,2026-06-22,TRENDING_UP,False,True,1.3719139344262326,2.4590163934426266,True
DMTM,2024-09-02,TRENDING_UP,False,True,4.948416666666667,6.666666666666667,True
DMTM,2025-11-12,VOLATILE,False,True,-2.245233372228716,-1.4002333722287164,False
DMTM,2025-07-17,TRENDING_UP,False,False,,,False
DNCC,2025-03-06,TRENDING_UP,False,True,-0.17833333333333568,0.6666666666666643,False
DNCC,2021-02-18,RANGING,False,True,0.34330218554860803,1.248884924174833,True
DNCC,2025-01-21,TRENDING_UP,False,False,,,False
DNCC,2025-07-03,TRENDING_UP,False,False,,,False
DNCC,2025-04-24,VOLATILE,False,False,,,False
DNCC,2020-12-07,TRENDING_UP,False,True,7.109376918536002,9.208972845336474,True
DOL,2024-01-08,VOLATILE,False,False,,,False
DOL,2024-08-15,RANGING,False,False,,,False
DOL,2023-03-21,RANGING,False,True,-4.919074074074079,-4.074074074074079,False
DOL,2021-02-12,RANGING,False,False,,,False
DOL,2026-05-13,TRENDING_UP,False,False,,,False
DOL,2026-05-12,TRENDING_UP,False,False,,,False
DOL,2021-02-10,TRENDING_UP,False,False,,,False
DOL,2025-08-18,TRENDING_UP,False,False,,,False
DSIL,2024-12-17,TRENDING_UP,False,True,-2.906855670103094,-2.0618556701030943,False
DSIL,2024-08-27,RANGING,False,False,,,False
DSIL,2025-01-16,TRENDING_UP,False,False,,,False
DSIL,2025-10-23,TRENDING_UP,False,False,,,False
DSL,2026-07-07,TRENDING_UP,False,True,-1.4099717514124173,-0.5649717514124174,False
DSL,2025-08-11,TRENDING_UP,False,False,,,False
DSL,2024-08-09,RANGING,False,False,,,False
DSL,2024-08-21,RANGING,False,True,0.8272045454545401,1.818181818181812,True
DSL,2020-07-06,RANGING,False,False,,,False
DSL,2023-07-07,TRENDING_UP,False,True,-1.933929219600719,-1.088929219600719,False
DSL,2025-05-22,TRENDING_UP,False,False,,,False
DSL,2024-02-16,VOLATILE,False,True,-0.845,0.0,False
DSML,2024-12-19,VOLATILE,False,True,18.17514375149058,22.227522060577154,True
DWAE,2024-09-18,TRENDING_UP,False,False,,,False
DWAE,2024-10-08,TRENDING_UP,False,False,,,False
DWAE,2025-07-11,TRENDING_UP,False,True,-0.845,0.0,False
DWSM,2025-07-10,TRENDING_UP,False,False,,,False
DWSM,2024-06-20,TRENDING_UP,False,False,,,False
DWSM,2024-06-24,TRENDING_UP,False,False,,,False
DWTM,2024-09-20,TRENDING_UP,False,True,-8.844999999999997,-7.999999999999997,False
DWTM,2026-02-25,VOLATILE,False,False,,,False
DWTM,2024-05-02,TRENDING_UP,False,True,-0.845,0.0,False
DYNO,2022-08-31,RANGING,False,False,,,False
DYNO,2022-04-08,RANGING,False,False,,,False
DYNO,2022-03-30,RANGING,False,False,,,False
DYNO,2025-03-13,TRENDING_UP,False,True,-2.0578146453089268,-1.212814645308927,False
DYNO,2024-09-06,TRENDING_UP,False,False,,,False
DYNO,2025-06-02,TRENDING_UP,False,False,,,False
DYNO,2025-07-15,TRENDING_UP,False,True,-1.7062612612612562,-0.8612612612612564,False
ECOP,2026-04-06,VOLATILE,False,True,9.079326070139244,11.526560082516758,True
ECOP,2025-08-27,TRENDING_UP,False,True,-2.233888888888889,-1.3888888888888888,False
ECOP,2024-09-04,TRENDING_UP,False,False,,,False
ECOP,2022-06-16,TRENDING_DOWN,False,True,-1.4510606060606146,-0.6060606060606146,False
ECOP,2021-07-26,RANGING,False,False,,,False
ECOP,2024-11-20,TRENDING_UP,False,False,,,False
ECOP,2021-01-08,TRENDING_UP,False,False,,,False
ECOP,2024-08-15,RANGING,False,False,,,False
ECOP,2025-10-07,TRENDING_UP,False,True,-1.1695248029670742,-0.3245248029670743,False
EFERT,2020-12-16,TRENDING_UP,False,False,,,False
EFERT,2025-08-04,TRENDING_UP,False,False,,,False
EFERT,2020-07-23,RANGING,False,False,,,False
EFERT,2025-05-14,VOLATILE,False,True,0.2845589887640423,1.1797752808988733,True
EFERT,2020-09-24,TRENDING_UP,False,False,,,False
EFERT,2024-06-04,TRENDING_UP,False,True,-0.845,0.0,False
EFERT,2025-01-16,TRENDING_UP,False,False,,,False
EFERT,2025-05-30,TRENDING_UP,False,True,-0.02756130790190736,0.8174386920980926,False
EFERT,2024-03-20,TRENDING_UP,False,False,,,False
EFGH,2024-08-22,RANGING,False,True,-3.023746109381941,-2.1787461093819407,False
EFGH,2024-10-07,TRENDING_UP,False,False,,,False
EFUG,2021-05-06,RANGING,False,False,,,False
EFUG,2022-07-22,TRENDING_DOWN,False,True,-0.845,0.0,False
EFUG,2025-07-16,TRENDING_UP,False,False,,,False
EFUG,2024-02-29,TRENDING_UP,False,True,3.235238372093024,4.651162790697675,True
EFUL,2023-05-22,RANGING,False,False,,,False
EFUL,2025-12-24,TRENDING_UP,False,False,,,False
EFUL,2025-09-16,TRENDING_UP,False,False,,,False
EFUL,2025-07-30,TRENDING_UP,False,False,,,False
ELCM,2026-03-16,VOLATILE,False,True,-8.845000000000004,-8.000000000000004,False
ELCM,2025-03-10,TRENDING_UP,False,True,6.157087776977125,8.088632678796618,True
ELCM,2026-01-02,TRENDING_UP,False,False,,,False
ELCM,2025-05-27,TRENDING_UP,False,True,11.501349999999999,14.376,True
ELSM,2025-06-17,TRENDING_UP,False,False,,,False
ELSM,2024-11-21,TRENDING_UP,False,False,,,False
EMCO,2023-11-13,TRENDING_UP,False,True,50.02319486692016,59.6958174904943,True
EMCO,2021-02-08,TRENDING_UP,False,True,-2.21486301369863,-1.36986301369863,False
EMCO,2026-06-03,TRENDING_UP,False,False,,,False
EMCO,2021-04-20,RANGING,False,False,,,False
EMCO,2020-12-08,TRENDING_UP,False,False,,,False
EMCO,2026-04-22,TRENDING_UP,False,True,-0.845,0.0,False
EMCO,2024-11-20,TRENDING_UP,False,True,-5.501249999999994,-4.656249999999995,False
EMCO,2024-06-24,TRENDING_UP,False,False,,,False
ENGRO,2022-12-16,TRENDING_DOWN,False,False,,,False
ENGRO,2022-02-10,TRENDING_UP,False,False,,,False
ENGRO,2020-09-21,TRENDING_UP,False,True,-2.131279683377301,-1.2862796833773011,False
ENGROH,2025-12-29,TRENDING_UP,False,False,,,False
ENGROH,2025-04-22,TRENDING_UP,False,True,-2.465991253644315,-1.6209912536443154,False
EPCL,2022-09-07,RANGING,False,False,,,False
EPCL,2024-08-27,RANGING,False,True,0.1637816766794162,1.0376843255051955,True
EPCL,2024-08-15,RANGING,False,True,-2.8796646571213316,-2.034664657121332,False
EPCL,2021-11-25,RANGING,False,False,,,False
EPCL,2025-07-25,TRENDING_UP,False,False,,,False
EPCL,2024-11-21,TRENDING_UP,False,True,-3.0148365925528937,-2.1698365925528935,False
EPCL,2024-05-27,TRENDING_UP,False,True,0.5909454022988538,1.5402298850574752,True
EPCL,2021-01-13,TRENDING_UP,False,True,-1.63929735234216,-0.79429735234216,False
EPCL,2023-12-18,TRENDING_UP,False,False,,,False
EPCLPS,2025-08-27,TRENDING_UP,False,False,,,False
EPQL,2026-06-29,TRENDING_UP,False,False,,,False
EPQL,2020-01-06,TRENDING_UP,False,False,,,False
EPQL,2022-12-14,TRENDING_DOWN,False,False,,,False
EPQL,2023-09-08,RANGING,False,False,,,False
EPQL,2026-04-28,TRENDING_UP,False,False,,,False
EPQL,2024-03-22,TRENDING_UP,False,True,-1.94026722226471,-1.09526722226471,False
EPQL,2020-12-16,TRENDING_UP,False,False,,,False
EPQL,2023-07-21,TRENDING_UP,False,False,,,False
EPQL,2025-09-30,TRENDING_UP,False,False,,,False
ESBL,2026-01-14,TRENDING_UP,False,True,12.964676829268296,16.09756097560976,True
ESBL,2025-07-22,TRENDING_UP,False,False,,,False
ESBL,2024-05-06,TRENDING_UP,False,False,,,False
EWIC,2020-11-16,VOLATILE,False,False,,,False
EXIDE,2023-02-17,VOLATILE,False,True,0.5202411057477394,1.4570483597032229,True
EXIDE,2024-11-06,TRENDING_UP,False,False,,,False
EXIDE,2020-05-21,RANGING,False,True,-0.845,0.0,False
EXIDE,2023-02-23,RANGING,False,True,-1.300752212389381,-0.4557522123893811,False
EXIDE,2024-09-26,TRENDING_UP,False,True,-2.5495454545454543,-1.7045454545454544,False
EXIDE,2020-01-13,TRENDING_UP,False,True,-1.0390993788819876,-0.19409937888198756,False
FABL,2020-07-08,RANGING,False,False,,,False
FABL,2024-04-24,TRENDING_UP,False,False,,,False
FABL,2023-03-22,RANGING,False,False,,,False
FABL,2023-01-09,TRENDING_DOWN,False,False,,,False
FABL,2022-02-22,RANGING,False,True,-2.7599751053236306,-1.9149751053236308,False
FABL,2023-08-09,TRENDING_UP,False,True,2.1608362544308757,3.3871602993304424,True
FABL,2026-06-02,TRENDING_UP,False,True,-1.3894444444444387,-0.5444444444444387,False
FABL,2024-04-29,TRENDING_UP,False,False,,,False
FABL,2023-10-04,TRENDING_UP,False,False,,,False
FABL,2024-04-04,TRENDING_UP,False,True,2.447267241379314,3.7241379310344866,True
FABL,2020-01-13,TRENDING_UP,False,True,-3.1361051212938076,-2.2911051212938074,False
FANM,2024-12-24,TRENDING_UP,False,False,,,False
FANM,2025-07-24,TRENDING_UP,False,False,,,False
FASM,2026-04-15,VOLATILE,False,False,,,False
FASM,2025-09-04,TRENDING_UP,False,True,1.1423839552341055,2.18898112380483,True
FASM,2022-09-29,TRENDING_DOWN,False,False,,,False
FASM,2025-01-08,TRENDING_UP,False,False,,,False
FASM,2021-05-17,TRENDING_UP,False,False,,,False
FASM,2024-09-05,TRENDING_UP,False,True,-1.2729475982532708,-0.42794759825327067,False
FATIMA,2026-06-10,RANGING,False,True,10.577571766673776,13.289202078439738,True
FATIMA,2020-08-12,TRENDING_UP,False,True,-3.2144927804516863,-2.3694927804516865,False
FATIMA,2025-11-27,TRENDING_UP,False,False,,,False
FATIMA,2022-09-29,TRENDING_DOWN,False,True,-2.1348131087128244,-1.2898131087128244,False
FATIMA,2023-07-31,TRENDING_UP,False,False,,,False
FATIMA,2025-07-17,TRENDING_UP,False,False,,,False
FATIMA,2025-09-16,TRENDING_UP,False,False,,,False
FATIMA,2020-08-11,TRENDING_UP,False,False,,,False
FATIMA,2020-12-04,TRENDING_UP,False,True,-1.4170414730067935,-0.5720414730067935,False
FATIMA,2025-01-16,TRENDING_UP,False,False,,,False
FCCL,2026-05-22,VOLATILE,False,False,,,False
FCCL,2020-02-21,RANGING,False,False,,,False
FCCL,2025-01-20,TRENDING_UP,False,True,9.233673076923077,11.708144796380092,True
FCCL,2021-02-18,RANGING,False,False,,,False
FCCL,2024-12-30,TRENDING_UP,False,True,-3.9633368869936074,-3.1183368869936077,False
FCCL,2024-11-29,TRENDING_UP,False,False,,,False
FCCL,2020-10-26,TRENDING_UP,False,False,,,False
FCCL,2025-03-11,TRENDING_UP,False,False,,,False
FCCL,2025-12-17,TRENDING_UP,False,False,,,False
FCEL,2026-01-30,TRENDING_UP,False,True,-3.496515151515151,-2.6515151515151514,False
FCEL,2024-07-01,TRENDING_UP,False,False,,,False
FCEPL,2021-08-03,RANGING,False,False,,,False
FCEPL,2022-02-09,TRENDING_UP,False,True,-0.26173610284490545,0.5832638971550945,False
FCEPL,2022-04-05,RANGING,False,False,,,False
FCEPL,2021-02-23,RANGING,False,True,-4.736891891891886,-3.8918918918918854,False
FCEPL,2025-10-06,TRENDING_UP,False,True,-2.613895014932238,-1.768895014932238,False
FCEPL,2025-07-24,TRENDING_UP,False,True,-1.2403488372093063,-0.39534883720930625,False
FCEPL,2025-08-25,TRENDING_UP,False,True,-0.6811806693189789,0.16381933068102103,False
FCEPL,2021-05-28,TRENDING_UP,False,False,,,False
FCIBL,2024-03-12,TRENDING_UP,False,False,,,False
FCIBL,2026-05-11,TRENDING_UP,False,False,,,False
FCIBL,2024-11-19,TRENDING_UP,False,False,,,False
FCIBL,2026-03-06,VOLATILE,False,True,8.177098837209305,10.465116279069772,True
FCL,2026-04-28,TRENDING_UP,False,False,,,False
FCL,2024-07-04,TRENDING_UP,False,False,,,False
FCL,2024-06-14,TRENDING_UP,False,False,,,False
FCSC,2024-01-03,TRENDING_UP,False,True,-3.15269230769231,-2.3076923076923097,False
FCSC,2024-05-23,TRENDING_UP,False,False,,,False
FCSC,2024-03-19,TRENDING_UP,False,False,,,False
FDIBL,2024-03-18,TRENDING_UP,False,True,25.647490740740736,31.018518518518512,True
FDPL,2025-07-21,TRENDING_UP,False,True,0.9791386328725027,1.996927803379415,True
FDPL,2026-06-30,TRENDING_UP,False,False,,,False
FECM,2025-12-17,TRENDING_UP,False,False,,,False
FECM,2026-06-19,TRENDING_UP,False,False,,,False
FECM,2024-10-15,TRENDING_UP,False,False,,,False
FECM,2024-11-08,TRENDING_UP,False,True,-2.298957996768994,-1.4539579967689942,False
FECTC,2026-03-05,VOLATILE,False,False,,,False
FECTC,2021-11-09,TRENDING_UP,False,False,,,False
FECTC,2020-04-03,TRENDING_DOWN,False,False,,,False
FECTC,2022-12-07,RANGING,False,False,,,False
FECTC,2025-08-25,TRENDING_UP,False,False,,,False
FECTC,2026-06-04,TRENDING_UP,False,False,,,False
FECTC,2026-01-20,TRENDING_UP,False,False,,,False
FEM,2024-07-11,TRENDING_UP,False,False,,,False
FEM,2025-12-02,TRENDING_UP,False,False,,,False
FEM,2026-01-09,TRENDING_UP,False,True,-0.845,0.0,False
FEROZ,2025-05-08,VOLATILE,False,False,,,False
FEROZ,2025-09-03,TRENDING_UP,False,False,,,False
FEROZ,2025-09-22,TRENDING_UP,False,False,,,False
FEROZ,2024-04-19,TRENDING_UP,False,False,,,False
FEROZ,2020-08-07,TRENDING_UP,False,True,-3.072348878086296,-2.2273488780862962,False
FEROZ,2023-02-13,VOLATILE,False,True,-3.4530135956598524,-2.6080135956598527,False
FEROZ,2021-06-25,RANGING,False,False,,,False
FEROZ,2020-12-11,TRENDING_UP,False,False,,,False
FEROZ,2020-12-22,TRENDING_UP,False,True,5.37955824563098,7.173892053683506,True
FEROZ,2025-03-24,TRENDING_UP,False,False,,,False
FFBL,2022-04-21,RANGING,False,False,,,False
FFBL,2023-10-30,TRENDING_UP,False,True,10.494515957446817,13.19148936170214,True
FFBL,2024-05-21,TRENDING_UP,False,False,,,False
FFC,2024-09-11,TRENDING_UP,False,False,,,False
FFC,2022-11-11,RANGING,False,False,,,False
FFC,2020-09-21,TRENDING_UP,False,True,-1.9813636363636364,-1.1363636363636365,False
FFC,2025-10-07,TRENDING_UP,False,True,-2.691473029045638,-1.8464730290456384,False
FFC,2024-04-16,TRENDING_UP,False,True,-1.9164285714285714,-1.0714285714285714,False
FFC,2020-05-12,VOLATILE,False,False,,,False
FFL,2023-06-16,RANGING,False,True,-0.29954545454545,0.54545454545455,False
FFL,2025-06-10,TRENDING_UP,False,True,-6.8565606936416135,-6.011560693641614,False
FFL,2020-06-10,RANGING,False,True,-1.0301851851851977,-0.1851851851851977,False
FFL,2021-05-03,RANGING,False,True,-0.24857852882703868,0.5964214711729613,False
FFL,2020-01-15,TRENDING_UP,False,True,-0.15724209078403417,0.6877579092159658,False
FFL,2023-07-24,TRENDING_UP,False,True,3.3293690476190516,4.761904761904766,True
FFL,2020-12-04,TRENDING_UP,False,False,,,False
FFLM,2025-10-02,TRENDING_UP,False,False,,,False
FFLM,2026-02-16,VOLATILE,False,False,,,False
FFLM,2026-07-01,TRENDING_UP,False,False,,,False
FHAM,2025-10-03,TRENDING_UP,False,True,-5.130714285714285,-4.285714285714286,False
FHAM,2025-07-10,TRENDING_UP,False,False,,,False
FHAM,2025-04-04,TRENDING_UP,False,True,-0.7973809523809449,0.04761904761905506,False
FHAM,2024-03-20,TRENDING_UP,False,True,-0.4486988110964417,0.39630118890355825,False
FIBLM,2024-05-03,TRENDING_UP,False,False,,,False
FIBLM,2025-08-27,TRENDING_UP,False,False,,,False
FIL,2024-06-13,TRENDING_UP,False,False,,,False
FIL,2024-07-05,TRENDING_UP,False,True,0.6319531769486507,1.588474325821942,True
FIMM,2024-12-06,TRENDING_UP,False,True,-0.845,0.0,False
FLYNG,2025-12-09,TRENDING_UP,False,False,,,False
FLYNG,2024-05-06,TRENDING_UP,False,False,,,False
FLYNG,2023-03-06,RANGING,False,True,3.8170339931153263,5.335628227194501,True
FLYNG,2022-01-25,RANGING,False,False,,,False
FLYNG,2021-02-15,TRENDING_UP,False,False,,,False
FLYNG,2023-12-11,TRENDING_UP,False,True,-0.845,0.0,False
FLYNG,2020-04-10,VOLATILE,False,True,-7.759893617021279,-6.91489361702128,False
FML,2025-08-15,TRENDING_UP,False,False,,,False
FML,2021-03-01,RANGING,False,False,,,False
FML,2023-12-15,TRENDING_UP,False,True,5.163537602114373,6.919750120134557,True
FML,2023-04-04,TRENDING_DOWN,False,True,-2.855474742355124,-2.010474742355124,False
FML,2022-08-25,RANGING,False,False,,,False
FML,2024-08-30,TRENDING_UP,False,True,-0.845,0.0,False
FML,2024-11-12,TRENDING_UP,False,False,,,False
FNEL,2025-10-21,TRENDING_UP,False,True,12.713198489542984,15.801704105344689,True
FPJM,2024-09-16,TRENDING_UP,False,False,,,False
FPJM,2025-07-21,TRENDING_UP,False,False,,,False
FPJM,2026-01-13,TRENDING_UP,False,False,,,False
FPJM,2026-02-09,VOLATILE,False,True,-1.4653473945409519,-0.6203473945409518,False
FPRM,2025-04-04,TRENDING_UP,False,False,,,False
FPRM,2024-05-23,TRENDING_UP,False,True,0.3183353658536732,1.2195121951219685,True
FPRM,2024-10-03,TRENDING_UP,False,True,-1.2162871287128634,-0.3712871287128634,False
FPRM,2026-06-09,TRENDING_UP,False,False,,,False
FRCL,2022-01-19,RANGING,False,False,,,False
FRCL,2022-03-17,TRENDING_DOWN,False,True,-0.845,0.0,False
FRCL,2024-07-11,TRENDING_UP,False,True,-0.845,0.0,False
FRCL,2025-01-21,TRENDING_UP,False,False,,,False
FRCL,2024-12-03,TRENDING_UP,False,False,,,False
FRCL,2025-07-11,TRENDING_UP,False,True,-2.9219230769230826,-2.076923076923083,False
FRCL,2022-02-09,TRENDING_UP,False,False,,,False
FRSM,2025-08-27,TRENDING_UP,False,False,,,False
FRSM,2025-03-26,TRENDING_UP,False,False,,,False
FRSM,2026-06-04,TRENDING_UP,False,False,,,False
FRSM,2024-09-10,TRENDING_UP,False,True,-0.845,0.0,False
FSWL,2024-06-06,RANGING,False,True,-0.845,0.0,False
FSWL,2025-08-26,TRENDING_UP,False,True,3.145386363636364,4.545454545454546,True
FSWL,2025-09-11,TRENDING_UP,False,True,-0.845,0.0,False
FTMM,2025-09-01,TRENDING_UP,False,True,-1.8860958904109657,-1.0410958904109657,False
FTMM,2024-12-04,TRENDING_UP,False,False,,,False
FTMM,2026-04-20,VOLATILE,False,False,,,False
FTSM,2025-03-17,TRENDING_UP,False,False,,,False
FTSM,2024-07-22,RANGING,False,False,,,False
FTSM,2024-05-30,TRENDING_UP,False,False,,,False
FTSM,2026-06-19,TRENDING_UP,False,False,,,False
FUDLM,2024-02-28,TRENDING_UP,False,False,,,False
FZCM,2026-04-20,VOLATILE,False,False,,,False
FZCM,2023-10-12,TRENDING_UP,False,False,,,False
FZCM,2020-12-15,TRENDING_UP,False,True,-0.47046816479400744,0.37453183520599254,False
FZCM,2023-11-06,TRENDING_UP,False,True,-0.845,0.0,False
FZCM,2025-02-25,TRENDING_UP,False,True,-0.7016308243727606,0.14336917562723941,False
FZCM,2024-05-29,TRENDING_UP,False,False,,,False
GADT,2025-11-26,TRENDING_UP,False,False,,,False
GADT,2025-07-21,TRENDING_UP,False,False,,,False
GADT,2024-12-20,TRENDING_UP,False,False,,,False
GADT,2026-02-20,VOLATILE,False,True,-4.293275862068965,-3.4482758620689653,False
GAIL,2021-06-23,TRENDING_UP,False,True,0.6025047169811375,1.5538290788013382,True
GAIL,2020-09-29,RANGING,False,False,,,False
GAIL,2020-08-06,TRENDING_UP,False,False,,,False
GAL,2024-12-26,TRENDING_UP,False,True,4.534039554019443,6.1791641811993445,True
GAL,2025-12-23,TRENDING_UP,False,False,,,False
GAL,2024-09-05,TRENDING_UP,False,False,,,False
GAL,2026-06-03,TRENDING_UP,False,True,1.3656332345375195,2.451627334750023,True
GAMON,2022-07-28,TRENDING_DOWN,False,True,6.837305555555563,8.888888888888898,True
GAMON,2025-01-07,TRENDING_UP,False,False,,,False
GAMON,2023-11-22,TRENDING_UP,False,True,-0.845,0.0,False
GAMON,2026-01-20,TRENDING_UP,False,True,-3.1587436372049975,-2.3137436372049978,False
GAMON,2020-08-05,TRENDING_UP,False,True,-1.4661180124223692,-0.6211180124223691,False
GATI,2024-10-22,TRENDING_UP,False,True,-1.7260572687224638,-0.8810572687224639,False
GATI,2024-12-31,TRENDING_UP,False,False,,,False
GATM,2022-04-19,RANGING,False,False,,,False
GATM,2024-05-20,TRENDING_UP,False,False,,,False
GATM,2021-02-24,RANGING,False,False,,,False
GATM,2021-07-14,RANGING,False,False,,,False
GATM,2020-11-11,TRENDING_UP,False,False,,,False
GATM,2024-10-10,TRENDING_UP,False,False,,,False
GATM,2023-11-17,TRENDING_UP,False,False,,,False
GATM,2024-10-04,TRENDING_UP,False,True,-0.6995101842871116,0.14548981571288838,False
GCIL,2024-10-28,TRENDING_UP,False,True,2.6180568688670793,3.925066904549505,True
GCIL,2023-03-14,RANGING,False,True,-1.293430493273549,-0.44843049327354895,False
GCIL,2022-09-02,RANGING,False,False,,,False
GCIL,2022-12-06,RANGING,False,False,,,False
GCIL,2024-10-24,TRENDING_UP,False,False,,,False
GCIL,2022-12-08,RANGING,False,False,,,False
GCIL,2024-11-25,TRENDING_UP,False,False,,,False
GCIL,2023-10-17,TRENDING_UP,False,True,-0.7328923766816167,0.11210762331838327,False
GCIL,2023-07-07,TRENDING_UP,False,False,,,False
GCWL,2026-01-27,TRENDING_UP,False,False,,,False
GCWL,2025-08-25,TRENDING_UP,False,False,,,False
GEMBCEM,2025-07-31,TRENDING_UP,False,True,2.3448130630630657,3.603603603603607,True
GEMBLUEX,2024-08-30,TRENDING_UP,False,True,-0.845,0.0,False
GEMBLUEX,2025-04-29,VOLATILE,False,False,,,False
GEMMEL,2025-09-02,TRENDING_UP,False,False,,,False
GEMPACRA,2025-12-10,TRENDING_UP,False,False,,,False
GEMPACRA,2025-10-15,TRENDING_UP,False,False,,,False
GEMPAPL,2024-12-31,TRENDING_UP,False,False,,,False
GEMPAPL,2026-06-16,TRENDING_UP,False,False,,,False
GEMSPNL,2025-06-25,TRENDING_UP,False,True,11.657040023201864,14.559164733178665,True
GEMSPNL,2025-10-22,TRENDING_UP,False,False,,,False
GEMSPNL,2026-02-11,VOLATILE,False,True,1.2931435144610015,2.36634531113059,True
GFIL,2024-10-16,TRENDING_UP,False,False,,,False
GFIL,2024-07-25,RANGING,False,False,,,False
GFIL,2021-01-11,TRENDING_UP,False,True,4.99993181818182,6.727272727272729,True
GFIL,2026-04-07,VOLATILE,False,False,,,False
GFIL,2025-10-02,TRENDING_UP,False,False,,,False
GFIL,2024-07-24,TRENDING_UP,False,False,,,False
GFIL,2025-06-11,TRENDING_UP,False,False,,,False
GGGL,2023-12-28,VOLATILE,False,False,,,False
GGGL,2023-08-02,TRENDING_UP,False,False,,,False
GGGL,2023-06-07,RANGING,False,False,,,False
GGGL,2023-07-11,TRENDING_UP,False,False,,,False
GGGL,2023-10-19,TRENDING_UP,False,False,,,False
GGGL,2024-07-24,TRENDING_UP,False,False,,,False
GGGL,2025-09-24,TRENDING_UP,False,False,,,False
GGL,2023-12-15,TRENDING_UP,False,False,,,False
GGL,2022-06-21,RANGING,False,False,,,False
GGL,2020-08-13,TRENDING_UP,False,True,-0.2793180389692027,0.5656819610307973,False
GGL,2020-07-27,RANGING,False,False,,,False
GGL,2020-08-27,TRENDING_UP,False,False,,,False
GGL,2020-09-11,TRENDING_UP,False,False,,,False
GGL,2025-10-21,TRENDING_UP,False,True,3.516975955967552,4.982618771726532,True
GGL,2025-09-24,TRENDING_UP,False,True,-2.0154462326261897,-1.1704462326261897,False
GGL,2025-09-04,TRENDING_UP,False,True,-1.8120487106017302,-0.9670487106017303,False
GHGL,2020-06-15,RANGING,False,True,-2.1017324955116745,-1.2567324955116748,False
GHGL,2020-09-15,TRENDING_UP,False,True,-0.4732527881040839,0.3717472118959161,False
GHGL,2023-08-03,TRENDING_UP,False,False,,,False
GHGL,2024-10-04,TRENDING_UP,False,False,,,False
GHGL,2023-10-27,TRENDING_UP,False,False,,,False
GHGL,2024-06-03,TRENDING_UP,False,True,-3.0672222222222274,-2.2222222222222276,False
GHNI,2021-04-23,RANGING,False,True,2.350502258945427,3.610296775229914,True
GHNI,2025-06-04,TRENDING_UP,False,False,,,False
GHNI,2021-09-29,RANGING,False,True,0.8388861083407738,1.8319248333420868,True
GHNI,2020-06-18,RANGING,False,False,,,False
GHNI,2025-06-24,TRENDING_UP,False,False,,,False
GHNI,2025-12-19,TRENDING_UP,False,False,,,False
GHNI,2020-01-14,TRENDING_UP,False,True,-3.633844621513944,-2.788844621513944,False
GHNI,2024-04-01,TRENDING_UP,False,False,,,False
GHNI,2025-09-10,TRENDING_UP,False,False,,,False
GHNI,2025-04-18,TRENDING_UP,False,False,,,False
GHNL,2022-11-30,RANGING,False,False,,,False
GHNL,2020-12-04,TRENDING_UP,False,False,,,False
GHNL,2021-09-09,RANGING,False,False,,,False
GLAXO,2023-03-07,RANGING,False,True,-0.9757966706302015,-0.13079667063020148,False
GLAXO,2021-01-15,TRENDING_UP,False,True,-1.1138172043010752,-0.2688172043010753,False
GLAXO,2021-08-24,TRENDING_UP,False,True,-1.4672110489598449,-0.6222110489598448,False
GLAXO,2024-11-08,TRENDING_UP,False,True,8.026508177243498,10.287950796757057,True
GLAXO,2025-02-10,VOLATILE,False,False,,,False
GLAXO,2020-12-15,TRENDING_UP,False,True,0.17196630440503555,1.0473132993000418,True
GLPL,2024-07-24,TRENDING_UP,False,False,,,False
GLPL,2022-01-11,RANGING,False,True,-2.018255116325572,-1.1732551163255722,False
GLPL,2022-08-03,RANGING,False,True,6.799967054263563,8.844961240310074,True
GLPL,2026-01-13,TRENDING_UP,False,False,,,False
GLPL,2020-12-15,TRENDING_UP,False,False,,,False
GLPL,2026-05-11,TRENDING_UP,False,False,,,False
GLPL,2024-01-10,VOLATILE,False,True,-0.845,0.0,False
GLPL,2025-07-01,TRENDING_UP,False,False,,,False
GLPL,2024-04-25,TRENDING_UP,False,False,,,False
GOC,2024-10-02,TRENDING_UP,False,True,-2.6485743564518796,-1.8035743564518796,False
GOC,2025-10-16,TRENDING_UP,False,True,0.8691863327674043,1.8675721561969463,True
GOC,2023-06-05,RANGING,False,True,-0.845,0.0,False
GOC,2023-08-17,TRENDING_UP,False,False,,,False
GOC,2025-09-09,TRENDING_UP,False,False,,,False
GOC,2025-10-06,TRENDING_UP,False,False,,,False
GOC,2025-01-27,VOLATILE,False,True,-1.0235424444083743,-0.17854244440837433,False
GRR,2025-04-07,RANGING,False,True,-1.167580645161295,-0.3225806451612949,False
GRR,2025-05-30,TRENDING_UP,False,True,1.819836532602064,2.985984156002428,True
GRR,2024-07-02,TRENDING_UP,False,False,,,False
GRR,2023-01-26,VOLATILE,False,True,-0.368809523809517,0.476190476190483,False
GRR,2025-07-04,TRENDING_UP,False,True,-2.9229220779220704,-2.0779220779220706,False
GRYL,2024-10-09,TRENDING_UP,False,True,-0.845,0.0,False
GRYL,2025-12-02,TRENDING_UP,False,False,,,False
GRYL,2025-06-24,TRENDING_UP,False,False,,,False
GRYL,2025-04-14,TRENDING_UP,False,True,-0.845,0.0,False
GSKCH,2020-07-22,RANGING,False,False,,,False
GSKCH,2021-04-27,TRENDING_UP,False,True,-2.6001190973673287,-1.7551190973673285,False
GSKCH,2020-07-23,RANGING,False,False,,,False
GSPM,2025-03-21,TRENDING_UP,False,False,,,False
GSPM,2026-01-01,TRENDING_UP,False,False,,,False
GSPM,2026-05-07,TRENDING_UP,False,False,,,False
GSPM,2026-07-06,TRENDING_UP,False,False,,,False
GTYR,2025-02-14,RANGING,False,False,,,False
GTYR,2024-09-30,TRENDING_UP,False,False,,,False
GTYR,2021-06-02,TRENDING_UP,False,True,1.0765215339068261,2.111495922243325,True
GTYR,2025-09-23,TRENDING_UP,False,False,,,False
GTYR,2025-08-19,TRENDING_UP,False,False,,,False
GTYR,2026-07-01,TRENDING_UP,False,False,,,False
GTYR,2025-01-02,TRENDING_UP,False,True,-2.7869342434147244,-1.9419342434147242,False
GUSM,2024-09-26,TRENDING_UP,False,True,-4.614230769230771,-3.7692307692307705,False
GUSM,2025-06-11,TRENDING_UP,False,False,,,False
GUSM,2025-04-21,TRENDING_UP,False,False,,,False
GUSM,2026-01-02,TRENDING_UP,False,False,,,False
GUSM,2025-03-11,TRENDING_UP,False,True,-3.211863905325435,-2.3668639053254354,False
GVGL,2021-10-04,RANGING,False,True,3.8353214285714285,5.357142857142857,True
GVGL,2020-09-18,TRENDING_UP,False,True,-8.307365591397847,-7.462365591397847,False
GVGL,2023-09-07,RANGING,False,True,-1.9878571428571388,-1.1428571428571388,False
GVGL,2023-05-10,RANGING,False,True,-0.845,0.0,False
GVGL,2020-06-04,RANGING,False,False,,,False
GVGL,2022-02-07,RANGING,False,False,,,False
GVGL,2024-05-27,TRENDING_UP,False,True,-2.586293532338315,-1.7412935323383154,False
GVGL,2024-05-16,TRENDING_UP,False,True,0.031120277078073456,0.8816120906800864,True
GVGL,2026-01-09,TRENDING_UP,False,False,,,False
GVGL,2021-01-21,TRENDING_UP,False,False,,,False
GWLC,2021-03-22,VOLATILE,False,True,0.5350199167657643,1.4744351961950168,True
GWLC,2021-04-28,TRENDING_UP,False,True,-0.845,0.0,False
GWLC,2022-03-11,TRENDING_DOWN,False,False,,,False
GWLC,2024-07-26,RANGING,False,True,-0.845,0.0,False
GWLC,2026-02-02,TRENDING_UP,False,False,,,False
GWLC,2020-08-12,TRENDING_UP,False,True,0.3668563829787259,1.276595744680854,True
GWLC,2024-12-18,TRENDING_UP,False,True,5.685240104277505,7.533517769738241,True
GWLC,2021-11-05,TRENDING_UP,False,True,-2.257818745692626,-1.4128187456926262,False
GWLC,2021-05-26,TRENDING_UP,False,False,,,False
GWLC,2023-08-11,TRENDING_UP,False,True,-2.591724890829696,-1.746724890829696,False
HABSM,2024-07-03,TRENDING_UP,False,False,,,False
HABSM,2025-03-14,TRENDING_UP,False,False,,,False
HABSM,2026-07-08,TRENDING_UP,False,False,,,False
HAEL,2024-12-20,TRENDING_UP,False,False,,,False
HAEL,2025-07-15,TRENDING_UP,False,False,,,False
HAEL,2024-10-03,TRENDING_UP,False,True,1.459311837455824,2.561837455830381,True
HAEL,2020-01-16,TRENDING_UP,False,True,-5.3588888888888855,-4.513888888888886,False
HAEL,2021-01-20,TRENDING_UP,False,False,,,False
HAEL,2023-02-14,VOLATILE,False,False,,,False
HAEL,2023-11-01,TRENDING_UP,False,True,-3.6227777777777774,-2.7777777777777777,False
HAFL,2026-01-22,TRENDING_UP,False,True,0.15941978520479527,1.0325526884762297,True
HAFL,2026-01-23,TRENDING_UP,False,False,,,False
HAFL,2026-01-30,TRENDING_UP,False,True,-2.9047513453330875,-2.059751345333088,False
HALEON,2025-06-10,TRENDING_UP,False,False,,,False
HALEON,2025-03-07,TRENDING_UP,False,True,-0.845,0.0,False
HALEON,2025-06-17,TRENDING_UP,False,True,-3.476578947368421,-2.631578947368421,False
HALEON,2024-10-08,TRENDING_UP,False,False,,,False
HASCOL,2025-01-21,TRENDING_UP,False,True,-2.9068556701030914,-2.0618556701030912,False
HASCOL,2023-06-02,RANGING,False,False,,,False
HASCOL,2025-07-02,TRENDING_UP,False,False,,,False
HASCOL,2024-11-13,TRENDING_UP,False,False,,,False
HASCOL,2020-08-27,TRENDING_UP,False,False,,,False
HASCOL,2025-05-19,TRENDING_UP,False,False,,,False
HBL,2021-11-29,RANGING,False,False,,,False
HBL,2025-11-03,VOLATILE,False,False,,,False
HBL,2024-09-04,TRENDING_UP,False,False,,,False
HBL,2025-12-03,TRENDING_UP,False,False,,,False
HBL,2023-10-26,TRENDING_UP,False,False,,,False
HBL,2026-01-22,TRENDING_UP,False,False,,,False
HBL,2025-09-25,TRENDING_UP,False,False,,,False
HBL,2023-10-19,TRENDING_UP,False,False,,,False
HBLTETF,2025-03-10,TRENDING_UP,False,False,,,False
HCAR,2022-08-19,RANGING,False,False,,,False
HCAR,2025-07-21,TRENDING_UP,False,False,,,False
HCAR,2025-03-25,TRENDING_UP,False,False,,,False
HCAR,2025-10-07,TRENDING_UP,False,False,,,False
HCAR,2023-12-15,TRENDING_UP,False,False,,,False
HCAR,2024-07-10,TRENDING_UP,False,True,-1.1170995884493764,-0.2720995884493763,False
HCL,2024-02-01,RANGING,False,False,,,False
HCL,2024-08-16,RANGING,False,True,-8.153309762250593,-7.308309762250594,False
HGFA,2024-10-09,TRENDING_UP,False,True,0.5894423076923031,1.538461538461533,True
HGFA,2025-06-11,TRENDING_UP,False,False,,,False
HGFA,2024-06-10,RANGING,False,True,1.1567500000000046,2.205882352941182,True
HICL,2025-11-25,TRENDING_UP,False,True,-0.845,0.0,False
HICL,2022-02-08,RANGING,False,False,,,False
HICL,2024-03-06,TRENDING_UP,False,True,5.373416666666662,7.166666666666662,True
HICL,2024-12-17,TRENDING_UP,False,False,,,False
HICL,2024-09-30,TRENDING_UP,False,True,13.26095604914934,16.446124763705107,True
HICL,2025-10-23,TRENDING_UP,False,True,-1.0010062402496067,-0.15600624024960666,False
HIFA,2025-04-16,TRENDING_UP,False,True,6.813395569620247,8.86075949367088,True
HIFA,2025-03-27,TRENDING_UP,False,False,,,False
HIFA,2024-04-23,TRENDING_UP,False,False,,,False
HINO,2020-05-21,RANGING,False,True,-0.845,0.0,False
HINO,2024-03-11,TRENDING_UP,False,True,-2.613172888015717,-1.768172888015717,False
HINO,2026-07-08,TRENDING_UP,False,False,,,False
HINO,2026-01-06,TRENDING_UP,False,True,0.025335450588088754,0.874806412456575,True
HINO,2024-12-13,TRENDING_UP,False,False,,,False
HINO,2024-12-17,TRENDING_UP,False,False,,,False
HINO,2024-03-05,TRENDING_UP,False,False,,,False
HINOON,2021-04-20,RANGING,False,False,,,False
HINOON,2020-01-08,TRENDING_UP,False,False,,,False
HINOON,2023-10-30,TRENDING_UP,False,False,,,False
HINOON,2023-10-09,TRENDING_UP,False,True,8.829695205479451,11.232876712328768,True
HINOON,2021-05-21,TRENDING_UP,False,False,,,False
HINOON,2023-07-07,TRENDING_UP,False,False,,,False
HIRAT,2024-01-31,RANGING,False,False,,,False
HIRAT,2025-07-23,TRENDING_UP,False,False,,,False
HIRAT,2026-04-29,TRENDING_UP,False,True,-6.767551252847376,-5.922551252847376,False
HMB,2025-03-21,TRENDING_UP,False,False,,,False
HMB,2024-04-23,TRENDING_UP,False,True,-3.489628099173556,-2.644628099173556,False
HMB,2024-03-21,TRENDING_UP,False,False,,,False
HMB,2023-10-04,TRENDING_UP,False,False,,,False
HMB,2021-01-13,TRENDING_UP,False,False,,,False
HMB,2024-11-06,TRENDING_UP,False,False,,,False
HMB,2024-10-08,TRENDING_UP,False,False,,,False
HMM,2020-01-03,TRENDING_UP,False,False,,,False
HMM,2021-07-27,RANGING,False,False,,,False
HPL,2024-10-28,TRENDING_UP,False,False,,,False
HPL,2024-07-11,TRENDING_UP,False,True,0.39286111111111116,1.3071895424836601,True
HPL,2025-09-16,TRENDING_UP,False,False,,,False
HPL,2025-06-03,TRENDING_UP,False,False,,,False
HRPL,2025-08-22,TRENDING_UP,False,False,,,False
HSPI,2024-09-30,TRENDING_UP,False,True,-1.2999590536851748,-0.4549590536851748,False
HSPI,2024-11-12,TRENDING_UP,False,True,-1.613245838668369,-0.7682458386683689,False
HTL,2023-06-08,RANGING,False,False,,,False
HTL,2024-12-10,TRENDING_UP,False,True,-1.712256637168145,-0.867256637168145,False
HTL,2024-01-31,RANGING,False,False,,,False
HTL,2022-04-20,RANGING,False,True,0.22384454874463186,1.108346527934861,True
HTL,2026-06-23,TRENDING_UP,False,False,,,False
HTL,2025-07-15,TRENDING_UP,False,False,,,False
HTL,2025-01-16,TRENDING_UP,False,False,,,False
HTL,2025-12-26,TRENDING_UP,False,True,4.75323503670242,6.437041219649905,True
HTL,2024-08-29,TRENDING_UP,False,False,,,False
HUBC,2025-05-19,TRENDING_UP,False,False,,,False
HUBC,2023-08-04,TRENDING_UP,False,True,-2.028431952662722,-1.183431952662722,False
HUBC,2026-06-01,TRENDING_UP,False,True,-0.845,0.0,False
HUBC,2022-11-03,RANGING,False,True,1.804005192878338,2.9673590504451037,True
HUBC,2022-12-27,TRENDING_DOWN,False,False,,,False
HUBC,2022-04-06,RANGING,False,False,,,False
HUBC,2023-09-21,RANGING,False,False,,,False
HUBC,2020-09-16,TRENDING_UP,False,False,,,False
HUBC,2020-12-15,TRENDING_UP,False,False,,,False
HUBC,2024-07-08,TRENDING_UP,False,False,,,False
HUBC,2025-05-30,TRENDING_UP,False,False,,,False
HUMNL,2026-02-16,VOLATILE,False,False,,,False
HUMNL,2022-02-24,RANGING,False,True,4.168285552193644,5.748865355521934,True
HUMNL,2024-12-31,TRENDING_UP,False,False,,,False
HUMNL,2024-09-23,TRENDING_UP,False,False,,,False
HUMNL,2026-05-25,TRENDING_UP,False,False,,,False
HUMNL,2025-01-03,TRENDING_UP,False,False,,,False
HUSI,2022-09-13,RANGING,False,True,-0.48571856287423787,0.3592814371257621,False
HUSI,2025-06-20,RANGING,False,True,5.018929487179484,6.749622926093511,True
HUSI,2021-10-06,RANGING,False,False,,,False
HUSI,2026-07-02,TRENDING_UP,False,True,-7.808146704464919,-6.963146704464919,False
HUSI,2023-02-09,VOLATILE,False,False,,,False
HUSI,2024-10-04,TRENDING_UP,False,True,-0.845,0.0,False
HWQS,2025-12-16,TRENDING_UP,False,False,,,False
HWQS,2025-09-29,TRENDING_UP,False,False,,,False
HWQS,2026-06-22,TRENDING_UP,False,True,-6.677147937411097,-5.832147937411097,False
HWQS,2025-10-07,TRENDING_UP,False,True,-2.465111731843571,-1.620111731843571,False
IBFL,2025-08-07,TRENDING_UP,False,False,,,False
IBFL,2024-11-29,TRENDING_UP,False,True,-0.20785714285713763,0.6371428571428623,False
IBLHL,2020-01-31,RANGING,False,True,0.501315217391298,1.4347826086956448,True
IBLHL,2020-12-24,TRENDING_UP,False,False,,,False
IBLHL,2023-08-18,TRENDING_UP,False,True,-2.2256706114398477,-1.3806706114398477,False
IBLHL,2020-08-10,TRENDING_UP,False,False,,,False
IBLHL,2024-07-01,TRENDING_UP,False,False,,,False
IBLHL,2025-11-12,VOLATILE,False,False,,,False
ICCI,2026-06-10,RANGING,False,False,,,False
ICCI,2025-06-12,TRENDING_UP,False,False,,,False
ICCI,2026-01-22,TRENDING_UP,False,True,2.397287848605571,3.6653386454183194,True
ICCI,2026-07-03,TRENDING_UP,False,False,,,False
ICCI,2026-01-15,TRENDING_UP,False,False,,,False
ICI,2020-12-17,TRENDING_UP,False,False,,,False
ICI,2021-07-08,RANGING,False,False,,,False
ICI,2022-02-14,TRENDING_UP,False,True,0.38091202954602726,1.2931317994659144,True
ICI,2021-03-05,RANGING,False,True,-3.820000000000001,-2.9750000000000014,False
ICIBL,2024-12-10,TRENDING_UP,False,True,-1.4438023952095813,-0.5988023952095813,False
ICIBL,2024-04-02,TRENDING_UP,False,False,,,False
ICIBL,2025-11-27,TRENDING_UP,False,True,-4.09286324786324,-3.24786324786324,False
ICL,2025-02-06,VOLATILE,False,False,,,False
ICL,2020-09-22,TRENDING_UP,False,False,,,False
ICL,2020-11-02,VOLATILE,False,False,,,False
ICL,2024-09-16,TRENDING_UP,False,False,,,False
ICL,2024-09-02,TRENDING_UP,False,True,1.1874103773585005,2.2419533851276476,True
ICL,2025-08-13,TRENDING_UP,False,True,-1.9319565217391304,-1.0869565217391304,False
ICL,2023-07-13,TRENDING_UP,False,False,,,False
IDRT,2025-11-24,RANGING,False,True,-5.273571428571428,-4.428571428571428,False
IDRT,2025-06-30,TRENDING_UP,False,False,,,False
IDRT,2026-01-08,TRENDING_UP,False,True,-3.0918251383914077,-2.2468251383914075,False
IDRT,2025-01-08,TRENDING_UP,False,False,,,False
IDSM,2024-06-26,TRENDING_UP,False,True,-0.845,0.0,False
IDSM,2024-07-19,TRENDING_UP,False,False,,,False
IDSM,2025-05-23,TRENDING_UP,False,False,,,False
IDSM,2026-05-15,VOLATILE,False,True,-8.844999999999997,-7.999999999999997,False
IDSM,2024-07-15,TRENDING_UP,False,True,2.5405359424920153,3.833865814696489,True
IDYM,2024-11-20,TRENDING_UP,False,False,,,False
IDYM,2024-04-26,TRENDING_UP,False,True,-1.4901612903225785,-0.6451612903225784,False
IGIHL,2026-04-08,VOLATILE,False,True,-0.8503188660177602,-0.0053188660177601755,False
IGIHL,2025-02-20,TRENDING_UP,False,False,,,False
IGIHL,2025-07-09,TRENDING_UP,False,True,1.8190634328358208,2.9850746268656714,True
IGIHL,2025-04-14,TRENDING_UP,False,False,,,False
IGIHL,2025-01-01,TRENDING_UP,False,False,,,False
IGIHL,2025-07-18,TRENDING_UP,False,False,,,False
IGIHL,2020-01-08,TRENDING_UP,False,False,,,False
IGIL,2024-06-11,RANGING,False,True,10.534872398001665,13.238967527060783,True
IGIL,2025-07-16,TRENDING_UP,False,False,,,False
IGIL,2023-05-02,RANGING,False,False,,,False
IGIL,2024-04-04,TRENDING_UP,False,True,-0.845,0.0,False
IGIL,2025-09-05,TRENDING_UP,False,True,-2.0016265060240888,-1.1566265060240888,False
ILP,2022-01-05,RANGING,False,True,0.5573298090041027,1.5006821282401208,True
ILP,2020-08-19,TRENDING_UP,False,True,-2.4733524904214583,-1.6283524904214586,False
ILP,2025-12-23,TRENDING_UP,False,False,,,False
ILP,2021-07-26,RANGING,False,True,-1.7614420485175293,-0.9164420485175293,False
ILP,2020-07-15,RANGING,False,True,4.746166254568914,6.428725005375193,True
ILP,2024-11-28,TRENDING_UP,False,False,,,False
ILP,2021-11-09,TRENDING_UP,False,False,,,False
ILP,2025-10-07,TRENDING_UP,False,True,0.07930473414841782,0.9382996872334327,True
ILP,2024-04-22,TRENDING_UP,False,True,2.8852711267605695,4.239436619718317,True
ILTM,2020-03-02,VOLATILE,False,False,,,False
IMAGE,2026-06-04,TRENDING_UP,False,True,-1.0478397565922806,-0.20283975659228054,False
IMAGE,2024-08-16,RANGING,False,False,,,False
IMAGE,2024-09-12,TRENDING_UP,False,False,,,False
IMAGE,2025-08-19,TRENDING_UP,False,True,-1.340750708215287,-0.49575070821528694,False
IMAGE,2025-04-17,TRENDING_UP,False,True,-2.2735714285714343,-1.4285714285714344,False
IMAGE,2024-03-05,TRENDING_UP,False,True,-1.3253843074459608,-0.4803843074459607,False
IML,2025-11-25,TRENDING_UP,False,False,,,False
IML,2025-03-10,TRENDING_UP,False,True,-0.845,0.0,False
IML,2025-09-24,TRENDING_UP,False,False,,,False
IMS,2026-04-20,VOLATILE,False,False,,,False
IMS,2025-09-26,TRENDING_UP,False,False,,,False
INDU,2023-01-02,RANGING,False,True,-0.745,0.1,False
INDU,2023-07-07,TRENDING_UP,False,True,0.8880983735571869,1.8898216159496317,True
INDU,2021-07-28,RANGING,False,True,1.0107799409018239,2.0341528716492046,True
INDU,2024-03-18,TRENDING_UP,False,False,,,False
INDU,2025-10-06,TRENDING_UP,False,False,,,False
INDU,2024-08-23,TRENDING_UP,False,True,8.045944406592698,10.310816948932587,True
INDU,2023-11-14,TRENDING_UP,False,False,,,False
INIL,2025-07-30,TRENDING_UP,False,True,-2.451976361542262,-1.6069763615422623,False
INIL,2023-09-12,RANGING,False,True,0.2686450454075231,1.161052994597086,True
INIL,2025-12-24,TRENDING_UP,False,True,-2.2078891127963054,-1.3628891127963056,False
INIL,2021-09-14,RANGING,False,False,,,False
INIL,2025-04-22,TRENDING_UP,False,True,-2.330714285714288,-1.485714285714288,False
INIL,2024-11-05,TRENDING_UP,False,False,,,False
INIL,2024-04-29,TRENDING_UP,False,True,-4.2044109526001,-3.3594109526001006,False
INIL,2024-03-01,TRENDING_UP,False,False,,,False
INKL,2020-07-13,RANGING,False,True,4.138892857142857,5.714285714285714,True
INKL,2024-06-25,TRENDING_UP,False,True,-0.845,0.0,False
INKL,2025-04-03,TRENDING_UP,False,False,,,False
INKL,2026-01-13,TRENDING_UP,False,True,-3.3449999999999998,-2.5,False
INKL,2026-01-01,TRENDING_UP,False,True,-2.75582802547771,-1.9108280254777097,False
IPAK,2024-10-22,TRENDING_UP,False,False,,,False
IPAK,2025-09-16,TRENDING_UP,False,False,,,False
IPAK,2024-09-02,TRENDING_UP,False,False,,,False
ISIL,2025-08-11,TRENDING_UP,False,True,3.292342200288878,4.718343765045739,True
ISIL,2025-01-09,VOLATILE,False,True,6.764055243145431,8.80271205075933,True
ISIL,2024-12-30,TRENDING_UP,False,False,,,False
ISIL,2025-09-04,TRENDING_UP,False,False,,,False
ISIL,2024-12-12,TRENDING_UP,False,False,,,False
ISL,2023-06-12,RANGING,False,False,,,False
ISL,2024-09-05,TRENDING_UP,False,False,,,False
ISL,2026-07-09,TRENDING_UP,False,False,,,False
ISL,2024-12-17,TRENDING_UP,False,False,,,False
ISL,2023-08-18,TRENDING_UP,False,False,,,False
ISL,2025-07-24,TRENDING_UP,False,False,,,False
ISL,2024-03-08,TRENDING_UP,False,False,,,False
ISL,2024-09-05,TRENDING_UP,False,False,,,False
ISL,2021-01-05,TRENDING_UP,False,False,,,False
ITTEFAQ,2020-09-25,RANGING,False,False,,,False
ITTEFAQ,2024-10-16,TRENDING_UP,False,False,,,False
ITTEFAQ,2021-05-26,TRENDING_UP,False,True,26.305485165521546,31.792629606495936,True
ITTEFAQ,2026-06-10,RANGING,False,False,,,False
ITTEFAQ,2023-09-14,RANGING,False,False,,,False
ITTEFAQ,2025-04-04,TRENDING_UP,False,True,-0.06980620155039263,0.7751937984496073,False
ITTEFAQ,2025-06-04,TRENDING_UP,False,False,,,False
ITTEFAQ,2024-11-05,TRENDING_UP,False,False,,,False
ITTEFAQ,2020-08-28,TRENDING_UP,False,False,,,False
ITTEFAQ,2024-02-29,TRENDING_UP,False,True,-1.0014945226917025,-0.15649452269170244,False
JATM,2025-04-21,TRENDING_UP,False,False,,,False
JATM,2025-06-23,RANGING,False,False,,,False
JATM,2024-10-01,TRENDING_UP,False,True,-8.15217185385657,-7.30717185385657,False
JDMT,2025-04-10,TRENDING_UP,False,False,,,False
JDMT,2024-11-27,TRENDING_UP,False,True,-3.800223880597021,-2.955223880597021,False
JDMT,2024-07-01,TRENDING_UP,False,True,-0.931370703057518,-0.08637070305751798,False
JDWS,2024-05-14,TRENDING_UP,False,True,-0.845,0.0,False
JDWS,2024-12-03,TRENDING_UP,False,False,,,False
JDWS,2024-05-02,TRENDING_UP,False,False,,,False
JGICL,2020-10-27,TRENDING_UP,False,False,,,False
JGICL,2024-03-29,TRENDING_UP,False,True,-2.458468958260262,-1.6134689582602624,False
JGICL,2023-07-07,TRENDING_UP,False,True,6.505981464737799,8.499095840867998,True
JGICL,2022-10-21,RANGING,False,False,,,False
JGICL,2020-08-10,TRENDING_UP,False,False,,,False
JGICL,2023-12-07,TRENDING_UP,False,False,,,False
JGICL,2024-07-18,TRENDING_UP,False,False,,,False
JKSM,2026-05-06,VOLATILE,False,False,,,False
JKSM,2025-09-10,TRENDING_UP,False,True,14.918132978723413,18.395744680851074,True
JKSM,2026-01-23,TRENDING_UP,False,False,,,False
JLICL,2023-11-21,TRENDING_UP,False,True,7.791483355144769,10.01145100605267,True
JLICL,2024-05-07,TRENDING_UP,False,True,-0.845,0.0,False
JLICL,2022-01-27,RANGING,False,True,-3.1814485981308414,-2.336448598130841,False
JLICL,2025-12-05,TRENDING_UP,False,True,-3.9496511627906994,-3.1046511627906996,False
JLICL,2026-05-13,TRENDING_UP,False,False,,,False
JLICL,2026-06-01,TRENDING_UP,False,False,,,False
JLICL,2025-07-03,TRENDING_UP,False,False,,,False
JLICL,2024-07-09,TRENDING_UP,False,False,,,False
JOPP,2022-04-26,RANGING,False,True,-2.928333333333333,-2.083333333333333,False
JOPP,2024-02-01,RANGING,False,True,-0.845,0.0,False
JOPP,2020-09-07,TRENDING_UP,False,False,,,False
JSBL,2021-10-06,RANGING,False,False,,,False
JSBL,2025-12-18,TRENDING_UP,False,False,,,False
JSBL,2021-12-29,RANGING,False,True,0.5952157836644477,1.5452538631346444,True
JSBL,2021-07-14,RANGING,False,True,0.37751427255985726,1.2891344383057144,True
JSBL,2024-09-25,TRENDING_UP,False,False,,,False
JSBL,2023-10-13,TRENDING_UP,False,True,-2.45790322580646,-1.6129032258064602,False
JSBL,2025-12-12,TRENDING_UP,False,False,,,False
JSBL,2025-12-31,TRENDING_UP,False,False,,,False
JSCL,2024-10-15,TRENDING_UP,False,True,-0.845,0.0,False
JSCL,2025-04-17,TRENDING_UP,False,True,-4.548703703703716,-3.703703703703716,False
JSCL,2026-06-29,TRENDING_UP,False,False,,,False
JSCL,2025-09-26,TRENDING_UP,False,False,,,False
JSCL,2024-07-19,TRENDING_UP,False,True,-0.7307142857142881,0.11428571428571184,False
JSCLPSA,2025-05-15,TRENDING_UP,False,True,4.235129953379953,5.827505827505827,True
JSCLPSA,2025-06-02,TRENDING_UP,False,True,-0.226443298969067,0.618556701030933,False
JSCLPSA,2025-06-26,TRENDING_UP,False,False,,,False
JSGBETF,2024-03-21,TRENDING_UP,False,False,,,False
JSGBETF,2025-05-12,VOLATILE,False,False,,,False
JSGBETF,2026-01-14,TRENDING_UP,False,False,,,False
JSGCL,2024-10-17,TRENDING_UP,False,False,,,False
JSGCL,2024-11-15,TRENDING_UP,False,False,,,False
JSGCL,2024-11-27,TRENDING_UP,False,True,3.3969903682236673,4.841459256733726,True
JSIL,2024-07-05,TRENDING_UP,False,True,-0.845,0.0,False
JSIL,2024-06-13,TRENDING_UP,False,False,,,False
JSMFETF,2024-11-18,TRENDING_UP,False,True,-0.7665070643642089,0.0784929356357911,False
JSMFETF,2026-01-15,TRENDING_UP,False,False,,,False
JSMFETF,2024-01-01,TRENDING_UP,False,False,,,False
JSMFETF,2024-10-14,TRENDING_UP,False,True,0.6701347549909235,1.6333938294010864,True
JSML,2024-04-02,TRENDING_UP,False,True,-0.845,0.0,False
JSML,2025-06-04,TRENDING_UP,False,False,,,False
JSML,2025-01-31,VOLATILE,False,False,,,False
JSML,2025-11-10,TRENDING_UP,False,False,,,False
JSML,2026-02-11,VOLATILE,False,False,,,False
JUBS,2025-08-26,TRENDING_UP,False,True,33.91924999999999,40.74999999999999,True
JUBS,2022-10-14,RANGING,False,True,-0.845,0.0,False
JUBS,2024-06-03,TRENDING_UP,False,True,2.6918540118870675,4.011887072808315,True
JUBS,2024-06-10,RANGING,False,True,-0.07576923076923348,0.7692307692307665,False
JUBS,2024-02-15,VOLATILE,False,False,,,False
JUBS,2026-05-11,TRENDING_UP,False,False,,,False
JUBS,2026-07-06,TRENDING_UP,False,True,-0.845,0.0,False
JVDC,2024-11-08,TRENDING_UP,False,False,,,False
JVDC,2022-11-04,RANGING,False,False,,,False
JVDC,2021-07-29,RANGING,False,False,,,False
JVDC,2025-08-28,TRENDING_UP,False,False,,,False
JVDC,2025-03-10,TRENDING_UP,False,True,-0.845,0.0,False
JVDC,2025-12-16,TRENDING_UP,False,True,33.8197246835443,40.632911392405056,True
JVDC,2023-08-08,TRENDING_UP,False,True,-0.845,0.0,False
JVDCPS,2026-06-19,TRENDING_UP,False,False,,,False
KAPCO,2024-05-20,TRENDING_UP,False,True,0.2114375000000038,1.0937500000000044,True
KAPCO,2021-05-24,TRENDING_UP,False,True,-1.8007344064386204,-0.9557344064386204,False
KAPCO,2021-03-25,TRENDING_UP,False,False,,,False
KAPCO,2022-09-08,RANGING,False,True,2.4451804207119703,3.7216828478964357,True
KAPCO,2021-09-24,RANGING,False,True,-2.6989325842696728,-1.853932584269673,False
KAPCO,2020-12-04,TRENDING_UP,False,True,-1.5058695652173957,-0.6608695652173957,False
KAPCO,2024-04-01,TRENDING_UP,False,True,-0.5874576894775559,0.25754231052244403,False
KAPCO,2025-01-03,TRENDING_UP,False,True,-1.2444673768308885,-0.3994673768308884,False
KAPCO,2023-10-20,TRENDING_UP,False,True,-1.149878048780489,-0.304878048780489,False
KAPCO,2026-05-08,TRENDING_UP,False,True,-1.1380402930402997,-0.2930402930402998,False
KAPCO,2025-07-25,TRENDING_UP,False,True,-1.0816863905325393,-0.23668639053253934,False
KASBM,2021-01-14,TRENDING_UP,False,False,,,False
KASBM,2023-03-08,RANGING,False,False,,,False
KCL,2025-01-21,TRENDING_UP,False,True,8.23710714285714,10.535714285714283,True
KCL,2022-02-14,TRENDING_UP,False,False,,,False
KCL,2020-01-28,TRENDING_UP,False,False,,,False
KEL,2024-08-15,RANGING,False,False,,,False
KEL,2026-05-13,TRENDING_UP,False,True,-2.2567647058823437,-1.4117647058823437,False
KEL,2025-06-10,TRENDING_UP,False,False,,,False
KEL,2020-07-15,RANGING,False,False,,,False
KEL,2023-08-11,TRENDING_UP,False,True,3.6305872093023206,5.116279069767436,True
KEL,2020-08-11,TRENDING_UP,False,False,,,False
KEL,2020-08-21,TRENDING_UP,False,False,,,False
KEL,2021-11-17,TRENDING_UP,False,False,,,False
KEL,2024-10-08,TRENDING_UP,False,False,,,False
KEL,2020-09-04,TRENDING_UP,False,False,,,False
KHTC,2026-07-01,TRENDING_UP,False,False,,,False
KHTC,2025-11-03,VOLATILE,False,False,,,False
KHYT,2022-12-21,TRENDING_DOWN,False,False,,,False
KHYT,2023-06-09,RANGING,False,False,,,False
KHYT,2026-03-31,VOLATILE,False,False,,,False
KHYT,2024-11-29,TRENDING_UP,False,False,,,False
KML,2020-08-18,TRENDING_UP,False,True,-1.9145187165775364,-1.0695187165775364,False
KML,2020-08-19,TRENDING_UP,False,False,,,False
KML,2023-09-14,RANGING,False,True,8.704970973782782,11.086142322097391,True
KML,2020-11-11,TRENDING_UP,False,False,,,False
KML,2025-04-14,TRENDING_UP,False,True,6.976194444444433,9.052287581699334,True
KML,2024-04-24,TRENDING_UP,False,True,-1.4303658536585413,-0.5853658536585414,False
KML,2025-09-09,TRENDING_UP,False,False,,,False
KOHC,2020-09-03,TRENDING_UP,False,True,3.293410188784009,4.719600222098834,True
KOHC,2025-12-17,TRENDING_UP,False,False,,,False
KOHC,2023-02-28,RANGING,False,True,-0.845,0.0,False
KOHC,2022-03-29,RANGING,False,True,-0.845,0.0,False
KOHC,2021-06-30,RANGING,False,False,,,False
KOHC,2025-04-07,RANGING,False,False,,,False
KOHC,2021-09-15,RANGING,False,False,,,False
KOHC,2024-05-27,TRENDING_UP,False,False,,,False
KOHC,2024-01-03,TRENDING_UP,False,True,-3.652228915662654,-2.807228915662654,False
KOHC,2021-08-24,TRENDING_UP,False,True,-2.170688073394489,-1.3256880733944891,False
KOHC,2024-03-11,TRENDING_UP,False,False,,,False
KOHC,2021-01-22,TRENDING_UP,False,False,,,False
KOHE,2020-01-30,RANGING,False,True,0.183499898059108,1.0608822330107153,True
KOHE,2023-10-10,TRENDING_UP,False,True,-1.2996902372989343,-0.4546902372989342,False
KOHE,2020-09-30,RANGING,False,True,-3.7573211207063144,-2.912321120706314,False
KOHE,2023-02-08,VOLATILE,False,True,4.998538389367297,6.725633399255644,True
KOHE,2025-10-21,TRENDING_UP,False,False,,,False
KOHE,2021-05-24,TRENDING_UP,False,False,,,False
KOHP,2020-01-01,TRENDING_UP,False,False,,,False
KOHP,2021-12-14,TRENDING_DOWN,False,True,-0.5950000000000053,0.24999999999999467,False
KOHP,2024-07-03,TRENDING_UP,False,False,,,False
KOHP,2023-07-26,TRENDING_UP,False,False,,,False
KOHP,2022-04-15,RANGING,False,True,-8.517634271099752,-7.672634271099751,False
KOHP,2020-07-30,TRENDING_UP,False,True,4.791009259259246,6.481481481481466,True
KOHP,2023-11-02,TRENDING_UP,False,True,5.714182432432428,7.567567567567562,True
KOHTM,2025-10-29,VOLATILE,False,False,,,False
KOHTM,2025-01-24,TRENDING_UP,False,False,,,False
KOHTM,2025-06-30,TRENDING_UP,False,False,,,False
KOHTM,2025-10-23,TRENDING_UP,False,False,,,False
KOIL,2022-04-01,RANGING,False,True,-2.42394736842105,-1.5789473684210502,False
KOIL,2023-08-22,RANGING,False,True,-0.845,0.0,False
KOIL,2022-08-03,RANGING,False,False,,,False
KOIL,2022-02-14,TRENDING_UP,False,True,-0.845,0.0,False
KOIL,2021-06-18,TRENDING_UP,False,True,-3.559932126696835,-2.714932126696835,False
KOIL,2021-09-23,RANGING,False,True,-1.1508103975535238,-0.3058103975535239,False
KOIL,2024-02-23,VOLATILE,False,False,,,False
KOIL,2021-08-24,TRENDING_UP,False,True,-0.36365222623346394,0.48134777376653604,False
KOIL,2026-01-07,TRENDING_UP,False,False,,,False
KOSM,2025-03-10,TRENDING_UP,True,True,-0.6772147651006747,0.1677852348993253,False
KOSM,2025-06-19,RANGING,False,True,-2.097236135957071,-1.2522361359570713,False
KOSM,2025-08-20,TRENDING_UP,False,True,6.409914556962016,8.386075949367077,True
KOSM,2024-10-31,TRENDING_UP,False,True,-5.254672830725469,-4.409672830725469,False
KPUS,2025-01-24,TRENDING_UP,False,True,-3.3531243229730894,-2.5081243229730896,False
KPUS,2025-12-10,TRENDING_UP,False,True,-3.563861209964408,-2.718861209964408,False
KPUS,2025-04-17,TRENDING_UP,False,False,,,False
KSBP,2021-08-13,RANGING,False,True,-7.720000000000001,-6.875000000000001,False
KSBP,2024-08-19,RANGING,False,False,,,False
KSBP,2022-08-19,RANGING,False,False,,,False
KSBP,2020-08-17,TRENDING_UP,False,False,,,False
KSBP,2024-09-02,TRENDING_UP,False,True,-4.583248022683196,-3.738248022683196,False
KSBP,2024-06-24,TRENDING_UP,False,True,-0.8539277743058701,-0.008927774305870115,False
KSBP,2025-11-25,TRENDING_UP,False,False,,,False
KSBP,2025-10-29,VOLATILE,False,False,,,False
KSBP,2021-11-08,TRENDING_UP,False,True,-3.0189130434782605,-2.1739130434782608,False
KSTM,2024-07-26,RANGING,False,False,,,False
KSTM,2025-08-08,TRENDING_UP,False,True,-0.9490582726326721,-0.10405827263267209,False
KSTM,2024-07-05,TRENDING_UP,False,True,3.5317500000000037,5.000000000000004,True
KSTM,2024-12-27,TRENDING_UP,False,False,,,False
KTML,2021-01-11,TRENDING_UP,False,True,3.623596758349699,5.108055009823175,True
KTML,2020-02-12,RANGING,False,True,-6.08190773067332,-5.2369077306733205,False
KTML,2026-01-09,TRENDING_UP,False,False,,,False
KTML,2020-07-01,RANGING,False,False,,,False
KTML,2020-02-04,RANGING,False,False,,,False
KTML,2026-01-22,TRENDING_UP,False,False,,,False
KTML,2021-05-24,TRENDING_UP,False,False,,,False
KTML,2025-09-03,TRENDING_UP,False,False,,,False
KTML,2020-07-30,TRENDING_UP,False,True,-0.845,0.0,False
LCI,2023-11-30,TRENDING_UP,False,True,5.516991358015614,7.335578068253663,True
LCI,2023-10-31,TRENDING_UP,False,False,,,False
LCI,2025-07-30,TRENDING_UP,False,False,,,False
LCI,2025-05-19,TRENDING_UP,False,False,,,False
LCI,2024-11-18,TRENDING_UP,False,True,-0.845,0.0,False
LEUL,2024-10-07,TRENDING_UP,False,False,,,False
LEUL,2024-05-07,TRENDING_UP,False,False,,,False
LEUL,2024-08-20,RANGING,False,True,4.102480117340293,5.671447196870933,True
LEUL,2024-09-26,TRENDING_UP,False,True,1.4991413043478314,2.6086956521739193,True
LMSM,2024-10-15,TRENDING_UP,False,True,9.198416666666665,11.666666666666666,True
LOADS,2025-03-21,TRENDING_UP,False,False,,,False
LOADS,2023-09-11,RANGING,False,False,,,False
LOADS,2024-06-28,TRENDING_UP,False,False,,,False
LOADS,2020-01-07,TRENDING_UP,False,True,0.6601283783783817,1.6216216216216255,True
LOADS,2023-08-09,TRENDING_UP,False,False,,,False
LOADS,2025-10-07,TRENDING_UP,False,False,,,False
LOADS,2024-09-11,TRENDING_UP,False,False,,,False
LOADS,2024-12-02,TRENDING_UP,False,False,,,False
LOADS,2024-05-13,TRENDING_UP,False,False,,,False
LOTCHEM,2021-03-04,RANGING,False,False,,,False
LOTCHEM,2025-12-16,TRENDING_UP,False,True,5.335255535055349,7.121771217712175,True
LOTCHEM,2023-05-22,RANGING,False,False,,,False
LOTCHEM,2025-11-24,RANGING,False,True,-3.018913043478266,-2.173913043478266,False
LOTCHEM,2025-10-07,TRENDING_UP,False,True,-4.229279475982532,-3.3842794759825314,False
LOTCHEM,2023-08-16,TRENDING_UP,False,False,,,False
LOTCHEM,2023-07-10,TRENDING_UP,False,False,,,False
LPGL,2024-02-29,TRENDING_UP,False,True,-2.6338460189407282,-1.788846018940728,False
LPGL,2026-01-22,TRENDING_UP,False,False,,,False
LPGL,2022-04-19,RANGING,False,True,3.3469673913043447,4.78260869565217,True
LPGL,2022-01-13,RANGING,False,True,-0.845,0.0,False
LPGL,2026-06-15,TRENDING_UP,False,True,-1.9158822029576716,-1.0708822029576717,False
LPGL,2025-03-26,TRENDING_UP,False,False,,,False
LPGL,2026-01-16,TRENDING_UP,False,False,,,False
LPGL,2026-06-30,TRENDING_UP,False,True,-1.0656177296429992,-0.22061772964299928,False
LPL,2020-06-30,RANGING,False,True,0.03686499082474509,0.8883705774408766,True
LPL,2023-12-13,TRENDING_UP,False,True,1.1018784796573873,2.141327623126338,True
LPL,2025-06-13,TRENDING_UP,False,False,,,False
LPL,2023-06-15,RANGING,False,True,-1.570610267594998,-0.7256102675949981,False
LPL,2021-02-24,RANGING,False,False,,,False
LPL,2023-10-26,TRENDING_UP,False,False,,,False
LPL,2024-10-03,TRENDING_UP,False,True,-8.84499999999999,-7.99999999999999,False
LPL,2025-08-20,TRENDING_UP,False,False,,,False
LPL,2020-04-27,VOLATILE,False,True,-0.845,0.0,False
LSECL,2025-08-04,TRENDING_UP,False,False,,,False
LSECL,2024-12-09,TRENDING_UP,False,False,,,False
LSECL,2024-10-29,TRENDING_UP,False,False,,,False
LSEFSL,2025-07-09,TRENDING_UP,False,False,,,False
LSEFSL,2025-04-10,TRENDING_UP,False,False,,,False
LSEFSL,2026-03-04,VOLATILE,False,False,,,False
LSEFSL,2025-10-27,VOLATILE,False,False,,,False
LSEVL,2025-12-09,TRENDING_UP,False,False,,,False
LSEVL,2024-04-02,TRENDING_UP,False,False,,,False
LSEVL,2025-12-31,TRENDING_UP,False,False,,,False
LSEVL,2024-03-04,TRENDING_UP,False,True,0.4303986486486411,1.3513513513513424,True
LUCK,2025-06-10,TRENDING_UP,False,False,,,False
LUCK,2021-11-02,RANGING,False,True,-1.9895161290322585,-1.1445161290322585,False
LUCK,2023-12-29,TRENDING_UP,False,False,,,False
LUCK,2020-02-11,RANGING,False,False,,,False
LUCK,2023-02-27,RANGING,False,False,,,False
LUCK,2021-02-03,TRENDING_UP,False,False,,,False
LUCK,2025-01-07,TRENDING_UP,False,True,-2.5849848696967843,-1.7399848696967843,False
LUCK,2025-05-27,TRENDING_UP,False,False,,,False
LUCK,2025-10-01,TRENDING_UP,False,True,-2.09552192066806,-1.2505219206680602,False
LUCK,2025-04-16,TRENDING_UP,False,False,,,False
LUCK,2023-08-25,TRENDING_UP,False,True,-1.5542078823390426,-0.7092078823390427,False
MACFL,2025-10-31,VOLATILE,False,True,14.067525492716362,17.395029991431013,True
MACFL,2025-09-04,TRENDING_UP,False,False,,,False
MACFL,2023-10-18,TRENDING_UP,False,False,,,False
MACFL,2020-12-28,TRENDING_UP,False,True,-1.9328661087866026,-1.0878661087866026,False
MACFL,2025-12-02,TRENDING_UP,False,False,,,False
MACFL,2021-02-23,RANGING,False,False,,,False
MACFL,2024-10-29,TRENDING_UP,False,True,-2.929649399873658,-2.084649399873658,False
MACFL,2021-11-10,TRENDING_UP,False,False,,,False
MACFL,2020-04-29,VOLATILE,False,False,,,False
MACTER,2023-05-09,RANGING,False,True,4.661496835443038,6.329113924050633,True
MACTER,2021-04-22,RANGING,False,True,-1.2296153846153846,-0.38461538461538464,False
MACTER,2025-07-11,TRENDING_UP,False,True,-3.149147465437788,-2.3041474654377883,False
MACTER,2025-07-28,TRENDING_UP,False,False,,,False
MARI,2020-08-28,TRENDING_UP,False,True,4.725627661925506,6.404561955206477,True
MARI,2021-02-09,TRENDING_UP,False,False,,,False
MARI,2023-05-31,RANGING,False,False,,,False
MARI,2024-07-03,TRENDING_UP,False,False,,,False
MARI,2020-12-17,TRENDING_UP,False,False,,,False
MARI,2025-10-13,RANGING,False,False,,,False
MARI,2023-07-12,TRENDING_UP,False,False,,,False
MARI,2020-01-03,TRENDING_UP,False,True,-3.5373076923076923,-2.6923076923076925,False
MARI,2026-01-13,TRENDING_UP,False,False,,,False
MCB,2020-02-10,RANGING,False,False,,,False
MCB,2024-09-24,TRENDING_UP,False,False,,,False
MCB,2026-07-03,TRENDING_UP,False,True,-0.845,0.0,False
MCB,2024-10-17,TRENDING_UP,False,False,,,False
MCB,2024-10-24,TRENDING_UP,False,False,,,False
MCB,2023-12-29,TRENDING_UP,False,True,2.5328448905109546,3.8248175182481816,True
MCB,2020-12-22,TRENDING_UP,False,True,-0.5725204359673024,0.2724795640326975,False
MCBAH,2021-05-18,TRENDING_UP,False,False,,,False
MCBAH,2023-08-02,TRENDING_UP,False,False,,,False
MCBAH,2020-07-09,RANGING,False,False,,,False
MCBAH,2023-07-25,TRENDING_UP,False,True,14.736295454545456,18.181818181818183,True
MCBIM,2024-12-27,TRENDING_UP,False,True,0.5637609976433634,1.508248232521604,True
MCBIM,2025-05-22,TRENDING_UP,False,False,,,False
MCBIM,2024-06-13,TRENDING_UP,False,True,-1.795570342205314,-0.9505703422053141,False
MDTL,2025-01-14,VOLATILE,False,False,,,False
MDTL,2021-04-27,TRENDING_UP,False,False,,,False
MDTL,2023-07-21,TRENDING_UP,False,False,,,False
MDTL,2025-05-15,TRENDING_UP,False,False,,,False
MDTL,2020-08-19,TRENDING_UP,False,True,-0.845,0.0,False
MDTL,2024-04-18,TRENDING_UP,False,False,,,False
MEBL,2024-10-29,TRENDING_UP,False,True,-2.0898132780082985,-1.2448132780082988,False
MEBL,2021-02-11,RANGING,False,True,-1.626747113898736,-0.781747113898736,False
MEBL,2023-08-16,TRENDING_UP,False,True,-2.099752851711031,-1.254752851711031,False
MEBL,2021-11-15,RANGING,False,False,,,False
MEBL,2025-01-06,TRENDING_UP,False,False,,,False
MEBL,2026-06-15,TRENDING_UP,False,False,,,False
MEBL,2025-09-17,TRENDING_UP,False,False,,,False
MEBL,2021-05-17,TRENDING_UP,False,False,,,False
MEBL,2020-01-20,TRENDING_UP,False,False,,,False
MEBL,2020-08-21,TRENDING_UP,False,False,,,False
MEHT,2023-06-27,RANGING,False,False,,,False
MEHT,2021-08-26,RANGING,False,True,7.016749999999997,9.099999999999998,True
MEHT,2024-03-22,TRENDING_UP,False,False,,,False
MEHT,2025-12-15,TRENDING_UP,False,False,,,False
MEHT,2026-01-01,TRENDING_UP,False,False,,,False
MERIT,2023-08-30,RANGING,False,True,4.045137297633884,5.603985056039864,True
MERIT,2023-07-11,TRENDING_UP,False,True,-1.0697191011235907,-0.22471910112359073,False
MERIT,2024-12-03,TRENDING_UP,False,False,,,False
MERIT,2022-10-17,RANGING,False,True,9.560819767441865,12.09302325581396,True
MERIT,2021-05-18,TRENDING_UP,False,False,,,False
MERIT,2024-10-02,TRENDING_UP,False,False,,,False
MERIT,2024-09-04,TRENDING_UP,False,False,,,False
META,2022-12-02,RANGING,False,True,-3.675188679245273,-2.830188679245273,False
META,2024-05-02,TRENDING_UP,False,True,-0.845,0.0,False
MFFL,2025-03-21,TRENDING_UP,False,False,,,False
MFFL,2022-09-15,RANGING,False,True,-2.739618834080715,-1.8946188340807149,False
MFFL,2025-06-11,TRENDING_UP,False,False,,,False
MFFL,2025-07-21,TRENDING_UP,False,True,2.9882664135227857,4.360607545320924,True
MFFL,2024-10-23,TRENDING_UP,False,False,,,False
MFL,2023-07-25,TRENDING_UP,False,True,0.285122681281623,1.1804384485666153,True
MFL,2025-07-09,TRENDING_UP,False,False,,,False
MFL,2025-05-20,TRENDING_UP,False,False,,,False
MFL,2025-04-09,RANGING,False,True,-1.1299002849002788,-0.28490028490027886,False
MFL,2021-02-19,RANGING,False,True,-2.0450000000000026,-1.2000000000000028,False
MFL,2024-03-25,TRENDING_UP,False,True,-2.913965517241384,-2.0689655172413843,False
MFL,2026-01-14,TRENDING_UP,False,True,-2.7246992481203005,-1.8796992481203008,False
MFL,2024-07-11,TRENDING_UP,False,True,2.1457267054908566,3.369384359401008,True
MFL,2026-02-02,TRENDING_UP,False,False,,,False
MFL,2020-02-18,VOLATILE,False,False,,,False
MIIETF,2024-03-29,TRENDING_UP,False,False,,,False
MIIETF,2025-12-02,TRENDING_UP,False,False,,,False
MIRKS,2024-11-08,TRENDING_UP,False,True,3.670077721661052,5.1627384960718254,True
MIRKS,2025-04-10,TRENDING_UP,False,False,,,False
MIRKS,2024-12-27,TRENDING_UP,False,True,-0.17833333333333568,0.6666666666666643,False
MLCF,2021-12-20,VOLATILE,False,True,-3.4261823480432962,-2.5811823480432965,False
MLCF,2024-08-16,RANGING,False,False,,,False
MLCF,2020-11-10,TRENDING_UP,False,True,-3.6412085308056863,-2.796208530805686,False
MLCF,2023-05-18,RANGING,False,False,,,False
MLCF,2024-06-05,RANGING,False,False,,,False
MLCF,2022-11-29,RANGING,False,False,,,False
MLCF,2024-01-22,TRENDING_UP,False,False,,,False
MLCF,2021-01-27,TRENDING_UP,False,True,-0.38336007913827025,0.4616399208617297,False
MLCF,2025-02-28,TRENDING_UP,False,False,,,False
MLCF,2024-05-08,TRENDING_UP,False,False,,,False
MLCF,2021-01-18,TRENDING_UP,False,False,,,False
MLCF,2023-11-23,TRENDING_UP,False,False,,,False
MODAM,2024-04-16,TRENDING_UP,False,False,,,False
MQTM,2025-04-10,TRENDING_UP,False,False,,,False
MQTM,2024-11-29,TRENDING_UP,False,True,2.429898148148148,3.7037037037037033,True
MQTM,2025-11-27,TRENDING_UP,False,False,,,False
MRNS,2024-07-04,TRENDING_UP,False,True,0.18600531914893845,1.0638297872340452,True
MRNS,2026-04-28,TRENDING_UP,False,False,,,False
MRNS,2026-01-06,TRENDING_UP,False,True,-3.9699999999999998,-3.125,False
MRNS,2026-07-01,TRENDING_UP,False,False,,,False
MSCL,2026-04-06,VOLATILE,False,False,,,False
MSCL,2021-04-22,RANGING,False,True,4.01859210526317,5.57275541795667,True
MSCL,2020-04-07,TRENDING_DOWN,False,True,-0.845,0.0,False
MSCL,2024-05-14,TRENDING_UP,False,False,,,False
MSCL,2024-10-11,TRENDING_UP,False,False,,,False
MSCL,2025-12-18,TRENDING_UP,False,False,,,False
MSOT,2022-12-06,RANGING,False,False,,,False
MSOT,2025-04-22,TRENDING_UP,False,False,,,False
MSOT,2024-07-22,RANGING,False,False,,,False
MSOT,2022-10-14,RANGING,False,False,,,False
MSOT,2024-04-16,TRENDING_UP,False,False,,,False
MSOT,2021-11-15,RANGING,False,False,,,False
MSOT,2024-11-11,TRENDING_UP,False,False,,,False
MTL,2020-04-09,VOLATILE,False,True,-0.8466684904193916,-0.0016684904193916689,False
MTL,2023-04-28,RANGING,False,False,,,False
MTL,2025-01-01,TRENDING_UP,False,False,,,False
MTL,2025-06-02,TRENDING_UP,False,False,,,False
MTL,2024-09-06,TRENDING_UP,False,False,,,False
MTL,2025-07-29,TRENDING_UP,False,False,,,False
MTL,2026-04-22,TRENDING_UP,False,True,-1.3294877276922792,-0.4844877276922792,False
MTL,2024-10-10,TRENDING_UP,False,True,-1.6460730900893212,-0.8010730900893211,False
MUGHAL,2022-03-31,RANGING,False,True,-1.2894444444444506,-0.44444444444445075,False
MUGHAL,2020-12-04,TRENDING_UP,False,False,,,False
MUGHAL,2023-05-25,RANGING,False,False,,,False
MUGHAL,2025-12-24,TRENDING_UP,False,True,-0.931546783344542,-0.08654678334454198,False
MUGHAL,2025-03-26,TRENDING_UP,False,True,-2.27454390742001,-1.4295439074200098,False
MUGHAL,2025-10-16,TRENDING_UP,False,False,,,False
MUGHAL,2025-10-10,TRENDING_UP,False,True,1.8222232254047381,2.9887920298879274,True
MUGHAL,2025-08-08,TRENDING_UP,False,False,,,False
MUGHAL,2024-07-04,TRENDING_UP,False,False,,,False
MUGHAL,2020-12-01,TRENDING_UP,False,False,,,False
MUGHALC,2025-06-17,TRENDING_UP,False,False,,,False
MUREB,2021-06-21,TRENDING_UP,False,True,-1.031219739292365,-0.186219739292365,False
MUREB,2024-04-25,TRENDING_UP,False,True,-0.8699937515621151,-0.024993751562115155,False
MUREB,2025-07-02,TRENDING_UP,False,False,,,False
MUREB,2024-05-20,TRENDING_UP,False,False,,,False
MUREB,2020-01-24,TRENDING_UP,False,False,,,False
MUREB,2020-10-21,VOLATILE,False,True,0.7950265486330643,1.7803253513330168,True
MWMP,2026-06-10,RANGING,False,False,,,False
MWMP,2026-05-21,VOLATILE,False,False,,,False
MWMP,2025-03-06,TRENDING_UP,False,True,-7.901345444971038,-7.056345444971038,False
MWMP,2025-12-24,TRENDING_UP,False,False,,,False
MZNPETF,2025-09-12,TRENDING_UP,False,False,,,False
MZNPETF,2026-05-08,TRENDING_UP,False,True,-2.438433124094649,-1.593433124094649,False
MZNPETF,2026-01-20,TRENDING_UP,False,True,-1.0657505518763672,-0.22075055187636716,False
MZNPETF,2025-07-17,TRENDING_UP,False,True,-1.7049508599508634,-0.8599508599508634,False
NAGC,2025-01-24,TRENDING_UP,False,True,-2.303415451320461,-1.458415451320461,False
NAGC,2025-08-05,TRENDING_UP,False,True,-0.15534482758620682,0.6896551724137931,False
NAGC,2025-05-05,VOLATILE,False,True,-2.5429445933869577,-1.6979445933869575,False
NATF,2023-11-08,TRENDING_UP,False,False,,,False
NATF,2024-11-15,TRENDING_UP,False,False,,,False
NATF,2022-07-22,TRENDING_DOWN,False,True,-0.9939256081128853,-0.1489256081128853,False
NATF,2022-10-10,RANGING,False,False,,,False
NATF,2022-01-06,RANGING,False,False,,,False
NATF,2024-03-06,TRENDING_UP,False,True,-2.4487313909654276,-1.6037313909654276,False
NATF,2020-01-09,TRENDING_UP,False,False,,,False
NATF,2024-11-08,TRENDING_UP,False,False,,,False
NATF,2024-10-16,TRENDING_UP,False,True,0.746565701292482,1.7233125897558612,True
NATM,2026-07-03,TRENDING_UP,False,True,-0.845,0.0,False
NBP,2024-06-26,TRENDING_UP,False,False,,,False
NBP,2022-04-12,RANGING,False,False,,,False
NBP,2020-06-22,RANGING,False,True,-0.845,0.0,False
NBP,2021-05-20,TRENDING_UP,False,False,,,False
NBP,2023-10-23,TRENDING_UP,False,False,,,False
NBP,2023-12-11,TRENDING_UP,False,True,-2.249646137223131,-1.404646137223131,False
NBP,2023-11-15,TRENDING_UP,False,True,22.740779759478187,27.59885854056257,True
NBPGETF,2025-05-22,TRENDING_UP,False,True,-0.9726052743513447,-0.12760527435134467,False
NBPGETF,2025-04-09,RANGING,False,False,,,False
NBPGETF,2024-09-27,TRENDING_UP,False,False,,,False
NCL,2023-10-27,TRENDING_UP,False,False,,,False
NCL,2021-03-04,RANGING,False,True,-1.157499999999997,-0.312499999999997,False
NCL,2023-10-05,TRENDING_UP,False,False,,,False
NCL,2023-02-22,RANGING,False,False,,,False
NCL,2020-08-21,TRENDING_UP,False,True,3.53175,5.0,True
NCL,2023-11-07,TRENDING_UP,False,False,,,False
NCL,2020-01-27,TRENDING_UP,False,True,1.1110978260869602,2.1521739130434825,True
NCL,2026-05-08,TRENDING_UP,False,False,,,False
NCL,2025-05-23,TRENDING_UP,False,False,,,False
NCL,2022-02-09,TRENDING_UP,False,False,,,False
NCML,2024-08-23,TRENDING_UP,False,False,,,False
NCML,2024-05-06,TRENDING_UP,False,True,-3.0401219512195086,-2.195121951219509,False
NCML,2025-03-26,TRENDING_UP,False,True,3.3799642857142933,4.82142857142858,True
NCML,2026-03-17,VOLATILE,False,False,,,False
NCPL,2022-10-13,RANGING,False,False,,,False
NCPL,2025-10-16,TRENDING_UP,False,True,4.661496835443038,6.329113924050633,True
NCPL,2022-05-19,TRENDING_DOWN,False,True,-0.845,0.0,False
NCPL,2022-03-24,TRENDING_DOWN,False,False,,,False
NCPL,2023-02-17,VOLATILE,False,True,-3.2840243902438937,-2.439024390243894,False
NCPL,2021-06-28,RANGING,False,False,,,False
NCPL,2026-06-16,TRENDING_UP,False,False,,,False
NCPL,2021-05-18,TRENDING_UP,False,True,-0.5615131112685973,0.2834868887314027,False
NCPL,2024-05-23,TRENDING_UP,False,True,1.1388928571428532,2.1848739495798273,True
NCPL,2024-07-19,TRENDING_UP,False,True,-6.988344709897613,-6.1433447098976135,False
NCPL,2020-08-25,TRENDING_UP,False,False,,,False
NESTLE,2022-04-13,RANGING,False,True,2.112323538561819,3.3300865159550814,True
NESTLE,2022-06-08,TRENDING_DOWN,False,True,-1.2743103448275799,-0.42931034482757996,False
NESTLE,2021-08-13,RANGING,False,True,-0.845,0.0,False
NESTLE,2021-01-13,TRENDING_UP,False,True,-2.262910447761194,-1.4179104477611941,False
NESTLE,2020-08-31,TRENDING_UP,False,True,4.59425,6.25,True
NESTLE,2020-02-25,VOLATILE,False,False,,,False
NETSOL,2022-04-22,RANGING,False,False,,,False
NETSOL,2020-07-06,RANGING,False,False,,,False
NETSOL,2025-02-14,RANGING,False,False,,,False
NETSOL,2023-07-17,TRENDING_UP,False,True,-1.7428675645342282,-0.8978675645342281,False
NETSOL,2025-01-16,TRENDING_UP,False,False,,,False
NETSOL,2025-03-11,TRENDING_UP,False,True,0.5598981481481488,1.5037037037037044,True
NETSOL,2024-07-04,TRENDING_UP,False,False,,,False
NEXT,2026-01-16,TRENDING_UP,False,True,-6.299545454545454,-5.454545454545454,False
NEXT,2024-05-10,TRENDING_UP,False,True,-0.845,0.0,False
NEXT,2024-07-23,RANGING,False,False,,,False
NEXT,2024-09-24,TRENDING_UP,False,True,-1.6466032064128262,-0.8016032064128262,False
NICL,2021-01-26,TRENDING_UP,False,True,1.1572934782608706,2.206521739130436,True
NICL,2023-10-18,TRENDING_UP,False,True,-1.811183574879227,-0.966183574879227,False
NICL,2021-09-15,RANGING,False,False,,,False
NICL,2025-07-21,TRENDING_UP,False,False,,,False
NICL,2023-10-24,TRENDING_UP,False,True,-7.44239241250858,-6.59739241250858,False
NICL,2025-12-03,TRENDING_UP,False,False,,,False
NICL,2025-07-30,TRENDING_UP,False,False,,,False
NICL,2025-12-24,TRENDING_UP,False,False,,,False
NITGETF,2024-07-05,TRENDING_UP,False,False,,,False
NITGETF,2026-07-03,TRENDING_UP,False,True,-0.9553752759381875,-0.11037527593818748,False
NML,2022-10-31,RANGING,False,False,,,False
NML,2026-06-22,TRENDING_UP,False,True,0.3563114035087764,1.2641898864809133,True
NML,2021-11-18,RANGING,False,False,,,False
NML,2024-08-28,RANGING,False,True,-1.9797738224778438,-1.1347738224778439,False
NML,2024-10-21,TRENDING_UP,False,False,,,False
NML,2020-09-14,TRENDING_UP,False,False,,,False
NML,2024-03-08,TRENDING_UP,False,False,,,False
NONS,2024-08-29,TRENDING_UP,False,True,-0.845,0.0,False
NONS,2026-06-05,TRENDING_UP,False,True,-0.9727435837881773,-0.12774358378817727,False
NONS,2024-12-10,TRENDING_UP,False,False,,,False
NONS,2024-10-31,TRENDING_UP,False,False,,,False
NONS,2025-07-09,TRENDING_UP,False,True,4.28175,5.88235294117647,True
NONS,2025-03-24,TRENDING_UP,False,True,-0.845,0.0,False
NPL,2020-11-11,TRENDING_UP,False,True,-1.2978369429031724,-0.4528369429031725,False
NPL,2025-08-25,TRENDING_UP,False,False,,,False
NPL,2023-09-07,RANGING,False,True,2.190747146088616,3.422349583633666,True
NPL,2025-11-03,VOLATILE,False,True,4.042747067448672,5.601173020527849,True
NPL,2022-11-03,RANGING,False,True,0.11681089660533686,0.9824245842415728,True
NPL,2024-03-04,TRENDING_UP,False,False,,,False
NPL,2024-09-12,TRENDING_UP,False,False,,,False
NPL,2024-07-19,TRENDING_UP,False,True,-0.845,0.0,False
NPL,2021-02-02,TRENDING_UP,False,False,,,False
NPL,2020-09-21,TRENDING_UP,False,True,-3.827899507862056,-2.9828995078620557,False
NRL,2021-08-13,RANGING,False,True,1.742668634503441,2.89519839353346,True
NRL,2024-05-14,TRENDING_UP,False,False,,,False
NRL,2021-04-14,RANGING,False,False,,,False
NRL,2020-12-15,TRENDING_UP,False,False,,,False
NRL,2025-10-09,TRENDING_UP,False,True,-2.5086396658191075,-1.6636396658191075,False
NRL,2024-01-23,TRENDING_UP,False,False,,,False
NRL,2024-10-31,TRENDING_UP,False,False,,,False
NRSL,2022-08-19,RANGING,False,True,-1.7624311926605634,-0.9174311926605634,False
NRSL,2025-06-24,TRENDING_UP,False,False,,,False
NRSL,2025-06-27,TRENDING_UP,False,False,,,False
NRSL,2021-09-16,RANGING,False,False,,,False
NRSL,2025-10-06,TRENDING_UP,False,True,-2.0077906976744146,-1.1627906976744147,False
NRSL,2023-12-15,TRENDING_UP,False,False,,,False
NRSL,2025-09-24,TRENDING_UP,False,True,-5.593603351955296,-4.748603351955296,False
NRSL,2024-03-12,TRENDING_UP,False,True,4.730467948717949,6.41025641025641,True
NRSL,2020-12-09,TRENDING_UP,False,False,,,False
NRSL,2025-11-06,VOLATILE,False,False,,,False
NSRM,2024-06-05,RANGING,False,True,-0.845,0.0,False
NSRM,2025-12-29,TRENDING_UP,False,True,1.9074314052089616,3.0890369473046606,True
NSRM,2024-07-15,TRENDING_UP,False,False,,,False
NSRM,2024-11-29,TRENDING_UP,False,True,-0.845,0.0,False
OBOY,2023-03-08,RANGING,False,False,,,False
OBOY,2024-08-28,RANGING,False,True,0.6098749999999953,1.5624999999999944,True
OBOY,2024-05-31,TRENDING_UP,False,False,,,False
OBOY,2022-02-11,TRENDING_UP,False,False,,,False
OBOY,2023-11-03,TRENDING_UP,False,False,,,False
OBOY,2025-12-26,TRENDING_UP,False,False,,,False
OBOY,2025-11-18,VOLATILE,False,False,,,False
OCTOPUS,2022-01-19,RANGING,False,False,,,False
OCTOPUS,2024-09-06,TRENDING_UP,False,False,,,False
OCTOPUS,2024-04-01,TRENDING_UP,False,False,,,False
OCTOPUS,2023-12-01,TRENDING_UP,False,True,8.390234312859038,10.715863897481222,True
OCTOPUS,2025-12-03,TRENDING_UP,False,True,-1.1906221198156648,-0.34562211981566493,False
OGDC,2024-11-22,TRENDING_UP,False,True,-1.8810290706664559,-1.0360290706664559,False
OGDC,2021-02-16,TRENDING_UP,False,False,,,False
OGDC,2022-09-20,TRENDING_DOWN,False,False,,,False
OGDC,2024-03-11,TRENDING_UP,False,False,,,False
OGDC,2020-08-31,TRENDING_UP,False,True,-2.102422284317148,-1.2574222843171479,False
OGDC,2024-04-19,TRENDING_UP,False,False,,,False
OGDC,2021-04-27,TRENDING_UP,False,True,-3.183624338624332,-2.338624338624332,False
OGDC,2021-11-16,TRENDING_UP,False,True,-1.735207715133531,-0.8902077151335311,False
OGDC,2025-11-26,TRENDING_UP,False,False,,,False
OLPL,2025-09-04,TRENDING_UP,False,False,,,False
OLPL,2024-05-15,TRENDING_UP,False,False,,,False
OLPL,2026-04-07,VOLATILE,False,False,,,False
OLPM,2025-02-12,RANGING,False,True,1.350936418962208,2.4343369634849505,True
OLPM,2026-01-13,TRENDING_UP,False,True,-0.845,0.0,False
OLPM,2025-10-01,TRENDING_UP,False,False,,,False
OML,2024-07-15,TRENDING_UP,False,False,,,False
OML,2025-01-20,TRENDING_UP,False,False,,,False
OML,2025-01-16,TRENDING_UP,False,True,-0.845,0.0,False
OML,2025-08-12,TRENDING_UP,False,True,-0.845,0.0,False
OML,2020-11-13,VOLATILE,False,True,-0.845,0.0,False
OML,2024-07-09,TRENDING_UP,False,False,,,False
ORM,2024-10-18,TRENDING_UP,False,False,,,False
ORM,2024-11-15,TRENDING_UP,False,True,-1.4893298969072142,-0.6443298969072142,False
OTSU,2023-08-09,TRENDING_UP,False,False,,,False
OTSU,2020-02-20,RANGING,False,False,,,False
OTSU,2026-04-28,TRENDING_UP,False,True,-1.1805704697986577,-0.33557046979865773,False
OTSU,2021-02-02,TRENDING_UP,False,True,0.8526177456390533,1.8480797007518275,True
OTSU,2025-12-29,TRENDING_UP,False,False,,,False
PABC,2021-07-19,RANGING,False,False,,,False
PABC,2022-12-27,TRENDING_DOWN,False,True,-2.1270512820512817,-1.282051282051282,False
PABC,2024-05-22,TRENDING_UP,False,False,,,False
PABC,2024-11-28,TRENDING_UP,False,False,,,False
PABC,2024-04-17,TRENDING_UP,False,False,,,False
PABC,2024-11-08,TRENDING_UP,False,False,,,False
PACE,2022-03-31,RANGING,False,True,-2.294275362318848,-1.4492753623188481,False
PACE,2024-07-19,TRENDING_UP,False,False,,,False
PACE,2024-01-01,TRENDING_UP,False,False,,,False
PACE,2022-08-23,RANGING,False,True,-5.872932960893859,-5.027932960893859,False
PACE,2025-09-01,TRENDING_UP,False,True,-7.610899864682002,-6.7658998646820026,False
PACE,2024-03-28,TRENDING_UP,False,True,-2.7461406844106397,-1.9011406844106398,False
PACE,2023-11-22,TRENDING_UP,False,True,-7.5379133858267675,-6.692913385826768,False
PACE,2020-12-29,TRENDING_UP,False,False,,,False
PACE,2023-11-16,TRENDING_UP,False,False,,,False
PAEL,2020-12-29,TRENDING_UP,False,True,-0.08261118170267556,0.7623888182973244,False
PAEL,2021-04-29,RANGING,False,False,,,False
PAEL,2026-04-28,TRENDING_UP,False,False,,,False
PAEL,2020-11-06,TRENDING_UP,False,False,,,False
PAEL,2024-06-03,TRENDING_UP,False,True,-3.6411165048543648,-2.7961165048543646,False
PAEL,2025-09-22,TRENDING_UP,False,False,,,False
PAEL,2026-04-29,TRENDING_UP,False,True,-2.0401156144453125,-1.1951156144453126,False
PAEL,2021-01-18,TRENDING_UP,False,False,,,False
PAEL,2021-02-02,TRENDING_UP,False,False,,,False
PAEL,2023-12-13,TRENDING_UP,False,False,,,False
PAKD,2024-10-04,TRENDING_UP,False,False,,,False
PAKD,2023-04-06,TRENDING_DOWN,False,False,,,False
PAKD,2021-08-10,RANGING,False,True,-0.845,0.0,False
PAKD,2021-07-08,RANGING,False,True,-1.2140036900369005,-0.36900369003690037,False
PAKD,2021-09-10,RANGING,False,True,-0.845,0.0,False
PAKD,2025-12-03,TRENDING_UP,False,False,,,False
PAKD,2020-08-25,TRENDING_UP,False,True,2.4586296175575812,3.737505432420684,True
PAKD,2024-03-04,TRENDING_UP,False,True,-0.845,0.0,False
PAKL,2024-09-24,TRENDING_UP,False,False,,,False
PAKL,2025-02-11,VOLATILE,False,False,,,False
PAKL,2026-05-13,TRENDING_UP,False,False,,,False
PAKL,2024-01-05,VOLATILE,False,True,-0.845,0.0,False
PAKMI,2020-10-06,VOLATILE,False,False,,,False
PAKMI,2021-11-05,TRENDING_UP,False,True,0.9322354368932054,1.9417475728155358,True
PAKMI,2021-01-22,TRENDING_UP,False,False,,,False
PAKMI,2020-06-15,RANGING,False,True,-2.805784313725492,-1.960784313725492,False
PAKOXY,2022-04-07,RANGING,False,False,,,False
PAKOXY,2026-06-05,TRENDING_UP,False,True,1.1105619738072967,2.1515434985968196,True
PAKOXY,2024-02-28,TRENDING_UP,False,False,,,False
PAKOXY,2022-07-05,TRENDING_DOWN,False,True,-0.5252557953637045,0.3197442046362955,False
PAKOXY,2022-08-16,RANGING,False,True,-1.2518348250610252,-0.40683482506102525,False
PAKOXY,2025-01-03,TRENDING_UP,False,True,-2.5993859649122806,-1.7543859649122806,False
PAKOXY,2021-04-21,RANGING,False,True,22.53066461649784,27.35166425470334,True
PAKOXY,2025-09-23,TRENDING_UP,False,True,-1.071367637811788,-0.2263676378117881,False
PAKOXY,2026-05-19,VOLATILE,False,True,4.658416666666666,6.32549019607843,True
PAKOXY,2021-01-06,TRENDING_UP,False,False,,,False
PAKQATAR,2026-06-23,TRENDING_UP,False,False,,,False
PAKRI,2025-09-02,TRENDING_UP,False,False,,,False
PAKRI,2023-05-08,RANGING,False,True,-1.325000000000004,-0.4800000000000039,False
PAKRI,2022-01-04,RANGING,False,True,-0.890024763619998,-0.045024763619998034,False
PAKRI,2024-05-27,TRENDING_UP,False,True,-5.752975460122704,-4.907975460122704,False
PAKRI,2025-09-22,TRENDING_UP,False,False,,,False
PAKRI,2021-01-19,TRENDING_UP,False,True,-1.021366843033512,-0.17636684303351222,False
PAKRI,2023-08-23,RANGING,False,True,-1.1750330033003231,-0.33003300330032304,False
PAKRI,2026-01-13,TRENDING_UP,False,False,,,False
PAKT,2025-08-25,TRENDING_UP,False,False,,,False
PAKT,2024-11-18,TRENDING_UP,False,True,-0.600700325732899,0.24429967426710095,False
PAKT,2025-06-10,TRENDING_UP,False,True,-1.702753720326483,-0.8577537203264831,False
PASL,2024-02-01,RANGING,False,True,-4.741103896103899,-3.8961038961038996,False
PASL,2026-05-11,TRENDING_UP,False,False,,,False
PASM,2025-01-01,TRENDING_UP,False,True,-0.6182426303854923,0.22675736961450763,False
PASM,2024-07-09,TRENDING_UP,False,False,,,False
PASM,2025-12-04,TRENDING_UP,False,True,-0.845,0.0,False
PCAL,2022-12-06,RANGING,False,True,-2.116186440677966,-1.2711864406779663,False
PCAL,2024-11-29,TRENDING_UP,False,False,,,False
PCAL,2020-08-28,TRENDING_UP,False,False,,,False
PCAL,2023-05-09,RANGING,False,False,,,False
PCAL,2022-11-23,RANGING,False,True,-0.9350827123085738,-0.09008271230857376,False
PCAL,2025-08-06,TRENDING_UP,False,False,,,False
PCAL,2025-09-08,TRENDING_UP,False,False,,,False
PCAL,2021-06-16,TRENDING_UP,False,True,0.6693163175078088,1.6324309617738928,True
PCAL,2021-06-15,TRENDING_UP,False,True,-2.2112112629123697,-1.36621126291237,False
PCAL,2026-01-09,TRENDING_UP,False,True,-6.875855539971952,-6.030855539971952,False
PCAL,2024-09-04,TRENDING_UP,False,False,,,False
PECO,2022-01-17,RANGING,False,False,,,False
PECO,2022-05-12,TRENDING_DOWN,False,False,,,False
PECO,2025-07-02,TRENDING_UP,False,False,,,False
PECO,2025-09-15,TRENDING_UP,False,False,,,False
PGLC,2024-01-01,TRENDING_UP,False,False,,,False
PGLC,2025-06-13,TRENDING_UP,False,False,,,False
PGLC,2026-07-07,TRENDING_UP,False,True,2.823416666666663,4.1666666666666625,True
PHDL,2021-05-31,TRENDING_UP,False,True,-0.845,0.0,False
PHDL,2021-07-26,RANGING,False,False,,,False
PHDL,2022-12-28,TRENDING_DOWN,False,True,3.6407243589743588,5.128205128205128,True
PHDL,2020-06-05,RANGING,False,False,,,False
PHDL,2023-08-15,TRENDING_UP,False,True,-0.7167948717948791,0.12820512820512092,False
PIAA,2021-06-14,TRENDING_UP,False,True,-3.5072296173044952,-2.662229617304495,False
PIAA,2023-12-01,TRENDING_UP,False,False,,,False
PIAA,2020-08-28,TRENDING_UP,False,False,,,False
PIAA,2022-01-04,RANGING,False,True,5.187457196029763,6.947890818858545,True
PIAA,2020-10-01,RANGING,False,True,-3.231117136659443,-2.386117136659443,False
PIAB,2020-11-18,VOLATILE,False,True,217.62549999999993,256.87499999999994,True
PIAHCLA,2025-12-03,TRENDING_UP,False,False,,,False
PIAHCLA,2025-08-15,TRENDING_UP,False,True,-1.9341089108910834,-1.0891089108910834,False
PIAHCLA,2025-05-29,TRENDING_UP,False,False,,,False
PIAHCLB,2024-08-06,RANGING,False,True,8.726194444444443,11.11111111111111,True
PIBTL,2021-01-19,TRENDING_UP,False,True,0.6984166666666726,1.6666666666666736,True
PIBTL,2026-01-13,TRENDING_UP,False,False,,,False
PIBTL,2024-12-20,TRENDING_UP,False,False,,,False
PIBTL,2023-10-06,TRENDING_UP,False,True,17.48018342036554,21.409921671018285,True
PIBTL,2024-03-07,TRENDING_UP,False,False,,,False
PICT,2023-04-18,RANGING,False,True,1.1231805858223276,2.166388924496856,True
PICT,2025-05-20,TRENDING_UP,False,False,,,False
PICT,2022-04-19,RANGING,False,False,,,False
PICT,2021-09-27,RANGING,False,True,-0.6973985239852406,0.1476014760147594,False
PICT,2025-01-16,TRENDING_UP,False,True,4.370160737111211,5.986365573072012,True
PICT,2025-01-08,TRENDING_UP,False,True,-1.480593220338992,-0.635593220338992,False
PIL,2024-02-23,VOLATILE,False,False,,,False
PIL,2020-09-14,TRENDING_UP,False,False,,,False
PIL,2024-05-16,TRENDING_UP,False,False,,,False
PIL,2024-11-19,TRENDING_UP,False,True,-8.845,-8.0,False
PIL,2026-04-24,TRENDING_UP,False,True,-7.561417910447767,-6.716417910447767,False
PIL,2024-01-08,VOLATILE,False,False,,,False
PIM,2024-12-13,TRENDING_UP,False,False,,,False
PIM,2025-07-07,TRENDING_UP,False,True,-0.5819805365597204,0.2630194634402796,False
PINL,2021-06-04,TRENDING_UP,False,False,,,False
PINL,2020-12-22,TRENDING_UP,False,True,-1.0426284584980194,-0.19762845849801955,False
PINL,2022-09-22,TRENDING_DOWN,False,False,,,False
PINL,2026-05-19,VOLATILE,False,True,-3.0141973969631346,-2.169197396963135,False
PINL,2025-10-23,TRENDING_UP,False,False,,,False
PINL,2022-09-15,RANGING,False,False,,,False
PINL,2020-09-07,TRENDING_UP,False,True,1.929290983606563,3.1147540983606623,True
PINL,2026-06-23,TRENDING_UP,False,False,,,False
PIOC,2023-02-08,VOLATILE,False,False,,,False
PIOC,2023-08-17,TRENDING_UP,False,False,,,False
PIOC,2024-06-06,RANGING,False,False,,,False
PIOC,2023-05-02,RANGING,False,True,5.77951755513463,7.644432417805447,True
PIOC,2025-06-27,TRENDING_UP,False,False,,,False
PIOC,2023-08-04,TRENDING_UP,False,True,-2.6430636237897627,-1.7980636237897627,False
PIOC,2026-05-20,VOLATILE,False,False,,,False
PKGI,2024-09-02,TRENDING_UP,False,False,,,False
PKGI,2024-11-08,TRENDING_UP,False,True,-8.845,-8.0,False
PKGI,2022-12-20,TRENDING_DOWN,False,True,41.599346566523614,49.785407725321896,True
PKGI,2022-11-03,RANGING,False,False,,,False
PKGI,2021-02-04,TRENDING_UP,False,True,36.56948584905659,43.86792452830187,True
PKGI,2023-10-24,TRENDING_UP,False,False,,,False
PKGI,2024-03-26,TRENDING_UP,False,False,,,False
PKGI,2026-05-08,TRENDING_UP,False,False,,,False
PKGI,2025-11-07,VOLATILE,False,False,,,False
PKGP,2021-11-04,RANGING,False,False,,,False
PKGP,2025-07-01,TRENDING_UP,False,False,,,False
PKGP,2025-11-03,VOLATILE,False,False,,,False
PKGP,2022-01-03,RANGING,False,True,2.6459628303344327,3.9578974474522735,True
PKGP,2022-01-07,RANGING,False,True,-1.8758818563518984,-1.0308818563518984,False
PKGP,2025-12-22,TRENDING_UP,False,False,,,False
PKGP,2024-10-18,TRENDING_UP,False,True,-1.1363564260278365,-0.29135642602783646,False
PKGP,2021-01-19,TRENDING_UP,False,False,,,False
PKGS,2023-03-21,RANGING,False,True,-0.41543400977633277,0.4295659902236672,False
PKGS,2024-10-30,TRENDING_UP,False,False,,,False
PKGS,2024-07-08,TRENDING_UP,False,False,,,False
PKGS,2023-03-24,RANGING,False,False,,,False
PKGS,2025-12-26,TRENDING_UP,False,True,-1.7376314669220891,-0.8926314669220892,False
PKGS,2023-10-27,TRENDING_UP,False,False,,,False
PKGS,2024-03-25,TRENDING_UP,False,False,,,False
PKGS,2021-05-25,TRENDING_UP,False,True,5.228252057613169,6.995884773662551,True
PKGS,2024-12-30,TRENDING_UP,False,True,-3.171821788119214,-2.3268217881192137,False
PMI,2024-09-19,TRENDING_UP,False,False,,,False
PMI,2024-08-23,TRENDING_UP,False,False,,,False
PMI,2025-01-07,TRENDING_UP,False,True,-6.400555555555568,-5.555555555555569,False
PMPK,2024-10-18,TRENDING_UP,False,True,46.0646957364341,55.03875968992248,True
PMPK,2024-11-15,TRENDING_UP,False,True,-4.995943396226415,-4.150943396226415,False
PMRS,2026-02-12,VOLATILE,False,False,,,False
PMRS,2025-10-29,VOLATILE,False,False,,,False
PNSC,2020-12-23,TRENDING_UP,False,False,,,False
PNSC,2025-09-02,TRENDING_UP,False,True,-1.3280917874396134,-0.4830917874396135,False
PNSC,2020-07-06,RANGING,False,True,4.174012390520041,5.755602812376518,True
PNSC,2021-09-24,RANGING,False,True,-1.6600879399378758,-0.8150879399378759,False
PNSC,2023-01-02,RANGING,False,True,4.568854850077592,6.220123353032461,True
PNSC,2020-12-30,TRENDING_UP,False,False,,,False
PNSC,2025-01-02,TRENDING_UP,False,False,,,False
PNSC,2025-05-27,TRENDING_UP,False,False,,,False
PNSC,2025-01-16,TRENDING_UP,False,False,,,False
PNSC,2023-08-16,TRENDING_UP,False,False,,,False
PNSC,2020-01-20,TRENDING_UP,False,False,,,False
POL,2024-02-02,RANGING,False,True,-1.8301203401065123,-0.9851203401065123,False
POL,2021-09-30,RANGING,False,False,,,False
POL,2022-12-30,TRENDING_DOWN,False,False,,,False
POL,2020-10-15,VOLATILE,False,True,-2.234267229637707,-1.389267229637707,False
POL,2021-01-29,TRENDING_UP,False,False,,,False
POL,2025-07-18,TRENDING_UP,False,True,0.4398953799854501,1.3625239764534707,True
POL,2026-01-28,TRENDING_UP,False,False,,,False
POL,2023-09-13,RANGING,False,False,,,False
POML,2025-10-06,TRENDING_UP,False,False,,,False
POML,2024-09-24,TRENDING_UP,False,False,,,False
POML,2026-04-22,TRENDING_UP,False,True,-0.845,0.0,False
POWER,2025-01-17,TRENDING_UP,False,True,3.1799602908277422,4.586129753914991,True
POWER,2021-02-15,TRENDING_UP,False,False,,,False
POWER,2020-12-30,TRENDING_UP,False,False,,,False
POWER,2025-10-21,TRENDING_UP,False,False,,,False
POWER,2023-07-25,TRENDING_UP,False,True,-0.3744117647058923,0.47058823529410765,False
POWER,2025-07-09,TRENDING_UP,False,False,,,False
POWER,2021-01-08,TRENDING_UP,False,False,,,False
POWER,2023-08-01,TRENDING_UP,False,False,,,False
POWER,2023-08-03,TRENDING_UP,False,True,-1.313384074941442,-0.468384074941442,False
POWERPS,2024-10-29,TRENDING_UP,False,True,0.5363625461254624,1.4760147601476028,True
POWERPS,2025-09-12,TRENDING_UP,False,True,2.9486524045261637,4.31400282885431,True
POWERPS,2026-05-11,TRENDING_UP,False,True,-4.765000000000002,-3.920000000000002,False
PPL,2025-12-31,TRENDING_UP,False,True,0.8911747505837327,1.8934408830396856,True
PPL,2023-04-27,RANGING,False,True,-2.253450704225356,-1.4084507042253562,False
PPL,2021-05-31,TRENDING_UP,False,False,,,False
PPL,2026-05-25,TRENDING_UP,False,True,-2.5318871530663127,-1.6868871530663128,False
PPL,2022-07-07,TRENDING_DOWN,False,False,,,False
PPL,2022-07-07,TRENDING_DOWN,False,False,,,False
PPL,2025-03-27,TRENDING_UP,False,True,-1.8035505872439002,-0.9585505872439001,False
PPL,2025-07-11,TRENDING_UP,False,False,,,False
PPL,2026-05-07,TRENDING_UP,False,True,-1.7083405639913272,-0.8633405639913272,False
PPL,2024-10-18,TRENDING_UP,False,True,0.7846969548133594,1.768172888015717,True
PPP,2025-03-07,TRENDING_UP,False,False,,,False
PPP,2023-09-21,RANGING,False,False,,,False
PPP,2023-11-15,TRENDING_UP,False,True,-0.845,0.0,False
PPP,2024-03-06,TRENDING_UP,False,True,9.247741902834,11.724696356275295,True
PPP,2025-03-20,TRENDING_UP,False,False,,,False
PPVC,2020-10-26,TRENDING_UP,False,True,-0.845,0.0,False
PPVC,2024-03-05,TRENDING_UP,False,True,10.358877659574473,13.031914893617028,True
PPVC,2025-07-21,TRENDING_UP,False,True,-0.845,0.0,False
PPVC,2025-06-18,RANGING,False,False,,,False
PPVC,2024-11-20,TRENDING_UP,False,False,,,False
PPVC,2024-06-28,TRENDING_UP,False,True,-0.04500000000000515,0.7999999999999948,False
PPVC,2024-09-13,TRENDING_UP,False,False,,,False
PPVC,2025-06-25,TRENDING_UP,False,True,-2.3487593984962465,-1.5037593984962465,False
PQGTL,2026-06-16,TRENDING_UP,False,True,-1.5156908115358796,-0.6706908115358795,False
PREMA,2020-01-22,TRENDING_UP,False,False,,,False
PREMA,2024-09-06,TRENDING_UP,False,False,,,False
PREMA,2022-01-13,RANGING,False,True,-1.7440600735594558,-0.8990600735594558,False
PREMA,2023-03-01,RANGING,False,True,1.2261944444444421,2.2875816993464024,True
PREMA,2025-11-28,TRENDING_UP,False,True,-1.2033312004095227,-0.3583312004095228,False
PREMA,2026-06-01,TRENDING_UP,False,True,-1.8521942446043207,-1.0071942446043207,False
PREMA,2024-11-13,TRENDING_UP,False,False,,,False
PRET,2024-11-27,TRENDING_UP,False,True,3.3381388888888903,4.772222222222224,True
PRET,2025-02-20,TRENDING_UP,False,False,,,False
PRET,2024-07-24,TRENDING_UP,False,False,,,False
PRL,2024-08-13,RANGING,False,False,,,False
PRL,2025-10-01,TRENDING_UP,False,True,3.7929231843575564,5.307262569832419,True
PRL,2023-09-13,RANGING,False,True,3.0035014124293737,4.378531073446322,True
PRL,2021-09-30,RANGING,False,True,-1.0839486260453952,-0.23894862604539516,False
PRL,2023-10-20,TRENDING_UP,False,False,,,False
PRL,2025-10-14,TRENDING_UP,False,False,,,False
PRL,2024-09-19,TRENDING_UP,False,True,-1.3031424406497416,-0.4581424406497417,False
PRL,2025-04-18,TRENDING_UP,False,False,,,False
PRWM,2025-06-27,TRENDING_UP,False,True,3.873317852437419,5.401844532279316,True
PRWM,2025-05-30,TRENDING_UP,False,True,-0.8688038562247037,-0.023803856224703667,False
PSEL,2023-07-05,RANGING,False,True,3.3547139519359135,4.791722296395192,True
PSEL,2024-08-07,RANGING,False,False,,,False
PSEL,2024-09-03,TRENDING_UP,False,False,,,False
PSEL,2025-10-17,TRENDING_UP,False,False,,,False
PSEL,2024-05-15,TRENDING_UP,False,True,-0.845,0.0,False
PSEL,2024-10-18,TRENDING_UP,False,False,,,False
PSEL,2026-01-26,TRENDING_UP,False,False,,,False
PSMC,2023-09-08,RANGING,False,False,,,False
PSMC,2024-03-20,TRENDING_UP,False,False,,,False
PSMC,2021-01-05,TRENDING_UP,False,False,,,False
PSMC,2023-12-29,TRENDING_UP,False,False,,,False
PSO,2024-08-13,RANGING,False,True,-0.8513287133725655,-0.0063287133725656005,False
PSO,2026-06-17,TRENDING_UP,False,False,,,False
PSO,2020-02-12,RANGING,False,False,,,False
PSO,2025-06-26,TRENDING_UP,False,False,,,False
PSO,2026-07-07,TRENDING_UP,False,True,-0.22293830982685015,0.6220616901731498,False
PSO,2025-07-15,TRENDING_UP,False,False,,,False
PSO,2021-08-23,TRENDING_UP,False,True,-3.218104812129205,-2.373104812129205,False
PSX,2025-10-06,TRENDING_UP,False,False,,,False
PSX,2024-04-23,TRENDING_UP,False,False,,,False
PSX,2025-03-14,TRENDING_UP,False,False,,,False
PSX,2025-07-16,TRENDING_UP,False,False,,,False
PSX,2025-02-26,TRENDING_UP,False,False,,,False
PSYL,2025-08-22,TRENDING_UP,False,False,,,False
PSYL,2024-09-04,TRENDING_UP,False,False,,,False
PSYL,2025-06-30,TRENDING_UP,False,False,,,False
PTC,2022-11-22,RANGING,False,True,0.4857160056657289,1.4164305949008575,True
PTC,2024-12-12,TRENDING_UP,False,True,-3.454334803381113,-2.609334803381113,False
PTC,2023-08-02,TRENDING_UP,False,False,,,False
PTC,2023-08-17,TRENDING_UP,False,False,,,False
PTC,2022-02-16,TRENDING_UP,False,True,-2.1671153846153777,-1.3221153846153777,False
PTC,2024-05-06,TRENDING_UP,False,True,-2.643561151079137,-1.7985611510791366,False
PTC,2024-10-21,TRENDING_UP,False,False,,,False
PTC,2023-11-15,TRENDING_UP,False,True,0.5986514084507082,1.549295774647892,True
PTL,2022-05-09,RANGING,False,False,,,False
PTL,2022-01-11,RANGING,False,True,-3.193578491965396,-2.3485784919653963,False
PTL,2023-11-30,TRENDING_UP,False,False,,,False
PTL,2025-05-21,TRENDING_UP,False,True,-3.3449999999999998,-2.5,False
PTL,2025-10-02,TRENDING_UP,False,True,-0.027561307901902143,0.8174386920980978,False
PTL,2024-03-26,TRENDING_UP,False,False,,,False
QTECH,2026-06-23,TRENDING_UP,False,False,,,False
QUET,2022-11-28,RANGING,False,True,8.048986624379486,10.314396028681749,True
QUET,2021-02-22,RANGING,False,True,8.631750000000002,11.000000000000004,True
QUET,2024-05-21,TRENDING_UP,False,True,-0.845,0.0,False
QUET,2020-01-15,TRENDING_UP,False,True,-0.845,0.0,False
QUET,2020-08-21,TRENDING_UP,False,False,,,False
QUICE,2021-10-05,RANGING,False,True,-2.5116666666666685,-1.6666666666666683,False
QUICE,2024-04-16,TRENDING_UP,False,False,,,False
QUICE,2022-12-26,TRENDING_DOWN,False,True,-1.1220083102493015,-0.27700831024930156,False
QUICE,2020-10-02,RANGING,False,False,,,False
QUICE,2025-08-29,TRENDING_UP,False,False,,,False
QUICE,2021-08-24,TRENDING_UP,False,True,-3.837957746478872,-2.992957746478872,False
QUICE,2021-01-04,TRENDING_UP,False,False,,,False
QUICE,2025-03-07,TRENDING_UP,False,True,-0.5491420118343127,0.2958579881656873,False
QUICE,2025-06-30,TRENDING_UP,False,False,,,False
RCML,2025-11-21,VOLATILE,False,True,-0.845,0.0,False
RCML,2024-09-04,TRENDING_UP,False,True,10.65164548762136,13.376347632495719,True
REDCO,2020-12-07,TRENDING_UP,False,True,-1.0073376623376589,-0.16233766233765887,False
REDCO,2021-10-05,RANGING,False,True,-6.712970660146693,-5.867970660146693,False
REDCO,2024-07-09,TRENDING_UP,False,False,,,False
REDCO,2023-04-05,TRENDING_DOWN,False,True,2.681750000000003,4.0000000000000036,True
REDCO,2023-08-09,TRENDING_UP,False,False,,,False
REDCO,2021-05-18,TRENDING_UP,False,False,,,False
REDCO,2026-04-28,TRENDING_UP,False,False,,,False
REDCO,2021-01-18,TRENDING_UP,False,False,,,False
REDCO,2020-02-11,RANGING,False,True,-0.845,0.0,False
REWM,2024-05-14,TRENDING_UP,False,True,-0.845,0.0,False
REWM,2024-01-04,TRENDING_UP,False,False,,,False
REWM,2022-09-02,RANGING,False,True,6.027781746031746,7.936507936507936,True
REWM,2023-09-19,RANGING,False,False,,,False
REWM,2024-08-05,RANGING,False,True,-0.845,0.0,False
REWM,2021-08-20,RANGING,False,False,,,False
REWM,2026-06-24,TRENDING_UP,False,False,,,False
REWM,2025-02-03,VOLATILE,False,True,-0.8519084628670058,-0.006908462867005806,False
RICL,2020-04-20,VOLATILE,False,False,,,False
RICL,2026-04-24,TRENDING_UP,False,False,,,False
RICL,2020-09-29,RANGING,False,True,-0.845,0.0,False
RICL,2022-09-05,RANGING,False,True,10.859336206896552,13.620689655172416,True
RICL,2025-09-16,TRENDING_UP,False,True,-0.438259732713537,0.40674026728646295,False
RICL,2023-07-24,TRENDING_UP,False,True,1.7846946407538278,2.9446407538280326,True
RICL,2023-11-15,TRENDING_UP,False,False,,,False
RICL,2024-09-30,TRENDING_UP,False,False,,,False
RMPL,2024-08-15,RANGING,False,False,,,False
RMPL,2021-07-05,RANGING,False,True,-1.855,-1.01,False
RMPL,2025-05-21,TRENDING_UP,False,False,,,False
RMPL,2024-09-16,TRENDING_UP,False,False,,,False
RMPL,2021-02-16,TRENDING_UP,False,True,-0.845,0.0,False
RMPL,2025-07-08,TRENDING_UP,False,False,,,False
RPL,2026-02-23,VOLATILE,False,True,-0.6302541159627819,0.21474588403721803,False
RPL,2024-10-18,TRENDING_UP,False,False,,,False
RPL,2021-04-19,RANGING,False,False,,,False
RPL,2021-03-01,RANGING,False,True,-0.08210711016173333,0.7628928898382666,False
RPL,2024-03-26,TRENDING_UP,False,False,,,False
RPL,2024-07-08,TRENDING_UP,False,True,-1.9597540983606552,-1.1147540983606552,False
RPL,2024-09-26,TRENDING_UP,False,False,,,False
RPL,2022-02-10,TRENDING_UP,False,True,-4.313735737106351,-3.4687357371063516,False
RUBY,2026-01-29,VOLATILE,False,False,,,False
RUBY,2024-11-08,TRENDING_UP,False,False,,,False
RUBY,2025-09-08,TRENDING_UP,False,False,,,False
RUPL,2025-10-23,TRENDING_UP,False,False,,,False
RUPL,2025-08-04,TRENDING_UP,False,False,,,False
RUPL,2024-01-31,RANGING,False,True,-2.885816326530623,-2.040816326530623,False
SAIF,2026-07-06,TRENDING_UP,False,False,,,False
SAIF,2024-03-05,TRENDING_UP,False,False,,,False
SAIF,2026-07-09,TRENDING_UP,False,False,,,False
SAIF,2024-03-12,TRENDING_UP,False,True,-0.845,0.0,False
SAIF,2025-04-04,TRENDING_UP,False,False,,,False
SALT,2020-01-03,TRENDING_UP,False,True,-0.845,0.0,False
SANE,2024-06-06,RANGING,False,False,,,False
SANSM,2025-10-01,TRENDING_UP,False,False,,,False
SANSM,2026-03-18,VOLATILE,False,False,,,False
SANSM,2024-09-02,TRENDING_UP,False,True,-5.965481927710842,-5.120481927710842,False
SANSM,2026-06-30,TRENDING_UP,False,False,,,False
SAPL,2020-05-14,VOLATILE,False,False,,,False
SAPL,2020-11-27,TRENDING_UP,False,False,,,False
SAPL,2022-03-18,TRENDING_DOWN,False,False,,,False
SAPL,2022-01-07,RANGING,False,False,,,False
SAPL,2020-08-28,TRENDING_UP,False,False,,,False
SAPT,2024-07-08,TRENDING_UP,False,False,,,False
SAPT,2021-04-21,RANGING,False,False,,,False
SAPT,2020-06-11,RANGING,False,True,-0.845,0.0,False
SAPT,2021-10-08,RANGING,False,True,11.677583333333333,14.583333333333334,True
SAPT,2025-05-26,TRENDING_UP,False,True,0.865253856445783,1.862945713465627,True
SAPT,2025-08-20,TRENDING_UP,False,True,-4.054489051094892,-3.2094890510948924,False
SARC,2023-02-17,VOLATILE,False,False,,,False
SARC,2023-12-29,TRENDING_UP,False,True,-0.845,0.0,False
SARC,2023-08-23,RANGING,False,True,-0.845,0.0,False
SARC,2023-03-03,RANGING,False,True,-6.351883604505638,-5.506883604505639,False
SARC,2025-12-01,TRENDING_UP,False,True,-0.845,0.0,False
SARC,2026-01-19,TRENDING_UP,False,True,-2.539915254237288,-1.694915254237288,False
SARC,2025-11-10,TRENDING_UP,False,False,,,False
SARC,2026-04-24,TRENDING_UP,False,False,,,False
SASML,2025-01-23,TRENDING_UP,False,False,,,False
SASML,2025-01-03,TRENDING_UP,False,True,7.685833825900054,9.887157442235358,True
SASML,2025-04-25,VOLATILE,False,True,8.186511904761904,10.476190476190476,True
SAZEW,2021-06-24,TRENDING_UP,False,False,,,False
SAZEW,2025-07-01,TRENDING_UP,False,False,,,False
SAZEW,2025-05-22,TRENDING_UP,False,False,,,False
SAZEW,2025-08-20,TRENDING_UP,False,False,,,False
SAZEW,2021-01-29,TRENDING_UP,False,False,,,False
SAZEW,2024-07-01,TRENDING_UP,False,False,,,False
SAZEW,2021-06-14,TRENDING_UP,False,False,,,False
SBL,2026-03-31,VOLATILE,False,False,,,False
SBL,2021-07-19,RANGING,False,True,0.6098749999999953,1.5624999999999944,True
SBL,2021-02-18,RANGING,False,True,-0.845,0.0,False
SBL,2022-05-09,RANGING,False,True,-6.199330708661415,-5.354330708661415,False
SBL,2025-12-08,TRENDING_UP,False,False,,,False
SBL,2026-01-09,TRENDING_UP,False,False,,,False
SCBPL,2020-11-11,TRENDING_UP,False,True,-0.13477272727272727,0.7102272727272727,False
SCBPL,2021-11-01,RANGING,False,True,-0.845,0.0,False
SCBPL,2020-05-13,VOLATILE,False,False,,,False
SCBPL,2023-10-12,TRENDING_UP,False,False,,,False
SCBPL,2024-09-16,TRENDING_UP,False,False,,,False
SCBPL,2023-08-09,TRENDING_UP,False,False,,,False
SCBPL,2020-09-04,TRENDING_UP,False,True,-0.845,0.0,False
SCBPL,2024-07-24,TRENDING_UP,False,False,,,False
SCL,2020-04-17,VOLATILE,False,True,-1.1258752462748707,-0.28087524627487065,False
SCL,2021-08-09,RANGING,False,True,-0.845,0.0,False
SCL,2020-01-09,TRENDING_UP,False,False,,,False
SCL,2020-12-08,TRENDING_UP,False,True,16.608659701259445,20.384599648540522,True
SCL,2025-01-09,VOLATILE,False,True,-1.6016565055688834,-0.7566565055688834,False
SCL,2025-12-03,TRENDING_UP,False,True,-0.8491889152115,-0.004188915211500052,False
SEARL,2025-07-23,TRENDING_UP,False,False,,,False
SEARL,2020-11-30,TRENDING_UP,False,False,,,False
SEARL,2020-05-29,RANGING,False,False,,,False
SEARL,2023-10-26,TRENDING_UP,False,True,10.987346107055952,13.771289537712885,True
SEARL,2025-01-06,TRENDING_UP,False,False,,,False
SEARL,2025-06-25,TRENDING_UP,False,False,,,False
SEARL,2025-09-10,TRENDING_UP,False,False,,,False
SEARL,2023-10-31,TRENDING_UP,False,False,,,False
SEL,2020-11-23,VOLATILE,False,True,4.732445704779182,6.412583182093155,True
SEL,2020-12-09,TRENDING_UP,False,False,,,False
SEL,2023-07-26,TRENDING_UP,False,True,-0.845,0.0,False
SEL,2021-01-19,TRENDING_UP,False,True,-1.5194328632740617,-0.6744328632740616,False
SEPL,2025-10-14,TRENDING_UP,False,False,,,False
SEPL,2021-08-26,RANGING,False,False,,,False
SEPL,2023-06-27,RANGING,False,False,,,False
SEPL,2022-08-31,RANGING,False,True,-0.845,0.0,False
SEPL,2022-06-27,TRENDING_DOWN,False,False,,,False
SEPL,2024-05-08,TRENDING_UP,False,True,-1.5592857142857142,-0.7142857142857143,False
SEPL,2025-09-01,TRENDING_UP,False,False,,,False
SEPL,2020-08-18,TRENDING_UP,False,True,-0.845,0.0,False
SEPL,2020-12-01,TRENDING_UP,False,False,,,False
SERT,2025-02-26,TRENDING_UP,False,False,,,False
SERT,2025-11-04,VOLATILE,False,False,,,False
SERT,2025-06-11,TRENDING_UP,False,True,-7.89628205128205,-7.05128205128205,False
SERT,2025-09-29,TRENDING_UP,False,False,,,False
SERT,2025-07-11,TRENDING_UP,False,False,,,False
SFL,2020-11-12,VOLATILE,False,True,17.74616947565543,21.722846441947567,True
SFL,2021-11-25,RANGING,False,True,5.150797619047619,6.904761904761905,True
SFL,2022-12-29,TRENDING_DOWN,False,False,,,False
SFL,2021-07-09,RANGING,False,True,-0.845,0.0,False
SFL,2024-11-11,TRENDING_UP,False,False,,,False
SFL,2024-12-05,TRENDING_UP,False,True,-0.845,0.0,False
SGF,2025-09-29,TRENDING_UP,False,False,,,False
SGF,2025-09-08,TRENDING_UP,False,False,,,False
SGF,2025-02-27,TRENDING_UP,False,False,,,False
SGF,2024-10-17,TRENDING_UP,False,False,,,False
SGF,2025-05-02,VOLATILE,False,True,-3.8706012412723085,-3.0256012412723083,False
SGPL,2024-09-24,TRENDING_UP,False,True,5.767299132947978,7.63005780346821,True
SGPL,2023-02-21,VOLATILE,False,True,5.429016099635481,7.232077764277037,True
SGPL,2022-08-02,TRENDING_DOWN,False,True,-0.845,0.0,False
SGPL,2022-03-16,TRENDING_DOWN,False,False,,,False
SGPL,2025-11-18,VOLATILE,False,False,,,False
SGPL,2025-08-11,TRENDING_UP,False,False,,,False
SGPL,2026-06-03,TRENDING_UP,False,True,-0.888468811128007,-0.043468811128007004,False
SGPL,2023-01-25,VOLATILE,False,False,,,False
SGPL,2026-03-02,VOLATILE,False,True,-0.9204147812971326,-0.07541478129713264,False
SHCM,2024-09-11,TRENDING_UP,False,False,,,False
SHCM,2025-05-26,TRENDING_UP,False,False,,,False
SHDT,2024-09-03,TRENDING_UP,False,True,-8.723787878787883,-7.878787878787883,False
SHDT,2024-08-23,TRENDING_UP,False,True,-0.845,0.0,False
SHDT,2024-09-03,TRENDING_UP,False,True,-8.723787878787883,-7.878787878787883,False
SHDT,2024-04-08,TRENDING_UP,False,True,7.955219387755101,10.204081632653061,True
SHEL,2023-05-31,RANGING,False,False,,,False
SHEL,2020-08-10,TRENDING_UP,False,False,,,False
SHEL,2022-01-06,RANGING,False,True,1.0884587346396561,2.12553968781136,True
SHEL,2022-12-09,RANGING,False,True,-2.4896280991735495,-1.6446280991735496,False
SHEL,2025-01-24,TRENDING_UP,False,True,-8.392662575084874,-7.547662575084874,False
SHEZ,2025-10-15,TRENDING_UP,False,True,-4.2565865202574855,-3.4115865202574853,False
SHEZ,2021-01-20,TRENDING_UP,False,True,-1.4164285714285714,-0.5714285714285714,False
SHEZ,2026-06-30,TRENDING_UP,False,False,,,False
SHEZ,2022-11-18,RANGING,False,True,-0.845,0.0,False
SHEZ,2021-05-31,TRENDING_UP,False,True,10.615083333333333,13.333333333333334,True
SHEZ,2024-05-13,TRENDING_UP,False,False,,,False
SHEZ,2026-01-12,TRENDING_UP,False,False,,,False
SHEZ,2024-03-15,TRENDING_UP,False,False,,,False
SHEZ,2021-06-02,TRENDING_UP,False,True,7.188927422083857,9.302561673039833,True
SHFA,2024-01-29,RANGING,False,True,0.5346201577660972,1.473964891489526,True
SHFA,2026-04-29,TRENDING_UP,False,False,,,False
SHFA,2026-06-15,TRENDING_UP,False,True,3.802732433311651,5.318802862719589,True
SHFA,2026-05-08,TRENDING_UP,False,False,,,False
SHFA,2025-11-26,TRENDING_UP,False,False,,,False
SHFA,2024-04-25,TRENDING_UP,False,True,-0.4556870229007703,0.3893129770992297,False
SHFA,2021-05-20,TRENDING_UP,False,True,0.8373576959174118,1.830126701079308,True
SHFA,2024-12-03,TRENDING_UP,False,False,,,False
SHFA,2021-06-16,TRENDING_UP,False,False,,,False
SHFA,2024-05-14,TRENDING_UP,False,True,-0.6302541159627693,0.21474588403723077,False
SHJS,2025-09-04,TRENDING_UP,False,False,,,False
SHJS,2026-04-30,VOLATILE,False,True,-0.6522942687888218,0.1927057312111782,False
SHJS,2024-11-29,TRENDING_UP,False,False,,,False
SHNI,2021-06-30,RANGING,False,False,,,False
SHNI,2025-06-27,TRENDING_UP,False,False,,,False
SHNI,2020-02-03,RANGING,False,False,,,False
SHNI,2024-10-31,TRENDING_UP,False,False,,,False
SHNI,2025-07-10,TRENDING_UP,False,False,,,False
SHNI,2024-10-17,TRENDING_UP,False,True,-0.845,0.0,False
SHNI,2023-01-26,VOLATILE,False,True,7.782478113757059,10.00085660442007,True
SHNI,2025-09-24,TRENDING_UP,False,False,,,False
SHSML,2024-11-25,TRENDING_UP,False,True,-0.8425000000000022,0.0024999999999977263,False
SHSML,2025-09-10,TRENDING_UP,False,False,,,False
SHSML,2025-02-26,TRENDING_UP,False,True,5.481987831409964,7.294397448717604,True
SIBL,2024-02-07,RANGING,False,False,,,False
SIBL,2025-06-02,TRENDING_UP,False,False,,,False
SIBL,2024-04-04,TRENDING_UP,False,False,,,False
SIEM,2026-01-23,TRENDING_UP,False,False,,,False
SIEM,2022-08-01,TRENDING_DOWN,False,False,,,False
SIEM,2021-11-25,RANGING,False,False,,,False
SIEM,2024-05-31,TRENDING_UP,False,True,-0.8468347950533909,-0.0018347950533908672,False
SIEM,2024-12-02,TRENDING_UP,False,False,,,False
SILK,2021-08-10,RANGING,False,True,-2.6097058823529427,-1.764705882352943,False
SILK,2021-06-02,TRENDING_UP,False,False,,,False
SILK,2023-08-15,TRENDING_UP,False,True,-3.8450000000000024,-3.0000000000000027,False
SILK,2022-03-16,TRENDING_DOWN,False,False,,,False
SILK,2024-07-24,TRENDING_UP,False,False,,,False
SILK,2020-09-09,TRENDING_UP,False,False,,,False
SILK,2024-10-09,TRENDING_UP,False,False,,,False
SILK,2020-11-09,VOLATILE,False,False,,,False
SINDM,2025-06-27,TRENDING_UP,False,True,3.9181136363636377,5.454545454545456,True
SINDM,2024-07-24,TRENDING_UP,False,False,,,False
SINDM,2025-01-02,TRENDING_UP,False,False,,,False
SITC,2023-02-27,RANGING,False,True,3.5886696428571407,5.066964285714283,True
SITC,2023-07-12,TRENDING_UP,False,False,,,False
SITC,2020-09-28,RANGING,False,True,1.4967337133550491,2.6058631921824107,True
SITC,2024-02-26,VOLATILE,False,False,,,False
SITC,2021-01-26,TRENDING_UP,False,False,,,False
SITC,2023-10-06,TRENDING_UP,False,False,,,False
SITC,2024-05-23,TRENDING_UP,False,True,-1.118333333333331,-0.2733333333333311,False
SITC,2024-10-28,TRENDING_UP,False,True,-2.1608360157051294,-1.3158360157051292,False
SITC,2025-01-03,TRENDING_UP,False,True,2.020855190155159,3.2224766943001866,True
SITC,2025-10-29,VOLATILE,False,False,,,False
SJTM,2020-01-10,TRENDING_UP,False,True,113.06566019644528,133.86342376052386,True
SKRS,2024-03-29,TRENDING_UP,False,True,2.5586191588785048,3.855140186915888,True
SKRS,2024-08-02,RANGING,False,False,,,False
SKRS,2024-01-01,TRENDING_UP,False,True,-2.763976545842233,-1.9189765458422332,False
SKRS,2024-01-04,TRENDING_UP,False,False,,,False
SLGL,2024-10-08,TRENDING_UP,False,False,,,False
SLGL,2025-07-22,TRENDING_UP,False,True,-1.4510606060606146,-0.6060606060606146,False
SLGL,2026-01-30,TRENDING_UP,False,False,,,False
SLGL,2025-11-26,TRENDING_UP,False,False,,,False
SLYT,2025-09-08,TRENDING_UP,False,False,,,False
SLYT,2025-12-09,TRENDING_UP,False,False,,,False
SLYT,2024-10-30,TRENDING_UP,False,False,,,False
SMBL,2023-09-27,TRENDING_UP,False,True,-0.30445945945945896,0.540540540540541,False
SMBL,2023-10-16,TRENDING_UP,False,True,-4.070806451612905,-3.2258064516129057,False
SMBL,2020-08-05,TRENDING_UP,False,False,,,False
SMBL,2022-06-14,TRENDING_DOWN,False,True,-0.845,0.0,False
SMBL,2023-08-21,TRENDING_UP,False,False,,,False
SMCPL,2022-04-01,RANGING,False,True,5.820211538461545,7.6923076923077,True
SMCPL,2026-03-06,VOLATILE,False,True,-4.800739972337482,-3.955739972337482,False
SMCPL,2023-01-20,TRENDING_DOWN,False,False,,,False
SMCPL,2022-03-30,RANGING,False,True,-0.845,0.0,False
SMCPL,2020-08-28,TRENDING_UP,False,False,,,False
SMCPL,2023-11-21,TRENDING_UP,False,False,,,False
SMCPL,2021-06-02,TRENDING_UP,False,True,0.5441262376237654,1.4851485148514887,True
SMCPL,2024-07-01,TRENDING_UP,False,False,,,False
SML,2025-07-17,TRENDING_UP,False,False,,,False
SML,2025-04-18,TRENDING_UP,False,False,,,False
SML,2024-07-22,RANGING,False,True,-0.6690764011058047,0.17592359889419526,False
SML,2024-12-03,TRENDING_UP,False,False,,,False
SNAI,2025-09-16,TRENDING_UP,False,False,,,False
SNAI,2024-03-12,TRENDING_UP,False,True,-0.845,0.0,False
SNAI,2024-10-01,TRENDING_UP,False,False,,,False
SNBL,2025-12-12,TRENDING_UP,False,True,0.18139719717757588,1.0584084672677363,True
SNBL,2020-11-30,TRENDING_UP,False,False,,,False
SNBL,2022-01-24,RANGING,False,False,,,False
SNBL,2021-06-04,TRENDING_UP,False,False,,,False
SNBL,2020-12-03,TRENDING_UP,False,False,,,False
SNBL,2024-03-14,TRENDING_UP,False,False,,,False
SNBL,2024-07-12,TRENDING_UP,False,False,,,False
SNBL,2021-02-16,TRENDING_UP,False,False,,,False
SNGP,2020-09-15,TRENDING_UP,False,True,-1.1243729629054893,-0.27937296290548935,False
SNGP,2020-12-30,TRENDING_UP,False,False,,,False
SNGP,2022-11-28,RANGING,False,True,-2.2625257731958692,-1.417525773195869,False
SNGP,2023-09-18,RANGING,False,False,,,False
SNGP,2020-10-08,VOLATILE,False,False,,,False
SNGP,2023-10-11,TRENDING_UP,False,True,-0.2976315789473726,0.5473684210526274,False
SNGP,2023-11-06,TRENDING_UP,False,False,,,False
SNGP,2023-11-28,TRENDING_UP,False,False,,,False
SNGP,2021-11-17,TRENDING_UP,False,False,,,False
SNGP,2020-08-25,TRENDING_UP,False,True,-2.371717557251908,-1.5267175572519083,False
SNGP,2024-08-23,TRENDING_UP,False,True,-3.212941712204011,-2.367941712204011,False
SPEL,2021-10-13,VOLATILE,False,False,,,False
SPEL,2023-10-31,TRENDING_UP,False,True,-0.845,0.0,False
SPEL,2023-07-13,TRENDING_UP,False,False,,,False
SPEL,2026-01-14,TRENDING_UP,False,False,,,False
SPEL,2024-11-18,TRENDING_UP,False,False,,,False
SPEL,2024-03-14,TRENDING_UP,False,True,1.67702798933739,2.8179741051028118,True
SPEL,2021-05-27,TRENDING_UP,False,True,9.767380697244269,12.336036114405022,True
SPEL,2025-08-11,TRENDING_UP,False,True,0.6984166666666617,1.6666666666666607,True
SPEL,2025-12-05,TRENDING_UP,False,True,-0.6995454545454576,0.14545454545454234,False
SPL,2020-02-28,VOLATILE,False,False,,,False
SPL,2026-01-20,TRENDING_UP,False,True,-2.3155882352941175,-1.4705882352941175,False
SPL,2023-02-27,RANGING,False,True,-2.569137931034483,-1.7241379310344827,False
SPL,2020-11-11,TRENDING_UP,False,True,-2.8885362061306123,-2.043536206130612,False
SPL,2025-06-17,TRENDING_UP,False,True,-1.5592857142857117,-0.7142857142857117,False
SPL,2020-12-03,TRENDING_UP,False,False,,,False
SPL,2020-08-19,TRENDING_UP,False,False,,,False
SPL,2020-12-10,TRENDING_UP,False,False,,,False
SPLC,2020-12-21,TRENDING_UP,False,False,,,False
SPLC,2021-01-26,TRENDING_UP,False,False,,,False
SPWL,2024-03-08,TRENDING_UP,False,True,-0.3402044422009014,0.5047955577990986,False
SPWL,2020-04-29,VOLATILE,False,False,,,False
SPWL,2021-05-05,RANGING,False,True,4.748000097286001,6.430882467395295,True
SPWL,2023-09-12,RANGING,False,False,,,False
SPWL,2023-04-11,TRENDING_DOWN,False,False,,,False
SPWL,2025-07-01,TRENDING_UP,False,False,,,False
SRVI,2024-04-22,TRENDING_UP,False,False,,,False
SRVI,2025-12-10,TRENDING_UP,False,False,,,False
SRVI,2025-08-26,TRENDING_UP,False,False,,,False
SRVI,2025-11-13,VOLATILE,False,True,4.499338984151723,6.138339981354967,True
SSGC,2021-02-19,RANGING,False,False,,,False
SSGC,2026-07-07,TRENDING_UP,False,True,-5.65145161290322,-4.806451612903221,False
SSGC,2023-02-01,VOLATILE,False,True,-1.314483568075124,-0.46948356807512404,False
SSGC,2020-06-04,RANGING,False,True,0.28544003690036995,1.1808118081180823,True
SSGC,2021-06-04,TRENDING_UP,False,False,,,False
SSGC,2024-01-22,TRENDING_UP,False,False,,,False
SSGC,2020-09-01,TRENDING_UP,False,False,,,False
SSML,2024-11-25,TRENDING_UP,False,True,-6.837949471210338,-5.992949471210339,False
SSML,2025-03-25,TRENDING_UP,False,False,,,False
SSML,2026-06-08,TRENDING_UP,False,True,-0.845,0.0,False
SSOM,2024-06-25,TRENDING_UP,False,False,,,False
SSOM,2024-08-27,RANGING,False,True,-0.845,0.0,False
SSOM,2026-04-30,VOLATILE,False,True,1.2222478749240997,2.2829386763812938,True
STCL,2023-06-09,RANGING,False,False,,,False
STCL,2026-01-15,TRENDING_UP,False,False,,,False
STCL,2021-04-28,TRENDING_UP,False,False,,,False
STCL,2025-08-25,TRENDING_UP,False,True,-0.845,0.0,False
STCL,2026-06-18,TRENDING_UP,False,False,,,False
STCL,2023-11-06,TRENDING_UP,False,True,-2.0950000000000033,-1.250000000000003,False
STCL,2024-07-05,TRENDING_UP,False,True,1.0775246478873284,2.1126760563380333,True
STJT,2025-08-08,TRENDING_UP,False,False,,,False
STJT,2025-07-24,TRENDING_UP,False,True,4.2391693548387055,5.8322580645161235,True
STL,2025-07-10,TRENDING_UP,False,False,,,False
STL,2026-07-01,TRENDING_UP,False,False,,,False
STML,2024-08-28,RANGING,False,True,-0.845,0.0,False
STML,2022-06-07,TRENDING_DOWN,False,False,,,False
STML,2023-02-22,RANGING,False,False,,,False
STML,2024-12-23,TRENDING_UP,False,False,,,False
STPL,2025-08-05,TRENDING_UP,False,True,-1.4985947712418395,-0.6535947712418394,False
STPL,2024-10-23,TRENDING_UP,False,False,,,False
STPL,2022-04-13,RANGING,False,False,,,False
STPL,2021-01-04,TRENDING_UP,False,True,-1.9848963730570073,-1.1398963730570073,False
STPL,2024-12-31,TRENDING_UP,False,True,13.59753947368421,16.842105263157894,True
STPL,2023-10-18,TRENDING_UP,False,False,,,False
STPL,2021-07-07,RANGING,False,True,-0.3127705499704325,0.5322294500295675,False
STPL,2021-05-31,TRENDING_UP,False,False,,,False
STPL,2026-06-19,TRENDING_UP,False,False,,,False
STYLERS,2024-05-02,TRENDING_UP,False,False,,,False
SUHJ,2022-10-07,RANGING,False,True,-0.845,0.0,False
SURC,2024-06-12,RANGING,False,False,,,False
SURC,2020-09-17,TRENDING_UP,False,False,,,False
SURC,2025-05-29,TRENDING_UP,False,False,,,False
SURC,2025-11-11,VOLATILE,False,False,,,False
SUTM,2024-12-17,TRENDING_UP,False,False,,,False
SUTM,2025-08-29,TRENDING_UP,False,True,-0.845,0.0,False
SYM,2024-12-23,TRENDING_UP,False,True,-6.850221932114875,-6.005221932114876,False
SYM,2025-01-20,TRENDING_UP,False,True,-3.817972972972977,-2.972972972972977,False
SYM,2025-01-07,TRENDING_UP,False,False,,,False
SYS,2023-06-12,RANGING,False,True,-2.638764988009597,-1.7937649880095967,False
SYS,2022-11-17,RANGING,False,True,5.884294247787613,7.767699115044251,True
SYS,2023-12-18,TRENDING_UP,False,True,-4.636394811775514,-3.7913948117755134,False
SYS,2024-08-08,RANGING,False,True,-0.845,0.0,False
SYS,2025-08-19,TRENDING_UP,False,False,,,False
SYS,2026-01-22,TRENDING_UP,False,True,0.8997080849836562,1.903480099980772,True
SYS,2025-06-04,TRENDING_UP,False,False,,,False
SYS,2024-01-22,TRENDING_UP,False,False,,,False
SZTM,2025-11-24,RANGING,False,True,-4.059285714285709,-3.214285714285709,False
SZTM,2025-07-03,TRENDING_UP,False,False,,,False
TATM,2024-10-14,TRENDING_UP,False,True,-0.845,0.0,False
TATM,2025-02-25,TRENDING_UP,False,True,-1.9461235955056224,-1.1011235955056224,False
TATM,2026-06-22,TRENDING_UP,False,False,,,False
TBL,2025-06-02,TRENDING_UP,False,False,,,False
TBL,2024-11-27,TRENDING_UP,False,False,,,False
TCORP,2025-03-12,TRENDING_UP,False,True,-8.845000000000002,-8.000000000000002,False
TCORP,2025-02-10,VOLATILE,False,False,,,False
TCORP,2025-08-15,TRENDING_UP,False,False,,,False
TCORP,2024-11-27,TRENDING_UP,False,True,-0.845,0.0,False
TCORP,2025-11-20,VOLATILE,False,False,,,False
TCORPCPS,2025-03-25,TRENDING_UP,False,True,6.273091991341995,8.22510822510823,True
TCORPCPS,2024-12-16,TRENDING_UP,False,False,,,False
TELE,2026-06-08,TRENDING_UP,False,False,,,False
TELE,2023-11-14,TRENDING_UP,False,False,,,False
TELE,2020-06-23,RANGING,False,True,-1.6450000000000007,-0.8000000000000007,False
TELE,2022-01-12,RANGING,False,False,,,False
TELE,2024-09-04,TRENDING_UP,False,False,,,False
TELE,2020-11-05,TRENDING_UP,False,False,,,False
TELE,2023-10-05,TRENDING_UP,False,True,4.225012411347519,5.815602836879434,True
TELE,2021-02-03,TRENDING_UP,False,False,,,False
TGL,2022-06-23,RANGING,False,True,-3.936060985797826,-3.091060985797826,False
TGL,2023-03-21,RANGING,False,True,-5.948448275862073,-5.103448275862073,False
TGL,2025-02-24,RANGING,False,True,10.38047611464968,13.05732484076433,True
TGL,2022-01-11,RANGING,False,True,-1.3184765453748286,-0.47347654537482864,False
TGL,2025-10-16,TRENDING_UP,False,True,4.463409388646291,6.096069868995636,True
TGL,2021-06-10,TRENDING_UP,False,False,,,False
TGL,2025-07-25,TRENDING_UP,False,False,,,False
TGL,2024-09-24,TRENDING_UP,False,False,,,False
TGL,2025-07-04,TRENDING_UP,False,False,,,False
THALL,2025-06-27,TRENDING_UP,False,False,,,False
THALL,2022-08-12,RANGING,False,True,-2.069561403508775,-1.224561403508775,False
THALL,2022-02-15,TRENDING_UP,False,True,-1.4307339979161502,-0.5857339979161501,False
THALL,2024-09-03,TRENDING_UP,False,True,-0.845,0.0,False
THALL,2025-09-11,TRENDING_UP,False,True,-3.8133795786169777,-2.9683795786169775,False
THALL,2026-06-08,TRENDING_UP,False,True,-2.50766986410871,-1.6626698641087096,False
THALL,2026-01-14,TRENDING_UP,False,False,,,False
THCCL,2021-04-20,RANGING,False,False,,,False
THCCL,2024-11-22,TRENDING_UP,False,True,-3.5148208854342604,-2.6698208854342607,False
THCCL,2020-07-15,RANGING,False,True,7.940793659043662,10.187110187110191,True
THCCL,2025-03-13,TRENDING_UP,False,False,,,False
THCCL,2026-07-02,TRENDING_UP,False,False,,,False
THCCL,2020-08-19,TRENDING_UP,False,True,-2.6140875232774627,-1.7690875232774628,False
TICL,2026-03-06,VOLATILE,False,True,1.960423437004112,3.151380514122485,True
TICL,2026-06-12,TRENDING_UP,False,False,,,False
TICL,2026-01-19,TRENDING_UP,False,False,,,False
TICL,2025-04-16,TRENDING_UP,False,False,,,False
TOMCL,2020-12-29,TRENDING_UP,False,False,,,False
TOMCL,2026-01-15,TRENDING_UP,False,False,,,False
TOMCL,2024-08-09,RANGING,False,False,,,False
TOMCL,2022-08-01,TRENDING_DOWN,False,False,,,False
TOMCL,2026-06-17,TRENDING_UP,False,False,,,False
TOMCL,2020-08-05,TRENDING_UP,False,True,-6.969197002141326,-6.124197002141326,False
TOMCL,2024-12-02,TRENDING_UP,False,False,,,False
TOMCL,2020-09-07,TRENDING_UP,False,False,,,False
TOWL,2026-04-14,VOLATILE,False,False,,,False
TOWL,2025-04-04,TRENDING_UP,False,True,-3.2484196306153645,-2.4034196306153643,False
TOWL,2026-01-08,TRENDING_UP,False,False,,,False
TOWL,2022-10-18,RANGING,False,False,,,False
TOWL,2020-07-01,RANGING,False,True,-0.845,0.0,False
TOWL,2020-08-06,TRENDING_UP,False,True,7.386650997050983,9.535177643589392,True
TOWL,2023-12-21,TRENDING_UP,False,True,-2.381946890554068,-1.5369468905540677,False
TOWL,2023-05-23,RANGING,False,False,,,False
TPL,2021-03-01,RANGING,False,True,-0.845,0.0,False
TPL,2025-09-25,TRENDING_UP,False,False,,,False
TPL,2021-08-03,RANGING,False,False,,,False
TPL,2024-06-13,TRENDING_UP,False,False,,,False
TPL,2021-05-26,TRENDING_UP,False,False,,,False
TPL,2024-05-06,TRENDING_UP,False,True,-1.0358396946564845,-0.19083969465648445,False
TPL,2024-04-22,TRENDING_UP,False,True,-3.4998672566371747,-2.6548672566371745,False
TPL,2020-01-06,TRENDING_UP,False,False,,,False
TPL,2024-10-02,TRENDING_UP,False,True,-8.845,-8.0,False
TPLI,2023-07-04,RANGING,False,True,-5.178333333333334,-4.333333333333334,False
TPLI,2024-08-27,RANGING,False,False,,,False
TPLI,2021-11-24,RANGING,False,True,-0.845,0.0,False
TPLI,2025-12-15,TRENDING_UP,False,True,0.015507383007714893,0.8632439800090763,True
TPLI,2025-12-12,TRENDING_UP,False,False,,,False
TPLI,2026-06-22,TRENDING_UP,False,False,,,False
TPLL,2025-09-12,TRENDING_UP,False,True,-0.8706344527044296,-0.02563445270442966,False
TPLP,2023-09-13,RANGING,False,False,,,False
TPLP,2024-10-07,TRENDING_UP,False,False,,,False
TPLP,2020-08-31,TRENDING_UP,False,False,,,False
TPLP,2023-08-08,TRENDING_UP,False,False,,,False
TPLP,2025-02-28,TRENDING_UP,False,False,,,False
TPLP,2021-01-27,TRENDING_UP,False,True,-4.103426966292146,-3.2584269662921455,False
TPLP,2024-04-16,TRENDING_UP,False,False,,,False
TPLRF1,2025-12-02,TRENDING_UP,False,True,-1.3949541704857973,-0.5499541704857974,False
TPLRF1,2024-07-23,RANGING,False,False,,,False
TPLT,2024-07-15,TRENDING_UP,False,True,-2.5116666666666605,-1.6666666666666607,False
TPLT,2022-02-09,TRENDING_UP,False,False,,,False
TPLT,2024-09-26,TRENDING_UP,False,True,-0.845,0.0,False
TPLT,2023-07-20,TRENDING_UP,False,True,-0.845,0.0,False
TPLT,2026-06-01,TRENDING_UP,False,False,,,False
TPLT,2020-12-09,TRENDING_UP,False,True,-1.2531632653061318,-0.40816326530613184,False
TREET,2025-02-18,RANGING,False,False,,,False
TREET,2025-08-07,TRENDING_UP,False,True,-2.6774607329843003,-1.8324607329843003,False
TREET,2025-10-09,TRENDING_UP,False,True,-3.5559454422229777,-2.7109454422229775,False
TREET,2023-09-12,RANGING,False,True,-2.429399756246201,-1.5843997562462009,False
TREET,2021-05-19,TRENDING_UP,False,False,,,False
TREET,2026-01-21,TRENDING_UP,False,False,,,False
TREET,2024-10-31,TRENDING_UP,False,False,,,False
TREET,2026-06-01,TRENDING_UP,False,False,,,False
TREET,2025-12-02,TRENDING_UP,False,True,-2.187910680824495,-1.3429106808244948,False
TRG,2024-10-23,TRENDING_UP,False,False,,,False
TRG,2022-01-10,RANGING,False,False,,,False
TRG,2020-12-31,TRENDING_UP,False,False,,,False
TRG,2021-12-09,TRENDING_DOWN,False,True,-2.7482429558745265,-1.9032429558745265,False
TRG,2024-03-01,TRENDING_UP,False,False,,,False
TRG,2025-08-25,TRENDING_UP,False,False,,,False
TRG,2024-07-09,TRENDING_UP,False,False,,,False
TRG,2024-06-04,TRENDING_UP,False,True,-2.934370138782965,-2.0893701387829653,False
TRIPF,2022-02-14,TRENDING_UP,False,True,-0.8614807998681542,-0.016480799868154223,False
TRIPF,2022-08-12,RANGING,False,True,0.9157327119081352,1.922332602244865,True
TRIPF,2024-12-30,TRENDING_UP,False,False,,,False
TRIPF,2023-04-13,TRENDING_DOWN,False,True,-0.8363043478260824,0.008695652173917491,False
TRIPF,2025-06-11,TRENDING_UP,False,False,,,False
TRIPF,2024-11-26,TRENDING_UP,False,False,,,False
TRIPF,2026-01-01,TRENDING_UP,False,True,-0.8514930848646133,-0.006493084864613276,False
TRIPF,2022-07-01,VOLATILE,False,False,,,False
TRIPF,2026-01-23,TRENDING_UP,False,True,-2.5444335221592875,-1.6994335221592876,False
TRSM,2024-12-11,TRENDING_UP,False,True,-0.845,0.0,False
TRSM,2024-06-25,TRENDING_UP,False,False,,,False
TSBL,2025-06-26,TRENDING_UP,False,True,-0.7649359487590088,0.08006405124099109,False
TSBL,2024-09-19,TRENDING_UP,False,False,,,False
TSBL,2024-09-12,TRENDING_UP,False,True,-8.844999999999999,-7.999999999999999,False
TSBL,2026-04-30,VOLATILE,False,True,-2.475434782608697,-1.630434782608697,False
TSMF,2025-12-16,TRENDING_UP,False,False,,,False
TSMF,2025-05-06,VOLATILE,False,False,,,False
TSMF,2026-01-06,TRENDING_UP,False,True,14.134907121879595,17.474302496328935,True
TSML,2024-07-04,TRENDING_UP,False,False,,,False
TSML,2025-10-29,VOLATILE,False,False,,,False
TSML,2026-03-18,VOLATILE,False,False,,,False
TSPL,2023-08-25,TRENDING_UP,False,True,-1.0548635886673616,-0.20986358866736174,False
TSPL,2023-04-20,RANGING,False,True,-0.845,0.0,False
TSPL,2025-10-23,TRENDING_UP,False,True,-4.059285714285709,-3.214285714285709,False
TSPL,2020-04-13,TRENDING_DOWN,False,False,,,False
TSPL,2020-02-20,RANGING,False,True,-3.6487383177570045,-2.8037383177570048,False
TSPL,2026-01-21,TRENDING_UP,False,False,,,False
TSPL,2022-08-12,RANGING,False,False,,,False
TSPL,2024-07-01,TRENDING_UP,False,True,-0.845,0.0,False
TSPL,2024-05-07,TRENDING_UP,False,True,0.22619444444444112,1.1111111111111072,True
UBDL,2024-05-16,TRENDING_UP,False,True,1.7817500000000026,2.941176470588238,True
UBDL,2022-11-30,RANGING,False,False,,,False
UBDL,2024-11-15,TRENDING_UP,False,False,,,False
UBDL,2021-02-04,TRENDING_UP,False,True,-0.845,0.0,False
UBDL,2022-10-06,RANGING,False,True,-0.7730575539568361,0.07194244604316392,False
UBDL,2025-03-20,TRENDING_UP,False,False,,,False
UBDL,2020-07-10,RANGING,False,True,-0.845,0.0,False
UBDL,2024-03-01,TRENDING_UP,False,False,,,False
UBDL,2025-08-21,TRENDING_UP,False,True,-2.925783353733176,-2.0807833537331764,False
UBDL,2024-12-26,TRENDING_UP,False,False,,,False
UBL,2020-12-30,TRENDING_UP,False,False,,,False
UBL,2020-08-07,TRENDING_UP,False,False,,,False
UBL,2024-02-15,VOLATILE,False,True,-1.1212119254526516,-0.27621192545265155,False
UBL,2022-04-07,RANGING,False,False,,,False
UBL,2025-02-17,RANGING,False,True,-0.845,0.0,False
UBL,2024-07-10,TRENDING_UP,False,True,-2.0071453230492002,-1.1621453230492,False
UBL,2026-01-21,TRENDING_UP,False,False,,,False
UBL,2021-06-07,TRENDING_UP,False,False,,,False
UBL,2024-04-02,TRENDING_UP,False,False,,,False
UBL,2021-01-01,TRENDING_UP,False,False,,,False
UBLPETF,2025-07-14,TRENDING_UP,False,False,,,False
UBLPETF,2024-09-03,TRENDING_UP,False,False,,,False
UBLPETF,2025-05-20,TRENDING_UP,False,False,,,False
UCAPM,2024-11-18,TRENDING_UP,False,False,,,False
UCAPM,2024-07-12,TRENDING_UP,False,False,,,False
UCAPM,2024-05-03,TRENDING_UP,False,False,,,False
UCAPM,2025-04-15,TRENDING_UP,False,True,-4.178333333333336,-3.333333333333336,False
UDLI,2026-06-15,TRENDING_UP,False,False,,,False
UDLI,2024-11-15,TRENDING_UP,False,True,-0.463805590851331,0.381194409148669,False
UDLI,2025-04-17,TRENDING_UP,False,False,,,False
UDPL,2020-09-30,RANGING,False,False,,,False
UDPL,2025-10-10,TRENDING_UP,False,True,-1.1737507471607873,-0.32875074716078734,False
UDPL,2024-09-19,TRENDING_UP,False,True,-0.845,0.0,False
UDPL,2026-06-18,TRENDING_UP,False,False,,,False
UDPL,2021-06-11,TRENDING_UP,False,False,,,False
UNIC,2020-09-24,TRENDING_UP,False,True,-3.0189130434782623,-2.1739130434782625,False
UNIC,2022-10-13,RANGING,False,True,-1.114905533063434,-0.269905533063434,False
UNIC,2022-11-28,RANGING,False,True,4.58704172320217,6.241519674355494,True
UNIC,2025-10-13,RANGING,False,False,,,False
UNIC,2025-11-26,TRENDING_UP,False,True,-0.845,0.0,False
UNIC,2025-12-08,TRENDING_UP,False,True,0.38338710777625906,1.2960436562073636,True
UNIC,2022-11-17,RANGING,False,True,1.1880824538258568,2.2427440633245372,True
UNIC,2021-10-22,VOLATILE,False,False,,,False
UNITY,2024-04-18,TRENDING_UP,False,False,,,False
UNITY,2021-01-13,TRENDING_UP,False,False,,,False
UNITY,2024-04-19,TRENDING_UP,False,False,,,False
UNITY,2021-11-24,RANGING,False,True,-0.845,0.0,False
UNITY,2020-05-29,RANGING,False,True,-2.1852829486224845,-1.3402829486224848,False
UNITY,2021-06-22,TRENDING_UP,False,True,-4.590743473325763,-3.7457434733257635,False
UNITY,2024-09-20,TRENDING_UP,False,True,-2.9102173913043483,-2.0652173913043486,False
UNITY,2024-01-01,TRENDING_UP,False,False,,,False
UPFL,2026-07-06,TRENDING_UP,False,False,,,False
UPFL,2025-02-06,VOLATILE,False,False,,,False
UPFL,2026-06-05,TRENDING_UP,False,False,,,False
UVIC,2025-05-20,TRENDING_UP,False,False,,,False
UVIC,2020-09-30,RANGING,False,True,50.701503086419756,60.49382716049383,True
UVIC,2023-08-03,TRENDING_UP,False,True,10.157170875420869,12.794612794612789,True
UVIC,2025-07-01,TRENDING_UP,False,False,,,False
UVIC,2024-12-06,TRENDING_UP,False,True,-2.2534507042253553,-1.4084507042253553,False
UVIC,2023-12-18,TRENDING_UP,False,True,-3.722697841726621,-2.8776978417266212,False
WAFI,2025-09-25,TRENDING_UP,False,True,-1.642886678527154,-0.7978866785271541,False
WAHN,2024-08-12,RANGING,False,False,,,False
WAHN,2024-04-22,TRENDING_UP,False,True,0.6453863636363638,1.6042780748663104,True
WAHN,2020-08-25,TRENDING_UP,False,False,,,False
WAHN,2023-11-29,TRENDING_UP,False,False,,,False
WAHN,2026-02-02,TRENDING_UP,False,False,,,False
WAHN,2025-08-05,TRENDING_UP,False,False,,,False
WASL,2026-05-25,TRENDING_UP,False,True,23.69664361702127,28.72340425531914,True
WAVES,2024-07-29,RANGING,False,False,,,False
WAVES,2020-12-16,TRENDING_UP,False,False,,,False
WAVES,2023-08-03,TRENDING_UP,False,True,-0.9781557922769613,-0.13315579227696123,False
WAVES,2020-08-28,TRENDING_UP,False,False,,,False
WAVES,2020-01-06,TRENDING_UP,False,True,-0.845,0.0,False
WAVES,2025-09-17,TRENDING_UP,False,False,,,False
WAVESAPP,2026-05-12,TRENDING_UP,False,True,-1.9425609756097544,-1.0975609756097544,False
WAVESAPP,2024-06-13,TRENDING_UP,False,False,,,False
WAVESAPP,2025-09-12,TRENDING_UP,False,True,-0.9479866117404898,-0.10298661174048983,False
WAVESAPP,2025-05-20,TRENDING_UP,False,False,,,False
WHALE,2020-07-29,TRENDING_UP,False,False,,,False
WHALE,2023-11-17,TRENDING_UP,False,False,,,False
WHALE,2023-11-02,TRENDING_UP,False,False,,,False
WHALE,2022-08-18,RANGING,False,True,-2.381210680321866,-1.536210680321866,False
WHALE,2023-08-03,TRENDING_UP,False,False,,,False
WHALE,2021-01-29,TRENDING_UP,False,False,,,False
WTL,2025-08-06,TRENDING_UP,False,True,-2.23388888888889,-1.3888888888888902,False
WTL,2024-04-19,TRENDING_UP,False,False,,,False
WTL,2026-06-30,TRENDING_UP,False,True,0.6417500000000013,1.6000000000000014,True
WTL,2020-04-07,TRENDING_DOWN,False,False,,,False
WTL,2021-02-08,TRENDING_UP,False,False,,,False
WTL,2026-06-05,TRENDING_UP,False,True,-0.845,0.0,False
WTL,2023-08-16,TRENDING_UP,False,True,-0.845,0.0,False
WTL,2023-10-11,TRENDING_UP,False,True,1.228314885496185,2.2900763358778646,True
WTL,2025-08-05,TRENDING_UP,False,True,-1.539444444444445,-0.6944444444444451,False
WTL,2021-05-20,TRENDING_UP,False,False,,,False
WYETH,2020-11-02,VOLATILE,False,True,20.16746428571429,24.571428571428573,True
WYETH,2020-04-23,VOLATILE,False,False,,,False
WYETH,2020-08-13,TRENDING_UP,False,True,-1.9813636363636364,-1.1363636363636365,False
WYETH,2022-02-11,TRENDING_UP,False,False,,,False
YOUW,2024-07-04,TRENDING_UP,False,True,-2.0462012012012023,-1.2012012012012023,False
YOUW,2024-02-07,RANGING,False,True,-0.845,0.0,False
YOUW,2025-08-08,TRENDING_UP,False,False,,,False
YOUW,2026-01-05,TRENDING_UP,False,False,,,False
ZAHID,2021-02-03,TRENDING_UP,False,True,-0.8884593654932705,-0.04345936549327059,False
ZAHID,2026-02-16,VOLATILE,False,True,-3.284024390243907,-2.439024390243907,False
ZAHID,2022-08-19,RANGING,False,True,2.8234166666666662,4.166666666666666,True
ZAHID,2023-06-16,RANGING,False,True,-0.845,0.0,False
ZAHID,2020-05-06,VOLATILE,False,True,-0.845,0.0,False
ZAHID,2026-06-18,TRENDING_UP,False,False,,,False
ZAHID,2025-06-12,TRENDING_UP,False,False,,,False
ZAL,2026-04-24,TRENDING_UP,False,False,,,False
ZIL,2024-02-28,TRENDING_UP,False,True,-0.845,0.0,False
ZIL,2023-04-07,TRENDING_DOWN,False,True,4.265539062499997,5.8632812499999964,True
ZIL,2025-04-30,VOLATILE,False,True,-8.635143084260731,-7.790143084260731,False
ZIL,2020-04-24,VOLATILE,False,True,-2.2794262295081964,-1.4344262295081966,False
ZTL,2026-05-12,TRENDING_UP,False,True,-6.798757225433532,-5.953757225433532,False
ZTL,2025-04-09,RANGING,False,False,,,False
ZTL,2024-08-01,RANGING,False,True,14.01508333333333,17.33333333333333,True
ZTL,2025-07-16,TRENDING_UP,False,True,3.0342583612040146,4.414715719063547,True
ZUMA,2026-01-07,TRENDING_UP,True,False,,,False
ZUMA,2026-01-28,TRENDING_UP,False,True,-8.844999999999992,-7.999999999999992,False
