date,breadth,dispersion,participation,mkt_ret,n_stocks,avg_correlation,regime,volatility_level,trend_persistence
2005-01-04,0.0,4.123402033280213,0.0,1.4054722833225852,351,,INSUFFICIENT_DATA,,1.0
2005-01-05,0.0,5.460831544653906,0.0,1.1756314296403254,398,,INSUFFICIENT_DATA,,2.0
2005-01-06,0.0,6.980732369378981,0.0,3.155628875900951,425,,INSUFFICIENT_DATA,,3.0
2005-01-07,0.0,5.277045226319118,0.0,0.20828985931447927,419,,INSUFFICIENT_DATA,,4.0
2005-01-10,0.0,5.032991469747476,0.0,1.830781602802174,422,,INSUFFICIENT_DATA,,5.0
2005-01-11,0.0,4.844873189812383,0.0,0.6431661355111952,418,,INSUFFICIENT_DATA,,6.0
2005-01-12,0.0,4.867676121415999,0.0,-1.115226939210594,402,,INSUFFICIENT_DATA,,7.0
2005-01-13,0.0,4.035147012229459,0.0,-3.115726532769165,379,,INSUFFICIENT_DATA,,8.0
2005-01-14,0.0,4.8398201607739635,0.0,1.2387978549954923,341,,INSUFFICIENT_DATA,,9.0
2005-01-17,0.0,5.650794805278284,0.0,0.6745853099325905,370,,INSUFFICIENT_DATA,,10.0
2005-01-18,0.0,4.389946183640389,0.0,0.2217791278060312,376,,INSUFFICIENT_DATA,,11.0
2005-01-19,0.0,5.284553672919234,0.0,0.9813854593358066,377,,INSUFFICIENT_DATA,,12.0
2005-01-24,0.0,5.2060680339487675,0.0,0.46509968686736125,375,,INSUFFICIENT_DATA,,13.0
2005-01-25,0.0,4.307195734462667,0.0,0.052859537389066735,376,,INSUFFICIENT_DATA,,14.0
2005-01-26,0.0,5.643135113837466,0.0,0.6872552127760346,394,,INSUFFICIENT_DATA,,15.0
2005-01-27,0.0,5.331006059105551,0.0,0.26815380527341565,372,,INSUFFICIENT_DATA,,16.0
2005-01-28,0.0,4.7144757222881175,0.0,-2.148273773231038,358,,INSUFFICIENT_DATA,,17.0
2005-01-31,0.0,5.173304951568151,0.0,0.5303431455978125,344,,INSUFFICIENT_DATA,,18.0
2005-02-01,0.0,4.9139857231541235,0.0,1.2469391742221956,347,,INSUFFICIENT_DATA,2.1299248247268987,19.0
2005-02-02,0.0,4.892187989896912,0.0,0.3437488699306038,373,0.42113764006125515,INSUFFICIENT_DATA,2.147893201033686,20.0
2005-02-03,0.0,5.979884900211472,0.0,1.1829142396248113,385,0.399083972620766,INSUFFICIENT_DATA,2.1353983272294923,21.0
2005-02-04,0.0,5.271956413620405,0.0,0.003635871258364917,383,0.39188260503642075,INSUFFICIENT_DATA,2.155325566911483,22.0
2005-02-07,0.0,4.544341889232828,0.0,0.5547363394280194,375,0.37749271751213614,INSUFFICIENT_DATA,2.167197375880324,23.0
2005-02-08,0.0,4.102169053909902,0.0,0.447721999720315,392,0.3681951159436281,INSUFFICIENT_DATA,2.0961364560723315,24.0
2005-02-09,0.0,5.11677064264254,0.0,-0.18695565780991233,379,0.3664447552643609,INSUFFICIENT_DATA,2.0623624511810856,25.0
2005-02-10,0.0,5.882829968376626,0.0,1.069864564210208,363,0.3646483836265895,INSUFFICIENT_DATA,1.965128122468433,26.0
2005-02-11,0.0,5.280693335624141,0.0,1.4224663968998237,363,0.36250416147824954,INSUFFICIENT_DATA,1.9176143427879908,27.0
2005-02-14,0.0,5.187550170391958,0.0,1.3910111012967519,406,0.2863151513667017,INSUFFICIENT_DATA,1.7628774846118533,28.0
2005-02-15,0.0,4.730270135689793,0.0,0.03896795600937101,396,0.26553030976571734,INSUFFICIENT_DATA,1.6416828767493379,29.0
2005-02-16,0.0,4.8220525149013005,0.0,0.2484342689174216,371,0.2534872524871173,INSUFFICIENT_DATA,1.6134335712763688,30.0
2005-02-17,0.0,5.179724367032665,0.0,0.13042697888835156,400,0.24787173709498211,INSUFFICIENT_DATA,1.616659938416724,31.0
2005-02-18,0.0,4.610567993441282,0.0,0.13619366148718282,356,0.24049929133007852,INSUFFICIENT_DATA,1.6164535177649941,32.0
2005-02-21,0.0,5.060355091944635,0.0,1.0587005452248903,365,0.24832379491357,INSUFFICIENT_DATA,1.5833326976813955,33.0
2005-02-22,0.0,5.016465355040469,0.0,0.7274358661326514,377,0.2401533151416057,INSUFFICIENT_DATA,1.6001804257037229,34.0
2005-02-23,0.0,4.682033125000054,0.0,0.9271705694879953,382,0.23207978561554882,INSUFFICIENT_DATA,1.6187189745733601,35.0
2005-02-24,0.0,5.353306885386496,0.0,-0.6310314533494334,368,0.2414164206453527,INSUFFICIENT_DATA,1.692263047187003,36.0
2005-02-25,0.0,4.97907241816381,0.0,-0.7056581006312346,347,0.19600656187735302,INSUFFICIENT_DATA,1.6458529461462337,37.0
2005-02-28,0.0,5.352554167916592,0.0,-0.41353828223481776,384,0.19441464197480549,INSUFFICIENT_DATA,1.6475182988985548,38.0
2005-03-01,0.0,4.861104586854543,0.0,0.05058563543216797,369,0.18134946693754803,INSUFFICIENT_DATA,1.6302953648750915,39.0
2005-03-02,0.0,4.060900789389971,0.0,-2.053730599492914,363,0.2356757162666872,INSUFFICIENT_DATA,1.8188758661197597,40.0
2005-03-03,0.0,5.254104258590979,0.0,0.6644802611843464,339,0.2369139120520478,INSUFFICIENT_DATA,1.8825948335418452,41.0
2005-03-04,0.0,5.856866437160062,0.0,0.27798170139217143,346,0.2349839789352811,INSUFFICIENT_DATA,1.9450651546734083,42.0
2005-03-07,0.0,5.196087794881805,0.0,-0.21580107160660333,367,0.22669267747231545,INSUFFICIENT_DATA,1.969598848307888,43.0
2005-03-08,0.0,5.575652400577927,0.0,0.5427756907267705,355,0.22680291786576304,INSUFFICIENT_DATA,2.0763655968099552,44.0
2005-03-09,0.0,5.074319806537827,0.0,-0.11964344856953274,363,0.2190724655387029,INSUFFICIENT_DATA,2.1501084114566766,45.0
2005-03-10,0.0,5.8685130452450975,0.0,-0.8921296439500997,350,0.23715607000193326,INSUFFICIENT_DATA,2.348671948783526,46.0
2005-03-11,0.0,5.1806495305949225,0.0,0.40094586181493463,335,0.22469270552448833,INSUFFICIENT_DATA,2.4223348636415247,47.0
2005-03-14,0.0,6.137864139499063,0.0,1.1043297812747497,367,0.22209698478641515,INSUFFICIENT_DATA,2.4736073534339216,48.0
2005-03-15,25.132275132275133,5.842716906594127,0.0,0.1740880766545571,378,0.21372670299773242,INSUFFICIENT_DATA,2.519452826471181,49.0
2005-03-16,25.69832402234637,10.30723047182695,0.0,-0.8754888599444807,358,0.2345327139736729,INSUFFICIENT_DATA,2.790479951656548,50.0
2005-03-17,20.954907161803714,4.322089965485036,0.0,-3.9451656443374006,377,0.3166611663361997,INSUFFICIENT_DATA,3.12752104786346,51.0
2005-03-18,27.2108843537415,6.064850149326913,0.0,0.67805693240596,294,0.3345866369429991,INSUFFICIENT_DATA,3.3959336464752603,52.0
2005-03-21,16.246498599439775,7.8532873904980836,0.0,-4.140580686144153,357,0.3816706278857692,INSUFFICIENT_DATA,3.7068088090464655,53.0
2005-03-22,11.077844311377245,6.27398775054701,0.0,-3.95241306491606,334,0.4059800231719974,INSUFFICIENT_DATA,4.040474500868931,54.0
2005-03-24,7.051282051282051,7.771671432785785,0.0,-3.55252916478197,312,0.4288988057864144,INSUFFICIENT_DATA,4.293170637832119,55.0
2005-03-25,3.908794788273615,8.753959414032854,0.0,-5.248225335422184,307,0.45395672827471745,INSUFFICIENT_DATA,4.562275971600577,56.0
2005-03-28,3.278688524590164,11.683998371852239,0.0,-0.2452194132774772,305,0.431525611254391,INSUFFICIENT_DATA,4.781585799185035,57.0
2005-03-29,8.484848484848486,9.294984981251492,0.0,4.37730385579623,330,0.46573067191938994,INSUFFICIENT_DATA,4.871886433596348,58.0
2005-03-30,14.441416893732969,10.716359971513029,0.0,6.301839959485479,367,0.5051744287547288,INSUFFICIENT_DATA,4.956490335858001,59.0
2005-03-31,7.795698924731183,8.411172296553014,0.0,-2.8730676046153825,372,0.5043459165153614,INSUFFICIENT_DATA,5.2498928616931355,60.0
2005-04-01,9.79020979020979,5.536277686717646,0.0,-0.7384347555017764,286,0.5284736648747177,INSUFFICIENT_DATA,5.361398839258803,61.0
2005-04-04,14.461538461538462,8.23398624811874,0.0,3.8846783907744666,325,0.5395202983930424,INSUFFICIENT_DATA,5.152249930126395,62.0
2005-04-05,12.420382165605096,6.23950286740003,0.0,-1.339980107017698,314,0.5486316123586612,INSUFFICIENT_DATA,5.386590391532337,63.0
2005-04-06,10.06711409395973,7.434006980618354,0.0,-1.9051057032641205,298,0.5401628696664872,INSUFFICIENT_DATA,5.489293543290128,64.0
2005-04-07,10.377358490566039,9.555915914200092,0.0,1.1636484541381475,318,0.5300253575231091,INSUFFICIENT_DATA,5.233365962946122,65.0
2005-04-08,9.621993127147768,7.251722482376895,0.0,-0.9405520597285331,291,0.5383840136153628,INSUFFICIENT_DATA,5.219864880881833,66.0
2005-04-11,5.142857142857142,6.099652213721898,0.0,-4.724581481173324,350,0.5454007176036594,INSUFFICIENT_DATA,5.589917302667271,67.0
2005-04-12,2.684563758389262,6.31460973112278,0.0,-4.022737524307439,298,0.5819335633225703,INSUFFICIENT_DATA,5.77791132189946,68.0
2005-04-13,6.309148264984227,8.673788042087837,0.0,3.8578830610048116,317,0.5586735174389322,INSUFFICIENT_DATA,5.694429236820607,69.0
2005-04-14,9.152542372881356,7.4273389535396666,0.0,1.2464449767740164,295,0.5794875500589086,INSUFFICIENT_DATA,5.420209250795523,70.0
2005-04-15,13.405797101449277,5.842509372679895,0.0,1.994298664572132,276,0.6086414000003817,INSUFFICIENT_DATA,5.076994134097176,71.0
2005-04-18,8.856088560885608,5.569735162983605,0.0,-1.1348605169311625,271,0.593915687083056,INSUFFICIENT_DATA,5.029733723516461,72.0
2005-04-19,5.033557046979865,5.626947435017192,0.0,-3.3825497691342243,298,0.5876322858988949,INSUFFICIENT_DATA,5.197555776731987,73.0
2005-04-20,7.773851590106007,5.735837852858435,0.0,0.8642330927333262,283,0.5862839811357885,INSUFFICIENT_DATA,5.096510653791944,74.0
2005-04-21,8.0,7.656229342365117,0.0,0.6807471591123184,300,0.5681443799774946,INSUFFICIENT_DATA,4.940096150325714,75.0
2005-04-25,7.08955223880597,4.533863321935946,0.0,-0.7823411947972974,268,0.5868694144534932,INSUFFICIENT_DATA,4.92667383182646,76.0
2005-04-26,6.551724137931035,6.950826225244758,0.0,-0.32709857871517267,290,0.5661656594052045,INSUFFICIENT_DATA,4.785086109316055,77.0
2005-04-27,8.609271523178808,6.1736271402761,0.0,0.28642995075272343,302,0.5575733684294782,INSUFFICIENT_DATA,4.523457407768833,78.0
2005-04-28,9.003215434083602,9.408189406817671,0.0,-0.9562088983387824,311,0.5376523622822368,INSUFFICIENT_DATA,4.350302611246726,79.0
2005-04-29,7.326007326007327,15.10283395510083,0.0,-0.21578543661128163,273,0.5269662923120598,INSUFFICIENT_DATA,4.159487096479068,80.0
2005-05-02,5.245901639344262,5.352433625862288,0.0,-2.7521379955297447,305,0.5287778968685282,INSUFFICIENT_DATA,4.35309992770104,81.0
2005-05-03,6.859205776173286,7.672526009969595,0.0,-1.199154269211668,277,0.514635789205113,INSUFFICIENT_DATA,4.1402133877667175,82.0
2005-05-04,6.25,5.956245913247855,0.0,-0.4812749063923652,288,0.4985020243409817,INSUFFICIENT_DATA,3.947181506134472,83.0
2005-05-05,5.980066445182724,7.468544661350629,0.0,1.946541720073624,301,0.500034262844343,INSUFFICIENT_DATA,3.7469745936305165,84.0
2005-05-06,10.847457627118644,6.795344857135534,0.0,0.2792995934863156,295,0.5016272222897026,INSUFFICIENT_DATA,3.636473740994675,85.0
2005-05-09,10.367892976588628,6.213912849384774,0.0,0.3450262936415548,299,0.4846764350878988,INSUFFICIENT_DATA,3.544952051325799,86.0
2005-05-10,9.79020979020979,5.989737429281496,0.0,-0.6224186694286462,286,0.4809498742444715,INSUFFICIENT_DATA,3.3716334427751433,87.0
2005-05-11,12.676056338028168,6.091466182494845,0.0,-0.3931659411168801,284,0.4581345154941507,INSUFFICIENT_DATA,3.21229936966664,88.0
2005-05-12,11.643835616438356,5.384559692393575,0.0,-1.8193845564429167,292,0.4299377555078082,INSUFFICIENT_DATA,3.2276206231423443,89.0
2005-05-13,11.235955056179774,8.691980434585908,0.0,0.13983711917692854,267,0.4142569287014166,INSUFFICIENT_DATA,3.1126531945008513,90.0
2005-05-16,8.49056603773585,7.957330636807846,0.0,-2.9346341150702004,318,0.3998198441591675,INSUFFICIENT_DATA,3.1015651698448488,91.0
2005-05-17,10.071942446043165,7.946911492743189,0.0,0.32037782417534655,278,0.4050000402240034,INSUFFICIENT_DATA,2.9431294913248935,92.0
2005-05-18,9.540636042402827,6.83828367724716,0.0,-1.2753091608492158,283,0.36372542294972504,INSUFFICIENT_DATA,2.838184500398743,93.0
2005-05-19,8.960573476702509,6.598840228063579,0.0,-1.0286027689416286,279,0.3521997720791945,INSUFFICIENT_DATA,2.6453592673024255,94.0
2005-05-20,8.02919708029197,6.866673952831374,0.0,-0.6369471507683012,274,0.32666777288062715,INSUFFICIENT_DATA,2.6423372862526335,95.0
2005-05-23,7.251908396946565,6.090446629166485,0.0,-4.822005891918245,262,0.3992018391685875,INSUFFICIENT_DATA,2.805285466756404,96.0
2005-05-24,7.28744939271255,7.060655371594593,0.0,-0.03396857101689416,247,0.4083255241756102,INSUFFICIENT_DATA,2.793297359996815,97.0
2005-05-25,7.8431372549019605,6.9673578934215445,0.0,-0.48726156433786355,255,0.40144827416414075,INSUFFICIENT_DATA,2.8788160324497793,98.0
2005-05-26,3.8327526132404177,6.219585658034934,0.0,-3.271378113915645,287,0.41786902407390797,INSUFFICIENT_DATA,3.118130013233586,99.0
2005-05-27,3.149606299212598,6.949526584035273,0.0,-1.917698481519797,254,0.42264132677026156,INSUFFICIENT_DATA,3.245904300967195,100.0
2005-05-30,4.135338345864661,9.820327341691293,0.0,2.4872631730701684,266,0.4231173964530617,INSUFFICIENT_DATA,3.0708335072664275,101.0
2005-05-31,7.169811320754717,7.605142216557179,0.0,0.5952540861949696,265,0.4113304366550259,INSUFFICIENT_DATA,3.0114164140298376,102.0
2005-06-01,8.518518518518519,5.953671801345314,0.0,2.4254922037049376,270,0.42739821326046795,INSUFFICIENT_DATA,3.0224442988204445,103.0
2005-06-02,16.718266253869967,7.34884145076029,0.0,4.048144704308841,323,0.44778726120870993,INSUFFICIENT_DATA,2.94805787189411,104.0
2005-06-03,14.84375,7.145083099729779,0.0,-1.2023658123870034,256,0.4851266542814065,INSUFFICIENT_DATA,3.036868672164941,105.0
2005-06-06,11.068702290076336,7.14596405782874,0.0,-1.2781831801428285,262,0.4710156037160121,INSUFFICIENT_DATA,3.10443527954507,106.0
2005-06-07,20.43343653250774,7.706941042334435,0.0,4.444493206070017,323,0.4683118446537076,INSUFFICIENT_DATA,3.082850099713442,107.0
2005-06-08,17.437722419928825,10.140885800438575,0.0,0.34936334776193556,281,0.4799846854611834,INSUFFICIENT_DATA,3.2483520477561965,108.0
2005-06-09,21.47887323943662,7.782256626884073,0.0,0.6987250809556003,284,0.482302958925516,INSUFFICIENT_DATA,3.1068616207427917,109.0
2005-06-10,20.37735849056604,11.866445885624342,0.0,0.7923185456561711,265,0.46907392105120443,INSUFFICIENT_DATA,3.069858371827388,110.0
2005-06-13,22.709163346613543,6.0869477377899655,0.0,0.8729683617598779,251,0.4886175563188286,INSUFFICIENT_DATA,2.9543307573332687,111.0
2005-06-14,22.02797202797203,7.815279465451817,0.0,-1.4703311661013991,286,0.46682747474712877,INSUFFICIENT_DATA,2.977350911595274,112.0
2005-06-15,25.274725274725274,9.135604717485457,0.0,1.383107312396609,273,0.46873141950059144,INSUFFICIENT_DATA,2.909832508315829,113.0
2005-06-16,18.11320754716981,6.374089021059763,0.0,-1.1090656874093188,265,0.4643348194406762,INSUFFICIENT_DATA,3.0549891082991074,114.0
2005-06-17,25.72614107883817,12.7258986692938,0.0,1.8044408445844102,241,0.477902505972853,INSUFFICIENT_DATA,3.002015210718596,115.0
2005-06-20,28.666666666666668,7.5333566534158,0.0,0.6248845716866567,300,0.4341499623302365,INSUFFICIENT_DATA,2.863876477220528,116.0
2005-06-21,26.61596958174905,5.081863760076741,0.0,-1.4438680428813848,263,0.4494639809347007,INSUFFICIENT_DATA,2.8961668742848516,117.0
2005-06-22,22.727272727272727,5.21726582658128,0.0,-1.036026226667567,264,0.440109557262069,INSUFFICIENT_DATA,2.8834118182174002,118.0
2005-06-23,19.11764705882353,4.954303855735648,0.0,-1.5977826679984533,272,0.42536506095975857,INSUFFICIENT_DATA,2.8236582768243523,119.0
2005-06-24,24.081632653061224,6.12825679089196,0.0,0.5588563175679658,245,0.43196162870711957,INSUFFICIENT_DATA,2.773479482916715,120.0
2005-06-27,18.352059925093634,8.134619567930269,0.0,-1.3759354074412515,267,0.41504245260803224,INSUFFICIENT_DATA,2.7307096468305154,121.0
2005-06-28,22.932330827067666,8.12067404179157,0.0,1.1463389061544398,266,0.3998229030349136,INSUFFICIENT_DATA,2.6494523534002528,122.0
2005-06-29,27.40740740740741,7.171950395890084,0.0,1.6638546128952978,270,0.41148706164862375,INSUFFICIENT_DATA,2.565369091697522,123.0
2005-06-30,25.524475524475527,8.293353878069468,0.0,0.12410791723447824,286,0.3668566754688409,INSUFFICIENT_DATA,2.4432022571448515,124.0
2005-07-01,27.85388127853881,4.380463308253914,0.0,-0.34292804062966464,219,0.3928268613336372,INSUFFICIENT_DATA,2.3680773249738776,125.0
2005-07-04,24.897959183673468,7.103308312460005,0.0,-0.5091390616018021,245,0.36509625381079697,INSUFFICIENT_DATA,2.2464179900250394,126.0
2005-07-05,29.838709677419356,5.1670330573221985,0.0,-0.5320804022866862,248,0.2980325635867129,INSUFFICIENT_DATA,2.133961732060573,127.0
2005-07-06,31.92307692307692,5.482056049344359,0.0,0.3101427357456053,260,0.3042430449576487,INSUFFICIENT_DATA,2.0114629618317372,128.0
2005-07-07,37.24137931034483,6.60831723463388,0.0,1.1036785154915998,290,0.2891186843631295,INSUFFICIENT_DATA,1.9937752583649913,129.0
2005-07-08,39.25925925925926,21.018478772352697,0.0,2.1843749323043693,270,0.28603401858747723,INSUFFICIENT_DATA,1.9501142452042053,130.0
2005-07-11,39.64912280701755,8.666565272789454,0.0,0.8293305244377893,285,0.2958605188720983,INSUFFICIENT_DATA,1.952826741926431,131.0
2005-07-12,41.39194139194139,5.6460966188274595,0.0,-0.057434049953560426,273,0.2768471331961614,INSUFFICIENT_DATA,1.9762937403653387,132.0
2005-07-13,43.15789473684211,21.391849397518218,0.0,2.182360536708433,285,0.2655964490692904,INSUFFICIENT_DATA,1.9266571939950567,133.0
2005-07-14,44.81605351170568,9.54383420114999,0.0,-0.3737075697117817,299,0.2537922732650055,INSUFFICIENT_DATA,1.8172449422081356,134.0
2005-07-15,49.29078014184397,10.354783138773593,0.0,0.19292402863576866,282,0.2463682729287786,INSUFFICIENT_DATA,1.7737708355173496,135.0
2005-07-18,45.78754578754579,5.369957753101287,0.0,-1.048457836245358,273,0.25020559254999664,INSUFFICIENT_DATA,1.6841164093014498,136.0
2005-07-19,47.199999999999996,6.382072015934238,0.0,-0.6344664082393552,250,0.24888073273400296,INSUFFICIENT_DATA,1.669424039279922,137.0
2005-07-20,47.93103448275862,8.25147045813607,0.0,1.4607204334199324,290,0.25186225661007305,INSUFFICIENT_DATA,1.6074257385662885,138.0
2005-07-21,49.64028776978417,18.121889876511773,0.0,1.1533267551488264,278,0.2169447081288255,INSUFFICIENT_DATA,1.5038571511460799,139.0
2005-07-22,49.01185770750988,5.222017732717683,0.0,-0.07611413421435298,253,0.23769409294747512,INSUFFICIENT_DATA,1.5285666691596913,140.0
2005-07-25,50.965250965250966,7.587039814742016,0.0,-0.15500446185176892,259,0.22019713333556948,INSUFFICIENT_DATA,1.5060846234925322,141.0
2005-07-26,41.726618705035975,5.300640705672474,0.0,-0.772430474908606,278,0.20755259868139703,INSUFFICIENT_DATA,1.4212354329274388,142.0
2005-07-27,41.605839416058394,5.105574212655359,0.0,-0.40779524662394234,274,0.22395829528524652,INSUFFICIENT_DATA,1.4338699844823761,143.0
2005-07-28,40.78431372549019,8.818070340699604,0.0,0.21318694815500955,255,0.1967479040395759,INSUFFICIENT_DATA,1.4323797301342678,144.0
2005-07-29,40.65040650406504,7.128486577032778,0.0,-0.28637730210102785,246,0.19825749993568115,INSUFFICIENT_DATA,1.4746556938150943,145.0
2005-08-01,35.60606060606061,8.883438754195508,0.0,-0.7940330430169354,264,0.21347664073830583,INSUFFICIENT_DATA,1.45345863700294,146.0
2005-08-02,44.02985074626866,6.476185369012599,0.0,1.2984846016720861,268,0.22629491667238455,INSUFFICIENT_DATA,1.4166530144167755,147.0
2005-08-03,46.07142857142857,4.471218635175506,0.0,0.8013744736721421,280,0.24348553207906393,INSUFFICIENT_DATA,1.4058443652546877,148.0
2005-08-04,44.36619718309859,5.172819983072845,0.0,0.04702526772225644,284,0.2244137111626768,INSUFFICIENT_DATA,1.4061877527869873,149.0
2005-08-05,43.6,5.78951577311198,0.0,0.451174706851711,250,0.2191193373748617,INSUFFICIENT_DATA,1.4201649635174252,150.0
2005-08-08,40.0,5.572798646912859,0.0,-0.7557418165356066,275,0.22640230594670274,INSUFFICIENT_DATA,1.4928842576075088,151.0
2005-08-09,32.592592592592595,5.191533714024341,0.0,-1.4039090402184904,270,0.23869205287468429,INSUFFICIENT_DATA,1.5593960871211283,152.0
2005-08-10,25.925925925925924,5.9588502245729,0.0,-2.352485292468985,270,0.30606421543028806,INSUFFICIENT_DATA,1.6946642903957791,153.0
2005-08-11,24.409448818897637,5.99859170979701,0.0,-1.6295550649269206,254,0.3125578928041528,INSUFFICIENT_DATA,1.762361579148967,154.0
2005-08-12,30.90128755364807,4.859130842216251,0.0,0.8352397559276632,233,0.3443682273872564,INSUFFICIENT_DATA,1.8708928558942188,155.0
2005-08-15,26.141078838174277,5.697204370714879,0.0,0.5011762178601917,241,0.32632417359148136,INSUFFICIENT_DATA,1.8567860642596214,156.0
2005-08-16,26.408450704225352,8.898092142427199,0.0,0.15224546292862998,284,0.2892195153881649,INSUFFICIENT_DATA,1.768019453459754,157.0
2005-08-17,27.380952380952383,6.106754900201723,0.0,0.11819046788889477,252,0.2769461918714404,INSUFFICIENT_DATA,1.7474947952028526,158.0
2005-08-19,33.69565217391305,7.103536704808698,0.0,1.1660828492497195,276,0.31442347479760574,INSUFFICIENT_DATA,1.7864254532325288,159.0
2005-08-22,49.354838709677416,6.938436385679979,0.0,3.5306206832745075,310,0.3659624950187534,INSUFFICIENT_DATA,1.8144754351062553,160.0
2005-08-23,44.21052631578947,6.156562606248549,0.0,-0.27297499061298985,285,0.3633706730409163,INSUFFICIENT_DATA,1.8269168429729525,161.0
2005-08-24,39.325842696629216,4.735348659376676,0.0,-0.5862482824430931,267,0.3700548731945739,INSUFFICIENT_DATA,1.8509745299067915,162.0
2005-08-25,38.35616438356164,5.604066665138146,0.0,-0.09832949243766567,292,0.3569574774646887,INSUFFICIENT_DATA,1.8301604048710527,163.0
2005-08-26,45.31835205992509,7.500445329892351,0.0,0.7205018460812495,267,0.3774162601879405,INSUFFICIENT_DATA,1.7959845498767395,164.0
2005-08-29,41.0958904109589,6.330117632899654,0.0,-0.08507583681083813,292,0.3540950702404047,INSUFFICIENT_DATA,1.7545705146542512,165.0
2005-08-30,37.62376237623762,6.210118001651668,0.0,-0.8055915513635861,303,0.3418739391550756,INSUFFICIENT_DATA,1.7569429469060014,166.0
2005-08-31,41.99288256227758,3.552676307008776,0.0,0.20013373662956627,281,0.3450169446612815,INSUFFICIENT_DATA,1.6925980458800065,167.0
2005-09-01,40.55944055944056,8.368639070945704,0.0,0.49488770348432054,286,0.3430032836068296,INSUFFICIENT_DATA,1.6603361216906203,168.0
2005-09-02,44.16058394160584,9.702813349746785,0.0,0.3446671955068366,274,0.33192162860654634,INSUFFICIENT_DATA,1.6392417738158793,169.0
2005-09-05,44.329896907216494,5.585351395491201,0.0,0.052381581292492,291,0.3238567735624324,INSUFFICIENT_DATA,1.6288574682828239,170.0
2005-09-06,37.93103448275862,8.863278769425069,0.0,-0.0701570296904047,319,0.31427241104897474,INSUFFICIENT_DATA,1.608932450711151,171.0
2005-09-07,43.624161073825505,8.37458291032974,0.0,0.11302165651260715,298,0.31570837452698564,INSUFFICIENT_DATA,1.5378100330454174,172.0
2005-09-08,44.18604651162791,22.2389763177789,0.0,2.3388642282437964,301,0.2773249467358565,INSUFFICIENT_DATA,1.4595184552415508,173.0
2005-09-09,45.24590163934426,7.512395404391167,0.0,0.7479665297452209,305,0.25624388669459885,INSUFFICIENT_DATA,1.4134233292138025,174.0
2005-09-12,49.828178694158076,22.976501496835127,0.0,1.6366608210645448,291,0.242227941389978,INSUFFICIENT_DATA,1.2449952613360495,175.0
2005-09-13,49.21630094043887,4.975267759483976,0.0,0.231109844614847,319,0.2409187538404094,INSUFFICIENT_DATA,1.2458073031459156,176.0
2005-09-14,48.69565217391305,8.103848786171135,0.0,1.0207213933216108,345,0.23635545757902032,INSUFFICIENT_DATA,1.2592785772638722,177.0
2005-09-15,54.81927710843374,21.50143768576495,0.0,2.218930139067837,332,0.22128669445696367,INSUFFICIENT_DATA,1.2713861053602493,178.0
2005-09-16,58.146964856230035,7.993420682275153,0.0,0.9736591281729448,313,0.22351185010973412,INSUFFICIENT_DATA,1.2049343755277557,179.0
2005-09-19,55.70469798657718,6.1263238645235925,0.0,0.1396867957628068,298,0.14741903899483016,INSUFFICIENT_DATA,1.092278034408759,180.0
2005-09-20,54.662379421221864,4.596088101671234,0.0,0.6554443925396204,311,0.15397957948984708,INSUFFICIENT_DATA,1.0815293999506588,181.0
2005-09-21,53.57142857142857,6.430560854125413,0.0,1.0418714302473637,336,0.1283230975220582,INSUFFICIENT_DATA,1.084065175703241,182.0
2005-09-22,56.62650602409639,6.744760896595524,0.0,0.20087036508143397,332,0.1333771004279501,INSUFFICIENT_DATA,1.1165465428780852,183.0
2005-09-23,60.85526315789473,6.069689049352866,0.0,-0.2504167416587797,304,0.12137018498405606,INSUFFICIENT_DATA,1.1503319111480588,184.0
2005-09-26,58.05471124620061,14.667885480629916,0.0,1.3623186812083696,329,0.11929395775084864,INSUFFICIENT_DATA,1.1329034362157708,185.0
2005-09-27,58.333333333333336,7.7149906146027885,0.0,1.0707661404192907,360,0.11571077009122556,INSUFFICIENT_DATA,1.1291621518727872,186.0
2005-09-28,55.74229691876751,210.90747901349698,0.0,12.250301103854245,357,0.020051077274722034,INSUFFICIENT_DATA,1.1509541465509576,187.0
2005-09-29,56.86274509803921,17.35474759590296,0.0,1.1408831071082504,357,0.030819267144955285,INSUFFICIENT_DATA,1.1615087266040294,188.0
2005-09-30,63.44410876132931,9.048593168649848,0.0,0.8897351099210389,331,0.020102709902457716,INSUFFICIENT_DATA,1.1598582970849771,189.0
2005-10-03,58.97435897435898,6.543846734470972,0.0,0.7101723631439604,351,0.027331304060375337,INSUFFICIENT_DATA,1.1596155923982876,190.0
2005-10-04,63.109756097560975,4.431809797143693,0.0,0.02582677880452048,328,0.009452258439879204,INSUFFICIENT_DATA,1.1356427195710834,191.0
2005-10-05,58.75706214689266,14.168286545945366,0.0,0.9293231359034659,354,0.01712403108200266,INSUFFICIENT_DATA,1.1615674320179756,192.0
2005-10-06,60.81504702194357,10.162395601161883,0.0,-0.3428992181985528,319,0.01683269143899136,INSUFFICIENT_DATA,1.1524734667878211,193.0
2005-10-07,60.48951048951049,6.497160700780549,0.0,0.2077231835159593,286,0.019960103822233146,INSUFFICIENT_DATA,1.158471058416977,194.0
2005-10-10,64.44444444444444,6.170253711305907,0.0,1.2242807861233935,270,0.002535777230509881,INSUFFICIENT_DATA,1.2008198837656927,195.0
2005-10-11,60.322580645161295,7.728348711920307,0.0,0.7654633553972395,310,0.012907494692097265,INSUFFICIENT_DATA,1.2043240710565373,196.0
2005-10-12,58.75,12.298120803344638,0.0,0.6100258507888314,320,0.007003111699076671,INSUFFICIENT_DATA,1.2248377491202187,197.0
2005-10-13,60.983606557377044,7.146333917711862,0.0,-0.1304552787223556,305,0.011980271971864286,INSUFFICIENT_DATA,1.2417850824630499,198.0
2005-10-14,62.37623762376238,6.255753986918639,0.0,0.6265582598935197,303,0.012374767815580502,TRENDING_UP,1.2378791656466093,0.0
2005-10-17,62.732919254658384,7.559825091849022,0.0,0.25964169758189337,322,0.012711053052259457,TRENDING_UP,1.248991674999158,1.0
2005-10-18,61.81229773462783,4.773722314501225,0.0,-0.9232809399963958,309,0.03346236296835625,TRENDING_UP,1.447858499848318,2.0
2005-10-19,60.0,5.335829424300131,0.0,0.4811435854333882,310,0.0315833438039944,TRENDING_UP,1.4705802798615129,3.0
2005-10-20,56.64335664335665,8.583056543793282,0.0,-1.0233757441237203,286,0.051787151808735755,TRENDING_UP,1.7017490149521624,4.0
2005-10-21,52.67175572519084,5.830240415922192,0.0,-2.104778970385662,262,0.08899205103701897,VOLATILE,1.8717980267340273,0.0
2005-10-24,52.919708029197075,7.943659462329892,0.0,0.6487033185842423,274,0.07148996963328029,VOLATILE,1.9080205395069187,1.0
2005-10-25,51.590106007067135,5.0733043645558045,0.0,-0.8515438337932126,283,0.07161263593645611,VOLATILE,2.050784749184469,2.0
2005-10-26,49.25373134328358,5.25640520988537,0.0,-1.1032078920856399,268,0.22759376536783604,VOLATILE,2.1581470579663686,3.0
2005-10-27,50.92250922509225,4.899979969012024,0.0,0.42473659172763834,271,0.23546460260626487,VOLATILE,2.156453490049728,4.0
2005-10-31,45.28301886792453,5.824820992776148,0.0,0.029335816054856478,265,0.23314333769721518,VOLATILE,2.234738715755626,5.0
2005-11-02,50.847457627118644,5.723768026446647,0.0,1.9140755195753154,295,0.24210311173609014,TRENDING_UP,2.2338033477861985,0.0
2005-11-07,56.5359477124183,5.527761174822219,0.0,1.8840310321982028,306,0.25986025685187664,TRENDING_UP,2.2266049709026516,1.0
2005-11-08,52.108433734939766,7.0614334687511375,0.0,1.1233078927788498,332,0.2494979293712978,TRENDING_UP,2.1871067482291435,2.0
2005-11-10,54.95750708215298,15.039415648724576,0.0,2.2261278677733025,353,0.23155239952122358,TRENDING_UP,2.1968452278756043,3.0
2005-11-11,57.566765578635014,10.667472687274438,0.0,2.073475975542254,337,0.2422230389349588,TRENDING_UP,2.2270304630580395,4.0
2005-11-14,64.343163538874,8.241040229650306,0.0,3.1790103146230133,373,0.26106812458499457,TRENDING_UP,2.191607850413994,5.0
2005-11-15,63.297872340425535,7.4389528841132115,0.0,1.285030384414352,376,0.2593877818725939,TRENDING_UP,2.176969578344423,6.0
2005-11-16,68.42105263157895,7.576350342589676,0.0,0.92525858139304,361,0.2629887164229608,TRENDING_UP,2.1269368952120575,7.0
2005-11-17,63.956639566395665,8.086706263875561,0.0,-0.23130782962346177,369,0.2571473801730046,TRENDING_UP,2.130156520404962,8.0
2005-11-18,69.88636363636364,6.5849588576796085,0.0,1.4760684726759181,352,0.269336023965557,TRENDING_UP,2.1048557621808217,9.0
2005-11-21,67.67955801104972,9.617061302155626,0.0,1.3349165196525634,362,0.25786056384998995,TRENDING_UP,2.0579619412379127,10.0
2005-11-22,65.51724137931035,7.636749973054361,0.0,1.1522093738510626,377,0.24622084274769465,TRENDING_UP,1.890584993104794,11.0
2005-11-23,71.72774869109948,5.526391422618759,0.0,1.4416954008747673,382,0.24716209503770112,TRENDING_UP,1.7997324856870949,12.0
2005-11-24,68.65284974093264,10.963971533177432,0.0,0.9631661014392565,386,0.2314835264024136,TRENDING_UP,1.588128057208231,13.0
2005-11-25,70.08310249307479,6.124869936480873,0.0,0.2883055158647133,361,0.19866367345766917,TRENDING_UP,1.4647703816803985,14.0
2005-11-28,68.47545219638242,5.415263554141052,0.0,0.547537399709532,387,0.19886349861252275,TRENDING_UP,1.3919724675358738,15.0
2005-11-29,70.07874015748031,6.438025065285742,0.0,0.4075883190179448,381,0.1923615338823031,TRENDING_UP,1.2787804552330773,16.0
2005-11-30,69.27536231884058,6.882792517312148,0.0,-0.8527717178688344,345,0.20101735047610694,TRENDING_UP,1.2832583456773976,17.0
2005-12-01,71.68141592920354,4.397241342260487,0.0,0.4427384174659011,339,0.20002480290892333,TRENDING_UP,1.2617435325911577,18.0
2005-12-02,73.71428571428571,8.491684368912711,0.0,1.6598056560738141,350,0.20039012062541978,TRENDING_UP,1.2287877950362034,19.0
2005-12-05,71.78082191780823,7.873940194578488,0.0,1.6063877756428675,365,0.20636063906326443,TRENDING_UP,1.1825205731591146,20.0
2005-12-06,72.9381443298969,6.402632671311972,0.0,0.09139753215717332,388,0.17779307891671145,TRENDING_UP,1.0939117813251198,21.0
2005-12-07,70.69408740359897,7.621390495648425,0.0,0.7469106993415056,389,0.17555595463121637,TRENDING_UP,1.0934883294257176,22.0
2005-12-08,70.67669172932331,14.68239056984112,0.0,2.384562907046173,399,0.1739366824158061,TRENDING_UP,1.0569579597275516,23.0
2005-12-09,73.82198952879581,6.6234682418711115,0.0,1.1683580409546217,382,0.1872009215761059,TRENDING_UP,1.0350187291728727,24.0
2005-12-12,73.98989898989899,6.605674763176925,0.0,0.843541514908813,396,0.14959567682950567,TRENDING_UP,1.0538444868467636,25.0
2005-12-13,71.14914425427872,8.840104685792562,0.0,1.0196343030936832,409,0.13975470056067668,TRENDING_UP,1.0353653181820581,26.0
2005-12-14,75.26881720430107,4.635438012132961,0.0,-0.3234491038762447,372,0.15587847257736823,TRENDING_UP,1.1025863517361787,27.0
2005-12-15,75.71801566579634,5.622534726619214,0.0,1.154903460693923,383,0.14633494566829322,TRENDING_UP,1.102764340742146,28.0
2005-12-16,74.09326424870466,4.6050247462559115,0.0,0.47206376597722327,386,0.14458939239113494,TRENDING_UP,1.1094260223251495,29.0
2005-12-19,69.68911917098445,7.819696608740276,0.0,-1.0881459601106842,386,0.1998792401995264,TRENDING_UP,1.180303976903215,30.0
2005-12-20,72.97297297297297,5.384505222352477,0.0,0.7821606419606404,370,0.2032811394840768,TRENDING_UP,1.2022978250392071,31.0
2005-12-21,74.61139896373057,4.915539617843905,0.0,0.9429347661092115,386,0.20734663005677192,TRENDING_UP,1.2206928189712425,32.0
2005-12-22,72.09876543209876,7.460715643811181,0.0,1.0602636383402029,405,0.21074890079032385,TRENDING_UP,1.213151951379952,33.0
2005-12-23,76.27551020408163,9.400283770047878,0.0,2.532378744733119,392,0.18823778045830383,TRENDING_UP,1.2045815874674848,34.0
2005-12-26,72.40506329113924,7.696509816777939,0.0,0.6948142556519887,395,0.19699800447737956,TRENDING_UP,1.2510884040155708,35.0
2005-12-27,73.60406091370558,9.184053500079179,0.0,1.2679393455677588,394,0.20025506185150058,TRENDING_UP,1.257808174805729,36.0
2005-12-28,75.82697201017811,7.029658210636355,0.0,0.12506048381182164,393,0.1691106067545286,TRENDING_UP,1.1713870112090363,37.0
2005-12-29,76.96335078534031,5.261447675108023,0.0,0.4535886779573341,382,0.1784578984269925,TRENDING_UP,1.1340531832563832,38.0
2005-12-30,76.88311688311688,5.903369203068714,0.0,0.8241226339571263,385,0.16528729369664238,TRENDING_UP,1.08784391117771,39.0
2006-01-02,77.86458333333334,9.988102714018199,0.0,1.2011005591439072,384,0.1670997713323697,TRENDING_UP,1.0658342698400731,40.0
2006-01-03,79.02813299232737,5.506421037843392,1.7902813299232736,0.1555684190668533,391,0.16066701461379573,TRENDING_UP,1.0723975877709413,41.0
2006-01-04,78.81136950904393,5.128423464251535,1.8087855297157622,0.586654715162881,387,0.16454164297621085,TRENDING_UP,1.0752731823113257,42.0
2006-01-05,79.05236907730672,6.503561908385021,2.2443890274314215,0.9721047850066383,401,0.15163805478399495,TRENDING_UP,1.0712526521276589,43.0
2006-01-06,78.7465940054496,4.435687425340422,2.7247956403269753,0.05072796982583953,367,0.15837774930271176,TRENDING_UP,1.070734248404359,44.0
2006-01-09,80.46272493573264,4.967076120891873,2.570694087403599,0.6387932509925669,389,0.14698420952069483,TRENDING_UP,1.0629627664739116,45.0
2006-01-16,77.363184079602,5.431894347972258,4.975124378109453,0.575228699033119,402,0.14495087756871133,TRENDING_UP,1.0868755399503838,46.0
2006-01-17,78.66323907455013,4.7148801102406415,5.655526992287918,0.48461424877666553,389,0.13304556465302725,TRENDING_UP,1.0222990366824016,47.0
2006-01-18,78.8265306122449,4.959757190880744,5.357142857142857,0.30364631682417603,392,0.12821011515171907,TRENDING_UP,1.0164413488002626,48.0
2006-01-19,79.59697732997482,5.733842118781891,5.037783375314862,0.5485963462424988,397,0.13687680431152804,TRENDING_UP,1.0173481899363128,49.0
2006-01-20,79.73684210526316,6.094370239809221,6.315789473684211,1.0813236012689913,380,0.051084667046236674,TRENDING_UP,1.0067932032769265,50.0
2006-01-23,79.1044776119403,5.316406746038274,6.467661691542288,1.1238174460284012,402,0.05609873663352638,TRENDING_UP,0.9729888551360968,51.0
2006-01-24,74.75247524752476,4.813717441884401,2.9702970297029703,-1.3010211690928708,404,0.15213543445400002,TRENDING_UP,1.070164398647052,52.0
2006-01-25,76.83923705722071,5.361389781341005,0.8174386920980926,-0.007973633607239608,367,0.1612635809590174,TRENDING_UP,1.125077222364182,53.0
2006-01-26,76.54986522911051,4.377613627621575,3.234501347708895,1.1706264918808003,371,0.18273732932285927,TRENDING_UP,1.1753212095334191,54.0
2006-01-27,80.40201005025126,7.011163427319221,4.0201005025125625,1.8788472411838373,398,0.19898890173297734,TRENDING_UP,1.1716994207259863,55.0
2006-01-30,80.54187192118226,4.402210764596493,5.172413793103448,0.9355177936696601,406,0.2013212252524339,TRENDING_UP,1.1850140342045135,56.0
2006-01-31,78.69674185463658,5.023416646385237,5.263157894736842,0.18223857704671279,399,0.20672487380174506,TRENDING_UP,1.2050415425079037,57.0
2006-02-01,78.25,4.07265687023375,3.75,-0.6791469315786235,400,0.22827565713195,TRENDING_UP,1.2668394152587164,58.0
2006-02-02,77.95275590551181,10.582210916918452,2.8871391076115485,0.9987534784643856,381,0.20663877474070447,TRENDING_UP,1.2864738592066027,59.0
2006-02-03,79.21052631578948,4.618193851193486,5.263157894736842,1.3850252327504222,380,0.21906413434024846,TRENDING_UP,1.3281595232723562,60.0
2006-02-06,78.1021897810219,5.049385564563203,6.81265206812652,1.1980472339301718,411,0.20630787020640112,TRENDING_UP,1.3404666775285303,61.0
2006-02-07,77.88697788697789,6.905665601322378,4.914004914004914,0.8115278345805911,407,0.20618437228424893,TRENDING_UP,1.3235469287451274,62.0
2006-02-10,77.57731958762886,5.330460916022833,4.123711340206185,0.34586054665440363,388,0.21968855038974594,TRENDING_UP,1.3589966759734575,63.0
2006-02-13,76.79012345679013,4.194255480574512,2.9629629629629632,-0.41738274135396586,405,0.210763809521075,TRENDING_UP,1.3852473702178776,64.0
2006-02-14,72.98701298701299,5.2860207728771895,2.3376623376623376,-0.8759781201464811,385,0.24702670884114802,TRENDING_UP,1.5895564963292412,65.0
2006-02-15,75.88832487309645,6.006588867473592,1.015228426395939,1.2163241513247653,394,0.2521268907551158,TRENDING_UP,1.639641575978591,66.0
2006-02-16,69.47368421052632,4.878345601837602,1.5789473684210527,-0.93789858567569,380,0.2687617155349705,TRENDING_UP,1.693282788201643,67.0
2006-02-17,70.2127659574468,5.631321549126503,2.925531914893617,0.7593778747571848,376,0.2575079864138431,TRENDING_UP,1.7087053836864243,68.0
2006-02-20,65.20618556701031,5.075285773921518,4.123711340206185,0.6613080500341181,388,0.2555380884540382,TRENDING_UP,1.7011803161202095,69.0
2006-02-21,68.32460732984293,5.822640283776152,4.18848167539267,0.023257450839069528,382,0.25824857581885174,TRENDING_UP,1.714987925824868,70.0
2006-02-22,64.56692913385827,7.727186893596149,3.937007874015748,-0.27199536213683867,381,0.2561192855040334,TRENDING_UP,1.814525712767782,71.0
2006-02-23,61.240310077519375,6.253658525956032,3.875968992248062,0.23836305067800584,387,0.2087333325581535,TRENDING_UP,1.766896050345542,72.0
2006-02-24,60.664819944598335,4.914165379829137,3.32409972299169,-0.8764791685108111,361,0.23317204540609798,TRENDING_UP,1.8314007615969483,73.0
2006-02-27,50.0,4.439738128886014,1.8421052631578945,-3.0855445147640097,380,0.3044455939420588,TRENDING_UP,2.020470435812097,74.0
2006-02-28,52.139037433155075,7.174686226460454,1.6042780748663104,1.484910122390665,374,0.2948392139553888,TRENDING_UP,2.0478916785306245,75.0
2006-03-01,48.91304347826087,5.692728304224935,2.1739130434782608,-0.13152350928953635,368,0.30339709855657404,TRENDING_UP,2.1874038586402835,76.0
2006-03-02,50.0,5.4444873994708765,2.2346368715083798,0.5776823542355837,358,0.30255670035125426,TRENDING_UP,2.2318327547684396,77.0
2006-03-03,48.95522388059702,5.967628479013735,2.6865671641791042,0.8923351519021241,335,0.3015573870631845,TRENDING_UP,2.187184907260351,78.0
2006-03-06,39.178082191780824,4.852927318764183,1.9178082191780823,-3.7877803533322036,365,0.3661734491932711,VOLATILE,2.4531496498156145,0.0
2006-03-07,40.652818991097924,5.342278244062456,0.2967359050445104,-0.28842089281250455,337,0.3515939203848644,VOLATILE,2.4431192337774466,1.0
2006-03-08,25.41436464088398,5.103772504811124,0.2762430939226519,-4.6625581140412855,362,0.4259733073989573,VOLATILE,2.7439845724140355,2.0
2006-03-09,28.443113772455092,6.445833937904785,0.29940119760479045,2.409013226337059,334,0.4407931865506316,VOLATILE,2.8595870599658095,3.0
2006-03-10,28.66043613707165,5.005157294438391,0.3115264797507788,-1.2365257666078169,321,0.4501903400285611,VOLATILE,3.0318162723644773,4.0
2006-03-13,21.937321937321936,5.545583140976304,0.2849002849002849,-2.7066881395583744,351,0.44864346546736295,VOLATILE,3.3492268092307347,5.0
2006-03-14,25.0,6.248754182853517,0.0,1.5883054409616182,296,0.47346837628479715,VOLATILE,3.2611277301146266,6.0
2006-03-15,21.604938271604937,5.881505559790626,0.0,-0.133809572539134,324,0.43782411589704184,VOLATILE,3.230178073321141,7.0
2006-03-16,26.769230769230766,5.460023368168699,0.0,1.0568227799041925,325,0.44475215869552726,VOLATILE,3.2186085020394426,8.0
2006-03-17,26.14942528735632,6.0147703674610336,0.5747126436781609,1.3829306691648813,348,0.4403390781376049,VOLATILE,3.168267422025956,9.0
2006-03-20,29.411764705882355,4.564349886651763,1.1204481792717087,0.410853009715417,357,0.43936398692478645,VOLATILE,3.237640167834297,10.0
2006-03-21,32.02247191011236,6.178734779448238,0.5617977528089888,-0.28128760673057324,356,0.43203765538045175,VOLATILE,3.2119711368698534,11.0
2006-03-22,31.26760563380282,7.281344307206903,1.4084507042253522,0.6631329862947358,355,0.4292176995700459,VOLATILE,3.1092975294543224,12.0
2006-03-24,35.294117647058826,6.422016317523267,1.4705882352941175,0.4134400405075829,340,0.44537857326589764,VOLATILE,3.04645109157578,13.0
2006-03-27,28.735632183908045,7.462664526323788,1.4367816091954022,-0.5933175801806908,348,0.4436848810085964,VOLATILE,3.003308159630101,14.0
2006-03-28,32.142857142857146,5.664724806215288,1.488095238095238,-0.012646172882947816,336,0.43229124897606014,TRENDING_UP,2.831011822412272,0.0
2006-03-29,30.211480362537763,4.219169875274769,1.2084592145015105,0.3931426402923324,331,0.4325508416621317,VOLATILE,2.804723344345765,0.0
2006-03-30,31.176470588235293,6.69977683895536,0.5882352941176471,0.37066524208322427,340,0.43228195420778404,TRENDING_UP,2.650406616508074,0.0
2006-03-31,34.40233236151604,6.434416413777183,1.4577259475218658,0.9630506257569942,343,0.4356716352365531,TRENDING_UP,2.670648360163329,1.0
2006-04-03,35.79234972677596,6.568534721245771,2.185792349726776,1.4087435845779583,366,0.42687261180522,TRENDING_UP,2.6605132033347227,2.0
2006-04-04,40.68241469816273,5.8211460392939784,3.4120734908136483,1.5844706833627218,381,0.41143294323515756,TRENDING_UP,2.4863030080660287,3.0
2006-04-05,42.780748663101605,4.897554012673641,2.6737967914438503,0.6592315328888817,374,0.41707158945491285,TRENDING_UP,2.395734580906844,4.0
2006-04-06,43.04123711340206,7.08984232383681,3.0927835051546393,1.136209458769599,388,0.3529111343091553,TRENDING_UP,2.1941450214968348,5.0
2006-04-07,47.94520547945205,8.96311244123165,3.5616438356164384,1.7088257078328393,365,0.3426705440546235,TRENDING_UP,2.0532539024964396,6.0
2006-04-10,48.21917808219178,4.340805139207253,6.027397260273973,0.2190407336043634,365,0.3137229466351276,TRENDING_UP,1.9449468530873721,7.0
2006-04-13,48.6646884272997,5.358655501468774,5.044510385756676,0.6363956955319023,337,0.24710874737699076,TRENDING_UP,1.7620575205646736,8.0
2006-04-14,51.37614678899083,4.47356596832475,5.5045871559633035,0.5013199984661946,327,0.21711614771980803,TRENDING_UP,1.5766884763154767,9.0
2006-04-17,47.97843665768194,6.101376042689631,4.0431266846361185,-0.5206404814218437,371,0.21724387130410724,TRENDING_UP,1.5216596041802941,10.0
2006-04-18,44.95912806539509,6.043443574365399,2.997275204359673,-0.2685150503741838,367,0.20233110911330468,TRENDING_UP,1.4946233985337716,11.0
2006-04-19,41.55495978552279,6.429101924930895,2.949061662198391,-1.6090457733827983,373,0.20729153315061927,TRENDING_UP,1.5818124170513033,12.0
2006-04-20,44.134078212290504,5.051153032590994,1.9553072625698324,0.1577458430443835,358,0.20106173523833762,TRENDING_UP,1.4878910212616179,13.0
2006-04-21,46.875,9.99751550240799,1.9886363636363635,0.16096468027732255,352,0.20588894827355966,TRENDING_UP,1.5439554948532581,14.0
2006-04-24,40.896358543417364,5.49542140863498,1.1204481792717087,-1.819760169230817,357,0.23161254396756137,TRENDING_UP,1.618378198849751,15.0
2006-04-25,38.88888888888889,4.368259766504596,0.8771929824561403,-0.18883023576037614,342,0.23342381571483395,TRENDING_UP,1.6510674252333375,16.0
2006-04-26,39.6551724137931,5.144751122071109,0.8620689655172413,0.22800400861395745,348,0.21796199909043804,TRENDING_UP,1.6529807919167676,17.0
2006-04-27,33.734939759036145,4.318554682866447,0.6024096385542169,-1.6169328906259417,332,0.2595617506755316,VOLATILE,1.7636548975839865,0.0
2006-04-28,29.17933130699088,5.821670916136165,0.60790273556231,-1.9582708031833198,329,0.2920545943596834,VOLATILE,1.9090570851962154,1.0
2006-05-02,27.002967359050444,6.429312234777879,0.0,0.3265247175627752,337,0.2801592558945198,VOLATILE,1.8847785022873005,2.0
2006-05-03,34.31085043988269,5.464560005984088,0.2932551319648094,0.7947657396838623,341,0.2825139576350911,VOLATILE,1.8628230904474166,3.0
2006-05-04,31.818181818181817,6.861233198294832,0.8522727272727272,-0.352400134152522,352,0.27646600616989886,VOLATILE,1.8843181283548227,4.0
2006-05-05,33.62068965517241,5.0183664437509385,1.1494252873563218,0.3997125721442595,348,0.26337747329920225,VOLATILE,1.906919472482635,5.0
2006-05-08,33.810888252149,4.844811179477886,1.7191977077363898,0.20780677089894897,349,0.2634834060089781,TRENDING_UP,1.9043277918936885,0.0
2006-05-09,29.69187675070028,5.3416041181193865,1.9607843137254901,-0.2125005683923403,357,0.2598079514018146,VOLATILE,2.0353931084761525,0.0
2006-05-10,28.53107344632768,5.477866806988737,2.2598870056497176,-0.8843140142757677,354,0.24424199862679186,VOLATILE,2.0206916278583402,1.0
2006-05-11,27.22063037249284,4.675675656127937,1.146131805157593,-0.6272355740951004,349,0.24068926169268223,VOLATILE,2.064065241163884,2.0
2006-05-12,26.969696969696972,4.580581944678325,0.6060606060606061,-0.5311408821626298,330,0.24413089529517,VOLATILE,2.058920874183643,3.0
2006-05-15,19.5906432748538,4.606846179002187,1.461988304093567,-2.877444749543074,342,0.29808508423729774,VOLATILE,2.2830197010685884,4.0
2006-05-16,19.1044776119403,6.373210387244227,0.2985074626865672,-1.974318519582959,335,0.32607907752120846,VOLATILE,2.532660998079751,5.0
2006-05-17,23.19277108433735,5.726063606151042,0.6024096385542169,2.605002743361238,332,0.37586767956704487,VOLATILE,2.5152351499538943,6.0
2006-05-18,21.472392638036812,5.6165018806898495,0.9202453987730062,-1.8520909760218376,326,0.3808113654204483,VOLATILE,2.5963287387208664,7.0
2006-05-19,20.066889632107024,5.834448433624077,0.33444816053511706,0.2094124068780464,299,0.4046222932209848,VOLATILE,2.632173282964944,8.0
2006-05-22,19.62025316455696,5.398195151120337,0.31645569620253167,0.05453502279391992,316,0.3905877773890297,VOLATILE,2.5561842725205937,9.0
2006-05-23,22.97734627831715,5.145897673708879,0.3236245954692557,0.24907044289706357,309,0.3932324093475325,VOLATILE,2.4566570745423286,10.0
2006-05-24,23.15112540192926,5.946259766153535,0.3215434083601286,0.8494754481386887,311,0.39207149253873125,VOLATILE,2.3750683645051476,11.0
2006-05-25,23.456790123456788,5.181640745509651,0.6172839506172839,-0.48822871751851604,324,0.38177473722348826,VOLATILE,2.3959986749978435,12.0
2006-05-26,16.776315789473685,5.678520566043118,0.3289473684210526,-1.1436459258632794,304,0.4026351452400206,VOLATILE,2.5209162141347536,13.0
2006-05-29,13.719512195121952,4.333973572435569,0.0,-3.6949915699723097,328,0.4188306090551776,VOLATILE,2.6346559194347936,14.0
2006-05-30,14.432989690721648,5.386804789413585,0.0,-0.9488929294705775,291,0.4388477783570783,VOLATILE,2.7615965639956785,15.0
2006-05-31,11.89710610932476,6.783478660170358,0.0,-1.9462991629113098,311,0.4161699038577419,VOLATILE,3.0136602626957885,16.0
2006-06-01,15.644171779141105,11.741815255478423,0.3067484662576687,3.3612429027019304,326,0.4505927203212917,VOLATILE,3.014045878883752,17.0
2006-06-02,20.37037037037037,13.405477554084804,0.9259259259259258,2.5728002774083847,324,0.44802332866530997,VOLATILE,3.059868183869872,18.0
2006-06-05,19.756838905775076,8.066459023764896,0.911854103343465,0.26955981329685447,329,0.42717003688520966,VOLATILE,3.0356877767773978,19.0
2006-06-06,17.80821917808219,4.109330435815153,0.3424657534246575,0.6038813928388904,292,0.46291499064341646,VOLATILE,3.0881867020640206,20.0
2006-06-07,14.473684210526317,7.811171127753549,0.0,-2.061144867298759,304,0.46086340357841965,VOLATILE,3.282152364746978,21.0
2006-06-08,12.698412698412698,7.079470427852889,0.0,-3.351748214686489,315,0.4796106954882347,VOLATILE,3.5361594428258076,22.0
2006-06-09,11.929824561403509,5.612410576058748,0.0,0.13000199317533115,285,0.4905319599295321,VOLATILE,3.7135006390973238,23.0
2006-06-12,10.861423220973784,4.879966686181668,0.0,-0.9509698896390885,267,0.4880862768362906,VOLATILE,3.655246248276456,24.0
2006-06-13,9.226190476190476,7.129540031379886,0.0,-3.970117420676273,336,0.468609100358225,VOLATILE,3.768678387660212,25.0
2006-06-14,8.58085808580858,5.029333072364303,0.0,-3.905149932661569,303,0.49761433967615415,VOLATILE,4.188466267745563,26.0
2006-06-15,12.933753943217665,7.468153879506307,0.0,4.818948599729181,317,0.5356454546304759,VOLATILE,4.026849476870505,27.0
2006-06-16,19.298245614035086,6.68669826010776,0.0,4.7160378206773155,342,0.5524956135436829,VOLATILE,3.916651313454305,28.0
2006-06-19,17.92452830188679,38.17464793516122,0.628930817610063,2.45531864778634,318,0.5516412696653417,VOLATILE,3.8663070466812077,29.0
2006-06-20,16.19047619047619,6.564948750433628,0.31746031746031744,-0.7606987588446952,315,0.5536706182221866,VOLATILE,3.9142933765587316,30.0
2006-06-21,11.267605633802818,4.105050678323343,0.35211267605633806,-0.658212022145311,284,0.5745531666046794,VOLATILE,3.939971157967042,31.0
2006-06-22,15.894039735099339,6.366231020081512,0.6622516556291391,0.5754087553527449,302,0.5455496638250819,VOLATILE,3.923979942975124,32.0
2006-06-23,11.846689895470384,5.445177897111667,0.6968641114982579,-2.4874387397470015,287,0.5649399842268482,VOLATILE,4.134822937069781,33.0
2006-06-26,10.410094637223976,5.662212405339194,0.31545741324921134,-3.2154121406710328,317,0.5524200474594727,VOLATILE,4.370947504970917,34.0
2006-06-27,8.503401360544217,6.287255224817427,0.3401360544217687,-3.105734038290977,294,0.5850637097026302,VOLATILE,4.54321791891276,35.0
2006-06-28,10.357142857142858,6.33900915580313,0.0,3.110804993242875,280,0.5895618243724754,VOLATILE,4.31688599396872,36.0
2006-06-29,15.517241379310345,8.237750632659298,0.28735632183908044,4.520732263983405,348,0.5525831071118955,VOLATILE,4.149869480349909,37.0
2006-06-30,22.71186440677966,6.993037064112009,0.0,0.20944538051924091,295,0.5748187532583523,VOLATILE,4.029166887734111,38.0
2006-07-03,11.11111111111111,8.067395005126665,0.7407407407407408,-3.0582589893163084,270,0.5944453182831608,VOLATILE,4.35881669990056,39.0
2006-07-04,16.605166051660518,6.591193059165055,1.107011070110701,1.067252789895572,271,0.5941111560374137,VOLATILE,4.213843164384399,40.0
2006-07-05,18.613138686131386,5.295259796510527,0.7299270072992701,0.05195849399640226,274,0.5850879864738012,VOLATILE,4.076565492490689,41.0
2006-07-06,14.634146341463413,4.677484080760798,0.8130081300813009,0.1630115092975457,246,0.6070296993093183,VOLATILE,3.934039459141112,42.0
2006-07-07,17.735849056603772,5.6341451887614244,0.7547169811320755,0.6248714752581151,265,0.5818221304233423,VOLATILE,3.7500508334655005,43.0
2006-07-10,13.754646840148698,8.194363506794058,0.37174721189591076,-1.704043511891886,269,0.597410555904802,VOLATILE,3.962372441598533,44.0
2006-07-11,13.818181818181818,5.3951551865866785,0.36363636363636365,0.8610180590630767,275,0.5622748381917578,VOLATILE,3.7985258799514914,45.0
2006-07-12,19.863013698630137,5.321409125798271,0.0,0.6783981081017202,292,0.5478670453962352,VOLATILE,3.4903776563252853,46.0
2006-07-13,24.193548387096776,9.442508561037537,0.6451612903225806,1.632389462878314,310,0.514547233048661,VOLATILE,3.3250273592893786,47.0
2006-07-14,24.637681159420293,5.2998231416760175,1.0869565217391304,0.18520884524459155,276,0.5217859549527486,VOLATILE,3.170650707234104,48.0
2006-07-17,23.943661971830984,7.039648271398236,0.35211267605633806,0.35598018704628603,284,0.5137757300429653,VOLATILE,3.0883612457025693,49.0
2006-07-18,30.303030303030305,9.227082334481471,0.9090909090909091,1.214126168560584,330,0.478835427109518,VOLATILE,2.9914568910030006,50.0
2006-07-19,34.1692789968652,8.659889352628106,0.6269592476489028,0.18800071878652716,319,0.4784464544338096,VOLATILE,2.943523637140915,51.0
2006-07-20,34.954407294832826,7.131027750827022,0.60790273556231,-0.31407375862310477,329,0.4727773877065261,VOLATILE,3.0159820441013845,52.0
2006-07-21,37.83783783783784,11.906000334396845,0.6756756756756757,1.2715487143718023,296,0.4739724747816201,VOLATILE,2.844653199618239,53.0
2006-07-24,41.81818181818181,9.910046711742636,0.6060606060606061,1.68839078315283,330,0.4385340871432421,VOLATILE,2.5942575476082173,54.0
2006-07-25,43.278688524590166,3.9714307856084203,0.6557377049180327,0.2600678429382106,305,0.43769969860380714,VOLATILE,2.4296206277587182,55.0
2006-07-26,44.5859872611465,16.650362268589337,0.6369426751592357,0.37224975798400106,314,0.40196833188245396,VOLATILE,2.2818061674434733,56.0
2006-07-27,45.03105590062112,6.00272999877865,0.3105590062111801,0.662669985133116,322,0.37262841291206755,VOLATILE,2.135991440675775,57.0
2006-07-28,45.714285714285715,6.451831140409957,1.0714285714285714,0.1990576512603701,280,0.3627278851040469,VOLATILE,2.0930611038564693,58.0
2006-07-31,51.49253731343284,8.249547922608116,1.1194029850746268,1.1262160480502565,268,0.2946396573133209,VOLATILE,1.9307072167717882,59.0
2006-08-01,51.71102661596958,4.750210309279332,0.7604562737642585,-0.533101442959187,263,0.28762343790370104,VOLATILE,1.7961538351722526,60.0
2006-08-02,48.58156028368794,4.687309149830279,1.0638297872340425,-0.6032505292145892,282,0.2925191291890747,VOLATILE,1.764542086240995,61.0
2006-08-03,53.93258426966292,5.056853395906004,1.4981273408239701,0.6256944778867867,267,0.2645482114886268,TRENDING_UP,1.7482088101324702,0.0
2006-08-04,55.852842809364546,5.313829365772207,1.0033444816053512,0.44598535883398943,299,0.27424031056052295,TRENDING_UP,1.7197041005961442,1.0
2006-08-07,53.242320819112635,6.488219428870425,1.3651877133105803,0.6539115781369,293,0.20575301967330686,TRENDING_UP,1.5907682861394319,2.0
2006-08-08,49.67532467532468,5.134853827364121,0.974025974025974,-1.1229414167223688,308,0.19367491010720475,TRENDING_UP,1.5355837756120732,3.0
2006-08-09,52.56410256410257,10.152951694782937,1.282051282051282,-0.4625193193482646,312,0.19699742518761515,TRENDING_UP,1.5605919549830438,4.0
2006-08-10,48.201438848920866,5.436184427569767,1.079136690647482,-1.2960131791859195,278,0.22675092094785887,TRENDING_UP,1.671026090988298,5.0
2006-08-11,45.21072796934866,4.346929321088772,1.1494252873563218,-0.467633459464726,261,0.22874114739002732,VOLATILE,1.742437346248465,0.0
2006-08-15,43.333333333333336,4.697436128463088,1.1111111111111112,-0.38223486318540595,270,0.21605740635300436,VOLATILE,1.7594144266826686,1.0
2006-08-16,51.68539325842697,6.762386913792403,1.1235955056179776,1.8734259647991947,267,0.22424105055214175,TRENDING_UP,1.733440739133438,0.0
2006-08-17,47.84172661870504,5.9585489352611125,1.079136690647482,0.08025817227766158,278,0.22304968405605824,TRENDING_UP,1.7126003457339758,1.0
2006-08-18,53.515625,16.603943161570626,1.171875,2.0583147189000877,256,0.22668263891696694,TRENDING_UP,1.5790011814959568,2.0
2006-08-21,47.05882352941176,5.667492750641716,1.1029411764705883,-1.3293004820577552,272,0.22823438470154483,TRENDING_UP,1.58554863551887,3.0
2006-08-22,40.909090909090914,5.871022607775743,1.3986013986013985,-2.0807607070736016,286,0.24568793943945005,VOLATILE,1.75887487268497,0.0
2006-08-23,40.51094890510949,6.179607024776704,0.36496350364963503,0.33947300054584617,274,0.2589165563665422,VOLATILE,1.7730160697883492,1.0
2006-08-24,35.294117647058826,4.818428698704249,0.7352941176470588,-1.4174434471203399,272,0.2666808389460725,VOLATILE,1.97480118490482,2.0
2006-08-25,25.704225352112676,7.160566145202938,0.35211267605633806,-2.5898911390618204,284,0.30382209251853437,VOLATILE,2.193866532287093,3.0
2006-08-28,27.79783393501805,7.926526063085024,0.36101083032490977,0.16903115676631705,277,0.30578183886413945,VOLATILE,2.315757286733877,4.0
2006-08-29,31.060606060606062,5.312505161603809,0.3787878787878788,0.2558968831802233,264,0.30720869030620923,VOLATILE,2.306426615252941,5.0
2006-08-30,31.2280701754386,7.079079135777307,1.4035087719298245,1.2375810562345937,285,0.3042825542684324,VOLATILE,2.3121805644373734,6.0
2006-08-31,27.898550724637683,5.762926374305971,0.7246376811594203,-0.4341157304688182,276,0.3047833237048437,VOLATILE,2.3290339055636218,7.0
2006-09-01,31.76470588235294,6.835549611323565,0.39215686274509803,1.2154343373380119,255,0.31572349351224466,VOLATILE,2.3041558474757093,8.0
2006-09-04,29.80392156862745,7.228214670421679,0.7843137254901961,-0.9528092603266842,255,0.31634260720063573,VOLATILE,2.309175175366956,9.0
2006-09-05,28.40909090909091,5.652063931409554,1.1363636363636365,-0.4059450290703581,264,0.2962738932079253,VOLATILE,2.38063886564305,10.0
2006-09-06,31.690140845070424,10.9549460061037,1.056338028169014,1.8633401326726715,284,0.3051335716916014,VOLATILE,2.365985678389465,11.0
2006-09-07,30.357142857142854,9.548990172879545,1.0714285714285714,0.6053562534491438,280,0.3080914963105548,VOLATILE,2.34652617582174,12.0
2006-09-08,34.05797101449276,5.768123406899172,0.7246376811594203,-0.3706890622654592,276,0.29903004929107735,VOLATILE,2.2162101952693423,13.0
2006-09-11,27.636363636363637,4.743247196402304,0.7272727272727273,-1.3782489712816581,275,0.3049933401828037,VOLATILE,2.1747144631887725,14.0
2006-09-12,33.11036789297659,5.019806780524638,0.0,1.6662213760406748,299,0.3048960460587402,VOLATILE,2.1833296085425355,15.0
2006-09-13,32.29166666666667,5.16964802216934,0.6944444444444444,-0.6713169019179616,288,0.2917217844805026,VOLATILE,2.1760541735953773,16.0
2006-09-14,32.50883392226148,5.158173194590856,0.0,-0.06879037337250046,283,0.28265171119246457,VOLATILE,2.17902477937877,17.0
2006-09-15,31.958762886597935,6.16250054502077,1.0309278350515463,-0.5131397221111964,291,0.3010515725299659,VOLATILE,2.2194796571109223,18.0
2006-09-18,26.31578947368421,5.918974957239134,1.4035087719298245,-1.2662827022193182,285,0.3128503450229347,VOLATILE,2.235683042404115,19.0
2006-09-19,23.693379790940767,5.10401454016792,1.3937282229965158,-0.8654288974054364,287,0.30202077244540615,VOLATILE,2.1059759709754418,20.0
2006-09-20,25.830258302583026,6.171224797419332,0.36900369003690037,0.8447564806827872,271,0.31001852336676,VOLATILE,2.0786049835685176,21.0
2006-09-21,31.0,8.79751007896133,0.33333333333333337,0.5671501349087632,300,0.2980673587555219,VOLATILE,1.920635936622978,22.0
2006-09-22,31.64983164983165,11.125022266694911,1.3468013468013467,1.6859220067118537,297,0.2492373832232656,VOLATILE,1.7829674727726983,23.0
2006-09-25,33.057851239669425,6.9507894243738635,0.4132231404958678,-0.6929763739027137,242,0.2692928912974287,VOLATILE,1.631628487683072,24.0
2006-09-26,32.95454545454545,10.763674005587609,1.1363636363636365,0.4267205205485587,264,0.2563194565234063,VOLATILE,1.5847470702338482,25.0
2006-09-27,36.666666666666664,4.961417683932618,0.7407407407407408,0.6092369580438196,270,0.25039587209144565,VOLATILE,1.5075790543897285,26.0
2006-09-28,36.55172413793103,7.936099202185137,1.3793103448275863,1.0382597309611963,290,0.2397544754325683,RANGING,1.4692521101865479,0.0
2006-09-29,35.88850174216028,7.518757102874638,1.3937282229965158,0.29892035276236906,287,0.23931946230213128,TRENDING_UP,1.4355318630808336,0.0
2006-10-02,40.893470790378004,8.034437713866355,1.718213058419244,0.4577343508471275,291,0.24478682275723748,TRENDING_UP,1.4425775980949953,1.0
2006-10-03,36.042402826855124,5.2037405922268976,1.4134275618374559,0.08246574579630898,283,0.2420425810318834,TRENDING_UP,1.4125503175766012,2.0
2006-10-04,37.36654804270463,7.179879791359711,1.4234875444839856,0.8616666280517782,281,0.25615626462195756,TRENDING_UP,1.4391006697041495,3.0
2006-10-05,39.375,7.871499093652645,1.25,0.11762685836426198,320,0.23187260136633223,TRENDING_UP,1.3953621191213577,4.0
2006-10-06,43.95973154362416,6.531287229974276,2.348993288590604,0.35766110414635105,298,0.2305020837688436,TRENDING_UP,1.3644113477643736,5.0
2006-10-09,41.082802547770704,8.546518961669141,1.910828025477707,-0.14101850267878718,314,0.21180606849290623,TRENDING_UP,1.36499965730735,6.0
2006-10-10,43.89438943894389,4.9047677756362065,0.33003300330033003,0.8053956999933549,303,0.19368551269307685,TRENDING_UP,1.2919411188799705,7.0
2006-10-11,41.883116883116884,6.5162734542048195,0.6493506493506493,-0.35398986763932627,308,0.18525069990421505,TRENDING_UP,1.2911682628449022,8.0
2006-10-12,42.901234567901234,12.856753307460977,0.9259259259259258,-1.3322202757058352,324,0.17647653126252788,TRENDING_UP,1.2589554138722403,9.0
2006-10-13,46.601941747572816,19.065493108048507,0.9708737864077669,1.5873387820244171,309,0.1592672159486638,TRENDING_UP,1.24288414625774,10.0
2006-10-16,42.0,18.396775059838237,1.3333333333333335,0.48977331716643807,300,0.13889924809323062,TRENDING_UP,1.1902494291572974,11.0
2006-10-17,43.09210526315789,6.316606669192663,0.9868421052631579,0.38288949442005543,304,0.14133977904148642,TRENDING_UP,1.2043925695618531,12.0
2006-10-18,46.47435897435898,8.54607764137747,0.641025641025641,1.0093301720019876,312,0.12325954065500108,TRENDING_UP,1.2382553073159857,13.0
2006-10-19,47.4025974025974,8.889451894079118,2.272727272727273,0.5608172691295121,308,0.12234431160802259,TRENDING_UP,1.2501556178026758,14.0
2006-10-30,39.8671096345515,9.24407554891683,1.3289036544850499,-1.2040581073055487,301,0.14536547992356064,TRENDING_UP,1.2552967617864592,15.0
2006-10-31,37.30407523510972,8.093661230642557,0.6269592476489028,-1.253815414426221,319,0.15380742218741572,TRENDING_UP,1.287144533184553,16.0
2006-11-01,33.753943217665615,6.8468014846058605,0.9463722397476341,-1.5994497744677632,317,0.1970629260515839,TRENDING_UP,1.4677778393346756,17.0
2006-11-02,33.980582524271846,6.270298403305541,0.9708737864077669,0.19178317855895075,309,0.18112514235565996,VOLATILE,1.550530590616105,0.0
2006-11-03,41.157556270096464,6.761072083262792,1.929260450160772,2.321816332821067,311,0.21870848387368202,TRENDING_UP,1.5708416061230337,0.0
2006-11-06,38.24451410658307,6.0722627942927065,1.8808777429467085,-0.6970294981585292,319,0.21000673104859516,TRENDING_UP,1.699302604336928,1.0
2006-11-07,37.634408602150536,6.045224493117923,1.4336917562724014,-1.1260240531802719,279,0.23925904773186674,TRENDING_UP,1.787976593622332,2.0
2006-11-08,34.437086092715234,6.915144126529885,1.6556291390728477,-0.23260791634228922,302,0.22905695862089717,VOLATILE,1.8122897126422095,0.0
2006-11-10,32.64604810996563,6.064439687054992,2.0618556701030926,-0.824386163881608,291,0.23553620750248758,VOLATILE,1.8669019363188963,1.0
2006-11-13,32.57328990228013,6.2474649573460015,1.6286644951140066,-1.5041379092783924,307,0.23746330545002814,VOLATILE,1.887728223800798,2.0
2006-11-14,31.372549019607842,5.7808738560094195,0.6535947712418301,0.20963279395906873,306,0.24491401800870344,VOLATILE,1.8904816492660046,3.0
2006-11-15,30.990415335463258,9.547592154150651,0.6389776357827476,-0.05988955097010114,313,0.2335663080518535,VOLATILE,1.917519279753897,4.0
2006-11-16,29.357798165137616,8.826020177753577,0.9174311926605505,0.45275766703110226,327,0.23211131337736637,VOLATILE,1.925472164157918,5.0
2006-11-17,31.456953642384107,7.066465659119468,0.9933774834437087,0.1927157957315031,302,0.24994658794669905,VOLATILE,1.9912674075063475,6.0
2006-11-20,28.525641025641026,29.28220071366394,1.282051282051282,0.670619334471244,312,0.226205944005082,VOLATILE,2.145602483447834,7.0
2006-11-21,32.5503355704698,11.461997254856295,1.342281879194631,0.27042051383096327,298,0.23975090116372533,VOLATILE,2.190872248188993,8.0
2006-11-22,30.618892508143325,7.535647721460865,0.6514657980456027,0.5316029263043232,307,0.24617526797412234,VOLATILE,2.1986547388472553,9.0
2006-11-23,37.07165109034268,7.4720677069348636,0.6230529595015576,1.7720766416624603,321,0.25944971308918097,VOLATILE,2.144935498030293,10.0
2006-11-24,37.58389261744966,6.2263450097679645,0.6711409395973155,0.06102912319832308,298,0.2546468966438223,VOLATILE,2.0761160529486964,11.0
2006-11-27,37.577639751552795,5.876612764732085,0.6211180124223602,0.17648706486041252,322,0.2504643228794827,VOLATILE,2.0865037579997017,12.0
2006-11-28,37.77089783281733,28.539406663029496,0.30959752321981426,1.5765854683149676,323,0.23793248167472716,VOLATILE,2.050866182996721,13.0
2006-11-29,33.66013071895425,6.995876044598097,0.32679738562091504,-0.3096553191446106,306,0.2312432895518759,VOLATILE,2.092609704782732,14.0
2006-11-30,37.58169934640523,8.10324872848606,1.6339869281045754,1.016055107917093,306,0.23007442886777735,VOLATILE,1.9924567392583863,15.0
2006-12-01,33.105802047781566,7.167923038049394,1.023890784982935,0.2863068227870506,293,0.22791748889783386,VOLATILE,2.057451779376387,16.0
2006-12-04,34.11371237458194,9.016305934075032,1.3377926421404682,1.605606943842971,299,0.2125447009040277,VOLATILE,1.9573732718894004,17.0
2006-12-05,36.11111111111111,9.018138650922607,1.5432098765432098,0.9717993848334268,324,0.21255058682252245,VOLATILE,1.865635213115251,18.0
2006-12-06,41.45658263305322,20.963411079178922,1.400560224089636,3.456426065333342,357,0.20233940032244183,VOLATILE,1.765376899576488,19.0
2006-12-07,44.0,12.803717907452778,1.1428571428571428,2.7448928853952568,350,0.1880886370932838,VOLATILE,1.74233369790316,20.0
2006-12-08,41.896024464831804,9.912168369023561,1.529051987767584,0.13310866151088638,327,0.1901660642630169,VOLATILE,1.7100218993237066,21.0
2006-12-11,38.76923076923077,8.083739926007667,1.8461538461538463,0.551221269912055,325,0.15844513950029276,VOLATILE,1.6744422021677035,22.0
2006-12-12,42.69005847953216,10.489071598747731,2.046783625730994,0.8161471915536912,342,0.16465915873647813,VOLATILE,1.6387175931667108,23.0
2006-12-13,40.06024096385542,6.041745147862042,1.2048192771084338,-0.4852977321501743,332,0.1540658322753637,VOLATILE,1.6203886053674819,24.0
2006-12-14,40.78549848942598,9.385324231771753,1.2084592145015105,0.7791411487339264,331,0.15384869279124744,VOLATILE,1.568512811614759,25.0
2006-12-15,40.4320987654321,8.335289453970617,1.2345679012345678,-0.6359945808477784,324,0.16370178727558618,RANGING,1.4987011780850232,0.0
2006-12-18,33.43558282208589,6.290048809830854,1.5337423312883436,-2.901895561721676,326,0.23584718055583834,VOLATILE,1.5192222337186139,0.0
2006-12-19,26.25,6.469682088706181,0.3125,-2.296145749570995,320,0.28548706719314426,VOLATILE,1.6219339376370507,1.0
2006-12-20,29.73856209150327,6.085322969967552,0.6535947712418301,1.0654254575728266,306,0.29030707876468037,VOLATILE,1.666951473778595,2.0
2006-12-21,26.04501607717042,5.024216800600091,0.6430868167202572,-1.311994897147913,311,0.2797076440363559,VOLATILE,1.7375600996058702,3.0
2006-12-22,26.38888888888889,6.61928923884389,0.6944444444444444,-0.8683434326975606,288,0.2975355933459513,VOLATILE,1.8065057676427818,4.0
2006-12-26,25.0,7.110911856275649,0.6666666666666667,-0.031315070602255864,300,0.28000756189372,VOLATILE,1.8043976563388366,5.0
2006-12-27,21.451104100946374,6.554819115110967,0.9463722397476341,-0.6425499868054071,317,0.2813201066259821,VOLATILE,1.821644107637373,6.0
2006-12-28,26.599326599326602,14.345217575610889,1.0101010101010102,1.3774843406429715,297,0.29110444131970076,VOLATILE,1.7593100733114209,7.0
2006-12-29,29.591836734693878,6.268125385915278,0.3401360544217687,0.9985612073815753,294,0.29849279961911135,VOLATILE,1.7080623474926542,8.0
2007-01-03,26.29310344827586,5.766464286340056,1.7241379310344827,0.0629462231670663,232,0.3170742421798033,VOLATILE,1.5759433437442874,9.0
2007-01-04,29.454545454545457,5.174994322527494,1.4545454545454546,-0.7190854256832926,275,0.2868730246362115,VOLATILE,1.568193690031538,10.0
2007-01-05,24.175824175824175,6.336041080411848,0.7326007326007326,-0.5341352446268952,273,0.28909412991594374,VOLATILE,1.5645251572822878,11.0
2007-01-08,27.741935483870968,5.461872305072061,0.967741935483871,0.0625003957037022,310,0.27181798236933474,VOLATILE,1.5417019996170356,12.0
2007-01-09,24.161073825503358,4.287883150636875,0.6711409395973155,-0.21028115362036887,298,0.2889304416609589,VOLATILE,1.5490557134358645,13.0
2007-01-10,27.906976744186046,5.734087136503321,0.33222591362126247,-0.2824415613433393,301,0.2873987601210515,VOLATILE,1.5125270378124518,14.0
2007-01-11,26.11464968152866,9.054898362033788,0.0,0.9611408527415142,314,0.28787188377388334,RANGING,1.4977710332790797,0.0
2007-01-12,30.743243243243246,12.669292548330441,0.6756756756756757,2.072863747984071,296,0.2860667136237429,RANGING,1.4963848117972727,1.0
2007-01-15,30.476190476190478,8.015575335059163,0.6349206349206349,0.012526739592304558,315,0.2735343542312253,RANGING,1.4958001507491778,2.0
2007-01-16,30.246913580246915,5.58588208888069,0.6172839506172839,-0.42490859476344944,324,0.26401422017083,VOLATILE,1.5025083588355321,0.0
2007-01-17,33.65384615384615,6.634582684741485,0.641025641025641,0.006284832899334171,312,0.2795788515551604,RANGING,1.4947758853397952,0.0
2007-01-18,35.59870550161812,8.922580102562712,0.9708737864077669,0.7459625650104225,309,0.2429169916976724,RANGING,1.4148961864386862,1.0
2007-01-19,45.06578947368421,6.913952604600367,1.9736842105263157,1.3258046795565843,304,0.19763850420704807,RANGING,1.2678232285310738,2.0
2007-01-22,43.75,6.625224027743999,1.875,0.16875646303058225,320,0.1721304445467402,RANGING,1.1988843503610638,3.0
2007-01-23,42.5531914893617,5.366452483059755,2.43161094224924,0.027119434199316526,329,0.12053670542252161,RANGING,1.1037829789301024,4.0
2007-01-24,42.04204204204204,5.969450906012879,2.1021021021021022,0.3233802595642088,333,0.09506226594072538,TRENDING_UP,1.0440979520555898,0.0
2007-01-25,44.20062695924764,3.9226988470442468,2.507836990595611,0.12306334598069305,319,0.0934111495399058,TRENDING_UP,1.0353292696635332,1.0
2007-01-26,46.48829431438127,5.298177731755415,1.3377926421404682,0.18600191416252204,299,0.08954190468717153,TRENDING_UP,0.9946070989271829,2.0
2007-01-31,45.3968253968254,5.212431972418456,1.2698412698412698,0.19945759166506496,315,0.09085971730580827,TRENDING_UP,1.0074980061797343,3.0
2007-02-01,47.452229299363054,5.090602512906533,1.5923566878980893,-0.36135057022332956,314,0.08079515340707216,TRENDING_UP,1.0239438804013181,4.0
2007-02-02,52.39616613418531,5.276415377656092,2.5559105431309903,0.6374743444827359,313,0.08893700780993992,TRENDING_UP,1.0865091581792017,5.0
2007-02-06,51.28939828080229,6.91969690176975,2.5787965616045847,0.5741038313982809,349,0.09949619530485847,TRENDING_UP,1.1023861678604958,6.0
2007-02-07,51.651651651651655,5.053967671151135,2.4024024024024024,0.5772211779650791,333,0.08232864152244765,TRENDING_UP,1.1086597294697853,7.0
2007-02-08,56.49717514124294,8.169758713889836,3.1073446327683616,1.2418393107694925,354,0.0926053357355866,TRENDING_UP,1.106880456792693,8.0
2007-02-09,54.769230769230774,6.394636187024751,3.6923076923076925,0.12111723128839193,325,0.08899205352762905,TRENDING_UP,1.1329587619727048,9.0
2007-02-12,52.8023598820059,5.824305484991273,1.7699115044247788,-0.8249712723886814,339,0.11195005029415678,TRENDING_UP,1.2600958748038429,10.0
2007-02-13,49.839228295819936,5.0167361800740045,1.929260450160772,-0.6073737165612626,311,0.14138828160585043,TRENDING_UP,1.2987727948482972,11.0
2007-02-14,49.84423676012461,7.753807235151572,0.0,-0.29305087456495194,321,0.1603538103880061,TRENDING_UP,1.477468755347121,12.0
2007-02-15,45.17133956386293,7.904052195003174,0.9345794392523363,0.06728545423745944,321,0.16487853388857432,TRENDING_UP,1.4872828297273428,13.0
2007-02-16,48.25174825174825,5.264062876933817,0.6993006993006993,-0.2003275775832919,286,0.17742916527262065,TRENDING_UP,1.5236436015958645,14.0
2007-02-19,49.839228295819936,5.707987687818081,0.964630225080386,0.3767858605144534,311,0.17800486482898578,TRENDING_UP,1.572320552507565,15.0
2007-02-20,45.1219512195122,6.145734222769639,1.524390243902439,-0.5276748062242709,328,0.17772340054159377,TRENDING_UP,1.649005773267103,16.0
2007-02-21,44.479495268138805,5.788815587618076,0.9463722397476341,-0.5543792511519067,317,0.1844757517172723,TRENDING_UP,1.6702486498122484,17.0
2007-02-22,44.61538461538462,5.444801302319725,1.8461538461538463,-0.11597954427064634,325,0.17347251925247245,TRENDING_UP,1.6781888212575948,18.0
2007-02-23,43.91025641025641,5.3826097542647515,1.9230769230769231,0.005634240831372974,312,0.17423241094040745,TRENDING_UP,1.6709353333609005,19.0
2007-02-26,39.40298507462687,6.559195045036266,1.791044776119403,-1.2039580987350564,335,0.18542094403637288,TRENDING_UP,1.738450250439487,20.0
2007-02-27,37.03703703703704,5.892567549250143,0.9259259259259258,-1.2125014583293787,324,0.19032906657343726,VOLATILE,1.711198545725608,0.0
2007-02-28,32.49211356466877,19.94725722573888,0.9463722397476341,0.4677318420777497,317,0.17819319039748321,VOLATILE,1.8015611848690118,1.0
2007-03-01,34.01162790697674,5.9096063964577965,0.5813953488372093,0.008308549014681676,344,0.1661726023335136,VOLATILE,1.7904823341622214,2.0
2007-03-02,33.01282051282051,7.343114809056829,0.641025641025641,0.20620281519577516,312,0.18038956080382204,VOLATILE,1.825411938006081,3.0
2007-03-05,29.666666666666668,7.858633938194985,0.6666666666666667,-1.481289291277709,300,0.20988833058916553,VOLATILE,1.8819445654976155,4.0
2007-03-06,30.275229357798167,17.65851777555384,0.6116207951070336,1.5504444718405437,327,0.17773040855736924,VOLATILE,1.8854850373950707,5.0
2007-03-07,37.160120845921455,7.210664665817321,0.906344410876133,1.562608330320007,331,0.19156807802008166,VOLATILE,1.8784445379485715,6.0
2007-03-08,37.93103448275862,6.754960123993454,2.0114942528735633,1.3900526523958192,348,0.1994947295263131,VOLATILE,1.8370204548616764,7.0
2007-03-09,43.08176100628931,5.660005010561995,1.8867924528301887,0.844716709798295,318,0.22363613410345987,VOLATILE,1.7918369385409096,8.0
2007-03-12,39.16913946587537,7.084156624903855,1.7804154302670623,-0.18934646539853245,337,0.19794228733474178,VOLATILE,1.7135538886751023,9.0
2007-03-13,41.36904761904761,6.320664264868837,0.8928571428571428,0.3427321513430571,336,0.2005128083244045,VOLATILE,1.685697876799113,10.0
2007-03-14,38.67924528301887,5.058817911789376,0.9433962264150944,-0.7932800417878754,318,0.2193526434847123,VOLATILE,1.5555891549448186,11.0
2007-03-15,42.15384615384615,6.6473726744791355,0.9230769230769231,0.4264439005054533,325,0.20508194091736895,VOLATILE,1.5188181311831992,12.0
2007-03-16,44.370860927152314,5.741271098207093,0.9933774834437087,0.38330381171113226,302,0.2223861417971779,VOLATILE,1.5001499028928218,13.0
2007-03-19,34.63855421686747,5.66603698332532,0.9036144578313252,-1.988342140398769,332,0.2426546619064405,VOLATILE,1.5625928415829797,14.0
2007-03-20,36.5625,5.019127704383304,0.0,0.5361199090855073,320,0.24170599771851337,VOLATILE,1.5323681644287783,15.0
2007-03-21,36.392405063291136,6.108411766337486,0.6329113924050633,0.07907985504344522,316,0.239202046689729,VOLATILE,1.5533008988529349,16.0
2007-03-22,34.5679012345679,6.0954853235637385,1.2345679012345678,0.24607017869044226,324,0.22917463990057477,VOLATILE,1.5426853345468559,17.0
2007-03-26,34.6875,6.661429048252799,1.5625,0.29977650184439486,320,0.24537968772352642,VOLATILE,1.5425620397783721,18.0
2007-03-27,35.01483679525222,5.913526675287791,1.483679525222552,-0.1474377348798321,337,0.23413971796660746,RANGING,1.4895303602339987,0.0
2007-03-28,33.126934984520126,5.3304504582746395,0.30959752321981426,0.13898747262368555,323,0.22115034271696046,VOLATILE,1.5078523638098733,0.0
2007-03-29,33.12101910828025,5.498512883971652,0.9554140127388535,0.25904280048003897,314,0.2381642662707415,RANGING,1.4674584792955712,0.0
2007-03-30,38.297872340425535,7.826552254532638,0.60790273556231,1.2065991438486843,329,0.23873846519833383,RANGING,1.4198662300527294,1.0
2007-04-02,35.333333333333336,7.323684506894525,1.3333333333333335,-0.4838885492511232,300,0.23871516088424427,RANGING,1.3561953122020953,2.0
2007-04-03,38.741721854304636,5.555858868328286,1.3245033112582782,0.9306245659038912,302,0.22430441440092394,TRENDING_UP,1.2849894251071965,0.0
2007-04-04,37.096774193548384,8.158352670809483,1.6129032258064515,0.09855528230546878,310,0.24346703926208724,TRENDING_UP,1.2466994776983729,1.0
2007-04-05,40.7185628742515,17.6006569924301,2.694610778443114,2.4195839184597983,334,0.22430373058389172,TRENDING_UP,1.214574235431287,2.0
2007-04-06,44.89164086687307,6.883705984573558,1.5479876160990713,1.0816287256046035,323,0.21697852192278533,TRENDING_UP,1.1881844326008733,3.0
2007-04-09,48.328267477203646,12.04214862734372,1.5197568389057752,1.4039408651400693,329,0.20683096593337616,TRENDING_UP,1.1487686045326617,4.0
2007-04-10,52.38095238095239,5.613547991862865,2.976190476190476,1.3627788676234265,336,0.2216078600195789,TRENDING_UP,1.1483875351412898,5.0
2007-04-11,53.714285714285715,4.403533491247382,3.7142857142857144,0.757894674560057,350,0.22113355026023107,TRENDING_UP,1.1452329389926514,6.0
2007-04-12,56.395348837209305,4.650393465413835,2.9069767441860463,0.2889615399658951,344,0.2229722324726079,TRENDING_UP,1.1197244732032492,7.0
2007-04-13,55.45454545454545,6.351935055265139,3.6363636363636362,0.508489601866517,330,0.22592405023302028,TRENDING_UP,1.1113991454147467,8.0
2007-04-16,57.05882352941176,6.285347719514694,3.823529411764706,0.46641724250022853,340,0.21612956933185365,TRENDING_UP,1.09354005426258,9.0
2007-04-17,56.04719764011799,4.8490043429745935,3.2448377581120944,-0.0415853142917482,339,0.17352533970273928,TRENDING_UP,1.0371522573539298,10.0
2007-04-18,62.089552238805965,5.546445812789146,5.074626865671641,1.5217512513655564,335,0.17593424332062202,TRENDING_UP,1.0089923203074198,11.0
2007-04-19,62.643678160919535,7.298031593980583,5.172413793103448,0.7002007896146312,348,0.163470891712159,TRENDING_UP,0.9937751633555555,12.0
2007-04-20,63.55685131195335,6.735459267452702,2.623906705539359,1.4024589682333897,343,0.16200752782775468,TRENDING_UP,1.010045875087769,13.0
2007-04-23,62.17008797653959,5.4137685573352465,3.812316715542522,-0.14752730545952544,341,0.1603003310100415,TRENDING_UP,1.0351251396034353,14.0
2007-04-24,67.79661016949152,5.599612215591931,4.80225988700565,1.2079960290916056,354,0.1636582769292227,TRENDING_UP,1.0407496010790411,15.0
2007-04-25,66.57142857142857,9.495621187940873,4.285714285714286,0.6842807232815561,350,0.1509998362201763,TRENDING_UP,1.0067746010818643,16.0
2007-04-26,65.4178674351585,6.342008088997631,3.45821325648415,-0.08541481508580118,347,0.14541122048206545,TRENDING_UP,0.9752458663250563,17.0
2007-04-27,69.23076923076923,7.695491220595438,4.923076923076923,0.49221430768123153,325,0.1498558303661403,TRENDING_UP,0.9855098286172908,18.0
2007-04-30,66.19718309859155,5.644914164524348,5.352112676056338,0.23555894180999895,355,0.12115582923252444,TRENDING_UP,1.0186019062709673,19.0
2007-05-02,67.88732394366197,5.450191983880541,6.197183098591549,0.1976995623849964,355,0.11601163050718842,TRENDING_UP,0.9995640710934077,20.0
2007-05-03,64.06685236768801,5.313316844644418,4.178272980501393,-0.25958226780221844,359,0.11907367273614411,TRENDING_UP,1.0039854676045983,21.0
2007-05-04,70.17543859649122,4.167429706962179,5.555555555555555,1.0305397183112528,342,0.1217619338393636,TRENDING_UP,0.9616986144589853,22.0
2007-05-07,58.25825825825825,4.723573175505849,4.2042042042042045,-2.7947905379753784,333,0.25692686882665283,RANGING,1.1502555930379335,0.0
2007-05-08,66.47398843930635,10.432167162342612,3.1791907514450863,2.2691063290232587,346,0.2625758827145873,TRENDING_UP,1.1970449022089829,0.0
2007-05-09,69.94047619047619,6.644536830138716,6.25,1.2598609528224998,336,0.27271866338195666,TRENDING_UP,1.1768877972578666,1.0
2007-05-10,65.22988505747126,4.739441115616512,6.609195402298851,0.24677800806597405,348,0.27589620781232826,TRENDING_UP,1.1783372169023913,2.0
2007-05-11,65.80459770114942,6.9042717716908655,6.609195402298851,0.8450269092358879,348,0.27256012192041174,TRENDING_UP,1.1867157949548868,3.0
2007-05-14,69.93464052287581,5.471201172448697,5.228758169934641,0.7081334346050726,306,0.28374347152500523,TRENDING_UP,1.270482307401901,4.0
2007-05-15,69.12181303116147,6.124218345212781,6.232294617563739,0.7701407751901167,353,0.2711550236997669,TRENDING_UP,1.2937970202869744,5.0
2007-05-16,68.26347305389223,5.55549816732899,2.9940119760479043,-1.1687918945535394,334,0.2833117967776299,TRENDING_UP,1.36158775089017,6.0
2007-05-17,67.621776504298,7.145666079944908,2.5787965616045847,1.0733022572939872,349,0.2743519441076555,TRENDING_UP,1.3199926535110058,7.0
2007-05-18,69.33701657458563,9.50965327396893,2.4861878453038675,2.0087711739875167,362,0.2667540248025054,TRENDING_UP,1.298724030462493,8.0
2007-05-21,66.4756446991404,6.378073263466637,2.5787965616045847,-0.008888422123551397,349,0.273667556103065,TRENDING_UP,1.2832251777423336,9.0
2007-05-22,70.82152974504248,5.456186348598584,1.69971671388102,1.3142616028747474,353,0.2793705527148296,TRENDING_UP,1.279382994309348,10.0
2007-05-23,70.57220708446866,6.45539373956239,3.2697547683923704,0.6995446260618564,367,0.2721069469311081,TRENDING_UP,1.2530199253051113,11.0
2007-05-24,76.5625,5.828492860339581,7.03125,2.803781666630639,384,0.29703218619148103,TRENDING_UP,1.2703134463781856,12.0
2007-05-25,73.57512953367875,10.86560139939207,8.031088082901555,1.621827238055869,386,0.3032045139188167,TRENDING_UP,1.2893395672932284,13.0
2007-05-28,76.88311688311688,26.13011805026145,5.454545454545454,2.47244563517418,385,0.2989517555375829,TRENDING_UP,1.295291358723224,14.0
2007-05-29,76.34961439588689,5.564539461634876,4.884318766066838,0.8450020481427998,389,0.2976423625812473,TRENDING_UP,1.292611320160001,15.0
2007-05-30,77.46835443037975,6.741177731534041,4.810126582278481,1.0138710704543274,395,0.2965701902446152,TRENDING_UP,1.2811618397227116,16.0
2007-05-31,79.84496124031007,5.789850399168346,8.010335917312661,0.7613921574319296,387,0.3015007461435737,TRENDING_UP,1.2968916602243907,17.0
2007-06-01,78.13333333333333,6.532515382473134,7.466666666666668,0.18251408429929236,375,0.3119320250263886,TRENDING_UP,1.303695164400486,18.0
2007-06-04,77.3224043715847,5.053809507908388,5.191256830601093,0.0730657906590528,366,0.24643130536115998,TRENDING_UP,1.1765200734123944,19.0
2007-06-05,79.50138504155125,5.330835616707402,8.033240997229916,1.020047110506014,361,0.2289393029566181,TRENDING_UP,1.1366417124321297,20.0
2007-06-06,78.53260869565217,5.520649620827861,9.510869565217392,-0.1409574943855245,368,0.21867672100233979,TRENDING_UP,1.159672420252723,21.0
2007-06-07,77.27272727272727,5.228177707954871,6.149732620320856,0.22483317278664458,374,0.2235424193968567,TRENDING_UP,1.161876443828008,22.0
2007-06-08,79.94428969359332,8.298611498261346,5.571030640668524,1.6687798737636534,359,0.22834577346758508,TRENDING_UP,1.1773825280398225,23.0
2007-06-11,77.68817204301075,7.684459929997803,6.720430107526881,0.3738141557609422,372,0.22154321867081134,TRENDING_UP,1.1308549412584004,24.0
2007-06-12,77.86666666666666,6.374975387061832,5.6000000000000005,1.4065397087440088,375,0.21866321320972337,TRENDING_UP,1.113376911745836,25.0
2007-06-13,78.77984084880637,5.880131745194873,7.427055702917771,0.9794411517629972,377,0.18963186848936844,TRENDING_UP,1.0395600286111992,26.0
2007-06-14,78.0361757105943,7.073221301143632,9.30232558139535,0.8981197492027134,387,0.18700493876635552,TRENDING_UP,1.0725974301873509,27.0
2007-06-15,81.49171270718232,7.011511222995388,5.524861878453039,0.7977926732752256,362,0.19418040282853516,TRENDING_UP,1.1176979224569474,28.0
2007-06-18,82.17054263565892,13.175699142805172,4.909560723514212,3.2615376162372725,387,0.19205432517080584,TRENDING_UP,1.1334043368663131,29.0
2007-06-19,83.07692307692308,8.472000420588907,5.641025641025641,0.9283198483412622,390,0.18778490239264203,TRENDING_UP,1.1322298984129486,30.0
2007-06-20,81.93384223918575,7.474903332260926,7.37913486005089,1.2389901354640782,393,0.18408687023190734,TRENDING_UP,1.1379219029957826,31.0
2007-06-21,83.37662337662337,7.323029331743617,8.571428571428571,1.0540744740502874,385,0.16201695437079713,TRENDING_UP,1.1119350647433166,32.0
2007-06-22,81.97674418604652,6.100656279459292,5.232558139534884,-1.5105692329197713,344,0.2085361671040528,TRENDING_UP,1.2014773973733013,33.0
2007-06-25,82.12290502793296,5.259779027078131,4.748603351955307,0.9633583723674108,358,0.18726959174428107,TRENDING_UP,1.1963856444948298,34.0
2007-06-26,83.47107438016529,7.017727945839092,6.6115702479338845,0.631927736074176,363,0.18430750669934917,TRENDING_UP,1.1723001899619345,35.0
2007-06-27,84.4559585492228,5.632193859675622,5.4404145077720205,1.303335485603216,386,0.19081276933662564,TRENDING_UP,1.1710267663469907,36.0
2007-06-28,84.35897435897436,7.130446515351796,8.205128205128204,0.7418569459773002,390,0.1861737328711648,TRENDING_UP,1.13354506681624,37.0
2007-06-29,84.03141361256544,7.519594452138851,8.115183246073299,1.0810076779195916,382,0.1723547905901823,TRENDING_UP,1.1468031128788898,38.0
2007-07-02,84.97409326424871,9.088757574844415,11.139896373056994,2.5037411338060993,386,0.18895479387915423,TRENDING_UP,1.1478280221397443,39.0
2007-07-03,85.41114058355438,6.463292060042743,9.814323607427056,-0.9257482329769867,377,0.20108111644120122,TRENDING_UP,1.160519484281147,40.0
2007-07-04,85.97883597883597,7.387670938929337,6.878306878306878,1.5599344479864459,378,0.2008988540339987,TRENDING_UP,1.1308000631623123,41.0
2007-07-05,88.31168831168831,5.219261414510668,9.35064935064935,1.6286687360191643,385,0.20306134645262347,TRENDING_UP,1.1264201692727012,42.0
2007-07-06,88.58560794044665,7.366359532157865,10.421836228287841,2.6412866983523724,403,0.21153463695980865,TRENDING_UP,1.1006307070912185,43.0
2007-07-09,89.72431077694235,6.089858779701249,11.027568922305765,1.3049348869654054,399,0.19827489848186078,TRENDING_UP,1.0838965550447424,44.0
2007-07-10,90.9090909090909,5.209087233844024,8.311688311688311,-0.2427371307616895,385,0.20714065546185148,TRENDING_UP,1.1308733006021947,45.0
2007-07-11,88.5558583106267,3.899656726982061,5.722070844686648,0.5286121208803979,367,0.21579721164969692,TRENDING_UP,1.136818591863912,46.0
2007-07-12,90.63291139240506,6.933791941629805,9.873417721518987,2.9603542400113056,395,0.23519286070598067,TRENDING_UP,1.1301134787506864,47.0
2007-07-13,91.57894736842105,5.268280186087859,12.105263157894736,-0.007402632578742947,380,0.24354448579037433,TRENDING_UP,1.1190742580566568,48.0
2007-07-16,85.75197889182058,8.130583530628053,6.33245382585752,-2.0433416815528425,379,0.28759585349521477,TRENDING_UP,1.2075162262110577,49.0
2007-07-17,88.26666666666667,6.567250720228871,4.8,1.8461973465582247,375,0.2882429876117535,TRENDING_UP,1.2031714949686696,50.0
2007-07-18,77.95275590551181,4.992374098930905,3.674540682414698,-2.9818549484669754,381,0.35343630545542154,RANGING,1.3773111544498313,0.0
2007-07-19,62.125340599455036,5.460689539720832,1.9073569482288828,-4.54501398467682,367,0.44185888210144586,VOLATILE,1.6037865988750393,0.0
2007-07-20,64.42307692307693,5.230111254062291,0.9615384615384616,0.7651880214066039,312,0.45552255172172945,VOLATILE,1.612854905596926,1.0
2007-07-23,78.65497076023392,6.732489344209046,2.046783625730994,3.273932180694903,342,0.4636086958325957,VOLATILE,1.6356157524399044,2.0
2007-07-24,73.13432835820896,4.799625541448406,2.6865671641791042,-0.1531496319870919,335,0.46429986636897047,VOLATILE,1.706752798294091,3.0
2007-07-25,72.69938650306749,4.4237675997927415,1.2269938650306749,-0.47898968439677914,326,0.470309568809176,VOLATILE,1.730772625632575,4.0
2007-07-26,69.6048632218845,5.669209087466166,2.127659574468085,-0.42311941754554055,329,0.46638842119629553,VOLATILE,1.7686907538128391,5.0
2007-07-27,62.17948717948718,5.106076346533435,0.641025641025641,-1.3349357759944283,312,0.47894637576177945,VOLATILE,1.779241407138402,6.0
2007-07-30,58.19935691318327,5.3063124753906505,1.929260450160772,-0.04732908195220627,311,0.4857602704949211,VOLATILE,1.7550689155410546,7.0
2007-07-31,63.36336336336337,6.484279182886074,2.4024024024024024,0.7627486427771091,333,0.4590148616569823,VOLATILE,1.7089724264077018,8.0
2007-08-01,65.88921282798835,4.3674744991819985,2.623906705539359,-0.09608509966935086,343,0.45015683199031964,VOLATILE,1.7081211784730685,9.0
2007-08-02,64.88095238095238,11.682658685685134,2.6785714285714284,1.3815844549585545,336,0.4616669223155963,VOLATILE,1.6805320351010704,10.0
2007-08-03,64.19753086419753,4.8883080774125265,3.0864197530864197,0.6668088273911826,324,0.4621773770552675,VOLATILE,1.687236070786069,11.0
2007-08-06,54.43425076452599,5.259567666666507,3.669724770642202,-1.4764834179237711,327,0.48987124734875376,VOLATILE,1.7777128904067099,12.0
2007-08-07,48.089171974522294,5.7171750141750755,2.8662420382165608,-0.9547772199166074,314,0.4865215303004886,VOLATILE,1.821080542303337,13.0
2007-08-08,50.92592592592593,7.431278009054379,3.3950617283950617,0.770577924258433,324,0.4876689707968662,VOLATILE,1.778000828638452,14.0
2007-08-09,39.38461538461539,6.338843980305689,2.1538461538461537,-2.7094341353871756,325,0.49616818875214636,VOLATILE,1.9877255506885354,15.0
2007-08-10,40.3448275862069,8.317813706161306,2.7586206896551726,0.568891841768355,290,0.5031399056379313,VOLATILE,2.0880030369723723,16.0
2007-08-13,28.938906752411576,6.105618391372694,1.2861736334405145,-2.473219455368642,311,0.5124406816647185,VOLATILE,2.140490500148251,17.0
2007-08-15,29.836065573770494,6.903578525053806,0.6557377049180327,0.6993227872515164,305,0.5044853121103263,VOLATILE,2.145754148874603,18.0
2007-08-16,29.08496732026144,5.722051365329064,0.9803921568627451,-0.6762120724039327,306,0.48914924841248875,VOLATILE,2.0239390770436496,19.0
2007-08-17,29.508196721311474,5.000242211240747,0.32786885245901637,0.13334964680860073,305,0.44428439242199763,VOLATILE,1.8635435075019444,20.0
2007-08-20,28.104575163398692,5.615143758832503,1.6339869281045754,-0.6265598396146792,306,0.4196357523155908,VOLATILE,1.760585463321086,21.0
2007-08-21,19.57831325301205,7.4931834818805525,0.9036144578313252,-4.086408248796708,332,0.42697548412911085,VOLATILE,1.9082380670041206,22.0
2007-08-22,20.066889632107024,4.868599520110765,0.33444816053511706,-0.10805180733825326,299,0.41376513821456024,VOLATILE,1.9478716453405078,23.0
2007-08-23,17.041800643086816,4.967487261004792,0.3215434083601286,-2.020573539518097,311,0.412138893217462,VOLATILE,2.124264777564748,24.0
2007-08-24,18.037974683544302,7.911455941633264,0.31645569620253167,-0.8986519360397677,316,0.400116523190479,VOLATILE,2.139567606403852,25.0
2007-08-27,16.610169491525422,6.187570312164857,0.0,-0.8153526279037283,295,0.40135794181004986,VOLATILE,2.1653774154639884,26.0
2007-08-28,18.12297734627832,9.506998419965802,0.9708737864077669,0.13979811982771498,309,0.40073730135949465,VOLATILE,2.180594623819336,27.0
2007-08-29,20.394736842105264,6.918733899139551,0.3289473684210526,2.5228523540734797,304,0.4121934900878939,VOLATILE,2.193062513595779,28.0
2007-08-30,19.808306709265175,5.310913601049623,0.6389776357827476,0.6884902214386606,313,0.4175351085232348,VOLATILE,2.192227198255854,29.0
2007-08-31,17.434210526315788,5.885354140184699,1.3157894736842104,-0.642404344145137,304,0.4193518537737867,VOLATILE,2.3278160117763984,30.0
2007-09-03,20.07168458781362,7.8306976008627265,1.0752688172043012,0.2448724461462964,279,0.4232543005878055,VOLATILE,2.3726503202390243,31.0
2007-09-04,20.983606557377048,5.472497567897293,2.622950819672131,0.7662477229737233,305,0.3991691835607498,VOLATILE,2.318996054255997,32.0
2007-09-05,23.125,6.632061878418789,3.4375000000000004,1.8844055259823975,320,0.4108288183602573,VOLATILE,2.2684276358077233,33.0
2007-09-06,21.428571428571427,5.47873332189919,2.1739130434782608,-0.20797688748208906,322,0.40383771735065943,VOLATILE,2.2977701000526767,34.0
2007-09-07,20.2020202020202,7.802079796670399,3.3670033670033668,-0.46614523904131744,297,0.3956166182558027,VOLATILE,2.164820488268043,35.0
2007-09-10,25.0,9.847661718415317,3.214285714285714,0.9406030880455639,280,0.40623112846324216,VOLATILE,2.0976091886226236,36.0
2007-09-11,25.816993464052292,6.371131228522921,2.941176470588235,0.5272591708959127,306,0.37823751654843624,VOLATILE,2.015313229860042,37.0
2007-09-12,29.003021148036257,6.78339915380872,3.927492447129909,1.9844887953253814,331,0.36863529404626627,VOLATILE,1.9910943366708382,38.0
2007-09-13,32.30769230769231,5.0568256305410575,3.3846153846153846,0.7731473244808543,325,0.3742089199851185,VOLATILE,1.9500181904681952,39.0
2007-09-14,29.818181818181817,5.518240154611237,4.0,-0.8266568197464291,275,0.4003673132646503,VOLATILE,1.970166702139647,40.0
2007-09-17,29.931972789115648,5.001556410520565,3.741496598639456,-0.027150340441432816,294,0.38910672509565897,VOLATILE,1.9512463013559416,41.0
2007-09-18,31.818181818181817,12.30243839669898,2.922077922077922,1.3353848245358348,308,0.3487336919116491,VOLATILE,1.803371523863934,42.0
2007-09-19,34.810126582278485,5.597376668886211,3.79746835443038,0.15655609577576748,316,0.3367353719337629,VOLATILE,1.706472175374287,43.0
2007-09-20,32.7922077922078,4.406316808460935,3.2467532467532463,-0.9048262869213202,308,0.3052093517911182,VOLATILE,1.5948234558181495,44.0
2007-09-21,32.98969072164948,7.322469441665851,2.0618556701030926,-0.31047520264209316,291,0.3084217756425928,VOLATILE,1.5223988666048733,45.0
2007-09-24,37.22397476340694,6.532024427141283,3.4700315457413247,1.0715178818839253,317,0.2966970688764254,RANGING,1.494941044408068,0.0
2007-09-25,37.68996960486322,5.725468540654206,3.343465045592705,0.06274947641921338,329,0.2971600851198758,RANGING,1.459349975449039,1.0
2007-09-26,43.648208469055376,4.778081272341798,2.9315960912052117,0.8380051379538455,307,0.2794098955302376,RANGING,1.4001362442992908,2.0
2007-09-27,41.875,8.067398475841921,3.125,-0.3882939351130866,320,0.2666201542562113,TRENDING_UP,1.3815441476036023,0.0
2007-09-28,49.03225806451613,10.116865521927348,1.935483870967742,1.3662474747108249,310,0.2541370901286343,TRENDING_UP,1.2912650663319305,1.0
2007-10-01,48.84393063583815,5.1779311286490195,4.335260115606936,1.3205257369772387,346,0.25261612562036273,TRENDING_UP,1.3114095972548077,2.0
2007-10-02,50.29239766081871,4.944812242114045,3.8011695906432745,0.614201118100655,342,0.25144339521489206,TRENDING_UP,1.2814141277740105,3.0
2007-10-03,50.57471264367817,4.670782396578922,3.1609195402298855,0.15699719945591303,348,0.22844543445607104,TRENDING_UP,1.2148823758490845,4.0
2007-10-04,50.90909090909091,4.0462037052315365,3.3333333333333335,0.02424223165932187,330,0.22611171135206481,TRENDING_UP,1.2044235649229709,5.0
2007-10-05,52.39520958083832,14.007826175990573,2.9940119760479043,1.2098677615262778,334,0.2076755376191433,TRENDING_UP,1.216117112197059,6.0
2007-10-08,55.61959654178674,9.018975605277534,4.899135446685879,1.9547866830253606,347,0.20997334072204535,TRENDING_UP,1.187061451285203,7.0
2007-10-09,57.534246575342465,5.831488594823492,6.027397260273973,0.08639285465111632,365,0.20865200375405607,TRENDING_UP,1.1824126090876335,8.0
2007-10-11,55.65217391304348,6.901658145478091,5.507246376811594,0.7819075756101085,345,0.20244756477503117,TRENDING_UP,1.1483996576275362,9.0
2007-10-17,57.67045454545454,8.44436927796137,4.829545454545454,1.211886701707276,352,0.19663104561083014,TRENDING_UP,1.224992580621062,10.0
2007-10-18,63.00268096514745,7.137231230824723,4.825737265415549,1.5033845150178178,373,0.18188873630072047,TRENDING_UP,1.222066944449716,11.0
2007-10-19,66.66666666666666,5.21327448855375,6.830601092896176,1.4982170303597004,366,0.1803620166845667,TRENDING_UP,1.2833735135299635,12.0
2007-10-22,63.68563685636857,4.989429734100892,7.588075880758807,0.8789384357852058,369,0.1612052801685966,TRENDING_UP,1.3389917928021609,13.0
2007-10-23,62.53369272237197,5.461347386625917,8.355795148247978,0.09737079377957719,371,0.16861671006962914,TRENDING_UP,1.394508113436667,14.0
2007-10-24,56.59340659340659,5.5703547872923815,6.593406593406594,-1.2178380930884019,364,0.19479265445096475,TRENDING_UP,1.5083767739112512,15.0
2007-10-25,60.86956521739131,5.6724007478588465,5.706521739130435,1.260954021077352,368,0.1746254434148816,TRENDING_UP,1.5114109942448903,16.0
2007-10-26,61.94444444444444,5.621576887496133,5.277777777777778,1.0081920879873045,360,0.18041128496227288,TRENDING_UP,1.4894726497891353,17.0
2007-10-29,63.342318059299195,5.6413840625827,5.929919137466308,0.4190687274615014,371,0.16425000194400652,TRENDING_UP,1.5183993030177563,18.0
2007-10-30,57.692307692307686,4.784569941194775,5.4945054945054945,-1.1029403723595705,364,0.2015093225066526,VOLATILE,1.6832218879653267,0.0
2007-10-31,60.64690026954178,6.674184516902327,5.660377358490567,1.6343163897705293,371,0.22305775272387202,TRENDING_UP,1.747549830928906,0.0
2007-11-01,56.232686980609415,5.629020550411529,6.3711911357340725,-1.3637298123876525,361,0.2516856168481908,VOLATILE,1.9364109772346143,0.0
2007-11-02,56.60919540229885,6.344742308322207,4.885057471264368,0.5122861140979227,348,0.24869335104168103,VOLATILE,1.912732554128483,1.0
2007-11-05,39.88603988603989,5.812620044598545,2.2792022792022792,-4.411631943393171,351,0.36748465859214796,VOLATILE,2.1822483816844946,2.0
2007-11-06,47.878787878787875,5.305638137465445,2.4242424242424243,1.5157980734249574,330,0.3696264678759899,VOLATILE,2.2309365855039167,3.0
2007-11-07,46.10951008645533,7.612339325209238,2.5936599423631126,0.48235823360784524,347,0.35988622491105193,VOLATILE,2.2195379754055002,4.0
2007-11-08,46.04105571847507,11.360347809613675,2.6392961876832843,0.5750377009938566,341,0.3575804564573073,VOLATILE,2.2565363043593236,5.0
2007-11-12,50.588235294117645,5.709454715847328,3.5294117647058822,2.1497315646953985,340,0.3706140756745728,VOLATILE,2.221590006202551,6.0
2007-11-13,51.70454545454546,7.7828347587689715,3.125,0.7195026692154998,352,0.36515347268260673,VOLATILE,2.2376843556572927,7.0
2007-11-14,44.230769230769226,9.315462707381307,3.296703296703297,-1.0766107907038056,364,0.36899198354972057,VOLATILE,2.407012705722606,8.0
2007-11-15,38.80597014925373,9.687019009932712,2.6865671641791042,-1.377266429738204,335,0.4051317116174783,VOLATILE,2.4426217754661987,9.0
2007-11-16,41.41104294478527,5.8288363937029475,1.5337423312883436,-0.20375773966653934,326,0.39799582774229875,VOLATILE,2.4241190765027696,10.0
2007-11-19,40.43887147335423,5.539399349519272,1.2539184952978055,0.14627564994217465,319,0.4001004955360687,VOLATILE,2.422682397938953,11.0
2007-11-20,42.68656716417911,7.836971574850796,1.4925373134328357,0.33938253831205745,335,0.4073613629492455,VOLATILE,2.3462834818578764,12.0
2007-11-21,42.72997032640949,6.124261801367323,1.483679525222552,1.4083554664538802,337,0.40598872132351077,VOLATILE,2.2714594292093113,13.0
2007-11-22,44.6927374301676,18.264081427484935,2.5139664804469275,1.6521700746567285,358,0.3864020495864747,VOLATILE,2.152675171510913,14.0
2007-11-23,49.04632152588556,5.76266240763108,2.452316076294278,1.4640748825150642,367,0.39758906747522316,VOLATILE,2.1427718375583207,15.0
2007-11-26,49.86149584487535,7.877345875498311,2.7700831024930745,0.8283912144855606,361,0.4021926543694047,VOLATILE,2.1382943355028097,16.0
2007-11-27,49.127906976744185,7.43444513865397,3.488372093023256,0.2632595969712032,344,0.4201301335871768,VOLATILE,2.1514360521504896,17.0
2007-11-28,52.043596730245234,7.2124504838093735,3.5422343324250685,2.143387898732736,367,0.407604722442304,VOLATILE,2.0242413897657374,18.0
2007-11-29,57.599999999999994,8.005595601337824,4.266666666666667,1.7333810632468334,375,0.39945061845070556,VOLATILE,1.9264995606430717,19.0
2007-11-30,56.932153392330385,9.55980829533092,2.949852507374631,0.6171515011180726,339,0.4191328478763755,TRENDING_UP,1.7789666336155523,0.0
2007-12-03,52.043596730245234,6.0841171273306545,1.08991825613079,-0.9246710086406414,367,0.39563755260852895,TRENDING_UP,1.7333420475046812,1.0
2007-12-04,54.72222222222223,7.733858978164278,1.9444444444444444,0.46003010434093283,360,0.33168443830646355,TRENDING_UP,1.5555261875518278,2.0
2007-12-05,58.19672131147541,7.5359980875277905,2.73224043715847,1.081740731056715,366,0.3143394806560271,TRENDING_UP,1.4653521792241087,3.0
2007-12-06,61.5979381443299,7.881965939934254,4.639175257731959,1.6539597171472442,388,0.3143005366195021,TRENDING_UP,1.4682110583283,4.0
2007-12-07,62.95264623955432,6.480717181767256,4.735376044568245,0.6013008341896559,359,0.32509122772189597,TRENDING_UP,1.4075266514208313,5.0
2007-12-10,64.28571428571429,7.3466381524380395,5.769230769230769,0.8054020779696686,364,0.31416817795026875,TRENDING_UP,1.3508191253695523,6.0
2007-12-11,63.08539944903582,5.793717692903601,3.3057851239669422,-0.09700799283032654,363,0.2914725254798254,TRENDING_UP,1.3454168215714986,7.0
2007-12-12,65.4353562005277,10.16080675660807,3.6939313984168867,1.4177429713229863,379,0.24374261568459285,TRENDING_UP,1.2503821419321492,8.0
2007-12-13,62.22826086956522,4.99099686918077,2.1739130434782608,0.3340435653094315,368,0.19522535001850974,TRENDING_UP,1.174943133264252,9.0
2007-12-14,62.39782016348774,9.270043667111809,4.087193460490464,1.3424033108252675,367,0.1737043279885506,TRENDING_UP,1.14737166069111,10.0
2007-12-17,62.07865168539326,5.539415295996519,3.3707865168539324,-0.23198200063418117,356,0.19593770310602152,TRENDING_UP,1.0656295078044724,11.0
2007-12-18,63.142857142857146,6.06752867645731,2.571428571428571,0.34680757556882535,350,0.1953144787001238,TRENDING_UP,1.0543730515450114,12.0
2007-12-19,66.4819944598338,5.766022086807751,3.8781163434903045,1.8061106187883584,361,0.18386151454211283,TRENDING_UP,1.0460384628241115,13.0
2007-12-24,67.12328767123287,6.68513513549479,5.205479452054795,1.085125693904255,365,0.19214650897371174,TRENDING_UP,1.056336837949365,14.0
2007-12-26,69.5054945054945,5.94257308234168,5.769230769230769,0.7205099557100589,364,0.18230201705384072,TRENDING_UP,1.0235608190430536,15.0
2007-12-27,65.57788944723619,6.1199557501309485,5.527638190954774,-0.013622623800003992,398,0.1837967085541085,TRENDING_UP,1.050393715712343,16.0
2007-12-31,40.476190476190474,7.119484698982416,1.1904761904761905,-6.011757015778401,336,0.4565132702677641,RANGING,1.2845423680166632,0.0
2008-01-01,37.391304347826086,8.292046225823544,0.8695652173913043,-1.0765600454908324,345,0.43357601488433006,RANGING,1.4874440508603923,1.0
2008-01-02,28.197674418604652,5.4973418074551,1.744186046511628,-1.6350707222799334,344,0.4396483254321253,VOLATILE,1.628486570441341,0.0
2008-01-03,55.00000000000001,6.527529956033403,2.631578947368421,6.2220978937184315,380,0.5012077676588363,VOLATILE,1.7454570525891617,1.0
2008-01-04,57.14285714285714,9.813377109375107,3.7900874635568513,2.1159929471470393,343,0.5285785174921296,TRENDING_UP,1.7476296670313327,0.0
2008-01-07,49.112426035502956,5.420594846107187,2.9585798816568047,-1.002998660193784,338,0.5215906064132559,VOLATILE,1.7568669593048414,0.0
2008-01-08,56.06936416184971,4.799914902119117,3.7572254335260116,0.5105316844827745,346,0.5210558282282809,TRENDING_UP,1.7596700651363657,0.0
2008-01-09,52.63157894736842,7.107035846706925,4.385964912280701,0.04876263485435445,342,0.5248936204856515,VOLATILE,1.7390417497872628,0.0
2008-01-10,43.768115942028984,6.217376232882804,3.768115942028986,-1.5450906078151452,345,0.5253537065341432,VOLATILE,1.794011051669609,1.0
2008-01-11,40.816326530612244,5.941412892039818,3.498542274052478,-0.5915901983037315,343,0.5233713417633312,VOLATILE,1.9144752727983532,2.0
2008-01-14,45.50561797752809,6.497460944505101,3.089887640449438,1.322904058177129,356,0.5065425708410314,VOLATILE,1.907724886555743,3.0
2008-01-15,42.608695652173914,6.134459088477564,4.3478260869565215,0.23175081488389954,345,0.5327210186900881,VOLATILE,1.8895759384202497,4.0
2008-01-16,37.2093023255814,5.542831744089506,3.77906976744186,-1.1812321434864541,344,0.5282387756971827,VOLATILE,1.9566220614775969,5.0
2008-01-17,33.13953488372093,3.8778803601133878,1.744186046511628,-1.759013164256131,344,0.5454492558685926,VOLATILE,2.035137384416017,6.0
2008-01-18,44.08284023668639,6.470667983980619,2.6627218934911245,1.9885560024353044,338,0.535621630193814,VOLATILE,2.0706488287179243,7.0
2008-01-21,40.119760479041915,4.171522231744195,3.293413173652695,0.10602573498821324,334,0.5431603494828929,VOLATILE,2.1240177932577082,8.0
2008-01-22,38.21656050955414,3.580417438805908,1.5923566878980893,-0.35282215119493654,314,0.5570184147009429,VOLATILE,2.164310356982188,9.0
2008-01-23,34.57943925233645,4.018505152459924,2.1806853582554515,-0.3555917112652083,321,0.5545711244303966,VOLATILE,2.1514713466207005,10.0
2008-01-24,36.417910447761194,4.714738033399014,0.8955223880597015,-0.20144958606849478,335,0.5303793740683537,VOLATILE,2.174429775583927,11.0
2008-01-25,38.34355828220859,5.363844888785622,1.5337423312883436,0.8160757168206044,326,0.550565702708217,VOLATILE,2.138779592908959,12.0
2008-01-28,38.39541547277937,4.996991378914308,0.8595988538681949,0.08467401765738615,349,0.5014403355459103,VOLATILE,1.909822282802899,13.0
2008-01-29,41.09195402298851,5.6212306251884065,1.7241379310344827,0.935132839892877,348,0.5091124191699435,VOLATILE,1.726168891426939,14.0
2008-01-30,39.825581395348834,5.025010346906605,2.3255813953488373,-0.2666298490500226,344,0.48880182065477634,VOLATILE,1.6062882993772023,15.0
2008-01-31,41.66666666666667,4.859208975713665,2.586206896551724,0.7099989814717845,348,0.39020855758813794,RANGING,1.4048609510872854,0.0
2008-02-01,41.76470588235294,5.928335626789447,2.0588235294117645,0.37184855997551436,340,0.37676826132283026,RANGING,1.3509371773119572,1.0
2008-02-04,41.05571847507331,7.250802060462534,2.6392961876832843,0.5966212987128269,341,0.36274439485369314,RANGING,1.3097703811067547,2.0
2008-02-06,42.69005847953216,6.065583468893281,1.461988304093567,0.42244606785703004,342,0.34002178595173527,RANGING,1.2586191645420437,3.0
2008-02-07,37.32193732193732,5.174950684523672,2.849002849002849,0.04043412997079403,351,0.3328957005646706,RANGING,1.2650872773400506,4.0
2008-02-08,39.14373088685015,5.075676995226261,1.834862385321101,0.8064458502896645,327,0.33503588454721783,RANGING,1.2038924318767015,5.0
2008-02-11,35.01483679525222,4.845612253642673,1.7804154302670623,-1.1215189166433646,337,0.32575052501404406,RANGING,1.1169135525057323,6.0
2008-02-12,39.714285714285715,4.0187855872834115,1.4285714285714286,0.8269095396693883,350,0.31579361040434817,RANGING,1.0990990224098753,7.0
2008-02-13,42.0,4.583136981814058,2.0,0.3718664913944979,350,0.32348612040662655,TRENDING_UP,1.0908345134454855,0.0
2008-02-14,46.1756373937677,3.201277162793183,1.69971671388102,0.24452017485129068,353,0.3034599887428219,TRENDING_UP,1.053993331961078,1.0
2008-02-15,43.93063583815029,4.9775593417015545,1.1560693641618496,0.14524548267462078,346,0.2637263303599784,TRENDING_UP,1.0187935771891004,2.0
2008-02-19,52.49266862170088,5.12634863016456,4.398826979472141,2.2581072536417737,341,0.27821264658310246,TRENDING_UP,1.046162174143992,3.0
2008-02-20,50.28409090909091,4.223127969808566,2.840909090909091,-0.3403348254288442,352,0.27470992518912757,TRENDING_UP,1.016374030822181,4.0
2008-02-21,52.139037433155075,8.573442516974442,2.6737967914438503,0.6723752927287472,374,0.26112491171948615,TRENDING_UP,0.9798109400432945,5.0
2008-02-22,53.954802259887,5.391646281462355,2.824858757062147,0.34822888250190914,354,0.2594864862960963,TRENDING_UP,0.9739323901617148,6.0
2008-02-25,48.76712328767123,4.166646173606092,3.8356164383561646,-0.9210793161541991,365,0.26148252790148135,TRENDING_UP,0.9952105831461232,7.0
2008-02-26,50.72886297376093,3.754096447965444,3.498542274052478,0.12057922823505135,343,0.2623313597199126,TRENDING_UP,0.9733251329027668,8.0
2008-02-27,50.82872928176796,4.221404808099824,3.0386740331491713,0.2348652491229915,362,0.2545058959904384,TRENDING_UP,1.0111227328926238,9.0
2008-02-28,46.900269541778975,5.165249363497854,4.8517520215633425,-0.38853946813583606,371,0.2401514850199086,TRENDING_UP,1.0004649099129272,10.0
2008-02-29,52.02312138728323,7.119411596060816,4.913294797687861,0.5543457577365529,346,0.23190822264093344,TRENDING_UP,1.0529318414656192,11.0
2008-03-03,48.285714285714285,5.8019152312403275,3.7142857142857144,-0.5118038787490536,350,0.23577285261904074,TRENDING_UP,1.1085463907297508,12.0
2008-03-04,44.6866485013624,4.137639723415969,3.5422343324250685,-0.03573351645841357,367,0.23009308339572865,TRENDING_UP,1.1664395636908491,13.0
2008-03-05,50.136986301369866,4.839845775102784,4.10958904109589,0.6708392136790455,365,0.23810058365003017,TRENDING_UP,1.2014016748429923,14.0
2008-03-06,48.837209302325576,7.118882156550221,4.651162790697675,1.0061114092452335,387,0.2309844037979629,TRENDING_UP,1.2394731159576768,15.0
2008-03-07,52.70655270655271,4.802205017222291,3.9886039886039883,-0.10065541406520567,351,0.24481184656856966,TRENDING_UP,1.250048060414261,16.0
2008-03-10,47.008547008547005,7.215194411499981,3.7037037037037033,-0.2918559972511823,351,0.23474372124196335,TRENDING_UP,1.3263791191179652,17.0
2008-03-11,46.647230320699705,6.048692313613442,3.206997084548105,-0.16335089016888313,343,0.22080154451724224,TRENDING_UP,1.316591250674194,18.0
2008-03-12,48.09782608695652,5.3148760570651365,2.989130434782609,0.45643994277714556,368,0.20392244182195599,TRENDING_UP,1.2969979079084228,19.0
2008-03-13,48.324022346368714,4.863841392270981,2.793296089385475,0.03885708227607663,358,0.2102713697902421,TRENDING_UP,1.3626440471989245,20.0
2008-03-14,50.75987841945289,6.6236252724224345,3.951367781155015,0.6375817961557833,329,0.2169758577409313,TRENDING_UP,1.3510184278742567,21.0
2008-03-17,41.515151515151516,5.650277290095011,3.0303030303030303,-0.9031961245140376,330,0.21961339786692222,TRENDING_UP,1.3545475092066959,22.0
2008-03-18,34.61538461538461,5.0707362959490965,1.7751479289940828,-2.304567331545762,338,0.24380671356984313,RANGING,1.4049260722477923,0.0
2008-03-19,39.1044776119403,4.60692228494579,0.8955223880597015,0.6856256217225429,335,0.23806112858756714,TRENDING_UP,1.4161858595254608,0.0
2008-03-20,42.1875,6.963733887230266,2.8125,0.4880251842235249,320,0.22425756796086524,TRENDING_UP,1.4193467063539957,1.0
2008-03-24,41.14285714285714,6.26411971889741,2.571428571428571,-0.04481476795438725,350,0.21930738120548343,TRENDING_UP,1.435535798735112,2.0
2008-03-25,39.03903903903904,5.291783386691086,2.1021021021021022,-0.3187210690752297,333,0.2240055643622581,TRENDING_UP,1.4390164229280888,3.0
2008-03-26,41.52046783625731,4.815668377300238,2.3391812865497075,0.5344832821003672,342,0.20382738242058143,TRENDING_UP,1.4377163813601797,4.0
2008-03-27,39.714285714285715,4.524348223088753,2.571428571428571,-0.14792428860601595,350,0.20483305023001552,TRENDING_UP,1.4129665528170077,5.0
2008-03-28,43.125,5.2988720741115385,3.125,0.7521226254193507,320,0.22319026418860077,TRENDING_UP,1.4063099693349963,6.0
2008-03-31,39.1566265060241,4.658611266817307,1.5060240963855422,-0.2672946879107358,332,0.22608016215146104,TRENDING_UP,1.443221915083941,7.0
2008-04-01,40.285714285714285,4.704391647622492,2.857142857142857,0.22206311932898326,350,0.2158060061717146,TRENDING_UP,1.4185140428642986,8.0
2008-04-02,44.662921348314605,4.833775137158992,3.3707865168539324,1.0144767404883417,356,0.21965505322121698,TRENDING_UP,1.364920292364592,9.0
2008-04-03,44.134078212290504,4.424489749139287,4.4692737430167595,0.44222516359585634,358,0.22514996222625644,TRENDING_UP,1.319115534899238,10.0
2008-04-04,47.368421052631575,6.700246570087784,4.093567251461988,1.4663546898348963,342,0.24031676362717244,TRENDING_UP,1.2929368005713366,11.0
2008-04-07,46.875,5.1273778590384955,4.261363636363636,0.4317445204977694,352,0.2281984919458046,TRENDING_UP,1.2833635213002923,12.0
2008-04-08,48.24561403508772,4.3149945708284205,3.8011695906432745,0.40726727441559596,342,0.22717798899108663,TRENDING_UP,1.2360742842703938,13.0
2008-04-09,45.88235294117647,6.166555813760912,4.117647058823529,-0.7201727087855804,340,0.23563408996614246,TRENDING_UP,1.2719477907605519,14.0
2008-04-10,40.963855421686745,4.812618364267275,3.313253012048193,-0.6181908029083272,332,0.24223731753407599,TRENDING_UP,1.2903269014147067,15.0
2008-04-11,43.88059701492537,5.932902625650272,3.2835820895522385,1.451901920439218,335,0.24582838481012823,TRENDING_UP,1.265001565042585,16.0
2008-04-14,45.61933534743202,4.151246710711589,4.229607250755287,-0.150065098431311,331,0.2477536555167054,TRENDING_UP,1.2571350655273,17.0
2008-04-15,45.821325648414984,7.76153359994677,3.45821325648415,0.8761447088572926,347,0.2506049395956959,TRENDING_UP,1.2450791423854999,18.0
2008-04-16,43.370165745856355,6.625659200949695,4.41988950276243,0.244893356826112,362,0.19274561296543236,TRENDING_UP,1.130482904181693,19.0
2008-04-17,50.4,6.189342634307785,5.6000000000000005,1.6961240790919974,375,0.19462694663362493,TRENDING_UP,1.0804619038169787,20.0
2008-04-18,50.797872340425535,9.718639506467635,4.787234042553192,1.9616025370650267,376,0.20468440524961345,TRENDING_UP,1.0412666476996537,21.0
2008-04-21,55.80110497237569,4.146549273763213,4.972375690607735,0.3914974286837008,362,0.2025531817580874,TRENDING_UP,0.9992021611276795,22.0
2008-04-22,52.86103542234333,5.64466808655706,4.632152588555858,-0.08906490469181765,367,0.19451773913146198,TRENDING_UP,1.005611984930053,23.0
2008-04-23,47.091412742382275,5.847800165066212,4.7091412742382275,-1.1712597582578053,361,0.20919352892233353,TRENDING_UP,1.0701907028637094,24.0
2008-04-24,44.5945945945946,5.222828209239724,2.9729729729729732,-0.6055222031988857,370,0.22268363812150418,RANGING,1.1163940960084673,0.0
2008-04-25,45.530726256983236,6.2184896027282175,2.2346368715083798,0.5686033825799787,358,0.2104399015417997,TRENDING_UP,1.1501003580235227,0.0
2008-04-28,45.81005586592179,5.515500850338297,2.2346368715083798,0.4304517857634762,358,0.21884167154425643,TRENDING_UP,1.0994417031349115,1.0
2008-04-29,43.45403899721448,4.701141151627212,2.785515320334262,-0.729908081841522,359,0.2322244740724342,RANGING,1.1408472772616574,0.0
2008-04-30,41.07648725212464,6.126087039925763,2.8328611898017,-0.570224295551825,353,0.23164722396511817,RANGING,1.1933169647550952,1.0
2008-05-02,42.07492795389049,6.005910805793251,2.881844380403458,-0.42570705330973946,347,0.2326600843591404,RANGING,1.2681305250715056,2.0
2008-05-05,31.728045325779036,5.422532250623862,2.5495750708215295,-2.9746869143270227,353,0.3060630006670934,RANGING,1.3985768544271049,3.0
2008-05-06,25.217391304347824,5.81350358921705,2.608695652173913,-1.837905967794198,345,0.31516453361593144,VOLATILE,1.5157778141751865,0.0
2008-05-07,28.994082840236686,5.618706493421808,2.0710059171597637,0.502535433362053,338,0.30495854267715705,VOLATILE,1.5677236499579046,1.0
2008-05-08,28.57142857142857,12.36859518048621,2.484472049689441,0.6058081993445467,322,0.30794853119608556,VOLATILE,1.6154962428380402,2.0
2008-05-09,28.213166144200624,8.621799888008644,1.8808777429467085,-0.5610254643600633,319,0.2979387215101635,VOLATILE,1.6859622157236063,3.0
2008-05-12,27.86377708978328,9.37009926593732,3.4055727554179565,0.43336049012336336,323,0.2918925071122049,VOLATILE,1.7136745526055517,4.0
2008-05-13,33.63636363636363,7.462907738204925,2.727272727272727,2.8204285656753156,330,0.3437723342457312,VOLATILE,1.7372322503008422,5.0
2008-05-14,31.549295774647888,9.836054566493894,2.535211267605634,1.0006531109465948,355,0.32458737280495736,VOLATILE,1.74001811772961,6.0
2008-05-15,35.47486033519553,7.654367981017171,2.2346368715083798,1.2913629129574589,358,0.31600766333743907,VOLATILE,1.7463105677053725,7.0
2008-05-16,31.964809384164223,7.887031408097084,2.346041055718475,-0.3970626252493419,341,0.3178215475571305,VOLATILE,1.83779963169813,8.0
2008-05-19,25.43352601156069,6.71412405683609,2.312138728323699,-2.66603999984621,346,0.3347123776689063,VOLATILE,1.9806824532343397,9.0
2008-05-20,26.646706586826348,6.730518490319731,1.4970059880239521,-0.2728073389546431,334,0.3345635856116657,VOLATILE,2.064590537951193,10.0
2008-05-21,29.878048780487802,5.084539115298767,0.9146341463414633,0.5778195375878387,328,0.33892203680277116,VOLATILE,2.075764482281643,11.0
2008-05-22,25.142857142857146,5.6072589672301865,1.1428571428571428,-2.6386397171472513,350,0.3641025534632491,VOLATILE,2.1754714904234236,12.0
2008-05-23,16.176470588235293,6.723515491958313,1.1764705882352942,-5.302072542323981,340,0.4455835295373126,VOLATILE,2.4375064364950414,13.0
2008-05-26,14.634146341463413,7.6809683701426,0.6097560975609756,-2.3969008048623057,328,0.46044133805034815,VOLATILE,2.664166556745528,14.0
2008-05-27,14.939024390243901,6.302612827048911,0.6097560975609756,1.1941518171211642,328,0.44885431876402954,VOLATILE,2.738142681666633,15.0
2008-05-28,12.394366197183098,7.247400456338046,0.5633802816901409,-4.033082566987119,355,0.4611108561775847,VOLATILE,3.0390910470682115,16.0
2008-05-29,10.94224924012158,7.218038123727967,0.303951367781155,-2.0426903385445567,329,0.480189028583547,VOLATILE,3.187890527623507,17.0
2008-05-30,12.420382165605096,8.397094707403346,0.6369426751592357,1.8445541756806951,314,0.4848432397701274,VOLATILE,3.3011678816471837,18.0
2008-06-02,15.950920245398773,10.561485465872678,0.9202453987730062,2.623037769825601,326,0.47413869455357704,VOLATILE,3.149781780282055,19.0
2008-06-03,17.559523809523807,8.048932567669882,1.7857142857142856,2.5575212452829015,336,0.4745635418309656,VOLATILE,3.0398766934813715,20.0
2008-06-04,32.91139240506329,9.865384622748325,2.0253164556962027,6.957889120390395,395,0.5014468603142346,VOLATILE,3.021001566140798,21.0
2008-06-05,23.054755043227665,6.330088968174286,1.729106628242075,-1.171083520893961,347,0.5176650882857188,VOLATILE,3.001549717749131,22.0
2008-06-06,22.29299363057325,4.785993724999307,0.0,-0.28770432549706204,314,0.5451609239765093,VOLATILE,2.963422451913119,23.0
2008-06-09,18.29652996845426,5.103394970676836,0.9463722397476341,-1.7841318316305128,317,0.5452453915097462,TRENDING_DOWN,3.039018517643393,0.0
2008-06-10,15.100671140939598,6.730855249320037,1.6778523489932886,-0.5851690016654805,298,0.5535298650994972,TRENDING_DOWN,3.0280656062568516,1.0
2008-06-11,17.445482866043612,5.958773404884938,0.9345794392523363,0.6711884968706029,321,0.5326841304090242,TRENDING_DOWN,3.040269260731477,2.0
2008-06-12,19.571865443425075,7.672557274339611,1.2232415902140672,-0.45514585151281517,327,0.5280397137667764,TRENDING_DOWN,3.0657725839191006,3.0
2008-06-13,17.434210526315788,5.33647953490852,0.3289473684210526,-0.1619887084675237,304,0.5409226788391233,TRENDING_DOWN,3.026285084642036,4.0
2008-06-16,15.359477124183007,4.306019551086004,0.0,-3.042461437344876,306,0.5499970484371339,TRENDING_DOWN,3.211530255630566,5.0
2008-06-17,14.776632302405499,3.9545799863890085,0.6872852233676976,0.1659826287332209,291,0.5645225137150585,TRENDING_DOWN,3.253813052794638,6.0
2008-06-18,13.60544217687075,4.20147337379023,1.3605442176870748,-1.3384897873838972,294,0.5506873403328232,TRENDING_DOWN,3.3257578661568683,7.0
2008-06-19,11.349693251533742,7.385724349695828,1.5337423312883436,-4.484059521342058,326,0.5459415201609173,TRENDING_DOWN,3.477754518383111,8.0
2008-06-20,10.248447204968944,7.483689978973553,0.9316770186335404,-2.0226788332996826,322,0.517627891367581,TRENDING_DOWN,3.5003749373674418,9.0
2008-06-23,8.408408408408409,7.562456026889552,1.2012012012012012,-5.4350717697793804,333,0.5353364014447023,TRENDING_DOWN,3.640457007911544,10.0
2008-06-24,15.133531157270031,3.9098795847089844,2.0771513353115725,6.876932634865328,337,0.5903902089606533,TRENDING_DOWN,3.551746438697086,11.0
2008-06-25,17.080745341614907,3.9373991639526222,0.9316770186335404,2.6993703815945196,322,0.5913252501047622,VOLATILE,3.335316392457457,0.0
2008-06-26,17.61006289308176,3.4190287345631423,1.8867924528301887,0.9086943089627817,318,0.5748139577042013,VOLATILE,3.1700968834122496,1.0
2008-06-27,18.085106382978726,3.6333228320376496,2.8368794326241136,0.7791029505856157,282,0.5920241678236767,VOLATILE,3.0411618375496534,2.0
2008-06-30,16.738197424892704,4.492197711593536,2.575107296137339,0.711746285918931,233,0.6291891408864931,VOLATILE,3.0105590107600033,3.0
2008-07-01,15.555555555555555,2.7319931658016037,1.7777777777777777,0.314261055667297,225,0.651813104993191,TRENDING_DOWN,2.967148957618237,0.0
2008-07-02,14.678899082568808,2.9316098873871717,2.293577981651376,-0.19264552136446553,218,0.6072404961754665,TRENDING_DOWN,2.778688119016008,1.0
2008-07-03,15.270935960591133,2.7795203510933373,2.4630541871921183,0.015378237645011054,203,0.6220284949753732,TRENDING_DOWN,2.722249964894673,2.0
2008-07-04,13.131313131313133,3.0523408908184178,1.0101010101010102,0.14590323228459448,198,0.6253565185324658,TRENDING_DOWN,2.624142468520256,3.0
2008-07-07,12.5,2.5824383554714423,1.1904761904761905,-0.26574726645068625,168,0.6841728974872897,TRENDING_DOWN,2.528404546747958,4.0
2008-07-08,18.23204419889503,3.2323641249671713,1.6574585635359116,0.3686719364496436,181,0.6578460136667187,TRENDING_DOWN,2.482485753273446,5.0
2008-07-09,15.126050420168067,3.6636724428577376,0.42016806722689076,0.7679377006917497,238,0.6211221566819414,TRENDING_DOWN,2.4214404817712425,6.0
2008-07-10,9.0,2.051077837200771,0.0,-0.17828679556338434,100,0.7369967080059713,TRENDING_DOWN,2.359435443227634,7.0
2008-07-11,15.151515151515152,3.8623224689926516,1.5151515151515151,0.08751289125274284,198,0.680192938640338,TRENDING_DOWN,2.3334490441884355,8.0
2008-07-14,11.284046692607005,12.75422772054473,0.38910505836575876,-6.325659173319934,257,0.6495289403562775,TRENDING_DOWN,2.4322354842086327,9.0
2008-07-15,11.068702290076336,9.165514704198188,1.1450381679389312,-1.788526936736484,262,0.63799221290625,TRENDING_DOWN,2.392108665522491,10.0
2008-07-16,8.088235294117647,11.767578387754964,0.7352941176470588,-5.652094951671606,272,0.6434814665464335,TRENDING_DOWN,2.5964984349801936,11.0
2008-07-17,8.239700374531834,10.574552980865,0.7490636704119851,-5.3759368344054925,267,0.6346346885120744,TRENDING_DOWN,2.6147517066617567,12.0
2008-07-18,5.204460966542751,11.32582138765714,1.1152416356877324,1.9069171557397868,269,0.6234915391545444,TRENDING_DOWN,2.539761479973189,13.0
2008-07-21,6.870229007633588,7.707277618613124,0.0,-0.43672854228267693,262,0.605362620844375,TRENDING_DOWN,2.3910625295200627,14.0
2008-07-22,9.539473684210527,8.817065759270921,0.6578947368421052,3.9370973630570294,304,0.564921784212086,TRENDING_DOWN,2.0496281343853067,15.0
2008-07-23,11.57556270096463,6.648123195702938,1.607717041800643,2.575507643216285,311,0.5525324048182022,TRENDING_DOWN,1.9973408358669504,16.0
2008-07-24,10.891089108910892,11.760752870565087,1.3201320132013201,0.9382236782301175,303,0.538623743148406,TRENDING_DOWN,1.9731228286551188,17.0
2008-07-25,9.608540925266903,6.2249817861260235,0.7117437722419928,-1.7047277053922145,281,0.5332324226464994,TRENDING_DOWN,2.1109219673010835,18.0
2008-07-28,8.550185873605948,8.439141461516702,0.7434944237918215,-4.249185985060723,269,0.5651351648196682,TRENDING_DOWN,2.3865551699722736,19.0
2008-07-29,8.679245283018867,8.015526625903853,0.7547169811320755,-1.657609097293033,265,0.5477700146380599,TRENDING_DOWN,2.52428411045358,20.0
2008-07-30,9.77198697068404,11.788172499328695,0.9771986970684038,3.5965602933805902,307,0.5305162664092877,TRENDING_DOWN,2.572841476381688,21.0
2008-07-31,8.813559322033898,8.26398943868623,0.6779661016949152,-2.7955144556550797,295,0.5422284019440836,TRENDING_DOWN,2.785791764223446,22.0
2008-08-01,7.194244604316546,6.566504034315147,0.3597122302158274,-4.0716570084022266,278,0.5601160693816741,TRENDING_DOWN,3.0852027107406155,23.0
2008-08-04,6.4981949458483745,7.883093930366743,0.36101083032490977,-3.5927066360032347,277,0.561255061908156,TRENDING_DOWN,3.4185308702368156,24.0
2008-08-05,4.059040590405904,8.684810060270173,0.36900369003690037,0.2031830798030091,271,0.5480932932801403,TRENDING_DOWN,3.5557686505411503,25.0
2008-08-06,7.7490774907749085,10.905044747986645,0.7380073800738007,-3.5478690714559376,271,0.5373595344760893,TRENDING_DOWN,3.8420695911278413,26.0
2008-08-07,5.594405594405594,7.673180275124278,0.6993006993006993,-1.2677268138170361,286,0.5349997609885128,TRENDING_DOWN,3.9783760452196213,27.0
2008-08-08,6.227106227106227,9.447730620783892,0.7326007326007326,2.651879168402028,273,0.5407680203866049,TRENDING_DOWN,4.0449671777949305,28.0
2008-08-11,7.746478873239436,7.2361284746164065,0.0,2.1580489624877646,284,0.5308776086011614,TRENDING_DOWN,3.8445230272536164,29.0
2008-08-12,6.884057971014493,6.229346298258634,0.36231884057971014,-1.676871611711446,276,0.5405412909292969,TRENDING_DOWN,3.988616541443937,30.0
2008-08-13,5.283018867924529,5.6827076747495395,0.37735849056603776,-1.4936429408543612,265,0.5330649713220869,TRENDING_DOWN,3.9031442031436963,31.0
2008-08-15,8.363636363636363,6.720005256417032,0.36363636363636365,2.8802690775538338,275,0.5158289797215984,VOLATILE,3.744934791996263,0.0
2008-08-18,13.167259786476867,9.035012855215356,0.3558718861209964,5.210749808882851,281,0.5456069996700715,VOLATILE,3.605104471986878,1.0
2008-08-19,16.025641025641026,8.572739249569137,0.3205128205128205,-0.027206670402546963,312,0.5309397835427314,VOLATILE,3.549824801768649,2.0
2008-08-20,11.627906976744185,9.700631989342714,0.33222591362126247,-3.7388200003967804,301,0.5276399997116626,VOLATILE,3.6949968601528194,3.0
2008-08-21,9.342560553633218,7.627109607665313,0.34602076124567477,-1.2476275610588716,289,0.539959307655788,TRENDING_DOWN,3.788281529326945,0.0
2008-08-22,8.12720848056537,8.06278474899108,0.7067137809187279,-1.1663618967346059,283,0.5239935273362708,TRENDING_DOWN,3.946562922448993,1.0
2008-08-25,7.352941176470589,6.87388782612385,0.3676470588235294,-2.4370782700860874,272,0.5409840721249801,TRENDING_DOWN,3.998513296772048,2.0
2008-08-26,4.693140794223827,7.088422416677511,0.36101083032490977,-5.507429125187101,277,0.5500899536700985,TRENDING_DOWN,4.171488893766784,3.0
2008-08-27,5.39568345323741,8.295171791094383,0.0,-3.3468584303513427,278,0.5420762934838059,TRENDING_DOWN,4.359497557663096,4.0
2008-08-28,5.747126436781609,6.146595094861932,0.38314176245210724,2.37328842577723,261,0.5515030937239366,TRENDING_DOWN,4.165315772432629,5.0
2008-08-29,4.245283018867925,5.9923159067168905,0.0,-0.10498434293796252,212,0.5845591172974697,TRENDING_DOWN,3.9568116017575505,6.0
2008-09-01,6.310679611650485,3.7111464909658487,0.0,0.9895521836961478,206,0.5776622788030326,TRENDING_DOWN,3.719863411562242,7.0
2008-09-02,7.1065989847715745,6.66695768713235,0.5076142131979695,0.6221067437272615,197,0.5663530850309004,TRENDING_DOWN,3.427950129530169,8.0
2008-09-03,7.8431372549019605,7.805367628280986,0.0,1.0240244642726963,204,0.5978476266343391,TRENDING_DOWN,3.1691876417202876,9.0
2008-09-04,8.056872037914692,5.946424987715494,0.47393364928909953,0.36385920757446344,211,0.5630174288157287,TRENDING_DOWN,2.9634191482867682,10.0
2008-09-05,7.5892857142857135,4.399275251071645,0.0,1.9112559726987222,224,0.5647174957295781,TRENDING_DOWN,2.8063762351226,11.0
2008-09-08,4.910714285714286,3.74549699649071,0.4464285714285714,-0.9068873771148224,224,0.5755520955786638,TRENDING_DOWN,2.7289826090791656,12.0
2008-09-09,5.851063829787234,3.1190240307604125,0.5319148936170213,-0.7122885128714123,188,0.5712626439913077,TRENDING_DOWN,2.572788540910082,13.0
2008-09-10,8.152173913043478,3.132948070189595,0.0,0.49495696614814305,184,0.5726577013276454,TRENDING_DOWN,2.373176193256962,14.0
2008-09-11,4.945054945054945,8.267169592766683,0.5494505494505495,-0.08753105255322574,182,0.5781737690867905,TRENDING_DOWN,2.279878100781681,15.0
2008-09-12,6.666666666666667,4.3350608409828295,0.0,-0.3186761053671554,165,0.5861253698720283,TRENDING_DOWN,2.0788433442260166,16.0
2008-09-15,5.7324840764331215,6.484258061367076,0.6369426751592357,0.07680693226460669,157,0.5638289254850719,TRENDING_DOWN,1.8445643497765143,17.0
2008-09-16,7.352941176470589,4.4533222299276725,0.0,-1.0350453360364886,136,0.5467021601832042,TRENDING_DOWN,1.6725807343418158,18.0
2008-09-17,9.6,6.284509116374334,1.6,0.30099145156865037,125,0.5351341527432434,TRENDING_DOWN,1.4362054766428358,19.0
2008-09-18,12.244897959183673,4.306931854268213,0.0,-1.12965340216938,98,0.5185629579430308,TRENDING_DOWN,1.2652312299846467,20.0
2008-09-19,9.70873786407767,2.634629550007678,0.0,0.18827169837598975,103,0.5136812191591725,TRENDING_DOWN,1.0895267699932616,21.0
2008-09-22,5.9405940594059405,3.7296108520447953,0.0,-0.7867452498143992,101,0.5091589805236719,TRENDING_DOWN,0.9139781440009055,22.0
2008-09-23,7.627118644067797,5.803006735442441,0.847457627118644,0.6466854300001896,118,0.49867194995908504,TRENDING_DOWN,0.6441701786290807,23.0
2008-09-24,10.588235294117647,4.436080169968176,0.0,-0.1951532639790221,85,0.4662099557357926,RANGING,0.4157060087588069,0.0
2008-09-25,14.814814814814813,5.402224583107596,0.0,0.8673991213728428,81,0.4563914787688681,TRENDING_DOWN,0.3653577086611175,0.0
2008-09-29,7.6190476190476195,6.087113552024495,0.9523809523809524,0.18565137933416667,105,0.4884476799824993,TRENDING_DOWN,0.3547284052794353,1.0
2008-09-30,16.43835616438356,11.124964401485936,0.0,1.2501627373062112,73,0.37161112928657203,TRENDING_DOWN,0.34294223763791176,2.0
2008-10-06,9.375,6.43608512980461,0.0,-0.46693850583256985,96,0.43826890839545746,TRENDING_DOWN,0.3328096725449574,3.0
2008-10-07,9.230769230769232,12.425962815138655,0.0,-2.284239802543108,65,0.3249248412660059,TRENDING_DOWN,0.3261946875667093,4.0
2008-10-08,11.594202898550725,4.754328671786855,0.0,0.07064110955222146,69,0.38683666758514546,TRENDING_DOWN,0.31414476730440755,5.0
2008-10-09,12.698412698412698,7.430027024210874,0.0,1.3877809081096872,63,0.34040055112906625,TRENDING_DOWN,0.255735812271614,6.0
2008-10-10,10.0,4.930199056569515,1.4285714285714286,-0.9333464997599784,70,0.36757683668270136,TRENDING_DOWN,0.15639312301567668,7.0
2008-10-13,8.47457627118644,4.791277280911698,0.0,-0.25532844741612,59,0.33408139008214305,TRENDING_DOWN,0.1361898208234956,8.0
2008-10-14,9.836065573770492,9.636751217522766,0.0,-1.6090314951700362,61,0.34290945878021434,TRENDING_DOWN,0.11079849829708109,9.0
2008-10-15,12.307692307692308,3.8529604312606303,0.0,0.5818558750448735,65,0.31346948730328467,TRENDING_DOWN,0.07585276517163983,10.0
2008-10-16,10.638297872340425,6.241224798661663,0.0,-1.2167053225338587,47,0.338186528257722,TRENDING_DOWN,0.06298289243312287,11.0
2008-10-17,13.88888888888889,6.376653900406291,0.0,0.07028752349999137,36,0.274375690682171,TRENDING_DOWN,0.050477774971036,12.0
2008-10-20,19.444444444444446,5.1173683298224715,0.0,0.6945469509690809,36,0.2900281639175705,TRENDING_DOWN,0.04315849642069672,13.0
2008-10-21,16.27906976744186,9.752495807963854,0.0,0.2968218708059871,43,0.28644347063808556,TRENDING_DOWN,0.03938760626544263,14.0
2008-10-22,19.230769230769234,5.801393619002082,0.0,-2.0735278413846228,26,0.3392401455275029,TRENDING_DOWN,0.03335786945187833,15.0
2008-10-23,8.333333333333332,14.821366396666042,0.0,1.3828966851375126,36,0.3537975052147958,TRENDING_DOWN,0.03218489188577036,16.0
2008-10-24,15.384615384615385,5.7180205873920595,0.0,-0.7535439808424077,26,0.30132554194495365,TRENDING_DOWN,0.031705739375881836,17.0
2008-10-27,4.166666666666666,4.800274805604042,0.0,-2.544640809972113,24,0.3255062968272511,TRENDING_DOWN,0.025416862683601698,18.0
2008-10-28,14.285714285714285,3.102062359872207,0.0,-0.28207427941135776,21,0.3912375201075383,TRENDING_DOWN,0.020080846096213387,19.0
2008-10-29,10.81081081081081,4.291157692099023,0.0,-0.9916849294709088,37,0.2466954840459365,TRENDING_DOWN,0.01555612182670345,20.0
2008-10-30,23.076923076923077,8.884291904365547,0.0,-2.895506598490752,13,0.24983829552714673,RANGING,0.013857308382555762,0.0
2008-10-31,9.523809523809524,7.832324533269296,0.0,0.48944325839256486,21,0.2815974422354692,RANGING,0.011439766173576284,1.0
2008-11-03,5.405405405405405,5.6125622461847975,0.0,0.8779149843021545,37,0.33775991890916107,RANGING,0.012043810722695407,2.0
2008-11-04,14.814814814814813,6.113071932478076,0.0,1.5248262817896756,27,0.2849484014935369,RANGING,0.010546501523445476,3.0
2008-11-05,16.129032258064516,5.8643215750772155,3.225806451612903,0.3024411711105458,31,0.274252777503047,RANGING,0.007829565921897543,4.0
2008-11-06,22.727272727272727,3.718697958955303,4.545454545454546,-0.23658729155968727,22,0.31833966030239463,RANGING,0.006403038612066265,5.0
2008-11-07,21.052631578947366,3.690398787161734,0.0,-0.43155773310640405,19,0.33344620652011675,RANGING,0.006403038612066265,6.0
2008-11-10,23.809523809523807,8.917090866500917,0.0,2.1792408599821957,21,0.24942316534459136,TRENDING_DOWN,0.004829502762673018,0.0
2008-11-11,25.0,4.981057008852057,0.0,-0.5640240559454289,8,0.12296821560439501,TRENDING_DOWN,0.0048077237197743615,1.0
2008-11-12,21.428571428571427,9.497701046643618,0.0,-3.3906949392703334,14,0.12969796158030752,TRENDING_DOWN,0.0048077237197743615,2.0
2008-11-13,11.11111111111111,5.184102151579381,0.0,-1.8647827479295083,18,0.2607912809601499,TRENDING_DOWN,0.005324425174406214,3.0
2008-11-14,25.0,6.14131370858723,4.166666666666666,0.9018931828038692,24,0.17602725225577054,TRENDING_DOWN,0.005324425174406214,4.0
2008-11-17,21.428571428571427,4.170283475234123,0.0,-0.08394242496446847,14,0.19415248068211982,TRENDING_DOWN,0.00486711258273946,5.0
2008-11-18,28.57142857142857,1.9079270951851468,0.0,-0.3585635861324798,7,0.1194935950061748,TRENDING_DOWN,0.003696610115973761,6.0
2008-11-19,15.384615384615385,4.500799973321582,0.0,0.37727697173743646,13,0.30327064413773874,RANGING,0.0019762436997039653,0.0
2008-11-20,33.33333333333333,6.147997534834584,8.333333333333332,3.135100079251689,12,0.25319974855085187,RANGING,0.0015080427129972897,1.0
2008-11-21,30.0,4.179817248499852,0.0,1.0102126788502999,10,0.3054040083511064,RANGING,0.003145715187601351,2.0
2008-11-24,21.428571428571427,11.35896877616528,0.0,-6.1506617292550505,14,0.21389914538423818,RANGING,0.003145715187601351,3.0
2008-11-25,21.428571428571427,4.850180212845831,7.142857142857142,1.423016942385908,14,0.2691730505604777,RANGING,0.003145715187601351,4.0
2008-11-26,14.285714285714285,1.8481656845767123,0.0,-1.0598660421358848,7,0.20093886641666428,RANGING,0.003145715187601351,5.0
2008-11-27,22.22222222222222,2.936573599951227,0.0,0.6890248113871729,9,0.20336876245485264,RANGING,0.003145715187601351,6.0
2008-11-28,33.33333333333333,3.692113561978122,0.0,-2.032881189976807,6,0.2822888884875122,RANGING,0.003145715187601351,7.0
2008-12-01,36.36363636363637,27.91940616513313,0.0,11.212795403099634,11,0.26713404726448964,RANGING,0.0021551958724738743,8.0
2008-12-03,23.52941176470588,8.32201766848063,0.0,0.6034877481118185,17,0.330292854416804,RANGING,0.0021551958724738743,9.0
2008-12-04,30.0,6.873373330054005,0.0,-2.0596527419963877,10,0.3033711001138392,RANGING,0.0021551958724738743,10.0
2008-12-05,23.076923076923077,9.802254650269598,0.0,0.46239732582468207,13,0.2361358638717574,RANGING,0.0021551958724738743,11.0
2008-12-12,28.57142857142857,5.334605997320712,0.0,1.8554623041104292,7,0.234463374933961,RANGING,0.0021551958724738743,12.0
2008-12-15,4.807692307692308,22.288076056145528,0.9615384615384616,-21.660691795335204,104,0.6577892815906515,TRENDING_DOWN,0.21206519150287562,0.0
2008-12-16,0.7692307692307693,19.65575907819222,0.0,-10.697114465496282,130,0.6675004876070157,TRENDING_DOWN,0.44198119742936076,1.0
2008-12-17,1.4084507042253522,14.162843954729539,0.0,-11.325857242056449,142,0.6616468696620406,TRENDING_DOWN,0.6695531377573373,2.0
2008-12-18,1.875,20.301909060320323,0.0,-4.208109879810904,160,0.5957223675021126,TRENDING_DOWN,0.9022498927460357,3.0
2008-12-19,2.4539877300613497,21.95152557505351,0.0,0.09499850379337758,163,0.5354008254142494,TRENDING_DOWN,1.1149829261606354,4.0
2008-12-22,2.3391812865497075,12.062797424937349,0.0,-8.601780429293832,171,0.5555786474826728,TRENDING_DOWN,1.3665818722930232,5.0
2008-12-23,2.2598870056497176,22.357157053156218,0.0,-8.084967790225491,177,0.5715199812652546,TRENDING_DOWN,1.6362730443447941,6.0
2008-12-24,1.7241379310344827,21.269966332845414,0.0,-2.4365985251353766,174,0.5444368363222958,TRENDING_DOWN,1.8992955145356434,7.0
2008-12-26,5.612244897959184,27.0220039187193,0.5102040816326531,9.635748003541503,196,0.4583334723973834,TRENDING_DOWN,2.0831226724541883,8.0
2008-12-29,4.040404040404041,13.88031116936506,0.0,-0.5236864356883175,198,0.4506233916897929,TRENDING_DOWN,2.2977376097555546,9.0
2008-12-30,2.5,10.703013073887973,0.0,-7.856610306486894,200,0.48556131250609036,TRENDING_DOWN,2.6110166992967145,10.0
2008-12-31,3.1746031746031744,11.164521171329431,0.0,-0.9597329910618575,189,0.4665316580576193,TRENDING_DOWN,2.83470104910307,11.0
2009-01-01,2.1834061135371177,23.742693842037713,0.0,2.8220576277304974,229,0.42282820803894644,TRENDING_DOWN,3.0103872988503744,12.0
2009-01-02,4.583333333333333,42.26242873620704,0.4166666666666667,9.790881262106824,240,0.4141213284260824,TRENDING_DOWN,3.14370068886714,13.0
2009-01-05,7.518796992481203,23.26536540903577,0.0,9.38434546716075,266,0.42320021830589943,TRENDING_DOWN,3.2139948292468605,14.0
2009-01-06,9.187279151943462,10.984540638038093,0.0,0.8688182828001189,283,0.40861499888176017,TRENDING_DOWN,3.277856151654274,15.0
2009-01-09,5.769230769230769,16.82798296779797,0.0,-2.107902289126143,260,0.40002382484225973,TRENDING_DOWN,3.390721718282303,16.0
2009-01-12,4.580152671755725,11.39728654413674,0.0,-5.19971370619711,262,0.4112582535959662,TRENDING_DOWN,3.7176070605683407,17.0
2009-01-13,4.6875,12.398275873242275,1.171875,-0.6589775140588288,256,0.403919351654865,TRENDING_DOWN,3.8802278890064343,18.0
2009-01-14,5.447470817120623,12.345298591518095,0.7782101167315175,-2.1108273946964915,257,0.41195567180690273,TRENDING_DOWN,3.961926308344184,19.0
2009-01-15,3.75,7.643602302831034,0.0,-6.131643366705279,240,0.42237873022332395,TRENDING_DOWN,4.067504473417344,20.0
2009-01-16,2.904564315352697,11.610123709257499,0.8298755186721992,-6.02071025516433,241,0.42487755188598525,TRENDING_DOWN,4.171261246060816,21.0
2009-01-19,3.5999999999999996,13.435976462384135,0.0,-1.8676760016026868,250,0.4112962808398498,TRENDING_DOWN,4.267045400747999,22.0
2009-01-20,4.705882352941177,60.222712109905466,0.0,5.345345372795465,255,0.3934818821045265,TRENDING_DOWN,4.190885612785929,23.0
2009-01-21,4.477611940298507,11.804968571203862,1.1194029850746268,-3.113708160433105,268,0.404413974743669,TRENDING_DOWN,4.257302666417469,24.0
2009-01-22,3.829787234042553,9.469108514402963,0.0,-3.5352711538066273,235,0.4045996316041241,TRENDING_DOWN,4.242248606272817,25.0
2009-01-23,2.586206896551724,13.44310206418945,0.0,-1.7480812978143785,232,0.3897366213446613,TRENDING_DOWN,4.162398190504202,26.0
2009-01-26,3.8135593220338984,12.668130445919333,0.0,-3.2715116310101697,236,0.38615709525927905,TRENDING_DOWN,4.15381883729913,27.0
2009-01-27,4.705882352941177,27.633278254519084,0.39215686274509803,5.053785425762884,255,0.4100532706191791,TRENDING_DOWN,4.0598586238449075,28.0
2009-01-28,5.109489051094891,15.51407742961806,0.36496350364963503,4.5812822683145,274,0.4345477619376781,TRENDING_DOWN,3.9417949271682677,29.0
2009-01-29,4.225352112676056,19.368081057534418,0.7042253521126761,-3.1323207796740484,284,0.4085924714027378,TRENDING_DOWN,3.78007300481168,30.0
2009-01-30,6.7164179104477615,11.295066511480446,0.3731343283582089,3.2872465436811047,268,0.40846982614161087,TRENDING_DOWN,3.6760472494244447,31.0
2009-02-02,6.488549618320611,14.045659164914417,0.7633587786259541,0.8263171221521793,262,0.42633298182331913,TRENDING_DOWN,3.6852145220708863,32.0
2009-02-03,6.844106463878327,13.653855961934816,0.7604562737642585,-1.3299645552522932,263,0.4300064837802769,TRENDING_DOWN,3.616456850397503,33.0
2009-02-04,7.017543859649122,20.891724792830285,0.7017543859649122,1.6265907991047492,285,0.40524613644474083,TRENDING_DOWN,3.515245968288387,34.0
2009-02-06,7.806691449814126,14.199595315773264,0.37174721189591076,1.6060546132840818,269,0.4140849353938613,VOLATILE,3.4437975217242176,0.0
2009-02-09,10.294117647058822,15.26730399692349,0.7352941176470588,-1.2478768369658546,272,0.42819408032187073,TRENDING_DOWN,3.464541004901786,0.0
2009-02-10,7.958477508650519,15.234159918498122,0.34602076124567477,-3.467760278203415,289,0.40758544997353263,TRENDING_DOWN,3.3988584353525795,1.0
2009-02-11,7.569721115537849,38.113912683404,0.398406374501992,2.9217791029711124,251,0.42085269735901537,TRENDING_DOWN,3.4410334049798963,2.0
2009-02-12,7.751937984496124,36.301372757953885,0.3875968992248062,1.601983931778858,258,0.4229551351021132,TRENDING_DOWN,3.4486309488531983,3.0
2009-02-13,11.406844106463879,12.222629867233282,0.38022813688212925,4.271127888159606,263,0.42346079537248477,VOLATILE,3.269574645834446,0.0
2009-02-16,12.142857142857142,15.823932387433842,0.35714285714285715,2.8743548449944685,280,0.3871860942574928,VOLATILE,3.1196455434129704,1.0
2009-02-17,12.455516014234876,8.993886033317747,0.3558718861209964,-1.141589927356974,281,0.37727810656856386,VOLATILE,2.9885198206050734,2.0
2009-02-18,16.541353383458645,11.439138878887947,0.7518796992481203,1.9507189253894845,266,0.38010942259703445,VOLATILE,2.87067144659821,3.0
2009-02-19,19.71326164874552,9.197871214720536,0.35842293906810035,2.930603204555378,279,0.37782467778418427,VOLATILE,2.7710197195820956,4.0
2009-02-20,22.509225092250922,7.56977693850736,0.0,-0.30883588208005347,271,0.3595815331655798,VOLATILE,2.7949821497079115,5.0
2009-02-23,20.754716981132077,10.258665178232842,0.0,-2.813234258303971,265,0.37324477023125097,VOLATILE,2.889760455090885,6.0
2009-02-24,18.681318681318682,9.463895830863972,0.3663003663003663,0.0015151316038973651,273,0.34391710207206144,VOLATILE,2.8695128199454283,7.0
2009-02-25,14.338235294117647,7.920195702384298,0.0,-6.563506802483822,272,0.42164250352267746,VOLATILE,3.173400492404288,8.0
2009-02-26,16.205533596837945,8.323272201917195,0.3952569169960474,1.4223149835248423,253,0.3894422101565874,VOLATILE,3.2025457165160054,9.0
2009-02-27,18.807339449541285,8.360922265096436,0.45871559633027525,0.08662266094466406,218,0.4218023687740534,VOLATILE,3.1487256130990007,10.0
2009-03-02,17.97752808988764,8.993097996249416,0.37453183520599254,-0.9693425634267817,267,0.3844026268502331,VOLATILE,3.0723656071068377,11.0
2009-03-03,19.12350597609562,15.391665200947816,0.0,-4.182946980365858,251,0.3785267690460292,VOLATILE,3.172175774458634,12.0
2009-03-04,25.622775800711743,49.04147523921007,1.0676156583629894,8.117248909875,281,0.3718769683397119,VOLATILE,3.1336977661153167,13.0
2009-03-05,24.904214559386972,10.080615048873458,0.7662835249042145,-0.9985509268178563,261,0.38626622015922224,VOLATILE,3.1481599856261018,14.0
2009-03-06,24.90842490842491,46.2830386964976,0.3663003663003663,3.380134104857019,273,0.36168331028491735,VOLATILE,3.1199526800160053,15.0
2009-03-09,23.371647509578544,30.707312133490607,0.38314176245210724,0.507083465119079,261,0.3628557867389249,VOLATILE,3.075580799785236,16.0
2009-03-11,19.34156378600823,6.943869348152312,0.0,-2.5610246468518394,243,0.39112338402992675,VOLATILE,3.127536920286726,17.0
2009-03-12,23.552123552123554,9.080506806427943,0.0,1.812756485408773,259,0.3759178611869725,VOLATILE,2.9907273233819693,18.0
2009-03-13,26.907630522088354,10.7187965222564,0.4016064257028112,-0.5494702739149827,249,0.3840778425086842,VOLATILE,2.954584581782012,19.0
2009-03-16,40.96774193548387,22.135149617957147,0.3225806451612903,8.085572332841547,310,0.37054871215977303,VOLATILE,2.8770817047467325,20.0
2009-03-17,33.33333333333333,64.21157742367603,0.6472491909385114,1.5537044837105682,309,0.36329754083833377,VOLATILE,2.7890716507046482,21.0
2009-03-18,33.95638629283489,11.330392045849353,0.3115264797507788,-0.8900146324133277,321,0.3647845051376167,VOLATILE,2.7635812320459636,22.0
2009-03-19,40.96774193548387,11.24946301964741,0.3225806451612903,0.4400469124104086,310,0.3736151789980245,VOLATILE,2.7563809967396384,23.0
2009-03-20,39.04109589041096,16.02369767662121,0.0,-0.9645556965768213,292,0.37315803716869655,VOLATILE,2.8265508583108874,24.0
2009-03-24,44.11764705882353,27.45943445541522,0.0,4.830799996068259,340,0.35634364536708796,VOLATILE,2.7845549342602407,25.0
2009-03-25,48.54368932038835,30.511119628589192,0.0,0.5791555566843802,309,0.3673785055499037,VOLATILE,2.7462092835096366,26.0
2009-03-26,46.30225080385852,18.903987575136707,0.3215434083601286,-0.5801162944432718,311,0.358923500235471,VOLATILE,2.763195525755507,27.0
2009-03-27,51.5625,12.808209724016978,0.3125,3.0838091290897345,320,0.3186208642208486,VOLATILE,2.565077181316567,28.0
2009-03-30,53.915662650602414,13.379315288010467,0.30120481927710846,2.382108053799794,332,0.31364329643146177,VOLATILE,2.4797963166500603,29.0
2009-03-31,51.632047477744806,11.475298473848078,0.2967359050445104,-1.0963273298534426,337,0.30958793883495694,VOLATILE,2.625732119378097,30.0
2009-04-01,55.8641975308642,12.009679438699399,0.30864197530864196,1.3639170433231536,324,0.30844216263447954,VOLATILE,2.6633895468774806,31.0
2009-04-02,59.2814371257485,9.223100254855407,0.0,2.186353211107496,334,0.2967170119267298,VOLATILE,2.6307972782985622,32.0
2009-04-03,64.02439024390245,17.202449245416595,0.3048780487804878,4.111913712967273,328,0.32407305408509546,VOLATILE,2.5848527085059905,33.0
2009-04-06,62.78409090909091,50.82531889609282,0.5681818181818182,6.914198922795291,352,0.30913831470723574,VOLATILE,2.5814976333068684,34.0
2009-04-07,64.81994459833795,13.078713826475726,0.2770083102493075,4.49929265265768,361,0.3126815603368064,VOLATILE,2.597408550160559,35.0
2009-04-08,66.07669616519173,10.780441869843731,0.8849557522123894,-2.044841532871144,339,0.3533036426624267,VOLATILE,2.886891543942346,36.0
2009-04-09,66.35802469135803,31.199975919377994,0.30864197530864196,1.7603994706902009,324,0.34140345241671904,VOLATILE,3.0286541355650654,37.0
2009-04-10,70.3030303030303,11.87237252354612,0.9090909090909091,5.384015485190106,330,0.3471890400744781,VOLATILE,2.9996547632174497,38.0
2009-04-13,66.21253405994551,17.41290930926839,0.8174386920980926,2.9847294121347563,367,0.33372640240678114,VOLATILE,3.046259823766052,39.0
2009-04-14,67.06586826347305,8.842756399686115,0.29940119760479045,-2.720932999096261,334,0.3217649392180858,VOLATILE,3.0063897559636663,40.0
2009-04-15,69.57928802588997,6.82157084190871,0.6472491909385114,-1.226142246670463,309,0.34559878283034257,VOLATILE,3.1111760094683296,41.0
2009-04-16,65.94427244582043,8.629537379852206,0.0,-2.1741117909763483,323,0.3470197352528245,VOLATILE,3.3284789728399184,42.0
2009-04-17,71.04377104377105,11.408145809098833,0.6734006734006733,1.707669785438324,297,0.3742907528139239,VOLATILE,3.3980589997370094,43.0
2009-04-20,69.71608832807571,10.994236769052872,0.6309148264984227,2.2944409827011873,317,0.3471570833695907,VOLATILE,3.320229851894595,44.0
2009-04-21,66.98113207547169,7.466416369121109,0.0,-0.28448100985326014,318,0.3437491193976538,VOLATILE,3.3087805425994423,45.0
2009-04-22,65.49520766773162,9.924841206671577,0.0,-3.3218670295279664,313,0.3748019058764171,VOLATILE,3.5385857460289385,46.0
2009-04-23,61.146496815286625,8.086091302185643,0.6369426751592357,-3.2735225420979925,314,0.39398736295246817,VOLATILE,3.7758461337128466,47.0
2009-04-24,64.49511400651465,12.706920979063785,0.32573289902280134,3.391402022690075,307,0.37638103004203305,VOLATILE,3.7501820658271297,48.0
2009-04-27,56.0655737704918,8.587618793516187,0.32786885245901637,-4.834223558125667,305,0.40789176404535665,VOLATILE,3.9413868595250605,49.0
2009-04-28,58.333333333333336,14.541999465574758,0.0,1.4746200561918594,300,0.41472045283311254,VOLATILE,3.9238877643309347,50.0
2009-04-29,52.64797507788161,13.22272925913769,0.3115264797507788,-1.4343995745702145,321,0.4091920077249981,VOLATILE,4.093924057596303,51.0
2009-04-30,48.78048780487805,7.343734799821127,0.0,-1.3200904687316968,287,0.43393506744120425,VOLATILE,4.063502311825716,52.0
2009-05-04,46.0,46.63914448640223,1.0,0.6008729202859523,300,0.39957982043930185,VOLATILE,4.118821905200183,53.0
2009-05-05,40.893470790378004,11.370209717340185,0.3436426116838488,0.08145074816742708,291,0.42685106130401335,VOLATILE,4.052264739481179,54.0
2009-05-06,48.85993485342019,10.445089529051321,0.0,2.1295941868972177,307,0.37445882335084846,VOLATILE,4.002454551894949,55.0
2009-05-07,43.36569579288026,54.60676024407346,0.6472491909385114,2.467041381198969,309,0.3750495192668172,VOLATILE,3.91132891549695,56.0
2009-05-08,43.666666666666664,10.587799856497362,0.33333333333333337,1.1689503097009766,300,0.3603830411860191,VOLATILE,3.741715770087986,57.0
2009-05-11,43.79310344827586,26.089069912379895,0.0,0.9867860782476006,290,0.3379542640319743,VOLATILE,3.581199845007384,58.0
2009-05-12,49.49832775919732,10.433120140191209,0.33444816053511706,1.8443576201528709,299,0.3353876525621054,VOLATILE,3.42775014047061,59.0
2009-05-13,43.9344262295082,7.894644870607447,0.6557377049180327,-0.7183571312531083,305,0.33047488239799677,VOLATILE,3.444916190318393,60.0
2009-05-14,39.53488372093023,8.51147033989234,0.9966777408637874,-1.1705513649242285,301,0.3402042524920313,VOLATILE,3.395886828273889,61.0
2009-05-15,41.66666666666667,7.270901571214234,0.36231884057971014,1.2967007481888058,276,0.3421844729121668,VOLATILE,3.153355420444602,62.0
2009-05-18,40.35087719298245,10.067775656713584,0.7017543859649122,-0.4391720900799235,285,0.3449012887481716,VOLATILE,2.9360714360400673,63.0
2009-05-19,34.73684210526316,8.139391608725646,0.7017543859649122,-1.487283053352835,285,0.33713502595114003,VOLATILE,2.9642465530536146,64.0
2009-05-20,33.935018050541515,8.66790540313758,0.36101083032490977,-0.5753134698353453,277,0.32853028125510697,VOLATILE,2.8839480959448878,65.0
2009-05-21,29.078014184397162,7.959884103317859,0.3546099290780142,-1.591028488055868,282,0.3433337027428148,VOLATILE,2.8359842865382445,66.0
2009-05-22,31.596091205211724,14.535327334586036,0.6514657980456027,3.9371879502135827,307,0.33619975033029986,VOLATILE,2.6912264351603064,67.0
2009-05-25,33.910034602076124,5.464458730516053,0.6920415224913495,0.5845005646749127,289,0.34101720046176615,VOLATILE,2.482118387358036,68.0
2009-05-26,32.5503355704698,15.436453380889693,0.0,0.6333082983403319,298,0.30127489840750543,VOLATILE,2.3037137255830853,69.0
2009-05-27,30.81967213114754,7.5969131316879785,0.32786885245901637,-0.3151728498714715,305,0.2935107234423225,VOLATILE,2.1785364537254956,70.0
2009-05-28,39.285714285714285,9.136961973438662,0.3246753246753247,1.571487508752513,308,0.28728429709216285,VOLATILE,2.0185767816984597,71.0
2009-05-29,38.54166666666667,6.289114543437583,0.0,0.2762580675637255,288,0.2839248644655206,VOLATILE,1.9831281324682772,72.0
2009-06-01,35.35714285714286,6.982214929320685,0.35714285714285715,-1.4008255529627311,280,0.30037471437979285,VOLATILE,1.9123508738838935,73.0
2009-06-02,29.496402877697843,8.542174595645095,0.3597122302158274,-1.2774864681808495,278,0.3074101589081739,VOLATILE,1.9524821371178824,74.0
2009-06-03,24.40677966101695,7.90053460401775,0.6779661016949152,-1.785530792948189,295,0.2959491880686661,VOLATILE,2.0084292569034923,75.0
2009-06-04,21.16788321167883,10.588209301428249,0.7299270072992701,-0.9862599033745295,274,0.3635470494826315,VOLATILE,2.0329405914971197,76.0
2009-06-05,25.0,9.369125080442563,1.4925373134328357,0.9702939615071603,268,0.36464460582211367,VOLATILE,2.0424620936324263,77.0
2009-06-08,25.0,14.015937853614616,1.1029411764705883,0.42944935380854815,272,0.371810376862772,VOLATILE,2.0951465467208363,78.0
2009-06-09,31.74061433447099,8.846582321924412,1.023890784982935,1.8629421383668328,293,0.3583892297205835,VOLATILE,2.0504799076590507,79.0
2009-06-10,26.46048109965636,8.005055119165323,1.3745704467353952,-1.120937126079741,291,0.36085782296766544,VOLATILE,1.993650005321225,80.0
2009-06-11,24.22145328719723,10.913143167467073,0.34602076124567477,0.35498898827485287,289,0.3565152879865786,VOLATILE,1.9460487650804583,81.0
2009-06-12,27.177700348432055,11.742514761794878,0.6968641114982579,0.9374925387664914,287,0.3418879086291182,VOLATILE,1.957588314572348,82.0
2009-06-15,25.396825396825395,6.438797903772299,0.0,-1.1526635632808138,252,0.3881164325363743,VOLATILE,2.0506709966360286,83.0
2009-06-16,22.22222222222222,4.819412834766568,0.411522633744856,-1.8764146993366722,243,0.40158589257529653,VOLATILE,2.035032940683491,84.0
2009-06-17,27.73722627737226,7.068135608384082,0.36496350364963503,1.8488387310306886,274,0.38781043921149233,VOLATILE,2.0513981907678573,85.0
2009-06-18,26.23574144486692,6.805539926670001,0.0,-1.0870947260249109,263,0.3847728962402834,VOLATILE,1.9854447890387816,86.0
2009-06-19,29.365079365079367,12.000296704287441,0.3968253968253968,0.2889266199442119,252,0.34322805831621617,VOLATILE,1.9081129531956498,87.0
2009-06-22,26.132404181184672,7.60155255335156,0.6968641114982579,-0.4463219894098441,287,0.3286032563086349,VOLATILE,1.8920940988428958,88.0
2009-06-23,24.73498233215548,8.769373792927551,0.7067137809187279,-0.4973557949749157,283,0.3234237161307875,VOLATILE,1.8975280060596758,89.0
2009-06-24,26.08695652173913,7.884791472753245,0.0,-0.18349122211057867,276,0.3302651770021062,TRENDING_DOWN,1.8645182318539015,0.0
2009-06-25,28.8135593220339,5.333057190667405,1.0169491525423728,0.7419700990330298,295,0.3046726687616128,VOLATILE,1.8428059022308017,0.0
2009-06-26,30.87248322147651,10.773375499344757,1.006711409395973,0.9740325303845816,298,0.3043187304545464,VOLATILE,1.8191787285845122,1.0
2009-06-29,30.215827338129497,6.720621159827976,0.7194244604316548,0.7923686782573255,278,0.30062608575353583,VOLATILE,1.7688800014432082,2.0
2009-06-30,30.107526881720432,6.035407570397239,0.7168458781362007,-1.210670175359186,279,0.2940440206326754,VOLATILE,1.7399241571700241,3.0
2009-07-01,30.036630036630036,6.941017135658253,0.3663003663003663,0.15883478876091475,273,0.3117461367698293,VOLATILE,1.6534332225694295,4.0
2009-07-02,37.992831541218635,7.925488848728859,0.35842293906810035,1.6478901070954555,279,0.3251902278037315,VOLATILE,1.6527791484515237,5.0
2009-07-03,38.35125448028674,6.9314955154119655,0.7168458781362007,-0.5398331280825879,279,0.3093761081150816,VOLATILE,1.6515242368108272,6.0
2009-07-06,38.54961832061068,6.219943644862224,0.38167938931297707,0.4448353739814279,262,0.3279310914549297,VOLATILE,1.5849858526044338,7.0
2009-07-07,42.90780141843972,8.330738329081228,0.0,0.22191665161652835,282,0.28872577484359413,VOLATILE,1.5292534343925386,8.0
2009-07-08,43.39622641509434,6.505384447779914,0.0,0.07474414149473214,265,0.2907629284439892,VOLATILE,1.5286626333748432,9.0
2009-07-09,44.06130268199234,6.212713908042218,0.38314176245210724,0.1201565569740029,261,0.28524962485350036,VOLATILE,1.5397085602845753,10.0
2009-07-10,44.87632508833922,8.934078192933347,1.4134275618374559,0.7289842880844587,283,0.27460118262219335,VOLATILE,1.517221891968981,11.0
2009-07-13,52.218430034129696,5.872951369111366,1.023890784982935,1.6211326061441673,293,0.2724423728621301,VOLATILE,1.515898577033437,12.0
2009-07-14,49.831649831649834,8.74237033726396,1.0101010101010102,-0.877505477230744,297,0.2473278623401215,VOLATILE,1.5411719075535335,13.0
2009-07-15,54.78547854785478,7.772879504205149,1.3201320132013201,1.2905568382211732,303,0.2318438989660982,RANGING,1.4686676684686093,0.0
2009-07-16,52.36593059936908,11.229024402196137,0.9463722397476341,1.5378825430123235,317,0.20551176235076227,RANGING,1.4646772307923612,1.0
2009-07-17,59.85663082437276,6.900903015532553,1.4336917562724014,1.486507311392041,279,0.22095455687831247,RANGING,1.4549569101533872,2.0
2009-07-20,56.53710247349824,6.640917862588236,1.4134275618374559,0.06910281403945302,283,0.21443423213362964,RANGING,1.4772963074401082,3.0
2009-07-21,48.77450980392157,23.16837582484813,0.9803921568627451,2.285330489200921,408,0.16136591741270281,RANGING,1.4753033513530187,4.0
2009-07-22,49.740932642487046,13.807964320251717,0.5181347150259068,1.6072436429191834,386,0.14018142020356508,RANGING,1.4914306512653783,5.0
2009-07-23,48.98989898989899,11.963471062334088,0.7575757575757576,0.2933369162875565,396,0.1393635308900732,RANGING,1.4903050156030255,6.0
2009-07-24,54.07608695652174,12.785314697746557,1.6304347826086956,2.2494229351699544,368,0.12900781365496952,VOLATILE,1.5533057532697805,0.0
2009-07-27,50.943396226415096,11.575674326707635,0.8086253369272237,-0.22559417640051058,371,0.12152794185161445,VOLATILE,1.6063420593277724,1.0
2009-07-28,52.824858757062145,13.199965747083922,1.694915254237288,1.0839102939082996,354,0.10148166014353338,VOLATILE,1.6596784007859533,2.0
2009-07-29,45.380434782608695,9.08929813465119,1.0869565217391304,-2.4474722588063913,368,0.152746637711015,VOLATILE,1.7572688265061087,3.0
2009-07-30,44.7887323943662,9.186867178952859,0.8450704225352111,-0.7275097292872664,355,0.1510248632747682,VOLATILE,1.6992135359381526,4.0
2009-07-31,53.994490358126725,15.81427422808552,1.6528925619834711,3.3165273362296337,363,0.19676896198546026,VOLATILE,1.7284316785672211,5.0
2009-08-03,47.8021978021978,15.601579179036564,1.3736263736263736,0.7968194879381378,364,0.19106222583220556,VOLATILE,1.7319252713817193,6.0
2009-08-04,48.35164835164835,12.150458553175564,1.6483516483516485,0.30917084674524753,364,0.19237762774137718,VOLATILE,1.6953600591055682,7.0
2009-08-05,48.45360824742268,11.812818822437459,1.5463917525773196,-1.0393114128656062,388,0.16356288293964663,VOLATILE,1.6845848399872891,8.0
2009-08-06,46.54255319148936,16.768689877461796,1.5957446808510638,1.027625951078775,376,0.16896029805854945,VOLATILE,1.691978850264374,9.0
2009-08-07,56.32183908045977,8.417507139143423,1.7241379310344827,1.9325333303313896,348,0.18174731628287213,VOLATILE,1.6990674815141351,10.0
2009-08-10,56.52173913043478,8.521282415943158,1.358695652173913,0.4100318433234867,368,0.16736539961286903,VOLATILE,1.662577362702086,11.0
2009-08-11,52.054794520547944,11.845394838645172,1.095890410958904,0.18309305702523743,365,0.17023179405699923,VOLATILE,1.681434520479834,12.0
2009-08-12,52.4547803617571,16.433190554889887,1.03359173126615,0.5827804471427783,387,0.16708480937027284,VOLATILE,1.6649086798222024,13.0
2009-08-13,50.13333333333333,13.028645334693232,0.8,-0.21764793039449956,375,0.15896406231660967,VOLATILE,1.6945730473543055,14.0
2009-08-17,48.69565217391305,17.91717085726439,1.1594202898550725,0.21626387344313075,345,0.1741191645665594,VOLATILE,1.748353303792604,15.0
2009-08-18,48.18941504178273,14.151891612869242,0.5571030640668524,1.6177109288072289,359,0.16201134720271862,VOLATILE,1.7398031294167706,16.0
2009-08-19,45.30386740331492,10.576223526399499,0.8287292817679558,-1.1777675594602968,362,0.15793569312491215,VOLATILE,1.7752147069548732,17.0
2009-08-20,41.27423822714682,13.864355482601617,0.8310249307479225,-0.055748005081048276,361,0.17093186338961647,VOLATILE,1.810353716347909,18.0
2009-08-21,50.429799426934096,11.648847595451443,0.8595988538681949,2.174997352733751,349,0.18423748087161126,VOLATILE,1.7922493259693608,19.0
2009-08-24,52.394366197183096,16.278225109438342,1.1267605633802817,1.5460832784632466,355,0.19356534235634926,VOLATILE,1.7701218776396792,20.0
2009-08-25,51.8840579710145,15.569462550644397,0.8695652173913043,1.0111332532809523,345,0.18495082727548454,VOLATILE,1.764719791626249,21.0
2009-08-26,54.89614243323442,6.90994522247566,0.8902077151335311,0.705676390561003,337,0.2053357326793697,VOLATILE,1.7159550659035037,22.0
2009-08-27,54.0785498489426,16.804360145837943,0.6042296072507553,0.7369860846628303,331,0.16060594498923575,VOLATILE,1.6378939190586854,23.0
2009-08-28,55.74229691876751,16.573169698227105,1.400560224089636,2.766155891320289,357,0.174374922330237,VOLATILE,1.6635094283954766,24.0
2009-08-31,56.68604651162791,13.434413319065754,2.0348837209302326,0.8276569560342489,344,0.1263215827094863,VOLATILE,1.6023661573111951,25.0
2009-09-01,53.735632183908045,9.128345062926362,1.1494252873563218,0.3598549823767513,348,0.1300612022242719,VOLATILE,1.7411657110536396,26.0
2009-09-02,54.166666666666664,16.65444422449476,0.5555555555555556,1.544081081315677,360,0.12064546970416633,TRENDING_UP,1.7594699188163971,0.0
2009-09-03,57.67045454545454,15.2806230390531,0.5681818181818182,1.4778702766514085,352,0.12935271546473587,TRENDING_UP,1.8092224641625854,1.0
2009-09-04,60.68376068376068,28.519204215894685,0.5698005698005698,3.823542688157469,351,0.1481620864900837,TRENDING_UP,1.8273558540345778,2.0
2009-09-07,59.11764705882353,13.729804458891717,0.5882352941176471,0.8939761030003284,340,0.13546810510433158,TRENDING_UP,1.8987819862889534,3.0
2009-09-08,54.27728613569322,10.02736611498715,0.2949852507374631,-0.4857495702059823,339,0.15513010393288737,TRENDING_UP,1.8798999269970398,4.0
2009-09-09,59.94236311239193,27.84882740886202,1.440922190201729,3.5270068189739665,347,0.1943889267150729,TRENDING_UP,1.9097675503963696,5.0
2009-09-10,57.99999999999999,12.543811789980767,1.4285714285714286,0.1889006980960294,350,0.18396141238819497,TRENDING_UP,1.9668715311704186,6.0
2009-09-11,57.77126099706745,13.337368573515638,0.2932551319648094,0.4903947705817358,341,0.1835366653372543,TRENDING_UP,1.955960908600175,7.0
2009-09-14,54.46927374301676,17.876912934420265,1.1173184357541899,-0.35897927006108094,358,0.16436136655933126,TRENDING_UP,1.9164079045669218,8.0
2009-09-15,54.65465465465466,14.42971576235874,0.6006006006006006,1.2300099928505994,333,0.17507389497807807,TRENDING_UP,1.9245081372619606,9.0
2009-09-16,57.714285714285715,37.29620169410812,0.2857142857142857,3.2956821497375417,350,0.17031545490686228,TRENDING_UP,1.8876203067507498,10.0
2009-09-17,57.42857142857143,10.194232383258528,0.5714285714285714,0.8646982944592011,350,0.1672999086974035,TRENDING_UP,1.889945020214911,11.0
2009-09-18,65.2046783625731,8.708023219026137,1.461988304093567,2.4310308824224056,342,0.17496885359541295,TRENDING_UP,1.8770359082826642,12.0
2009-09-24,69.68911917098445,24.66933767428431,2.072538860103627,7.162904914838576,386,0.2294037354747801,TRENDING_UP,1.8922865646197238,13.0
2009-09-25,71.85185185185186,52.68066745860669,2.2222222222222223,7.4851805146577055,405,0.1979623956000564,TRENDING_UP,1.9457381586776024,14.0
2009-09-28,69.64285714285714,21.915103087379613,2.0408163265306123,3.160081997426606,392,0.1853138007981839,TRENDING_UP,2.117315544370739,15.0
2009-09-29,72.44897959183673,35.22852783348182,1.530612244897959,2.7070944225093263,392,0.17552926834733193,TRENDING_UP,2.156086024138093,16.0
2009-09-30,70.77294685990339,14.189935226916683,1.4492753623188406,1.905135283148341,414,0.16822116212392899,TRENDING_UP,2.1954494699283846,17.0
2009-10-01,68.13725490196079,12.089072096585031,1.9607843137254901,0.5854021707594421,408,0.1672710243274709,TRENDING_UP,2.2156651091581936,18.0
2009-10-02,71.35549872122762,14.508242742880087,2.3017902813299234,2.054100819710823,391,0.1728661848133826,TRENDING_UP,2.113298043923154,19.0
2009-10-05,69.6969696969697,8.364963254247675,2.0202020202020203,-0.06941892902796291,396,0.17176587581208938,TRENDING_UP,2.072892458328723,20.0
2009-10-06,70.47146401985111,9.317454236478394,1.240694789081886,0.7749246950439893,403,0.16644168487760813,TRENDING_UP,2.0538965126395947,21.0
2009-10-07,73.30097087378641,8.364811689922535,2.1844660194174756,0.8805590721909045,412,0.1604783295321622,TRENDING_UP,2.037747166166827,22.0
2009-10-08,72.02970297029702,8.553693107892455,1.4851485148514851,-0.09297542767189038,404,0.17096460021607668,TRENDING_UP,2.0631832680243134,23.0
2009-10-09,73.25,10.975787205573857,1.25,1.7802194859994032,400,0.15375163568076258,TRENDING_UP,2.0816890393023373,24.0
2009-10-12,67.25,11.312058717806684,1.25,-0.4806753500157577,400,0.15552094316153062,TRENDING_UP,2.0499120565492968,25.0
2009-10-13,66.49616368286445,10.343869895643113,1.0230179028132993,0.24524312579670338,391,0.15669732027235353,TRENDING_UP,2.0103908572844387,26.0
2009-10-14,66.91176470588235,10.681920918331107,1.4705882352941175,2.1231814638508353,408,0.1555966736671938,TRENDING_UP,1.999503294878633,27.0
2009-10-15,66.50246305418719,9.174562704357243,0.7389162561576355,-0.3754631783176429,406,0.16193947507243459,TRENDING_UP,2.021275191097875,28.0
2009-10-16,68.1462140992167,10.898934789705935,0.7832898172323759,2.1193981734225327,383,0.16774206960324506,TRENDING_UP,2.048013238301625,29.0
2009-10-19,59.894459102902374,7.651969541374996,1.3192612137203166,-3.4839866825650048,379,0.2507764170235278,VOLATILE,2.3292874834374446,0.0
2009-10-20,60.0,10.267649525170809,0.2597402597402597,0.3086030878582288,385,0.24451501520082886,TRENDING_UP,2.337003491457372,0.0
2009-10-21,53.2608695652174,9.123980490907433,0.5434782608695652,-3.0104852117920986,368,0.28963209295004455,VOLATILE,2.4804628997847034,0.0
2009-10-22,44.44444444444444,8.460637160602325,0.8130081300813009,-2.318136823758777,369,0.2653925526521754,VOLATILE,2.5327343237928743,1.0
2009-10-23,46.3013698630137,12.396326959330237,0.821917808219178,0.6069885268170659,365,0.28252570529970594,VOLATILE,2.4956534092461324,2.0
2009-10-26,49.6042216358839,17.09319603155552,1.0554089709762533,1.8203581929016122,379,0.3022380609157339,VOLATILE,2.4042028908208404,3.0
2009-10-27,46.56084656084656,9.822351086353397,0.7936507936507936,-0.6776414013074621,378,0.3035360306993186,VOLATILE,2.4016685827888185,4.0
2009-10-28,45.8628841607565,17.23639753454685,1.4184397163120568,2.3269564084895755,423,0.2830014419126276,VOLATILE,2.3424259390564446,5.0
2009-10-29,45.35809018567639,10.476308422947069,1.3262599469496021,-0.6485805453450747,377,0.28737260454911867,VOLATILE,2.368704329806956,6.0
2009-10-30,47.340425531914896,15.112787252820361,1.5957446808510638,1.7944958009452177,376,0.2842919547444404,VOLATILE,2.302951792627722,7.0
2009-11-02,38.12154696132597,15.457014984611783,1.6574585635359116,-2.009969426568555,362,0.3137045316453094,VOLATILE,2.5121105901447156,8.0
2009-11-03,37.15846994535519,14.036999916497717,1.092896174863388,0.08453585899641619,366,0.3145249619586372,VOLATILE,2.4535210353742403,9.0
2009-11-04,40.59139784946236,12.962730821987106,0.5376344086021506,1.5831435083996745,372,0.31667037627937317,VOLATILE,2.3873647049314073,10.0
2009-11-05,34.87179487179487,17.18134949937991,0.5128205128205128,-1.8198989204435394,390,0.3132018426146231,VOLATILE,2.354929160127741,11.0
2009-11-06,36.43617021276596,18.887652411067084,0.7978723404255319,0.22305323730734766,376,0.3118152481926819,VOLATILE,2.421870803716899,12.0
2009-11-10,27.696793002915456,30.366460028076755,0.8746355685131195,0.10812292939320303,343,0.311947788045574,VOLATILE,2.5189559937916544,13.0
2009-11-11,30.140845070422532,14.278615794418535,0.8450704225352111,0.8712432885652699,355,0.3171207343154561,VOLATILE,2.558769562749965,14.0
2009-11-12,30.193905817174517,14.873692662438984,0.8310249307479225,1.8851757440325663,361,0.3130568529261527,VOLATILE,2.5228758975554206,15.0
2009-11-13,35.945945945945944,13.405968597982787,1.3513513513513513,2.1438398977140554,370,0.3288874567019968,VOLATILE,2.508616249612612,16.0
2009-11-16,38.52459016393443,12.347749360172598,1.639344262295082,1.6739704885110709,366,0.3295872761925377,VOLATILE,2.48757296349756,17.0
2009-11-17,35.869565217391305,9.017774525425125,0.8152173913043478,-0.5191952392629452,368,0.3019686691816129,VOLATILE,2.3498204232926083,18.0
2009-11-18,34.08450704225352,13.327276804912366,1.6901408450704223,-0.09069852113506542,355,0.31341143560125484,VOLATILE,2.3210067842130333,19.0
2009-11-19,35.41076487252124,15.84106077274093,1.13314447592068,1.8186783757918483,353,0.2795708970308924,TRENDING_UP,2.187615863472697,0.0
2009-11-20,36.81318681318682,12.155836562755331,0.5494505494505495,1.123800935759283,364,0.25996266045267447,TRENDING_UP,2.0437152656892694,1.0
2009-11-23,28.869047619047617,16.818249487851304,0.5952380952380952,-0.9966051560945508,336,0.2800070752155352,TRENDING_UP,2.0595188007755403,2.0
2009-11-24,32.64705882352941,13.399544165718845,0.29411764705882354,1.4012751562137218,340,0.2702593685133499,VOLATILE,1.9527437538581494,0.0
2009-11-25,29.003021148036257,10.428502344986565,0.6042296072507553,1.0255309143066587,331,0.2728496275930254,VOLATILE,1.9213553702128394,1.0
2009-11-26,33.33333333333333,13.529943932782865,1.1695906432748537,1.9336907701115105,342,0.2837516630011421,VOLATILE,1.895068654745003,2.0
2009-12-01,30.3951367781155,11.648074307862133,1.21580547112462,-0.056922155555463615,329,0.2945650256815255,VOLATILE,1.9445325883386724,3.0
2009-12-02,34.44108761329305,10.128525360328526,0.906344410876133,0.8833400728944099,331,0.2969146527949662,VOLATILE,1.9319189673954886,4.0
2009-12-03,34.15977961432507,13.574288619694105,0.0,1.3343778367129613,363,0.247115481655376,VOLATILE,1.784228191239665,5.0
2009-12-04,34.81894150417828,11.2891954178493,0.5571030640668524,1.0640616885916385,359,0.24379603465766653,VOLATILE,1.8003569712058738,6.0
2009-12-07,33.15217391304348,11.090066110274458,0.8152173913043478,0.46076403857036063,368,0.2296987853784845,VOLATILE,1.7116798548191223,7.0
2009-12-08,27.247191011235955,8.948372657205702,0.0,-1.8826404153820064,356,0.2763397863301105,VOLATILE,1.7556614910062895,8.0
2009-12-09,30.193905817174517,8.11341675638958,0.0,0.6347758488648788,361,0.2610638577615007,VOLATILE,1.6748377113738455,9.0
2009-12-10,32.417582417582416,22.234956593766665,0.5494505494505495,2.273080821406388,364,0.25877783392785747,VOLATILE,1.5754067775704785,10.0
2009-12-11,36.31578947368421,12.320950014927817,0.5263157894736842,1.524515523277149,380,0.24684862683195052,RANGING,1.471302269483141,0.0
2009-12-14,38.50129198966408,9.090327457949066,0.2583979328165375,1.830244740088195,387,0.25778330685064305,TRENDING_UP,1.5016228168479842,0.0
2009-12-15,40.10989010989011,8.485999231533592,0.5494505494505495,0.6680318795632826,364,0.2513825741954654,TRENDING_UP,1.472392737350582,1.0
2009-12-16,37.333333333333336,13.864309739428242,0.5333333333333333,1.2728060948379236,375,0.23740433583068996,RANGING,1.3997920822679877,0.0
2009-12-17,40.28169014084507,28.672804228919066,0.8450704225352111,1.317924690391407,355,0.23460462369309257,TRENDING_UP,1.4009805812826877,0.0
2009-12-18,41.952506596306065,10.110478329175747,0.79155672823219,0.5919815499166731,379,0.22244632129822076,TRENDING_UP,1.3695851249982298,1.0
2009-12-21,42.582417582417584,10.154035273852871,1.098901098901099,0.36107048073158104,364,0.21691320856034063,RANGING,1.3247433287125283,0.0
2009-12-22,46.1139896373057,11.787940414017609,0.5181347150259068,1.5532047305958352,386,0.2153664945341694,TRENDING_UP,1.304949279236901,0.0
2009-12-23,45.13513513513514,6.8510986420337465,0.2702702702702703,0.018986615420159256,370,0.19123977359173797,TRENDING_UP,1.291728833527537,1.0
2009-12-24,45.99483204134367,8.990782968079145,1.2919896640826873,0.4756452241508286,387,0.18760241554963258,TRENDING_UP,1.3038686170895848,2.0
2009-12-29,49.67105263157895,9.935765363845679,1.3157894736842104,1.6708672391849884,304,0.21583897299448992,TRENDING_UP,1.3246679829044938,3.0
2009-12-30,51.46666666666667,7.7812348706206835,3.2,0.466629841208192,375,0.1867652945799559,TRENDING_UP,1.3488975015644806,4.0
2009-12-31,49.06666666666666,8.878215174204447,1.866666666666667,0.41917191782935886,375,0.17334291252392892,TRENDING_UP,1.3374141891056937,5.0
2010-01-04,53.86666666666666,8.89049273503479,3.4666666666666663,0.9263235259801086,375,0.16229603390317218,TRENDING_UP,1.304931737630926,6.0
2010-01-05,53.94736842105263,8.746954988632112,3.1578947368421053,1.0778689616629873,380,0.16360548360247032,TRENDING_UP,1.3506561821115084,7.0
2010-01-06,54.85564304461942,7.681136884716559,3.674540682414698,0.11364245817102588,381,0.17393344189826437,TRENDING_UP,1.3577784722679171,8.0
2010-01-07,59.299191374663074,14.009721655828988,1.6172506738544474,0.9607778275678762,371,0.16857138110701997,TRENDING_UP,1.3740427441625023,9.0
2010-01-08,65.60000000000001,18.93389845347384,2.666666666666667,1.9278921406887446,375,0.10968575877593444,TRENDING_UP,1.3228490386356304,10.0
2010-01-11,62.264150943396224,13.930613606860732,3.234501347708895,0.05511041006576139,371,0.10917266056122725,TRENDING_UP,1.3091252424211532,11.0
2010-01-12,60.8,11.019134200159112,2.933333333333333,-0.3708335063303987,375,0.12015132767659571,TRENDING_UP,1.2901140886610885,12.0
2010-01-13,60.76923076923077,6.930934313561244,2.051282051282051,0.9676373354720814,390,0.1096048235067966,TRENDING_UP,1.3009090583912923,13.0
2010-01-14,61.18598382749326,13.086094119634664,1.8867924528301887,0.1645836923646122,371,0.08511658791933754,TRENDING_UP,1.2112023014654532,14.0
2010-01-15,64.9867374005305,12.885665696044189,2.9177718832891246,1.9379645124653735,377,0.09971000706910967,TRENDING_UP,1.2117132278694067,15.0
2010-01-18,65.5367231638418,9.653303323911741,2.5423728813559325,0.8231900661347551,354,0.09797183156050161,TRENDING_UP,1.1954926804817598,16.0
2010-01-19,66.3129973474801,8.886885985532672,2.3872679045092835,0.6526569044484376,377,0.10287126262228491,TRENDING_UP,1.1583860821485183,17.0
2010-01-20,62.903225806451616,16.154773329762456,2.6881720430107525,0.3286552176271934,372,0.11887066892285075,TRENDING_UP,1.161711463400356,18.0
2010-01-21,58.855585831062676,28.80769819946462,1.3623978201634876,1.6870646483131677,367,0.07717938908805859,TRENDING_UP,1.2411265716886923,19.0
2010-01-22,65.92178770949721,9.405746502072025,1.675977653631285,1.9452042155901772,358,0.08585266163342856,TRENDING_UP,1.2261712753347227,20.0
2010-01-25,60.22408963585434,9.938273406955101,2.801120448179272,-0.6781922174398882,357,0.1190398812548097,TRENDING_UP,1.2589223052470822,21.0
2010-01-26,58.70786516853933,8.810132861163133,2.8089887640449436,0.24674475693001885,356,0.13039055366365446,RANGING,1.24555681075221,0.0
2010-01-27,54.317548746518106,8.054641077307108,2.785515320334262,-0.06871772156713775,359,0.1317224692996452,RANGING,1.2600444627247227,1.0
2010-01-28,49.122807017543856,10.054206113100573,2.3391812865497075,-1.3514709899746506,342,0.18257065799943967,RANGING,1.3035227212230733,2.0
2010-01-29,54.09356725146199,10.10132027334789,2.046783625730994,1.5889551012611112,342,0.17848239914641345,RANGING,1.2560548522548443,3.0
2010-02-01,50.84269662921348,9.45264038770101,1.4044943820224718,0.7396403424190022,356,0.17754203748722408,RANGING,1.2661510022926519,4.0
2010-02-02,49.184782608695656,9.671447235248268,2.1739130434782608,0.3619237203474409,368,0.16404510813032658,RANGING,1.2086357402211922,5.0
2010-02-03,52.13675213675214,8.843828915696461,2.2792022792022792,0.7942955988597847,351,0.18035293276421407,RANGING,1.1666786114547392,6.0
2010-02-04,58.994708994709,9.634889052298222,3.1746031746031744,2.1607355700063557,378,0.18987468774476238,TRENDING_UP,1.188328643677972,0.0
2010-02-08,57.824933687002655,13.830842763517,2.6525198938992043,1.3941285313726286,377,0.18370665323645635,TRENDING_UP,1.1809657104295828,1.0
2010-02-09,56.353591160220994,7.584897265564034,0.5524861878453038,-0.4218439474092788,362,0.18943551741592243,RANGING,1.1812442905810678,0.0
2010-02-10,55.61497326203209,9.787351375426484,0.53475935828877,0.77176168831688,374,0.18434417934854966,RANGING,1.2059812849827796,1.0
2010-02-11,56.13577023498695,15.489798991065397,1.5665796344647518,0.7610379569241132,383,0.18402643140205208,TRENDING_UP,1.19166972701677,0.0
2010-02-12,58.5635359116022,8.596039967385545,1.9337016574585635,2.0558129425124982,362,0.18849219740718384,TRENDING_UP,1.1938359370458713,1.0
2010-02-15,50.57803468208093,6.002388256422714,1.4450867052023122,-1.6475990889186332,346,0.20062871465519558,RANGING,1.1928238132884492,0.0
2010-02-16,55.86734693877551,15.66252604102358,2.0408163265306123,2.536051086881831,392,0.20807721826776382,RANGING,1.2013392455024114,1.0
2010-02-17,61.6751269035533,11.430055387314491,2.7918781725888326,1.7390066212977724,394,0.21650862343162802,RANGING,1.2163008546592766,2.0
2010-02-18,60.20671834625323,7.246147852304171,2.3255813953488373,0.5650146701918737,387,0.2194103084469585,RANGING,1.195666022873206,3.0
2010-02-19,64.1025641025641,7.83139664015235,1.282051282051282,1.0163379418611145,390,0.23366180384464663,TRENDING_UP,1.1434650627813647,0.0
2010-02-22,63.44647519582245,7.585031985018673,2.088772845953003,-0.29738942445117034,383,0.2252488878080692,TRENDING_UP,1.1232363481820173,1.0
2010-02-23,53.94736842105263,10.0305563409814,0.5263157894736842,-1.2936924236761083,380,0.2435938607274256,TRENDING_UP,1.1562293545014695,2.0
2010-02-24,45.13513513513514,17.163695129358246,1.3513513513513513,-0.9116393091464473,370,0.2682482764796634,RANGING,1.2141886688044203,0.0
2010-02-25,44.71544715447154,9.941767773874131,1.3550135501355014,-0.7290667344261658,369,0.26535498468579505,RANGING,1.2256637671624693,1.0
2010-02-26,42.3728813559322,7.753095976697686,1.4124293785310735,0.2090587495064226,354,0.26120899206470694,RANGING,1.1411565171742202,2.0
2010-03-01,31.351351351351354,7.863542825830942,1.3513513513513513,-3.567409913577296,370,0.3115845452624365,RANGING,1.2273215863019387,3.0
2010-03-02,30.81232492997199,10.594335850922857,0.5602240896358543,0.4606625462377107,357,0.3089246294811704,RANGING,1.2458898075607647,4.0
2010-03-03,26.287262872628723,7.714145700343834,0.27100271002710025,-2.6539688367947862,369,0.32620038499064624,RANGING,1.3043517495219996,5.0
2010-03-04,26.301369863013697,8.70015401678372,0.0,1.529317503180703,365,0.3322926481342278,RANGING,1.3264217218470644,6.0
2010-03-05,31.70731707317073,10.444154343425902,0.8130081300813009,1.8009082677725519,369,0.32659326127104105,RANGING,1.2890324309780825,7.0
2010-03-08,35.294117647058826,9.321567170598087,0.8021390374331552,0.9990757255197923,374,0.3209633922117448,RANGING,1.301771320682656,8.0
2010-03-09,38.196286472148536,7.503348403134841,1.8567639257294428,0.131336386911212,377,0.32345123449735164,TRENDING_UP,1.3132942271557344,0.0
2010-03-10,38.21989528795812,17.9190878741909,1.3089005235602094,1.2840629946093944,382,0.3175578990258266,TRENDING_UP,1.2917706525715935,1.0
2010-03-11,38.28125,7.473581272492563,0.78125,-0.29145940327473874,384,0.3083042161127318,TRENDING_UP,1.299320829579845,2.0
2010-03-12,38.37535014005603,12.718051904545025,2.801120448179272,2.3086898838226793,357,0.31420423847316614,TRENDING_UP,1.3269113573821636,3.0
2010-03-15,36.60477453580902,8.868480288595357,1.8567639257294428,-0.48887892438849573,377,0.29955824579156287,TRENDING_UP,1.3018154424118662,4.0
2010-03-16,37.34015345268542,10.199277550237928,1.0230179028132993,-1.2794185153734887,391,0.2844161657946527,TRENDING_UP,1.3196479035627893,5.0
2010-03-17,36.702127659574465,17.360309158120852,1.0638297872340425,1.311968679674036,376,0.2756128509278467,TRENDING_UP,1.3037935656433888,6.0
2010-03-18,34.42622950819672,11.04946081746415,0.273224043715847,-0.6306482939540671,366,0.28561291074148043,TRENDING_UP,1.2911638540468635,7.0
2010-03-19,36.60477453580902,12.24323426772597,1.0610079575596816,1.6318370283915988,377,0.26909532183291285,TRENDING_UP,1.2749614285871387,8.0
2010-03-22,31.652661064425768,7.504622040821498,1.680672268907563,-1.0197031971533583,357,0.26917832219051907,TRENDING_UP,1.278736569527315,9.0
2010-03-24,34.715025906735754,7.260294544527957,2.072538860103627,0.38159842870252797,386,0.26089206241714447,TRENDING_UP,1.2733152183018948,10.0
2010-03-25,33.6,41.264589641589794,1.866666666666667,2.5286215240821597,375,0.2359156015186659,TRENDING_UP,1.2410153816074385,11.0
2010-03-26,38.9041095890411,8.936495319681162,3.0136986301369864,1.6648779395256965,365,0.2389978244877459,TRENDING_UP,1.1923439992187728,12.0
2010-03-29,33.50923482849604,9.609500185609296,2.3746701846965697,-0.7400005124390169,379,0.23122301196982795,TRENDING_UP,1.237453338451101,13.0
2010-03-30,34.92063492063492,8.181358371365075,2.91005291005291,-0.5227044866275172,378,0.18371795111570863,TRENDING_UP,1.1868247934983587,14.0
2010-03-31,34.900990099009896,8.737085628246437,1.9801980198019802,-0.20841385255686068,404,0.16548281702755308,TRENDING_UP,1.21224982634846,15.0
2010-04-01,38.65336658354115,12.853164644684917,1.99501246882793,1.8538752296967187,401,0.1326728079920401,TRENDING_UP,1.1751995994835407,16.0
2010-04-02,40.833333333333336,8.829112822329643,2.7777777777777777,1.0564742260965483,360,0.11942016070839764,TRENDING_UP,1.1740677308736465,17.0
2010-04-05,38.18615751789976,10.216791747978666,3.341288782816229,-1.4905762339010005,419,0.10531846478287052,TRENDING_UP,1.1486393359775757,18.0
2010-04-06,40.76923076923077,7.729924056229405,2.8205128205128207,1.1845435792417383,390,0.08646426263140022,TRENDING_UP,1.1577455272739805,19.0
2010-04-07,45.103092783505154,9.361622049308249,1.804123711340206,0.8026261553834899,388,0.09359546616772682,TRENDING_UP,1.1526549913000148,20.0
2010-04-08,45.73643410852713,10.78619472772281,1.550387596899225,1.240383567698326,387,0.09711010400647943,TRENDING_UP,1.1636842969667425,21.0
2010-04-09,45.54973821989529,6.757375739006083,2.094240837696335,0.19488814587229525,382,0.09768790686744043,TRENDING_UP,1.1434983932305953,22.0
2010-04-12,43.96782841823057,7.054823766784387,1.3404825737265416,-0.21113589767855998,373,0.0948350802217274,TRENDING_UP,1.1121804192213998,23.0
2010-04-13,41.269841269841265,8.03065722638282,0.7936507936507936,-1.044032281191203,378,0.11974809871123063,TRENDING_UP,1.109383030972185,24.0
2010-04-14,44.474393530997304,7.071236493213969,0.8086253369272237,0.84945929242244,371,0.10229542839619654,TRENDING_UP,1.091432312163224,25.0
2010-04-15,46.34146341463415,7.859938865018556,2.168021680216802,1.5842358103992389,369,0.1211974212692691,TRENDING_UP,1.079005607133524,26.0
2010-04-16,48.78706199460917,9.550168525270552,2.6954177897574128,0.5968877013088991,371,0.1191662009927544,TRENDING_UP,1.0864172860840522,27.0
2010-04-19,48.812664907651715,9.74448828362615,1.58311345646438,1.064236447986113,379,0.11652479258061815,TRENDING_UP,1.0873130719370787,28.0
2010-04-20,49.865951742627345,6.614450961092593,1.876675603217158,0.057981807315656275,373,0.11528626704248104,TRENDING_UP,1.10439110202302,29.0
2010-04-21,47.229551451187334,25.80536696410152,1.0554089709762533,1.439944734501666,379,0.10808577020077743,TRENDING_UP,1.073727527593883,30.0
2010-04-22,48.45360824742268,9.589180394630985,1.804123711340206,0.5265592121753611,388,0.13172610363059198,TRENDING_UP,1.0649825956298318,31.0
2010-04-23,54.19847328244275,13.662603334492543,1.7811704834605597,3.048474793368098,393,0.13531104256954768,TRENDING_UP,1.0608153271933811,32.0
2010-04-26,52.94117647058824,13.739936335848894,2.696078431372549,1.9521585695621038,408,0.11217681629972183,TRENDING_UP,1.0498305762302775,33.0
2010-04-27,50.98522167487685,61.792293894933145,2.4630541871921183,2.8516586796801566,406,0.07693882318738285,TRENDING_UP,1.0340135216679205,34.0
2010-04-28,46.116504854368934,10.184726423708831,1.4563106796116505,-0.5024254253268274,412,0.09309896343372526,TRENDING_UP,0.9997651872512862,35.0
2010-04-29,45.036319612590795,12.933292345975959,1.4527845036319613,0.22068400910857586,413,0.11226473224475128,RANGING,1.0127713749793177,0.0
2010-04-30,42.14463840399002,13.590779041493173,1.2468827930174564,0.08535266713887905,401,0.11137536874807473,RANGING,0.9649534144217771,1.0
2010-05-03,37.79527559055118,7.714443581477259,1.3123359580052494,-0.810140017466909,381,0.13675741020470658,RANGING,0.9818556498605348,2.0
2010-05-04,42.028985507246375,6.48705407219391,1.4492753623188406,1.2582132829436004,414,0.1350674072914784,RANGING,0.984589826285665,3.0
2010-05-05,38.88888888888889,9.542418585087495,1.6908212560386473,0.13637916466035874,414,0.1336082638641504,TRENDING_UP,0.9900594030907822,0.0
2010-05-06,42.95774647887324,9.361502403181504,1.8779342723004695,2.1070929245985397,426,0.1350753381515748,TRENDING_UP,0.9728544733690164,1.0
2010-05-07,40.25316455696203,10.27935088152658,2.0253164556962027,-0.19585588734538478,395,0.1497012300679297,RANGING,1.0990491137101155,0.0
2010-05-10,35.16209476309227,9.751568297468344,0.997506234413965,-0.3851130810845138,401,0.1459843964528695,RANGING,1.090872596990324,1.0
2010-05-11,34.82587064676617,10.87395251919629,0.7462686567164178,0.39452000124225245,402,0.14761865646551386,RANGING,1.1486489133905808,2.0
2010-05-12,33.25,7.874488526228795,1.0,-0.8960432980872851,400,0.1418899754652432,RANGING,1.1806351765401055,3.0
2010-05-13,35.69620253164557,7.608357139699022,1.0126582278481013,1.2578806230917319,395,0.14020101297920773,RANGING,1.1594510249505827,4.0
2010-05-14,36.11793611793612,7.972950263524921,0.7371007371007371,-0.5260377448250475,407,0.13483638344745505,RANGING,1.1791366773399972,5.0
2010-05-17,29.551451187335093,7.1115085617973,0.2638522427440633,-2.4892025067789434,379,0.1998791500512529,RANGING,1.3007735883656792,6.0
2010-05-18,30.38961038961039,10.351841121959058,0.2597402597402597,0.8820859261644303,385,0.213921588752106,RANGING,1.302380272246491,7.0
2010-05-19,28.26666666666667,7.1989885422150435,0.8,-1.4540595005706236,375,0.22231058114568317,RANGING,1.321586779754111,8.0
2010-05-20,26.649076517150394,8.15595575960355,0.79155672823219,-0.9496017644665401,379,0.22261209442678148,RANGING,1.333385034122522,9.0
2010-05-21,25.72178477690289,8.922084183558695,0.7874015748031495,0.14371627912634435,381,0.20708486582976804,RANGING,1.4082843353769985,10.0
2010-05-24,20.47244094488189,8.250008850929767,0.26246719160104987,-2.4586416198748937,381,0.2445653293852704,RANGING,1.4994719950946656,11.0
2010-05-25,16.27358490566038,10.180802498693078,0.2358490566037736,-4.980477882225466,424,0.3257773842521859,VOLATILE,1.7068040948449603,0.0
2010-05-26,14.948453608247423,10.945035354446238,0.25773195876288657,1.666629645510433,388,0.3535781925852561,VOLATILE,1.7487658078041546,1.0
2010-05-27,17.66109785202864,12.099212792239536,0.0,-1.8517719430675534,419,0.3463518938129296,VOLATILE,1.8248627908775163,2.0
2010-05-28,16.927083333333336,9.491116476756364,0.78125,1.1659540230465135,384,0.357798312510749,VOLATILE,1.8561623333315866,3.0
2010-05-31,16.137566137566136,9.813560989239468,0.26455026455026454,-1.6659369109286732,378,0.3739997602912578,VOLATILE,1.955471660079649,4.0
2010-06-01,15.86021505376344,12.037168762335538,0.2688172043010753,-1.7807879805638243,372,0.36485415145041045,VOLATILE,1.961345702364278,5.0
2010-06-02,18.20580474934037,9.674247386528751,0.5277044854881267,3.7228663533747928,379,0.4001931843884563,VOLATILE,1.9665366888934297,6.0
2010-06-03,19.75,8.791201859222511,0.5,2.010486233505786,400,0.39756049007444777,VOLATILE,2.004011931859523,7.0
2010-06-04,18.328840970350406,9.526257301292336,0.5390835579514826,0.7001451040950454,371,0.4202745101224229,VOLATILE,1.909196752475907,8.0
2010-06-07,22.670025188916874,8.959083947463835,1.2594458438287155,2.7169598016685326,397,0.4239241780337088,VOLATILE,1.9801636906585633,9.0
2010-06-08,19.4300518134715,10.26526202827799,1.5544041450777202,-0.627209136972462,386,0.4239883495104596,VOLATILE,1.949126154722289,10.0
2010-06-09,17.142857142857142,11.300132040836262,1.0389610389610389,-0.6441479860501195,385,0.4194633803774523,VOLATILE,1.9369822222314088,11.0
2010-06-10,13.123359580052494,10.835746137891208,0.7874015748031495,-2.877750173605397,381,0.4375283283628662,VOLATILE,2.1309188488429385,12.0
2010-06-11,18.666666666666668,11.153611717162487,0.26666666666666666,2.2976090945132666,375,0.4460238894382078,VOLATILE,2.115256696145758,13.0
2010-06-14,11.597938144329897,11.64098955733602,0.25773195876288657,-4.4725921165993485,388,0.4373897474509616,VOLATILE,2.2207408771777777,14.0
2010-06-15,11.052631578947368,14.04392976968602,0.7894736842105263,1.2928272763193374,380,0.44170127021340105,VOLATILE,2.260249390576777,15.0
2010-06-16,14.435695538057743,9.581741024021337,0.7874015748031495,2.470698276396372,381,0.44696242849215884,VOLATILE,2.255867405328881,16.0
2010-06-17,17.391304347826086,15.979634099254058,1.0230179028132993,3.2013910954663434,391,0.43469915820934796,VOLATILE,2.3508299825043846,17.0
2010-06-18,18.89763779527559,11.375181089299756,1.574803149606299,1.2052462223683778,381,0.4558118686353794,VOLATILE,2.3761910735446126,18.0
2010-06-21,15.404699738903393,10.055058470186465,1.5665796344647518,-1.1482650073270704,383,0.4457925914360706,VOLATILE,2.300307108250478,19.0
2010-06-22,17.48768472906404,9.56305650269457,1.7241379310344827,0.5050929272545501,406,0.40834104624230216,VOLATILE,2.159229399565394,20.0
2010-06-23,17.067307692307693,30.994843198809058,1.201923076923077,1.2740018032844955,416,0.3948185873693703,VOLATILE,2.0477098706279424,21.0
2010-06-24,15.326633165829145,12.795471948775033,1.0050251256281406,-1.3918746289204549,398,0.40441006217960235,VOLATILE,1.9733473313119327,22.0
2010-06-25,14.356435643564355,12.593915041038635,1.2376237623762376,-0.3237793517169339,404,0.3915657988113307,VOLATILE,1.9545261997478778,23.0
2010-06-28,13.681592039800993,17.936863543400005,0.7462686567164178,-0.36548118800024276,402,0.3852286428792365,VOLATILE,1.9659516830290897,24.0
2010-06-29,16.793893129770993,10.883348977939583,0.5089058524173028,1.5636094175089548,393,0.38288900490322086,VOLATILE,1.9589096302526376,25.0
2010-06-30,20.151133501259448,15.375543580514492,1.0075566750629723,1.7906576373778602,397,0.3595583434917768,VOLATILE,1.9105504988217337,26.0
2010-07-01,21.22093023255814,11.810784672487362,1.744186046511628,2.3526053355543324,344,0.3735017241324391,VOLATILE,1.8471450489621313,27.0
2010-07-02,24.33234421364985,11.8155583324711,0.5934718100890208,1.7951770730239753,337,0.38109182260633895,VOLATILE,1.8293040066407849,28.0
2010-07-05,25.766871165644172,17.125251507573527,0.6134969325153374,1.5877606007816314,326,0.3725699236416683,VOLATILE,1.7395053107656495,29.0
2010-07-06,27.13864306784661,10.210157935768049,0.0,0.7509450314000854,339,0.3695179829138772,VOLATILE,1.7389767315565223,30.0
2010-07-07,29.275362318840582,11.999294937311111,1.7391304347826086,2.2972335570324245,345,0.36542135960143224,VOLATILE,1.7617871454560876,31.0
2010-07-08,28.57142857142857,9.133007238872924,1.3736263736263736,-0.5787972371561109,364,0.3270676725783063,VOLATILE,1.6364786902734931,32.0
2010-07-09,37.735849056603776,12.959462560747488,1.6172506738544474,0.8338282846595636,371,0.30416112358249836,VOLATILE,1.626313362207252,33.0
2010-07-12,38.37535014005603,30.259791395916654,1.1204481792717087,3.7832482032801105,357,0.2059528116894923,VOLATILE,1.5090584593554315,34.0
2010-07-13,43.360433604336045,12.631673700718936,0.8130081300813009,3.070864318529264,369,0.19710060821617392,RANGING,1.4684195696341464,0.0
2010-07-14,48.1283422459893,9.93660555294044,1.3368983957219251,2.036064479046508,374,0.1813691747380919,RANGING,1.4050800039265754,1.0
2010-07-15,48.01136363636363,10.149188499317672,1.9886363636363635,0.8899273978383939,352,0.16574313536647825,TRENDING_UP,1.3103419243645906,0.0
2010-07-16,52.89017341040463,10.01466286282319,1.4450867052023122,1.0246588192408344,346,0.16275465548594073,TRENDING_UP,1.2514612683858868,1.0
2010-07-19,52.824858757062145,15.223486773412347,1.4124293785310735,1.6010369843995733,354,0.15917690507440407,TRENDING_UP,1.2536647764866204,2.0
2010-07-20,54.310344827586206,9.82428076198511,0.5747126436781609,0.02322434403397388,348,0.15350632290990765,TRENDING_UP,1.218066961712059,3.0
2010-07-21,55.27065527065527,15.608970332052126,1.1396011396011396,1.5512481541686391,351,0.14565037165065423,TRENDING_UP,1.2479199298809978,4.0
2010-07-22,55.00000000000001,8.871754839302932,0.7894736842105263,0.5837068793591758,380,0.13835358178530632,TRENDING_UP,1.2283235864016147,5.0
2010-07-23,60.66838046272493,11.313830821898197,1.2853470437017995,1.3544766881400419,389,0.12085654085432923,TRENDING_UP,1.2046913182155483,6.0
2010-07-26,52.112676056338024,13.881017568906268,1.4084507042253522,-0.4165870526636205,355,0.11252067761810235,TRENDING_UP,1.139004125201017,7.0
2010-07-27,57.417582417582416,13.575555215189853,0.5494505494505495,2.6476733298151154,364,0.108208478722405,TRENDING_UP,1.1018675590796807,8.0
2010-07-28,60.597826086956516,9.071560320290567,1.0869565217391304,0.5535863148523387,368,0.10653960122310673,TRENDING_UP,1.0552696408398006,9.0
2010-07-29,59.891598915989164,13.464889441118432,0.5420054200542005,-0.20386619759231897,369,0.10097217580645024,TRENDING_UP,1.0557245853394976,10.0
2010-07-30,66.47398843930635,49.99130061871335,1.4450867052023122,4.528681174398608,346,0.11056873036780447,TRENDING_UP,1.0615437559772682,11.0
2010-08-02,61.69014084507042,11.538199104208786,1.6901408450704223,0.3577024183836603,355,0.12568065285952346,TRENDING_UP,1.141790692271581,12.0
2010-08-03,62.38805970149254,8.796690672249069,1.1940298507462688,0.2454835351628002,335,0.12484772739183536,TRENDING_UP,1.1373817939595576,13.0
2010-08-04,60.387811634349035,10.604753369239482,1.9390581717451523,0.2896599865898998,361,0.11286661365345681,TRENDING_UP,1.0760066870254592,14.0
2010-08-05,58.265582655826556,8.595095090425703,1.3550135501355014,0.05192280085614846,369,0.14749958468087798,TRENDING_UP,1.073353027322997,15.0
2010-08-06,55.61959654178674,16.595765823545563,0.8645533141210375,0.9894285553150467,347,0.14970792990950435,TRENDING_UP,1.0649866216845054,16.0
2010-08-09,40.476190476190474,13.018916816356295,0.2976190476190476,-2.2887686221924337,336,0.2558430036325416,RANGING,1.2150665257026607,0.0
2010-08-10,34.30232558139535,116.58326216303335,0.29069767441860467,4.883874380097984,344,0.15056697773107086,RANGING,1.2415591084801154,1.0
2010-08-11,34.31085043988269,10.98349401124995,0.5865102639296188,-0.4255737807021309,341,0.14151685170877545,RANGING,1.251068280867749,2.0
2010-08-12,35.294117647058826,10.771818203340745,0.6535947712418301,-0.347832207975418,306,0.13840224863222358,RANGING,1.2426412847793438,3.0
2010-08-13,37.15277777777778,9.123088767947511,0.3472222222222222,0.04191988914965927,288,0.14190371876821356,RANGING,1.2109133627258268,4.0
2010-08-16,28.059701492537314,13.470550069791878,0.2985074626865672,-4.445804896304148,335,0.258962619330381,RANGING,1.374632620085918,5.0
2010-08-17,28.075709779179807,12.669520127765905,0.6309148264984227,2.039261591144434,317,0.2677392116297921,RANGING,1.4231562871659025,6.0
2010-08-18,30.793650793650794,9.387335819179308,0.31746031746031744,-0.32062275894443015,315,0.256168130699524,RANGING,1.4066872746007228,7.0
2010-08-19,30.815709969788518,13.216665687594904,0.906344410876133,2.5391541959103288,331,0.2627021802744661,RANGING,1.4398823673967607,8.0
2010-08-20,35.88957055214724,8.208341315028791,0.6134969325153374,-0.6626930506056614,326,0.24103229260557762,RANGING,1.4346687139211975,9.0
2010-08-23,32.587859424920126,12.957565976713294,0.9584664536741214,0.9501714616540244,313,0.24766720312736748,RANGING,1.4551013544501206,10.0
2010-08-24,28.443113772455092,10.024260809094761,1.4970059880239521,-0.7029568869876146,334,0.23434587702873186,VOLATILE,1.5298267022372776,0.0
2010-08-25,25.730994152046783,14.511581947444794,1.1695906432748537,-1.233606003018326,342,0.2326375791543723,VOLATILE,1.610791924896981,1.0
2010-08-26,29.141104294478527,13.963188221856926,1.5337423312883436,2.022778679921344,326,0.24813838786017442,VOLATILE,1.617675444499746,2.0
2010-08-27,25.085910652920962,15.847883213904355,1.3745704467353952,1.4753195447885503,291,0.2563464169745333,VOLATILE,1.6067679927823664,3.0
2010-08-30,26.01880877742947,8.040867092685795,0.9404388714733543,-1.4673819279009899,319,0.2405983224936942,VOLATILE,1.5728971609071496,4.0
2010-08-31,30.606060606060602,13.028252037981352,0.9090909090909091,3.0329130911644384,330,0.26287040523203314,VOLATILE,1.6389705545166906,5.0
2010-09-01,28.115015974440894,8.562025954216985,1.2779552715654952,-0.7830711975285121,313,0.2590842360661684,VOLATILE,1.6665451168829577,6.0
2010-09-02,32.9073482428115,7.97033242753343,0.6389776357827476,0.46188073603238605,313,0.2598890055394677,VOLATILE,1.6674621961324978,7.0
2010-09-03,27.402135231316727,9.767218301872282,0.3558718861209964,-0.2666048354336678,281,0.26938924899604927,VOLATILE,1.684076981900555,8.0
2010-09-06,28.802588996763756,15.117854148900722,0.3236245954692557,0.6110881418345325,309,0.25422145149489855,VOLATILE,1.5430038841553246,9.0
2010-09-07,28.666666666666668,11.650400024527224,1.6666666666666667,0.2476315045254973,300,0.30654628959821256,RANGING,1.489258463665888,0.0
2010-09-08,36.688311688311686,16.56326869206971,1.2987012987012987,3.169483616359556,308,0.3276597957225265,RANGING,1.4908003433379189,1.0
2010-09-09,37.66233766233766,9.7081136937126,0.3246753246753247,0.8334236567201967,308,0.32209179898414964,RANGING,1.466607553346228,2.0
2010-09-14,39.541547277936964,11.985156953023468,0.0,1.9450466748534236,349,0.31206553760164374,VOLATILE,1.5268970642883666,0.0
2010-09-15,39.42028985507247,9.581613134017454,1.1594202898550725,0.5194803719061846,345,0.26368505250597907,RANGING,1.4247350090627926,0.0
2010-09-16,40.114613180515754,15.424358783320836,0.28653295128939826,2.260276716109048,349,0.24590340890549647,RANGING,1.3983881626891488,1.0
2010-09-17,43.14868804664723,8.615194908370425,0.0,1.6734014673464541,343,0.2547073931384447,RANGING,1.3969503539749923,2.0
2010-09-20,44.11764705882353,19.72486434056765,1.06951871657754,0.829788822306983,374,0.23259421981003012,RANGING,1.3341524586677886,3.0
2010-09-21,38.227146814404435,10.12824158898218,0.8310249307479225,-0.6115710832579319,361,0.24671964755681886,RANGING,1.3660045033775319,4.0
2010-09-22,32.448377581120944,9.242172442953795,0.8849557522123894,-1.2981876988731769,339,0.2708309072924097,RANGING,1.3709555799976252,5.0
2010-09-23,33.23442136498516,11.973473573561515,0.8902077151335311,-0.011823045795372975,337,0.2623514677588363,RANGING,1.3407386386670435,6.0
2010-09-24,39.55431754874652,10.168287689018554,0.8356545961002786,2.5330746373573865,359,0.24361325786032464,RANGING,1.2715337379975655,7.0
2010-09-27,39.2,11.439779317224422,1.0666666666666667,-0.021107540866270015,375,0.2298352806442639,RANGING,1.2873120997827239,8.0
2010-09-28,39.66480446927375,21.7129400952965,1.675977653631285,1.5077545346712928,358,0.23794498810177198,TRENDING_UP,1.2837551484961003,0.0
2010-09-29,37.77777777777778,9.131723806306859,1.6666666666666667,0.5343385462053173,360,0.2292429080837845,TRENDING_UP,1.2424256030332488,1.0
2010-09-30,40.87193460490463,7.645927687957224,2.997275204359673,0.7838719225950289,367,0.19591931668169651,TRENDING_UP,1.136642129325865,2.0
2010-10-01,39.130434782608695,9.277245059939426,1.7391304347826086,1.666844342068819,345,0.20446507751479773,TRENDING_UP,1.120917824751752,3.0
2010-10-04,37.83783783783784,11.105381059221175,1.3513513513513513,-0.3780512633771673,370,0.19150556155451523,TRENDING_UP,1.0846508173693845,4.0
2010-10-05,37.6,11.865118759075713,0.0,-0.2830384848250311,375,0.1917681267327274,TRENDING_UP,1.0568077758691896,5.0
2010-10-06,35.86387434554974,9.765072604047123,0.2617801047120419,0.04940786015999491,382,0.19370112912636317,TRENDING_UP,1.0464276883071302,6.0
2010-10-07,44.11764705882353,10.731301583837796,1.8716577540106951,1.7592578852106593,374,0.20623934953124873,TRENDING_UP,1.074204645357782,7.0
2010-10-08,48.55643044619423,11.27133085167961,1.3123359580052494,0.5816082742482018,381,0.1776650887576173,TRENDING_UP,1.0347566585578842,8.0
2010-10-11,46.1139896373057,24.932682823271566,1.5544041450777202,1.6974142594472694,386,0.16866618639068767,TRENDING_UP,1.0324619086738178,9.0
2010-10-12,46.51162790697674,16.154144381201316,1.8087855297157622,0.43583804431523754,387,0.1570822282292294,TRENDING_UP,0.9581260997266907,10.0
2010-10-13,50.0,12.64579427391488,0.8021390374331552,1.6952355905680803,374,0.16953583654191393,TRENDING_UP,0.948491670332062,11.0
2010-10-14,54.37665782493368,17.663275103038476,1.0610079575596816,2.2960740803030393,377,0.17284379966137806,TRENDING_UP,0.9182036349243253,12.0
2010-10-15,53.84615384615385,8.027045334259183,1.0610079575596816,0.25628303700308475,377,0.17286595039419106,TRENDING_UP,0.8945497630331756,13.0
2010-10-18,55.44041450777202,14.722316350372866,1.5544041450777202,0.9913604258134765,386,0.17273212543715785,TRENDING_UP,0.9114454918216504,14.0
2010-10-19,55.81395348837209,14.04576158834071,1.03359173126615,0.7172381223150015,387,0.15724792098289836,TRENDING_UP,0.8860054907409431,15.0
2010-10-20,57.994579945799465,11.671390216494405,1.084010840108401,1.2257696088769807,369,0.14726170706100458,TRENDING_UP,0.8785173020841074,16.0
2010-10-21,56.05263157894736,15.338884227589013,1.0526315789473684,1.04209554663456,380,0.12294458390089988,TRENDING_UP,0.8775573600637947,17.0
2010-10-22,58.15789473684211,9.112140191669019,1.8421052631578945,0.6233942667000936,380,0.11911187246538073,TRENDING_UP,0.9021655051218118,18.0
2010-10-25,61.64383561643836,12.12855893596176,2.73972602739726,2.130310633772768,365,0.1232146984702662,TRENDING_UP,0.8936621040741943,19.0
2010-10-26,59.16230366492147,16.554191709581755,2.6178010471204187,0.2820686337461977,382,0.11895649260085027,TRENDING_UP,0.9045331506875018,20.0
2010-10-27,60.54054054054055,28.508792719119995,1.3513513513513513,2.975580605748546,370,0.1098581931949437,TRENDING_UP,0.9161438169833034,21.0
2010-10-28,55.154639175257735,11.055524897663364,1.804123711340206,-0.48839438324713585,388,0.113609637910956,TRENDING_UP,0.9493897032343238,22.0
2010-10-29,56.13079019073569,8.49569632183467,1.9073569482288828,0.44927532513676877,367,0.11725595326772954,TRENDING_UP,0.9462466032608703,23.0
2010-11-01,53.562005277044854,10.331109874707474,1.3192612137203166,-0.42399521472839646,379,0.11820045810759261,TRENDING_UP,0.9988024599863178,24.0
2010-11-02,57.33695652173913,8.418405527680576,0.8152173913043478,1.4069238779974718,368,0.11387693618451929,TRENDING_UP,1.029206496615293,25.0
2010-11-03,55.3475935828877,7.562720626041882,1.06951871657754,-0.8846582229006322,374,0.12781646962066498,TRENDING_UP,1.078661474054994,26.0
2010-11-04,54.82093663911846,9.32042325406047,1.1019283746556474,0.14587236042510268,363,0.10858959741385707,TRENDING_UP,1.0491404095797228,27.0
2010-11-05,59.178082191780824,7.3277444581280315,1.643835616438356,1.7291776804918708,365,0.1261023019604825,TRENDING_UP,1.0791582429700433,28.0
2010-11-08,58.18181818181818,12.16385926428771,2.0779220779220777,1.4566427609873043,385,0.12734909947412323,TRENDING_UP,1.092707791286249,29.0
2010-11-10,57.105943152454785,9.152138095783156,1.8087855297157622,-0.01965685587372057,387,0.13261064339112305,TRENDING_UP,1.1177222686287807,30.0
2010-11-11,58.71313672922251,7.754579220808692,2.1447721179624666,0.5141690446753423,373,0.13057032340339017,TRENDING_UP,1.112575239059388,31.0
2010-11-12,60.55555555555555,10.971984765195039,1.3888888888888888,0.7510344637110694,360,0.1314590915900662,TRENDING_UP,1.1106793991550503,32.0
2010-11-15,62.634408602150536,10.541715768293576,1.6129032258064515,1.2565464421775943,372,0.12302946374941963,TRENDING_UP,1.1203063343003674,33.0
2010-11-16,60.052219321148826,10.49325344364698,2.3498694516971277,-0.06537670457403669,383,0.1209810714509149,TRENDING_UP,1.1006565748677735,34.0
2010-11-22,67.41573033707866,9.191698268275305,2.8089887640449436,2.017486672089409,356,0.1459503380728349,TRENDING_UP,1.1502216701291479,35.0
2010-11-23,63.44086021505376,12.676737215994898,2.4193548387096775,0.8097866770666684,372,0.1410823293680684,TRENDING_UP,1.1661171828353367,36.0
2010-11-24,62.00527704485488,9.290565403161983,1.0554089709762533,0.6616212212194087,379,0.13993128119761677,TRENDING_UP,1.1707753502294524,37.0
2010-11-25,67.40331491712708,9.136886054618081,1.6574585635359116,0.38487020919584436,362,0.14613250023034385,TRENDING_UP,1.1578541831681837,38.0
2010-11-26,62.96296296296296,14.486239645190347,1.8518518518518516,1.3498054846750365,378,0.13350833021681374,TRENDING_UP,1.132039242639314,39.0
2010-11-29,65.07042253521126,9.244857445072656,0.8450704225352111,1.2402596168378732,355,0.133306418887057,TRENDING_UP,1.1066939103841746,40.0
2010-11-30,67.5257731958763,10.316757435064348,1.804123711340206,1.7992972494583672,388,0.16704444142240163,TRENDING_UP,1.1125293286193925,41.0
2010-12-01,65.85365853658537,7.966570470291442,2.168021680216802,-0.7261682283075382,369,0.16720586976423354,TRENDING_UP,1.0962491790540025,42.0
2010-12-02,66.57754010695187,8.763053438395147,1.8716577540106951,1.0835316735883982,374,0.16697703411754045,TRENDING_UP,1.1060955344667227,43.0
2010-12-03,70.11173184357543,7.368057623042607,2.2346368715083798,1.3064001731208226,358,0.1754120116101503,TRENDING_UP,1.0800488486550825,44.0
2010-12-06,67.828418230563,6.893179950575248,2.949061662198391,-0.10107774991943991,373,0.15166896303383218,TRENDING_UP,1.0428257869051494,45.0
2010-12-07,67.67123287671232,7.933334528892259,2.4657534246575343,0.3779349138069214,365,0.14846725156412122,TRENDING_UP,1.012071549233182,46.0
2010-12-08,69.53125,10.185238850820886,3.90625,1.9555870741434482,384,0.14895885706424372,TRENDING_UP,1.0280027480818883,47.0
2010-12-09,64.85788113695091,7.8678602650497345,3.10077519379845,0.2279183127413215,387,0.14323538644435624,TRENDING_UP,0.9773672778066385,48.0
2010-12-10,71.54046997389034,17.301698304999743,4.43864229765013,3.824414540987632,383,0.1528514734309393,TRENDING_UP,0.9681105940021482,49.0
2010-12-13,73.57512953367875,6.85378065847088,4.404145077720207,0.6593383751385006,386,0.1464815747671372,TRENDING_UP,0.9551173653861582,50.0
2010-12-14,73.93483709273183,8.916320760496408,3.007518796992481,0.5424784852703137,399,0.1460619545362131,TRENDING_UP,0.9583521808262746,51.0
2010-12-15,69.43005181347151,10.3013145097154,4.145077720207254,0.5122964437862564,386,0.14491487586302518,TRENDING_UP,0.9788615223538948,52.0
2010-12-20,72.97297297297297,8.58679829438618,3.194103194103194,1.8920455161893999,407,0.13804832750401533,TRENDING_UP,0.994858004078136,53.0
2010-12-21,71.01063829787235,5.514950506239844,2.393617021276596,-0.5775754540920612,376,0.15746826196409067,TRENDING_UP,1.0024473448760527,54.0
2010-12-22,68.84816753926701,6.393707230690799,2.094240837696335,0.3765598175677361,382,0.14941821570167813,TRENDING_UP,0.9323111045843326,55.0
2010-12-23,68.36461126005362,7.540300817023316,2.680965147453083,-0.3809729988271607,373,0.15554079171394694,TRENDING_UP,0.9522947418049802,56.0
2010-12-24,68.86543535620054,9.7402981357478,3.95778364116095,1.2943807546208188,379,0.15471826580709788,TRENDING_UP,0.9383614841075835,57.0
2010-12-27,73.87862796833772,9.416563939074582,3.16622691292876,0.9396861723686142,379,0.1499670707188924,TRENDING_UP,0.9202433640393203,58.0
2010-12-28,66.13333333333333,8.50030139332021,2.4,-0.4938658761412739,375,0.17615513345724265,TRENDING_UP,0.9497132439515374,59.0
2010-12-29,68.81443298969072,7.86740649367521,1.5463917525773196,0.29689386903497234,388,0.17099622116832092,TRENDING_UP,0.9772194561341824,60.0
2010-12-30,69.21052631578948,6.7060861554717786,2.368421052631579,0.4378826925696216,380,0.16440165642618426,TRENDING_UP,0.9797314706610846,61.0
2010-12-31,72.07446808510637,15.866321211776425,3.723404255319149,1.9155243504062147,376,0.1406573297054789,TRENDING_UP,0.9752870876675843,62.0
2011-01-03,61.38328530259366,5.994647501132075,1.1527377521613833,-2.6433123145918613,347,0.21895167338784396,TRENDING_UP,1.0408280208549603,63.0
2011-01-04,70.52631578947368,8.367661119053883,4.2105263157894735,2.4608298666964488,380,0.23349503222241483,TRENDING_UP,1.0897412607161217,64.0
2011-01-05,67.46031746031747,6.330887675604124,4.761904761904762,-0.5046512095997226,378,0.2383719796195413,TRENDING_UP,1.131511493438676,65.0
2011-01-06,70.8994708994709,7.737585173099101,3.968253968253968,1.81956766477037,378,0.24723265351548443,TRENDING_UP,1.1818627383358755,66.0
2011-01-07,71.3157894736842,51.96119067746778,4.2105263157894735,3.7894532389224094,380,0.20946366646335032,TRENDING_UP,1.1565141447602083,67.0
2011-01-10,67.61658031088082,6.778993614682974,4.66321243523316,-1.0769014700709563,386,0.21390771176003764,TRENDING_UP,1.2375819675461344,68.0
2011-01-11,64.9746192893401,8.133801721142282,3.2994923857868024,-0.10891468910217114,394,0.21403820099273876,TRENDING_UP,1.2357047772068805,69.0
2011-01-12,65.57788944723619,12.741887749303652,4.271356783919598,1.2052212666677773,398,0.20367629288857983,TRENDING_UP,1.2497272262409997,70.0
2011-01-13,66.24040920716112,9.562235910910774,4.603580562659847,0.8677863378033619,391,0.20276646326217226,TRENDING_UP,1.2627573951959328,71.0
2011-01-14,71.3527851458886,9.077737198136818,7.6923076923076925,1.6824100663542896,377,0.21492218818852646,TRENDING_UP,1.2337535923609784,72.0
2011-01-17,73.23232323232324,11.84190906397511,6.0606060606060606,1.363407056795045,396,0.20411078172372904,TRENDING_UP,1.2274068478482014,73.0
2011-01-18,71.68831168831169,11.886945879695736,5.454545454545454,0.6826121908540613,385,0.20054159974282149,TRENDING_UP,1.2506636035569163,74.0
2011-01-19,67.2872340425532,7.619858828359045,3.9893617021276597,-0.6762749171934855,376,0.21239148355952603,TRENDING_UP,1.2946577290916166,75.0
2011-01-20,61.33333333333333,7.247791605983286,0.8,-1.7094477224119844,375,0.23278604460572286,TRENDING_UP,1.3461146467051301,76.0
2011-01-21,66.57681940700809,10.661830218999155,2.4258760107816713,1.1786327299828483,371,0.2312481031659051,TRENDING_UP,1.363225763378275,77.0
2011-01-24,58.17694369973191,8.592492169366023,2.1447721179624666,-1.2342934685643496,373,0.24090353369930226,TRENDING_UP,1.3898164921802447,78.0
2011-01-25,59.217877094972074,7.264156949870302,1.675977653631285,1.0451680738540596,358,0.24010421129009427,TRENDING_UP,1.379346887983462,79.0
2011-01-26,57.10455764075068,6.956697423972711,2.1447721179624666,-0.7163842389829317,373,0.24661064135467858,TRENDING_UP,1.3583343880724235,80.0
2011-01-27,54.61956521739131,8.69159108866674,2.989130434782609,-0.15480521964186328,368,0.24679637372057045,TRENDING_UP,1.3366113649114375,81.0
2011-01-28,54.74254742547425,9.548745566005497,3.2520325203252036,1.2453972172681378,369,0.2586647949116573,TRENDING_UP,1.3297439559645985,82.0
2011-01-31,52.054794520547944,7.5059547466925345,3.287671232876712,-0.6222329717782047,365,0.2145070813801367,TRENDING_UP,1.375034791445513,83.0
2011-02-01,44.06332453825858,12.924760770108453,2.1108179419525066,-0.550181282069491,379,0.19391372108768143,RANGING,1.3765686387938787,0.0
2011-02-02,42.24598930481284,8.30724613242049,2.941176470588235,-0.883216549036269,374,0.2105687998850829,RANGING,1.3744824335771053,1.0
2011-02-03,45.55256064690027,8.981832977075022,1.3477088948787064,1.434788243795777,371,0.19953713258978242,TRENDING_UP,1.3216013191941796,0.0
2011-02-04,47.199999999999996,9.083414274163092,2.933333333333333,0.5131190751376882,375,0.22070445107074788,TRENDING_UP,1.2924404064323611,1.0
2011-02-07,46.849315068493155,8.509130056496815,2.4657534246575343,1.319002294491367,365,0.2333704905407786,TRENDING_UP,1.2071992764352213,2.0
2011-02-08,46.11260053619303,7.570956188608658,2.4128686327077746,0.19273504781605816,373,0.22614684039176633,TRENDING_UP,1.2127880242117524,3.0
2011-02-09,45.17906336088154,8.134972123205197,1.6528925619834711,0.040746985991876254,363,0.23497271172187126,RANGING,1.2183924587455532,0.0
2011-02-10,40.8,7.487356961352219,4.533333333333333,-0.08900757555384073,375,0.2294177604633199,RANGING,1.2081260507718186,1.0
2011-02-11,35.51912568306011,9.683763729626826,2.185792349726776,-0.6190505979093662,366,0.22738524978519054,RANGING,1.3196727213660508,2.0
2011-02-14,34.07202216066482,7.637559971543171,1.9390581717451523,-0.6067005708625636,361,0.2085017830096822,RANGING,1.320649685378229,3.0
2011-02-15,36.53846153846153,4.819220651206379,0.5494505494505495,0.8013463865747393,364,0.2241753703544036,RANGING,1.3275648519491197,4.0
2011-02-17,36.02150537634409,6.9954541145805935,0.5376344086021506,-1.0911055845361775,372,0.2266783886190338,RANGING,1.306930906492166,5.0
2011-02-18,34.51086956521739,4.620567317713351,1.0869565217391304,-0.28642585879602134,368,0.21948050713364975,RANGING,1.2894532498972286,6.0
2011-02-21,34.57142857142857,9.59483947084549,1.4285714285714286,0.15394788895606176,350,0.2100410961173178,RANGING,1.296031318848478,7.0
2011-02-22,31.339031339031337,7.393294917746983,0.8547008547008548,-1.7219150370743337,351,0.2672516103611057,RANGING,1.427110283980779,8.0
2011-02-23,26.72413793103448,6.906366759284274,0.28735632183908044,-0.23642259122998244,348,0.2641849199786222,RANGING,1.4820296405060323,9.0
2011-02-24,27.98913043478261,7.229237509954298,1.358695652173913,-0.3485153468633407,368,0.261270990992906,VOLATILE,1.5082162980988405,0.0
2011-02-25,22.408963585434176,8.961156520517827,0.5602240896358543,-2.060355004702199,357,0.2940896328441791,VOLATILE,1.7135577786648066,1.0
2011-02-28,26.59279778393352,7.057925164781709,0.554016620498615,1.3872867804887177,361,0.3051049302831408,VOLATILE,1.79391331383983,2.0
2011-03-01,30.0531914893617,8.986286266975615,0.7978723404255319,2.401427983998947,376,0.33124941587456863,VOLATILE,1.7425569176882676,3.0
2011-03-02,30.05464480874317,14.97214778910639,2.185792349726776,0.8432928213732173,366,0.3465827293576229,VOLATILE,1.7020110845564997,4.0
2011-03-03,36.43835616438356,8.75985677532072,3.5616438356164384,1.5037067682714096,365,0.33340563188764005,VOLATILE,1.6743070906308457,5.0
2011-03-04,37.704918032786885,6.664205476931849,3.278688524590164,1.2749736027906327,366,0.3297744751382411,VOLATILE,1.7260165182920377,6.0
2011-03-07,35.0,9.661662791005943,2.7777777777777777,0.1462466869586977,360,0.32852444739247555,VOLATILE,1.791132025838132,7.0
2011-03-08,36.81318681318682,4.91183129828942,2.7472527472527473,-0.12329136853873562,364,0.3219075471599038,VOLATILE,1.8272514009619756,8.0
2011-03-09,40.633245382585756,22.41892597035481,2.1108179419525066,2.83231051809077,379,0.3081344646498319,VOLATILE,1.8316561058364211,9.0
2011-03-10,38.25136612021858,5.349292308260354,2.459016393442623,-0.1746228629571101,366,0.3135031714181997,VOLATILE,1.8361195435513886,10.0
2011-03-11,38.30409356725146,4.9628480546345,2.923976608187134,0.09141312371829532,342,0.3229972717765537,VOLATILE,1.8411240945600957,11.0
2011-03-14,36.187845303867405,7.929465347980149,2.4861878453038675,0.7841561508992216,362,0.2994590940910663,TRENDING_UP,1.747275718989355,0.0
2011-03-15,33.903133903133906,5.12382772681732,2.2792022792022792,-1.3254496877559356,351,0.31661776734644004,VOLATILE,1.8314574731766373,0.0
2011-03-16,31.952662721893493,7.760734056710097,1.183431952662722,0.08282543320000949,338,0.31887622366618845,VOLATILE,1.8497579818509715,1.0
2011-03-17,33.33333333333333,10.721647464414247,2.359882005899705,1.0976005622064184,339,0.3252537258228342,VOLATILE,1.8566409771408487,2.0
2011-03-18,34.51327433628318,6.4471942163534806,2.0648967551622417,-0.7312228359405542,339,0.32333809078175285,VOLATILE,1.9512760401185196,3.0
2011-03-21,29.629629629629626,7.653320575818404,1.5432098765432098,-0.943357752476655,324,0.3320680995992473,VOLATILE,2.033456291526963,4.0
2011-03-22,31.30434782608696,5.327318700544587,1.4492753623188406,0.43754825790976604,345,0.30514873683760085,VOLATILE,1.9383081216497837,5.0
2011-03-24,30.704225352112672,7.544180683896482,2.2535211267605635,0.3754060831974389,355,0.2966581648385791,VOLATILE,1.878496227597986,6.0
2011-03-25,33.14121037463977,5.812233947471667,1.729106628242075,0.8291801018242246,347,0.2870793363806188,VOLATILE,1.8624487432187835,7.0
2011-03-28,38.92045454545455,5.902108779284824,2.556818181818182,0.1385171488213138,352,0.24258707904031812,VOLATILE,1.695985420049849,8.0
2011-03-29,42.89772727272727,4.293732843916428,2.840909090909091,0.7832600898911418,352,0.2239110520386766,VOLATILE,1.6267568352203836,9.0
2011-03-30,45.67901234567901,3.90618004927359,3.0864197530864197,0.903141868434042,324,0.21125544170189012,VOLATILE,1.528156150469869,10.0
2011-03-31,43.13186813186813,7.114783956917821,1.3736263736263736,-0.3313247375975846,364,0.20330444730692088,RANGING,1.4896473529028234,0.0
2011-04-01,48.414985590778095,5.921864022875787,1.1527377521613833,0.9286844136550118,347,0.1909331593665583,RANGING,1.4609856936605865,1.0
2011-04-04,47.56446991404012,5.549760564334389,1.4326647564469914,-0.12850171421048054,349,0.1835501309064173,RANGING,1.3545583023393712,2.0
2011-04-05,46.99140401146132,5.513971231651477,1.4326647564469914,0.5495300300153824,349,0.1804518423492894,RANGING,1.2929393842893728,3.0
2011-04-06,49.29178470254957,6.441143660137523,2.26628895184136,0.5316766479043427,353,0.18208922247180048,RANGING,1.2711657747557663,4.0
2011-04-07,49.162011173184354,5.578226798557145,1.675977653631285,-0.32555097267436417,358,0.18379939888078417,RANGING,1.242758784826195,5.0
2011-04-08,48.228882833787466,5.288650402673446,1.6348773841961852,0.42292858737067124,367,0.18633578798439704,RANGING,1.230993619113934,6.0
2011-04-11,45.86894586894587,9.78963479492748,1.9943019943019942,-0.04428257180077043,351,0.1840592074373276,RANGING,1.2152565093097267,7.0
2011-04-12,48.57954545454545,5.043839854873513,1.7045454545454544,-0.30958119173459364,352,0.1846983879760779,RANGING,1.235417837605512,8.0
2011-04-13,44.15954415954416,7.116464215261803,1.1396011396011396,-0.28127678328747047,351,0.17659675494548163,RANGING,1.1603557647732543,9.0
2011-04-14,44.01197604790419,7.771979261464737,1.4970059880239521,-0.247322715312522,334,0.18432749266623782,RANGING,1.1538600167860398,10.0
2011-04-15,44.85981308411215,7.057694682589838,2.4922118380062304,0.46054085991142363,321,0.18435624781016852,RANGING,1.145997639553483,11.0
2011-04-18,42.05882352941177,6.841943065681264,1.1764705882352942,0.5842635364074951,340,0.1777929711184195,RANGING,1.0535228350220083,12.0
2011-04-19,43.18181818181818,5.756791848961892,1.9886363636363635,-0.4681912479967481,352,0.16263144756025513,RANGING,0.9951609065390254,13.0
2011-04-20,46.049046321525886,6.215058371782022,1.08991825613079,0.3247768798630144,367,0.1461853916847867,RANGING,0.980778301685984,14.0
2011-04-21,47.98850574712644,4.397450810894429,1.4367816091954022,0.18117202114194486,348,0.1598614820812849,RANGING,1.0116793683781462,15.0
2011-04-22,51.76470588235295,6.776358527487451,1.7647058823529411,0.4517355853543309,340,0.15438273311172432,RANGING,1.0025706080705201,16.0
2011-04-25,47.20670391061452,5.467049550288364,0.8379888268156425,-0.1783697866609725,358,0.15615497510909385,RANGING,0.9992598199734462,17.0
2011-04-26,48.60335195530726,8.185502578564204,1.9553072625698324,-0.5811251280724308,358,0.13731532259187804,RANGING,0.9533613889014575,18.0
2011-04-27,48.818897637795274,9.323065767531931,2.099737532808399,0.9098439688881038,381,0.12418301554581544,RANGING,0.9427124137053613,19.0
2011-04-28,50.81967213114754,6.34903428540955,1.912568306010929,0.5967502593360765,366,0.12115164652077116,TRENDING_UP,0.9255707728215098,0.0
2011-04-29,49.57507082152974,10.334962705454355,3.1161473087818696,-0.052906924909844805,353,0.1237817563632278,TRENDING_UP,0.953594182561283,1.0
2011-05-02,45.45454545454545,5.299156213914671,1.4204545454545454,-1.5460970020810414,352,0.1625060413333187,TRENDING_UP,0.986782032737087,2.0
2011-05-03,41.714285714285715,7.910260812890763,0.5714285714285714,-1.120731081647342,350,0.1584950772934636,TRENDING_UP,1.0121946425868247,3.0
2011-05-04,33.711048158640224,6.379196704968664,0.28328611898017,-3.0225633666432046,353,0.25860602610112576,RANGING,1.1561679396507012,0.0
2011-05-05,36.0,10.725383905980548,0.0,1.2063908003500772,350,0.264842786042092,TRENDING_UP,1.1899528752323252,0.0
2011-05-06,36.36363636363637,8.566542981226121,0.8522727272727272,0.454466040478376,352,0.26322459905657947,RANGING,1.203808767032884,0.0
2011-05-09,35.67251461988304,6.291761994788097,0.29239766081871343,0.5093840264503091,342,0.27075353000080743,TRENDING_UP,1.2153095532604568,0.0
2011-05-10,35.8974358974359,19.393209102662006,0.8547008547008548,1.13892766615671,351,0.26460104679635804,TRENDING_UP,1.2112991819860426,1.0
2011-05-11,35.19553072625698,5.001342277759477,0.27932960893854747,-0.23785407322618374,358,0.25345972589436294,TRENDING_UP,1.2244524092001223,2.0
2011-05-12,34.647887323943664,5.895564086890507,0.28169014084507044,-0.07131854154401027,355,0.2616498041117257,TRENDING_UP,1.1979338214271964,3.0
2011-05-13,36.11111111111111,5.709662964798085,0.6172839506172839,0.47061609924345577,324,0.2710929061007804,TRENDING_UP,1.163887577450311,4.0
2011-05-16,34.472934472934476,4.74691842436633,0.2849002849002849,-0.651240665883795,351,0.2624258354136132,RANGING,1.1682120496180497,0.0
2011-05-17,38.63636363636363,5.392782118090587,0.5681818181818182,0.5112878165893902,352,0.25602660018410867,TRENDING_UP,1.176682112011157,0.0
2011-05-18,33.82789317507419,4.192296111392392,0.2967359050445104,-0.46132132277779275,337,0.26143501170011446,RANGING,1.145620260151573,0.0
2011-05-19,33.147632311977716,6.406849670766917,0.0,0.1924944259957411,359,0.25088559823003675,RANGING,1.0803186514474084,1.0
2011-05-20,36.36363636363637,5.844328285580687,0.6060606060606061,0.7431102666317886,330,0.28679282486698104,TRENDING_UP,1.0935132769527056,0.0
2011-05-23,35.0609756097561,5.486803108711002,0.6097560975609756,0.13534602721837938,328,0.28767962426188726,TRENDING_UP,1.1064540207337252,1.0
2011-05-24,39.473684210526315,6.288299885404725,0.5847953216374269,1.0561395315396993,342,0.2818376720790235,TRENDING_UP,1.1214055717039078,2.0
2011-05-25,44.225352112676056,7.979928395679471,0.5633802816901409,1.904585498817436,355,0.2952132468871778,TRENDING_UP,1.1076937111073852,3.0
2011-05-26,50.71633237822349,6.152842789694289,0.28653295128939826,1.0016831841425964,349,0.3079111592052385,TRENDING_UP,1.1202545966099688,4.0
2011-05-27,51.470588235294116,4.2477447080362705,1.1764705882352942,0.24391330231457703,340,0.3045409716379301,TRENDING_UP,1.0759746824674936,5.0
2011-05-30,54.54545454545454,9.390968515691307,1.1730205278592376,2.241551754080934,341,0.2882708385533533,TRENDING_UP,1.0477680866608337,6.0
2011-05-31,51.796407185628745,6.921693152345468,1.7964071856287425,-0.9601653271884428,334,0.2901903774286542,TRENDING_UP,1.0354775780222136,7.0
2011-06-01,58.187134502923975,6.537527058333677,1.7543859649122806,0.830005932822992,342,0.21289821204967715,TRENDING_UP,0.9426812980367029,8.0
2011-06-02,54.310344827586206,4.871120122139151,2.586206896551724,0.03937459664956202,348,0.20268920788128403,TRENDING_UP,0.900276769506257,9.0
2011-06-03,57.636887608069166,5.310957932291214,2.881844380403458,0.6894932939207974,347,0.1953942011388268,TRENDING_UP,0.8805507385185173,10.0
2011-06-06,49.705882352941174,4.5407213014506,2.3529411764705883,-1.1047360500456738,340,0.20967073178642823,TRENDING_UP,0.9058030651058615,11.0
2011-06-07,54.26136363636363,8.007928401857914,2.272727272727273,0.5378389601709411,352,0.2003777003882644,TRENDING_UP,0.9144546605397159,12.0
2011-06-08,54.15472779369628,4.5213329812767,3.151862464183381,0.06344112018806848,349,0.20158076046268306,TRENDING_UP,0.8920871104340559,13.0
2011-06-09,53.529411764705884,6.47870963939265,3.2352941176470593,0.32381284647102243,340,0.1900620770772076,TRENDING_UP,0.9004520629936072,14.0
2011-06-10,53.98230088495575,16.763549041777235,2.949852507374631,0.9387956509383435,339,0.1788235924893296,TRENDING_UP,0.9083178957114246,15.0
2011-06-13,48.275862068965516,6.257094970962417,1.5673981191222568,-0.8109924281406762,319,0.18589756162547727,TRENDING_UP,0.9249993524029094,16.0
2011-06-14,49.23076923076923,4.345376708178799,0.9230769230769231,0.23128861621760252,325,0.17332380519378096,TRENDING_UP,0.9060993974682973,17.0
2011-06-15,48.98550724637681,16.354904855117493,0.2898550724637681,0.5224861483257088,345,0.17750870932316562,TRENDING_UP,0.9081159196729762,18.0
2011-06-16,47.09480122324159,9.68334805479314,1.529051987767584,0.8235101200337469,327,0.17437988050552886,TRENDING_UP,0.9196248399239394,19.0
2011-06-17,43.7888198757764,10.423421019188998,1.8633540372670807,-0.04984334187993644,322,0.16105336919170368,TRENDING_UP,0.9052107703708019,20.0
2011-06-20,36.30952380952381,4.0334620417650715,1.488095238095238,-1.8661738303281614,336,0.22731451584405543,RANGING,0.9724124156048265,0.0
2011-06-21,42.13649851632047,16.176858990767354,2.0771513353115725,1.2168299104172757,337,0.22812779072179326,TRENDING_UP,0.9867849951404096,0.0
2011-06-22,38.43843843843844,3.6381333561487352,2.4024024024024024,-0.28508841109729743,333,0.19645158174770297,TRENDING_UP,0.9872621248709521,1.0
2011-06-23,45.507246376811594,6.674975797367309,1.7391304347826086,0.7139814476757766,345,0.20424304753097777,TRENDING_UP,1.0015693428906292,2.0
2011-06-24,40.9375,5.589947145331604,1.25,-0.23137423794011763,320,0.20374659442694054,TRENDING_UP,1.0187247377702329,3.0
2011-06-27,44.24242424242424,5.5727914935785,1.2121212121212122,0.2784194143892269,330,0.21747839144524647,TRENDING_UP,1.0209723783323668,4.0
2011-06-28,37.93103448275862,7.806702921138476,1.4367816091954022,-1.9341121518715176,348,0.2191729544542724,TRENDING_UP,1.0560010806928077,5.0
2011-06-29,40.78549848942598,9.39538794185909,2.1148036253776437,1.0872968845065427,331,0.22309614083304666,TRENDING_UP,1.0491294583564745,6.0
2011-06-30,39.811912225705335,9.733773001583112,1.8808777429467085,1.2895175053328578,319,0.21653482951716738,TRENDING_UP,1.0501655325731436,7.0
2011-07-01,40.604026845637584,5.597139121308598,1.6778523489932886,-0.17411973661857846,298,0.21705019648573465,TRENDING_UP,1.047314318853394,8.0
2011-07-04,39.29712460063898,15.225344891388843,0.6389776357827476,0.2916881647039389,313,0.21674263601458627,TRENDING_UP,1.050808580700429,9.0
2011-07-05,44.868035190615835,9.162716276269537,1.466275659824047,0.8568822733309794,341,0.21737161295962798,TRENDING_UP,1.0275728979809915,10.0
2011-07-06,45.18950437317784,3.7760356330704745,0.8746355685131195,0.34412158140422044,343,0.2190676076723079,TRENDING_UP,1.031810620295126,11.0
2011-07-07,44.95412844036697,8.89020088688937,1.2232415902140672,0.6474305932562633,327,0.21175499813821186,TRENDING_UP,1.0436606812738103,12.0
2011-07-08,47.0414201183432,6.456774663749015,2.0710059171597637,0.3146820224374655,338,0.2065928227319714,RANGING,1.0599493790213477,0.0
2011-07-11,43.52617079889807,5.801026994171722,1.1019283746556474,-0.2128878743889849,363,0.19391335920941963,RANGING,1.0770344698541297,1.0
2011-07-12,42.96875,5.7458398602777025,1.8229166666666667,-0.706327019905974,384,0.19812574315659734,RANGING,1.127021649012693,2.0
2011-07-13,42.31974921630094,4.726058808514492,1.8808777429467085,0.33832653981369804,319,0.2234517850876222,RANGING,1.1278554489615487,3.0
2011-07-14,39.166666666666664,6.0490190443386735,3.75,-0.3282186548716616,240,0.26079452409558307,RANGING,1.1335963082431117,4.0
2011-07-15,41.74174174174174,6.8928760916339975,3.303303303303303,0.6129399547130714,333,0.22443077291211205,RANGING,1.1429981889633665,5.0
2011-07-18,35.12658227848101,5.640026082641442,3.1645569620253164,-0.875039986544208,316,0.20181505295014504,RANGING,1.1005305952798436,6.0
2011-07-19,40.532544378698226,7.6756915892073065,2.0710059171597637,0.24145408074545227,338,0.1757619954285112,TRENDING_UP,1.0860816134315456,0.0
2011-07-20,39.274924471299094,4.544564239462851,1.2084592145015105,0.1604146186486201,331,0.1768400027071191,TRENDING_UP,1.0779672440737136,1.0
2011-07-21,44.94047619047619,5.107657556884885,1.1904761904761905,0.2434257902488091,336,0.17476686116016105,RANGING,1.0442797742964387,0.0
2011-07-22,41.69184290030212,5.247807211507712,2.1148036253776437,0.12039055127654434,331,0.16581142343270933,TRENDING_UP,1.0335527544388476,0.0
2011-07-25,42.8125,9.218791690768656,1.5625,1.0082130749454483,320,0.14897196137345037,RANGING,1.0401033039681324,0.0
2011-07-26,37.95013850415512,5.571626928773267,0.554016620498615,-0.9449409306504551,361,0.11867538928067435,RANGING,1.0200654154056177,1.0
2011-07-27,36.16438356164384,9.019027849699537,0.821917808219178,-0.30013556344666137,365,0.08869685847462287,RANGING,1.028968988702485,2.0
2011-07-28,31.793478260869566,7.998894454271405,2.1739130434782608,-0.4576577235305669,368,0.1332706685501969,RANGING,1.0952467546422768,3.0
2011-07-29,33.65079365079365,17.449012554764323,1.9047619047619049,1.079532236328848,315,0.13790281554786446,RANGING,1.1187437296817075,4.0
2011-08-01,32.587859424920126,7.688175410638124,2.8753993610223643,0.09583360219958977,313,0.14470318990912412,RANGING,1.086446281396413,5.0
2011-08-02,33.214285714285715,3.8584935636340156,1.4285714285714286,0.0830031348595542,280,0.14614944910278624,RANGING,1.0840129458308416,6.0
2011-08-03,25.91362126245847,6.0801436288744375,1.9933554817275747,-1.9019627057231925,301,0.2253475632713521,RANGING,1.2033651768756928,7.0
2011-08-04,26.923076923076923,4.2768344774119305,0.6993006993006993,-0.6776068706252973,286,0.217477695432651,RANGING,1.264025642064601,8.0
2011-08-05,17.50841750841751,6.2999487927036775,2.0202020202020203,-4.8616930276740105,297,0.3866996627915365,VOLATILE,1.5006254895565647,0.0
2011-08-08,21.405750798722046,8.22710195298722,0.3194888178913738,-0.22188645089838988,313,0.34409073026049725,VOLATILE,1.5956663220558782,1.0
2011-08-09,19.558359621451103,6.970459363609192,0.9463722397476341,-1.950994482607617,317,0.34854290808780264,VOLATILE,1.7340814432728096,2.0
2011-08-10,22.46153846153846,8.576651591902529,0.6153846153846154,2.729522793153727,325,0.37632147163498275,VOLATILE,1.7868032735435122,3.0
2011-08-11,21.20141342756184,7.733660302220616,0.7067137809187279,1.1134379297335943,283,0.38803423496508715,VOLATILE,1.8386632874535613,4.0
2011-08-12,21.052631578947366,9.250203893320913,0.3508771929824561,0.8934919021322701,285,0.3874908631738621,VOLATILE,1.8519113766244828,5.0
2011-08-15,21.908127208480565,6.099282274323386,0.7067137809187279,0.3094582641021134,283,0.38387973706763195,VOLATILE,1.8730129588665687,6.0
2011-08-16,25.795053003533567,8.174658558123173,0.7067137809187279,0.6912651877702941,283,0.3899080121709689,VOLATILE,1.8457282741738055,7.0
2011-08-17,25.97402597402597,5.176873405802275,0.974025974025974,0.19394012168469607,308,0.36767310140685805,VOLATILE,1.8478830873251417,8.0
2011-08-18,22.021660649819495,4.568398904761624,0.0,-1.1169988564146494,277,0.38964070238379495,VOLATILE,1.9389954818789898,9.0
2011-08-19,17.27941176470588,5.2089082836134155,0.0,-1.7168343709739793,272,0.39546050994640053,VOLATILE,2.073154702927069,10.0
2011-08-22,19.850187265917604,5.008023194368477,1.4981273408239701,0.013318798378467459,267,0.3981458876735258,VOLATILE,2.107860640802632,11.0
2011-08-23,18.29787234042553,6.413846457795575,0.425531914893617,0.61880248515809,235,0.42551034972006546,VOLATILE,2.1238883775153887,12.0
2011-08-24,22.115384615384613,6.773826827666305,0.0,0.3050742312419903,312,0.3696211220569336,VOLATILE,2.1200740694702893,13.0
2011-08-25,19.217081850533805,5.587150452918132,0.7117437722419928,-0.7302570355474519,281,0.3796199499983424,VOLATILE,2.0827370993307497,14.0
2011-08-29,21.26865671641791,5.881503552323198,0.3731343283582089,0.6632632495869577,268,0.3943222124956689,VOLATILE,2.0779804986848713,15.0
2011-08-30,22.058823529411764,5.617790464856804,0.7352941176470588,1.1739153908167117,272,0.4094126587909589,VOLATILE,2.0610302260586173,16.0
2011-09-05,25.64102564102564,7.416094216677249,1.282051282051282,0.24189061191850067,312,0.36035764117209534,VOLATILE,2.1009523946036657,17.0
2011-09-06,27.170868347338935,4.975384603847995,0.8403361344537815,0.9150773358972261,357,0.3334983674211649,VOLATILE,2.033425654753229,18.0
2011-09-07,28.26086956521739,6.488724604872179,0.3105590062111801,1.4954540808679317,322,0.3485551938875739,VOLATILE,1.9487112271475953,19.0
2011-09-08,29.041916167664674,5.512302967429147,1.1976047904191618,0.2169110136135339,334,0.29224297185558207,VOLATILE,1.7436920734340122,20.0
2011-09-09,30.254777070063692,8.070173668936048,2.8662420382165608,0.8512706160145949,314,0.29745487808522597,VOLATILE,1.6521799612092998,21.0
2011-09-12,29.807692307692307,4.6176808935084495,0.3205128205128205,-0.3710447807883296,312,0.27918639961510416,VOLATILE,1.5666053106083377,22.0
2011-09-13,32.014388489208635,7.582051771282041,1.079136690647482,0.1883680027753908,278,0.23994006507153606,TRENDING_DOWN,1.463824623172234,0.0
2011-09-14,32.21884498480243,5.70812454223836,2.43161094224924,-0.19290329177905746,329,0.21218751814708708,RANGING,1.4169798761089218,0.0
2011-09-15,34.54545454545455,5.757066935449451,1.2121212121212122,0.7853010603096546,330,0.2177193227936287,RANGING,1.3716331835692475,1.0
2011-09-16,37.46312684365782,4.682140745885654,2.6548672566371683,0.5686067536339324,339,0.20741435565967203,RANGING,1.3239708423687597,2.0
2011-09-19,37.04819277108434,7.113774591120266,1.8072289156626504,-0.3895730305224414,332,0.20340271413105485,RANGING,1.2826196832866077,3.0
2011-09-20,40.3125,7.680800135226838,1.25,1.3268738674077492,320,0.20766148612103968,RANGING,1.3083274320308824,4.0
2011-09-21,45.55873925501432,6.448685229456204,2.865329512893983,1.4302137707745797,349,0.20019776087526187,RANGING,1.3138226692923902,5.0
2011-09-22,43.11926605504588,5.624561987232798,3.9755351681957185,-0.7708294677308908,327,0.1808875119524134,RANGING,1.315239306668903,6.0
2011-09-23,41.717791411042946,9.358983546137333,2.7607361963190185,-0.1624804309520423,326,0.18876512502259732,RANGING,1.3447736941774096,7.0
2011-09-26,32.6219512195122,18.550332943753435,1.2195121951219512,-1.3045111471721729,328,0.23532805509169819,VOLATILE,1.5305906863985272,0.0
2011-09-27,40.869565217391305,8.33726978239329,2.0289855072463765,1.7655657801608446,345,0.25630713998744886,VOLATILE,1.529046312452087,1.0
2011-09-28,43.50282485875706,7.805336367897656,1.977401129943503,0.36138736837437113,354,0.2462253444825486,VOLATILE,1.5101340221526638,2.0
2011-09-29,45.42857142857143,7.701752274381355,2.0,0.8300907141695003,350,0.25620350217110516,RANGING,1.4673960657799123,0.0
2011-09-30,48.285714285714285,7.23647445993412,1.7142857142857144,1.5561948063660114,350,0.24637714278856795,RANGING,1.4463478481920968,1.0
2011-10-03,48.61111111111111,7.522080627505823,2.7777777777777777,-0.0879343196628574,360,0.2445354434441101,RANGING,1.4062050263702937,2.0
2011-10-04,49.32614555256065,13.421659736780878,2.964959568733154,1.0926198326644847,371,0.2375428020906322,RANGING,1.3830899802904142,3.0
2011-10-05,49.06166219839142,6.733046054445011,3.485254691689008,0.08540389931452272,373,0.23090198711797774,RANGING,1.4272377291528506,4.0
2011-10-06,45.6,7.296280098157292,2.4,-0.6862500637365101,375,0.23398899298176798,RANGING,1.4612720668975412,5.0
2011-10-07,47.81420765027322,8.86970609498772,2.185792349726776,0.48394853488389444,366,0.24662578189160742,RANGING,1.4393183980887203,6.0
2011-10-10,51.075268817204304,9.91492349657137,3.763440860215054,1.1027659829030094,372,0.2354292151649877,TRENDING_UP,1.4946511504822897,0.0
2011-10-11,49.59128065395095,7.677289309314213,2.17983651226158,-0.9979326427545191,367,0.23524402021158583,TRENDING_UP,1.49462621590368,1.0
2011-10-12,48.725212464589234,8.379887131083851,1.9830028328611897,0.21562575266273296,353,0.24183289218484813,TRENDING_UP,1.4916324393174596,2.0
2011-10-13,49.02506963788301,16.476334819409068,1.1142061281337048,0.8131694533788726,359,0.21886475932924065,TRENDING_UP,1.5438745007851211,3.0
2011-10-14,49.137931034482754,5.408059534562652,1.7241379310344827,0.04659887245229795,348,0.22343474711469,TRENDING_UP,1.5618251114230857,4.0
2011-10-17,48.10495626822158,4.73814973126721,2.3323615160349855,-0.44488666978390257,343,0.23309875270044295,TRENDING_UP,1.5818062635954078,5.0
2011-10-18,44.71544715447154,7.229459775661351,2.168021680216802,-0.6583355814975457,369,0.2145839287964859,TRENDING_UP,1.559444568966747,6.0
2011-10-19,40.42553191489361,10.038914454745948,1.82370820668693,-0.9445819080680742,329,0.23062432708653777,VOLATILE,1.6246952440023843,0.0
2011-10-20,42.32954545454545,9.470533741440438,1.7045454545454544,0.8077520613278676,352,0.2163849063257504,VOLATILE,1.5710453010872774,1.0
2011-10-21,36.7283950617284,14.306283245966108,0.6172839506172839,-0.6721095748572316,324,0.2375885335339727,VOLATILE,1.6167415023535283,2.0
2011-10-25,34.375,7.2555646076273055,0.3125,-0.6343260546043403,320,0.1989134050881836,RANGING,1.4950652453832451,0.0
2011-10-26,29.807692307692307,5.924581967628646,0.0,-1.7115660192095963,312,0.18780126421961457,RANGING,1.4680448783812026,1.0
2011-10-27,27.24458204334365,11.745314143344585,0.30959752321981426,-0.9605119723270404,323,0.1931263930930851,RANGING,1.4971786211535618,2.0
2011-10-28,27.906976744186046,6.948097748354597,0.6644518272425249,-0.06270750165299274,301,0.201235237073001,VOLATILE,1.568090941879504,0.0
2011-10-31,29.17933130699088,8.622692927786124,0.60790273556231,1.3621055294111246,329,0.20263743906559262,TRENDING_UP,1.6175199344841302,0.0
2011-11-01,30.149253731343283,9.556111905578028,0.5970149253731344,-0.6461098801323725,335,0.19344450079983788,TRENDING_UP,1.7254555068895634,1.0
2011-11-02,30.23255813953488,5.804432303775558,0.33222591362126247,-0.27140659429667086,301,0.20528969358662807,VOLATILE,1.7046268162426819,0.0
2011-11-03,32.075471698113205,162.86352699740968,0.9433962264150944,8.946985886402604,318,0.08336723331199745,VOLATILE,1.6838295450503336,1.0
2011-11-04,33.23170731707317,10.30157026574123,1.524390243902439,1.5145602972287406,328,0.08680576024403099,TRENDING_UP,1.6658652036831076,0.0
2011-11-10,33.76623376623377,6.023548119301092,0.6493506493506493,0.05993103540687741,308,0.08816571537418585,TRENDING_UP,1.6721293669923694,1.0
2011-11-14,30.50314465408805,7.485193300979947,1.5723270440251573,0.2604299965897052,318,0.09216849375119576,VOLATILE,1.5808620241695885,0.0
2011-11-15,31.858407079646017,6.504001274694137,0.5899705014749262,0.14400327450638084,339,0.08995565280063068,VOLATILE,1.5893266722305566,1.0
2011-11-16,33.03030303030303,5.9615339742132205,0.9090909090909091,0.10211377496935425,330,0.09857821626597896,VOLATILE,1.6152773712828652,2.0
2011-11-17,28.387096774193548,5.1597409616189305,0.3225806451612903,-0.6541885859842883,310,0.0851552840916672,VOLATILE,1.6019959004215427,3.0
2011-11-18,29.76588628762542,5.253279147139581,1.3377926421404682,0.7867989816720389,299,0.09612449612668905,VOLATILE,1.6103581812744565,4.0
2011-11-21,28.26086956521739,5.183435999671029,2.1739130434782608,-1.0703457098301135,322,0.1048147112090168,VOLATILE,1.6355143722587802,5.0
2011-11-22,24.68354430379747,7.742755502930041,1.2658227848101267,-0.706763862692194,316,0.10823160429643743,VOLATILE,1.6610223506416264,6.0
2011-11-23,23.202614379084967,11.627566620485673,0.6535947712418301,0.18955805504934276,306,0.09028380491002026,VOLATILE,1.602208876247748,7.0
2011-11-24,22.857142857142858,8.767797643900664,0.31746031746031744,-0.34093594849187225,315,0.09964094351391252,VOLATILE,1.6160829913866093,8.0
2011-11-25,23.202614379084967,9.789085569284133,0.32679738562091504,-0.12572723546762896,306,0.0965268506220567,VOLATILE,1.5785867958317812,9.0
2011-11-28,21.172638436482085,6.8840976601838415,0.6514657980456027,-0.3623140969087578,307,0.08994251865263578,VOLATILE,1.6302249405132179,10.0
2011-11-29,21.379310344827587,9.21412776804401,1.0344827586206897,0.6539252056181625,290,0.09334132698136467,VOLATILE,1.6338734417026233,11.0
2011-11-30,24.09240924092409,16.56989578149458,1.3201320132013201,1.845909547272183,303,0.08127380252916663,VOLATILE,1.5861631533630505,12.0
2011-12-01,24.59546925566343,6.307925127120664,0.9708737864077669,-0.008880842036390862,309,0.09414356055768912,RANGING,1.4809900522350667,0.0
2011-12-02,23.10126582278481,6.12940270804293,0.0,-0.2589782148550452,316,0.08630320028051193,RANGING,1.478208721084116,1.0
2011-12-07,20.588235294117645,5.6785578508443555,0.6535947712418301,-0.8920783653508122,306,0.0847079743770755,RANGING,1.4563417403040961,2.0
2011-12-08,24.104234527687296,4.7644967980475865,0.9771986970684038,-0.00436067940240578,307,0.08269123339045248,RANGING,1.4627516003851624,3.0
2011-12-09,24.573378839590443,6.78063144740328,0.3412969283276451,0.8113476003130385,293,0.12400197476112357,RANGING,1.4830072719438325,4.0
2011-12-12,24.0,4.914443283528183,1.0,-0.23603471736330883,300,0.10702553772198922,RANGING,1.474768931578652,5.0
2011-12-13,24.342105263157894,8.532563680378638,1.3157894736842104,-1.0830899958583111,304,0.1282591669067855,TRENDING_DOWN,1.5623930441690987,0.0
2011-12-14,23.0,10.410472723017937,0.6666666666666667,0.5590053816940648,300,0.12310031546884367,TRENDING_DOWN,1.5317330605548696,1.0
2011-12-15,18.627450980392158,5.178977250997942,0.6535947712418301,-2.2792662996990094,306,0.16098045185416743,TRENDING_DOWN,1.6053205165034015,2.0
2011-12-16,20.12779552715655,13.877274097250567,1.2779552715654952,-0.3490334313746245,313,0.16530308762748583,TRENDING_DOWN,1.66019383141672,3.0
2011-12-19,21.694915254237287,9.117587766866732,1.694915254237288,-0.6597680036149592,295,0.16362315998879895,TRENDING_DOWN,1.660290552312859,4.0
2011-12-20,24.262295081967213,13.06085490609719,0.6557377049180327,1.9515031280673614,305,0.17573306009873213,TRENDING_DOWN,1.7218099424591893,5.0
2011-12-21,20.86092715231788,6.980537225336443,0.6622516556291391,-0.11546178970536661,302,0.18796402684625504,TRENDING_DOWN,1.7503094896858946,6.0
2011-12-22,22.183098591549296,4.5939242319836975,0.7042253521126761,0.5478846722302542,284,0.19494967396057103,TRENDING_DOWN,1.7151803008995123,7.0
2011-12-23,21.812080536912752,12.688914815407784,1.006711409395973,0.08623431928560749,298,0.1895542429146885,TRENDING_DOWN,1.669679650370007,8.0
2011-12-26,25.252525252525253,14.774702826623772,1.0101010101010102,0.9216174774648871,297,0.19921061278885294,TRENDING_DOWN,1.6219878253104447,9.0
2011-12-27,24.65753424657534,9.185000633136916,1.0273972602739725,0.18224456087551602,292,0.20352770275398985,TRENDING_DOWN,1.5828086405018649,10.0
2011-12-28,28.478964401294498,9.90236528661319,1.6181229773462782,1.0559190561978802,309,0.1864664168256167,TRENDING_DOWN,1.5001951096621993,11.0
2011-12-29,30.031948881789138,16.385552341775604,1.5974440894568689,1.1429319335418635,313,0.19121845308618066,RANGING,1.4558613531170443,0.0
2011-12-30,30.344827586206897,6.600101157728871,1.3793103448275863,0.6010355491371763,290,0.20003936547335657,TRENDING_DOWN,1.5036756476665671,0.0
2012-01-02,29.652996845425868,6.3921846514539995,1.2618296529968454,-0.358362461542513,317,0.1766706441395408,TRENDING_DOWN,1.5450526989428304,1.0
2012-01-03,34.70031545741325,6.224359789304336,1.2618296529968454,1.6957697666387712,317,0.2048789621421554,RANGING,1.4625277581906393,0.0
2012-01-04,33.01282051282051,5.675929990870086,1.282051282051282,0.3576810777453016,312,0.18469036540838857,RANGING,1.4156215867494815,1.0
2012-01-05,32.40418118466899,28.05439214354647,0.34843205574912894,2.362199854300086,287,0.18404357114670392,TRENDING_DOWN,1.4363400393997792,0.0
2012-01-06,33.443708609271525,6.590547674584605,0.6622516556291391,1.1037255025300723,302,0.17683998885419294,TRENDING_DOWN,1.4439365952531833,1.0
2012-01-09,36.02693602693603,4.82384562426037,0.6734006734006733,-0.7065352821659513,297,0.1688658246322764,TRENDING_DOWN,1.449225610512748,2.0
2012-01-10,27.300613496932513,7.977463073636684,0.6134969325153374,-1.8970766714563037,326,0.17446632934562295,TRENDING_DOWN,1.4724215644487695,3.0
2012-01-11,32.587859424920126,8.246875441914367,0.6389776357827476,1.7066601794723322,313,0.18274682379427531,TRENDING_DOWN,1.4798879098741229,4.0
2012-01-12,33.105802047781566,5.5689722558371315,0.6825938566552902,0.09171778666836956,293,0.15484817269897308,TRENDING_DOWN,1.411846235076707,5.0
2012-01-13,35.87301587301587,8.084504284215678,1.2698412698412698,1.3691302279571813,315,0.1518989732603713,TRENDING_DOWN,1.3547736339321228,6.0
2012-01-16,42.384105960264904,8.803625232653307,0.6622516556291391,0.6118177020600466,302,0.17326084975520228,RANGING,1.3431854688125704,0.0
2012-01-17,41.06583072100313,4.068953852025944,1.2539184952978055,0.45522873632051347,319,0.14209437673929123,RANGING,1.2573063981403196,1.0
2012-01-18,49.249249249249246,4.841087049279092,1.5015015015015014,1.4435977727304707,333,0.14663116882138225,RANGING,1.2601665090597993,2.0
2012-01-19,52.484472049689444,6.860405014807386,0.6211180124223602,1.0024211610598681,322,0.1384888838474558,RANGING,1.2958780227500304,3.0
2012-01-20,60.05917159763313,7.893057567231128,2.0710059171597637,1.7444827611721316,338,0.14366622217349445,RANGING,1.3766233986825986,4.0
2012-01-23,65.72237960339945,6.778913659188301,2.26628895184136,2.6633334849318238,353,0.18978862656833242,RANGING,1.4371148545481445,5.0
2012-01-24,66.4850136239782,8.583522754078906,1.6348773841961852,0.8755591725261345,367,0.18152984826223023,RANGING,1.4695264431616735,6.0
2012-01-25,69.30091185410335,6.426668404602563,0.911854103343465,0.2939254654786144,329,0.19758617616103993,RANGING,1.4885332329128242,7.0
2012-01-26,69.08517350157729,10.678005131953391,2.2082018927444795,0.6904767221142415,317,0.19408564852614443,VOLATILE,1.5154595453352115,0.0
2012-01-27,67.21311475409836,5.571673273451142,2.622950819672131,-0.7956152112165631,305,0.21996661172945292,RANGING,1.475662655034776,0.0
2012-01-30,62.41610738255034,8.661164722203964,1.6778523489932886,-0.6966176160738856,298,0.24235658264765286,RANGING,1.4834036157505566,1.0
2012-01-31,63.92405063291139,11.847905290290708,0.6329113924050633,0.47691272926079087,316,0.22295829143395565,RANGING,1.4621356492565427,2.0
2012-02-01,64.49511400651465,7.274225415269412,1.6286644951140066,1.4316438908115385,307,0.2178946162369167,RANGING,1.4493003256346129,3.0
2012-02-02,64.63022508038586,8.52145030698399,1.2861736334405145,0.5719649789176063,311,0.23844892950327312,RANGING,1.3955663893215153,4.0
2012-02-03,67.40506329113924,6.034864138582983,2.2151898734177213,1.224699288644567,316,0.2324805098290577,RANGING,1.349262515209531,5.0
2012-02-06,68.4971098265896,7.649710539590704,3.1791907514450863,1.650792760609042,346,0.23329360681228056,RANGING,1.3717277530048837,6.0
2012-02-07,70.23809523809523,8.08153780836421,3.273809523809524,1.1684034701919195,336,0.23002124868574186,TRENDING_UP,1.3174685094044447,0.0
2012-02-08,70.29411764705881,7.167137571339363,4.411764705882353,1.6462489049827436,340,0.2378352126623836,TRENDING_UP,1.3485780686196587,1.0
2012-02-09,70.23121387283237,8.369035482966263,2.023121387283237,0.3057674908958624,346,0.23024539116417372,TRENDING_UP,1.3734602775348739,2.0
2012-02-10,76.49006622516556,5.705364010973475,2.6490066225165565,0.09859572330864154,302,0.2552580877691108,TRENDING_UP,1.3586734360181838,3.0
2012-02-13,74.38271604938271,7.232687430850033,2.4691358024691357,1.9026330902651845,324,0.23794445070663522,TRENDING_UP,1.3563061224489807,4.0
2012-02-14,71.86544342507645,5.2083704640422,3.669724770642202,0.0226288325005451,327,0.23952915460129443,TRENDING_UP,1.3058510746747025,5.0
2012-02-15,75.80174927113703,8.049049290315144,3.7900874635568513,1.5803796706812117,343,0.21835386880149033,TRENDING_UP,1.232503509045539,6.0
2012-02-16,76.75840978593273,6.694725863798965,2.7522935779816518,0.4149404484043671,327,0.2163472676412811,TRENDING_UP,1.205253203743235,7.0
2012-02-17,73.88724035608308,5.727638588454981,3.5608308605341246,0.36069613044888765,337,0.1964773252172909,TRENDING_UP,1.1318631719122123,8.0
2012-02-20,65.75963718820861,5.768356789491005,3.8548752834467117,0.6218041972572679,441,0.1358310627566776,TRENDING_UP,1.0514383402966947,9.0
2012-02-21,74.85207100591717,7.516922456732583,5.9171597633136095,1.4642396759844214,338,0.16888724274460687,TRENDING_UP,1.0464229200961377,10.0
2012-02-22,77.03488372093024,10.32575645737695,4.3604651162790695,0.6226278240486773,344,0.15643844503784518,TRENDING_UP,1.0491547303285462,11.0
2012-02-23,75.73099415204678,11.149552493937744,2.3391812865497075,0.35406073074257705,342,0.16569585980414667,TRENDING_UP,1.0416533502930656,12.0
2012-02-24,76.878612716763,7.086145374762456,4.335260115606936,1.7601830118077408,346,0.15663284236623204,TRENDING_UP,1.0663659286728369,13.0
2012-02-27,73.68421052631578,11.570754371483773,3.6011080332409975,0.5202136369864132,361,0.1330258225249982,TRENDING_UP,1.0581496995368664,14.0
2012-02-28,74.34402332361516,6.815001963062171,4.664723032069971,-0.04106680215858895,343,0.14285813924245855,TRENDING_UP,1.0550135722595249,15.0
2012-02-29,73.38935574229691,18.90417912949236,3.6414565826330536,1.4398821675242301,357,0.12684030035899604,TRENDING_UP,1.0710807990135007,16.0
2012-03-01,69.2090395480226,6.826225767380229,4.519774011299435,-1.0377689768672063,354,0.12485398795459068,TRENDING_UP,1.0774469183348283,17.0
2012-03-02,71.83908045977012,5.525791516071562,6.0344827586206895,1.6937553168187391,348,0.13314654406263005,TRENDING_UP,1.0905250756935028,18.0
2012-03-05,74.43181818181817,6.719431902943409,7.386363636363637,1.545891968167348,352,0.1277821916191731,TRENDING_UP,1.0738226476110277,19.0
2012-03-06,75.75757575757575,6.019238142058422,6.0606060606060606,1.000447134954683,363,0.13996977474244965,TRENDING_UP,1.042209220118969,20.0
2012-03-07,77.15877437325905,8.77176156625582,7.242339832869081,2.0031848499553253,359,0.13159283732685334,TRENDING_UP,1.0469914948716292,21.0
2012-03-08,79.89690721649485,10.404936127331206,7.474226804123711,3.518904473767249,388,0.1548987805151203,TRENDING_UP,1.038515935406916,22.0
2012-03-09,80.76923076923077,12.783676143438624,11.813186813186812,3.336706964321725,364,0.1529582286139982,TRENDING_UP,1.0439580191031947,23.0
2012-03-12,81.44329896907216,8.876887980188492,10.051546391752577,2.0298356867254563,388,0.14857467407613775,TRENDING_UP,1.0671703577945588,24.0
2012-03-13,80.8108108108108,6.905435384007907,8.108108108108109,0.20668659983307525,370,0.1544700182757296,TRENDING_UP,1.0946238420915935,25.0
2012-03-14,80.5,10.30777686840256,10.75,3.555101323035666,400,0.1539590412437431,TRENDING_UP,1.1248462839064208,26.0
2012-03-15,86.08923884514435,19.646550273907227,9.186351706036746,4.274131838655804,381,0.15380622038238434,TRENDING_UP,1.1447639481468768,27.0
2012-03-16,82.21024258760107,8.343521196706368,9.973045822102426,0.26745574681627754,371,0.16901834389101025,TRENDING_UP,1.175912528427209,28.0
2012-03-19,77.02349869451697,7.092017762350385,5.221932114882506,-2.7561909168625336,383,0.2072538557606469,TRENDING_UP,1.26739982198732,29.0
2012-03-20,78.1163434903047,5.867445302357744,2.4930747922437675,0.7842659103699764,361,0.21691794957696592,TRENDING_UP,1.301519995369581,30.0
2012-03-21,79.05759162303664,6.621083870592028,3.4031413612565444,0.6466730148937933,382,0.20735000819688928,TRENDING_UP,1.3088763209840892,31.0
2012-03-22,79.83651226158038,7.821523438022004,4.904632152588556,1.2276006573878626,367,0.20815226405424386,TRENDING_UP,1.3085037696004536,32.0
2012-03-26,79.3296089385475,8.473179079401772,5.307262569832402,1.9431811352117256,358,0.2111040632436553,TRENDING_UP,1.2579882333726966,33.0
2012-03-27,80.43478260869566,7.119934414735441,6.7934782608695645,1.7446146918720626,368,0.21383561436037266,TRENDING_UP,1.2639696112858774,34.0
2012-03-28,83.19783197831978,6.2754933573368055,6.775067750677506,-0.2707445151013678,369,0.19966472588217005,TRENDING_UP,1.2976109008862349,35.0
2012-03-29,74.76415094339622,6.278536393564188,2.8301886792452833,-1.0828997220885566,424,0.191089194039898,TRENDING_UP,1.2956722791335706,36.0
2012-03-30,83.38192419825073,12.89870688436118,5.830903790087463,2.6845979011688805,343,0.21660731053025178,TRENDING_UP,1.3050292985780885,37.0
2012-04-02,80.67226890756302,7.404635256222194,5.602240896358544,-0.21013378828138715,357,0.22128683339917735,TRENDING_UP,1.3224165137023787,38.0
2012-04-03,81.21546961325967,6.068070235864427,2.7624309392265194,-0.3163662160921034,362,0.20871272666920454,TRENDING_UP,1.2839783274949814,39.0
2012-04-04,83.19559228650138,7.556306449829077,6.336088154269973,2.495117038277251,363,0.22256505173800595,TRENDING_UP,1.319344151793077,40.0
2012-04-05,81.02981029810297,7.679368539431685,9.214092140921409,0.9242628941053891,369,0.2221739859865444,TRENDING_UP,1.335501577200398,41.0
2012-04-06,84.03361344537815,6.223230933631131,10.92436974789916,1.697189506076058,357,0.22393952035908307,TRENDING_UP,1.3576598515516154,42.0
2012-04-09,83.42391304347827,6.114084898729048,11.41304347826087,1.019768290394174,368,0.21102231173312405,TRENDING_UP,1.3718419754368643,43.0
2012-04-10,82.13333333333334,23.619356431261675,7.466666666666668,2.1149859150137416,375,0.20549396849633164,TRENDING_UP,1.3456619809078814,44.0
2012-04-11,81.02981029810297,5.922737012050808,8.401084010840108,0.44645140111245973,369,0.19873809537198833,TRENDING_UP,1.370055352262726,45.0
2012-04-12,78.24858757062147,5.772452570878522,5.367231638418079,-1.0635091784989052,354,0.21618602640908471,TRENDING_UP,1.4021845018234609,46.0
2012-04-13,80.57142857142857,6.898548423315403,6.571428571428571,0.2770700091585116,350,0.22000836371508437,TRENDING_UP,1.4394109032039724,47.0
2012-04-16,79.66101694915254,5.323359087112268,3.672316384180791,0.04951955163687161,354,0.22460844830430027,TRENDING_UP,1.441727726259376,48.0
2012-04-17,80.88642659279779,4.918644783819217,4.7091412742382275,0.22424065919403754,361,0.17541631162469654,TRENDING_UP,1.385014915483768,49.0
2012-04-18,81.64383561643835,5.767065465729849,4.931506849315069,0.825593332681749,365,0.16599172587261968,TRENDING_UP,1.3391352386828763,50.0
2012-04-19,79.84084880636605,6.145082468455631,5.835543766578249,-0.23626142372160686,377,0.1678250444242992,TRENDING_UP,1.3398068986113605,51.0
2012-04-20,79.65116279069767,5.941400805481702,6.104651162790697,-0.06488948102091742,344,0.18195228937973568,TRENDING_UP,1.345346888166882,52.0
2012-04-23,79.41952506596306,6.554250977568151,5.277044854881266,1.3725645982011927,379,0.17901522713141035,TRENDING_UP,1.3632500298222587,53.0
2012-04-24,80.43478260869566,7.064988875548347,7.336956521739131,0.8200739990754341,368,0.16898323392203576,TRENDING_UP,1.342340646689672,54.0
2012-04-25,79.07608695652173,6.358664529262654,5.706521739130435,-0.003415956560855308,368,0.17372111682214542,TRENDING_UP,1.3198616657781042,55.0
2012-04-26,71.15902964959568,6.174663357512522,4.8517520215633425,-1.5991804721701544,371,0.1910245114103514,TRENDING_UP,1.375065849855929,56.0
2012-04-27,67.69662921348315,10.058657647643605,4.49438202247191,0.5335461198455038,356,0.1848420267039206,TRENDING_UP,1.38361234998508,57.0
2012-04-30,65.48913043478261,7.233872717687449,4.891304347826087,0.26833407859195135,368,0.18548200615738186,TRENDING_UP,1.3863419006488737,58.0
2012-05-02,70.47872340425532,7.082186977360333,5.585106382978723,1.807576254708802,376,0.19670898478347656,TRENDING_UP,1.3861178912951855,59.0
2012-05-03,74.8051948051948,20.456894059562963,7.012987012987012,2.6077030605184266,385,0.19592503054378135,TRENDING_UP,1.3754133171335197,60.0
2012-05-04,75.1918158567775,7.128397963191256,8.695652173913043,0.884412698418959,391,0.19368376714587515,TRENDING_UP,1.3680274399340822,61.0
2012-05-07,76.72634271099744,7.850819722009434,6.905370843989769,2.0345621970773826,391,0.19879041095357458,TRENDING_UP,1.34340130674779,62.0
2012-05-08,77.57255936675462,6.428388933725808,8.970976253298153,0.7429565903310492,379,0.18687380339273868,TRENDING_UP,1.3584300907540043,63.0
2012-05-09,77.74869109947645,7.586147253789045,7.068062827225131,1.6264835098986983,382,0.19905957312677852,TRENDING_UP,1.3460518599468019,64.0
2012-05-10,71.15384615384616,13.51396254822467,6.593406593406594,-1.2678732482325297,364,0.2317061024974965,TRENDING_UP,1.3956022770851138,65.0
2012-05-11,65.15580736543909,6.464776994134756,4.815864022662889,-1.2087588949044468,353,0.24453404439209675,TRENDING_UP,1.4155872355765668,66.0
2012-05-14,66.30434782608695,5.22306226016529,3.532608695652174,0.4981303181380786,368,0.24217517820545328,TRENDING_UP,1.3566562675480724,67.0
2012-05-15,65.10989010989012,6.673377888414153,4.395604395604396,0.4054381824071558,364,0.24349050994133165,TRENDING_UP,1.3109950138573814,68.0
2012-05-16,57.30027548209367,5.9072770880046255,4.132231404958678,-1.5497711159074743,363,0.2688575178215104,RANGING,1.3832578064024947,0.0
2012-05-17,59.894459102902374,7.1125039766305935,3.430079155672823,0.3463710272449912,379,0.2588657106029384,RANGING,1.3707203542893853,1.0
2012-05-18,52.976190476190474,12.023715507625754,4.464285714285714,-0.454971664850909,336,0.2881789952109397,RANGING,1.436319525926951,2.0
2012-05-21,53.54107648725213,9.111794040592356,4.2492917847025495,0.5730939477111615,353,0.2801837576929591,RANGING,1.4162271705869371,3.0
2012-05-22,61.53846153846154,8.502802529202416,3.571428571428571,2.3220211917544256,364,0.2905311812348401,TRENDING_UP,1.432024143548897,0.0
2012-05-23,59.171597633136095,6.25380479022018,2.0710059171597637,0.044569234505370245,338,0.3054538435617093,RANGING,1.4409541346643076,0.0
2012-05-24,56.14035087719298,5.941509046923054,3.8011695906432745,-0.4038208569173764,342,0.31187072422177825,RANGING,1.4556695453514832,1.0
2012-05-25,59.55056179775281,5.8428932188626925,4.775280898876404,0.6009735715024672,356,0.2964912943129356,RANGING,1.380586510937834,2.0
2012-05-28,58.5635359116022,6.182892565568265,5.801104972375691,1.091985813696029,362,0.29605402407750664,RANGING,1.3387939003001101,3.0
2012-05-29,59.57446808510638,7.932906349354806,7.180851063829788,1.7519105950517055,376,0.2827956324517272,RANGING,1.3211446966816724,4.0
2012-05-30,57.96703296703297,7.879421068895833,7.142857142857142,0.11202827251856856,364,0.2894272423467179,RANGING,1.3647835602692087,5.0
2012-05-31,55.00000000000001,6.519710243782534,4.444444444444445,0.057536077263879666,360,0.2659407089088418,RANGING,1.3223400659479991,6.0
2012-06-01,55.45977011494253,4.62866862313696,4.310344827586207,1.0170421566794061,348,0.27615844689501734,RANGING,1.3093564373202506,7.0
2012-06-04,55.61959654178674,8.487221877691173,4.899135446685879,-0.3018043553021967,347,0.28442107061424166,RANGING,1.3351037075371857,8.0
2012-06-05,55.0561797752809,6.9568492274756695,3.932584269662921,-0.09362461478417573,356,0.2904349962508066,RANGING,1.324127914398868,9.0
2012-06-06,50.429799426934096,5.394456454368806,2.5787965616045847,-0.4298418023294565,349,0.2890984838636569,RANGING,1.322301543824882,10.0
2012-06-07,47.97687861271676,10.455724222976684,3.1791907514450863,-0.496082015867055,346,0.2772214661985286,RANGING,1.2903632639076204,11.0
2012-06-08,43.83954154727794,5.563660845368184,2.005730659025788,-0.4888862293067948,349,0.2714063218219286,RANGING,1.314812629529379,12.0
2012-06-11,43.125,5.003419356954172,2.5,-0.20353625670385736,320,0.27940243495946715,RANGING,1.3032497981834295,13.0
2012-06-12,41.246290801186944,5.455848708991867,2.967359050445104,-1.3659058647935207,337,0.2767509688763469,RANGING,1.3491357870250402,14.0
2012-06-13,41.00946372239748,5.425994945024307,2.8391167192429023,-0.14277258942214208,317,0.2644458897683855,RANGING,1.324792110638954,15.0
2012-06-14,48.61111111111111,5.020165284830047,1.9444444444444444,1.725497796833877,360,0.2738507373276949,RANGING,1.3556003866375717,16.0
2012-06-15,48.81656804733728,5.8259443082997135,1.4792899408284024,0.27794816568416875,338,0.27577244946775753,RANGING,1.3080902691390184,17.0
2012-06-18,49.549549549549546,5.786865040644463,1.5015015015015014,0.2731434257403754,333,0.28261250115743963,RANGING,1.32507472301047,18.0
2012-06-19,45.2887537993921,4.663729571150491,1.5197568389057752,-0.930202941534503,329,0.25434905522932455,RANGING,1.273237793786299,19.0
2012-06-20,47.214076246334315,5.34393963627355,1.466275659824047,0.10073128956711219,341,0.25953814893162386,RANGING,1.276836187128581,20.0
2012-06-21,42.52199413489736,3.28990255653625,2.346041055718475,-0.3334958441696068,341,0.25548824114372576,RANGING,1.2709329000191167,21.0
2012-06-22,44.126074498567334,4.5200140789560646,2.292263610315186,1.310291151110513,349,0.2498568229007501,RANGING,1.3116259626154887,22.0
2012-06-25,41.25,4.0027540522285605,4.0625,-0.6316381292536514,320,0.25526794883664183,RANGING,1.3250135608626172,23.0
2012-06-26,37.93103448275862,4.765464674099117,2.586206896551724,-0.48230364315985297,348,0.2657401173392284,RANGING,1.317175403704148,24.0
2012-06-27,42.42424242424242,7.571938335346388,2.7548209366391188,0.6759085510160693,363,0.2672441936843604,RANGING,1.2776829247082415,25.0
2012-06-28,44.345238095238095,4.966050648861337,3.273809523809524,0.14045789658363317,336,0.27425726682725204,RANGING,1.2494223283319148,26.0
2012-06-29,45.82392776523702,4.9956760980388335,3.160270880361174,-0.11037750190312397,443,0.22865353512172729,RANGING,1.222353368242809,27.0
2012-07-02,44.0,5.568793947713178,2.1538461538461537,0.9791662932812933,325,0.28380574332506053,TRENDING_UP,1.265622657838692,0.0
2012-07-03,47.383720930232556,6.22442741741576,2.616279069767442,0.9920001236542514,344,0.27187912661668234,TRENDING_UP,1.2490044567943048,1.0
2012-07-04,46.590909090909086,9.637880346556067,1.9886363636363635,0.5826264545195232,352,0.26634329377742166,TRENDING_UP,1.257277068154407,2.0
2012-07-05,44.44444444444444,4.377326940585869,2.4691358024691357,-0.35745886471999966,324,0.26417197429744627,TRENDING_UP,1.2138070173333964,3.0
2012-07-06,51.22699386503068,4.523184463164383,2.7607361963190185,0.7848264831396119,326,0.26721349845062925,TRENDING_UP,1.164716306852884,4.0
2012-07-09,54.20289855072464,3.4471492573505778,3.768115942028986,0.4680827090570755,345,0.261132914221619,TRENDING_UP,1.1657500865813515,5.0
2012-07-10,56.557377049180324,4.317592715856316,5.191256830601093,0.5197187450483537,366,0.2288882939566908,TRENDING_UP,1.1163364717962707,6.0
2012-07-11,52.83018867924528,5.213362420913232,3.234501347708895,0.4949919436657141,371,0.21901758308960426,TRENDING_UP,1.074593580455702,7.0
2012-07-12,55.55555555555556,5.495144541586649,5.982905982905983,0.6512754062814381,351,0.2029403242818496,TRENDING_UP,1.0094544131473009,8.0
2012-07-13,56.50969529085873,4.835637407190571,5.540166204986149,0.09205526132067594,361,0.19609724182589802,TRENDING_UP,1.0256072128040954,9.0
2012-07-16,56.32183908045977,4.919973943675407,4.022988505747127,0.6160293923826474,348,0.19728352921731634,TRENDING_UP,0.99742571559267,10.0
2012-07-17,58.46994535519126,5.673553404507464,3.825136612021858,-0.1510065661618568,366,0.16808411531534231,TRENDING_UP,0.9894546869288805,11.0
2012-07-18,64.42577030812325,5.434672513385157,4.761904761904762,1.4944696872852128,357,0.1847416853628463,TRENDING_UP,0.9814073012943443,12.0
2012-07-19,64.5945945945946,4.760168964942257,5.135135135135135,0.6579452168916219,370,0.17152025563207673,TRENDING_UP,0.9592667870658107,13.0
2012-07-20,62.59946949602122,4.248297553383342,5.570291777188329,-0.6919901216047037,377,0.17301544531010793,TRENDING_UP,0.9135060685269456,14.0
2012-07-23,64.51612903225806,6.196738933899031,1.8433179723502304,-0.0066973641379427275,217,0.21366394636883138,TRENDING_UP,0.8894835567640134,15.0
2012-07-24,64.0,5.72156509520461,1.7777777777777777,0.04042128211142802,225,0.21902807158105625,TRENDING_UP,0.8704891858983599,16.0
2012-07-25,65.57377049180327,5.401601520910076,2.0491803278688523,0.23169760495959155,244,0.205826025472054,TRENDING_UP,0.8458270281255756,17.0
2012-07-26,63.63636363636363,3.9173660227317106,3.0303030303030303,0.3244278469700473,264,0.18796152984115935,TRENDING_UP,0.8376834379030456,18.0
2012-07-27,65.36796536796537,3.9769940571528712,6.493506493506493,0.12534793190775803,231,0.19986369311589414,TRENDING_UP,0.8253381255244765,19.0
2012-07-30,64.68401486988847,4.575989681638169,6.691449814126393,-0.31862942142704,269,0.16303661900504224,TRENDING_UP,0.7224422769740502,20.0
2012-07-31,66.91176470588235,4.760703797821611,5.88235294117647,0.5909425538601585,272,0.16256443331517875,TRENDING_UP,0.704308156685189,21.0
2012-08-01,67.29323308270678,6.088837305319594,7.894736842105263,0.9624175030435745,266,0.1785157574916918,TRENDING_UP,0.7054256138877444,22.0
2012-08-02,66.21160409556313,7.824764465599074,7.508532423208192,-0.1833363031029414,293,0.16592865348019153,TRENDING_UP,0.7096180961218999,23.0
2012-08-03,62.18487394957983,5.538994008518549,6.302521008403361,-0.5216429638273048,238,0.182087031753035,TRENDING_UP,0.6849417739872701,24.0
2012-08-06,59.055118110236215,4.856676625281242,4.724409448818897,-0.6538327522033904,254,0.2022093776609203,TRENDING_UP,0.6857780924738484,25.0
2012-08-07,56.72727272727273,6.511959001069972,3.6363636363636362,-0.2375938884029865,275,0.18869445343288388,TRENDING_UP,0.6922767075783913,26.0
2012-08-08,59.63636363636363,10.526747042108775,5.090909090909091,2.2339074163203656,275,0.1840799450915192,TRENDING_UP,0.6951812720172204,27.0
2012-08-09,62.23776223776224,6.059135398459409,6.293706293706294,0.5100477612099272,286,0.16847752737360538,TRENDING_UP,0.6888910870830403,28.0
2012-08-10,64.19213973799127,4.4202416988226645,7.860262008733625,0.3823223055238536,229,0.2013658061160026,TRENDING_UP,0.6559127838720872,29.0
2012-08-13,69.47368421052632,6.214213275240801,10.526315789473683,1.8155525079212527,285,0.2070443577003339,TRENDING_UP,0.6801817600223163,30.0
2012-08-15,68.10035842293907,5.202946594897438,7.526881720430108,0.30117126458215543,279,0.19730257110623214,TRENDING_UP,0.6691501463168942,31.0
2012-08-16,67.30038022813687,10.05184276768478,9.125475285171103,1.1424881687184665,263,0.18779121529034526,TRENDING_UP,0.646313219662827,32.0
2012-08-23,72.81879194630872,10.248677228191099,9.060402684563758,2.0707741585861412,298,0.1874091457224299,TRENDING_UP,0.6465977699752316,33.0
2012-08-24,73.52941176470588,6.631927796158316,7.516339869281046,1.6994189675817453,306,0.18106909358657153,TRENDING_UP,0.6696408979744889,34.0
2012-08-27,76.68711656441718,24.182646913138154,9.202453987730062,3.191405278077554,326,0.1896368656466074,TRENDING_UP,0.6883261291117765,35.0
2012-08-28,78.26086956521739,7.8769496660657685,12.732919254658384,0.8517795971193796,322,0.1743493741842558,TRENDING_UP,0.7088984986688076,36.0
2012-08-29,76.0655737704918,7.471430471579443,8.19672131147541,-0.20209539793632014,305,0.18822780582340135,TRENDING_UP,0.7185187287435858,37.0
2012-08-30,79.55271565495208,5.384233454256355,9.904153354632587,1.5718313170138782,313,0.18401842049128717,TRENDING_UP,0.7370370880264528,38.0
2012-08-31,79.6774193548387,4.710692716702174,12.258064516129032,0.9100852651785554,310,0.17463066370846544,TRENDING_UP,0.7581937656822748,39.0
2012-09-03,82.14285714285714,6.951902670781315,12.987012987012985,1.8759421177550708,308,0.179373492078894,TRENDING_UP,0.7634804183688738,40.0
2012-09-04,78.23343848580441,4.9725622037204955,12.933753943217665,0.4307487797018461,317,0.18620207840106998,TRENDING_UP,0.7671432461254221,41.0
2012-09-05,80.43478260869566,7.025776862490137,9.937888198757763,0.37595940188004695,322,0.17787361254339645,TRENDING_UP,0.7748151325507294,42.0
2012-09-06,79.11392405063292,4.487334598368468,6.012658227848101,0.009930259075278414,316,0.18727646674138798,TRENDING_UP,0.8455064446658108,43.0
2012-09-07,80.84415584415584,4.883158865814052,6.493506493506493,0.8252916303887482,308,0.18474022379725924,TRENDING_UP,0.8578297045488514,44.0
2012-09-10,76.72131147540983,7.38160734329022,6.885245901639345,0.5357662559532294,305,0.18250419003216967,TRENDING_UP,0.8426961868585633,45.0
2012-09-11,75.47169811320755,5.481054539186612,7.232704402515723,0.21832194329047735,318,0.17048674462296332,TRENDING_UP,0.8407015371348275,46.0
2012-09-12,77.52442996742671,7.0132425987054345,4.5602605863192185,1.3277279403142825,307,0.1636202934691291,TRENDING_UP,0.838875987663695,47.0
2012-09-13,73.7864077669903,6.193987836851943,4.53074433656958,0.46135685612252275,309,0.16958996061494816,TRENDING_UP,0.8213956022633516,48.0
2012-09-14,75.8957654723127,5.522578737353688,6.188925081433225,0.2863300319997177,307,0.15397381143832864,TRENDING_UP,0.8390600151071776,49.0
2012-09-17,71.56862745098039,10.097732492964642,4.57516339869281,0.1148715219162617,306,0.16601064643086097,TRENDING_UP,0.833652624770435,50.0
2012-09-18,73.70030581039755,9.302513309691347,4.892966360856269,1.6055125339115985,327,0.17766852978360867,TRENDING_UP,0.8398975587719169,51.0
2012-09-19,74.375,5.623886354774205,6.875000000000001,0.8160255736048748,320,0.1748148481853271,TRENDING_UP,0.8411242531429903,52.0
2012-09-20,71.55688622754491,6.936025325819831,5.9880239520958085,0.12632627204148916,334,0.1677889045990004,TRENDING_UP,0.8772611023100263,53.0
2012-09-24,68.06451612903226,4.305182320359076,5.806451612903226,-1.1292758258331623,310,0.19079497832089373,TRENDING_UP,0.8840644088785297,54.0
2012-09-25,66.66666666666666,4.667374025890528,4.29042904290429,0.2224468321889268,303,0.16978715048878276,TRENDING_UP,0.8638523793602748,55.0
2012-09-26,67.41214057507987,4.839959303491451,3.1948881789137378,-0.4921281302231855,313,0.17417319432099543,TRENDING_UP,0.8427687536283838,56.0
2012-09-27,65.92356687898089,6.379475553331218,5.414012738853503,0.37932201126259946,314,0.15718050431511923,TRENDING_UP,0.8439833333224813,57.0
2012-09-28,67.17791411042946,5.598105111291867,7.05521472392638,0.47810280448446507,326,0.14845940782864445,TRENDING_UP,0.8588542954854771,58.0
2012-10-01,65.3125,4.35357208941608,6.875000000000001,0.4419774693415821,320,0.14960253927756034,TRENDING_UP,0.8516581683476928,59.0
2012-10-02,67.84565916398714,4.72901928246747,8.681672025723474,0.5137875477301935,311,0.12585367760549243,TRENDING_UP,0.8713028707929107,60.0
2012-10-03,68.71165644171779,6.6611922291863745,7.361963190184049,1.2734191360113531,326,0.1369651909916763,TRENDING_UP,0.883163476048245,61.0
2012-10-04,69.7406340057637,8.974234779983158,10.086455331412104,2.051618101502584,347,0.13771177610541138,TRENDING_UP,0.8528269119688693,62.0
2012-10-05,68.50152905198776,6.1768455370213005,9.480122324159021,0.5864549853837153,327,0.12975304254176515,TRENDING_UP,0.799621565798485,63.0
2012-10-08,62.7831715210356,4.7090851134833605,7.766990291262135,-0.6552595124710427,309,0.1490958799953806,TRENDING_UP,0.8376783556872248,64.0
2012-10-09,64.87341772151899,5.919290441006165,5.69620253164557,-0.05242524794043749,316,0.14475214913415319,TRENDING_UP,0.8422614646384805,65.0
2012-10-10,62.57861635220125,5.53730514668334,4.716981132075472,-0.5944714918354453,318,0.14127205285730265,TRENDING_UP,0.8556876998721579,66.0
2012-10-11,61.377245508982035,5.09038533259986,3.592814371257485,0.2630727212046285,334,0.14286069578477018,TRENDING_UP,0.8720566982007284,67.0
2012-10-12,54.9520766773163,4.2639752373399515,4.472843450479233,-0.9182150384917201,313,0.1555671547153253,TRENDING_UP,0.9517554563115952,68.0
2012-10-15,54.43425076452599,5.110646422822641,5.5045871559633035,0.021169114646527293,327,0.1601502395309017,TRENDING_UP,0.930786377001188,69.0
2012-10-16,49.67948717948718,5.407592611350876,4.807692307692308,-0.9121677058883694,312,0.1768602542415404,TRENDING_UP,0.9294163056723432,70.0
2012-10-17,49.35064935064935,5.710460937395279,4.220779220779221,-0.14661020086945942,308,0.15919556878460414,TRENDING_UP,0.9137494234928739,71.0
2012-10-18,52.307692307692314,5.818538512930337,4.923076923076923,0.636810581576985,325,0.15951808208766666,TRENDING_UP,0.9105795643780075,72.0
2012-10-19,54.166666666666664,5.719972018816371,7.051282051282051,1.0971906150648325,312,0.16691223950122155,TRENDING_UP,0.8879042598660785,73.0
2012-10-22,59.49367088607595,6.354945661223502,7.59493670886076,0.5171075035290482,316,0.15935115477150286,TRENDING_UP,0.8613741377014927,74.0
2012-10-23,57.738095238095234,9.315715686795325,8.333333333333332,0.7331499957111449,336,0.15574487748999943,TRENDING_UP,0.8652477885483902,75.0
2012-10-24,59.70149253731343,8.182526062366112,9.253731343283581,1.7514566905790467,335,0.1470297300820606,TRENDING_UP,0.8636963278251664,76.0
2012-10-25,56.00000000000001,6.985272613591638,8.307692307692308,0.8924168146372546,325,0.1430950391025053,TRENDING_UP,0.8570410403776207,77.0
2012-10-30,59.11949685534591,6.4986860482430036,8.80503144654088,0.43518420627655013,318,0.14487569553374413,TRENDING_UP,0.8098161994893623,78.0
2012-10-31,56.44171779141104,5.8051515129582025,7.361963190184049,-0.03121632861497956,326,0.15585546069916792,TRENDING_UP,0.7943722576399538,79.0
2012-11-01,57.391304347826086,6.6408298887893755,8.115942028985506,0.6222165500004674,345,0.13795009981045386,TRENDING_UP,0.7697541154602987,80.0
2012-11-02,58.89212827988338,5.7912805774249625,7.288629737609329,0.8574868671910435,343,0.13654168809233272,TRENDING_UP,0.7644885119755556,81.0
2012-11-05,58.333333333333336,5.80471634712906,6.547619047619048,0.6003716969113814,336,0.1295109242231613,TRENDING_UP,0.7669518381615665,82.0
2012-11-06,54.87804878048781,13.176479585348549,6.402439024390244,-0.35018389861735183,328,0.1472827536901549,TRENDING_UP,0.7766177355627079,83.0
2012-11-07,61.773700305810394,4.358533236889178,7.951070336391437,1.1418748186439895,327,0.1555774074133089,TRENDING_UP,0.7586226670226496,84.0
2012-11-08,59.756097560975604,8.40389653212753,5.182926829268292,0.8151259410906203,328,0.1493398161215343,TRENDING_UP,0.7608135553986362,85.0
2012-11-12,58.51393188854489,5.411294719880466,7.739938080495357,0.7654474934581958,323,0.15467653339656504,TRENDING_UP,0.7472085300807713,86.0
2012-11-13,60.063897763578275,4.678134925218869,7.987220447284344,0.36551347100276016,313,0.15103117149331202,TRENDING_UP,0.7395757644894022,87.0
2012-11-14,59.354838709677416,4.659541410251586,5.806451612903226,0.751197394940708,310,0.13953220279820358,TRENDING_UP,0.6765042318734138,88.0
2012-11-15,62.42774566473989,5.506372388158471,7.803468208092486,1.7033602107178973,346,0.15479147963656223,TRENDING_UP,0.6715730031524357,89.0
2012-11-16,63.8235294117647,5.868956114385777,10.882352941176471,1.933515890314331,340,0.13996966007739875,TRENDING_UP,0.6568015044074044,90.0
2012-11-19,67.86703601108033,7.98507668197813,14.127423822714682,3.7365410172363025,361,0.1644567993994867,TRENDING_UP,0.6573041797065838,91.0
2012-11-20,68.70026525198939,5.818930848086916,14.854111405835543,1.3178147964916638,377,0.16018246455729535,TRENDING_UP,0.6564384600096352,92.0
2012-11-21,70.05494505494505,7.437647015858361,12.087912087912088,1.458402978082159,364,0.15923899451825416,TRENDING_UP,0.6455169932711927,93.0
2012-11-22,74.86187845303867,7.622624750497414,16.85082872928177,4.065150821239099,362,0.20128432299901303,TRENDING_UP,0.6374711479471117,94.0
2012-11-23,76.96629213483146,7.170115643798464,19.101123595505616,2.6478990879172706,356,0.20537770354858517,TRENDING_UP,0.6304075912743198,95.0
2012-11-26,78.13333333333333,10.421961109033441,21.6,4.2744290312606,375,0.21239617689184156,TRENDING_UP,0.6303778376544509,96.0
2012-11-27,79.05759162303664,6.766688544684612,20.418848167539267,0.043354335415032565,382,0.20352428656323343,TRENDING_UP,0.629843865816629,97.0
2012-11-28,78.49740932642487,9.330159934624016,13.21243523316062,0.4478873114349348,386,0.19895513405507353,TRENDING_UP,0.6549275664985998,98.0
2012-11-29,78.59078590785907,5.911506888329652,8.401084010840108,0.2015976978486311,369,0.19625898378403805,TRENDING_UP,0.6505988958727137,99.0
2012-11-30,77.1830985915493,4.08710897250981,9.295774647887324,-0.4441170857826487,355,0.19725209035550903,TRENDING_UP,0.6575505042277415,100.0
2012-12-03,77.98913043478261,5.809615955782803,7.065217391304348,0.3783185751644663,368,0.1970179602376707,TRENDING_UP,0.646666037811148,101.0
2012-12-04,79.22437673130193,5.816341955170456,7.202216066481995,1.2885826216819383,361,0.1883991514561552,TRENDING_UP,0.6481022693489256,102.0
2012-12-05,79.8342541436464,5.405476932622669,8.011049723756907,0.11084601305752118,362,0.18892290932596437,TRENDING_UP,0.6352416989991432,103.0
2012-12-06,82.84960422163589,6.343332447486946,8.70712401055409,2.1690593213738416,379,0.18962324509801193,TRENDING_UP,0.621665958376302,104.0
2012-12-07,80.10899182561307,5.723629925937664,8.446866485013624,0.45606477426236824,367,0.1896772193990001,TRENDING_UP,0.618280321586682,105.0
2012-12-10,80.85714285714286,5.081003277437156,9.714285714285714,0.05987251598183302,350,0.18891585967160732,TRENDING_UP,0.6243737915144213,106.0
2012-12-11,77.62430939226519,4.354342444879234,6.629834254143646,-1.1265435593588857,362,0.208950444925086,TRENDING_UP,0.6369325499395581,107.0
2012-12-12,76.21776504297995,5.0863542394630725,7.163323782234957,0.35979201017807355,349,0.2128280565559971,TRENDING_UP,0.640636384267168,108.0
2012-12-13,77.68115942028986,4.161907040771485,9.27536231884058,0.871973555217308,345,0.20465792760194707,TRENDING_UP,0.635530845656882,109.0
2012-12-14,78.48837209302324,4.4172845887851935,6.686046511627906,0.516539853793418,344,0.21917723770202654,TRENDING_UP,0.6265861446866734,110.0
2012-12-17,76.83284457478005,4.239340846067146,7.331378299120235,-0.29872796080209213,341,0.21937351356805262,TRENDING_UP,0.6420264960103629,111.0
2012-12-18,76.20396600566572,7.498399415467265,4.815864022662889,0.48671786728087746,353,0.21413183978148928,TRENDING_UP,0.6441132994991317,112.0
2012-12-19,77.07182320441989,5.329013714973672,5.524861878453039,0.40612500162724413,362,0.23227183245980124,TRENDING_UP,0.6319239731520715,113.0
2012-12-20,76.32311977715878,5.437158557896244,4.735376044568245,0.367122066695063,359,0.21723577212316172,TRENDING_UP,0.6265606499164315,114.0
2012-12-21,79.17888563049853,4.985331350879141,5.865102639296188,1.0645496348830739,341,0.19698419029938768,TRENDING_UP,0.6404525494297791,115.0
2012-12-24,79.70149253731343,31.078719522015323,3.880597014925373,1.7758340070647567,335,0.17176838778398712,TRENDING_UP,0.64401424584743,116.0
2012-12-26,78.2991202346041,5.009482042790654,3.812316715542522,-0.4275163822640945,341,0.1710331166899664,TRENDING_UP,0.6336022080255989,117.0
2012-12-27,77.61627906976744,4.575107267374325,4.651162790697675,-0.1466613217046501,344,0.17618450492472262,TRENDING_UP,0.6176564261155385,118.0
2012-12-28,75.15337423312883,3.797199916724984,4.294478527607362,0.5366425815079845,326,0.17406621594632635,TRENDING_UP,0.6003975638589918,119.0
2012-12-31,76.52173913043478,4.830187237951048,2.898550724637681,-0.227368667720589,345,0.18043227386362676,TRENDING_UP,0.6069210124854136,120.0
2013-01-01,72.32142857142857,4.475753805425378,3.273809523809524,-1.2265129366885799,336,0.20330215603382767,TRENDING_UP,0.6243960209278206,121.0
2013-01-02,50.42016806722689,5.703592872595334,0.8403361344537815,-4.377669108505998,357,0.3627710282000523,RANGING,0.7239786076280228,0.0
2013-01-03,58.99053627760252,5.185825327460208,0.9463722397476341,2.0458059745434793,317,0.38716424558191886,RANGING,0.7403996976225767,1.0
2013-01-04,58.620689655172406,5.069332115874434,2.507836990595611,0.8388537048390581,319,0.37063912513200375,RANGING,0.7218010383906638,2.0
2013-01-07,47.266881028938904,4.6883526938412015,0.964630225080386,-2.2514279363275462,311,0.408691867074086,RANGING,0.7615110300466904,3.0
2013-01-08,53.398058252427184,3.555318465420143,3.8834951456310676,1.9219865464839554,309,0.41181247156600786,RANGING,0.7672013774078207,4.0
2013-01-09,55.700325732899024,4.09649861126024,2.2801302931596092,0.32263213457876483,307,0.4093848511366056,TRENDING_UP,0.7457583283459425,0.0
2013-01-10,46.92556634304207,4.137753300200942,1.6181229773462782,-1.449243089410425,309,0.42785020189385503,RANGING,0.7898888802849623,0.0
2013-01-11,49.51456310679612,4.48010311637131,2.912621359223301,0.550057076058593,309,0.41779232304181296,RANGING,0.8134617315240242,1.0
2013-01-14,46.42857142857143,4.098447599143452,1.7857142857142856,0.3209555542984517,280,0.4315908695220738,RANGING,0.8327391394790415,2.0
2013-01-15,28.291316526610643,5.729857588172964,2.2408963585434174,-6.528809348612726,357,0.5289921666751943,RANGING,1.0014036599455312,3.0
2013-01-16,31.329113924050635,4.877748706840125,0.31645569620253167,1.577391159167113,316,0.5450955968799864,RANGING,1.0206427475377713,4.0
2013-01-17,35.56231003039514,5.371286013559688,1.21580547112462,1.6629194750975227,329,0.5434177388020203,RANGING,1.0728563895970145,5.0
2013-01-18,47.151898734177216,5.6908249647997025,1.5822784810126582,4.026683479374103,316,0.5730446066224744,RANGING,1.1364119608933279,6.0
2013-01-21,48.318042813455655,3.7997061169329016,4.281345565749235,-0.05557260469500753,327,0.5674967441599958,RANGING,1.1265827805257087,7.0
2013-01-22,52.46376811594203,5.930385723294236,4.9275362318840585,1.5022968264276062,345,0.5606999245807885,TRENDING_UP,1.1627764502260853,0.0
2013-01-23,55.02958579881657,4.372172142105407,4.142011834319527,0.2397692940721927,338,0.5584614624435651,RANGING,1.163500736604357,0.0
2013-01-24,57.636887608069166,3.958019991757079,4.322766570605188,0.7501001256062134,347,0.5522931678902561,TRENDING_UP,1.1762621098522787,0.0
2013-01-28,56.656346749226,4.441626282966455,5.572755417956656,-0.13213278357981492,323,0.5611549096706986,TRENDING_UP,1.1974102895679453,1.0
2013-01-29,60.0,4.324526892046966,5.633802816901409,0.6036668383167639,355,0.5412361778326116,TRENDING_UP,1.1999535291089471,2.0
2013-01-30,63.52941176470588,5.420608770895662,5.88235294117647,1.485747618451526,340,0.5548999278132497,TRENDING_UP,1.1794177016693148,3.0
2013-01-31,63.55421686746988,3.668962027551471,6.927710843373494,0.407268175846695,332,0.5385401658141489,TRENDING_UP,1.0728515305572088,4.0
2013-02-01,62.81250000000001,3.4540953511548524,5.0,-0.0816115906329988,320,0.5492032914676932,TRENDING_UP,1.0469077499836383,5.0
2013-02-04,60.83086053412463,5.837343964933628,4.451038575667656,0.5994687292553146,337,0.5263696624488858,TRENDING_UP,1.026236589740787,6.0
2013-02-06,61.64772727272727,4.377840914263112,6.25,0.45555447683772476,352,0.5112033467047234,TRENDING_UP,0.9976034723227488,7.0
2013-02-07,60.46511627906976,4.525329079012442,5.813953488372093,0.05731508444204469,344,0.50935145653003,TRENDING_UP,0.9887840757691884,8.0
2013-02-08,64.30678466076697,3.8454155877343696,6.489675516224189,1.0126167036951799,339,0.5089226189873958,TRENDING_UP,0.9880025906943292,9.0
2013-02-11,63.098591549295776,3.945468681915931,7.887323943661972,-0.021651508332322832,355,0.49621801702819723,TRENDING_UP,0.9534041008539768,10.0
2013-02-12,64.22287390029325,4.1512276307313725,7.9178885630498534,0.2098586198674221,341,0.49640583948008826,TRENDING_UP,0.9355559467163327,11.0
2013-02-13,65.42857142857143,4.604611082773642,7.428571428571429,0.9823951629724264,350,0.5026631923095082,TRENDING_UP,0.9293587131882395,12.0
2013-02-14,65.24216524216524,4.375287464481717,9.971509971509972,0.6233861594141638,351,0.3609878517937515,TRENDING_UP,0.7842278037264825,13.0
2013-02-15,64.35045317220543,4.269266631874091,9.06344410876133,-0.11923782358623111,331,0.34693240318581453,TRENDING_UP,0.7656617157061618,14.0
2013-02-18,59.87841945288754,4.293680562855514,6.079027355623101,-0.6512554048596911,329,0.3206861913450816,TRENDING_UP,0.7376826204087086,15.0
2013-02-19,56.598240469208214,3.4878018994845967,5.278592375366569,-0.9271938993846035,341,0.2543554219199831,TRENDING_UP,0.6914665240370405,16.0
2013-02-20,57.42857142857143,4.010642275465344,6.2857142857142865,0.32222321101900203,350,0.235345045282744,TRENDING_UP,0.7094584241327427,17.0
2013-02-21,59.30232558139535,4.830145613967932,6.104651162790697,0.7051204540310977,344,0.1905872179250609,TRENDING_UP,0.6639493734173633,18.0
2013-02-22,61.452513966480446,5.221860433789933,6.983240223463687,1.2416251201647979,358,0.1960745347479723,TRENDING_UP,0.6890734729535436,19.0
2013-02-25,61.43250688705234,4.9750575914229955,8.539944903581267,0.2543141072493948,363,0.1865883037757177,TRENDING_UP,0.7057961765766781,20.0
2013-02-26,55.39358600583091,5.763722809108738,5.247813411078718,-0.9376880662755606,343,0.21464551225644501,TRENDING_UP,0.7340555130232651,21.0
2013-02-27,58.21727019498607,4.88529676272159,4.456824512534819,0.332853941967847,359,0.1821424001594818,TRENDING_UP,0.7322170178381523,22.0
2013-02-28,54.85714285714286,4.970687715385584,6.0,-0.5252204954577012,350,0.18872961846973563,TRENDING_UP,0.7422441367098688,23.0
2013-03-01,51.95195195195195,5.322975835397548,5.7057057057057055,-0.20977006032226475,333,0.19300870259269645,TRENDING_UP,0.7644682293668664,24.0
2013-03-04,53.31230283911672,4.54145143458577,4.73186119873817,-0.401824679564085,317,0.18580913932051338,TRENDING_UP,0.7804975734783453,25.0
2013-03-05,50.617283950617285,4.39122251028213,4.938271604938271,-0.4277615558077983,324,0.1844325759826762,TRENDING_UP,0.8282520888124765,26.0
2013-03-06,44.034090909090914,5.490783601168027,5.965909090909091,-0.7467964597845271,352,0.18952160009535088,TRENDING_UP,0.8493954317808755,27.0
2013-03-07,47.50733137829912,4.394835508837705,5.865102639296188,0.7475739832435695,341,0.1784580572318604,TRENDING_UP,0.8628148531838395,28.0
2013-03-08,46.70846394984326,5.89653825383083,5.329153605015674,-0.36352381737085093,319,0.16675769791871134,TRENDING_UP,0.8728675620039453,29.0
2013-03-11,33.33333333333333,4.176033160149694,3.6036036036036037,-2.9296504453089454,333,0.2721656674479139,RANGING,1.0237288387085006,0.0
2013-03-12,40.41916167664671,4.581982791201807,1.7964071856287425,1.2968830884483895,334,0.28817420425514195,TRENDING_UP,1.0731108916596983,0.0
2013-03-13,36.56957928802589,3.5634093754620917,1.2944983818770228,-0.9765121558515126,309,0.29048777331628656,RANGING,1.0996743323926679,0.0
2013-03-14,40.98360655737705,5.2810997319782595,1.639344262295082,0.8055468688770204,305,0.28613423115097064,RANGING,1.1079332314583046,1.0
2013-03-15,43.0,5.058599171901237,1.3333333333333335,0.45885732486395275,300,0.2946650505538346,RANGING,1.1128524871170582,2.0
2013-03-18,36.78571428571429,4.4949802716435965,0.35714285714285715,-0.20585250153720422,280,0.2945915029075121,RANGING,1.1559255659730183,3.0
2013-03-19,41.42394822006473,4.0848597376688245,1.9417475728155338,0.8317094826610112,309,0.2950518841688237,RANGING,1.158829550277875,4.0
2013-03-20,40.64516129032258,4.603287351280179,3.225806451612903,0.30583392022216294,310,0.29040154724945755,RANGING,1.134996848592176,5.0
2013-03-21,41.66666666666667,5.235316545968218,4.62962962962963,0.531729299237081,324,0.29491378598505313,RANGING,1.1532649458903355,6.0
2013-03-22,44.5859872611465,6.5389146934425675,5.7324840764331215,0.7861015293690945,314,0.28136298109376134,RANGING,1.1201506197141717,7.0
2013-03-25,43.790849673202615,4.4757214122692,4.57516339869281,0.05052922173153632,306,0.2878073685449311,RANGING,1.1042255528504503,8.0
2013-03-26,41.80602006688963,3.8307750730150305,2.6755852842809364,-0.7507360422180669,299,0.28846628349101444,RANGING,1.0854429937080887,9.0
2013-03-27,40.131578947368425,4.470026853404844,1.3157894736842104,0.08764914694732363,304,0.28364900928677317,RANGING,1.0598851732721055,10.0
2013-03-28,38.41059602649007,3.994988513479778,1.6556291390728477,0.02137097411046795,302,0.27693485270309914,RANGING,1.036692044021093,11.0
2013-03-29,42.721518987341774,4.248116552839126,2.848101265822785,1.1015142540434786,316,0.2871704306337541,RANGING,1.019120106011592,12.0
2013-04-01,45.337620578778136,4.446561208201295,3.536977491961415,0.5059593535030359,311,0.2874548045118903,TRENDING_UP,1.0528395461717341,0.0
2013-04-02,46.48318042813456,4.118847841262484,4.892966360856269,-0.26661585355823075,327,0.2801220577356535,TRENDING_UP,1.0365539901906382,1.0
2013-04-03,47.604790419161674,4.872315917571872,6.287425149700598,0.5854760781221373,334,0.2769381048891517,TRENDING_UP,1.030747937648175,2.0
2013-04-04,52.976190476190474,4.488955634859153,7.738095238095238,1.0647991536114891,336,0.2764708635837551,TRENDING_UP,1.013466613371843,3.0
2013-04-05,54.328358208955216,5.742379945793689,5.6716417910447765,0.5156251785899407,335,0.2796696696683544,TRENDING_UP,1.0072638861388394,4.0
2013-04-08,50.764525993883794,4.866129177283078,6.422018348623854,0.18383161825029146,327,0.2325206761152457,TRENDING_UP,0.8798609986779653,5.0
2013-04-09,53.561253561253565,4.748513769359769,8.262108262108262,0.3257740652890671,351,0.1924246369460147,TRENDING_UP,0.8011735843591908,6.0
2013-04-10,54.97076023391813,6.7331916635483475,5.263157894736842,1.2845441705835154,342,0.15438859143618683,TRENDING_UP,0.7702441069573559,7.0
2013-04-11,56.289308176100626,4.791542796121253,7.861635220125786,0.3468489271034735,318,0.1611277338071942,TRENDING_UP,0.7651715602026168,8.0
2013-04-12,53.07443365695793,4.072225619784722,6.796116504854369,0.1924099831689596,309,0.1593780025034328,TRENDING_UP,0.7671254250764661,9.0
2013-04-15,48.275862068965516,4.111795110356862,3.761755485893417,-1.6854770915864388,319,0.21569276519027997,TRENDING_UP,0.7679748441253467,10.0
2013-04-16,41.04938271604938,5.241226294471304,2.7777777777777777,-1.6403977061277928,324,0.23780395934710372,RANGING,0.7802636659555903,0.0
2013-04-17,40.63492063492063,5.662141145907301,2.5396825396825395,-0.21264625648817578,315,0.23951102024289672,TRENDING_UP,0.8213902051307681,0.0
2013-04-18,49.36305732484077,4.189988619905771,2.547770700636943,1.0313413960428326,314,0.24740380457590422,TRENDING_UP,0.8290427390466272,1.0
2013-04-19,48.4472049689441,5.812726410050426,3.4161490683229814,0.73754498671856,322,0.24632248195288567,TRENDING_UP,0.8520648954093676,2.0
2013-04-22,45.307443365695796,5.549633065077399,2.912621359223301,0.10034277949759239,309,0.2574151135049303,TRENDING_UP,0.8586362671353416,3.0
2013-04-23,51.69230769230769,6.101448568011062,6.461538461538462,1.2058240625630943,325,0.244785150673879,TRENDING_UP,0.8528746000088997,4.0
2013-04-24,53.55029585798816,5.299193705644958,6.804733727810651,0.6967090988087911,338,0.2282409340617291,TRENDING_UP,0.8519749558831181,5.0
2013-04-25,57.67045454545454,5.474915151749901,10.227272727272728,1.8255979456930433,352,0.24078844940403013,TRENDING_UP,0.8712771258116605,6.0
2013-04-26,63.20224719101124,6.432115797196585,10.955056179775282,1.8811918958079497,356,0.2588032259531272,TRENDING_UP,0.8677213045342134,7.0
2013-04-29,59.94236311239193,4.745308285719542,11.815561959654179,-1.1227939361799384,347,0.26472038959135785,TRENDING_UP,0.8327352127865836,8.0
2013-04-30,56.03448275862068,5.173034465439907,10.919540229885058,-0.05872941348981112,348,0.2653073976415348,TRENDING_UP,0.830997839053184,9.0
2013-05-02,55.95567867036011,5.774604877104554,10.249307479224377,1.0672848350523312,361,0.25168053733801815,TRENDING_UP,0.7959114304372086,10.0
2013-05-03,60.38251366120219,4.795713466962414,10.382513661202186,1.2931284937235101,366,0.2544884996559021,TRENDING_UP,0.8157851896042073,11.0
2013-05-06,60.773480662983424,4.98297020859586,10.497237569060774,0.3319422168503411,362,0.26173737290441085,TRENDING_UP,0.8393857722247289,12.0
2013-05-07,61.40350877192983,4.829727626865525,7.309941520467836,0.061314202862442435,342,0.2564245831818493,TRENDING_UP,0.8480595180124904,13.0
2013-05-08,60.54794520547945,4.262859708776555,7.397260273972603,0.2681004512120368,365,0.2530931403013343,TRENDING_UP,0.8834256427637839,14.0
2013-05-09,63.89684813753582,4.198966188793147,7.163323782234957,0.9336468766839042,349,0.2626103622104279,TRENDING_UP,0.9210811404646411,15.0
2013-05-10,68.43657817109144,4.719942117479599,8.55457227138643,1.2635067631829346,339,0.27251083328257597,TRENDING_UP,0.956936213457637,16.0
2013-05-13,77.01149425287356,6.488142469155129,10.632183908045976,2.316163453931463,348,0.27696596023693176,TRENDING_UP,1.005686886818452,17.0
2013-05-14,73.92550143266476,4.716817235005684,10.601719197707736,0.25705267445349156,349,0.24909389453851075,TRENDING_UP,0.9966631859345843,18.0
2013-05-15,76.04456824512535,7.636496056577145,7.520891364902507,1.4067729651151686,359,0.2065001221347068,TRENDING_UP,1.0086795687589967,19.0
2013-05-16,79.15492957746478,6.208235576405627,6.197183098591549,1.0155947758071768,355,0.184071476976199,TRENDING_UP,1.039602578294132,20.0
2013-05-17,81.32183908045977,4.551744734293571,8.333333333333332,1.3331832425352408,348,0.18928277469894852,TRENDING_UP,1.017844352372275,21.0
2013-05-20,82.27146814404432,4.084689039882823,10.80332409972299,0.8753012161760324,361,0.18283111975049124,TRENDING_UP,1.034645197927947,22.0
2013-05-21,83.51648351648352,3.70772716495665,10.714285714285714,0.32873223804376744,364,0.1692095429073835,TRENDING_UP,1.0669713718820864,23.0
2013-05-22,84.593837535014,4.34088419892515,12.885154061624648,1.1464826867187117,357,0.17095288617965695,TRENDING_UP,1.0977170311618962,24.0
2013-05-23,82.17270194986072,4.062924464775273,9.749303621169917,-0.5987118223029194,359,0.19275577975668215,TRENDING_UP,1.1435716745577524,25.0
2013-05-24,83.52941176470588,3.7094854257261916,7.941176470588235,0.7151412491839124,340,0.18291258983844502,TRENDING_UP,1.147940425967768,26.0
2013-05-27,81.11455108359134,3.646855244135501,3.4055727554179565,-1.0681294874722955,323,0.2252931129249531,TRENDING_UP,1.2337145245495225,27.0
2013-05-28,80.83333333333333,4.84370087893316,5.0,1.5816084816872973,360,0.2177007103155073,TRENDING_UP,1.3008238410694588,28.0
2013-05-29,81.69014084507043,4.50923231882172,9.577464788732394,1.049854917186757,355,0.21674660243592203,TRENDING_UP,1.3304272351444333,29.0
2013-05-30,84.67741935483872,5.170733554259328,9.408602150537634,1.9230048044102124,372,0.215662503967713,TRENDING_UP,1.3493218827029834,30.0
2013-05-31,84.22459893048129,4.862016166204341,11.229946524064172,1.2041275737051942,374,0.2155272007462871,TRENDING_UP,1.3441521693805405,31.0
2013-06-03,87.64044943820225,4.729643754932622,15.168539325842698,0.9080269354191987,356,0.20881880842956926,TRENDING_UP,1.3630566758073177,32.0
2013-06-04,89.38992042440319,5.9250725548790015,12.73209549071618,1.4878110461590242,377,0.20564674174484035,TRENDING_UP,1.3766071621777554,33.0
2013-06-05,86.68478260869566,3.9491496522549285,9.510869565217392,-0.24690110342846713,368,0.21633195362319926,TRENDING_UP,1.4224267871061678,34.0
2013-06-06,87.35955056179775,4.293338726848541,8.707865168539326,0.5111610539786278,356,0.21822695383574914,TRENDING_UP,1.4313273509990272,35.0
2013-06-07,90.72463768115942,4.386453193793355,9.27536231884058,0.5531748920876298,345,0.21973379157000952,TRENDING_UP,1.432202123891273,36.0
2013-06-10,89.07563025210085,4.4001506592533515,7.282913165266107,-0.8735667485715973,357,0.22992830945337805,TRENDING_UP,1.4373289560529356,37.0
2013-06-11,89.91596638655463,4.021273795421734,8.403361344537815,1.168561356155366,357,0.22403024823161893,TRENDING_UP,1.4080553575633739,38.0
2013-06-12,88.45070422535211,4.35612198801125,10.140845070422536,1.0597212687660857,355,0.22646918902365148,TRENDING_UP,1.3968891674061357,39.0
2013-06-13,87.5,4.247362681534669,15.0,0.94069863485498,360,0.23517091414177554,TRENDING_UP,1.404334441235765,40.0
2013-06-14,87.75510204081633,5.125442066367126,10.787172011661808,-0.2149143631965609,343,0.2509188130923184,TRENDING_UP,1.4539203891109957,41.0
2013-06-17,82.6219512195122,4.478685823463917,7.317073170731707,-0.19856904797675443,328,0.2629390408066213,TRENDING_UP,1.5021204998456095,42.0
2013-06-18,79.82456140350878,3.9773141032111585,3.508771929824561,-1.6072131478769023,342,0.27865790241439875,TRENDING_UP,1.5429525954589551,43.0
2013-06-19,80.74712643678161,4.72329832744297,3.4482758620689653,0.540596841423939,348,0.2662037066463567,TRENDING_UP,1.5304381334783763,44.0
2013-06-20,78.90173410404624,4.749850065946894,4.913294797687861,-0.3965589897683667,346,0.2737036334541702,TRENDING_UP,1.5457841548323314,45.0
2013-06-21,70.53291536050156,5.5781284720354325,4.702194357366771,-1.6215075040302396,319,0.31846253787464507,VOLATILE,1.609562478252954,0.0
2013-06-24,56.30498533724341,4.260833520736856,2.932551319648094,-3.8039611717728805,341,0.3914742894030513,VOLATILE,1.7662869962485888,1.0
2013-06-25,60.0,4.627321449127346,0.9836065573770493,0.5234361335422258,305,0.385955645495496,VOLATILE,1.7157942505899946,2.0
2013-06-26,57.50798722044729,4.834697647914876,1.5974440894568689,0.0726856251081906,313,0.37892080067040135,VOLATILE,1.7475147089141936,3.0
2013-06-27,57.32899022801303,3.9624448851437,2.2801302931596092,0.834179769062409,307,0.36772940531714793,VOLATILE,1.7490509313672766,4.0
2013-06-28,58.27814569536424,5.167203277402844,3.642384105960265,0.8467602279906669,302,0.36221624380655065,VOLATILE,1.765121736062943,5.0
2013-07-01,64.47368421052632,5.097591796547296,2.9605263157894735,1.8893314262603311,304,0.3792468721010638,VOLATILE,1.750394136447979,6.0
2013-07-02,67.61904761904762,4.392777312039632,2.857142857142857,1.371411067142891,315,0.3906659754001983,VOLATILE,1.754969121015035,7.0
2013-07-03,74.52229299363057,4.47601836522196,7.643312101910828,1.5016126822963802,314,0.3917768995023895,VOLATILE,1.693335186301246,8.0
2013-07-04,75.43352601156069,4.4102140618393895,7.514450867052023,0.8971418655004203,346,0.3707938267469849,VOLATILE,1.6698418898199836,9.0
2013-07-05,78.1437125748503,4.408373211536655,9.880239520958083,1.01434429815607,334,0.3828792892999084,VOLATILE,1.6459099283354837,10.0
2013-07-08,77.01492537313432,4.125635591578191,11.044776119402986,0.5703630482552291,335,0.3658849789188985,TRENDING_UP,1.602680351895669,0.0
2013-07-09,74.92795389048992,3.73859688372289,13.256484149855908,0.6523841700406252,347,0.3658831732823332,TRENDING_UP,1.6316597436229214,1.0
2013-07-10,74.63976945244957,4.998841059344105,12.39193083573487,-0.17533087736512673,347,0.361019838556089,TRENDING_UP,1.6444093393326236,2.0
2013-07-11,69.6485623003195,3.9045018929672537,9.584664536741213,-1.045701994087108,313,0.39173758691512445,VOLATILE,1.6239015647248678,0.0
2013-07-12,73.33333333333333,4.059531695736133,9.206349206349207,1.3899140436490232,315,0.3868771507077933,TRENDING_UP,1.594879525917076,0.0
2013-07-15,70.32640949554896,4.343235913102817,11.275964391691394,-0.13011202545405118,337,0.3803482079827488,TRENDING_UP,1.5712346827145267,1.0
2013-07-16,68.97590361445783,4.221051741116045,7.83132530120482,0.02756124564488275,332,0.37319745134603893,TRENDING_UP,1.5054149473530583,2.0
2013-07-17,65.65349544072949,3.6794442732018617,5.167173252279635,-0.9219816862128617,329,0.3896226065512333,TRENDING_UP,1.5302534668828305,3.0
2013-07-18,68.53582554517133,4.8709662358601875,6.853582554517133,1.0200434334143338,321,0.38246410550779186,TRENDING_UP,1.502266712870489,4.0
2013-07-19,72.22222222222221,5.169041026181542,10.526315789473683,1.6241279148154182,342,0.37449404819136567,TRENDING_UP,1.4855351908943333,5.0
2013-07-22,71.8475073313783,6.515326243857989,13.78299120234604,1.0592019977728837,341,0.27775705917534393,TRENDING_UP,1.3650481595718271,6.0
2013-07-23,68.14159292035397,4.24447056564661,11.504424778761061,0.19542062383811704,339,0.27776979257488704,TRENDING_UP,1.3168937397580645,7.0
2013-07-24,69.66292134831461,4.174720835515372,15.44943820224719,0.8192188360660434,356,0.26875314362319924,TRENDING_UP,1.2849708658483128,8.0
2013-07-25,71.26760563380282,5.619620428407696,12.394366197183098,0.5927185954598462,355,0.2562882922282305,TRENDING_UP,1.3106523885960941,9.0
2013-07-26,67.95252225519289,4.535411295305867,11.572700296735905,0.6305163351354136,337,0.2626194560491904,TRENDING_UP,1.2995003206782778,10.0
2013-07-29,66.3716814159292,4.5562049938553875,10.914454277286136,-0.06645385967232523,339,0.24301052579176,TRENDING_UP,1.277152409484818,11.0
2013-07-30,62.88343558282209,4.535072076547873,7.05521472392638,-0.7285992496384569,326,0.2464836835861375,TRENDING_UP,1.2739657313072321,12.0
2013-07-31,64.81481481481481,5.684181154052165,6.172839506172839,0.24795259586279678,324,0.23140537623446,TRENDING_UP,1.2717123397552736,13.0
2013-08-01,59.93975903614458,4.944456180908627,6.626506024096386,-0.1991918293748136,332,0.239633525960129,TRENDING_UP,1.3013714350548462,14.0
2013-08-05,53.72670807453416,3.824686668639725,3.7267080745341614,-2.0970069116916017,322,0.29225612931747275,RANGING,1.444520798368373,0.0
2013-08-06,50.314465408805034,5.424157129697369,2.515723270440252,0.10012079022829136,318,0.27294953079040213,RANGING,1.494337574203437,1.0
2013-08-07,61.82965299684543,5.572488813638861,3.7854889589905363,2.027550995851068,317,0.31570319711458916,TRENDING_UP,1.5178405822735006,0.0
2013-08-12,65.02890173410405,4.379855364011202,6.358381502890173,1.5705208610431165,346,0.30425571466353735,TRENDING_UP,1.4731084022136702,1.0
2013-08-13,67.0391061452514,4.762394840717059,9.217877094972067,1.6243923190510228,358,0.29901812969676894,TRENDING_UP,1.4374671793742473,2.0
2013-08-15,65.38461538461539,4.136292445560566,9.467455621301776,-0.4251465287064994,338,0.2916345583833039,TRENDING_UP,1.4181803444713723,3.0
2013-08-16,64.84848484848484,3.6874928725381726,9.696969696969697,0.45350751703853165,330,0.2963282895384899,TRENDING_UP,1.3864437995547712,4.0
2013-08-19,60.182370820668694,3.5069702232858346,6.68693009118541,-0.7029612120882368,329,0.3082269790359486,TRENDING_UP,1.4113442962208396,5.0
2013-08-20,57.66016713091921,4.9637295676778415,6.128133704735376,-1.1139353908354723,359,0.29784636030028133,TRENDING_UP,1.412861371902943,6.0
2013-08-21,52.63157894736842,4.310239245997013,3.7151702786377707,-1.0481926260741894,323,0.3171487274041261,RANGING,1.496710662095208,0.0
2013-08-22,48.15950920245399,3.5811864308195207,3.374233128834356,-1.042905492469916,326,0.3087085162086823,VOLATILE,1.5632297158796735,0.0
2013-08-23,52.06349206349207,4.670040120917463,3.1746031746031744,0.40860609190614866,315,0.30515319132807,VOLATILE,1.5675083250127224,1.0
2013-08-26,57.18562874251497,4.959984730205408,5.9880239520958085,1.8306188319510373,334,0.3182806354234146,VOLATILE,1.6130098978110339,2.0
2013-08-27,50.920245398773,4.249343056948811,3.9877300613496933,-1.6980462612630811,326,0.33456993671187396,VOLATILE,1.7127906548255152,3.0
2013-08-28,41.95583596214511,3.8366956457537817,1.5772870662460567,-2.2635496767472825,317,0.37803804853468825,VOLATILE,1.7966094225081206,4.0
2013-08-29,39.49843260188088,4.581215260390859,1.5673981191222568,-1.5303878044666352,319,0.36866433626382705,VOLATILE,1.8107579970587089,5.0
2013-08-30,36.30573248407643,5.021549670663215,1.910828025477707,-1.1614074323215602,314,0.3724126576801694,VOLATILE,1.8305412472897025,6.0
2013-09-02,26.70807453416149,29.97707142125038,0.9316770186335404,-1.7958886952837456,322,0.4018409206292679,VOLATILE,1.9002811548892777,7.0
2013-09-03,31.88854489164087,5.151586997128505,1.8575851393188854,0.9296234465355535,323,0.38979182420508074,VOLATILE,1.952446938071796,8.0
2013-09-04,28.14569536423841,4.07697061354465,0.33112582781456956,-0.7272871475896711,302,0.38860393867375476,VOLATILE,1.9021152568839672,9.0
2013-09-05,37.34177215189873,4.505111484825432,1.5822784810126582,2.798350259592483,316,0.41787585170423136,VOLATILE,1.8098110323337542,10.0
2013-09-06,43.567251461988306,5.15324380601015,1.7543859649122806,2.167732144570557,342,0.4017357594032992,TRENDING_UP,1.7775204725319078,0.0
2013-09-09,41.883116883116884,4.124967775497383,2.5974025974025974,0.4412953490595389,308,0.41970295372661975,VOLATILE,1.672613407686204,0.0
2013-09-10,46.58753709198813,5.112567254375683,3.5608308605341246,1.4463240452692594,337,0.38952108678861536,VOLATILE,1.6560311619129457,1.0
2013-09-11,50.14836795252226,4.140976138315276,4.451038575667656,1.4194788041544302,337,0.3966686941466403,VOLATILE,1.6589631055524177,2.0
2013-09-12,48.529411764705884,4.214560887461656,4.117647058823529,0.26693035892893785,340,0.398120905356948,VOLATILE,1.650355414062658,3.0
2013-09-13,49.839228295819936,4.160439710845707,4.180064308681672,0.2786322036406638,311,0.4071652624467233,VOLATILE,1.6399617749278745,4.0
2013-09-16,50.80385852090033,4.623711098368228,4.180064308681672,0.3204259480998483,311,0.41313168705899866,VOLATILE,1.6298378672338991,5.0
2013-09-17,45.03105590062112,5.014714361483013,3.7267080745341614,-0.800118031407166,322,0.3996267323354857,VOLATILE,1.6427134589122756,6.0
2013-09-18,43.54838709677419,4.048862079082259,3.870967741935484,-0.9516222468325192,310,0.4063329933205497,VOLATILE,1.6051767854074521,7.0
2013-09-19,51.78571428571429,4.509726173955499,4.166666666666666,1.3018054601833025,336,0.39149532583673785,TRENDING_UP,1.571664383053573,0.0
2013-09-20,48.75776397515528,4.144950246277162,6.211180124223603,0.6773638417666061,322,0.3982302991619201,TRENDING_UP,1.5422635820815824,1.0
2013-09-23,54.310344827586206,5.286601845816323,4.597701149425287,0.7462021658577305,348,0.37833890456103514,TRENDING_UP,1.4855729512347096,2.0
2013-09-24,45.645645645645644,4.521570234469453,4.504504504504505,-0.7301934257590872,333,0.3744807892086685,TRENDING_UP,1.5469547813650861,3.0
2013-09-25,46.22641509433962,4.280221539783337,4.40251572327044,-0.23819907414920719,318,0.3688338984335653,TRENDING_UP,1.5118143697774142,4.0
2013-09-26,39.52802359882006,4.929754814012281,3.2448377581120944,-1.5713337887200634,339,0.3692086207346232,VOLATILE,1.6011495635363422,0.0
2013-09-27,37.65822784810127,5.347921301308843,2.848101265822785,-0.1207067198280421,316,0.3719760531215002,VOLATILE,1.6863459701053847,1.0
2013-09-30,30.886850152905197,4.721334726978339,2.7522935779816518,-1.7646619918817474,327,0.35319117753502777,VOLATILE,1.783134273941632,2.0
2013-10-01,33.23076923076923,4.4276780664652735,1.8461538461538463,0.6693433966447652,325,0.35453751724198357,VOLATILE,1.7878843989332334,3.0
2013-10-02,35.202492211838006,4.66835074349452,3.4267912772585665,0.6386743025648076,321,0.3430660510825963,VOLATILE,1.7968789080684853,4.0
2013-10-03,33.02752293577982,3.9991598704524303,4.587155963302752,-0.5548252425944563,327,0.31752100692571344,VOLATILE,1.7051892914295788,5.0
2013-10-04,34.02777777777778,3.6175353323820203,2.7777777777777777,-0.3015177797011212,288,0.31254442950040306,VOLATILE,1.6839317829064264,6.0
2013-10-07,31.141868512110726,3.743235823566246,4.498269896193772,-1.0782630105354865,289,0.3048132192622178,VOLATILE,1.7080656853351392,7.0
2013-10-08,32.587859424920126,5.050696555028242,2.8753993610223643,-0.009715137533221993,313,0.2877959445105434,VOLATILE,1.6903829492759908,8.0
2013-10-09,25.85669781931464,4.175637421837316,2.4922118380062304,-1.9454914718817806,321,0.29330985378371005,VOLATILE,1.7708967263573079,9.0
2013-10-10,25.581395348837212,5.357606002900038,0.6644518272425249,-0.8293692523668208,301,0.29805827112009015,VOLATILE,1.7797502004615475,10.0
2013-10-11,24.91803278688525,5.24137640547011,1.3114754098360655,0.5770476394560012,305,0.28868670946889924,VOLATILE,1.8034487556824488,11.0
2013-10-14,22.336769759450174,4.4073466716654535,2.0618556701030926,-0.9612672681690934,291,0.2909113634686851,VOLATILE,1.8131527265555496,12.0
2013-10-21,21.95945945945946,6.130826800972999,1.6891891891891893,0.06933479123104021,296,0.30268229497429594,VOLATILE,1.8028034998931286,13.0
2013-10-22,23.958333333333336,4.498485866147001,1.3888888888888888,0.4044668050081426,288,0.29927744410974844,VOLATILE,1.8183566399750253,14.0
2013-10-23,24.358974358974358,4.78090763403654,0.641025641025641,-0.46796015220070725,312,0.2744216238825523,VOLATILE,1.7497244632346916,15.0
2013-10-24,22.92358803986711,21.287358553513847,2.3255813953488373,0.9477856937545313,301,0.2557015451996096,VOLATILE,1.7354729359572643,16.0
2013-10-25,23.509933774834437,5.06370938469068,1.3245033112582782,0.06835214428033934,302,0.2538083197037526,VOLATILE,1.74960426524765,17.0
2013-10-28,20.8955223880597,3.8731674169275583,1.4925373134328357,-0.8638847308122051,268,0.25794331472722476,VOLATILE,1.6712528854929056,18.0
2013-10-29,22.80130293159609,5.712136624970524,0.6514657980456027,-1.077360335859158,307,0.24903242327771957,VOLATILE,1.6311900577510534,19.0
2013-10-30,20.82018927444795,4.920540434471351,0.9463722397476341,-0.6268896823952556,317,0.22791792345829134,VOLATILE,1.517744928419676,20.0
2013-10-31,23.974763406940063,4.311971721089226,1.5772870662460567,0.24530364446015324,317,0.23440525704389562,RANGING,1.4813058568615447,0.0
2013-11-01,24.40677966101695,4.7688002053905185,1.694915254237288,0.25368321298169605,295,0.21713063212014547,RANGING,1.421873903101626,1.0
2013-11-04,22.261484098939928,5.128319345682471,0.0,-1.3741923677667884,283,0.21439921448675522,RANGING,1.4229328759759103,2.0
2013-11-05,25.333333333333336,4.5397548627856015,1.6666666666666667,0.6965388685004321,300,0.22876780585542025,RANGING,1.4292584255858736,3.0
2013-11-06,27.46268656716418,5.400024422529269,1.791044776119403,1.9648670977361238,335,0.2471443881537533,RANGING,1.4540640900730004,4.0
2013-11-07,28.253968253968253,4.4244206813028075,1.2698412698412698,-0.10105593529053397,315,0.2563518240887524,TRENDING_UP,1.4432901338962898,0.0
2013-11-08,29.931972789115648,4.644426574408622,1.3605442176870748,0.9214015229051554,294,0.26588628394273045,TRENDING_UP,1.4291130925251887,1.0
2013-11-11,34.65346534653465,4.845218295396536,2.6402640264026402,0.883612300618268,303,0.26743511589915797,TRENDING_UP,1.4229603594017026,2.0
2013-11-12,31.00303951367781,5.298817468386943,2.43161094224924,0.011887729825551646,329,0.2213664185133662,TRENDING_UP,1.3719345511160608,3.0
2013-11-13,32.288401253918494,4.78336784051373,1.8808777429467085,0.14831037402916317,319,0.22410988267570076,TRENDING_UP,1.376036734564172,4.0
2013-11-18,37.704918032786885,4.6874207292686,3.934426229508197,1.2803174925155143,305,0.24318128499185424,TRENDING_UP,1.3822124547461272,5.0
2013-11-19,42.12121212121212,4.568322190766177,7.2727272727272725,0.8830942087761953,330,0.23506678669850375,TRENDING_UP,1.3805997876523473,6.0
2013-11-20,43.4375,4.078033142224123,6.25,0.5585724125596231,320,0.24548069234420922,TRENDING_UP,1.3527767985926598,7.0
2013-11-21,42.414860681114554,4.6458928956023575,4.3343653250774,-0.009592794660424907,323,0.2381156792104269,TRENDING_UP,1.2796173759196217,8.0
2013-11-22,47.96238244514107,3.9585522610664716,4.075235109717868,1.225679498282747,319,0.2427363695463688,TRENDING_UP,1.2475757488079473,9.0
2013-11-25,46.22093023255814,4.2633248376416075,5.523255813953488,0.7422436562632573,344,0.2502018088499812,TRENDING_UP,1.2497909567362777,10.0
2013-11-26,46.34146341463415,3.4895749259520303,5.182926829268292,-0.577831194625998,328,0.2569198816804468,TRENDING_UP,1.2581149390512893,11.0
2013-11-27,45.56574923547401,3.8076159369791815,3.669724770642202,0.16072637788926078,327,0.26068211414933096,TRENDING_UP,1.2270855991265666,12.0
2013-11-28,51.63934426229508,4.8330187538607845,5.737704918032787,1.859503509654767,366,0.2658091491409371,TRENDING_UP,1.250731478146222,13.0
2013-11-29,54.46428571428571,4.879742347543778,6.845238095238096,0.8217698665655151,336,0.2615095611735463,TRENDING_UP,1.251286406698324,14.0
2013-12-02,53.53260869565217,5.163835808528651,5.434782608695652,0.3337700680120077,368,0.24882833574141233,TRENDING_UP,1.1583762848046233,15.0
2013-12-03,57.99999999999999,4.004805206197335,5.142857142857142,0.9284648748645518,350,0.2534043764794837,TRENDING_UP,1.1101646422083176,16.0
2013-12-04,54.621848739495796,3.942422614660649,6.162464985994398,0.07686409945166232,357,0.21618568476305045,TRENDING_UP,1.0908768855301063,17.0
2013-12-05,64.32584269662921,4.571674092620723,5.8988764044943816,1.691394851386778,356,0.2145703213263791,TRENDING_UP,1.0683936616279617,18.0
2013-12-06,67.04545454545455,4.775704435516218,7.1022727272727275,0.9415629539366281,352,0.2063075269866791,TRENDING_UP,1.0206087119102714,19.0
2013-12-09,66.27565982404691,3.634819915597497,5.571847507331378,0.38360131283125215,341,0.2004391978313822,TRENDING_UP,1.0188552371725303,20.0
2013-12-10,67.43515850144092,3.487014359534674,2.881844380403458,-0.041225258303940526,347,0.21363586530318082,TRENDING_UP,1.0263044502361056,21.0
2013-12-11,71.42857142857143,5.277803168855808,3.6414565826330536,1.4735176058115638,357,0.20675021264724233,TRENDING_UP,1.0058883830071792,22.0
2013-12-12,74.7340425531915,4.964635236603561,5.851063829787234,1.980396660955082,376,0.21018864130645157,TRENDING_UP,0.9874002871729414,23.0
2013-12-13,80.77922077922078,7.3000147134851066,9.87012987012987,2.9652907545086693,385,0.21997899167711746,TRENDING_UP,0.9683489925445522,24.0
2013-12-16,83.15508021390374,4.664158405873762,9.62566844919786,0.5970428091489159,374,0.2196667585767761,TRENDING_UP,0.9198436892252131,25.0
2013-12-17,81.94070080862534,4.206193491282691,9.164420485175203,0.8525845667583307,371,0.20657443342250362,TRENDING_UP,0.905967211304053,26.0
2013-12-18,84.01015228426397,4.603925256360541,10.913705583756345,1.7612489911920877,394,0.21122927464159988,TRENDING_UP,0.8918288574959083,27.0
2013-12-19,84.43877551020408,4.954604313342237,11.989795918367346,0.5578993100971464,392,0.21045720712624447,TRENDING_UP,0.9190504325227256,28.0
2013-12-20,87.33509234828496,5.143539577840536,10.29023746701847,2.0598381308544957,379,0.20703406195324828,TRENDING_UP,0.9300263142154238,29.0
2013-12-23,86.20689655172413,4.951754793525835,9.482758620689655,-0.41603484799778034,348,0.2423201170455692,TRENDING_UP,0.9465103552140786,30.0
2013-12-24,89.05325443786982,3.7407103016214505,7.6923076923076925,0.40794810488670097,338,0.21201638189278563,TRENDING_UP,0.9550989900534924,31.0
2013-12-26,88.71794871794872,6.015330382290534,7.435897435897436,2.025128588670113,390,0.19577993722501366,TRENDING_UP,0.9517943021746532,32.0
2013-12-27,87.33850129198967,5.2325927988393985,11.886304909560723,0.616603632244348,387,0.18849768574342712,TRENDING_UP,0.9067406232864381,33.0
2013-12-30,88.88888888888889,4.495430159170141,13.008130081300814,1.4897493621744846,369,0.20511214617198734,TRENDING_UP,0.9104329385112149,34.0
2013-12-31,88.97435897435896,5.309730430239704,13.846153846153847,1.673759182492897,390,0.2026713102420778,TRENDING_UP,0.8995793539008932,35.0
2014-01-01,91.95979899497488,6.434719428535071,16.834170854271356,3.8563619075270226,398,0.23503030944194858,TRENDING_UP,0.9166811473377374,36.0
2014-01-02,92.3469387755102,4.827109144003041,21.1734693877551,1.870315668304728,392,0.22984028827407468,TRENDING_UP,0.9131898785078918,37.0
2014-01-03,90.51282051282051,4.55846114027042,15.384615384615385,0.030079906260696405,390,0.2255063983031984,TRENDING_UP,0.8626214212850687,38.0
2014-01-06,91.20603015075378,4.903284315900368,13.06532663316583,1.0367562852731285,398,0.2203802048493492,TRENDING_UP,0.8672257328381573,39.0
2014-01-07,91.28205128205128,5.034553984571632,12.564102564102564,1.454257448145038,390,0.21527070513841842,TRENDING_UP,0.8610003895722591,40.0
2014-01-08,92.19143576826197,4.852911566542971,17.12846347607053,1.596618442060541,397,0.2135708057494484,TRENDING_UP,0.8432607926478344,41.0
2014-01-09,92.11822660098522,4.731849079436032,15.763546798029557,0.256445797689536,406,0.21110753691022935,TRENDING_UP,0.8649259628320228,42.0
2014-01-10,92.06349206349206,3.8705922050857033,12.433862433862434,1.0034525843867905,378,0.2065806154660671,TRENDING_UP,0.8728658518169529,43.0
2014-01-13,92.25,4.97001280787432,15.25,1.7182330245659057,400,0.1950660071180277,TRENDING_UP,0.8565591942142169,44.0
2014-01-15,93.15403422982885,4.500389210931775,15.647921760391197,1.3188030563949762,409,0.1990892779532029,TRENDING_UP,0.876329975061451,45.0
2014-01-16,92.5,6.913847932977616,13.750000000000002,-0.05713070514189698,400,0.21121959634690404,TRENDING_UP,0.8890922790068492,46.0
2014-01-17,93.63867684478372,5.121540614293867,14.75826972010178,1.3145815551119915,393,0.2069885544742679,TRENDING_UP,0.8906492382174992,47.0
2014-01-20,93.90862944162437,4.349816670573474,14.467005076142131,0.9904465629910889,394,0.19992761698265615,TRENDING_UP,0.8732414970584385,48.0
2014-01-21,91.68704156479217,4.330069807430753,16.13691931540342,1.6577395811777702,409,0.20284817506500807,TRENDING_UP,0.8572959671200953,49.0
2014-01-22,93.94673123486683,4.752579584556014,21.791767554479417,1.5860624758601463,413,0.1943949663023526,TRENDING_UP,0.8542049785453495,50.0
2014-01-23,92.16152019002375,4.240018070343118,22.565320665083135,0.9128350468858869,421,0.185378517522183,TRENDING_UP,0.8378404941705591,51.0
2014-01-24,93.91727493917274,4.239632215596061,19.708029197080293,0.829026330065783,411,0.18322047713495668,TRENDING_UP,0.8546011186210083,52.0
2014-01-27,89.83050847457628,7.748839512633865,17.191283292978206,-0.09925889668922944,413,0.21263866088548924,TRENDING_UP,0.9179621005901637,53.0
2014-01-28,89.62962962962962,5.133524508813247,16.543209876543212,1.1529232856181473,405,0.20649135839500415,TRENDING_UP,0.9143560769918515,54.0
2014-01-29,88.88888888888889,4.20806187140442,13.131313131313133,-0.32942616391589724,396,0.22994016870472672,TRENDING_UP,0.9444728325668548,55.0
2014-01-30,87.30964467005076,3.712506622663352,10.406091370558377,0.16970595612860465,394,0.2028145123217802,TRENDING_UP,0.9038794872450175,56.0
2014-01-31,87.34177215189874,4.986503319297997,8.10126582278481,0.4498996920242625,395,0.1951682824003066,TRENDING_UP,0.8747854156570595,57.0
2014-02-03,85.6777493606138,3.5959712724505835,9.207161125319693,0.1048588975099633,391,0.183315163363443,TRENDING_UP,0.8800583831951999,58.0
2014-02-04,82.65582655826557,3.9347157540254676,5.9620596205962055,-0.7929873769159725,369,0.20440488418844993,TRENDING_UP,0.8915329823243225,59.0
2014-02-06,84.79381443298969,4.058238546787996,4.639175257731959,0.40171965503962254,388,0.19949070206459743,TRENDING_UP,0.872422197330033,60.0
2014-02-07,82.43243243243244,3.8973376765004892,4.054054054054054,-1.0822743897971079,370,0.21955036578167206,TRENDING_UP,0.899690725281446,61.0
2014-02-10,74.80314960629921,3.5819790240912863,2.3622047244094486,-2.5078949230910497,381,0.2893638415046205,RANGING,0.9919897803140778,0.0
2014-02-11,74.79892761394102,10.537234837120343,2.1447721179624666,0.47606786160534414,373,0.28022973490273156,RANGING,0.9959771970026373,1.0
2014-02-12,78.46153846153847,3.9437832792793484,2.051282051282051,2.0645608039687433,390,0.3077708421681669,TRENDING_UP,1.040314469958881,0.0
2014-02-13,78.28418230563003,3.815842253059686,3.753351206434316,-0.26093601682811185,373,0.30778384845504914,RANGING,1.0577286082122694,0.0
2014-02-14,71.31367292225201,4.0418456919564125,2.680965147453083,-1.271590441399182,373,0.3272135935728663,RANGING,1.0590138792223867,1.0
2014-02-17,56.30026809651475,3.7684366096559976,1.3404825737265416,-3.35383332173483,373,0.3860543821866121,RANGING,1.1185884111954008,2.0
2014-02-18,53.63881401617251,3.6234945888202685,0.8086253369272237,-1.1165911772702803,371,0.3803111972696289,RANGING,1.1742912134654173,3.0
2014-02-19,52.31607629427793,4.10687327612266,1.3623978201634876,-0.30298898847548006,367,0.3718701239303817,RANGING,1.2113339351958357,4.0
2014-02-20,45.01424501424501,4.0582538653803075,0.8547008547008548,-0.7881689652765372,351,0.3824823790322986,RANGING,1.2223250270516084,5.0
2014-02-21,49.311294765840216,4.867617951221444,2.7548209366391188,0.8568727592937517,363,0.37047362430419917,RANGING,1.2425327154454389,6.0
2014-02-24,49.30362116991643,5.095821104512236,1.9498607242339834,0.5470040238808695,359,0.3753837538357035,RANGING,1.2465910162292642,7.0
2014-02-25,38.108882521489974,3.612932007164445,1.146131805157593,-1.5612523736340669,349,0.3984752132847737,RANGING,1.2193319851124478,8.0
2014-02-26,37.80821917808219,4.59164408928172,1.9178082191780823,-0.7531934560208637,365,0.3811215138848715,RANGING,1.222328973941686,9.0
2014-02-27,33.80681818181818,3.9868044469184905,1.1363636363636365,-0.9312293067973283,352,0.3989800770095184,RANGING,1.2194664375623294,10.0
2014-02-28,32.58426966292135,4.552141861150062,1.9662921348314606,-0.570543358383983,356,0.3790634170325413,RANGING,1.253488694999238,11.0
2014-03-03,33.33333333333333,4.677147482409476,3.672316384180791,0.4645412622424455,354,0.3816209664661017,RANGING,1.253027631805933,12.0
2014-03-04,38.095238095238095,4.368393543459394,1.400560224089636,0.25835825602816825,357,0.38121552428997646,RANGING,1.2779546864519482,13.0
2014-03-05,39.14209115281501,3.929163738468435,1.876675603217158,0.4821445016885183,373,0.37730015084214874,RANGING,1.2779508626615113,14.0
2014-03-06,40.84880636604775,4.147459657649174,3.183023872679045,1.619562714386872,377,0.39357370382782597,RANGING,1.3011143137401715,15.0
2014-03-07,40.896358543417364,4.168498951015618,3.081232492997199,0.5099846181739415,357,0.40039649413121736,TRENDING_UP,1.2785923666427055,0.0
2014-03-10,40.95744680851064,4.349871564873155,3.9893617021276597,0.33196446404417024,376,0.37880790954849153,TRENDING_UP,1.2129851568979677,1.0
2014-03-11,41.644562334217504,4.127208445718642,4.509283819628647,0.4321393612054736,377,0.3693088688070569,TRENDING_UP,1.190936181525371,2.0
2014-03-12,41.935483870967744,4.526879865091422,4.301075268817205,-0.46390746153392176,372,0.35370158821255104,TRENDING_UP,1.1770146718391625,3.0
2014-03-13,43.69747899159664,4.608495791416871,3.081232492997199,0.37215438029797693,357,0.34495492640989067,TRENDING_UP,1.1429794646997822,4.0
2014-03-14,42.30769230769231,4.756649609286401,3.571428571428571,0.5498901292637967,364,0.3174640444757551,TRENDING_UP,1.1206578414251032,5.0
2014-03-17,39.34426229508197,3.7385567895075487,3.551912568306011,0.04874377852819723,366,0.2613072858621907,TRENDING_UP,1.0653051331112655,6.0
2014-03-18,41.11111111111111,3.659310155041543,5.277777777777778,-0.1932262141351084,360,0.25717347568544857,TRENDING_UP,1.0001313907564753,7.0
2014-03-19,43.714285714285715,3.953640027305309,3.428571428571429,0.1512944808892533,350,0.24868855331513434,TRENDING_UP,0.9709054143487503,8.0
2014-03-20,43.0939226519337,3.911016305676622,3.591160220994475,-0.6163044015954755,362,0.23857002417583134,TRENDING_UP,0.9829909696734849,9.0
2014-03-21,38.57566765578635,3.470719282762643,2.3738872403560833,-0.6570749450460052,337,0.23663211815552296,RANGING,1.0331979724637954,0.0
2014-03-24,34.89736070381232,3.638136853606164,1.466275659824047,-0.8459034300094945,341,0.2409862569335254,RANGING,1.0657028176971217,1.0
2014-03-25,36.144578313253014,3.4932832191206797,3.614457831325301,0.6721367409531056,332,0.22785351938971884,RANGING,1.0594282594692044,2.0
2014-03-26,36.11111111111111,3.931789071317729,3.6111111111111107,0.21115830797749083,360,0.21202258307527538,TRENDING_UP,1.0575286929496477,0.0
2014-03-27,39.285714285714285,3.9520910052819502,5.4945054945054945,0.44317183871453664,364,0.19867446457620405,TRENDING_UP,1.0743170839178684,1.0
2014-03-28,40.51724137931034,3.306217995104383,5.172413793103448,0.014486566187705451,348,0.20691866117230953,TRENDING_UP,1.0409523777913743,2.0
2014-03-31,46.30681818181818,3.291355523943406,3.4090909090909087,0.11666031271490768,352,0.20971211525334632,TRENDING_UP,1.026076669620775,3.0
2014-04-01,46.94444444444444,3.74222957607682,5.277777777777778,0.9807804334267628,360,0.21943362429735117,TRENDING_UP,1.0082712085759367,4.0
2014-04-02,48.37837837837838,3.442225984339363,5.135135135135135,0.7847720272908716,370,0.21387936981222055,TRENDING_UP,1.0014599731777363,5.0
2014-04-03,51.84210526315789,4.0016609605486755,7.105263157894736,0.7333904732923866,380,0.21257701761770378,TRENDING_UP,1.0034986850816403,6.0
2014-04-04,54.61956521739131,4.124078878723509,7.065217391304348,0.35449008463846965,368,0.2097453394924577,TRENDING_UP,1.0034046711440388,7.0
2014-04-07,56.666666666666664,3.47512515964679,7.777777777777778,0.4909574120811132,360,0.2087144895533147,TRENDING_UP,0.9763651301516909,8.0
2014-04-08,54.47154471544715,3.932845536507717,9.75609756097561,0.4394208777686037,369,0.2032759591540339,TRENDING_UP,0.9851354308411177,9.0
2014-04-09,57.45257452574526,3.526834232994665,8.401084010840108,0.5190199873910047,369,0.19591736261523499,TRENDING_UP,0.9823724189307822,10.0
2014-04-10,58.15789473684211,4.157252909898913,10.0,0.2727869302937059,380,0.20498601848161013,TRENDING_UP,1.002229360551975,11.0
2014-04-11,55.494505494505496,3.9545635894180107,9.065934065934066,-0.500458734023465,364,0.20446737034340723,TRENDING_UP,1.0519616608175526,12.0
2014-04-14,54.74254742547425,3.8497098156448577,8.94308943089431,-0.20614703795557246,369,0.19962433420898415,TRENDING_UP,1.0808812636775864,13.0
2014-04-15,55.0561797752809,3.106773690800224,7.303370786516854,0.041274767574076464,356,0.20508509089570656,TRENDING_UP,1.1117664182800444,14.0
2014-04-16,56.52173913043478,3.911236223259117,8.695652173913043,0.7226848636069846,368,0.20650525779861215,TRENDING_UP,1.1341224754439758,15.0
2014-04-17,54.7752808988764,4.059984325366445,7.303370786516854,-1.0295708037321702,356,0.22752557573744564,TRENDING_UP,1.1864189648228929,16.0
2014-04-18,56.315789473684205,4.828341756435483,5.263157894736842,0.9907659224732351,380,0.1911149923093503,TRENDING_UP,1.204056906913775,17.0
2014-04-21,55.16224188790561,3.6231593160182674,3.2448377581120944,-1.0166201109668624,339,0.19129731307100542,TRENDING_UP,1.1985655898779608,18.0
2014-04-22,57.60233918128655,3.9327612684412294,3.8011695906432745,0.5668538138162448,342,0.1972281702320699,TRENDING_UP,1.195856444814714,19.0
2014-04-23,52.824858757062145,8.438564455503114,3.954802259887006,-0.5125767352751165,354,0.21664663557022878,TRENDING_UP,1.3165633545621964,20.0
2014-04-24,52.64705882352941,5.22777277352986,2.6470588235294117,0.05815945572016103,340,0.20894334708555337,TRENDING_UP,1.2925048129798633,21.0
2014-04-25,54.78260869565217,6.35095530178697,4.3478260869565215,-0.3574794488454428,345,0.20702737504878535,TRENDING_UP,1.2906168717729707,22.0
2014-04-28,48.036253776435046,3.5879017179353787,3.625377643504532,-0.8881686612614687,331,0.2195404613262699,TRENDING_UP,1.307843544561094,23.0
2014-04-29,43.103448275862064,3.658367480506664,2.2988505747126435,-1.417520981296816,348,0.2337022642223059,RANGING,1.3215772355264812,0.0
2014-04-30,46.80232558139535,4.186500092659725,3.488372093023256,1.1150174145623355,344,0.24662751634950686,TRENDING_UP,1.3189819935544513,0.0
2014-05-02,47.521865889212826,4.650800103315296,2.623906705539359,0.22814822933137807,343,0.24179112780368686,TRENDING_UP,1.2907154734272135,1.0
2014-05-05,42.05882352941177,3.9179508601323834,2.0588235294117645,-1.2798487733882953,340,0.26424803537948305,RANGING,1.347474626811454,0.0
2014-05-06,40.54878048780488,3.313653619129271,1.8292682926829267,-1.3300372727801542,328,0.26582204767762235,RANGING,1.367994095098509,1.0
2014-05-07,42.671009771986974,4.475522117438384,1.9543973941368076,-0.17841444829488834,307,0.27302923123383593,RANGING,1.3653180035460608,2.0
2014-05-08,41.41104294478527,4.472794203197521,2.4539877300613497,0.6281583905607224,326,0.2642444862438048,RANGING,1.3315745981729168,3.0
2014-05-09,41.17647058823529,4.242625644377264,2.476780185758514,0.41969955994690505,323,0.25874052685929955,RANGING,1.314195631864911,4.0
2014-05-12,37.388724035608305,5.162599447101392,2.6706231454005933,-0.8858388840574988,337,0.2563219113059948,RANGING,1.2997955819739564,5.0
2014-05-13,35.51401869158878,4.133614547958297,2.4922118380062304,-0.635014891365826,321,0.25932547419358415,RANGING,1.270771085923335,6.0
2014-05-14,36.227544910179645,3.7500505592729816,2.3952095808383236,0.6539665250871386,334,0.2714500953589548,RANGING,1.2518670129440377,7.0
2014-05-15,40.74074074074074,4.607867916690968,3.133903133903134,0.9066739160601506,351,0.2652121519971776,RANGING,1.244595746215201,8.0
2014-05-16,40.55555555555556,5.408262904601628,4.166666666666666,1.8637309824180568,360,0.2800698278441849,RANGING,1.1711547802832976,9.0
2014-05-19,43.93939393939394,7.086575844597822,3.3333333333333335,1.3334306421916913,330,0.29960649742031176,RANGING,1.0928891817937512,10.0
2014-05-20,43.58974358974359,3.836713880177979,3.418803418803419,-0.1362162675168539,351,0.28858203270316307,RANGING,1.0846630646272968,11.0
2014-05-21,44.28152492668622,3.3320750980745872,3.225806451612903,-0.16678095589896377,341,0.28718267067657527,RANGING,1.0650981289368735,12.0
2014-05-22,44.54277286135693,3.35332800494814,3.8348082595870205,0.06613596906626974,339,0.2891628864893198,TRENDING_UP,0.9695841038496517,0.0
2014-05-23,43.710691823899374,2.95249215483437,2.515723270440252,0.4041875102086539,318,0.3005960561108424,RANGING,0.9431266518291817,0.0
2014-05-26,44.21364985163205,3.5919350619298895,2.3738872403560833,0.6182234824121229,337,0.29859642042421725,TRENDING_UP,0.9463575378491315,0.0
2014-05-27,44.632768361581924,3.672729427207391,2.2598870056497176,-0.5359817154066602,354,0.28033721862229055,TRENDING_UP,0.930329269858623,1.0
2014-05-28,43.85474860335196,3.2875241346185073,3.910614525139665,0.34832855707903304,358,0.2617568419088092,TRENDING_UP,0.8861133074737487,2.0
2014-05-29,46.48648648648649,3.7636573072329402,4.594594594594595,1.3082851382318266,370,0.2667172185656742,TRENDING_UP,0.8887091544085026,3.0
2014-05-30,48.62637362637363,3.629983750008594,7.142857142857142,0.1615903005909823,364,0.2684661717323995,TRENDING_UP,0.8860893364615726,4.0
2014-06-02,48.739495798319325,3.7605058925768327,5.322128851540616,0.05447326607040389,357,0.24304022420087806,TRENDING_UP,0.8696166647364768,5.0
2014-06-03,41.77897574123989,4.0522325984470555,4.8517520215633425,-1.3483500544695766,371,0.24881724984442347,TRENDING_UP,0.9837152914524923,6.0
2014-06-04,47.20670391061452,4.426512636834998,3.910614525139665,1.4020941037070103,358,0.2539091714160855,TRENDING_UP,1.0040241435028843,7.0
2014-06-05,45.91549295774648,3.579301133019132,5.070422535211268,-0.42059382081419655,355,0.24728319544826916,TRENDING_UP,1.025396706688603,8.0
2014-06-06,44.776119402985074,11.654830230468889,3.2835820895522385,0.46543697036114773,335,0.2433184907361447,TRENDING_UP,1.0343263487106171,9.0
2014-06-09,42.60355029585799,3.5592771273459802,2.6627218934911245,-0.3414035429181711,338,0.22969769289106118,TRENDING_UP,1.0259048089542382,10.0
2014-06-10,41.32947976878613,3.652414189918586,3.7572254335260116,-0.037138903203498046,346,0.22723052809578734,TRENDING_UP,1.0283787937463944,11.0
2014-06-11,45.58011049723757,3.2891504016120994,3.591160220994475,0.42945375966334043,362,0.2279981903898643,TRENDING_UP,1.0294040620079035,12.0
2014-06-12,46.26865671641791,3.3662440221162444,3.2835820895522385,0.2982396624359283,335,0.2130100265656444,TRENDING_UP,0.9840178752001408,13.0
2014-06-13,44.76744186046512,3.38941011425781,2.9069767441860463,0.10398338690039043,344,0.2089383493821791,TRENDING_UP,0.9755637744754097,14.0
2014-06-16,41.284403669724774,3.332903402815459,2.7522935779816518,-0.9290978788496072,327,0.23146320367362336,TRENDING_UP,0.983240385497439,15.0
2014-06-17,33.92330383480826,3.3941563077844283,3.2448377581120944,-1.450918745844714,339,0.2665151299676914,RANGING,1.0375009377792026,0.0
2014-06-18,33.641975308641975,3.0236668559926723,2.1604938271604937,-0.9018154764669108,324,0.2663915258441901,RANGING,1.0625941851938994,1.0
2014-06-19,22.253521126760564,3.4819521004919887,1.6901408450704223,-2.4452503732708553,355,0.327703533609515,RANGING,1.1585625072146315,2.0
2014-06-20,29.80132450331126,3.152903543621145,0.9933774834437087,0.6485453692099331,302,0.34441378560415664,RANGING,1.1740306651647305,3.0
2014-06-23,29.18032786885246,2.9600114535190243,1.639344262295082,1.2337068549777737,305,0.34831448904044127,RANGING,1.1967383046950195,4.0
2014-06-24,32.23880597014925,3.379610197076058,2.0895522388059704,0.5411538954967687,335,0.3394804453357784,RANGING,1.1907311862297583,5.0
2014-06-25,27.710843373493976,3.567243334650004,3.313253012048193,-0.813404076190725,332,0.34344912303386366,RANGING,1.2121592721385566,6.0
2014-06-26,33.11897106109325,2.65274376592067,3.215434083601286,0.9827250931877294,311,0.34416936303106926,RANGING,1.1355145325920846,7.0
2014-06-27,35.96214511041009,3.668766242462153,3.1545741324921135,0.4088435944420011,317,0.3434544372133579,RANGING,1.1279212343612417,8.0
2014-06-30,37.086092715231786,3.1676704681187395,3.642384105960265,-0.5011744174406093,302,0.3274044806749311,RANGING,1.123216130293099,9.0
2014-07-01,38.90909090909091,3.8696884810890304,3.272727272727273,0.524692116779844,275,0.3425236941110057,TRENDING_UP,1.0069969341698328,0.0
2014-07-02,38.46153846153847,3.3875798046942447,2.0066889632107023,0.09184659144983046,299,0.3322032153859504,TRENDING_UP,0.9868938025663156,1.0
2014-07-03,38.62068965517241,3.1494039308519652,2.413793103448276,0.07205051924046554,290,0.33030431373404356,TRENDING_UP,0.9490504175563244,2.0
2014-07-04,36.78929765886287,3.6224509292432745,2.341137123745819,-0.33708938454824605,299,0.33678734035338237,TRENDING_UP,0.9293804422981363,3.0
2014-07-07,36.896551724137936,3.5067373395428993,2.413793103448276,-0.6436655813445081,290,0.3535665638296402,TRENDING_UP,0.9159635151390374,4.0
2014-07-08,38.652482269503544,3.4594675005786577,1.0638297872340425,0.00737450042893766,282,0.35254535290393185,RANGING,0.9054576360018811,0.0
2014-07-09,34.61538461538461,3.6645318505204676,0.0,-0.47412225496314575,286,0.34742951401423644,RANGING,0.8666247813147012,1.0
2014-07-10,30.03533568904594,4.022275632876528,0.7067137809187279,-0.601882138768267,283,0.36216440571449976,RANGING,0.8776630899883915,2.0
2014-07-11,30.337078651685395,3.801854886337632,1.8726591760299627,0.2057045832032843,267,0.37145280021092,RANGING,0.8705930747123123,3.0
2014-07-14,35.11705685618729,3.6096846503270745,1.3377926421404682,0.7452743240607539,299,0.37349538994613696,TRENDING_UP,0.9036336221392528,0.0
2014-07-15,33.33333333333333,6.150316607926868,2.5889967637540456,0.07431335443420715,309,0.35874794082757544,TRENDING_UP,0.8448280334470099,1.0
2014-07-16,33.54430379746836,3.1542116204236983,3.481012658227848,-0.6186797436817469,316,0.3368102818897506,TRENDING_UP,0.8145842799795959,2.0
2014-07-17,40.88050314465409,3.260383363448058,3.1446540880503147,0.9613415485544725,318,0.2975846346541633,TRENDING_UP,0.76551068011483,3.0
2014-07-18,42.567567567567565,2.862679048195931,4.054054054054054,0.020199099595865445,296,0.3078264486529013,TRENDING_UP,0.7506346590508695,4.0
2014-07-21,41.509433962264154,3.6311229843030124,4.40251572327044,0.04648388085706078,318,0.2727638984911667,TRENDING_UP,0.7096286714696218,5.0
2014-07-22,45.57377049180328,3.3862753986754734,4.2622950819672125,0.34079973252073403,305,0.2722104469080639,TRENDING_UP,0.7101271655994713,6.0
2014-07-23,45.302013422818796,3.369802054805801,5.033557046979865,-0.19981228731075848,298,0.2487003323610334,TRENDING_UP,0.6971196533250974,7.0
2014-07-24,44.518272425249165,3.0098818294224023,5.3156146179401995,-0.3652380294012134,301,0.2404265754417969,TRENDING_UP,0.7005160009516082,8.0
2014-07-28,43.06569343065693,3.1972992525829134,3.64963503649635,-0.34668288000040676,274,0.2514879585798172,TRENDING_UP,0.7000940487371053,9.0
2014-08-04,27.160493827160494,3.4805598361439203,1.2345679012345678,-2.9330460953652118,324,0.38002427890602986,RANGING,0.7973753896996851,0.0
2014-08-05,28.852459016393446,4.274353804280796,1.639344262295082,0.029240642808676137,305,0.37140967192741686,RANGING,0.7918932916751057,1.0
2014-08-06,24.752475247524753,3.785247496290074,1.65016501650165,-1.3210549439317896,303,0.39158624331293795,RANGING,0.8303296092940914,2.0
2014-08-07,28.8961038961039,3.392163561898434,1.2987012987012987,0.9100683463648865,308,0.40392108279658107,RANGING,0.8524466229520635,3.0
2014-08-08,25.163398692810457,3.8867949994837843,2.287581699346405,-0.5523495825328799,306,0.3870729692101115,RANGING,0.8726400163373674,4.0
2014-08-11,8.333333333333332,5.28069749351688,0.0,-6.554598712826377,324,0.5588409890895503,RANGING,1.1256773350537088,5.0
2014-08-12,12.721893491124261,5.291364389942586,0.591715976331361,0.8814753823899925,338,0.5143225174395857,RANGING,1.259156671200694,6.0
2014-08-13,15.950920245398773,6.254908180522544,1.2269938650306749,1.168372401132954,326,0.5219683448092822,RANGING,1.3161647468650859,7.0
2014-08-15,22.641509433962266,4.564034748365342,1.257861635220126,2.088000776423372,318,0.5341099994960842,RANGING,1.3416448375132934,8.0
2014-08-18,23.52941176470588,3.99829358662728,1.3071895424836601,-0.29855066199916885,306,0.529779251782284,RANGING,1.414567025334335,9.0
2014-08-19,16.459627329192546,4.445430325306952,1.2422360248447204,-1.2616727023386114,322,0.5173184815665932,RANGING,1.4510924159591383,10.0
2014-08-20,21.476510067114095,4.760624191667386,1.006711409395973,0.5530621206730435,298,0.5300912572615966,VOLATILE,1.5052063782668959,0.0
2014-08-21,21.929824561403507,4.463121584074641,1.1695906432748537,0.47253388347621406,342,0.503086027344211,VOLATILE,1.5636604567776144,1.0
2014-08-22,22.02797202797203,4.42723428990213,1.3986013986013985,0.4984992729216669,286,0.5457069212399283,VOLATILE,1.525484253638939,2.0
2014-08-25,17.391304347826086,3.845617341724052,0.7246376811594203,-0.9051415928283639,276,0.5529575714584538,VOLATILE,1.5865339099712699,3.0
2014-08-26,15.932203389830507,3.5970128186011365,0.6779661016949152,-1.2639364507135624,295,0.5349104057965215,VOLATILE,1.625843244431746,4.0
2014-08-27,16.129032258064516,4.458295783674418,0.6451612903225806,-1.3628104943904575,310,0.5342208387125539,VOLATILE,1.7558640626938289,5.0
2014-08-28,15.845070422535212,3.542872142672033,0.7042253521126761,0.06984453479028047,284,0.5561549926794325,VOLATILE,1.8117149478855201,6.0
2014-08-29,22.822822822822822,4.6265852574617075,0.9009009009009009,2.4925351270876246,333,0.5297589106999462,VOLATILE,1.904608134910218,7.0
2014-09-01,20.99644128113879,3.7263386599986412,0.3558718861209964,-0.6140479367395859,281,0.5627475918286515,VOLATILE,1.930692495965782,8.0
2014-09-02,31.88854489164087,3.940370415890958,1.5479876160990713,2.7904018057883695,323,0.5497349153651144,VOLATILE,1.8651899895729005,9.0
2014-09-03,34.89736070381232,4.321650585187932,3.812316715542522,1.3793697924491248,341,0.5256755786756064,VOLATILE,1.8711765789113575,10.0
2014-09-04,38.63636363636363,14.09845018898907,4.261363636363636,1.9015291053321342,352,0.5124901490290679,VOLATILE,1.849219539053449,11.0
2014-09-05,42.72445820433436,4.58077740995615,4.953560371517028,0.6427015621753047,323,0.5271664967372075,VOLATILE,1.8368047061406576,12.0
2014-09-08,41.61849710982659,5.14814701683423,2.312138728323699,0.5061469162140291,346,0.5076970590711835,VOLATILE,1.8240343275106814,13.0
2014-09-09,44.44444444444444,5.130980820145149,3.888888888888889,1.1046608541872698,360,0.42499699049889483,VOLATILE,1.6369419531358536,14.0
2014-09-10,46.08695652173913,4.042931838692147,5.797101449275362,0.3597237795316627,345,0.42790825638981234,TRENDING_UP,1.504515967803374,0.0
2014-09-11,52.459016393442624,4.484375682539236,4.098360655737705,1.8799260872927737,366,0.4072271245813823,TRENDING_UP,1.4591771084623835,1.0
2014-09-12,53.63881401617251,4.7620116162489055,6.46900269541779,1.6536340183244973,371,0.3819527463025061,TRENDING_UP,1.4247148183934097,2.0
2014-09-15,56.46067415730337,4.433759654549883,5.617977528089887,0.4880556377650042,356,0.3824049038361309,TRENDING_UP,1.3766651491031128,3.0
2014-09-16,58.35616438356165,3.9092256663270737,3.8356164383561646,-0.1480870112823084,365,0.36533196325770706,TRENDING_UP,1.3209477705655663,4.0
2014-09-17,58.495821727019504,4.327252289744157,5.571030640668524,0.2633570650468039,359,0.35965361277545205,TRENDING_UP,1.2828716074855224,5.0
2014-09-18,61.206896551724135,4.083750705660669,6.896551724137931,1.4022942281343145,348,0.36588891887413616,TRENDING_UP,1.213260313628956,6.0
2014-09-19,68.47826086956522,4.520023178570831,5.434782608695652,1.6041682804364714,368,0.34789013497422255,TRENDING_UP,1.2165342919395778,7.0
2014-09-22,67.03296703296702,4.476435609967633,6.868131868131869,0.16048753061358442,364,0.329722600109716,TRENDING_UP,1.1766670989772234,8.0
2014-09-23,69.68085106382979,3.517005722476589,7.180851063829788,1.166552309210614,376,0.31415835736185516,TRENDING_UP,1.144533348018512,9.0
2014-09-24,69.63350785340315,4.415573833656522,7.329842931937172,0.5719942768353122,382,0.27968847142171593,TRENDING_UP,1.0691475222456288,10.0
2014-09-25,67.29729729729729,3.873938136185681,7.567567567567568,0.37410955041651733,370,0.2735768563735417,TRENDING_UP,1.0421699603911387,11.0
2014-09-26,68.36461126005362,4.4031972301046105,5.630026809651475,-0.044455700617698074,373,0.24509835647835826,RANGING,0.9341387917786683,0.0
2014-09-29,62.14689265536724,3.5656588428851737,3.1073446327683616,-1.6720923719014262,354,0.2999688965014944,RANGING,0.939552729746627,1.0
2014-09-30,64.80938416422288,3.6749129033586767,1.7595307917888565,0.39303664459509446,341,0.2552291290070836,TRENDING_UP,0.8587285573525755,0.0
2014-10-01,68.64406779661016,3.604635588934559,3.389830508474576,0.469597236392768,354,0.2334029952290143,TRENDING_UP,0.8316173060889226,1.0
2014-10-02,69.71428571428572,3.718474419069999,5.142857142857142,0.5647307682663174,350,0.22774138971973057,TRENDING_UP,0.8137168050365169,2.0
2014-10-03,71.38810198300283,4.118839480929483,5.6657223796034,0.719416728328068,353,0.23454173427902758,TRENDING_UP,0.8039153937966133,3.0
2014-10-09,72.49283667621776,3.4091235071158215,5.444126074498568,0.3220785736390584,349,0.23016513001052186,TRENDING_UP,0.7980235458625293,4.0
2014-10-10,72.02072538860104,4.625956684999139,8.808290155440414,1.4702740436474404,386,0.23237488268461914,TRENDING_UP,0.7855794510559667,5.0
2014-10-13,76.70886075949367,4.357436909078351,7.848101265822785,1.055592047068603,395,0.22810142910590336,TRENDING_UP,0.801805331967293,6.0
2014-10-14,78.42105263157895,3.5925979152050185,8.947368421052632,0.4844926381305814,380,0.22603691595693587,TRENDING_UP,0.7954842692624203,7.0
2014-10-15,74.33862433862434,7.391314226700091,8.201058201058201,0.6609095369287283,378,0.22224995134905204,TRENDING_UP,0.8133895997442316,8.0
2014-10-16,78.01047120418848,4.621510619398855,7.853403141361256,0.7522401080420358,382,0.2119911521315147,RANGING,0.8251994083205346,0.0
2014-10-17,76.0752688172043,4.027441672385215,6.451612903225806,-0.1452065654426967,372,0.2277135058838599,RANGING,0.8386747024237785,1.0
2014-10-20,73.29545454545455,3.455717224328365,3.125,-0.9708222172363481,352,0.2529321841048115,RANGING,0.8497777936341686,2.0
2014-10-21,69.64769647696477,3.4698069663549207,3.523035230352303,-0.2826530776787378,369,0.2483489532044724,RANGING,0.8742376896283359,3.0
2014-10-22,73.38935574229691,3.851701789607181,4.201680672268908,0.7596526639938123,357,0.2523852612016669,RANGING,0.8872563116245317,4.0
2014-10-23,71.27659574468085,4.006897317171108,6.648936170212766,0.39994115445444905,376,0.24562896534486126,TRENDING_UP,0.8814166666389126,0.0
2014-10-24,73.59550561797754,4.311176230553866,5.056179775280898,-0.4887963502118954,356,0.2406535509246525,RANGING,0.8749292738605826,0.0
2014-10-27,68.23204419889503,3.9118753310979733,4.972375690607735,-0.4508309104595882,362,0.24021954499058734,TRENDING_UP,0.8538455026231055,0.0
2014-10-28,65.05376344086021,3.5776781009439484,4.56989247311828,-0.686456610362018,372,0.24253680412690967,TRENDING_UP,0.8299035718704854,1.0
2014-10-29,58.760107816711596,3.8580407423930447,5.121293800539084,-0.6947922639905092,371,0.24788527132621777,TRENDING_UP,0.8152261264480334,2.0
2014-10-30,61.55913978494624,6.103951820941573,4.838709677419355,0.690575270498813,372,0.20325298506428338,TRENDING_UP,0.7774377576017012,3.0
2014-10-31,61.04972375690608,4.180772383703547,5.248618784530387,0.6523060134369919,362,0.20146897590463755,TRENDING_UP,0.740966792454568,4.0
2014-11-05,67.02127659574468,4.115338967360638,7.180851063829788,1.5193846735775753,376,0.21560651804770764,TRENDING_UP,0.7445369592240905,5.0
2014-11-06,63.97849462365591,3.839766647727287,9.946236559139784,0.21871593484658558,372,0.21346604553359064,TRENDING_UP,0.7548286610457017,6.0
2014-11-07,73.40153452685422,4.764138923393641,8.439897698209718,2.646855222592355,391,0.25610193025091627,TRENDING_UP,0.7803142187982937,7.0
2014-11-10,75.51546391752578,3.7644031312031125,10.56701030927835,0.9835810149051215,388,0.25685289192796834,TRENDING_UP,0.8203628112549672,8.0
2014-11-11,71.90721649484536,3.9414201165918477,6.958762886597938,0.3620202965085103,388,0.23796640594699434,TRENDING_UP,0.804414695675868,9.0
2014-11-12,73.94540942928039,4.45697522938057,10.173697270471465,1.7240844524092882,403,0.2533780404105169,TRENDING_UP,0.8208965133484238,10.0
2014-11-13,74.3073047858942,5.26240196376049,10.075566750629724,-0.1185171386363963,397,0.25404953492548815,TRENDING_UP,0.8711089243561593,11.0
2014-11-14,73.01587301587301,3.752731645378929,6.613756613756613,0.6036511741001043,378,0.2584435002136766,TRENDING_UP,0.8487969175668625,12.0
2014-11-17,73.89033942558747,4.076397507387706,7.049608355091384,0.14091551510369799,383,0.26706578935086356,TRENDING_UP,0.8656241296113044,13.0
2014-11-18,71.8232044198895,3.599170835525562,8.83977900552486,-0.19561247409698806,362,0.26280554871140716,TRENDING_UP,0.8630352054589073,14.0
2014-11-19,65.22911051212938,3.6393049457516633,8.086253369272237,-1.366874688418029,371,0.25721637545457077,TRENDING_UP,0.9128585234610206,15.0
2014-11-20,57.85123966942148,5.959612621821661,2.203856749311295,-2.261344377149662,363,0.3143687861607876,TRENDING_UP,0.9994577298149999,16.0
2014-11-21,67.82608695652173,4.31655780221695,3.1884057971014492,2.1724790510356065,345,0.33604981669477874,TRENDING_UP,0.9873649143796244,17.0
2014-11-24,64.70588235294117,4.036980079080567,3.823529411764706,-0.3132664928489743,340,0.3380774181637973,TRENDING_UP,1.0251489927502528,18.0
2014-11-25,62.797619047619044,4.158346631232159,1.1904761904761905,-0.3646368214914882,336,0.34792614703134506,TRENDING_UP,1.0533843799621692,19.0
2014-11-26,64.20454545454545,4.036264758313727,2.840909090909091,1.1451401522321447,352,0.3468751656557179,TRENDING_UP,1.0774160238592478,20.0
2014-11-27,62.606232294617556,3.79562521161253,3.1161473087818696,-0.40765569958815534,353,0.3469452257223803,TRENDING_UP,1.1077530932104471,21.0
2014-11-28,63.61031518624641,3.855952613267816,4.871060171919771,0.6615811259143702,349,0.33759088561788664,TRENDING_UP,1.1009286498677155,22.0
2014-12-01,66.86046511627907,3.890274831815414,7.848837209302325,1.2136122550211428,344,0.35039934206564743,TRENDING_UP,1.1207592272390927,23.0
2014-12-02,66.75603217158177,4.098775214073458,7.506702412868632,1.3000551528403856,373,0.3301713891277653,TRENDING_UP,1.1454727039031938,24.0
2014-12-03,66.2303664921466,4.07238289123095,7.329842931937172,0.703030331300065,382,0.3221251035013993,TRENDING_UP,1.1264315921478947,25.0
2014-12-04,67.46031746031747,3.534051241991025,8.73015873015873,0.5155249315707446,378,0.33146538250632696,TRENDING_UP,1.1398984074316323,26.0
2014-12-05,70.16129032258065,3.8785687153050916,7.795698924731183,0.4799717738616934,372,0.31443945749952534,TRENDING_UP,1.1216724242723983,27.0
2014-12-08,72.17391304347827,3.5066044117553297,5.217391304347826,-0.12280434589028802,345,0.3249224322328676,TRENDING_UP,1.0892843029109662,28.0
2014-12-09,71.86629526462396,3.7438107322256178,5.013927576601671,0.4427027122598313,359,0.3182648158260777,TRENDING_UP,1.1091781739026356,29.0
2014-12-10,65.92797783933518,3.066700575250417,4.986149584487535,-1.3290094117222302,361,0.32700732057197773,TRENDING_UP,1.117224876619055,30.0
2014-12-11,63.098591549295776,2.808069670986528,4.225352112676056,-0.03764054959248838,355,0.3285795333874324,TRENDING_UP,1.094706534821702,31.0
2014-12-12,67.2782874617737,4.197445408253452,5.5045871559633035,0.537812022919083,327,0.33377879330012167,TRENDING_UP,1.1066793036490867,32.0
2014-12-15,64.4776119402985,3.4108111327794783,4.477611940298507,-0.028309216611396026,335,0.3288063703193609,RANGING,1.0699130012212013,0.0
2014-12-16,55.19125683060109,3.4566924357492352,1.639344262295082,-2.402852177523768,366,0.37890595305418534,RANGING,1.1869483629504585,1.0
2014-12-17,50.44776119402985,3.918383718860497,1.791044776119403,-0.4838628621904513,335,0.3862190774972996,RANGING,1.2032797972031288,2.0
2014-12-18,51.42857142857142,3.3183050912216188,1.7142857142857144,0.30426634787786855,350,0.3530819516502839,RANGING,1.1569380535853586,3.0
2014-12-19,52.8023598820059,3.4810423436274394,2.359882005899705,0.02340609377209523,339,0.3325256959566947,RANGING,1.146034571436401,4.0
2014-12-22,53.01204819277109,40.533164319300795,3.0120481927710845,2.3151938130281993,332,0.2942552101516478,TRENDING_UP,1.172899330043991,0.0
2014-12-23,55.11363636363637,3.4643011066659724,3.6931818181818183,0.6608504451081679,352,0.2921171734659231,TRENDING_UP,1.1482602727904336,1.0
2014-12-24,51.66666666666667,4.13370234407637,3.6111111111111107,0.1508911069501704,360,0.28854022887129044,TRENDING_UP,1.1258418356744242,2.0
2014-12-26,51.470588235294116,3.8854546440092625,3.2352941176470593,-0.04311628157766373,340,0.2863830147419546,TRENDING_UP,1.1085358958097389,3.0
2014-12-29,48.048048048048045,3.32563396561353,2.7027027027027026,-0.5793669834460526,333,0.30435185544540194,TRENDING_UP,1.108397473386499,4.0
2014-12-30,51.14942528735632,4.1426238879076,2.586206896551724,0.47543694109933476,348,0.29206433679884725,TRENDING_UP,1.0944485649638993,5.0
2014-12-31,52.20994475138122,4.225449667033617,4.696132596685083,0.6043839091767073,362,0.2700202319713356,TRENDING_UP,1.0600293545728632,6.0
2015-01-01,57.92880258899677,4.318562007101684,8.090614886731391,1.730319997828536,309,0.3055810427268369,TRENDING_UP,1.067152909374436,7.0
2015-01-02,63.03191489361703,4.552175584968553,6.914893617021277,1.439332849292789,376,0.2803121596862293,TRENDING_UP,1.0508037948637405,8.0
2015-01-05,63.2768361581921,3.222806597015107,5.649717514124294,-0.011495575901839545,354,0.29651040646895255,TRENDING_UP,1.0455635132895091,9.0
2015-01-06,59.2375366568915,3.641228220179501,4.9853372434017595,-0.45031518733648235,341,0.30469421696966686,TRENDING_UP,1.0561781862961903,10.0
2015-01-07,58.309859154929576,3.1773333771329773,3.943661971830986,0.34958576628865706,355,0.29166256790901507,TRENDING_UP,1.048653990519537,11.0
2015-01-08,62.3229461756374,3.1263086538707325,5.382436260623229,0.6020665489119998,353,0.27579759998033243,TRENDING_UP,1.0216269539913523,12.0
2015-01-09,62.92134831460674,3.356602749678819,7.303370786516854,0.5606136894890382,356,0.2661978398893112,TRENDING_UP,1.0205141393111798,13.0
2015-01-12,61.04972375690608,3.5144106787076366,5.248618784530387,0.30870154191380056,362,0.27200168486188714,TRENDING_UP,1.0108413978011974,14.0
2015-01-13,63.395225464190986,3.202152741803309,5.835543766578249,0.9232957227787447,377,0.2694714327545006,TRENDING_UP,1.018961208871458,15.0
2015-01-14,64.8,3.772397041258359,9.866666666666667,1.207277339135499,375,0.20528995668403535,TRENDING_UP,0.9155609149713785,16.0
2015-01-15,70.37974683544303,3.84551467917514,10.379746835443038,1.213018419377444,395,0.17707653889399702,TRENDING_UP,0.877702194629387,17.0
2015-01-16,68.21917808219177,3.604734273812317,7.9452054794520555,0.04031622697404357,365,0.17382084629823724,TRENDING_UP,0.8391088259076704,18.0
2015-01-19,68.10810810810811,4.187491984248828,8.108108108108109,0.6051791078193198,370,0.17808882904020315,TRENDING_UP,0.8412912701907949,19.0
2015-01-20,68.0,3.5805902980454856,7.733333333333333,-0.0025774384818338723,375,0.19574936988656466,TRENDING_UP,0.7951455542432422,20.0
2015-01-21,67.98941798941799,3.100248882254015,7.4074074074074066,0.012502949910218344,378,0.19483309680320177,TRENDING_UP,0.7901979347208644,21.0
2015-01-22,67.31301939058172,2.8439930143111565,4.1551246537396125,-1.0650558733690219,361,0.22255123936460086,TRENDING_UP,0.8011472174544306,22.0
2015-01-23,65.58823529411765,3.1095451934181115,3.2352941176470593,-0.2923831602393004,340,0.21948053232117903,TRENDING_UP,0.8051850038455189,23.0
2015-01-26,68.47826086956522,3.2903121507195565,7.336956521739131,0.7606432486195689,368,0.2176302005920971,TRENDING_UP,0.8493602344071162,24.0
2015-01-27,65.55555555555556,3.069512981693442,6.666666666666667,-0.20746217533487343,360,0.22387298359828886,TRENDING_UP,0.850964649542754,25.0
2015-01-28,60.0,2.9091549655346722,5.915492957746479,-0.8253978002466034,355,0.2377979367912791,TRENDING_UP,0.8595463499720515,26.0
2015-01-29,62.96296296296296,3.658456192740997,3.9886039886039883,0.4097201853198951,351,0.22891492702275015,TRENDING_UP,0.8243428849763148,27.0
2015-01-30,62.75659824046921,3.297080387805312,6.451612903225806,0.29807699073534627,341,0.23889004482479906,TRENDING_UP,0.8180047712408595,28.0
2015-02-02,61.47540983606557,3.3442915190154054,6.0109289617486334,0.12612082890567544,366,0.22525607803693717,TRENDING_UP,0.8249652284225134,29.0
2015-02-03,60.0,2.8887640720006544,5.555555555555555,-0.24145398605388269,360,0.22158586451472229,TRENDING_UP,0.8122461883203317,30.0
2015-02-04,56.557377049180324,3.5647887640370906,4.098360655737705,-0.6183862160187591,366,0.22337914016608243,TRENDING_UP,0.8434237754976932,31.0
2015-02-06,58.99705014749262,3.2336263982911033,3.2448377581120944,0.43163879463605415,339,0.22020814292957727,TRENDING_UP,0.8319690082274973,32.0
2015-02-09,56.896551724137936,3.248547516621195,4.310344827586207,-0.5726608664938305,348,0.23321075869315447,TRENDING_UP,0.8163799562051776,33.0
2015-02-10,52.72206303724928,3.043204559943144,2.5787965616045847,-0.32041293920014025,349,0.23100837391956328,TRENDING_UP,0.8719541113162411,34.0
2015-02-11,49.712643678160916,3.5724687223879847,3.1609195402298855,-0.3443887131247284,348,0.2312075244383959,TRENDING_UP,0.89965819777166,35.0
2015-02-12,44.632768361581924,3.4439290992071965,2.2598870056497176,-1.0750089103745475,354,0.244727244795133,RANGING,0.9827720723296492,0.0
2015-02-13,51.038575667655785,3.4123222233452064,2.0771513353115725,0.8740958724866713,337,0.23261662382648918,RANGING,0.9756814325107799,1.0
2015-02-16,44.01197604790419,3.197018406037972,1.7964071856287425,-0.4440139766430336,334,0.22350199792699613,RANGING,1.0053248211941825,2.0
2015-02-17,43.6950146627566,3.1590273783516296,1.466275659824047,-0.8120969451197609,341,0.22590496321698014,RANGING,1.0022259624018248,3.0
2015-02-18,42.35294117647059,3.241658135590791,1.4705882352941175,-0.6870715863164232,340,0.22898437066097066,RANGING,1.0089427697140396,4.0
2015-02-19,45.05813953488372,3.158966189248025,1.4534883720930232,0.8292543844006032,344,0.24359960060775437,RANGING,1.012194820147615,5.0
2015-02-20,42.68656716417911,3.8209239464396303,2.6865671641791042,-0.27145283799313175,335,0.23437698764065323,RANGING,0.99852616715206,6.0
2015-02-23,41.690962099125365,4.368588238125942,1.749271137026239,-0.23977555721919708,343,0.23183756010655157,RANGING,0.9927195984283759,7.0
2015-02-24,35.69405099150141,3.720855369838858,2.8328611898017,-0.8642643517535403,353,0.22222454204438044,RANGING,0.933461295406523,8.0
2015-02-25,35.588235294117645,3.483010771586136,1.7647058823529411,-0.16175974442049207,340,0.2241349993906062,RANGING,0.9268569047991877,9.0
2015-02-26,33.33333333333333,3.7524001327533103,2.2988505747126435,-0.5074731822475572,348,0.20310800504019538,RANGING,0.9328017818427363,10.0
2015-02-27,31.137724550898206,3.8217056371834923,2.3952095808383236,-0.9161769282223693,334,0.21378268008495444,RANGING,0.963457925279321,11.0
2015-03-02,23.099415204678362,3.7691719494135922,1.7543859649122806,-2.1929299329587115,342,0.26240077526333444,RANGING,1.023611426410521,12.0
2015-03-03,25.64841498559078,4.472199390652701,0.5763688760806917,-0.4842062397754436,347,0.2431936907858677,RANGING,1.0534391602942794,13.0
2015-03-04,24.207492795389047,4.169046699082985,0.8645533141210375,0.09173448495688483,347,0.24933270099982538,RANGING,1.0651882579614604,14.0
2015-03-05,26.39751552795031,3.6023302715747434,1.8633540372670807,0.3691466481519138,322,0.2564446479161039,RANGING,1.0166295861648151,15.0
2015-03-06,25.401929260450164,3.2472207135258193,1.607717041800643,-0.08724824024501115,311,0.2527071656589046,RANGING,1.022133463365123,16.0
2015-03-09,25.796178343949045,3.1828838256522385,1.5923566878980893,-0.5525252729081028,314,0.2554601808338489,RANGING,1.0711576214289622,17.0
2015-03-10,19.626168224299064,3.030643606998048,1.8691588785046727,-1.6649920329936527,321,0.2770472022498137,RANGING,1.0527675756043202,18.0
2015-03-11,18.75,4.104764094499447,1.5625,-0.484690316041054,320,0.2812772747206217,RANGING,1.0536051292563096,19.0
2015-03-12,20.12012012012012,3.6469681880882745,1.8018018018018018,0.25060895269613415,333,0.26490058427311886,RANGING,0.9797413840727618,20.0
2015-03-13,22.78481012658228,3.7135349162121485,1.2658227848101267,1.7542519450978802,316,0.318298366439758,RANGING,0.9753397375997909,21.0
2015-03-16,19.375,3.774394587561243,1.5625,-1.1817968502553728,320,0.3094512542042184,RANGING,1.0147740357314157,22.0
2015-03-17,20.192307692307693,3.0465924220387244,1.6025641025641024,-0.5274637900836577,312,0.3228922831035746,RANGING,1.034224262621099,23.0
2015-03-18,11.494252873563218,4.115261789061474,1.1494252873563218,-3.557343498781121,348,0.387216685500675,RANGING,1.1811775931340769,24.0
2015-03-19,12.140575079872203,4.222707146113057,1.2779552715654952,-0.49566671614339997,313,0.3708624108352819,RANGING,1.162731840204094,25.0
2015-03-20,14.64968152866242,4.091062270803203,0.9554140127388535,2.0183152007853797,314,0.40762924789072824,RANGING,1.187891231077982,26.0
2015-03-24,13.924050632911392,10.689024383197049,1.89873417721519,-0.9140069090338266,316,0.4036230263911405,RANGING,1.3108222005683008,27.0
2015-03-25,12.413793103448276,3.113692142182532,1.0344827586206897,-1.50706195156302,290,0.42474806971624685,RANGING,1.353836439021296,28.0
2015-03-26,9.876543209876543,6.528872170326434,0.9259259259259258,-3.083368133317896,324,0.44835270491359613,VOLATILE,1.5337998635547385,0.0
2015-03-27,9.393939393939393,4.760289956362862,0.9090909090909091,-1.6951990119386056,330,0.4400537890029228,VOLATILE,1.684781574633407,1.0
2015-03-30,5.94900849858357,5.2261012988050615,0.84985835694051,-6.105123094048082,353,0.5210877275397788,VOLATILE,1.9165839297764296,2.0
2015-03-31,7.163323782234957,6.333071347669252,0.5730659025787965,5.88648947467325,349,0.5832174823252924,VOLATILE,1.9549382861009843,3.0
2015-04-01,10.029498525073747,4.773663812102885,0.2949852507374631,0.9813165953906272,339,0.584456789079243,VOLATILE,2.0043630040261307,4.0
2015-04-02,12.536443148688047,6.675793746500649,0.0,2.3740455843676664,343,0.5917332016438416,VOLATILE,2.0124436878156895,5.0
2015-04-03,15.680473372781064,5.307264641515002,1.183431952662722,3.0206857647112275,338,0.5821597625121431,VOLATILE,2.023254947800277,6.0
2015-04-06,19.5906432748538,4.126948610961729,0.29239766081871343,1.7886641767143219,342,0.5982332669840884,VOLATILE,2.034297183468091,7.0
2015-04-07,16.16766467065868,4.996468800570077,1.1976047904191618,-0.37966127270840905,334,0.5904410621484911,VOLATILE,2.0219928463677896,8.0
2015-04-08,20.241691842900302,4.801358084673743,1.5105740181268883,0.7641114886151302,331,0.596435863720469,VOLATILE,2.0202557130895378,9.0
2015-04-09,21.779141104294478,4.098231757881901,1.8404907975460123,0.18842493631902865,326,0.5818722218780746,VOLATILE,2.0011020209652615,10.0
2015-04-10,25.14450867052023,6.862586199123136,2.8901734104046244,1.2092023691994764,346,0.5820207519755967,VOLATILE,2.020200037525969,11.0
2015-04-13,24.850299401197603,4.64752483355634,1.7964071856287425,-0.5448530466606776,334,0.5911692076754687,VOLATILE,2.001717912023678,12.0
2015-04-14,21.337579617834397,3.657801499599251,1.910828025477707,-0.8232772016309011,314,0.589900246166386,VOLATILE,1.9596015181624844,13.0
2015-04-15,23.34384858044164,3.830719927806388,0.9463722397476341,0.06730448914862762,317,0.59059373276528,VOLATILE,1.9362374359899859,14.0
2015-04-16,30.86053412462908,4.170006102315977,2.0771513353115725,1.9155262420572834,337,0.5790610888106891,VOLATILE,1.8204041123591943,15.0
2015-04-17,33.33333333333333,5.492109438632964,2.2408963585434174,1.1289224558286037,357,0.5557143542149164,VOLATILE,1.8544336000322552,16.0
2015-04-20,33.04093567251462,3.694522217576835,3.216374269005848,-0.403358381267879,342,0.5757929291272249,VOLATILE,1.8423649077125577,17.0
2015-04-21,31.73076923076923,3.540052700536355,1.282051282051282,-1.2086368596935617,312,0.5869807227016212,VOLATILE,1.8153534789714292,18.0
2015-04-22,38.59649122807017,5.07446051740172,2.3391812865497075,1.3451094807799893,342,0.5585334176247453,VOLATILE,1.823122274425846,19.0
2015-04-23,37.61467889908257,3.5826362504693954,1.834862385321101,-0.3902356141626918,327,0.5496806915686325,TRENDING_UP,1.6944493097653854,0.0
2015-04-24,40.303030303030305,4.2884863793211405,2.1212121212121215,0.7507640231339602,330,0.537884591491172,TRENDING_UP,1.5846087297395224,1.0
2015-04-27,39.24418604651162,4.2645873673598755,2.9069767441860463,0.051481209729844594,344,0.47961210620030836,TRENDING_UP,1.4167939653058248,2.0
2015-04-28,36.666666666666664,3.7300425444272807,1.9444444444444444,-0.8851025956882145,360,0.3938862099641232,TRENDING_UP,1.2938625098805847,3.0
2015-04-29,35.24355300859599,3.809995929562282,1.4326647564469914,-0.7053517513185875,349,0.3947437364389611,TRENDING_UP,1.1961144064212752,4.0
2015-04-30,35.97560975609756,3.5645478656901677,1.8292682926829267,-0.21322787288474881,328,0.3725990138698025,TRENDING_UP,1.1475925260510218,5.0
2015-05-04,34.13897280966767,3.776010026104442,1.812688821752266,-0.6827206501052777,331,0.3323226808266158,TRENDING_UP,1.155009573434333,6.0
2015-05-05,35.80246913580247,124.18736224144848,1.2345679012345678,5.893032490133066,324,0.14113837705793333,TRENDING_UP,1.1523115295565867,7.0
2015-05-06,35.029940119760475,3.897667711020475,1.1976047904191618,0.6530508012707688,334,0.15019548423522144,TRENDING_UP,1.150469218021186,8.0
2015-05-07,35.52238805970149,3.7667438038443857,0.5970149253731344,0.002190531736987557,335,0.13706048629328937,TRENDING_UP,1.123071000459948,9.0
2015-05-08,40.2555910543131,3.7609876996848057,1.5974440894568689,-0.060275563047625984,313,0.13496037607944594,TRENDING_UP,1.1161442038991587,10.0
2015-05-11,25.705329153605017,3.984064496086154,0.6269592476489028,-3.3587492244621706,319,0.23243017901537966,RANGING,1.242758340214036,0.0
2015-05-12,30.32258064516129,4.020510974332606,0.6451612903225806,0.9070213861924843,310,0.23408773873946342,RANGING,1.301609748121051,1.0
2015-05-13,34.53947368421053,3.4890344464237137,0.6578947368421052,0.1572000441790859,304,0.21519212270076696,RANGING,1.32143304175791,2.0
2015-05-14,36.19047619047619,3.786134334977296,0.9523809523809524,1.0154424896913847,315,0.2251256830822635,RANGING,1.312525809025145,3.0
2015-05-15,37.06070287539936,3.901976508415329,1.2779552715654952,0.2035665000662467,313,0.21345776094582988,RANGING,1.2649156153902028,4.0
2015-05-18,33.86581469648562,4.343061376880214,0.3194888178913738,-1.106734858576144,313,0.2082147121798124,RANGING,1.2153964324093556,5.0
2015-05-19,32.467532467532465,4.266511568750361,0.6493506493506493,-0.11576022448876068,308,0.21411296496151022,RANGING,1.2147340858643043,6.0
2015-05-20,33.881578947368425,3.632606277877107,0.9868421052631579,-0.011642891951069864,304,0.20353059971075851,RANGING,1.1620126384244926,7.0
2015-05-21,35.73770491803279,3.30967756304961,0.32786885245901637,-0.038850852978408075,305,0.1882060884413498,RANGING,1.0929435944979642,8.0
2015-05-22,33.670033670033675,3.4833801638224124,0.33670033670033667,-0.20026641676003312,297,0.18690530132970218,RANGING,1.0792740637963647,9.0
2015-05-25,37.01298701298701,3.537368991580364,1.2987012987012987,0.5502892144505211,308,0.18133932044922904,RANGING,1.0833250273181287,10.0
2015-05-26,36.45484949832776,3.1036777327318634,1.0033444816053512,-0.42174515305057386,299,0.178204649374956,RANGING,1.114068289021805,11.0
2015-05-27,39.762611275964396,5.073646733007424,1.483679525222552,1.3790785835371469,337,0.18251864211044683,RANGING,1.1081982267537378,12.0
2015-05-28,43.217665615141954,3.1314645220127346,1.2618296529968454,0.2095974974021683,317,0.18235085265319784,RANGING,1.1005454854002086,13.0
2015-05-29,42.857142857142854,4.617812908200358,1.8633540372670807,1.1164406655330243,322,0.18859017007548645,RANGING,1.1009856068904467,14.0
2015-06-01,45.378151260504204,4.620607829336343,1.680672268907563,1.4427287213288722,357,0.18996658472646222,RANGING,1.1041498204292908,15.0
2015-06-02,52.94117647058824,3.3470363555115936,1.9607843137254901,0.5433091496504332,357,0.3025068905937231,TRENDING_UP,1.1034319171897986,0.0
2015-06-03,54.6242774566474,3.396588246249137,2.312138728323699,0.8057116292076957,346,0.3194297298457262,TRENDING_UP,1.0839411925345255,1.0
2015-06-04,58.495821727019504,4.877755228944774,3.064066852367688,1.106805168428261,359,0.33323872781744573,TRENDING_UP,1.0755949555444602,2.0
2015-06-05,59.65909090909091,3.331382714916456,3.6931818181818183,0.8148159503326002,352,0.3449864102639772,TRENDING_UP,1.0688514719151712,3.0
2015-06-08,61.41304347826087,5.306396352743421,4.076086956521739,1.2920035190785675,368,0.2486980502845101,TRENDING_UP,1.06073858214272,4.0
2015-06-09,61.731843575419,4.445160502581856,5.307262569832402,0.5810554743105876,358,0.23257415149437313,TRENDING_UP,1.0003536592055868,5.0
2015-06-10,62.994350282485875,4.13050749000517,2.5423728813559325,0.4385171966369153,354,0.2297702344395378,TRENDING_UP,0.997874946392945,6.0
2015-06-11,65.48913043478261,4.031620769327211,4.076086956521739,1.2533170523918886,368,0.22667063482461813,TRENDING_UP,1.0059084194977859,7.0
2015-06-12,66.85082872928176,4.285799527552823,5.248618784530387,1.36869550562106,362,0.22908210474514268,TRENDING_UP,1.000189314741242,8.0
2015-06-15,67.30245231607628,3.949045368933928,5.994550408719346,0.5787358360378059,367,0.20822432686463693,TRENDING_UP,0.9954771337260517,9.0
2015-06-16,68.64406779661016,3.6686060716108413,5.367231638418079,-0.1928269518609447,354,0.21059182304499166,TRENDING_UP,0.9892268290633709,10.0
2015-06-17,68.01075268817203,4.954137344294894,6.182795698924731,0.8324274273418232,372,0.18155484753173415,TRENDING_UP,0.9955020010440241,11.0
2015-06-18,73.01587301587301,5.451206579919416,4.497354497354497,2.237348950598947,378,0.17174945765200783,TRENDING_UP,1.0112442504760706,12.0
2015-06-19,72.32142857142857,4.281498198045701,3.869047619047619,-0.7375483942476107,336,0.20517400074654235,TRENDING_UP,1.0159789380392583,13.0
2015-06-22,70.4968944099379,3.721397686926116,2.484472049689441,-0.877881922036194,322,0.23510927424847797,TRENDING_UP,1.0334096495696143,14.0
2015-06-23,70.94017094017094,4.113024796968209,2.564102564102564,0.41519645133142163,351,0.2177521302408214,TRENDING_UP,1.017775908013868,15.0
2015-06-24,70.4225352112676,5.36648844208839,4.225352112676056,1.023242679320939,355,0.20697936847522386,TRENDING_UP,0.983987505512362,16.0
2015-06-25,68.02325581395348,4.543743632693959,5.232558139534884,-0.16601153688699677,344,0.22042154387186128,RANGING,1.014422241733067,0.0
2015-06-26,63.22188449848024,3.9991274386346065,3.64741641337386,-1.2971183687134633,329,0.2531862724667926,RANGING,1.0035567223735042,1.0
2015-06-29,69.51219512195121,4.1678807245159435,3.353658536585366,1.0709210953337025,328,0.24113770256091033,TRENDING_UP,0.9695910223488053,0.0
2015-06-30,70.60606060606061,3.2732447152470776,2.4242424242424243,0.7556316862696967,330,0.2344246595206209,TRENDING_UP,0.9472886601474612,1.0
2015-07-01,75.22123893805309,3.494804771441524,5.3097345132743365,1.821199371667801,339,0.24606485923403346,TRENDING_UP,0.9662173351153939,2.0
2015-07-02,75.85227272727273,3.5439755552468966,8.238636363636363,1.2910279246545928,352,0.2516816008442241,TRENDING_UP,0.9774200717546725,3.0
2015-07-03,79.05604719764013,3.1049948185913165,8.55457227138643,0.48630187989791274,339,0.26094365509084555,TRENDING_UP,0.9952744712865278,4.0
2015-07-06,77.87114845938376,3.7232749595898396,9.803921568627452,0.7701302752375643,357,0.2494891139247345,TRENDING_UP,0.8750719672088693,5.0
2015-07-07,80.3921568627451,3.553109846831581,10.084033613445378,0.6562919044954665,357,0.24837277340341832,TRENDING_UP,0.8544562125450494,6.0
2015-07-08,76.58959537572254,3.4507435378855957,6.6473988439306355,-0.20753565296667553,346,0.2527394563419159,TRENDING_UP,0.8589599485745798,7.0
2015-07-09,76.55367231638418,3.8968867529731734,7.062146892655368,0.34305417789681986,354,0.2510012561620285,TRENDING_UP,0.8380570476166909,8.0
2015-07-10,77.54491017964071,3.4631564838431017,4.491017964071856,-0.16903196925930958,334,0.2564323427967597,TRENDING_UP,0.8570987537412108,9.0
2015-07-13,79.88165680473372,4.296179202147541,5.9171597633136095,1.8740918061927525,338,0.28519989904360266,TRENDING_UP,0.8920680335198102,10.0
2015-07-14,81.86813186813187,4.231985853333023,8.516483516483516,1.2934053184460748,364,0.26610276114313614,TRENDING_UP,0.9018717862131204,11.0
2015-07-15,82.65582655826557,5.846348474735787,10.840108401084011,2.7087661381027566,369,0.2770614735388566,TRENDING_UP,0.908220645802842,12.0
2015-07-16,83.60655737704919,4.772900747421479,11.202185792349727,1.1565990371950008,366,0.2762106127203376,TRENDING_UP,0.9105720462130997,13.0
2015-07-22,84.29319371727748,4.8056709228560255,12.56544502617801,2.40642201777618,382,0.26971051918060823,TRENDING_UP,0.9061205857000706,14.0
2015-07-23,84.89583333333334,4.000481778552066,9.635416666666668,0.4107309136382116,384,0.24670934296370492,TRENDING_UP,0.8778046132752506,15.0
2015-07-24,86.09625668449198,4.687333977260707,11.76470588235294,1.6077388151679806,374,0.24021144399524952,TRENDING_UP,0.8815642520494082,16.0
2015-07-27,81.38297872340425,4.932321594853849,6.648936170212766,-3.394015952912204,376,0.3373803420507787,RANGING,0.966309211328683,0.0
2015-07-28,80.67226890756302,3.4840121748186226,5.042016806722689,0.7096448198584897,357,0.3332656805699659,TRENDING_UP,0.9718903031241104,0.0
2015-07-29,81.33333333333333,3.553198214242806,5.333333333333334,0.30111447668976876,375,0.31819767067625876,TRENDING_UP,0.9968018163216668,1.0
2015-07-30,80.33240997229917,4.135789769424054,6.3711911357340725,-1.1603180975450897,361,0.3322292825178659,TRENDING_UP,1.0165040535952812,2.0
2015-07-31,83.87096774193549,3.809071048194403,5.278592375366569,0.45677377720563894,341,0.333707317372217,TRENDING_UP,0.9935825337030975,3.0
2015-08-03,82.14285714285714,3.7742537929799527,5.059523809523809,0.25438316923440935,336,0.31353609677281613,TRENDING_UP,0.9434826275605321,4.0
2015-08-04,80.28985507246377,3.8160037350236884,4.9275362318840585,-0.5874212073697932,345,0.3100656108951191,TRENDING_UP,0.9291498094049515,5.0
2015-08-05,79.83651226158038,3.4781569134076427,5.994550408719346,0.9262115402753931,367,0.3052775717784196,TRENDING_UP,0.921372255255783,6.0
2015-08-06,79.83870967741935,3.824663104547577,7.795698924731183,1.1534535198485512,372,0.31399743902262645,TRENDING_UP,0.9278040060857511,7.0
2015-08-07,82.1917808219178,4.091140181268241,8.493150684931507,1.3366315118475565,365,0.31984749659256906,TRENDING_UP,0.9255636600655444,8.0
2015-08-10,79.94350282485875,3.7160337822417455,7.909604519774012,-0.0744610476732964,354,0.3134863389627625,TRENDING_UP,0.9242138004864668,9.0
2015-08-11,79.1891891891892,3.504722082385552,7.297297297297297,0.5773312015921617,370,0.31366476527172366,TRENDING_UP,0.9135020386157634,10.0
2015-08-12,79.23497267759562,3.4093714720020487,6.284153005464481,-0.3358645281586699,366,0.32145143194131215,TRENDING_UP,0.9441831878676415,11.0
2015-08-13,78.41530054644808,3.7696508851238306,3.825136612021858,0.6595250893797637,366,0.3217440849362445,TRENDING_UP,0.8896014255928321,12.0
2015-08-17,76.0932944606414,3.0868076172861567,6.122448979591836,-0.2342333590572839,343,0.31790426453194315,RANGING,0.908524069174906,0.0
2015-08-18,73.80281690140845,2.803603556155165,6.760563380281689,-0.3512066545860254,355,0.3172197421478142,RANGING,0.9185132629438507,1.0
2015-08-19,71.74515235457064,3.233646864318671,5.540166204986149,-0.17207253597784292,361,0.31788748539204953,RANGING,0.9203975118987919,2.0
2015-08-20,66.94444444444444,3.6161011502440807,4.444444444444445,-0.7688856370750754,360,0.31265505597816,RANGING,0.9417713266963067,3.0
2015-08-21,52.03488372093024,3.505762832903472,4.069767441860465,-2.2027171456037244,344,0.35605689093323545,RANGING,1.072023365161471,4.0
2015-08-24,35.674157303370784,4.629212523959513,1.9662921348314606,-5.560342921326253,356,0.49605869777415146,RANGING,1.3100801985719774,5.0
2015-08-25,45.614035087719294,5.5828769914464065,1.461988304093567,3.4644157289558466,342,0.5055805588460235,RANGING,1.3130214682178054,6.0
2015-08-26,42.241379310344826,4.448081131083112,3.1609195402298855,-0.07603702127416383,348,0.4938502838023174,RANGING,1.352274563755947,7.0
2015-08-27,46.95652173913044,4.372696010975901,3.1884057971014492,1.3749669709554442,345,0.4983044207262909,RANGING,1.3301776817076143,8.0
2015-08-28,51.91256830601093,3.8723631201089597,3.825136612021858,1.1200082452433464,366,0.476073548069447,RANGING,1.3181693749932852,9.0
2015-08-31,57.22222222222222,3.7934902635941907,3.3333333333333335,1.4186444789045238,360,0.4877716393075428,RANGING,1.350440916752071,10.0
2015-09-01,45.378151260504204,4.018813771573711,3.6414565826330536,-1.0430414174135871,357,0.4881224642710006,RANGING,1.425196349931536,11.0
2015-09-02,47.05882352941176,4.465474615511955,2.6470588235294117,0.2504257864056181,340,0.4979173522598347,RANGING,1.4350829035236612,12.0
2015-09-03,47.53623188405797,3.095856137255386,3.768115942028986,-0.0031337347996994503,345,0.49430177499663736,RANGING,1.4254929088972879,13.0
2015-09-04,40.0,3.513474165194847,2.0289855072463765,-1.5619323764297157,345,0.5046148302904049,VOLATILE,1.5537554424349986,0.0
2015-09-07,27.405247813411076,3.5112775954959563,0.8746355685131195,-3.2774387899361344,343,0.5368756977755326,VOLATILE,1.7413053719469829,1.0
2015-09-08,30.0,3.5930602657052,0.625,1.1585188164198517,320,0.5599952576156436,VOLATILE,1.7981685580254845,2.0
2015-09-09,33.82352941176471,4.419065734848131,0.8823529411764706,0.8284227779393266,340,0.5372715302484472,VOLATILE,1.8092654053932604,3.0
2015-09-10,32.21884498480243,3.9699351276636503,1.5197568389057752,-0.08520167646422744,329,0.5433168440952488,VOLATILE,1.797004767644292,4.0
2015-09-11,34.51327433628318,4.026402069091214,1.1799410029498525,0.14918216506832982,339,0.530233879025119,VOLATILE,1.8354219676937278,5.0
2015-09-14,31.132075471698112,3.6719259946377805,0.628930817610063,-1.5358444785634777,318,0.5439669816474528,VOLATILE,1.8647851877190547,6.0
2015-09-15,27.32919254658385,3.426738662063396,1.8633540372670807,-0.7295847160260772,322,0.5389085448906032,VOLATILE,1.8689415891919179,7.0
2015-09-16,27.531645569620256,3.872437263546313,0.949367088607595,0.9923669294129299,316,0.5515441736520769,VOLATILE,1.8417699387864532,8.0
2015-09-17,26.47058823529412,3.7006267698908824,1.1764705882352942,-0.09059176594899311,340,0.5277879406981482,VOLATILE,1.9000065455942874,9.0
2015-09-18,23.762376237623762,3.350490690777913,0.9900990099009901,-1.2373964630740941,303,0.5643169115531327,VOLATILE,1.847684514643196,10.0
2015-09-21,17.905405405405407,3.2650598827794513,1.0135135135135136,-0.3044122028115533,296,0.5154411706628783,VOLATILE,1.672849220623502,11.0
2015-09-22,23.417721518987342,3.5520940935459815,0.949367088607595,0.665571161937122,316,0.46508376817507147,VOLATILE,1.5760132741236714,12.0
2015-09-23,25.91362126245847,3.6374509410949982,0.9966777408637874,0.3696391865520936,301,0.4570873953579142,VOLATILE,1.5132983617505387,13.0
2015-09-28,23.905723905723907,3.0150976459756933,2.0202020202020203,-1.0167292835989152,297,0.44980335639342145,RANGING,1.4970777013902115,0.0
2015-09-29,17.197452229299362,3.344640866573251,1.910828025477707,-1.6893985361541426,314,0.43283360243661295,VOLATILE,1.5393387093670028,0.0
2015-09-30,20.063694267515924,3.58879640843654,2.229299363057325,0.4600405289576595,314,0.42769010243212235,VOLATILE,1.5383705289461143,1.0
2015-10-01,22.8125,4.494871336395277,0.9375,1.1739722776267072,320,0.422552136262252,VOLATILE,1.5021949410555209,2.0
2015-10-02,25.705329153605017,3.24667556890169,0.6269592476489028,0.4658850511795573,319,0.4310173407811808,RANGING,1.4910677157501766,0.0
2015-10-05,22.910216718266255,3.2943220480596347,1.5479876160990713,-0.5441355996140624,323,0.41716200620653754,VOLATILE,1.5018252282907962,0.0
2015-10-06,25.663716814159294,3.80175349378443,1.1799410029498525,0.28334674933053,339,0.40597628617506587,RANGING,1.3947047348617774,0.0
2015-10-07,24.126984126984127,3.0438105141427636,1.2698412698412698,-0.10769604827045037,315,0.3603414569790432,RANGING,1.248785062409742,1.0
2015-10-08,30.368098159509206,3.5510316094283043,1.2269938650306749,0.573119350220711,326,0.3474550344132269,RANGING,1.1518906216620388,2.0
2015-10-09,34.57142857142857,4.137233102381517,1.1428571428571428,1.0483728220253021,350,0.33467462259834035,RANGING,1.1538410397604482,3.0
2015-10-12,33.04347826086956,3.7369418952799354,1.4492753623188406,0.027050844546017857,345,0.3301051941433581,RANGING,1.1515686501081654,4.0
2015-10-13,33.91304347826087,3.791476575319971,0.5797101449275363,-0.35346696062040583,345,0.3198323186783583,RANGING,1.1403003310435131,5.0
2015-10-14,33.43195266272189,5.016611823615777,0.8875739644970414,-0.12472357171077994,338,0.3002190603575286,RANGING,1.099940102752478,6.0
2015-10-15,35.43543543543544,3.7894909454099546,1.2012012012012012,0.42054347624074456,333,0.29610915884999184,RANGING,1.0914994298678502,7.0
2015-10-16,35.8433734939759,3.1754301470754718,1.5060240963855422,0.3009679769700594,332,0.28160334031647155,RANGING,1.0915379717496514,8.0
2015-10-19,37.82234957020057,3.4112283398510277,1.7191977077363898,0.508031384020774,349,0.28505914684497524,RANGING,1.014631956251333,9.0
2015-10-20,35.50295857988166,3.3531554908452366,2.0710059171597637,-0.4877271706105081,338,0.26841743951806474,RANGING,0.9613753042228923,10.0
2015-10-21,35.46511627906977,3.6338356674569763,2.616279069767442,-0.12095133266410683,344,0.2702093073592524,RANGING,0.9320113222644298,11.0
2015-10-22,35.39823008849557,4.057150521336959,1.4749262536873156,0.09705126927399695,339,0.2492184542985211,RANGING,0.9004908482229654,12.0
2015-10-26,34.76923076923077,3.817760997878168,1.5384615384615385,-0.2220436180032602,325,0.25228694721330736,RANGING,0.9151303696563322,13.0
2015-10-27,36.0,3.0259369872257844,1.5384615384615385,0.04320436396331072,325,0.23772986371889648,RANGING,0.8940817277477168,14.0
2015-10-28,37.64367816091954,3.948833824047936,1.4367816091954022,0.06162512333027244,348,0.19248342051532616,RANGING,0.8319647272485995,15.0
2015-10-29,39.710144927536234,4.218982027954756,2.318840579710145,0.29855939986920255,345,0.19927321482068572,RANGING,0.7942257509882051,16.0
2015-10-30,40.24024024024024,3.949890425873512,2.1021021021021022,-0.22808514381605502,333,0.1901664181398793,RANGING,0.7582816452583516,17.0
2015-11-02,41.27906976744186,4.209286691338451,2.0348837209302326,-0.5204184561160429,344,0.18832657754012486,RANGING,0.740368759298453,18.0
2015-11-03,42.201834862385326,3.2497589738326744,1.529051987767584,-0.046560296625171145,327,0.18291472513670493,TRENDING_UP,0.7082412492797384,0.0
2015-11-04,43.988269794721404,3.9043001427326125,1.1730205278592376,0.6908233262069248,341,0.1805325924456068,TRENDING_UP,0.6793191196001499,1.0
2015-11-05,41.37931034482759,4.0005152747032175,2.0114942528735633,-0.03752461929909674,348,0.18200681262460464,TRENDING_UP,0.669542142280608,2.0
2015-11-06,44.099378881987576,4.353697558945054,1.8633540372670807,0.7017532309836835,322,0.16564696717485156,TRENDING_UP,0.652351732301191,3.0
2015-11-09,42.8125,3.9091229436350394,1.875,-0.5244383553596499,320,0.14913637891620368,TRENDING_UP,0.6043341088935477,4.0
2015-11-10,39.937106918238996,3.822668608108397,1.8867924528301887,-0.9993335897964,318,0.1813745828453996,RANGING,0.6118816353791089,0.0
2015-11-11,40.18691588785047,3.073224850820372,0.9345794392523363,-0.13624289778492674,321,0.18011651420626504,RANGING,0.6143919203254327,1.0
2015-11-12,44.47674418604651,3.8144586001349743,2.0348837209302326,1.6388219471032892,344,0.22562514834741798,TRENDING_UP,0.6291529790547443,0.0
2015-11-13,44.84848484848485,3.706863183939851,2.1212121212121215,0.6605651664225467,330,0.22205981540393113,TRENDING_UP,0.6170181796456154,1.0
2015-11-16,46.601941747572816,3.763873001451515,1.6181229773462782,0.24488191732687525,309,0.22027545543287913,RANGING,0.6269690962903006,0.0
2015-11-17,48.433048433048434,5.103051060982361,2.564102564102564,1.5322591995700774,351,0.22258144662005666,RANGING,0.6393818798697947,1.0
2015-11-18,51.25348189415042,3.8587043270111554,1.6713091922005572,0.858142598274689,359,0.21403140356814526,RANGING,0.6599731481628774,2.0
2015-11-19,52.94117647058824,4.229855316133337,3.4055727554179565,0.6052517785660384,323,0.22515140207811404,RANGING,0.6498942446187446,3.0
2015-11-20,56.09756097560976,3.286136449772832,3.048780487804878,0.2599268698618286,328,0.22561340091783397,RANGING,0.6583660690551455,4.0
2015-11-23,50.74626865671642,3.3645096905458867,3.2835820895522385,-0.6416484360272969,335,0.22666300436070172,RANGING,0.6531144214952127,5.0
2015-11-24,44.41176470588235,3.657520287371799,3.2352941176470593,-1.0171688782486348,340,0.24115329396431703,RANGING,0.6742069708345664,6.0
2015-11-25,40.963855421686745,3.4260456209376042,2.4096385542168677,-0.9990666845504801,332,0.26371403529708454,RANGING,0.7134683700473441,7.0
2015-11-26,38.50931677018634,3.276106996299549,2.1739130434782608,-0.3044672491165091,322,0.27365828854470253,RANGING,0.7287729482151577,8.0
2015-11-27,39.42307692307692,4.128668667685997,2.8846153846153846,-0.14037598523859016,312,0.264415345210674,RANGING,0.7444690228569137,9.0
2015-11-30,28.26086956521739,3.4466473544011897,1.5527950310559007,-2.190136392073575,322,0.3337862853862699,RANGING,0.8538809246261082,10.0
2015-12-01,18.484848484848484,3.997729896515514,0.9090909090909091,-3.174677805129609,330,0.4037162293079739,RANGING,0.9776923911425536,11.0
2015-12-02,25.55205047318612,4.096721753522047,1.2618296529968454,2.3202766351035664,317,0.44091184626664054,RANGING,1.0309212630414317,12.0
2015-12-03,27.722772277227726,3.5180222111466235,0.9900990099009901,0.4532472110587299,303,0.4398654545159501,RANGING,1.0584155326831097,13.0
2015-12-04,28.307692307692307,3.5947405818531952,0.3076923076923077,0.8153612193584272,325,0.43328673167768045,RANGING,1.0679679624898086,14.0
2015-12-07,32.58064516129032,3.5415681283572233,1.935483870967742,0.4399644553270032,310,0.4454388157694148,RANGING,1.1038490829298775,15.0
2015-12-08,35.294117647058826,3.286726312885142,1.238390092879257,0.020778615897530682,323,0.42325575362252044,RANGING,1.088343669787274,16.0
2015-12-09,35.07692307692308,3.117387908838645,1.5384615384615385,0.4083759589271458,325,0.43049249880184737,RANGING,1.0801641174236676,17.0
2015-12-10,38.62928348909657,3.4084406739706656,1.2461059190031152,0.47048149577618437,321,0.42226451301391554,RANGING,1.0633802562453487,18.0
2015-12-11,36.96369636963696,3.7297779065883203,1.65016501650165,0.01801498518479989,303,0.42137285772263505,RANGING,1.0793239997809283,19.0
2015-12-14,33.006535947712415,3.3124181739827634,1.3071895424836601,-1.376950604111162,306,0.4315901411263521,RANGING,1.1336819727320082,20.0
2015-12-15,29.746835443037973,3.2843629859580044,1.89873417721519,-0.7551806301145647,316,0.42595932241941953,RANGING,1.1978717493186948,21.0
2015-12-16,31.372549019607842,3.3885412477451236,1.3071895424836601,0.7008726526095618,306,0.4419933481732854,RANGING,1.1906732773746278,22.0
2015-12-17,34.36532507739938,3.267304742155449,1.5479876160990713,1.0402581333635303,323,0.447261221700188,RANGING,1.2284254024670835,23.0
2015-12-18,35.31353135313531,3.0431032461588807,1.3201320132013201,-0.37009208004063404,303,0.44452088690370534,RANGING,1.2814366397941963,24.0
2015-12-21,32.55813953488372,3.1073145753559204,0.9966777408637874,-0.08164675345781779,301,0.44536583626355725,TRENDING_DOWN,1.300801893017445,0.0
2015-12-22,31.22923588039867,3.697935977947119,1.9933554817275747,-0.2343320724899828,301,0.4548484051859137,TRENDING_DOWN,1.2881738937026912,1.0
2015-12-23,29.02208201892745,3.446074487254307,1.8927444794952681,-0.5814802367562061,317,0.4385169047832206,TRENDING_DOWN,1.2514957347138138,2.0
2015-12-28,29.86577181208054,3.6436616312291603,1.006711409395973,0.14444751221945426,298,0.4519268365899622,TRENDING_DOWN,1.226608341056079,3.0
2015-12-29,30.81761006289308,4.0560536998013985,1.257861635220126,-0.5215568951627289,318,0.42483666027616906,TRENDING_DOWN,1.2161887047652526,4.0
2015-12-30,31.02310231023102,3.5013136480351728,0.33003300330033003,0.1568085274008235,303,0.4170405947930976,RANGING,1.1286006440816643,0.0
2015-12-31,32.22591362126246,3.8794642442876115,0.6644518272425249,0.1334214244048398,301,0.37127106849752534,RANGING,1.0261330417709962,1.0
2016-01-01,40.0,4.782787879204473,1.3114754098360655,1.8203140962305708,305,0.32623737896685445,RANGING,0.964127665785406,2.0
2016-01-04,31.372549019607842,2.988034016343844,0.32679738562091504,-1.0084678936126084,306,0.3348275080492699,RANGING,0.9695772048521111,3.0
2016-01-05,33.666666666666664,2.891483886962993,1.0,-0.11327393520984706,300,0.30874565569015616,RANGING,1.0168639018271868,4.0
2016-01-06,36.21262458471761,3.1363654214914782,1.6611295681063125,-0.00012533708514169732,301,0.3044061282683671,RANGING,0.9835035273320439,5.0
2016-01-07,30.50314465408805,4.95694338884958,2.8301886792452833,-1.8021625037532718,318,0.3096068127491405,TRENDING_DOWN,0.9947127667712061,0.0
2016-01-08,29.906542056074763,3.9385434231589924,0.9345794392523363,-0.6723245813000566,321,0.30318227258776986,TRENDING_DOWN,1.002317514910932,1.0
2016-01-11,24.40677966101695,3.346237745688802,1.0169491525423728,-1.2541348816944071,295,0.3211099071865119,TRENDING_DOWN,1.003117260028989,2.0
2016-01-12,23.61111111111111,3.7113087613823583,0.6944444444444444,-1.4397182732557599,288,0.3300723744493197,TRENDING_DOWN,1.0220978037014579,3.0
2016-01-13,23.202614379084967,4.900056228642713,0.9803921568627451,-0.8695109477927121,306,0.31333766139717933,TRENDING_DOWN,1.0056238428794746,4.0
2016-01-14,14.790996784565916,4.310071192071126,0.964630225080386,-3.609190603849098,311,0.3960746115304131,TRENDING_DOWN,1.0627072531361863,5.0
2016-01-15,13.418530351437699,4.875539259005253,0.9584664536741214,-1.533760140608501,313,0.3906414924769214,TRENDING_DOWN,1.1538751847088609,6.0
2016-01-18,13.461538461538462,4.395086829053548,0.641025641025641,-1.413896900257175,312,0.37361809553315933,TRENDING_DOWN,1.2935380235337113,7.0
2016-01-19,15.335463258785943,4.873956327019699,0.3194888178913738,2.5962062856369275,313,0.43010968092728796,TRENDING_DOWN,1.2980688980436164,8.0
2016-01-20,17.894736842105264,3.4836951758333248,1.0526315789473684,-0.5851257274802291,285,0.4344884251888139,TRENDING_DOWN,1.3306974157519915,9.0
2016-01-21,15.686274509803921,4.414617135835183,0.6535947712418301,-0.024887291705547793,306,0.41962892670805524,TRENDING_DOWN,1.3483747292841368,10.0
2016-01-22,19.453924914675767,6.094900147019971,1.023890784982935,1.2877898920856312,293,0.44083748851957716,TRENDING_DOWN,1.3447465074026532,11.0
2016-01-25,21.311475409836063,4.565742882563741,1.3114754098360655,0.815353541535872,305,0.42725924566313517,TRENDING_DOWN,1.3575832452656704,12.0
2016-01-26,21.16788321167883,3.69215529113268,0.36496350364963503,-0.07015989719184124,274,0.43481996863627703,TRENDING_DOWN,1.3534461508162012,13.0
2016-01-27,22.118380062305295,4.3043328532227205,0.3115264797507788,0.0032095977450067262,321,0.4155022413001359,TRENDING_DOWN,1.3673380409486635,14.0
2016-01-28,25.165562913907287,3.5160194183420765,1.9867549668874174,0.01812855085867553,302,0.426906607702702,TRENDING_DOWN,1.3748708474427374,15.0
2016-01-29,25.418060200668897,5.6771221074470475,2.341137123745819,0.23556439182793154,299,0.41447056582859115,TRENDING_DOWN,1.3426670841507267,16.0
2016-02-01,28.196721311475407,4.269473511319364,2.2950819672131146,0.7699226146225473,305,0.4218952336469817,RANGING,1.3606310278356788,0.0
2016-02-02,29.48717948717949,6.227464592649557,2.2435897435897436,0.4820659443333419,312,0.40664333440162914,RANGING,1.3248479925758596,1.0
2016-02-03,33.55048859934853,4.650035432260059,2.2801302931596092,1.172731833099324,307,0.4189629764810132,RANGING,1.3531158463112198,2.0
2016-02-04,35.60371517027864,4.805099876141447,2.476780185758514,1.1115693988761177,323,0.4184585809574104,RANGING,1.3526225269389602,3.0
2016-02-08,39.61661341853035,4.381753966822205,1.9169329073482428,0.323136582508868,313,0.4179952041452156,RANGING,1.3569941741968337,4.0
2016-02-09,37.919463087248324,4.383999783821743,1.342281879194631,-0.14173336584534785,298,0.43517331079893007,RANGING,1.3728062334716213,5.0
2016-02-10,34.21052631578947,3.5594451068763933,1.644736842105263,-0.5213057013602572,304,0.4224797960112429,RANGING,1.3908592394552237,6.0
2016-02-11,29.33753943217666,4.062553982281547,1.5772870662460567,-0.9474656966375412,317,0.42535819031833444,TRENDING_DOWN,1.405109718439725,0.0
2016-02-12,24.59016393442623,3.7071958081414524,0.32786885245901637,-1.6186622099635606,305,0.40354196457427305,RANGING,1.3787591977666023,0.0
2016-02-15,28.999999999999996,3.4207288142195518,0.33333333333333337,0.8611665554861034,300,0.3902801243203658,RANGING,1.3204100456806926,1.0
2016-02-16,29.03225806451613,4.191670961863935,0.967741935483871,-0.5323445047285819,310,0.36127380710871937,RANGING,1.2258517937585003,2.0
2016-02-17,25.622775800711743,4.048382174696336,0.7117437722419928,-0.4507945585284538,281,0.350628927185488,RANGING,1.1996189985922965,3.0
2016-02-18,21.68284789644013,3.4725119375113866,0.6472491909385114,-1.6143167234210922,309,0.35311161130219254,RANGING,1.2157123932787848,4.0
2016-02-19,20.068027210884352,4.91975396949268,1.0204081632653061,-1.248077169297673,294,0.35995262200857553,RANGING,1.2303538301748007,5.0
2016-02-22,12.29235880398671,4.317483004035197,0.0,-2.7321511693065093,301,0.39176789230870235,TRENDING_DOWN,1.2792769857433801,0.0
2016-02-23,13.442622950819672,6.060759903266941,0.0,-0.8300570528200266,305,0.35967308303407053,TRENDING_DOWN,1.3155147311423374,1.0
2016-02-24,15.384615384615385,4.239904486297369,0.0,1.428780085780658,299,0.3739600264740489,TRENDING_DOWN,1.3334307783256343,2.0
2016-02-25,17.363344051446948,3.6488296720031457,0.3215434083601286,-0.1016501182006237,311,0.3732093782281924,TRENDING_DOWN,1.31700545377279,3.0
2016-02-26,21.753246753246753,3.6708430303038324,0.6493506493506493,1.0078285411531962,308,0.366234810258836,RANGING,1.3492104576967912,0.0
2016-02-29,20.89041095890411,3.522239265940276,1.0273972602739725,-0.37319411809744707,292,0.3741747006983156,RANGING,1.3376268867444852,1.0
2016-03-01,20.344827586206897,3.8884846161194364,0.6896551724137931,-0.10628551330329623,290,0.3666700440080407,RANGING,1.2699184458082122,2.0
2016-03-02,26.198083067092654,3.5165619230056753,1.9169329073482428,0.6340905000479093,313,0.3572404736644697,RANGING,1.2688674939964557,3.0
2016-03-03,24.840764331210192,3.4978320705010235,1.910828025477707,-0.1372946982807462,314,0.3486670637639454,RANGING,1.2625713217393573,4.0
2016-03-04,27.564102564102566,4.1597934881485035,0.9615384615384616,1.0605450049414793,312,0.3468505015587828,RANGING,1.237775778981028,5.0
2016-03-07,30.69908814589666,3.7548595291888365,2.43161094224924,1.560141996968229,329,0.35510849980525117,RANGING,1.246169290122521,6.0
2016-03-08,29.846153846153843,4.016761858226877,2.4615384615384617,-0.11198875327421991,325,0.3475591009010418,RANGING,1.2430504785387873,7.0
2016-03-09,33.33333333333333,3.907495466465445,1.0,-0.07620039422550011,300,0.3614620168090789,RANGING,1.220739256471422,8.0
2016-03-10,30.35143769968051,4.475077917919896,1.2779552715654952,-0.37941223010617475,313,0.35367316669615295,RANGING,1.2279153887918763,9.0
2016-03-11,30.175438596491226,3.8602279955038656,0.3508771929824561,-0.572228875502759,285,0.36895424229304774,RANGING,1.185255451930812,10.0
2016-03-14,31.372549019607842,4.248967634502904,0.6535947712418301,0.44946041090596894,306,0.33554836460393656,RANGING,1.1373728716229428,11.0
2016-03-15,31.64983164983165,2.978253548502328,1.6835016835016834,-0.3462643133980252,297,0.3448083555243369,RANGING,1.0852413418500195,12.0
2016-03-16,34.98349834983499,4.04484941149897,1.65016501650165,-0.4344933587294866,303,0.3455898133961296,RANGING,1.0683352446924828,13.0
2016-03-17,34.20195439739413,3.236795336167,1.6286644951140066,0.08272022461170843,307,0.3280505960379382,RANGING,1.030772731755051,14.0
2016-03-18,35.14376996805112,3.6260843260036424,0.9584664536741214,0.18953351141362168,313,0.3127120981538026,RANGING,1.004992382196105,15.0
2016-03-21,36.038961038961034,5.50786689912291,0.6493506493506493,0.04255704712992812,308,0.2572084260337412,RANGING,0.9615457408759452,16.0
2016-03-22,34.57627118644068,3.393753133607807,1.3559322033898304,-0.17721190228949485,295,0.27697768587687194,RANGING,0.9273922431464741,17.0
2016-03-24,36.51877133105802,3.683002093954424,1.3651877133105803,-0.20083940680568393,293,0.2465437755680611,RANGING,0.8912858043502389,18.0
2016-03-25,37.06293706293706,3.1970536448313447,1.3986013986013985,0.29090932685297743,286,0.2484256881189547,RANGING,0.8748697780028628,19.0
2016-03-28,37.704918032786885,4.530579003860574,1.9672131147540985,0.18055900790573384,305,0.21954706588897951,RANGING,0.8324302097718476,20.0
2016-03-29,42.394822006472495,3.8522375579571957,2.5889967637540456,0.3861289199506518,309,0.2153563843812502,RANGING,0.8225888520170673,21.0
2016-03-30,39.869281045751634,3.506447952675376,0.32679738562091504,0.6449912238548414,306,0.21465026604199244,RANGING,0.8091527349160453,22.0
2016-03-31,42.63322884012539,3.36770566412494,1.5673981191222568,0.4179440227041603,319,0.203654790435573,RANGING,0.790413108422101,23.0
2016-04-01,46.913580246913575,3.898456965975641,2.1604938271604937,1.344249614008883,324,0.22369310988216254,RANGING,0.765920509709827,24.0
2016-04-04,50.0,5.379367488132216,3.0120481927710845,1.1450469370691634,332,0.22657866675878124,RANGING,0.7761942143406892,25.0
2016-04-05,46.41833810888252,3.422550125456671,3.151862464183381,-0.06520376019971487,349,0.1930067287465767,RANGING,0.7252234389775212,26.0
2016-04-06,55.30085959885387,4.865706654275373,1.4326647564469914,1.661146244440114,349,0.21557177382411483,RANGING,0.7196689955361961,27.0
2016-04-07,55.654761904761905,3.7005313005916185,1.488095238095238,0.39938915374432776,336,0.21253595727063224,RANGING,0.7197730825704375,28.0
2016-04-08,58.78787878787879,4.350614679148832,2.1212121212121215,0.8567244799598477,330,0.1904838958478583,RANGING,0.6754522111404003,29.0
2016-04-11,50.44776119402985,4.361525257448306,1.1940298507462688,-1.2759220983021828,335,0.24990272202689923,RANGING,0.7389855038786004,30.0
2016-04-12,54.071661237785015,3.410665750847976,1.6286644951140066,0.19828264444387914,307,0.24987439023732244,RANGING,0.7453200622306025,31.0
2016-04-13,49.6875,4.631100512165918,1.25,-0.5549350994789546,320,0.249736858114943,RANGING,0.7639295490413436,32.0
2016-04-14,55.84415584415584,3.4784298801397915,0.974025974025974,0.7040959563595879,308,0.2659775839180887,TRENDING_UP,0.745027998740803,0.0
2016-04-15,53.53846153846153,3.2210679221450347,0.6153846153846154,0.314438267328261,325,0.26078570899662257,TRENDING_UP,0.7384757716974368,1.0
2016-04-18,56.19047619047619,3.998854258139153,0.6349206349206349,-0.10323972645861043,315,0.25058783673980073,TRENDING_UP,0.7383122674575817,2.0
2016-04-19,57.585139318885446,3.8912588154361805,1.5479876160990713,1.2258343033160215,323,0.2600564221687104,TRENDING_UP,0.7456072733698141,3.0
2016-04-20,56.4327485380117,29.30970134316257,1.7543859649122806,1.927405836771846,342,0.2189687807159798,TRENDING_UP,0.7235058227522789,4.0
2016-04-21,56.74157303370787,4.4493514619810535,1.1235955056179776,-0.5143568389088143,356,0.22634041646952613,TRENDING_UP,0.7632729886367059,5.0
2016-04-22,62.34939759036144,3.8955305868384955,1.5060240963855422,1.1482607757425018,332,0.2309045207991031,TRENDING_UP,0.7812228619595885,6.0
2016-04-25,63.47305389221557,4.13714829158231,2.095808383233533,0.9290101868759154,334,0.22639861950154835,TRENDING_UP,0.7875878444011148,7.0
2016-04-26,63.1578947368421,4.302417462498299,2.3391812865497075,0.37079178422432046,342,0.2242059980710537,TRENDING_UP,0.8128046362918185,8.0
2016-04-27,63.45609065155807,3.8927421446841235,2.26628895184136,1.2046196533190958,353,0.22419219589107814,TRENDING_UP,0.8500864330969325,9.0
2016-04-28,66.28571428571428,3.7322513606374703,3.428571428571429,0.2956907230775824,350,0.22218831753639734,TRENDING_UP,0.8491133109434272,10.0
2016-04-29,66.86217008797654,3.690104684702734,2.0527859237536656,-0.3561856482798029,341,0.22211471121511236,TRENDING_UP,0.8550376462191503,11.0
2016-05-02,66.06606606606607,3.5962621312091763,1.2012012012012012,-0.41001720113477347,333,0.22744511722406424,TRENDING_UP,0.838522694136001,12.0
2016-05-03,64.08668730650155,3.2882680936661113,1.5479876160990713,0.13152484915222856,323,0.21699126622309928,TRENDING_UP,0.8612184896825843,13.0
2016-05-04,64.06685236768801,3.8236001776942743,2.5069637883008355,0.4067109660611147,359,0.20958638470100432,TRENDING_UP,0.8901874874708227,14.0
2016-05-05,64.8876404494382,3.186774112757507,3.089887640449438,0.19656895819411052,356,0.2072679465674838,TRENDING_UP,0.9396082018904646,15.0
2016-05-06,66.46706586826348,3.0048250112083776,3.293413173652695,0.3427944409477567,334,0.20829922541099838,TRENDING_UP,0.9739954322160009,16.0
2016-05-09,65.95744680851064,3.4354015660732777,3.0395136778115504,0.7635167344374053,329,0.1443851534788898,TRENDING_UP,0.9288991110526076,17.0
2016-05-10,66.95402298850574,4.073128159255613,4.022988505747127,0.4550749819616843,348,0.14618688248399994,TRENDING_UP,0.934159324441782,18.0
2016-05-11,69.91150442477876,3.591753592312085,2.359882005899705,0.2548293492288742,339,0.131087672304299,TRENDING_UP,0.9160505517116104,19.0
2016-05-12,69.25287356321839,4.16718762079313,2.0114942528735633,1.1436484635952753,348,0.12803915708707794,TRENDING_UP,0.9534169829974777,20.0
2016-05-13,71.6374269005848,3.4073069370120384,2.923976608187134,1.2674874730318528,342,0.13594741020441467,TRENDING_UP,0.949451435933685,21.0
2016-05-16,69.29577464788733,3.77201482975356,2.2535211267605635,0.8433703825154844,355,0.1218085947735515,TRENDING_UP,0.9429218302816049,22.0
2016-05-17,67.621776504298,4.119830818930853,2.292263610315186,-0.17491451305847794,349,0.12343415504834969,TRENDING_UP,0.9535402931943722,23.0
2016-05-18,68.55524079320114,3.09449205876139,2.26628895184136,0.8922255488267525,353,0.14627337333843807,TRENDING_UP,0.9585673412869237,24.0
2016-05-19,72.82913165266106,3.799941268754225,2.801120448179272,0.8673257414311226,357,0.14019902628506534,TRENDING_UP,0.9598119670001855,25.0
2016-05-20,74.11764705882354,3.643543878057171,2.0588235294117645,0.08707580393536311,340,0.1397534477335035,TRENDING_UP,0.9493507024404907,26.0
2016-05-23,73.33333333333333,3.3320213610728664,3.1884057971014492,0.34041039153466074,345,0.14872139555577743,TRENDING_UP,0.9531265529969394,27.0
2016-05-24,71.7032967032967,3.5721771260602972,2.7472527472527473,-0.19878799768415298,364,0.14339479423355964,TRENDING_UP,0.9428973261695903,28.0
2016-05-25,73.23943661971832,4.387184122150923,2.8169014084507045,0.7151858788333937,355,0.12641627163315156,TRENDING_UP,0.9209938346982428,29.0
2016-05-26,70.1657458563536,3.6446523114307907,3.591160220994475,-0.183244015983331,362,0.14318955426822716,TRENDING_UP,0.9079712443320497,30.0
2016-05-27,72.1590909090909,3.740864136236384,2.556818181818182,0.6819003806532004,352,0.13190081947019194,TRENDING_UP,0.8797179722387111,31.0
2016-05-30,67.59776536312849,4.840051626262416,2.2346368715083798,-0.6908652535692323,358,0.15514650196409005,TRENDING_UP,0.9176441139692388,32.0
2016-05-31,67.94117647058823,3.590724423571237,2.941176470588235,-0.1021904582270801,340,0.16930532416003644,TRENDING_UP,0.9242306766540342,33.0
2016-06-01,68.5131195335277,3.2012495608439395,2.3323615160349855,1.1394911318651513,343,0.18015044177475148,TRENDING_UP,0.9048746498261764,34.0
2016-06-02,70.11494252873564,6.383166518074658,2.8735632183908044,0.8434607229567265,348,0.19159643546085883,TRENDING_UP,0.8623925531377797,35.0
2016-06-03,72.47956403269755,4.121373403421069,2.997275204359673,1.1157294341883925,367,0.1873653144730046,TRENDING_UP,0.8735983128710769,36.0
2016-06-06,68.57142857142857,3.9067422320875056,4.857142857142857,0.13092176384388343,350,0.191200055205204,TRENDING_UP,0.8633799230943687,37.0
2016-06-07,67.0967741935484,3.6420785040193806,2.903225806451613,-1.0021916376231146,310,0.21677376280387922,TRENDING_UP,0.8496591142184676,38.0
2016-06-08,64.92307692307693,3.004179949182088,3.3846153846153846,-0.31824193730671835,325,0.22244769452048685,TRENDING_UP,0.8541726840339141,39.0
2016-06-09,55.65749235474006,3.3342763212337614,2.1406727828746175,-0.8022794372694058,327,0.2460417437320571,TRENDING_UP,0.8153589032630892,40.0
2016-06-10,47.07792207792208,3.102670487538315,0.974025974025974,-1.7609293334419307,308,0.30500924717481814,TRENDING_UP,0.8887227375200603,41.0
2016-06-13,45.24590163934426,3.647557320574778,1.3114754098360655,-0.5844807453424182,305,0.2935361029581372,TRENDING_UP,0.9271778552491685,42.0
2016-06-14,50.32258064516129,2.888699070049774,1.6129032258064515,0.5581202059722973,310,0.28628609375788094,TRENDING_UP,0.957072319102292,43.0
2016-06-15,52.760736196319016,3.7228165742119965,3.6809815950920246,0.5711158948518216,326,0.28540614522546576,TRENDING_UP,1.0430040350239782,44.0
2016-06-16,52.79503105590062,3.5548110027161504,4.3478260869565215,0.011738625007801333,322,0.2756769931679756,TRENDING_UP,1.0571060291704097,45.0
2016-06-17,53.246753246753244,2.9042066596386573,3.571428571428571,-0.29308742684462497,308,0.27504260015048804,TRENDING_UP,1.0721797542560094,46.0
2016-06-20,51.85185185185185,3.249375778036217,2.356902356902357,-0.2454113199745631,297,0.2913033452119283,TRENDING_UP,1.1055991423926603,47.0
2016-06-21,44.481605351170565,3.055589130495776,2.0066889632107023,-0.4676613102627835,299,0.2846817306693162,TRENDING_UP,1.1106236029333103,48.0
2016-06-22,42.857142857142854,2.748530603882155,2.2222222222222223,-0.6626711483075949,315,0.287040653222805,TRENDING_UP,1.1462725620365908,49.0
2016-06-23,41.55405405405405,3.4623938922347777,1.6891891891891893,0.015229818777409736,296,0.28181254477938167,TRENDING_UP,1.1471370412959512,50.0
2016-06-24,32.594936708860764,3.2182099443728887,1.2658227848101267,-2.046558779951917,316,0.343933365691482,RANGING,1.329292846085627,0.0
2016-06-27,34.23728813559322,3.9228201858846905,1.0169491525423728,-0.4483705610972933,295,0.35513889929297254,RANGING,1.3472321627923878,1.0
2016-06-28,32.075471698113205,4.789628723973788,0.9433962264150944,-0.7525663608335317,318,0.3407989495638704,RANGING,1.3373896171253978,2.0
2016-06-29,42.8125,3.2553539421297595,0.9375,1.9986979957728166,320,0.37514440893601136,TRENDING_UP,1.3443784392179559,0.0
2016-06-30,47.74193548387097,7.544339303194292,1.6129032258064515,0.9540010896339015,310,0.36709820416174005,TRENDING_UP,1.3262547659642272,1.0
2016-07-04,47.766323024054984,3.381852059478427,2.0618556701030926,0.6775919963118797,291,0.4093044697768739,TRENDING_UP,1.292998138371566,2.0
2016-07-11,49.328859060402685,3.303993212148158,4.3624161073825505,0.832641332056549,298,0.4157742247564061,TRENDING_UP,1.323182155110672,3.0
2016-07-12,51.963746223564954,3.4285965616161858,5.438066465256798,1.0676280393444162,331,0.3946877712735444,TRENDING_UP,1.3639582471852325,4.0
2016-07-13,49.705882352941174,3.391989488748518,7.647058823529412,0.01680274302505518,340,0.3814311914946276,TRENDING_UP,1.3699382782758098,5.0
2016-07-14,53.665689149560116,4.496819830422664,4.69208211143695,1.037777798886783,341,0.39191164119478294,TRENDING_UP,1.3883014494230348,6.0
2016-07-15,59.27051671732523,3.4526350717169154,5.47112462006079,0.6814322400935153,329,0.3688950772439415,TRENDING_UP,1.3445038808608782,7.0
2016-07-18,57.1875,3.4884716060214433,3.75,0.22373949812165533,320,0.3606483474473817,TRENDING_UP,1.3317890875277867,8.0
2016-07-19,58.55855855855856,3.1710223908687594,3.6036036036036037,-0.03125263181912056,333,0.3610596938740392,TRENDING_UP,1.2755834902705736,9.0
2016-07-20,55.52147239263804,3.389647250212543,2.7607361963190185,0.2586031685038006,326,0.36760220890178363,TRENDING_UP,1.1835327896336456,10.0
2016-07-21,60.24464831804281,3.1619550289017626,3.3639143730886847,0.5817240087429872,327,0.36542347485555826,TRENDING_UP,1.1315309644974847,11.0
2016-07-22,62.57668711656442,3.345307246675956,3.6809815950920246,0.19217566629559762,326,0.35089045074846575,TRENDING_UP,1.1339075771267646,12.0
2016-07-25,57.961783439490446,3.3121593403322023,4.140127388535031,-0.2317273420701699,314,0.36033809767048536,TRENDING_UP,1.0931068561346635,13.0
2016-07-26,60.182370820668694,3.0372952060075473,3.64741641337386,0.15422114971737003,329,0.3571960868150453,TRENDING_UP,1.0807684713108179,14.0
2016-07-27,57.738095238095234,2.857208980072478,3.869047619047619,-0.04350829251914379,336,0.342968424606227,TRENDING_UP,1.068503412073094,15.0
2016-07-28,52.616279069767444,3.683483376660112,4.3604651162790695,-0.025748036232050638,344,0.33416309671881134,TRENDING_UP,1.0853181409805894,16.0
2016-07-29,61.016949152542374,3.070423150078847,4.067796610169491,0.12989432393132375,295,0.3083475507929833,TRENDING_UP,0.9410690731471388,17.0
2016-08-01,62.797619047619044,2.80517831180119,5.357142857142857,0.6582891913544549,336,0.27467817826834917,TRENDING_UP,0.9140996225186354,18.0
2016-08-02,63.44410876132931,2.6804601041971914,4.833836858006042,0.4849304976691837,331,0.2648096157552949,TRENDING_UP,0.8869885160780204,19.0
2016-08-03,62.89855072463768,3.0160354593836125,5.797101449275362,0.29964753817353496,345,0.1909976634565401,TRENDING_UP,0.8297505841109715,20.0
2016-08-04,63.18840579710145,3.4388260766185197,5.507246376811594,-0.07745883936092539,345,0.19680455136247443,TRENDING_UP,0.8540866536364269,21.0
2016-08-05,64.52599388379205,3.500310218428192,3.9755351681957185,0.6390347095534112,327,0.18877808819924058,TRENDING_UP,0.8375367889635532,22.0
2016-08-08,62.5,3.7032954243024547,4.3604651162790695,0.2880992451294772,344,0.17640705013353752,TRENDING_UP,0.7735451539498395,23.0
2016-08-09,66.08187134502924,4.87445950271751,3.216374269005848,1.1632400230559998,342,0.13793905640869036,TRENDING_UP,0.7142158411303433,24.0
2016-08-10,68.85714285714286,4.214462029911556,2.2857142857142856,0.9166889049631144,350,0.1296219428042073,TRENDING_UP,0.7024452166363363,25.0
2016-08-11,70.08547008547008,4.093311226754931,3.7037037037037033,0.819365958881577,351,0.1258621012472009,TRENDING_UP,0.679103447929838,26.0
2016-08-12,73.01136363636364,3.6632515136977877,4.829545454545454,0.5903822798054082,352,0.1155913515912317,TRENDING_UP,0.6723887957293393,27.0
2016-08-15,72.62247838616715,3.5855171083360267,4.899135446685879,0.9171346431318681,347,0.1282565394919309,TRENDING_UP,0.649463209571098,28.0
2016-08-16,73.52112676056338,4.206870189190663,4.788732394366197,0.5585051230615419,355,0.12526300420433323,TRENDING_UP,0.6519622763149326,29.0
2016-08-17,75.06775067750678,4.955289481824875,5.420054200542006,0.4840677339581214,369,0.12304689945629275,TRENDING_UP,0.6323481833123975,30.0
2016-08-18,71.26760563380282,4.969930786578879,3.943661971830986,-1.2354298554053218,355,0.17380835668275454,TRENDING_UP,0.6594658949189367,31.0
2016-08-19,72.28915662650603,3.6507742443608917,1.8072289156626504,-0.019971843810885154,332,0.1756830983262264,RANGING,0.6726827561553331,0.0
2016-08-22,69.67930029154519,4.82235927197278,2.623906705539359,0.48443253805989134,343,0.1653449687881797,RANGING,0.6893845220038036,1.0
2016-08-23,69.85074626865672,3.8804418127729625,2.0895522388059704,0.12493636929073719,335,0.1620257988080247,RANGING,0.6975232860552188,2.0
2016-08-24,71.67630057803468,4.585756267014542,4.046242774566474,1.107926784853764,346,0.17542182014205457,RANGING,0.6602153362806903,3.0
2016-08-25,77.50677506775068,5.0782505387692165,6.775067750677506,1.7127809060769614,369,0.20220605188952706,TRENDING_UP,0.6520540509297071,0.0
2016-08-26,81.31868131868131,3.9917799420650772,5.21978021978022,0.8899933044550941,364,0.20292972176756985,TRENDING_UP,0.633931679803239,1.0
2016-08-29,76.1038961038961,4.056045715560941,5.194805194805195,0.6269371956548784,385,0.19358660094092595,TRENDING_UP,0.6058488339960356,2.0
2016-08-30,75.78947368421053,3.6666749457014562,6.842105263157896,0.699258989854416,380,0.19300348207058993,TRENDING_UP,0.6006457825468686,3.0
2016-08-31,75.19788918205805,4.555127388547463,6.33245382585752,1.2459502598824592,379,0.1885336211962691,TRENDING_UP,0.6051244449200424,4.0
2016-09-01,78.01047120418848,4.092761568601175,7.591623036649215,1.101764209575757,382,0.18954933624113626,TRENDING_UP,0.574450528918055,5.0
2016-09-02,73.98373983739837,3.7119453610883064,7.588075880758807,0.11360606242490034,369,0.191959477471607,RANGING,0.5968949426892167,0.0
2016-09-05,71.8232044198895,3.6742390979950117,6.906077348066299,0.0111122043132874,362,0.19706296672559212,RANGING,0.6283703569239963,1.0
2016-09-06,76.16438356164383,3.511308363337287,7.9452054794520555,0.5887493925924964,365,0.19485117301824656,TRENDING_UP,0.6545659915084717,0.0
2016-09-07,78.06788511749347,4.285499530285933,10.182767624020887,1.7477687762415826,383,0.21462088808487728,TRENDING_UP,0.6758435289923598,1.0
2016-09-08,78.15789473684211,4.214123552585491,11.578947368421053,0.8765273228110452,380,0.2079788060749505,TRENDING_UP,0.6834192351034313,2.0
2016-09-09,78.81136950904393,6.300605120762684,12.144702842377262,1.5060480038370667,387,0.2206833616471565,TRENDING_UP,0.6878790725784156,3.0
2016-09-15,79.07608695652173,75.61568417319378,10.597826086956522,5.419118335294301,368,0.1581725351933362,TRENDING_UP,0.6931173515249386,4.0
2016-09-16,80.64516129032258,5.418454489167748,15.591397849462366,2.250016290000329,372,0.17056972945428533,TRENDING_UP,0.6996438382228768,5.0
2016-09-19,78.57142857142857,5.195280415546127,16.502463054187192,2.558673843141492,406,0.1813426856128744,TRENDING_UP,0.6990757328023053,6.0
2016-09-20,81.3953488372093,4.428024138223626,16.27906976744186,0.029127884729070685,387,0.1577005836277632,TRENDING_UP,0.6888307669272977,7.0
2016-09-21,76.74418604651163,4.5280837040943664,8.010335917312661,-3.327744142246125,387,0.2688420923786213,RANGING,0.7408196639697555,0.0
2016-09-22,78.49740932642487,5.085510540200134,6.994818652849741,2.9107693479567,386,0.27851147599094545,TRENDING_UP,0.7663052808113364,0.0
2016-09-23,77.40963855421687,5.195808881400788,8.433734939759036,-0.4403283126235126,332,0.30614864141957376,RANGING,0.7967558151372683,0.0
2016-09-26,79.00262467191601,4.409109947812419,8.398950131233596,2.081233438925779,381,0.29484563036501976,TRENDING_UP,0.8270045120977337,0.0
2016-09-27,78.0361757105943,4.067608974505211,9.30232558139535,0.059061650138167866,387,0.28613290066009817,TRENDING_UP,0.8114059578531819,1.0
2016-09-28,78.59007832898173,3.566558354770443,9.39947780678851,-0.05323021373192175,383,0.29402572244022646,TRENDING_UP,0.8228877101287548,2.0
2016-09-29,75.43424317617865,4.077959152317623,10.421836228287841,-0.7691771189953556,403,0.30260783921842255,TRENDING_UP,0.8913645983474119,3.0
2016-09-30,79.21052631578948,3.771883702610149,7.368421052631578,1.2812150878734823,380,0.30485357943532126,TRENDING_UP,0.9100309038989646,4.0
2016-10-03,82.38213399503722,4.330152199080238,12.158808933002481,1.7238140911393565,403,0.3033124149358303,TRENDING_UP,0.9412484314884676,5.0
2016-10-04,83.41836734693877,3.9314887156567333,11.224489795918368,0.6439583666434034,392,0.3102737854244627,TRENDING_UP,0.9422387964975191,6.0
2016-10-05,83.6272040302267,4.7489130904194425,16.876574307304786,1.7014799432933507,397,0.3052834342044419,TRENDING_UP,0.9371080631782177,7.0
2016-10-06,81.38957816377172,4.2457564835987744,15.384615384615385,0.47996492547817854,403,0.2971937583321556,TRENDING_UP,0.9211321489269558,8.0
2016-10-07,83.63636363636363,3.6906307305092114,10.38961038961039,0.44123067266789073,385,0.3109246457561579,TRENDING_UP,0.889551529496746,9.0
2016-10-10,85.3904282115869,3.5091626441426707,12.594458438287154,1.197741547268774,397,0.2957897729735222,TRENDING_UP,0.8621359256129326,10.0
2016-10-13,83.70927318295739,3.8865879001447876,14.786967418546364,-0.11481951688429723,399,0.2992543683892499,TRENDING_UP,0.8685203626771374,11.0
2016-10-14,83.33333333333334,3.4305099710034206,9.114583333333332,0.05323332409982556,384,0.30023022608402145,TRENDING_UP,0.8742723561540062,12.0
2016-10-17,83.7150127226463,3.5622623982168276,8.651399491094146,-0.3767314918313572,393,0.3486355314631616,TRENDING_UP,0.8934718933248617,13.0
2016-10-18,79.69151670951156,4.31195552112119,6.683804627249357,-0.51462401392826,389,0.35842393603989453,TRENDING_UP,0.9330723427280547,14.0
2016-10-19,77.80748663101605,3.879654309890587,6.951871657754011,0.2882683365819766,374,0.36363106900143183,TRENDING_UP,0.9589816670551938,15.0
2016-10-20,79.49367088607595,4.125515884875119,10.126582278481013,1.3268915659327356,395,0.36868633728415373,TRENDING_UP,0.9909726459498496,16.0
2016-10-21,78.6842105263158,4.38597372065964,8.947368421052632,0.14640693130013457,380,0.3215626400987727,TRENDING_UP,0.9528272573752016,17.0
2016-10-24,71.12299465240642,3.5966742803632235,4.81283422459893,-1.9165655733544278,374,0.34194918536315294,RANGING,0.9569867152256599,0.0
2016-10-25,66.66666666666666,3.582858628143352,3.8567493112947657,-1.2747797467564435,363,0.34086460936876106,RANGING,0.9875846196567849,1.0
2016-10-26,63.58695652173913,3.36797286244333,5.163043478260869,-0.7387662405872553,368,0.32893260847878336,RANGING,0.9933313280764052,2.0
2016-10-27,48.02110817941953,4.191639189651927,2.9023746701846966,-3.7256050151197253,379,0.39342245705756196,RANGING,1.0578893654011763,3.0
2016-10-28,45.40389972144847,3.556858393784831,1.9498607242339834,-0.7931870047814605,359,0.39716177978653816,RANGING,1.0939891976701985,4.0
2016-10-31,47.22222222222222,4.084196816845877,2.7777777777777777,0.6242082441527977,360,0.39568396889697377,RANGING,1.0515846556761672,5.0
2016-11-01,66.15776081424937,5.581637752367259,3.5623409669211195,4.723252400237213,393,0.46278469389444243,TRENDING_UP,1.1550968562370802,0.0
2016-11-02,70.30456852791879,4.497823974868754,7.1065989847715745,1.4142799633285434,394,0.4514875825991505,TRENDING_UP,1.1512933383641495,1.0
2016-11-03,66.0574412532637,8.067921281224818,7.049608355091384,0.5285907096829366,383,0.45680154683068175,TRENDING_UP,1.1681579703467324,2.0
2016-11-04,64.75195822454309,3.3538682501163763,8.355091383812011,0.13026125553988438,383,0.44824519990888395,TRENDING_UP,1.1739201406448547,3.0
2016-11-07,68.84816753926701,3.6177998596989593,8.115183246073299,1.7537282520324118,382,0.4779367227405059,TRENDING_UP,1.1881638713481018,4.0
2016-11-08,70.0,3.2396903660070624,9.487179487179487,-0.009286853222392186,390,0.4734266279854261,TRENDING_UP,1.2069622602128391,5.0
2016-11-09,67.20430107526882,2.9477525834033083,7.795698924731183,0.41409794633174374,372,0.4815269839434746,TRENDING_UP,1.2811220267071837,6.0
2016-11-10,71.68831168831169,3.8224543759664145,11.688311688311687,1.4930132020891373,385,0.4762889891203889,TRENDING_UP,1.298578891574302,7.0
2016-11-11,69.66580976863753,3.868618017645979,9.254498714652955,0.5441070087988438,389,0.47329436109990225,TRENDING_UP,1.3075087656409292,8.0
2016-11-14,69.39313984168865,3.2357561476736247,7.387862796833773,-0.1523237902504049,379,0.476513426720013,TRENDING_UP,1.357407116081883,9.0
2016-11-15,66.66666666666666,2.790328195790985,5.277777777777778,0.018941102357823394,360,0.4747299208067111,TRENDING_UP,1.349419414759106,10.0
2016-11-16,68.43501326259947,3.283098920024047,5.039787798408488,0.04248241578629501,377,0.4677595301764261,TRENDING_UP,1.3308243211152033,11.0
2016-11-17,69.68085106382979,3.218198912918349,5.319148936170213,0.831372782560212,376,0.4737913983151353,TRENDING_UP,1.2640503350482653,12.0
2016-11-18,66.4021164021164,3.5040233115010926,5.82010582010582,0.20163340495458404,378,0.476691639100824,TRENDING_UP,1.2557147157208026,13.0
2016-11-21,68.97506925207756,3.168522792475133,6.64819944598338,0.7386841552577259,361,0.4764960663247646,TRENDING_UP,1.2199215627874718,14.0
2016-11-22,72.0626631853786,3.040023902250894,7.5718015665796345,0.9244441500777199,383,0.4586174665577173,TRENDING_UP,1.1713218229303257,15.0
2016-11-23,73.62924281984334,3.5026659629909025,7.310704960835509,0.8422711042921774,383,0.4513868361030768,TRENDING_UP,1.145987904250295,16.0
2016-11-24,74.74747474747475,4.346258670922793,12.878787878787879,1.2602124944731516,396,0.3941912536774831,TRENDING_UP,1.1043282460681352,17.0
2016-11-25,77.04485488126649,4.862344926312427,10.817941952506596,1.3688630690436858,379,0.3841610852579377,TRENDING_UP,1.0606979217975203,18.0
2016-11-28,76.57430730478589,5.52775964779614,11.335012594458437,1.637993305310994,397,0.36897655607344376,TRENDING_UP,1.0361022844258705,19.0
2016-11-29,75.70332480818415,4.288792970751857,10.997442455242968,-0.07384886106609115,391,0.23255797044666152,TRENDING_UP,0.9298147427067676,20.0
2016-11-30,74.27055702917772,3.5216913370062306,7.427055702917771,-0.138792769695614,377,0.21983698955653572,TRENDING_UP,0.8896361230030138,21.0
2016-12-01,74.4186046511628,4.172583917278718,9.043927648578812,0.4999964271814283,387,0.2169224726736222,TRENDING_UP,0.9131044184494213,22.0
2016-12-02,77.89473684210526,3.7684273324571556,10.789473684210527,1.2218936907692415,380,0.21755349103857663,TRENDING_UP,0.9146793803687915,23.0
2016-12-05,77.74869109947645,3.4504301337509244,8.37696335078534,0.4607940646095781,382,0.17708386386460187,TRENDING_UP,0.918921526466524,24.0
2016-12-06,80.1526717557252,3.4107775345542297,8.142493638676845,0.43643960926172454,393,0.17191345051511883,TRENDING_UP,0.9199321710249456,25.0
2016-12-07,78.4776902887139,3.1969048564912996,8.661417322834646,-0.3280978328816375,381,0.17188659698844722,TRENDING_UP,0.8644377715333791,26.0
2016-12-08,72.95081967213115,3.2658895089406794,7.103825136612022,-0.5846027050538514,366,0.16689793980047565,TRENDING_UP,0.8396555092108127,27.0
2016-12-09,76.26666666666667,3.4668101658404322,9.066666666666666,0.5371288810402389,375,0.17174760059630087,TRENDING_UP,0.8598707169395444,28.0
2016-12-13,72.39583333333334,4.445258122266387,9.635416666666668,-0.7037839953652952,384,0.1639519268314643,TRENDING_UP,0.8565766981428928,29.0
2016-12-14,70.2127659574468,3.1109807254684663,6.382978723404255,-0.04023620331171573,376,0.1644166276184513,TRENDING_UP,0.8804874367953247,30.0
2016-12-15,72.0316622691293,3.570027340873345,7.651715039577836,0.3610633857632696,379,0.16596207743507588,TRENDING_UP,0.9014891599895162,31.0
2016-12-16,71.54471544715447,3.181239598587683,7.046070460704606,0.24182500487770459,369,0.1570391444592103,TRENDING_UP,0.9221655772849909,32.0
2016-12-19,70.26315789473684,3.1711527592589355,7.894736842105263,0.1810143339701645,380,0.16601854679613487,TRENDING_UP,0.9400463456614262,33.0
2016-12-20,69.64285714285714,3.1166385626729545,8.418367346938775,-0.30688698631961125,392,0.1673272238184174,TRENDING_UP,0.971906199653208,34.0
2016-12-21,67.37400530503979,3.0723001763089783,5.305039787798409,-0.8363372973473243,377,0.17736523753862482,TRENDING_UP,1.0479725731173208,35.0
2016-12-22,64.40217391304348,3.1102686290086283,6.25,-0.6258584681815129,368,0.18813806545214282,TRENDING_UP,1.0757084937016825,36.0
2016-12-23,66.75977653631286,3.6171201038265215,6.424581005586592,0.4048113658543035,358,0.19319887168176494,TRENDING_UP,1.0848106713579506,37.0
2016-12-26,65.14285714285715,3.1680963043251915,6.2857142857142865,0.1967521841190314,350,0.1997896977510016,TRENDING_UP,1.0967401182230008,38.0
2016-12-27,68.21917808219177,3.845495024338115,5.47945205479452,0.37859872873160005,365,0.18235335238338646,TRENDING_UP,1.1036377086589286,39.0
2016-12-28,67.3913043478261,3.12839093922682,5.434782608695652,0.5485777344792225,368,0.19556759147456798,TRENDING_UP,1.1043607509431272,40.0
2016-12-29,71.61125319693095,3.0344241188273355,7.161125319693094,1.5152089826250899,391,0.21533122116415815,TRENDING_UP,1.0991298740041768,41.0
2016-12-30,71.54471544715447,3.1129666608417312,10.840108401084011,0.4322638726697017,369,0.22004204825021537,TRENDING_UP,1.0588571080744078,42.0
2017-01-02,75.1937984496124,3.4395457818135364,10.335917312661499,1.0690565509527223,387,0.2219281103143079,TRENDING_UP,1.0663049634040263,43.0
2017-01-03,75.12820512820512,3.0001163553808095,11.794871794871794,0.12183381391227163,390,0.22025381229827612,TRENDING_UP,1.1038000063488747,44.0
2017-01-04,75.84415584415585,3.0236075887564975,7.792207792207792,-0.17497697012278804,385,0.2243862537301266,TRENDING_UP,1.100099804968649,45.0
2017-01-05,78.125,3.835960333498917,5.729166666666666,0.9741212270587775,384,0.227926978929177,TRENDING_UP,1.0846964186409431,46.0
2017-01-06,78.6082474226804,3.224909725797241,10.56701030927835,1.1039091347335042,388,0.23875490064522487,TRENDING_UP,1.0777295591623104,47.0
2017-01-09,81.79551122194513,3.60449377166406,10.723192019950124,1.1713879711726074,401,0.22608465347686085,TRENDING_UP,1.0466021104250645,48.0
2017-01-10,78.27225130890052,3.4351570802653195,8.37696335078534,0.42867340622803435,382,0.2315791869583506,TRENDING_UP,1.0117026656071675,49.0
2017-01-11,81.34715025906736,4.034667359992105,12.953367875647666,0.7948589652204675,386,0.21997099079539315,TRENDING_UP,0.9895283928412298,50.0
2017-01-12,81.59203980099502,3.9188919409281153,14.427860696517413,0.5381260974590042,402,0.22338636299548606,TRENDING_UP,0.9805880887016241,51.0
2017-01-13,76.51515151515152,3.2492905392172715,10.353535353535353,-0.20171790572207815,396,0.2211883262522724,TRENDING_UP,0.9956675912660929,52.0
2017-01-16,76.50130548302873,3.2421947781628053,7.310704960835509,-0.47034356164095814,383,0.22834426852765197,TRENDING_UP,1.0111561932510171,53.0
2017-01-17,72.22222222222221,3.318194921733321,5.555555555555555,-0.37668522965554624,378,0.2339351604868269,TRENDING_UP,1.0484432086756743,54.0
2017-01-18,72.1938775510204,3.0773595605181225,8.418367346938775,0.23785709755534123,392,0.2161938099857474,TRENDING_UP,0.9965418923194511,55.0
2017-01-19,75.12953367875647,3.221893860331019,10.362694300518134,1.3207424107321495,386,0.21568686538225681,TRENDING_UP,0.9776691553525131,56.0
2017-01-20,77.29591836734694,3.187666740919634,14.795918367346939,0.93982960623092,392,0.20704106909590542,TRENDING_UP,0.9777284759210174,57.0
2017-01-23,78.16377171215882,3.488963753932392,16.87344913151365,1.2749532692362242,403,0.21144372112099868,TRENDING_UP,0.9967794245669999,58.0
2017-01-24,78.42639593908629,3.4443711978959075,17.258883248730964,0.3500782898655094,394,0.20703356321806035,TRENDING_UP,1.0083658001813958,59.0
2017-01-25,76.28865979381443,3.0842441555900546,16.237113402061855,0.2615721114691469,388,0.21172281040728333,TRENDING_UP,1.0028966912442296,60.0
2017-01-26,76.14213197969542,3.1917514384045047,13.705583756345177,0.7205604197646787,394,0.1970844591478214,TRENDING_UP,1.0269341788272186,61.0
2017-01-27,72.7979274611399,3.274148331907821,15.284974093264248,-0.619721349990297,386,0.2116955343210049,TRENDING_UP,1.1000991318309274,62.0
2017-01-30,66.32390745501286,3.4436102961942043,9.254498714652955,-2.0158866969032476,389,0.2919383616315308,RANGING,1.2195674529080178,0.0
2017-01-31,62.87262872628726,3.5952024233582893,5.420054200542006,-0.48827857149231835,369,0.30833474327313876,RANGING,1.2018837241402245,1.0
2017-02-01,65.95744680851064,3.205129139649231,6.648936170212766,1.7294025551862469,376,0.32500107980795767,TRENDING_UP,1.217734359487432,0.0
2017-02-02,65.11627906976744,3.7326462778120906,8.527131782945736,0.06424457215202606,387,0.3227417026791483,TRENDING_UP,1.2349139662428836,1.0
2017-02-03,61.96808510638297,3.3547093294102335,5.319148936170213,-0.5832905165476848,376,0.3310803936657679,TRENDING_UP,1.2335723163147518,2.0
2017-02-06,61.21372031662269,4.485102613609631,5.013192612137203,0.23932797789262766,379,0.3244660138183839,TRENDING_UP,1.2079579222583747,3.0
2017-02-07,65.25198938992042,3.7242894629740126,5.835543766578249,1.2179383327428284,377,0.3354004319327218,TRENDING_UP,1.1953174717941792,4.0
2017-02-08,65.71428571428571,3.4659968080482746,6.233766233766234,0.8535677398209299,385,0.32763408174971076,TRENDING_UP,1.1690515641516304,5.0
2017-02-09,64.28571428571429,3.2598445640269347,9.183673469387756,0.2655291262441499,392,0.33042975383692413,TRENDING_UP,1.166111146175524,6.0
2017-02-10,61.35770234986945,3.2432023534283907,8.616187989556137,-0.07700393498155023,383,0.33882062616577563,TRENDING_UP,1.1382956221602443,7.0
2017-02-13,59.390862944162436,3.640016468545299,7.614213197969544,-0.17499293016006626,394,0.3281497622311103,TRENDING_UP,1.1288159480827116,8.0
2017-02-14,55.91397849462365,3.1658016865910024,5.64516129032258,-0.36602954612915295,372,0.3430832055399254,TRENDING_UP,1.0945054755162504,9.0
2017-02-15,51.344086021505376,3.3669754370086133,5.913978494623656,-0.7822196791820455,372,0.35345980897914425,RANGING,1.1429619326961848,0.0
2017-02-16,54.93333333333334,3.228669078988513,6.133333333333333,1.212962740998858,375,0.3456917088506972,TRENDING_UP,1.144656098313512,0.0
2017-02-17,56.315789473684205,4.031521197073649,7.631578947368421,1.141638503247416,380,0.33352191031654593,RANGING,1.1618759507458203,0.0
2017-02-20,51.53846153846153,3.536271306597643,8.974358974358974,-0.8802662847817218,390,0.3339001348464313,RANGING,1.1902206702266442,1.0
2017-02-21,50.402144772117964,5.279668172177837,3.2171581769436997,-0.24717959755533803,373,0.333954125472102,RANGING,1.1895377525574236,2.0
2017-02-22,44.70284237726098,3.335658826277518,2.5839793281653747,-1.636389520959409,387,0.35565810817468796,RANGING,1.1980537609492505,3.0
2017-02-23,42.54742547425474,2.9374751116630278,2.710027100271003,-0.31077433601928506,369,0.34717759359234096,RANGING,1.2033516189429483,4.0
2017-02-24,42.54742547425474,3.326800195906786,2.710027100271003,-0.8109807903686546,369,0.3457778552964229,RANGING,1.1380021910712903,5.0
2017-02-27,32.51366120218579,3.1228949142282656,1.092896174863388,-2.1447179389026463,366,0.34218982733825276,RANGING,1.053928473900339,6.0
2017-02-28,33.33333333333333,3.6138701569466667,1.092896174863388,-0.6218374519331011,366,0.3318511125947051,RANGING,1.0225102984017647,7.0
2017-03-01,38.482384823848236,3.842947424055459,1.3550135501355014,1.7234300572441743,369,0.33323301509459574,RANGING,0.9882397510132208,8.0
2017-03-02,43.455497382198956,3.493850558923519,2.8795811518324608,1.4832831926863248,382,0.35002560018205703,TRENDING_UP,0.9972748353592452,0.0
2017-03-03,41.208791208791204,3.019456290772718,4.395604395604396,-0.041455675320586166,364,0.3504715636477099,TRENDING_UP,0.9967412820579444,1.0
2017-03-06,38.243626062322946,2.8498031349079818,3.1161473087818696,-0.9240351678272053,353,0.36031105262177926,RANGING,1.0299871204325506,0.0
2017-03-07,35.79545454545455,2.878160660233317,1.4204545454545454,-0.7297336532607502,352,0.3524086680425808,RANGING,1.0315026213932443,1.0
2017-03-08,40.833333333333336,3.1502377690675307,2.7777777777777777,0.33893123937595265,360,0.3476153551021164,RANGING,1.0315845411249402,2.0
2017-03-09,34.24657534246575,2.651470878473929,3.287671232876712,-1.2401368856628636,365,0.3603093844058558,RANGING,1.0620076675701755,3.0
2017-03-10,34.20289855072463,3.1838408133237124,0.8695652173913043,-0.8788376656590269,345,0.36802926009095555,RANGING,1.082555509816176,4.0
2017-03-13,28.735632183908045,3.3720774525324964,0.8620689655172413,-1.3341003122980497,348,0.37846993922745836,RANGING,1.115658138447029,5.0
2017-03-14,26.685393258426966,2.9307382604616903,0.8426966292134831,-0.7768427027082768,356,0.3692802930168436,RANGING,1.1278411654448994,6.0
2017-03-15,28.53107344632768,3.683086657634042,1.1299435028248588,-0.41550895962758044,354,0.3720865389801591,RANGING,1.1057081515833573,7.0
2017-03-16,26.36103151862464,2.77936078848531,0.5730659025787965,-0.36493131498551984,349,0.35704980458205,RANGING,1.1098887422276302,8.0
2017-03-17,27.405247813411076,3.3029703657376603,0.5830903790087464,0.6557002934032956,343,0.3703742391938544,RANGING,1.093065699084989,9.0
2017-03-20,30.225988700564972,3.1166345914488827,1.1299435028248588,0.5853523722426265,354,0.36922416112843465,RANGING,1.0456048700501959,10.0
2017-03-21,33.060109289617486,2.925262249969465,1.092896174863388,1.3464570481039018,366,0.37575575869840155,TRENDING_UP,1.0321018616607303,0.0
2017-03-22,34.13978494623656,3.236332950491021,2.1505376344086025,0.8193334700895174,372,0.3642958426282777,TRENDING_UP,0.9878492655271786,1.0
2017-03-24,34.26183844011142,3.542489020044722,1.9498607242339834,0.6915257163241899,359,0.37212870867345454,RANGING,0.9399277736540254,0.0
2017-03-27,29.565217391304348,3.081832937726417,2.0289855072463765,-0.6318363741872882,345,0.38106109898412505,RANGING,0.9543374549303028,1.0
2017-03-28,31.339031339031337,3.3678674875740233,3.133903133903134,0.06412447733315445,351,0.3559717031536327,RANGING,0.9166173605688452,2.0
2017-03-29,31.63841807909605,3.093639209887358,3.954802259887006,0.18249429412653378,354,0.36082955951384094,RANGING,0.9277936018611006,3.0
2017-03-30,26.436781609195403,2.796861670021057,2.8735632183908044,-1.1313872679515171,348,0.3429123380889129,RANGING,0.9535409566723859,4.0
2017-03-31,28.24207492795389,3.1179911653864014,2.5936599423631126,0.6660785664227726,347,0.32088716336710066,RANGING,0.927605385255771,5.0
2017-04-03,29.142857142857142,3.0940452026401966,2.857142857142857,-0.39239036266816063,350,0.3075483817217155,RANGING,0.9191979721218583,6.0
2017-04-04,26.843657817109147,3.6691930107141046,1.4749262536873156,-0.3232190895086044,339,0.31079190784380467,RANGING,0.9028773485148266,7.0
2017-04-05,21.875,2.832729707076662,1.9886363636363635,-1.690504878222277,352,0.3386697673418358,RANGING,0.9482639939080187,8.0
2017-04-06,20.35928143712575,3.1106728632657545,1.4970059880239521,-0.5349943632151098,334,0.33753554033411065,RANGING,0.9550833463551002,9.0
2017-04-07,24.277456647398843,2.94206388216709,1.4450867052023122,0.8636677215292781,346,0.3441912028966743,RANGING,0.9410470423812212,10.0
2017-04-10,20.606060606060606,3.0273710661117454,2.1212121212121215,-0.4418860541398385,330,0.34435303596597994,RANGING,0.9354347198076047,11.0
2017-04-11,28.40909090909091,3.1101906564203032,1.4204545454545454,0.854724951368275,352,0.3331175800039315,RANGING,0.8977738270638776,12.0
2017-04-12,30.362116991643457,2.988480020086703,2.2284122562674096,0.6650576848316574,359,0.323798930881821,RANGING,0.8596028747807858,13.0
2017-04-13,25.280898876404496,3.5652602833150504,1.9662921348314606,-0.933574385046941,356,0.3318355314416654,RANGING,0.8776473610955284,14.0
2017-04-14,24.853801169590643,3.3538336404070326,1.7543859649122806,-0.47465523092669626,342,0.34276388512578443,RANGING,0.8683302415071478,15.0
2017-04-17,21.893491124260358,3.5149615148159064,1.4792899408284024,-1.6211932125537487,338,0.37556147934919676,RANGING,0.9291063874214021,16.0
2017-04-18,22.71386430678466,3.327559834638674,0.8849557522123894,-0.5084880664990719,339,0.3657617180716745,RANGING,0.9369715262306473,17.0
2017-04-19,24.705882352941178,3.111823714775339,1.1764705882352942,0.41541770465775485,340,0.33949870507913515,RANGING,1.0576800267543478,18.0
2017-04-20,30.05464480874317,3.6012748978386537,3.278688524590164,2.295175794758086,366,0.38905559979668314,RANGING,1.2346133519997322,19.0
2017-04-21,42.51968503937008,4.575767139867021,4.4619422572178475,2.2042966657389056,381,0.4094188694113694,RANGING,1.2900642041173935,20.0
2017-04-24,44.086021505376344,3.4066225271620745,6.720430107526881,1.014248881358933,372,0.41892004596185073,RANGING,1.2994408288528416,21.0
2017-04-25,40.7202216066482,3.390956633004776,6.9252077562326875,-0.45954813322542637,361,0.4247751643620218,TRENDING_UP,1.366070458331268,0.0
2017-04-26,43.90243902439025,3.3445391629547396,5.691056910569105,0.09746498086424084,369,0.40889386090800917,TRENDING_UP,1.3385557496250577,1.0
2017-04-27,41.22340425531915,3.559257632380263,6.382978723404255,0.1912503045046266,376,0.3935390072404202,TRENDING_UP,1.3256345275121921,2.0
2017-04-28,42.57703081232493,3.2260525123646056,4.761904761904762,-0.05496702270843541,357,0.39901933950500224,TRENDING_UP,1.3107772880413955,3.0
2017-05-02,33.04843304843305,3.38930092331453,1.9943019943019942,-1.3675695614527306,351,0.41143578256788527,RANGING,1.3658131479076987,0.0
2017-05-03,33.62068965517241,3.6484380966616405,3.1609195402298855,-0.1602905003835293,348,0.40642403185459436,RANGING,1.381002091548344,1.0
2017-05-04,36.46112600536193,4.061698017673512,3.2171581769436997,0.527365646820111,373,0.3878831643117619,TRENDING_UP,1.3758825443899863,0.0
2017-05-05,40.48913043478261,3.1606894958929117,3.532608695652174,0.8536525211020731,368,0.38877945479737946,TRENDING_UP,1.409181697586395,1.0
2017-05-08,46.35416666666667,3.2986411315388806,5.208333333333334,1.0935043543783658,384,0.38290361484484486,TRENDING_UP,1.4303994961511448,2.0
2017-05-09,46.99738903394256,3.6149044701906017,6.266318537859007,0.2154094969778129,383,0.38377228337422986,TRENDING_UP,1.4450531140243188,3.0
2017-05-10,49.714285714285715,3.113025384844258,4.857142857142857,0.5927961211149027,350,0.39143128628126705,TRENDING_UP,1.4429922942700828,4.0
2017-05-11,51.92307692307693,3.3861897788346265,4.670329670329671,1.1360370355313403,364,0.3798038440433428,TRENDING_UP,1.447228746698412,5.0
2017-05-12,53.116531165311656,4.321939093065025,6.504065040650407,0.5314162279471303,369,0.3715369355490675,TRENDING_UP,1.4140533953895682,6.0
2017-05-15,53.645833333333336,3.192216841847416,7.03125,0.21721335228432803,384,0.3631129641911815,TRENDING_UP,1.4387137709549929,7.0
2017-05-16,52.800000000000004,3.321484491242911,5.866666666666666,0.2825156037038589,375,0.3381068470929662,TRENDING_UP,1.470473059080129,8.0
2017-05-17,52.800000000000004,3.62171990382298,5.6000000000000005,0.799304592254077,375,0.32976916913659815,TRENDING_UP,1.4916996059707925,9.0
2017-05-18,57.21784776902887,3.5802284170786187,6.036745406824147,0.6910793750570144,381,0.3220583481755219,TRENDING_UP,1.4126590078615906,10.0
2017-05-19,62.40409207161125,4.335314988984923,5.3708439897698215,2.0069476541775533,391,0.28815929555036807,TRENDING_UP,1.2597456191642296,11.0
2017-05-22,63.46666666666667,3.4206440933041438,7.199999999999999,1.1523307884566718,375,0.2537628085747879,TRENDING_UP,1.2157257699542021,12.0
2017-05-23,67.84810126582278,4.327379226601377,9.367088607594937,1.7613416145983436,395,0.2511955466647221,TRENDING_UP,1.221927180045166,13.0
2017-05-24,65.47314578005115,3.7475074283114744,10.741687979539643,-0.5117892077546432,391,0.23843323566563443,TRENDING_UP,1.2222887084347152,14.0
2017-05-25,64.9867374005305,3.5290636054949087,7.427055702917771,-0.4652892102222621,377,0.2455801260450554,TRENDING_UP,1.2305819609635191,15.0
2017-05-26,65.70680628272252,3.243516506417623,8.115183246073299,0.028451271383099254,382,0.2308246815531592,TRENDING_UP,1.2318076663752968,16.0
2017-05-29,60.281690140845065,2.924792926503972,6.478873239436619,-1.0250276785202037,355,0.2604246840534793,TRENDING_UP,1.2687638212543786,17.0
2017-05-30,54.59610027855153,2.8953629548814046,5.571030640668524,-1.56017366331831,359,0.25433868488601935,TRENDING_UP,1.3398963251236642,18.0
2017-05-31,48.59550561797753,3.5900982929111,4.213483146067416,-1.0019264334272746,356,0.2675767147089065,RANGING,1.4455936038355777,0.0
2017-06-01,37.533512064343164,2.66147376848256,2.949061662198391,-2.9526782346826534,373,0.3800205354644781,VOLATILE,1.6529338073722002,0.0
2017-06-02,40.0,3.110290855694106,2.3880597014925375,-0.18440949615507338,335,0.3774400692333485,VOLATILE,1.71812963775324,1.0
2017-06-05,49.18032786885246,3.846530172858179,1.912568306010929,3.2085100922355547,366,0.42411171169828854,VOLATILE,1.7123718000387838,2.0
2017-06-06,49.411764705882355,3.2674221319417964,2.941176470588235,0.04077189356115338,340,0.43604140770794436,VOLATILE,1.6957428941045114,3.0
2017-06-07,52.44956772334294,3.1482582885774697,3.7463976945244957,0.6351713765500352,347,0.43116205995567025,VOLATILE,1.6957313595470414,4.0
2017-06-08,51.42045454545454,3.2056055819980966,3.125,-0.13473069165037704,352,0.42998610384590885,VOLATILE,1.7037799301938217,5.0
2017-06-09,50.0,3.652074253863594,1.5337423312883436,-0.6087062446203494,326,0.432839720330199,VOLATILE,1.7274141012604847,6.0
2017-06-12,30.446927374301673,2.92521939144652,2.2346368715083798,-4.064151805633168,358,0.5101360293164114,VOLATILE,1.9139638108902939,7.0
2017-06-13,31.428571428571427,3.3648470619702833,1.7142857142857144,-0.5299465197062038,350,0.5169721883014624,VOLATILE,1.9310795023365406,8.0
2017-06-14,25.519287833827892,3.236942742778622,1.483679525222552,-1.5596666144177347,337,0.52198078999167,VOLATILE,2.014187970922924,9.0
2017-06-15,27.522935779816514,3.2831204382462573,0.3058103975535168,0.5206066127376844,327,0.5313187167922911,VOLATILE,2.023940232781713,10.0
2017-06-16,23.986486486486484,3.043107122017378,1.0135135135135136,-0.4939537147078968,296,0.5471057006796396,VOLATILE,2.0762257739034236,11.0
2017-06-19,23.364485981308412,3.3986171125188123,1.2461059190031152,-0.8635809986142052,321,0.524426326636466,VOLATILE,2.0948841615561378,12.0
2017-06-20,13.920454545454545,3.6547481169334253,1.1363636363636365,-4.411400739165643,352,0.5601159062299744,VOLATILE,2.2937578649539003,13.0
2017-06-21,16.524216524216524,4.090529934895726,1.1396011396011396,0.19600076219225782,351,0.5464729495792939,VOLATILE,2.373531208506931,14.0
2017-06-22,20.170454545454543,4.451472317353735,1.4204545454545454,1.558942156849875,352,0.5538568084970485,VOLATILE,2.3937884815153856,15.0
2017-06-29,19.20731707317073,4.291007863511514,1.8292682926829267,-0.9875940777609574,328,0.5549738418381751,VOLATILE,2.4337742992409876,16.0
2017-06-30,24.269005847953213,3.847909718941467,2.3391812865497075,1.159197620289245,342,0.5419733764183586,VOLATILE,2.4120713089084185,17.0
2017-07-03,10.843373493975903,3.4817933158646084,1.8072289156626504,-4.3537476441034855,332,0.5953628769853688,VOLATILE,2.596190206246849,18.0
2017-07-04,12.684365781710916,3.9512728763802296,0.8849557522123894,1.534934264201657,339,0.5875085714208474,VOLATILE,2.5632747985088824,19.0
2017-07-05,12.269938650306749,3.318618165441887,0.3067484662576687,0.027432409556480745,326,0.5822634693858856,VOLATILE,2.4438238740883227,20.0
2017-07-06,10.658307210031348,3.2559675305540674,0.9404388714733543,-1.7140388049461648,319,0.5892345589702133,VOLATILE,2.430714870074837,21.0
2017-07-07,11.326860841423949,3.6342203501968426,0.9708737864077669,1.6805707931597034,309,0.5721016980024595,VOLATILE,2.3146400602359716,22.0
2017-07-10,16.16766467065868,3.1937227960106878,1.7964071856287425,2.326118770265443,334,0.5695372537822752,VOLATILE,2.3947358127632055,23.0
2017-07-11,8.656716417910449,3.301552025915095,0.5970149253731344,-4.878273428773739,335,0.6171380782606073,VOLATILE,2.712749923051785,24.0
2017-07-12,9.433962264150944,3.5920150820792314,0.9433962264150944,-0.30980233521922995,318,0.6036737097193735,VOLATILE,2.821178844903626,25.0
2017-07-13,10.126582278481013,3.0337605522266946,1.5822784810126582,-0.4352610749628902,316,0.6106848281061174,VOLATILE,2.8879362226224266,26.0
2017-07-14,10.725552050473187,3.078012211757435,1.8927444794952681,1.2673358050142816,317,0.6014078933388816,VOLATILE,2.714605308741328,27.0
2017-07-17,10.33434650455927,3.5966223740654533,1.5197568389057752,0.22421017285525172,329,0.5947642659973243,VOLATILE,2.618122098563875,28.0
2017-07-18,16.056338028169016,3.1914802253642636,1.1267605633802817,2.4349290767060827,355,0.5861616200395913,VOLATILE,2.5580030922711647,29.0
2017-07-19,14.244186046511627,3.62606868586973,1.744186046511628,0.17246254155292287,344,0.5876884905068558,VOLATILE,2.546858992692661,30.0
2017-07-20,14.327485380116958,4.279851604100244,2.046783625730994,-0.5893545630870684,342,0.58836263763829,VOLATILE,2.6039798552727462,31.0
2017-07-21,15.853658536585366,2.794598455177275,1.524390243902439,0.6247669035915737,328,0.5986910268012872,VOLATILE,2.5982721038963112,32.0
2017-07-24,16.139240506329113,3.273818337370845,0.949367088607595,0.6057006056305012,316,0.5877918485542936,VOLATILE,2.402799213955173,33.0
2017-07-25,19.25287356321839,3.610648972415601,0.5747126436781609,1.4698321846034317,348,0.5756056255960059,VOLATILE,2.2193578103528253,34.0
2017-07-26,21.34502923976608,3.356679124193548,0.5847953216374269,0.05816164562117349,342,0.568457296485626,VOLATILE,2.13903711282404,35.0
2017-07-27,21.114369501466275,2.854008350311549,0.5865102639296188,-0.34259200319883565,341,0.5773029649474345,VOLATILE,2.062168233354594,36.0
2017-07-28,26.16279069767442,3.5739505098733484,1.4534883720930232,0.8326703875040999,344,0.5800187564678009,VOLATILE,2.2249745872704825,37.0
2017-07-31,30.0,3.863410213476362,1.6666666666666667,1.379824735777114,360,0.5365192462876529,VOLATILE,2.141355931098262,38.0
2017-08-01,38.20224719101123,3.399226442911568,2.528089887640449,1.3904943365121178,356,0.5222385299461496,VOLATILE,2.0372579455243267,39.0
2017-08-02,48.78048780487805,3.9814306947045366,2.4390243902439024,1.9692173972241298,369,0.523347909076157,VOLATILE,1.9389832039164174,40.0
2017-08-03,57.41239892183289,4.325306181604878,2.6954177897574128,1.8925129331396728,371,0.5148511057676152,VOLATILE,1.8579372674651502,41.0
2017-08-04,60.97560975609756,3.4355596746895722,2.9810298102981028,0.2437152556701654,369,0.5058992165491272,VOLATILE,1.829592829119894,42.0
2017-08-07,47.22222222222222,3.557515699353366,1.6666666666666667,-1.4499351238337017,360,0.5003332240355999,VOLATILE,1.7350157083747442,43.0
2017-08-08,37.46397694524496,3.530539822725319,0.5763688760806917,-1.8017425617528295,347,0.44224646292003644,VOLATILE,1.5874233629188539,44.0
2017-08-09,46.24277456647399,3.3667587257820415,1.4450867052023122,0.9535904648203553,346,0.42553430482909826,VOLATILE,1.5131271874207193,45.0
2017-08-10,42.60355029585799,3.084015620265671,0.8875739644970414,-0.9339727666578694,338,0.42893357814831434,RANGING,1.4790664946897083,0.0
2017-08-11,41.284403669724774,2.7038877362944613,2.1406727828746175,-0.30731440487597284,327,0.4338054892552121,RANGING,1.446312297009683,1.0
2017-08-15,23.646723646723647,3.3504230443494523,1.1396011396011396,-3.6627950229985333,351,0.492593725904703,VOLATILE,1.6002489780623685,0.0
2017-08-16,26.331360946745562,3.6001955968508046,0.2958579881656805,0.46201218162859264,338,0.4797152552938827,VOLATILE,1.522018034279798,1.0
2017-08-17,18.960244648318042,3.1935434153724143,0.3058103975535168,-2.6094926970425774,327,0.5079590951276256,VOLATILE,1.640468554615327,2.0
2017-08-18,20.058997050147493,4.612788026357176,0.8849557522123894,-0.510007301597035,339,0.48783906542331845,VOLATILE,1.6094732438870725,3.0
2017-08-21,14.782608695652174,3.3400059123609678,0.5797101449275363,-3.5782454855504984,345,0.5231382228049171,TRENDING_DOWN,1.677685158343174,0.0
2017-08-22,15.105740181268882,3.3980782758135937,0.3021148036253776,-1.4851151368580338,331,0.5338557601691304,TRENDING_DOWN,1.795552073736231,1.0
2017-08-23,21.666666666666668,4.0448905134077675,0.0,2.8333505934293424,360,0.5205600880037495,TRENDING_DOWN,1.8245352742282301,2.0
2017-08-24,18.571428571428573,3.8554219368119567,0.2857142857142857,-1.7825563290694204,350,0.5258225961250079,TRENDING_DOWN,1.9455650551165375,3.0
2017-08-25,23.076923076923077,3.6355784068823978,0.2958579881656805,0.9024378512553848,338,0.5370870640006286,TRENDING_DOWN,2.0084119436936807,4.0
2017-08-28,19.033232628398792,3.327227604313001,0.6042296072507553,-1.5760637504018702,331,0.5429568494541228,TRENDING_DOWN,1.9208885835162635,5.0
2017-08-29,13.253012048192772,3.5908982199443056,0.9036144578313252,-2.436941927897189,332,0.537097001890238,TRENDING_DOWN,1.9224624985569845,6.0
2017-08-30,13.96103896103896,3.1338062262726316,0.974025974025974,0.2524024100942066,308,0.5562225035234292,TRENDING_DOWN,1.9061021957160122,7.0
2017-08-31,15.878378378378377,3.2770210349793,0.6756756756756757,0.7578884259432446,296,0.5421519008643638,TRENDING_DOWN,1.9193818815691222,8.0
2017-09-05,21.981424148606813,3.5267061429609416,0.9287925696594427,1.6960618383538169,323,0.5513750039779383,TRENDING_DOWN,1.947251263786765,9.0
2017-09-06,15.568862275449103,3.255565830865354,0.29940119760479045,-1.272942364534458,334,0.5301417744939508,TRENDING_DOWN,2.004240638859782,10.0
2017-09-07,14.329268292682926,3.5889920891878044,0.3048780487804878,-1.866205634028048,328,0.5429595316953685,TRENDING_DOWN,2.0498514965703225,11.0
2017-09-08,19.5906432748538,3.383930702049333,0.5847953216374269,1.3672221316288418,342,0.533820130371879,TRENDING_DOWN,2.0335441010873647,12.0
2017-09-11,15.217391304347828,3.775202108006456,0.6211180124223602,-0.976423356790858,322,0.5470387860387932,TRENDING_DOWN,2.0448123524229795,13.0
2017-09-12,14.860681114551083,3.3293949651821646,0.9287925696594427,-0.4570455836363801,323,0.5391766420800675,TRENDING_DOWN,2.006512949589746,14.0
2017-09-13,20.238095238095237,3.4851117806891296,0.8928571428571428,1.6635789545724533,336,0.5461483383047282,TRENDING_DOWN,2.0396597787952384,15.0
2017-09-14,23.837209302325583,3.846300431091078,0.29069767441860467,0.8132566365798088,344,0.5197982251412543,VOLATILE,1.9006165604236014,0.0
2017-09-15,21.893491124260358,3.764607930071301,0.0,-0.6668046491600047,338,0.5173705084875144,VOLATILE,1.8873172087253216,1.0
2017-09-18,22.929936305732486,3.519839831116303,0.3184713375796179,-0.3725027069072614,314,0.5238495490146332,VOLATILE,1.7940807737186988,2.0
2017-09-19,27.810650887573964,3.748094488676113,0.591715976331361,1.5524974205500857,338,0.5153680891365285,VOLATILE,1.732619691556198,3.0
2017-09-20,31.686046511627907,4.644425985245427,1.1627906976744187,0.2426260579358422,344,0.4755191405905935,VOLATILE,1.633466006782934,4.0
2017-09-21,26.436781609195403,3.0345936018002013,0.28735632183908044,-1.141544157899868,348,0.47526432581445693,VOLATILE,1.5917705746154784,5.0
2017-09-22,27.218934911242602,3.703713210305663,0.591715976331361,0.17401629131480686,338,0.4406269729224685,VOLATILE,1.514000288653689,6.0
2017-09-25,26.21951219512195,3.1037814960341326,0.6097560975609756,-0.4044628475262058,328,0.4375105570149398,RANGING,1.446883923109048,0.0
2017-09-26,25.233644859813083,3.306158539727453,0.6230529595015576,-0.44663643616336146,321,0.430276842711278,RANGING,1.3802613917376818,1.0
2017-09-27,20.84592145015106,3.6581456852186767,0.3021148036253776,-0.8673541887454798,331,0.4212917406762217,RANGING,1.3621446128708463,2.0
2017-09-28,27.794561933534744,3.6465469286403036,0.6042296072507553,1.2268659503306696,331,0.39213751291259985,RANGING,1.2814677098128622,3.0
2017-09-29,31.874999999999996,3.72367622571571,0.625,1.374892796366094,320,0.3889974236486805,RANGING,1.249935450433361,4.0
2017-10-02,25.609756097560975,3.2806172571416043,1.2195121951219512,-1.007436388469177,328,0.3994885522150362,RANGING,1.2582421243773643,5.0
2017-10-03,17.159763313609467,3.8119034020759885,0.591715976331361,-2.3288994458473975,338,0.4122205086309292,TRENDING_DOWN,1.3169165220749803,0.0
2017-10-04,12.903225806451612,3.586785571649309,0.2932551319648094,-2.209675860543561,341,0.43012782995346355,TRENDING_DOWN,1.4100924346901964,1.0
2017-10-05,13.256484149855908,3.832971478528437,0.2881844380403458,-0.30045138305735714,347,0.40702591160879065,TRENDING_DOWN,1.4086465791038911,2.0
2017-10-06,19.27710843373494,3.3937572412216017,0.0,1.6294084703075398,332,0.4184936603765029,TRENDING_DOWN,1.4045718266513927,3.0
2017-10-09,18.04281345565749,3.400438240627309,0.3058103975535168,-1.1602135308102712,327,0.4195323262179506,TRENDING_DOWN,1.3928117744067592,4.0
2017-10-10,14.11042944785276,2.9223114993804145,0.3067484662576687,-1.9344839324306629,326,0.4359343814112137,TRENDING_DOWN,1.46349658415315,5.0
2017-10-11,13.311688311688311,3.773008242208533,0.0,-1.085437967894412,308,0.41929590776520725,TRENDING_DOWN,1.39273764754215,6.0
2017-10-12,9.226190476190476,3.4621257116001383,0.2976190476190476,-2.3699465654660923,336,0.42082070131286964,TRENDING_DOWN,1.4501498973719318,7.0
2017-10-13,8.868501529051988,4.327421672414028,0.9174311926605505,-2.248891476536157,327,0.43080449327974996,TRENDING_DOWN,1.4996607003125475,8.0
2017-10-16,11.48036253776435,6.836166408526736,0.6042296072507553,1.7495076026648995,331,0.45122552193202814,TRENDING_DOWN,1.530082696372936,9.0
2017-10-17,10.94224924012158,3.6374185967594994,0.60790273556231,-0.5006509255769116,329,0.43623432982438143,TRENDING_DOWN,1.5579892527825692,10.0
2017-10-18,11.11111111111111,4.4384452253776985,0.31746031746031744,-1.5467233346293334,315,0.4395601295496241,TRENDING_DOWN,1.601516689600318,11.0
2017-10-19,12.650602409638553,4.559197219397321,0.30120481927710846,2.1131378365234403,332,0.4534891354431619,VOLATILE,1.5933174952542322,0.0
2017-10-20,17.71771771771772,3.8534199378362466,0.0,1.3488587348674073,333,0.45721122815814774,VOLATILE,1.613658940849733,1.0
2017-10-23,14.641744548286603,5.558883191140073,0.3115264797507788,-1.5930129858714057,321,0.4582345427068657,VOLATILE,1.6716148139720004,2.0
2017-10-24,14.790996784565916,3.4483764778870474,0.3215434083601286,-0.8628889225031166,311,0.4718857056188538,TRENDING_DOWN,1.7049972294660825,0.0
2017-10-25,15.483870967741936,3.6931572661241088,0.3225806451612903,0.3253369810776868,310,0.4753668202218822,VOLATILE,1.6649637507296506,0.0
2017-10-26,16.037735849056602,4.194212515173251,0.3144654088050315,-0.504480819338561,318,0.46923760557469624,VOLATILE,1.6876928452873978,1.0
2017-10-27,16.721311475409838,4.8486120803906925,0.32786885245901637,-0.8385652058726258,305,0.48306293154178787,TRENDING_DOWN,1.7334145878643692,0.0
2017-10-30,12.76595744680851,4.198522522499568,0.303951367781155,-1.8948164955498188,329,0.46129054211885506,TRENDING_DOWN,1.8191478492383752,1.0
2017-10-31,12.618296529968454,3.5369086437626986,0.31545741324921134,-1.6350443489222308,317,0.46981043974612574,TRENDING_DOWN,1.8200445311744726,2.0
2017-11-01,14.583333333333334,4.2407510692206465,0.0,1.384071679538742,336,0.4591952057909025,TRENDING_DOWN,1.7367769624686433,3.0
2017-11-02,14.37308868501529,3.5097762315681904,1.2232415902140672,-1.071737064233788,327,0.4572066733317715,VOLATILE,1.6988214732904894,0.0
2017-11-03,16.91842900302115,4.3626504640811445,1.2084592145015105,1.331032155971462,331,0.4487645124695888,VOLATILE,1.650631940385739,1.0
2017-11-06,13.90728476821192,4.6697886369779145,0.9933774834437087,-1.1228124322207722,302,0.4737760305637712,VOLATILE,1.6482313151812662,2.0
2017-11-07,18.152866242038215,4.283162476902827,0.6369426751592357,-0.6196604928559625,314,0.44574025632999675,VOLATILE,1.5785963777143641,3.0
2017-11-08,17.71771771771772,3.5201501177060885,0.0,0.43381429703166324,333,0.4446224127051299,VOLATILE,1.5540670241468804,4.0
2017-11-09,21.714285714285715,3.8017562654365067,0.2857142857142857,1.801587956518826,350,0.4343022140370353,RANGING,1.4905554321878642,0.0
2017-11-10,22.25705329153605,3.8133496776942595,0.0,-0.04059536557577397,319,0.4419330612704645,RANGING,1.4654754233668075,1.0
2017-11-13,19.745222929936308,3.965513997043676,0.0,-0.3397374317426374,314,0.4188175958963645,RANGING,1.3908899854000587,2.0
2017-11-14,21.385542168674696,4.021639417677386,0.0,-0.46459204211334976,332,0.39872836082364976,RANGING,1.3710250983177428,3.0
2017-11-15,22.93577981651376,3.5975102717787175,0.3058103975535168,-0.07715393186995484,327,0.403696434606073,TRENDING_DOWN,1.3448351674835883,0.0
2017-11-16,22.78481012658228,3.9559300456141537,0.0,-0.014719063311580327,316,0.39711381124073486,TRENDING_DOWN,1.2593146696506596,1.0
2017-11-17,23.225806451612904,4.156412850211686,0.0,0.6765922213090004,310,0.3915191688723013,TRENDING_DOWN,1.2073968524448875,2.0
2017-11-20,21.38157894736842,3.1590269502111217,0.3289473684210526,-1.4899081299467547,304,0.40132300830046075,TRENDING_DOWN,1.213152886392887,3.0
2017-11-21,19.863013698630137,3.2786765359285504,0.0,-0.06517238571815112,292,0.39518611439566836,TRENDING_DOWN,1.1771905625883654,4.0
2017-11-22,21.296296296296298,4.108495155360291,0.0,0.5175830546831652,324,0.3657525581741134,TRENDING_DOWN,1.168700776781164,5.0
2017-11-23,21.428571428571427,3.1026980474049606,0.6493506493506493,-0.08825124031218277,308,0.36719015768617047,TRENDING_DOWN,1.2012404445315321,6.0
2017-11-24,22.62295081967213,3.653620549576108,0.32786885245901637,-0.16163598828177855,305,0.3770174874052012,TRENDING_DOWN,1.1713232895411279,7.0
2017-11-27,21.221864951768488,3.796326841766626,0.964630225080386,0.24343923941577128,311,0.3445780741515307,TRENDING_DOWN,1.1029429581259291,8.0
2017-11-28,16.307692307692307,4.3781810476302985,0.6153846153846154,-0.757218196374448,325,0.3346585601254578,RANGING,1.0879966332047677,0.0
2017-11-29,18.566775244299674,3.3714195946338656,0.9771986970684038,0.12085923588421177,307,0.30222524152939334,TRENDING_DOWN,1.0057711953931283,0.0
2017-11-30,21.13564668769716,3.41664852266043,0.9463722397476341,0.16176163880995045,317,0.29993886805496184,TRENDING_DOWN,0.9881190771590186,1.0
2017-12-04,22.829581993569132,3.7759081537616774,0.3215434083601286,0.5060115254185441,311,0.2871441261519514,TRENDING_DOWN,0.9275177404131888,2.0
2017-12-05,27.914110429447852,5.719261486443564,0.9202453987730062,1.2219868727835228,326,0.2768633257803235,TRENDING_DOWN,0.9160626965651399,3.0
2017-12-06,28.307692307692307,3.9036110713326444,0.9230769230769231,0.7245670541827273,325,0.2634429760268849,TRENDING_DOWN,0.9141794036783261,4.0
2017-12-07,20.909090909090907,4.024552937179603,1.2121212121212122,-2.7404396686931203,330,0.34748102408537423,TRENDING_DOWN,1.045316627759536,5.0
2017-12-08,22.15568862275449,3.888462478468318,0.8982035928143712,-0.19665224549537122,334,0.3223023920639545,TRENDING_DOWN,1.0778083418628503,6.0
2017-12-11,16.012084592145015,4.590323720876477,0.906344410876133,-3.4515663852933947,331,0.39221924621378684,TRENDING_DOWN,1.1748025684936003,7.0
2017-12-12,16.0,3.769673124075702,1.2307692307692308,-1.5262032463233712,325,0.3914454658262381,TRENDING_DOWN,1.2500548343664744,8.0
2017-12-13,20.24922118380062,3.773030609653739,1.557632398753894,1.856449104250769,321,0.42087144990745434,TRENDING_DOWN,1.2330804115956788,9.0
2017-12-14,15.015974440894569,3.795657561635174,0.9584664536741214,-2.1213129402388975,313,0.4275442592005561,TRENDING_DOWN,1.2968706464993491,10.0
2017-12-15,19.10828025477707,3.8694043682629196,1.2738853503184715,1.2341283492585269,314,0.4323314625256611,TRENDING_DOWN,1.3484781050512524,11.0
2017-12-18,14.383561643835616,4.837168406993655,1.0273972602739725,-1.6303460680289128,292,0.4470716747032555,TRENDING_DOWN,1.369686356049158,12.0
2017-12-19,10.927152317880795,4.598174966076048,0.6622516556291391,-2.862396418239754,302,0.4558172152829665,TRENDING_DOWN,1.387646488263803,13.0
2017-12-20,11.11111111111111,4.185699753598732,0.6535947712418301,-0.6371609445221784,306,0.44738492626542936,TRENDING_DOWN,1.3965077002077628,14.0
2017-12-21,12.576687116564417,7.40658150480493,0.0,-1.2135852243552507,326,0.4092888059227045,TRENDING_DOWN,1.443123822669682,15.0
2017-12-22,21.176470588235293,6.285052194579057,0.29411764705882354,2.5880582342368426,340,0.43511687862107135,RANGING,1.4457388723689835,0.0
2017-12-26,23.856209150326798,5.16875089614209,0.6535947712418301,0.6375148665554897,306,0.45179230727043596,RANGING,1.4615054742794291,1.0
2017-12-27,27.976190476190478,5.9157966977705225,0.0,1.5499037890031584,336,0.4342481330705047,RANGING,1.478750573209826,2.0
2017-12-28,32.70440251572327,4.335067372272822,0.3144654088050315,1.3903184359258256,318,0.4500478493293318,RANGING,1.4545465579392918,3.0
2017-12-29,36.33633633633634,4.2620806385459,0.9009009009009009,0.6780548933025445,333,0.43862654095893777,RANGING,1.4603073571809109,4.0
2018-01-01,34.470989761092156,3.616251872285597,1.3651877133105803,0.6176573981875833,293,0.45595024212793206,RANGING,1.4797448063228074,5.0
2018-01-02,39.94169096209912,5.636261145643047,1.1661807580174928,0.8337490604207451,343,0.42525931317656696,VOLATILE,1.5525791654082375,0.0
2018-01-03,39.94082840236686,4.359552992171785,0.8875739644970414,-0.13024455943117716,338,0.414981810577956,VOLATILE,1.5910689970000682,1.0
2018-01-04,43.292682926829265,3.4274552637277558,0.9146341463414633,0.5223472534538754,328,0.43448740419906334,VOLATILE,1.602764675887186,2.0
2018-01-05,48.732394366197184,4.443711248475169,0.0,2.191699600947225,355,0.4092568510020802,VOLATILE,1.5355085447061778,3.0
2018-01-08,56.59340659340659,3.938815569948087,0.8241758241758242,2.3142193549523964,364,0.42001512355002174,RANGING,1.4948418217429356,0.0
2018-01-09,59.171597633136095,3.88678727828927,0.591715976331361,-0.19737845812434743,338,0.4063175464139113,RANGING,1.4614612767591433,1.0
2018-01-10,65.13513513513513,4.536431462994214,0.8108108108108109,2.9503695675611903,370,0.398899605141736,RANGING,1.4296353900942325,2.0
2018-01-11,64.14565826330532,3.888952552623569,0.8403361344537815,0.055129283956642405,357,0.4025683631298255,RANGING,1.4746742041991672,3.0
2018-01-12,56.01173020527859,4.4828260763942485,0.5865102639296188,-2.2591267594250772,341,0.40507135568380614,RANGING,1.488700489964532,4.0
2018-01-15,52.32198142414861,4.2338264317550065,0.9287925696594427,-1.4904974554302954,323,0.4186983120143727,VOLATILE,1.5012743376289845,0.0
2018-01-16,55.04587155963303,3.8878460325365913,0.0,0.7692921384320331,327,0.41678215445082645,VOLATILE,1.533646734209479,1.0
2018-01-17,57.83475783475783,3.765800185735903,0.5698005698005698,0.8275019361235152,351,0.3621988303831499,RANGING,1.4999283885203,0.0
2018-01-18,60.73446327683616,4.076622768676862,0.5649717514124294,0.6083985969152262,354,0.35708425532510096,VOLATILE,1.5301262847377115,0.0
2018-01-19,66.95402298850574,4.290723359401288,0.8620689655172413,1.5636278558531518,348,0.3715287917300132,RANGING,1.4916590140571857,0.0
2018-01-22,69.75476839237056,4.928854642853013,0.8174386920980926,2.1399303797949396,367,0.35867736772393544,RANGING,1.4693395139037226,1.0
2018-01-23,68.75,4.025353082253948,1.4204545454545454,0.6453342133830652,352,0.37347234096351917,RANGING,1.477859897744684,2.0
2018-01-24,72.31638418079096,3.358615724571151,1.1299435028248588,0.9409016506954904,354,0.37616966679673236,RANGING,1.4815455889627045,3.0
2018-01-25,74.77744807121661,6.190257464765444,0.5934718100890208,0.614127440444326,337,0.3749554093229917,RANGING,1.4920751657138602,4.0
2018-01-26,75.84097859327217,3.4763173935817075,0.6116207951070336,0.31752422736655983,327,0.3822871231793781,VOLATILE,1.5303955253211317,0.0
2018-01-29,73.54651162790698,3.556001973628727,1.4534883720930232,-0.1534060009649347,344,0.3793111384089319,VOLATILE,1.5194591214491215,1.0
2018-01-30,72.32142857142857,4.911425621489191,0.8928571428571428,-1.1444221452089822,336,0.38592410737242533,RANGING,1.470650605394918,0.0
2018-01-31,70.25495750708215,3.4497124561261017,1.41643059490085,0.4430483901709239,353,0.3785753694647498,RANGING,1.4778684216799234,1.0
2018-02-01,70.97701149425288,3.9287965033457763,0.5747126436781609,0.36256136483683243,348,0.3704310632834279,RANGING,1.4637385019889055,2.0
2018-02-02,74.27745664739885,2.8982155396474893,0.8670520231213872,0.8960116146927588,346,0.3639668170572252,RANGING,1.4198339999819418,3.0
2018-02-06,73.29376854599407,3.126379941778255,1.1869436201780417,-0.4414306612388394,337,0.3695723637718136,RANGING,1.441107782500419,4.0
2018-02-07,71.875,3.3633783674591013,2.556818181818182,0.03613336278429924,352,0.3620096610381535,RANGING,1.4031128101125505,5.0
2018-02-08,68.84272997032642,3.8236397537647524,1.1869436201780417,-0.4376780875555338,337,0.3405700320273584,RANGING,1.38001898815175,6.0
2018-02-09,70.02881844380403,3.5332086320263207,2.3054755043227666,0.18585175227310102,347,0.3309213810287034,RANGING,1.3596583334855095,7.0
2018-02-12,71.15987460815047,3.9064745975055915,1.8808777429467085,-0.4286452619569358,319,0.3088720534717786,RANGING,1.3409098638908632,8.0
2018-02-13,69.375,3.6497940248177456,1.25,0.06541427747196639,320,0.2789902373027243,RANGING,1.3011668935664529,9.0
2018-02-14,65.97014925373135,3.972198804940429,0.8955223880597015,-1.3462238912397508,335,0.30079126815382123,RANGING,1.2818974171130784,10.0
2018-02-15,59.2485549132948,3.3534097981833226,1.1560693641618496,-1.6400209675218809,346,0.31258207964101764,RANGING,1.3035325267480695,11.0
2018-02-16,61.51603498542274,4.11693471119103,1.1661807580174928,1.3099301064074855,343,0.32792013282931204,RANGING,1.2787842877477515,12.0
2018-02-19,60.650887573964496,3.783283385305427,1.183431952662722,0.0791321640046043,338,0.30603029779449686,RANGING,1.2592514987031993,13.0
2018-02-20,58.805970149253724,3.3787211649415294,0.5970149253731344,-0.675809089633102,335,0.2708739699182529,RANGING,1.2553588813475929,14.0
2018-02-21,56.0126582278481,3.058488310248187,0.949367088607595,0.0503291913163746,316,0.2803413798294336,RANGING,1.2994626253909025,15.0
2018-02-22,58.536585365853654,3.515740657427522,0.9146341463414633,0.6066956810163896,328,0.27977619310719154,RANGING,1.3438870294434608,16.0
2018-02-23,52.09580838323353,4.1096508373174565,0.5988023952095809,-0.5326574329365725,334,0.2708861053219726,RANGING,1.3900541287626655,17.0
2018-02-26,51.746031746031754,3.987702480478527,0.31746031746031744,-0.5340319538731109,315,0.29240084954635204,RANGING,1.407630254419494,18.0
2018-02-27,50.467289719626166,3.2468833125226184,0.3115264797507788,-0.04847754715463605,321,0.28641598793670076,RANGING,1.403612190824227,19.0
2018-02-28,50.29239766081871,3.2051108216133177,0.5847953216374269,0.1996983900572358,342,0.2874933310472878,RANGING,1.3718956582231414,20.0
2018-03-01,54.04624277456648,3.920834831388118,0.5780346820809248,1.292137486558073,346,0.29668857450897895,RANGING,1.353868581734156,21.0
2018-03-02,53.80116959064327,3.596932439360869,0.5847953216374269,0.6420648701267465,342,0.2905992886053866,RANGING,1.3420963048196308,22.0
2018-03-05,54.4891640866873,3.3943538863864644,0.6191950464396285,0.23245821071175402,323,0.30786434037018656,RANGING,1.3202721390164103,23.0
2018-03-06,50.445103857566764,3.8445404198559996,0.8902077151335311,-0.060894040269341164,337,0.29755619103946856,RANGING,1.2756428883585669,24.0
2018-03-07,48.6404833836858,3.0901461536684005,0.6042296072507553,-0.7681633852848394,331,0.299309111726357,RANGING,1.2713190571710986,25.0
2018-03-08,45.07936507936508,2.4370870948564898,0.31746031746031744,-0.7664940782595123,315,0.3107427060797569,RANGING,1.283490439660908,26.0
2018-03-09,39.57055214723926,3.2333970158610987,0.9202453987730062,-0.8061792211307053,326,0.3106567978249326,RANGING,1.2606896426656635,27.0
2018-03-12,40.243902439024396,5.720664655720859,0.6097560975609756,0.28094919757917663,328,0.31410373348614823,RANGING,1.2523171007854457,28.0
2018-03-13,45.25993883792049,3.149104762352814,1.529051987767584,0.8169819878105606,327,0.32037052702989055,RANGING,1.2451834755641398,29.0
2018-03-14,46.783625730994146,3.708042306502349,1.1695906432748537,1.0006606756384928,342,0.2966856728983212,RANGING,1.2172304834255274,30.0
2018-03-15,49.71098265895954,4.1989312743503575,0.8670520231213872,1.1522885956788367,346,0.2739910066327513,RANGING,1.1631122791617525,31.0
2018-03-16,45.45454545454545,3.5268276964741148,1.2121212121212122,-0.4347259472888279,330,0.25732473107778686,RANGING,1.1020482570363208,32.0
2018-03-19,47.73413897280967,3.6395782450609606,0.3021148036253776,0.5317996422772414,331,0.2532657529129514,RANGING,1.0827522531212952,33.0
2018-03-20,51.008645533141205,2.940106876954231,1.729106628242075,0.7051730295133164,347,0.250308596875621,TRENDING_UP,1.0796937648471858,0.0
2018-03-21,50.84269662921348,3.5166306850961355,2.247191011235955,-0.0023629400710948783,356,0.23847835281079,TRENDING_UP,1.0425671309491669,1.0
2018-03-22,51.955307262569825,3.4673757468480657,1.9553072625698324,0.46441772583079705,358,0.23938653437424076,TRENDING_UP,0.9365721508800088,2.0
2018-03-26,54.87804878048781,2.801053230303553,1.2195121951219512,0.05360253562564602,328,0.2339888803927005,TRENDING_UP,0.8855864786218131,3.0
2018-03-27,50.86705202312138,3.0145673969544062,0.5780346820809248,-0.19603133418729987,346,0.21720114175560257,TRENDING_UP,0.8520206674089681,4.0
2018-03-28,53.13432835820896,2.8911241917940638,1.791044776119403,0.3839499841579838,335,0.22015344474470624,TRENDING_UP,0.8295034267158312,5.0
2018-03-29,58.47953216374269,2.8264327827302838,1.461988304093567,0.23863890925023118,342,0.22600873647946215,TRENDING_UP,0.826233545147222,6.0
2018-03-30,52.33918128654971,3.6684713272608818,1.461988304093567,0.10311883720933644,342,0.208499280358106,TRENDING_UP,0.7980445695045899,7.0
2018-04-02,59.30232558139535,3.260409782195062,0.5813953488372093,0.49800254876192745,344,0.21811344165040586,TRENDING_UP,0.7961830226995527,8.0
2018-04-03,58.73925501432665,3.4582620879328223,1.146131805157593,0.12723713027747652,349,0.20593206194942928,TRENDING_UP,0.8074484486455459,9.0
2018-04-04,58.93854748603352,3.325219663183986,2.2346368715083798,0.5896268184763702,358,0.20324446723884876,TRENDING_UP,0.8114288664163191,10.0
2018-04-05,59.882005899705014,3.212144958761791,2.359882005899705,0.4302784322492068,339,0.18777814113569027,TRENDING_UP,0.8316788664804462,11.0
2018-04-06,60.997067448680355,3.4591170896734034,3.519061583577713,0.6686804353519998,341,0.16089073092134462,TRENDING_UP,0.8375877671287705,12.0
2018-04-09,63.450292397660824,4.48357152787643,1.7543859649122806,1.0895371104020277,342,0.11420738204696966,TRENDING_UP,0.8353409636883344,13.0
2018-04-10,64.89675516224189,3.9101367682294548,1.7699115044247788,1.0518690933756685,339,0.11612056783131455,TRENDING_UP,0.8168431815233147,14.0
2018-04-11,66.57223796033995,3.8455912289523027,2.26628895184136,1.1152148014695378,353,0.12156852275946682,TRENDING_UP,0.8096631946184811,15.0
2018-04-12,67.8474114441417,3.491674423912716,1.9073569482288828,0.0915451814076621,367,0.13332088143451645,TRENDING_UP,0.8224432035856236,16.0
2018-04-13,66.56716417910448,3.705929311254769,1.1940298507462688,-0.07806438181756811,335,0.13242414403515326,TRENDING_UP,0.8457559560217468,17.0
2018-04-16,62.05882352941177,3.5880993292256096,1.1764705882352942,-0.38051016310799723,340,0.1426556049484631,TRENDING_UP,0.8826811032033479,18.0
2018-04-17,63.141993957703924,3.2458354613869127,1.812688821752266,0.3876552624273592,331,0.13724830272823896,TRENDING_UP,0.8901890823774578,19.0
2018-04-18,61.142857142857146,3.3951980745328485,1.4285714285714286,-0.7402486308185136,350,0.16077429386384817,RANGING,0.8652558355429805,0.0
2018-04-19,57.68115942028985,3.598971807014998,0.8695652173913043,-1.2384403620124254,345,0.19713167502601395,RANGING,0.8492783408393947,1.0
2018-04-20,56.676557863501486,3.245284593887971,1.483679525222552,-0.1305744685638088,337,0.18599423600294873,RANGING,0.8500698419375989,2.0
2018-04-23,57.97546012269939,3.2259297901299,2.147239263803681,0.44122291230071986,326,0.19111199963084546,RANGING,0.8401887068993072,3.0
2018-04-24,62.53521126760564,3.2361139302576274,1.971830985915493,0.7785219503769312,355,0.19663563225974598,TRENDING_UP,0.849284059228324,0.0
2018-04-25,57.821229050279335,3.2303990196680124,2.2346368715083798,-0.21305073603295122,358,0.19998109736998637,TRENDING_UP,0.8443252751521613,1.0
2018-04-26,55.58659217877096,3.7592132142439305,2.5139664804469275,-0.14357725145446953,358,0.19208003457737174,RANGING,0.8495635917218483,0.0
2018-04-27,57.27002967359051,3.173665001932953,2.3738872403560833,0.529055552007968,337,0.19315787226061626,RANGING,0.8481047929002148,1.0
2018-04-30,58.235294117647065,3.6677907629554434,3.5294117647058822,-0.3937000554066446,340,0.20362463475484793,RANGING,0.8557314911826772,2.0
2018-05-02,54.00593471810089,3.4280217005888693,2.967359050445104,-0.5358617736404433,337,0.21062455938321356,RANGING,0.8569482460648944,3.0
2018-05-03,46.98795180722892,2.944424410751078,1.8072289156626504,-1.0997829518798297,332,0.23741518486180196,RANGING,0.8955780580571088,4.0
2018-05-04,47.85276073619632,3.6939683831403887,1.5337423312883436,0.6305211006385978,326,0.23483672748487253,RANGING,0.8713076412350997,5.0
2018-05-07,43.36283185840708,3.698461571097753,1.7699115044247788,-0.3947523698350058,339,0.23438820366987953,RANGING,0.8559377374459523,6.0
2018-05-08,36.41975308641975,3.0660568184708117,2.4691358024691357,-1.3554637373629854,324,0.2577177533269764,RANGING,0.886533811272662,7.0
2018-05-09,33.43108504398827,5.860363748697828,2.346041055718475,-0.6549634145089,341,0.24632703266470712,RANGING,0.9587704075807727,8.0
2018-05-10,36.06060606060606,4.693475764946512,1.2121212121212122,0.8559766172955939,330,0.24512937987795674,RANGING,0.970648566733962,9.0
2018-05-11,33.532934131736525,4.2467929643460955,0.5988023952095809,-1.3474528955779532,334,0.26112743402780825,RANGING,0.989317760218594,10.0
2018-05-14,23.417721518987342,3.4936132061792975,0.6329113924050633,-3.474728741845631,316,0.37700489937033577,RANGING,1.1146428398314674,11.0
2018-05-15,25.0,3.4474732236664405,0.0,0.5023879085892837,316,0.36730740651849547,RANGING,1.1484700843367779,12.0
2018-05-16,24.271844660194176,3.130708035934542,0.9708737864077669,0.20258112630341302,309,0.3688954938679703,RANGING,1.1506576645579791,13.0
2018-05-17,19.413919413919416,3.4285427294940125,0.3663003663003663,-1.0669201380755122,273,0.37892082494366874,RANGING,1.1489814221040775,14.0
2018-05-18,21.014492753623188,3.9010259488939396,0.36231884057971014,-1.1470334997029923,276,0.3943765351098779,RANGING,1.1740801835116295,15.0
2018-05-21,21.180555555555554,6.850058019012125,0.3472222222222222,-0.6141779344788254,288,0.382185637995957,RANGING,1.1677185214886907,16.0
2018-05-22,24.600638977635782,3.9224722207684533,0.3194888178913738,2.2731254785093493,313,0.4191742323098244,RANGING,1.2382447744545413,17.0
2018-05-23,25.236593059936908,4.172604920101685,0.0,0.5921921040428265,317,0.4038628749412039,RANGING,1.2192741789361077,18.0
2018-05-24,22.55892255892256,3.947535648279011,1.0101010101010102,-0.45858599835685093,297,0.4136018337901465,RANGING,1.2411228470082853,19.0
2018-05-25,26.373626373626376,3.2847373031496505,0.7326007326007326,-0.44768393609267243,273,0.42717766875452023,RANGING,1.2805196737469533,20.0
2018-05-28,25.0,3.791690712796511,0.6493506493506493,0.4462407758506411,308,0.4119552904989817,RANGING,1.3328394864847084,21.0
2018-05-29,26.265822784810126,3.496484133806261,1.5822784810126582,1.1472518846593682,316,0.4230426439565301,RANGING,1.3336718850078608,22.0
2018-05-30,25.0,3.1858827922919017,1.6666666666666667,0.21670540269978972,300,0.43056312949221026,RANGING,1.3488894968514413,23.0
2018-05-31,30.254777070063692,4.5472827485615,1.910828025477707,0.7468754252357935,314,0.42218772296674956,RANGING,1.3067372377390605,24.0
2018-06-01,30.46594982078853,3.9627306159442512,0.35842293906810035,0.28028290709753045,279,0.4562731292159611,RANGING,1.2933305928928902,25.0
2018-06-04,33.77483443708609,3.298168311498747,0.6622516556291391,0.40580043096310375,302,0.4409535121469139,RANGING,1.2849560266883653,26.0
2018-06-05,36.24595469255664,3.042627709759051,0.9708737864077669,0.4594735379741701,309,0.4358182449921557,RANGING,1.2763445544862555,27.0
2018-06-06,40.0,3.1184426537887155,0.967741935483871,0.37286093279901533,310,0.43272355230708,RANGING,1.2213960157846326,28.0
2018-06-07,35.16819571865443,3.354599803178194,2.1406727828746175,-0.4775713086707929,327,0.4168818231454573,RANGING,1.2310131197905885,29.0
2018-06-11,33.44155844155844,3.754180477022628,1.2987012987012987,-0.7181441028001357,308,0.42094944831837033,RANGING,1.2235165199371005,30.0
2018-06-12,23.920265780730897,3.4985971269890164,0.9966777408637874,-2.151052236359208,301,0.4063627670993459,RANGING,1.2043979837562362,31.0
2018-06-13,27.986348122866893,3.5425373392896633,0.3412969283276451,0.5227046475844234,293,0.394037231945339,RANGING,1.1516841923806236,32.0
2018-06-14,30.82191780821918,3.3969237990374626,2.3972602739726026,0.742735945929697,292,0.4045836030701554,RANGING,1.1347579753795034,33.0
2018-06-19,26.82926829268293,2.817846432555389,2.7874564459930316,0.02309127528135629,287,0.38588595269688253,RANGING,1.1170610702051422,34.0
2018-06-20,25.24271844660194,3.8438614918324503,1.9417475728155338,-1.0716544276188549,309,0.3728017902882979,RANGING,1.1659732626899206,35.0
2018-06-21,19.169329073482427,3.849706454495505,0.6389776357827476,-1.7915999225702137,313,0.39230965533261725,RANGING,1.2288021254710673,36.0
2018-06-22,18.037974683544302,3.3727524550594374,0.6329113924050633,-1.4434392711399338,316,0.36270499807707973,TRENDING_DOWN,1.228560730766441,0.0
2018-06-25,14.873417721518987,3.61138238314368,0.31645569620253167,-2.5352734130066072,316,0.4128777409806246,TRENDING_DOWN,1.3167064560865602,1.0
2018-06-26,16.7741935483871,3.735437152675282,0.3225806451612903,0.18297434825295425,310,0.4094798603906823,TRENDING_DOWN,1.3271888317171385,2.0
2018-06-27,20.408163265306122,4.142833569017483,0.2915451895043732,1.186268941895783,343,0.3902151374509311,TRENDING_DOWN,1.3120742394348335,3.0
2018-06-28,25.077399380804955,3.8696059623882837,0.30959752321981426,1.4467165241752726,323,0.41625704420215415,TRENDING_DOWN,1.2875456719808278,4.0
2018-06-29,27.884615384615387,3.8461351223555775,1.282051282051282,0.6514501348823064,312,0.41005571847702116,TRENDING_DOWN,1.2636044561200064,5.0
2018-07-02,21.782178217821784,4.088765813866892,1.3201320132013201,-0.37967423503909226,303,0.4161719324814864,TRENDING_DOWN,1.2796757084443036,6.0
2018-07-03,22.58064516129032,5.807444434231838,1.4336917562724014,-0.39005160117257426,279,0.4197357829139761,TRENDING_DOWN,1.2623753681634442,7.0
2018-07-04,15.737704918032788,2.857475292199899,0.6557377049180327,-3.078371131758342,305,0.4579294654196387,TRENDING_DOWN,1.4329873731214842,8.0
2018-07-05,15.151515151515152,4.742034620168957,0.6734006734006733,0.10001848007735607,297,0.4478893498839777,TRENDING_DOWN,1.4601835889282013,9.0
2018-07-06,15.942028985507244,3.4147963076326886,0.7246376811594203,0.4358012580252019,276,0.467822467709452,TRENDING_DOWN,1.4408797109731024,10.0
2018-07-09,11.14864864864865,3.5514507100475727,0.6756756756756757,-3.1348921265261604,296,0.49512406700911227,TRENDING_DOWN,1.5810779648385478,11.0
2018-07-10,11.80327868852459,3.686715916207125,0.6557377049180327,-0.4016486058342876,305,0.47889680186568273,TRENDING_DOWN,1.6464986904608319,12.0
2018-07-11,14.426229508196723,3.834854967315737,0.6557377049180327,0.301409221157385,305,0.4756243451564646,TRENDING_DOWN,1.6981637294893541,13.0
2018-07-12,16.89189189189189,3.4487403465020603,1.0135135135135136,0.4428811730203816,296,0.47175174507400425,TRENDING_DOWN,1.6675134770754294,14.0
2018-07-13,21.172638436482085,4.839362606893331,1.9543973941368076,1.128111665111355,307,0.4532697621345733,TRENDING_DOWN,1.67189168384197,15.0
2018-07-16,16.938110749185668,3.558953644576405,1.9543973941368076,-1.0711152308993273,307,0.46497720679403365,TRENDING_DOWN,1.7976771911902876,16.0
2018-07-17,23.333333333333332,3.8991920344623274,2.0,1.4402522133214772,300,0.47651758802405936,TRENDING_DOWN,1.8317566081970331,17.0
2018-07-18,30.32069970845481,4.259739035645701,1.749271137026239,2.7760998339935448,343,0.46977659987997705,VOLATILE,1.8198562762391206,0.0
2018-07-19,35.588235294117645,4.661774121229097,2.6470588235294117,1.7408180919614682,340,0.46173492991668025,VOLATILE,1.8159511565693878,1.0
2018-07-20,28.753993610223645,3.5384359433035604,0.6389776357827476,-0.9949158579370256,313,0.47757976652682216,VOLATILE,1.8063243312086443,2.0
2018-07-23,26.82926829268293,3.705717396559766,0.34843205574912894,-1.4643812265742537,287,0.4823771711769864,TRENDING_DOWN,1.822772994648573,0.0
2018-07-24,34.92537313432836,4.286967221830242,0.2985074626865672,2.7541102754111293,335,0.4713628417940635,VOLATILE,1.839277567404512,0.0
2018-07-26,45.22292993630573,4.3666904918076845,3.1847133757961785,1.2729749171371207,314,0.49972807371144534,VOLATILE,1.8333509150574623,1.0
2018-07-27,56.32911392405063,3.6846889801274845,3.79746835443038,2.1402493980304236,316,0.4981255080222766,VOLATILE,1.8382630482313886,2.0
2018-07-30,64.46991404011462,4.527342875762584,4.584527220630372,2.35328152905496,349,0.4715031670183871,VOLATILE,1.8616304796766865,3.0
2018-07-31,59.21450151057401,3.885513082356007,1.812688821752266,-1.442093390487732,331,0.4873115977242941,VOLATILE,1.9580026235922414,4.0
2018-08-01,60.12084592145015,3.741498298602727,1.2084592145015105,1.023458915217391,331,0.4980194665812989,VOLATILE,1.9744060038252698,5.0
2018-08-02,57.40181268882175,3.320676702096638,0.906344410876133,-0.5563320218162849,331,0.47802562316498987,VOLATILE,1.9261477352403664,6.0
2018-08-03,60.670731707317074,4.386940371519283,0.6097560975609756,0.18218024023422563,328,0.4707534548703081,VOLATILE,1.895537118530622,7.0
2018-08-06,60.802469135802475,3.2409248092556187,0.6172839506172839,0.1597658556191798,324,0.4745773577983209,VOLATILE,1.8812572035658206,8.0
2018-08-07,58.35866261398176,3.3790492180131855,0.911854103343465,0.3300250722286112,329,0.4376274187000979,VOLATILE,1.7644017920431954,9.0
2018-08-08,61.12852664576802,2.923721686545127,0.9404388714733543,-0.19807246868460635,319,0.4408249735219574,VOLATILE,1.6730619729634986,10.0
2018-08-09,60.458452722063036,3.410499087486045,1.7191977077363898,0.9831101186914616,349,0.4091154119921142,VOLATILE,1.596318605347365,11.0
2018-08-10,59.34718100890207,3.4504733542375794,1.7804154302670623,0.015504973120495197,337,0.4266604928254802,VOLATILE,1.5569924312908454,12.0
2018-08-13,59.8159509202454,3.098002481763986,1.2269938650306749,-0.41994848611588237,326,0.4332540687927932,VOLATILE,1.5321906168220623,13.0
2018-08-15,58.146964856230035,3.2674128999590453,1.5974440894568689,-0.9045465216152156,313,0.45156481005270577,RANGING,1.470294648141099,0.0
2018-08-16,50.15290519877675,3.7693987264489155,0.6116207951070336,-1.330869232899117,327,0.45639370476160845,RANGING,1.4933735772435228,1.0
2018-08-17,55.62310030395137,3.581019253258116,1.5197568389057752,1.796192153610007,329,0.43335796466370874,RANGING,1.42263270903549,2.0
2018-08-20,59.424920127795524,4.345156059247506,2.2364217252396164,0.07806992685086575,313,0.43479473828705434,RANGING,1.3516951050203776,3.0
2018-08-24,62.45733788395904,3.173941584726163,1.3651877133105803,0.5370566294210344,293,0.44235280949427186,RANGING,1.3092871303355929,4.0
2018-08-27,60.8433734939759,4.004191231776299,1.8072289156626504,0.17934662094679454,332,0.3981462723428395,RANGING,1.2437379783454652,5.0
2018-08-28,57.18562874251497,3.051002630413974,1.1976047904191618,-0.7095434707367684,334,0.37613390208926617,RANGING,1.170320137963878,6.0
2018-08-29,52.92397660818714,3.3908446653015565,0.5847953216374269,-1.0189846214961564,342,0.38662187534009407,RANGING,1.139865995856988,7.0
2018-08-30,47.02194357366771,3.5972714431484736,2.19435736677116,-0.38449187422505104,319,0.37439959339769974,RANGING,1.123880648354464,8.0
2018-08-31,44.9685534591195,3.2055537208872,1.5723270440251573,-0.41319200871737277,318,0.3387229102440497,RANGING,1.0745578100264872,9.0
2018-09-03,44.951140065146575,3.4541084498407737,0.32573289902280134,-1.082943764837671,307,0.33090182256590417,TRENDING_DOWN,1.020313857259254,0.0
2018-09-04,47.151898734177216,5.990945135870773,0.949367088607595,0.6590477607982468,316,0.3180848877039275,TRENDING_DOWN,0.9945743977387498,1.0
2018-09-05,45.60260586319218,3.506022698337212,0.9771986970684038,-0.9854853722729351,307,0.31983600154417774,TRENDING_DOWN,0.9520972125582864,2.0
2018-09-06,35.46325878594249,3.9520312463815865,1.2779552715654952,-1.5565833991712563,313,0.33545961641892247,TRENDING_DOWN,0.9646785192501679,3.0
2018-09-07,29.29936305732484,4.126115088644363,1.2738853503184715,-1.3719493537357947,314,0.3446569770175139,TRENDING_DOWN,1.0015293195874055,4.0
2018-09-10,26.910299003322258,3.9620257133598527,0.33222591362126247,-0.6460732619602874,301,0.34192604370305374,TRENDING_DOWN,1.0389673594443019,5.0
2018-09-11,32.802547770700635,4.712857786395786,0.6369426751592357,0.8057198514234739,314,0.33649575624382155,TRENDING_DOWN,1.0624312890752161,6.0
2018-09-12,29.292929292929294,3.1792934792551244,1.6835016835016834,-0.9120332343967421,297,0.34365782263937394,TRENDING_DOWN,1.085272360424104,7.0
2018-09-13,33.22884012539185,3.4822468322724434,1.2539184952978055,1.0231550754027536,319,0.34983309752098035,TRENDING_DOWN,1.1315761715433716,8.0
2018-09-14,33.5483870967742,3.5408542677014583,1.6129032258064515,0.09640362116651338,310,0.3555515736710733,TRENDING_DOWN,1.1567055577047187,9.0
2018-09-17,25.33783783783784,4.193639494719783,1.3513513513513513,-1.829867354598999,296,0.37331731459092576,TRENDING_DOWN,1.1955500516158868,10.0
2018-09-18,31.5625,3.602838939967352,1.875,1.4630126477053371,320,0.3675209943406782,TRENDING_DOWN,1.1868523429927729,11.0
2018-09-19,33.44709897610921,2.597295224236487,1.7064846416382253,0.49246085403818285,293,0.3822889182542336,TRENDING_DOWN,1.1439242809739465,12.0
2018-09-24,24.675324675324674,3.7075829518423213,2.272727272727273,-1.4611035260591518,308,0.36859634784821776,TRENDING_DOWN,1.182181001864427,13.0
2018-09-25,23.856209150326798,3.2802438142292205,1.3071895424836601,-0.7664501861252231,306,0.36905365396374984,TRENDING_DOWN,1.168870000463004,14.0
2018-09-26,23.278688524590162,3.4416826103898814,0.9836065573770493,-0.9215874537605442,305,0.36290943245217366,TRENDING_DOWN,1.1892301889688823,15.0
2018-09-27,21.474358974358974,3.567847779555471,0.9615384615384616,-0.8583786406739298,312,0.3536882585234461,TRENDING_DOWN,1.2229020508276243,16.0
2018-09-28,23.47266881028939,4.103951130239367,1.607717041800643,0.42197757427454347,311,0.3506216941118828,TRENDING_DOWN,1.2151576432262658,17.0
2018-10-01,20.983606557377048,4.076146141416476,0.6557377049180327,-0.8764911299613245,305,0.35024610169402465,TRENDING_DOWN,1.1812353161929399,18.0
2018-10-02,21.575342465753426,3.4672673833105794,2.054794520547945,0.02476730966343829,292,0.3527785362872249,TRENDING_DOWN,1.1966372755068897,19.0
2018-10-03,19.141914191419144,4.125319055718546,1.3201320132013201,-0.42475069200933097,303,0.3371298279706755,TRENDING_DOWN,1.1815341594800215,20.0
2018-10-04,15.210355987055015,4.057789871670948,0.6472491909385114,-1.7398565474368701,309,0.35394226925597355,TRENDING_DOWN,1.2422281770304269,21.0
2018-10-05,13.915857605177994,4.391242702919094,0.9708737864077669,-3.4656417674196107,309,0.40069632769096447,TRENDING_DOWN,1.3707724527007996,22.0
2018-10-08,10.670731707317072,5.172710162259236,1.2195121951219512,-4.690533566022182,328,0.4663942604133345,TRENDING_DOWN,1.5554395726034074,23.0
2018-10-09,12.345679012345679,5.191944069799085,0.6172839506172839,0.15163623526150036,324,0.4448257910583195,TRENDING_DOWN,1.5969031425659734,24.0
2018-10-10,11.692307692307692,4.80737731430317,0.0,-0.07996881315487216,325,0.4377571201043693,TRENDING_DOWN,1.6337699257761056,25.0
2018-10-11,9.210526315789473,3.811065049818121,0.3289473684210526,-0.9307402499615399,304,0.4376433183722292,TRENDING_DOWN,1.6658276538284233,26.0
2018-10-12,8.469055374592834,5.718898926099372,0.32573289902280134,-2.6923563945948263,307,0.4618370041201571,TRENDING_DOWN,1.7905891929538742,27.0
2018-10-15,7.491856677524431,4.9495544698446645,0.32573289902280134,-2.5591259680028995,307,0.451080392614619,TRENDING_DOWN,1.8938034251379658,28.0
2018-10-16,7.861635220125786,6.090475072069454,0.3144654088050315,-0.8170508465892936,318,0.43142865120771945,TRENDING_DOWN,1.9550352422498942,29.0
2018-10-17,10.843373493975903,5.263903335081723,0.30120481927710846,3.959842347489314,332,0.47841799350276165,TRENDING_DOWN,1.9482837300058897,30.0
2018-10-18,10.869565217391305,5.019125575529635,0.3105590062111801,1.4171421771636625,322,0.4873629827410803,TRENDING_DOWN,1.920357535427732,31.0
2018-10-19,15.294117647058824,5.824485885427694,0.8823529411764706,3.376843082697772,340,0.48251503733772294,TRENDING_DOWN,1.9572071702852984,32.0
2018-10-22,16.716417910447763,5.348263433928698,1.4925373134328357,1.4738474971356836,335,0.49012999267866797,TRENDING_DOWN,1.9473733760120504,33.0
2018-10-23,12.77258566978193,5.041528727164856,1.2461059190031152,-2.1051317698887635,321,0.493462356912403,TRENDING_DOWN,2.052414297797422,34.0
2018-10-24,25.13368983957219,4.751154337087878,2.13903743315508,4.483574681698933,374,0.5022516049908151,VOLATILE,2.1187172660214424,0.0
2018-10-25,27.586206896551722,4.789055286358396,1.7241379310344827,0.11849560274795218,348,0.5121215147824367,VOLATILE,2.1256583394542425,1.0
2018-10-26,30.924855491329478,4.152478163113088,2.023121387283237,1.3938598100211914,346,0.5228824905410474,VOLATILE,2.174149857790808,2.0
2018-10-29,33.14917127071823,4.764555988212951,1.9337016574585635,1.4003956624895373,362,0.496646012140339,VOLATILE,2.203970158557391,3.0
2018-10-30,34.319526627218934,4.642686198832422,1.183431952662722,-0.7731491394964501,338,0.5175787746487248,VOLATILE,2.1899193972845317,4.0
2018-10-31,38.27893175074184,4.887483973249483,0.2967359050445104,0.09951018507494849,337,0.5105774999819654,VOLATILE,2.213949986266296,5.0
2018-11-01,39.40298507462687,4.086451307678923,1.1940298507462688,1.2623020866830372,335,0.5173350525403032,VOLATILE,2.1823037148726754,6.0
2018-11-02,43.07228915662651,3.649156156055997,2.108433734939759,1.2945609262840543,332,0.502920514627967,VOLATILE,2.111439624093749,7.0
2018-11-05,39.6875,4.19456791783405,0.625,-1.1994814151236457,320,0.483911699321236,VOLATILE,2.070156716784804,8.0
2018-11-06,35.294117647058826,3.6901689747447164,0.32679738562091504,-1.4474029291113046,306,0.5035754328207455,VOLATILE,2.056476392097079,9.0
2018-11-07,43.425076452599384,3.8972321044925256,1.2232415902140672,1.689976514843359,327,0.49140871684916926,VOLATILE,1.9918132542909937,10.0
2018-11-08,40.51446945337621,3.7491100394394876,1.2861736334405145,-0.7250618472902403,311,0.5024958647379115,VOLATILE,1.9791234059299858,11.0
2018-11-09,45.962732919254655,3.796200524642967,2.1739130434782608,0.6066414137335292,322,0.4718357092879369,VOLATILE,1.8957374541181098,12.0
2018-11-12,42.31974921630094,3.5376009464279985,0.0,-0.8089940151677448,319,0.47373856414989335,VOLATILE,1.8140366791876534,13.0
2018-11-13,41.29032258064516,3.167860040285933,0.3225806451612903,-0.2891334312093654,310,0.4861522020354603,VOLATILE,1.7619339681786756,14.0
2018-11-14,46.08433734939759,3.596142399902492,0.9036144578313252,0.6107058672002293,332,0.44877905005410984,VOLATILE,1.7100225520532832,15.0
2018-11-15,49.56268221574344,4.062106172900595,1.4577259475218658,0.8280975933892734,343,0.44372593718226994,VOLATILE,1.6663512648137269,16.0
2018-11-16,51.21951219512195,4.725384678643322,1.524390243902439,0.6175291139402854,328,0.42397466604827755,VOLATILE,1.6167555792922574,17.0
2018-11-19,50.9493670886076,3.777279957907945,1.2658227848101267,0.08786810205907505,316,0.4489480781777033,VOLATILE,1.6187307404074716,18.0
2018-11-20,54.0785498489426,3.375271661036254,1.5105740181268883,0.1425106142896869,331,0.40791271877745616,VOLATILE,1.552214622962659,19.0
2018-11-22,49.52076677316294,3.3573841449282766,0.9584664536741214,-1.4864259235808392,313,0.36813198081497633,RANGING,1.455711609547673,0.0
2018-11-23,51.006711409395976,3.686952320869301,0.6711409395973155,0.3556585527078296,298,0.37552800923916463,RANGING,1.3881171872858997,1.0
2018-11-26,49.34640522875817,2.9786438225233285,0.6535947712418301,-0.8799535732864925,306,0.3562145087007907,RANGING,1.2995213574171165,2.0
2018-11-27,47.706422018348626,3.371471217370062,0.9174311926605505,-0.45404968526370665,327,0.3328160379299575,RANGING,1.2281050965148579,3.0
2018-11-28,44.5141065830721,3.498176693910888,0.6269592476489028,-0.3533451013986399,319,0.32542029672701034,RANGING,1.2343286295473719,4.0
2018-11-29,48.82943143812709,3.4046892388874936,1.0033444816053512,0.4275889777271,299,0.33130126590815834,RANGING,1.203168250660756,5.0
2018-11-30,37.93103448275862,4.583454879689413,0.3134796238244514,-1.5097076108143737,319,0.33673340191042656,RANGING,1.2362125373771176,6.0
2018-12-03,20.364741641337385,4.492313335073887,0.60790273556231,-3.5052492776103676,329,0.41489808205590994,RANGING,1.3866501023988365,7.0
2018-12-04,28.74617737003058,4.710873051270106,0.9174311926605505,1.3367154985306013,327,0.42152413276083256,TRENDING_DOWN,1.345790090465664,0.0
2018-12-05,21.13564668769716,3.4247783200419053,0.6309148264984227,-0.8316553481458483,317,0.41498359420613945,TRENDING_DOWN,1.3676805728605173,1.0
2018-12-06,19.873817034700316,3.6356347765776413,0.31545741324921134,-1.594467738956468,317,0.41167303016135204,TRENDING_DOWN,1.4791418520117934,2.0
2018-12-07,24.7557003257329,3.5057855677604333,0.32573289902280134,0.9749428749709199,307,0.41476045473526524,TRENDING_DOWN,1.5347031602313659,3.0
2018-12-10,30.670926517571885,3.693820166444996,0.6389776357827476,1.0711695134592893,313,0.4132777343756625,TRENDING_DOWN,1.5714553982964705,4.0
2018-12-11,25.33783783783784,3.439184952618041,0.33783783783783783,-1.1354090189543946,296,0.436271718059433,TRENDING_DOWN,1.5920329373344349,5.0
2018-12-12,19.28104575163399,3.941673523380747,0.32679738562091504,-2.128730553827617,306,0.43787206653267646,TRENDING_DOWN,1.6512040480909183,6.0
2018-12-13,19.078947368421055,4.214713995512045,0.6578947368421052,-0.6524548602350418,304,0.43999488257147984,TRENDING_DOWN,1.6822811860475333,7.0
2018-12-14,23.31081081081081,3.0566720975670325,0.6756756756756757,1.398403786177193,296,0.45623891359021707,TRENDING_DOWN,1.663576572229165,8.0
2018-12-17,22.641509433962266,3.2091731968469546,0.37735849056603776,-0.13177475624616714,265,0.4620821265281821,TRENDING_DOWN,1.6763466814864438,9.0
2018-12-18,18.53146853146853,3.5649069893890526,0.34965034965034963,-0.8003186682976886,286,0.4701249076538623,TRENDING_DOWN,1.672045012292801,10.0
2018-12-19,21.73913043478261,4.291203395230565,0.0,-0.34521154418436945,299,0.4489651342196166,TRENDING_DOWN,1.6831528656981893,11.0
2018-12-20,24.91803278688525,4.5270354056608815,0.6557377049180327,0.5367323331608005,305,0.4494695447154932,TRENDING_DOWN,1.6417746698705857,12.0
2018-12-21,21.501706484641637,2.978052000053073,0.6825938566552902,-0.008306507834183807,293,0.4446638099596797,TRENDING_DOWN,1.693118670760326,13.0
2018-12-24,23.26388888888889,3.817512422936051,1.0416666666666665,0.01802774071049765,288,0.45595636289303265,TRENDING_DOWN,1.6818576456866983,14.0
2018-12-26,24.08026755852843,2.905732768715451,1.0033444816053512,0.39625125546738377,299,0.45323292852278035,TRENDING_DOWN,1.6577694792018558,15.0
2018-12-27,20.625,3.977037380475785,0.9375,-1.2683220235708126,320,0.4321656548179635,TRENDING_DOWN,1.717132624479013,16.0
2018-12-28,21.140939597315437,4.75964069342451,0.6711409395973155,-1.0072615261277713,298,0.4405900780363616,TRENDING_DOWN,1.8371018176867575,17.0
2018-12-31,24.333333333333336,5.390954071036189,1.3333333333333335,-0.00308820640179014,300,0.43936447749734964,TRENDING_DOWN,1.816557840237605,18.0
2019-01-01,21.283783783783782,5.037109944019809,0.0,1.380030064653616,296,0.4075541532397365,TRENDING_DOWN,1.7084511534971285,19.0
2019-01-02,18.06020066889632,4.685668397271178,0.0,-0.8770111271131275,299,0.39875282825850367,TRENDING_DOWN,1.7137642957779093,20.0
2019-01-03,15.714285714285714,4.1854514113973735,0.0,-1.433023217595784,280,0.4106217648871886,TRENDING_DOWN,1.6807930635573332,21.0
2019-01-04,18.928571428571427,4.462013620000516,0.35714285714285715,0.6393954148003702,280,0.403707812966729,TRENDING_DOWN,1.5636078470225312,22.0
2019-01-07,18.93687707641196,4.220788883874598,0.33222591362126247,0.980373601368634,301,0.3953516030555693,VOLATILE,1.549222818081864,0.0
2019-01-08,22.25609756097561,4.3768360585768535,0.3048780487804878,1.1399285064641504,328,0.367663600652509,RANGING,1.4926227514243662,0.0
2019-01-09,22.033898305084744,3.6088347931288824,0.0,-0.6339549320243225,295,0.36081130992228055,RANGING,1.4866492179553374,1.0
2019-01-10,22.972972972972975,3.767530623934359,0.0,-0.2611569586115953,296,0.3560732695701717,RANGING,1.4267677284480973,2.0
2019-01-11,26.384364820846905,4.515385292260941,0.0,0.2921263347129074,307,0.34822247327897377,RANGING,1.4016156078453084,3.0
2019-01-14,29.677419354838708,4.022419712128464,0.3225806451612903,1.3541355596720241,310,0.34231771589765453,RANGING,1.3720781832182902,4.0
2019-01-15,27.124183006535947,3.5986319568850282,0.32679738562091504,-0.3293404527714659,306,0.33407021993419433,RANGING,1.361630194448097,5.0
2019-01-16,24.398625429553263,3.6517365454620774,0.3436426116838488,-0.6482430364396539,291,0.3393989432011304,RANGING,1.3806804553072736,6.0
2019-01-17,24.054982817869416,3.808804298501418,0.0,-0.4009679365007224,291,0.3397737909129237,RANGING,1.4072904087744607,7.0
2019-01-18,27.27272727272727,3.9556150085662245,0.0,0.9784071795322115,297,0.3380656510409849,RANGING,1.3966583135104875,8.0
2019-01-21,29.86577181208054,3.712214080047323,0.6711409395973155,0.146523605671406,298,0.3367360464918781,RANGING,1.3710705883632228,9.0
2019-01-22,32.68608414239482,3.53656627365347,0.6472491909385114,0.3966559303141352,309,0.32575818444289667,RANGING,1.3665546344425525,10.0
2019-01-23,36.474164133738604,3.6387709780152284,0.0,0.7270104770750051,329,0.3107038259262679,RANGING,1.374498381715443,11.0
2019-01-24,39.74763406940063,4.702519686061075,0.0,0.6061796643717682,317,0.3097078969587053,RANGING,1.3408234373712429,12.0
2019-01-25,40.07220216606498,3.6076014904283102,0.36101083032490977,0.03588992382006427,277,0.30683860976721666,RANGING,1.2477107785017063,13.0
2019-01-28,39.795918367346935,3.352318202850846,0.0,0.21306046726876413,294,0.3044260943827706,RANGING,1.2162825466247096,14.0
2019-01-29,44.44444444444444,3.184172979359529,0.0,0.20165401561154167,306,0.2726137824467385,RANGING,1.1289941830511163,15.0
2019-01-30,47.92332268370607,3.5607225634159145,0.0,0.3848920588719236,313,0.2533157214623338,RANGING,1.0685786137997453,16.0
2019-01-31,55.85585585585585,5.618921799232255,0.0,2.0080700054746377,333,0.25001782948568696,RANGING,1.0270537496519545,17.0
2019-02-01,61.26984126984127,4.128875120937666,0.31746031746031744,1.1504053360442361,315,0.2555677572123677,RANGING,1.0289749812162685,18.0
2019-02-04,66.76646706586826,4.885274133625888,0.8982035928143712,1.534682013176691,334,0.2506502457184494,RANGING,0.949396350637361,19.0
2019-02-06,66.46706586826348,3.5391614252775994,1.1976047904191618,-0.2250637427307418,334,0.24809633317073448,RANGING,0.9232832711089158,20.0
2019-02-07,60.802469135802475,4.603404010537051,0.0,-1.3793394478354182,324,0.2598109649257194,RANGING,0.9107330143772158,21.0
2019-02-08,60.13513513513513,3.7624684757435527,1.0135135135135136,-0.8212339148997612,296,0.27758663818628376,RANGING,0.9645171428326816,22.0
2019-02-11,54.18060200668896,3.462023892520276,0.33444816053511706,-1.7988799679169125,299,0.31737371743886605,RANGING,1.0235805064308743,23.0
2019-02-12,55.18394648829431,3.761677512273307,0.0,0.22376699216010668,299,0.31114659227589636,RANGING,1.0060749408566465,24.0
2019-02-13,53.69774919614147,3.6033008846075645,0.3215434083601286,-0.8262764952951781,311,0.3101949738308367,RANGING,1.007408967665091,25.0
2019-02-14,53.666666666666664,3.063460914884892,0.0,-0.13888570821638282,300,0.295779655344794,RANGING,0.9922672586304859,26.0
2019-02-15,53.284671532846716,3.117958340808644,0.0,0.19460204382404206,274,0.30083706163007107,RANGING,0.963696199267559,27.0
2019-02-18,50.5338078291815,3.459035923164694,0.3558718861209964,-0.9792994734066353,281,0.3089825540998445,RANGING,1.0153403314364893,28.0
2019-02-19,45.744680851063826,3.8603810362489672,0.0,-0.7772902777429278,282,0.3184946337206529,RANGING,1.0072535348562832,29.0
2019-02-20,45.42372881355932,3.4788874966235555,0.0,-0.3105051595394735,295,0.30396709301182595,RANGING,1.0200132176811052,30.0
2019-02-21,40.35087719298245,3.7605691813634885,0.0,-0.6401851378059893,285,0.3153719742291859,RANGING,1.055039953122866,31.0
2019-02-22,43.06569343065693,4.319547710621515,0.0,0.193122080569916,274,0.3176391358814013,RANGING,1.0229112610339868,32.0
2019-02-25,36.48208469055375,3.4889257511168776,0.0,-0.5684833977293545,307,0.30031910174812526,RANGING,1.068508707724104,33.0
2019-02-26,22.5,4.311247168486625,0.0,-3.285965038312709,320,0.3911361155210301,RANGING,1.1771827435553381,34.0
2019-02-27,19.45288753799392,4.874417793030228,0.0,-2.675796262575449,329,0.39271862454379897,RANGING,1.3352754745146946,35.0
2019-02-28,24.458204334365323,4.927675921369481,0.0,1.4421832765893943,323,0.4060837907619485,RANGING,1.3673395707547895,36.0
2019-03-01,30.74433656957929,4.127048250362611,0.9708737864077669,1.5470454366838045,309,0.43073866846299314,RANGING,1.4014513767542487,37.0
2019-03-04,32.89902280130293,3.576985322309026,0.6514657980456027,0.8110140016263544,307,0.4205945474040388,RANGING,1.3840794933501452,38.0
2019-03-05,31.27035830618892,3.4045250592416365,0.32573289902280134,-0.14397630509611797,307,0.41102808644883193,RANGING,1.3655715470296055,39.0
2019-03-06,29.08496732026144,4.1039193209757405,0.32679738562091504,0.03996599350082983,306,0.41033272828848516,TRENDING_DOWN,1.3700089213280382,0.0
2019-03-07,26.058631921824105,3.6901816475678637,0.0,-0.7920393270134406,307,0.4199965504833258,TRENDING_DOWN,1.4016442672055078,1.0
2019-03-08,21.91780821917808,2.8180488643264203,0.3424657534246575,-0.976005865321499,292,0.4291125554937605,TRENDING_DOWN,1.3891548265568643,2.0
2019-03-11,22.972972972972975,3.9174392084448066,0.0,0.11441327167795974,296,0.41699038205290184,TRENDING_DOWN,1.3146800273660715,3.0
2019-03-12,21.232876712328768,5.932269801014287,0.3424657534246575,0.32795313300004797,292,0.41366186336991156,TRENDING_DOWN,1.3175597592481991,4.0
2019-03-13,20.677966101694913,3.5559297356989386,0.6779661016949152,-0.403485822263675,295,0.41637228817332284,TRENDING_DOWN,1.300799944925277,5.0
2019-03-14,21.232876712328768,4.420752540086712,0.684931506849315,-0.4863315853784321,292,0.4176660970884606,TRENDING_DOWN,1.3019095504837712,6.0
2019-03-15,17.91530944625407,4.817587160355306,0.32573289902280134,-1.9539583835715344,307,0.4141148245034356,TRENDING_DOWN,1.3666632295184036,7.0
2019-03-18,18.505338078291814,4.831744114279763,0.0,0.9890485872239979,281,0.4296532203536867,TRENDING_DOWN,1.3549474350708257,8.0
2019-03-19,19.12751677852349,3.9169613852740914,0.33557046979865773,-0.521290774563105,298,0.4245482180534745,TRENDING_DOWN,1.3757663670994544,9.0
2019-03-20,16.835016835016837,4.114042509452342,0.0,-0.4762016233581829,297,0.42460516516433916,TRENDING_DOWN,1.3256308537772359,10.0
2019-03-21,17.50841750841751,14.498000315913844,0.0,0.325576696872842,297,0.41312788790764327,TRENDING_DOWN,1.3125825361191998,11.0
2019-03-22,14.930555555555555,4.171089796026607,0.3472222222222222,-0.3787138066839939,288,0.41217155675952494,TRENDING_DOWN,1.3145689529213096,12.0
2019-03-25,14.23487544483986,4.233267271668375,0.3558718861209964,-1.5913785010873094,281,0.4285339695134968,TRENDING_DOWN,1.326276611871491,13.0
2019-03-26,16.286644951140065,4.547044243267163,0.6514657980456027,0.32368990735014563,307,0.382708289113717,TRENDING_DOWN,1.2480651139224934,14.0
2019-03-27,22.683706070287542,4.519661721927573,0.6389776357827476,2.0754054633047256,313,0.4014944286817259,RANGING,1.1144793752138153,0.0
2019-03-28,17.80821917808219,3.6501444040222877,0.3424657534246575,-1.0602688010492936,292,0.4027198834486125,TRENDING_DOWN,1.1204421451536157,0.0
2019-03-29,20.689655172413794,4.639714019872926,0.3448275862068966,0.5734766197255855,290,0.377683948732385,TRENDING_DOWN,1.0648073162439542,1.0
2019-04-01,17.857142857142858,4.290828591240078,0.0,-1.7159131235752627,280,0.3942113980544433,TRENDING_DOWN,1.0854820185713174,2.0
2019-04-02,15.120274914089347,4.439454602017567,0.0,-0.9849450649220276,291,0.3852345811117935,TRENDING_DOWN,1.1301064096611615,3.0
2019-04-03,16.83848797250859,4.423699964084852,0.0,-0.8063452069373781,291,0.37140246317448583,TRENDING_DOWN,1.1190206928474535,4.0
2019-04-04,11.513157894736842,3.9674137617350804,0.0,-2.1957294180516196,304,0.38966129696098,TRENDING_DOWN,1.1526781428031894,5.0
2019-04-05,11.11111111111111,4.007222679885601,0.0,0.030202800846318975,279,0.39359741141360116,TRENDING_DOWN,1.1280199436008058,6.0
2019-04-08,8.724832214765101,5.655172969005021,0.33557046979865773,-2.680294382478789,298,0.4179761461486262,TRENDING_DOWN,1.2199355342126164,7.0
2019-04-09,10.679611650485436,4.860032629161581,0.6472491909385114,0.25352910237805265,309,0.4131730617835575,TRENDING_DOWN,1.2526552000984696,8.0
2019-04-10,7.920792079207921,4.704403322336543,0.33003300330033003,-2.5113540001225765,303,0.4302822032500152,TRENDING_DOWN,1.3361046624158184,9.0
2019-04-11,8.21917808219178,4.611324292844973,0.0,-0.0811104402638302,292,0.43809812346637966,TRENDING_DOWN,1.3506357026436109,10.0
2019-04-12,12.101910828025478,5.452533448787945,0.3184713375796179,3.3225670146782282,314,0.4624364625775383,TRENDING_DOWN,1.3344708736733024,11.0
2019-04-15,14.47811447811448,4.319079995341163,0.0,0.526560833694931,297,0.46830894940507994,TRENDING_DOWN,1.28809985473581,12.0
2019-04-16,14.950166112956811,9.52583403201776,0.0,1.0274275133320803,301,0.4470215554477728,TRENDING_DOWN,1.2674512699310811,13.0
2019-04-17,10.793650793650794,3.799166101146398,0.31746031746031744,-1.822383808691943,315,0.46004050684770403,TRENDING_DOWN,1.355784098907917,14.0
2019-04-18,10.357142857142858,3.575416369142205,0.0,-0.7453581717729404,280,0.4717650766416799,TRENDING_DOWN,1.3686825387252943,15.0
2019-04-19,14.576271186440678,4.116190453517412,0.0,1.4589692173035886,295,0.45950525538419784,TRENDING_DOWN,1.4289131291115902,16.0
2019-04-22,11.363636363636363,4.223807174396251,0.3787878787878788,-1.737759269716196,264,0.4897975792122778,TRENDING_DOWN,1.4659491204874382,17.0
2019-04-23,10.801393728222997,4.7419738201370265,0.34843205574912894,-1.9074360673937858,287,0.48848978586822134,TRENDING_DOWN,1.5466721678891073,18.0
2019-04-24,12.286689419795222,5.0325358412044405,0.0,-0.7401722378392145,293,0.44588967783004424,TRENDING_DOWN,1.5080189293027542,19.0
2019-04-25,13.131313131313133,5.10630157013501,0.0,0.7661488792969872,297,0.44393678878396214,TRENDING_DOWN,1.4814967810386075,20.0
2019-04-26,15.51155115511551,4.289533297389541,0.33003300330033003,1.7841289641849092,303,0.45703940984769637,TRENDING_DOWN,1.4844200058011414,21.0
2019-04-29,17.20779220779221,4.6114686364575395,0.3246753246753247,0.6048248815967205,308,0.44361219429165927,TRENDING_DOWN,1.4959959509829117,22.0
2019-04-30,17.73049645390071,4.189507972159779,0.0,-0.6632616152800243,282,0.4456221845637127,TRENDING_DOWN,1.465879322887614,23.0
2019-05-02,15.412186379928317,5.700930169856617,0.35842293906810035,-0.6394839193133178,279,0.45609645241383595,TRENDING_DOWN,1.4872961666734625,24.0
2019-05-03,14.801444043321299,4.667010957977164,0.36101083032490977,-0.7049167734090809,277,0.45422323566015993,TRENDING_DOWN,1.484773530401035,25.0
2019-05-06,10.801393728222997,4.636555294014696,0.34843205574912894,-2.4889356324977236,287,0.45270906866322563,TRENDING_DOWN,1.5536145901382459,26.0
2019-05-07,9.95850622406639,4.193488273934002,0.0,-0.6311104054374287,241,0.4725255276408736,TRENDING_DOWN,1.4824762440410164,27.0
2019-05-08,7.885304659498208,4.483428721921093,0.0,-3.3996078371179665,279,0.46444427007464406,TRENDING_DOWN,1.5320694744659868,28.0
2019-05-09,9.72762645914397,4.682890412967031,0.0,-0.1578572453432183,257,0.4623959558201189,TRENDING_DOWN,1.5049785540093876,29.0
2019-05-10,8.29875518672199,3.645529528546263,0.4149377593360996,-1.0794386187370122,241,0.46704209370369626,TRENDING_DOWN,1.487887758367557,30.0
2019-05-13,6.506849315068493,6.983853040655465,0.0,-4.970476706627344,292,0.46911620681012894,TRENDING_DOWN,1.637160114429396,31.0
2019-05-14,5.4945054945054945,6.2208495676304665,0.0,-1.4062751843420365,273,0.45597037026029646,TRENDING_DOWN,1.631697008920442,32.0
2019-05-15,5.30035335689046,5.6628922035646765,0.0,2.4035787190351203,283,0.46170097691940015,TRENDING_DOWN,1.6503871933838121,33.0
2019-05-16,5.535055350553505,7.967227878949227,0.0,-3.139403335065325,271,0.46969732392366315,TRENDING_DOWN,1.6833504459081723,34.0
2019-05-17,5.30035335689046,7.10062463698827,0.0,-4.184975928293509,283,0.4918018096157526,TRENDING_DOWN,1.793964835729419,35.0
2019-05-20,5.0675675675675675,8.92576502763155,0.0,2.6339539077163474,296,0.480126250794279,TRENDING_DOWN,1.7973662984119967,36.0
2019-05-21,7.746478873239436,6.404192934720563,0.35211267605633806,0.6829572821533283,284,0.4530281367893789,TRENDING_DOWN,1.7955720484060527,37.0
2019-05-22,11.949685534591195,7.487376304863602,0.3144654088050315,5.306474266686092,318,0.5088928686968537,TRENDING_DOWN,1.80305302343092,38.0
2019-05-23,15.873015873015872,6.724845584747405,0.31746031746031744,3.0846535829544286,315,0.5272285767093262,VOLATILE,1.8386814549423955,0.0
2019-05-24,14.652014652014653,5.380842264662937,0.3663003663003663,0.24613222780897484,273,0.5501847170485887,VOLATILE,1.8173494649450603,1.0
2019-05-27,15.0,5.205245257602881,0.33333333333333337,0.13209865944345697,300,0.5025431188147679,VOLATILE,1.8056694372722715,2.0
2019-05-28,11.552346570397113,5.291717040155815,0.0,-2.6325642882573517,277,0.5281782500739509,TRENDING_DOWN,1.8897470849184905,0.0
2019-05-29,20.677966101694913,6.522587333871834,0.0,2.471659098659643,295,0.5182096261976082,VOLATILE,1.9356104921574142,0.0
2019-05-30,20.97902097902098,6.432163665727568,0.0,-0.6020678996160688,286,0.5149566112101993,VOLATILE,2.008496783441963,1.0
2019-06-03,23.46153846153846,4.604653849286296,0.0,-0.5733508222000705,260,0.5422764151421459,VOLATILE,2.0442700228613844,2.0
2019-06-10,14.760147601476014,7.715074403372032,0.0,-2.6958283401894136,271,0.5369303871793778,TRENDING_DOWN,2.159820409603806,0.0
2019-06-11,17.77777777777778,7.314807727893931,0.0,2.2017655671911047,270,0.5359281369981617,TRENDING_DOWN,2.1859889757168607,1.0
2019-06-12,22.535211267605636,6.704879884567287,0.35211267605633806,2.171753871312942,284,0.5137042840506147,TRENDING_DOWN,2.1230364821270182,2.0
2019-06-13,23.56902356902357,4.8456178337275855,0.0,1.5382956669859893,297,0.5068919463050029,VOLATILE,2.1194221292108293,0.0
2019-06-14,26.936026936026934,4.705464383482752,0.33670033670033667,0.24326664863153646,297,0.5013010900228477,VOLATILE,2.126568080521858,1.0
2019-06-17,22.516556291390728,5.808162737637955,0.0,-1.2007101382776832,302,0.4779567296808275,VOLATILE,2.0183730929840706,2.0
2019-06-18,19.92753623188406,5.0644495639310225,0.0,-1.981891260572948,276,0.49989952080293926,VOLATILE,2.0759711456063905,3.0
2019-06-19,19.548872180451127,4.175174569029833,0.0,-0.2802318914686625,266,0.5096762881407605,VOLATILE,2.03893569158925,4.0
2019-06-20,22.972972972972975,5.694930245140903,0.0,0.927481455628712,296,0.49298775360151004,VOLATILE,1.9575258937401554,5.0
2019-06-21,26.90909090909091,4.69147788731666,0.0,-0.1843541008661213,275,0.4794213419724532,VOLATILE,1.843065885652059,6.0
2019-06-24,17.894736842105264,5.704273585706675,0.0,-3.094614710639211,285,0.4997415237939215,VOLATILE,1.857136019285245,7.0
2019-06-25,18.374558303886925,6.346864650770198,0.0,-0.6318499564048905,283,0.4988243725187425,VOLATILE,1.8417010279427513,8.0
2019-06-26,17.905405405405407,5.8305907845938725,0.0,-1.0690777938419636,296,0.44879844613053743,TRENDING_DOWN,1.7449431715508061,0.0
2019-06-27,19.636363636363637,4.340630359999365,0.36363636363636365,0.4793532262219353,275,0.4434476006581385,TRENDING_DOWN,1.723529227148829,1.0
2019-06-28,25.675675675675674,5.906162161551881,0.33783783783783783,1.5384172676887207,296,0.43008542488295276,TRENDING_DOWN,1.7461855760114993,2.0
2019-07-01,18.846153846153847,5.178598599224012,0.38461538461538464,-0.5595029117199838,260,0.4450356680105806,TRENDING_DOWN,1.7350299282304873,3.0
2019-07-02,23.25581395348837,5.120312465345367,0.3875968992248062,1.611410125128494,258,0.4486364163463758,TRENDING_DOWN,1.6625868515301918,4.0
2019-07-03,28.671328671328673,4.9460797109809596,0.34965034965034963,1.6907596487426078,286,0.4122996785184987,VOLATILE,1.5753290798087474,0.0
2019-07-04,25.274725274725274,4.940366294211928,0.3663003663003663,-1.748994486371004,273,0.42220283944000087,TRENDING_DOWN,1.5802262152081723,0.0
2019-07-05,23.107569721115535,5.722696448225337,0.398406374501992,-1.316178515387867,251,0.43043935201650835,TRENDING_DOWN,1.5915155943167023,1.0
2019-07-08,19.607843137254903,4.544666285149188,0.0,-1.7002749945611844,255,0.4363786150260008,TRENDING_DOWN,1.5396050343363352,2.0
2019-07-09,18.359375,4.595941582020587,0.0,0.05547921816550045,256,0.4323969761470841,TRENDING_DOWN,1.5135776731634787,3.0
2019-07-10,19.6,3.8487050907939446,0.4,-0.21056034803406384,250,0.4183524581396947,TRENDING_DOWN,1.4593432929324863,4.0
2019-07-11,16.666666666666664,5.773439123408791,0.0,0.3096202879794894,252,0.41661953511521205,TRENDING_DOWN,1.3978536046806826,5.0
2019-07-12,17.131474103585656,4.588612073621621,1.1952191235059761,-1.5292546499619093,251,0.4225256323710791,TRENDING_DOWN,1.4121705879191,6.0
2019-07-15,10.606060606060606,5.428700461803908,0.7575757575757576,-3.447499647364476,264,0.44777066266371124,TRENDING_DOWN,1.4823861024596197,7.0
2019-07-16,8.880308880308881,5.612997451039969,0.0,0.18021408094950456,259,0.43918442431201005,TRENDING_DOWN,1.4682221471417285,8.0
2019-07-17,12.840466926070038,5.188051668681677,0.0,0.1561911550484524,257,0.4460145885444144,TRENDING_DOWN,1.5064024335705644,9.0
2019-07-18,7.664233576642336,5.7227067255881,0.36496350364963503,-3.78519434392743,274,0.454912489170945,TRENDING_DOWN,1.5958831354454437,10.0
2019-07-19,10.344827586206897,4.773629336508839,0.38314176245210724,0.32383214119098175,261,0.4545767539036707,TRENDING_DOWN,1.6557651445202648,11.0
2019-07-22,8.59375,5.039193091040477,0.390625,0.1900592031934415,256,0.44549313346409697,TRENDING_DOWN,1.575427618303768,12.0
2019-07-23,11.194029850746269,5.886900599184625,0.3731343283582089,1.1482441750684107,268,0.4513487985414782,TRENDING_DOWN,1.5410024122841888,13.0
2019-07-24,12.941176470588237,5.695398229434329,0.0,-0.46859629020462007,255,0.4411849559465343,TRENDING_DOWN,1.5338843383310625,14.0
2019-07-25,12.962962962962962,5.37399855586534,0.7407407407407408,-1.2481745032646636,270,0.4296756462301594,TRENDING_DOWN,1.4718766951033118,15.0
2019-07-26,12.790697674418606,6.390989904820522,0.0,-1.465480472747251,258,0.43709486266177144,TRENDING_DOWN,1.4696182040022747,16.0
2019-07-29,11.877394636015326,4.199670410510865,0.0,-2.1233661322490254,261,0.45589449633257706,TRENDING_DOWN,1.5121699817515692,17.0
2019-07-30,10.0,7.249304376057043,0.0,0.5974354567818114,250,0.44081278387134604,TRENDING_DOWN,1.4949466361236892,18.0
2019-07-31,11.956521739130435,6.6548420307273455,0.0,0.5118563492182041,276,0.4035146097401834,TRENDING_DOWN,1.449438107261212,19.0
2019-08-01,11.594202898550725,4.959431121163245,0.0,0.22690510058087365,276,0.402763450413539,TRENDING_DOWN,1.3702581510601302,20.0
2019-08-02,13.709677419354838,6.927623526775034,0.8064516129032258,0.670022728576798,248,0.40956051072314653,TRENDING_DOWN,1.3624989381492911,21.0
2019-08-05,9.236947791164658,5.353565396028802,0.0,-1.7444750557954352,249,0.4050191195011668,TRENDING_DOWN,1.4066540948275883,22.0
2019-08-06,7.722007722007722,5.489483958852252,0.0,-1.0903395061181025,259,0.387089003598523,TRENDING_DOWN,1.4146710377549925,23.0
2019-08-07,7.722007722007722,4.168061074810629,0.0,-1.8824283898834637,259,0.3852041965597311,TRENDING_DOWN,1.5497259511616752,24.0
2019-08-08,7.142857142857142,7.645994207470952,0.0,-1.5469964009199573,266,0.37816919086098955,TRENDING_DOWN,1.6854826723267702,25.0
2019-08-09,10.81081081081081,6.754851918892726,0.0,1.148712820600806,259,0.37944782278810346,TRENDING_DOWN,1.7542705223100845,26.0
2019-08-16,7.630522088353414,6.380933328274465,0.0,-1.4931493210284539,249,0.3592254878636835,TRENDING_DOWN,1.78794582096137,27.0
2019-08-19,9.252669039145907,6.069304514079795,0.7117437722419928,2.801269211583391,281,0.4152149383762533,TRENDING_DOWN,1.8156412769996517,28.0
2019-08-20,11.858974358974358,8.738272799361765,0.9615384615384616,2.873155595518705,312,0.4029350431672825,TRENDING_DOWN,1.829331915808494,29.0
2019-08-21,15.384615384615385,4.692545333671157,0.6993006993006993,2.1052193271778044,286,0.4219706999815379,TRENDING_DOWN,1.7793092315018872,30.0
2019-08-22,29.754601226993866,6.047303753674226,0.6134969325153374,4.779820887219915,326,0.45585583381587025,VOLATILE,1.7743037750376767,0.0
2019-08-23,31.20805369127517,6.62388436121137,1.006711409395973,-0.07514134731109616,298,0.4553844695094852,VOLATILE,1.8892753144257386,1.0
2019-08-26,16.428571428571427,6.3249138926624076,0.7142857142857143,-2.993172902849271,280,0.4791476674049959,TRENDING_DOWN,2.0448074415312947,0.0
2019-08-27,23.79182156133829,6.347329493613774,1.1152416356877324,0.1242186050167286,269,0.4771139805700047,TRENDING_DOWN,2.0855031167391713,1.0
2019-08-28,22.064056939501782,5.650715473376348,0.7117437722419928,-0.27048989578657057,281,0.47230300764161065,TRENDING_DOWN,2.11600508001414,2.0
2019-08-29,22.021660649819495,5.976392629149465,1.083032490974729,-1.592058480494348,277,0.474056438705901,TRENDING_DOWN,2.196499812990899,3.0
2019-08-30,16.666666666666664,7.845560211797441,0.7575757575757576,-1.1753844149177852,264,0.48662894213350993,TRENDING_DOWN,2.291663015652403,4.0
2019-09-02,21.0727969348659,6.590803263908767,0.38314176245210724,1.1749114453940432,261,0.4727585707372481,TRENDING_DOWN,2.298429099895565,5.0
2019-09-03,18.545454545454547,5.917820483661466,0.0,-1.1281725495063473,275,0.46620618244817147,TRENDING_DOWN,2.3314893014618066,6.0
2019-09-04,19.424460431654676,5.737096715220414,0.3597122302158274,1.9801774602103486,278,0.48160550572733574,TRENDING_DOWN,2.40215568133688,7.0
2019-09-05,20.437956204379564,7.25691522390369,0.36496350364963503,-0.4955938816536518,274,0.4761097552070527,TRENDING_DOWN,2.435990742276045,8.0
2019-09-06,25.0,4.669231223962607,0.43859649122807015,0.6954106292626117,228,0.49941949999706575,TRENDING_DOWN,2.3915161222560646,9.0
2019-09-11,23.75886524822695,6.347463475253629,0.7092198581560284,-0.6041886770147588,282,0.4721677265641698,VOLATILE,2.3798790043427784,0.0
2019-09-12,29.491525423728817,5.708531626720384,1.0169491525423728,1.8566147943112776,295,0.45787072169856985,VOLATILE,2.354974116077765,1.0
2019-09-13,30.0,4.875246732773174,0.3703703703703704,0.323653500959424,270,0.4792958520242741,VOLATILE,2.276169574900154,2.0
2019-09-16,32.857142857142854,3.9398920573224387,0.35714285714285715,0.19454267064960992,280,0.4747325101429878,VOLATILE,2.208128775030497,3.0
2019-09-17,35.35353535353536,4.276040097153545,0.6734006734006733,0.19039100947132354,297,0.44449132245866335,VOLATILE,2.1466411273086012,4.0
2019-09-18,30.208333333333332,4.044317882844202,0.0,-0.8713414815037951,288,0.4437868786041881,VOLATILE,2.085437168262744,5.0
2019-09-19,44.178082191780824,8.456544190186683,0.0,2.239462502610252,292,0.4379999454931458,VOLATILE,2.016681876073318,6.0
2019-09-20,41.75438596491228,6.931687650476575,0.3508771929824561,0.19331803969335126,285,0.43458793258275097,VOLATILE,1.9579787051829416,7.0
2019-09-23,36.55913978494624,4.722443245812446,0.35842293906810035,-0.8820341499629237,279,0.3929907898106943,VOLATILE,1.9010913284879531,8.0
2019-09-24,39.705882352941174,5.48355301613863,0.0,0.6501235929493767,272,0.4018447444960428,VOLATILE,1.8305338110492106,9.0
2019-09-25,35.59322033898305,6.057046010066059,0.0,-0.32512314559315003,295,0.34726017799550973,VOLATILE,1.7598536490015422,10.0
2019-09-26,35.86206896551724,6.3826599116544624,0.0,0.1780434141762789,290,0.34416912521667364,VOLATILE,1.7081404814994254,11.0
2019-09-27,49.10394265232975,6.512794228411956,0.0,1.7817998767908358,279,0.35749850266043803,VOLATILE,1.6985398872058406,12.0
2019-09-30,50.993377483443716,5.554751349688635,0.33112582781456956,0.9823884458414731,302,0.3363260194543629,VOLATILE,1.6619688673378246,13.0
2019-10-01,51.80327868852459,6.545388159587391,0.32786885245901637,1.5134951712519105,305,0.330173816320725,VOLATILE,1.5816144938104408,14.0
2019-10-02,55.40983606557377,4.568290524464613,0.6557377049180327,0.9281626873736544,305,0.31450555919006906,VOLATILE,1.5304935984686379,15.0
2019-10-03,65.12345679012346,6.380300948033703,0.0,3.640993298543896,324,0.3211054257852075,VOLATILE,1.5195398789396146,16.0
2019-10-04,69.56521739130434,5.681236224360475,0.6211180124223602,1.809574098076976,322,0.31089146014599855,RANGING,1.4225757507873864,0.0
2019-10-07,72.67605633802818,7.28109707858034,0.0,3.2528834691377813,355,0.30678652671721546,RANGING,1.4420180028908791,1.0
2019-10-08,75.15337423312883,5.961456820598328,0.3067484662576687,-0.8372792875562415,326,0.32099420442770005,RANGING,1.438175359400082,2.0
2019-10-09,76.19047619047619,5.231643591670901,0.9523809523809524,1.3594939252886158,315,0.3304902898703968,RANGING,1.3928905307104755,3.0
2019-10-10,73.9766081871345,5.382737471980283,0.8771929824561403,0.7473650350971824,342,0.3111391569283778,RANGING,1.3177279099086925,4.0
2019-10-11,79.06976744186046,5.928590752754916,1.1627906976744187,0.9383976197031982,344,0.310014110414758,RANGING,1.3459730610177794,5.0
2019-10-14,78.27476038338658,4.311742988311522,0.9584664536741214,-1.3485290255548668,313,0.3258529509863372,RANGING,1.3721185060898744,6.0
2019-10-15,76.37540453074433,5.305111960897077,0.0,0.4526162786448172,309,0.3435381456385396,RANGING,1.3753769049156606,7.0
2019-10-16,75.4601226993865,5.235274405419032,0.6134969325153374,0.9484082270725452,326,0.31644804486427186,RANGING,1.3602674244022015,8.0
2019-10-17,75.57755775577559,4.330733979498997,0.33003300330033003,-0.9803534450461765,303,0.3491097565606178,RANGING,1.3419080338515872,9.0
2019-10-18,73.68421052631578,6.629029601361318,0.6578947368421052,-0.5033640456423149,304,0.34040209531738014,RANGING,1.36555344455221,10.0
2019-10-21,63.541666666666664,5.012477346788876,0.3472222222222222,-4.5967143854201815,288,0.4296188334715992,RANGING,1.454968802828375,11.0
2019-10-22,63.41463414634146,4.44826407179424,0.34843205574912894,0.10393694548770092,287,0.4053858703790113,RANGING,1.4236756211640378,12.0
2019-10-23,64.72602739726028,4.899581082869878,0.0,0.9218156029210562,292,0.411183484737154,RANGING,1.4200355924352186,13.0
2019-10-24,66.78082191780823,5.525749214733472,0.684931506849315,0.7954558888987647,292,0.41313847053642083,RANGING,1.4216979913797814,14.0
2019-10-25,66.10738255033557,4.817877880475588,0.6711409395973155,0.28258355079091974,298,0.40470330001322913,RANGING,1.3710244326220706,15.0
2019-10-28,68.42105263157895,4.276305059823093,1.3157894736842104,0.986712297618955,304,0.4028630005596273,RANGING,1.3586898902266573,16.0
2019-10-29,69.05537459283387,4.980211507441808,0.6514657980456027,0.14751203520984052,307,0.3946065958551064,RANGING,1.3621033028764564,17.0
2019-10-30,66.77631578947368,4.82303408511804,1.3157894736842104,-0.31708798455344905,304,0.4028260769034706,RANGING,1.374196160646136,18.0
2019-10-31,67.63754045307444,4.491583369506629,1.2944983818770228,1.3136619496072086,309,0.3783593398089019,RANGING,1.354900993109515,19.0
2019-11-01,70.6081081081081,4.032202173300346,1.3513513513513513,0.9243537742526263,296,0.38680650913608006,RANGING,1.3521373358997337,20.0
2019-11-04,72.98136645962732,4.575209388393254,1.2422360248447204,2.034914868919501,322,0.37302504602834163,RANGING,1.3215733218888228,21.0
2019-11-05,76.0,5.130879209661815,2.1538461538461537,1.06314975866516,325,0.369464514203472,RANGING,1.30453774515807,22.0
2019-11-06,77.61194029850746,3.9515003821432724,1.4925373134328357,1.5234027010447209,335,0.3655492885609519,RANGING,1.344463476483123,23.0
2019-11-07,77.5,4.105354397948327,2.5,0.2330771072923686,320,0.3630053219457114,RANGING,1.3197358279928812,24.0
2019-11-08,79.0909090909091,7.970034250053234,2.727272727272727,1.5243915419952945,330,0.35061077866287693,RANGING,1.259833743582217,25.0
2019-11-11,84.08408408408408,4.583747625462154,2.4024024024024024,2.689424684301713,333,0.37059320976206467,RANGING,1.2676608763935642,26.0
2019-11-12,83.03571428571429,4.7481823710143365,2.083333333333333,0.41494404270004365,336,0.3711390694445451,RANGING,1.2934414707677502,27.0
2019-11-13,81.60237388724035,4.327502984480737,1.7804154302670623,1.1785981165099493,337,0.369847234728397,RANGING,1.3410136314619219,28.0
2019-11-14,83.04093567251462,5.322639430036099,1.7543859649122806,1.6794507360419701,342,0.36346654680146545,RANGING,1.3174982278644145,29.0
2019-11-15,86.36363636363636,4.854208473382355,1.7045454545454544,2.8624007912090317,352,0.3628628449586484,RANGING,1.3028813675220945,30.0
2019-11-18,87.67123287671232,4.95823700216704,3.0136986301369864,2.2205292772427394,365,0.282358117285525,RANGING,1.281745651569475,31.0
2019-11-19,86.04651162790698,5.457936110619878,3.1976744186046515,-0.08023682093756003,344,0.27089550964652775,RANGING,1.3075372422782991,32.0
2019-11-20,86.4306784660767,4.321407845206777,2.0648967551622417,-0.7266961672363301,339,0.2941530970158034,RANGING,1.3576984716207714,33.0
2019-11-21,83.23529411764706,4.766859171349648,0.29411764705882354,-2.238241756547251,340,0.3481071140628755,RANGING,1.4782591234649127,34.0
2019-11-22,86.32218844984803,4.783823361749334,1.21580547112462,2.7447298545626313,329,0.3601817329592758,VOLATILE,1.5318059294216422,0.0
2019-11-25,84.10404624277457,4.611304201008971,1.7341040462427744,1.0252148986597687,346,0.34193901419818573,VOLATILE,1.5223574725193059,1.0
2019-11-26,84.95575221238938,4.4811120942609985,1.1799410029498525,-0.9498626976003037,339,0.3649923522179667,VOLATILE,1.6359126393535663,2.0
2019-11-27,85.8934169278997,5.171621967942251,1.2539184952978055,1.2455604806343012,319,0.3622831522228796,VOLATILE,1.6440773376086495,3.0
2019-11-28,88.28571428571429,4.17051736447972,2.857142857142857,2.9422408075843207,350,0.36922415307728484,TRENDING_UP,1.6425271667871908,0.0
2019-11-29,88.98071625344353,4.978971291138964,4.132231404958678,2.7493652021439763,363,0.3670397553221181,TRENDING_UP,1.6644874407097414,1.0
2019-12-02,89.3048128342246,4.6766637460258975,5.614973262032086,2.6173955579198074,374,0.36473150282360156,TRENDING_UP,1.6204414690179663,2.0
2019-12-03,90.19607843137256,4.301882578823407,5.322128851540616,-0.5413911345450583,357,0.3844055471393384,TRENDING_UP,1.6781020655849064,3.0
2019-12-04,89.34426229508196,4.016463459726205,3.551912568306011,1.887561922884902,366,0.37802367452693075,TRENDING_UP,1.6606577218272849,4.0
2019-12-05,88.40970350404312,4.155736786904272,4.8517520215633425,0.9738751155962136,371,0.3761323112196875,TRENDING_UP,1.6660449643341377,5.0
2019-12-06,91.78470254957507,4.478976985901936,4.53257790368272,0.7083967840505453,353,0.38051747721938417,TRENDING_UP,1.6750326829477906,6.0
2019-12-09,91.5014164305949,5.871914558928648,4.815864022662889,-0.8141842627397907,353,0.39077194042148905,TRENDING_UP,1.6584769105996655,7.0
2019-12-10,92.3529411764706,3.287827195829349,2.941176470588235,0.3254496370368872,340,0.39216875957403036,TRENDING_UP,1.6414276791115658,8.0
2019-12-11,89.51841359773371,4.368973393995607,3.1161473087818696,-0.15607986285643427,353,0.3927946697329464,TRENDING_UP,1.6038705280989454,9.0
2019-12-12,89.6969696969697,3.630854264690807,1.5151515151515151,-0.551169691983568,330,0.4148218374246193,TRENDING_UP,1.6324917923778322,10.0
2019-12-13,89.7897897897898,4.431476543321868,2.1021021021021022,0.7720897133745868,333,0.404689252271429,TRENDING_UP,1.6352279112213466,11.0
2019-12-16,91.38888888888889,4.557889722949394,3.6111111111111107,1.6874793387673006,360,0.3913927183714606,TRENDING_UP,1.5964987772806705,12.0
2019-12-17,90.0,3.569573360691355,3.428571428571429,-0.5224862150267562,350,0.40679535472907913,TRENDING_UP,1.6534981012079446,13.0
2019-12-18,88.18181818181819,4.301499349650907,4.242424242424243,-1.0461841446061557,330,0.42217805587762036,TRENDING_UP,1.6416132118986557,14.0
2019-12-19,84.08408408408408,3.530350366047501,2.4024024024024024,-3.0112783814528723,333,0.45716290839701085,TRENDING_UP,1.7191000844414952,15.0
2019-12-20,83.01282051282051,3.565413754954044,1.9230769230769231,0.4278190964463731,312,0.44756459244556984,TRENDING_UP,1.6588535397481359,16.0
2019-12-23,67.42671009771986,4.125437312253079,1.6286644951140066,-2.879048196964753,307,0.4726814525496135,VOLATILE,1.7489312839913982,0.0
2019-12-24,72.13622291021672,4.909734873244877,0.9287925696594427,0.9200387771995115,323,0.4684796891933023,TRENDING_UP,1.7353574361639712,0.0
2019-12-26,78.86904761904762,3.7068621042505394,1.1904761904761905,1.7718149618566892,336,0.467353998302607,TRENDING_UP,1.7464930646650403,1.0
2019-12-27,75.86206896551724,4.22113378172302,1.2539184952978055,-0.8614900746718763,319,0.45007319691357656,TRENDING_UP,1.739238841642532,2.0
2019-12-30,75.98784194528876,3.288390419068544,1.5197568389057752,0.6586371815904033,329,0.4376111945092898,TRENDING_UP,1.705046662045875,3.0
2019-12-31,75.40983606557377,4.200268715963177,1.639344262295082,0.349235257547435,305,0.4330848793571716,TRENDING_UP,1.6462984729623746,4.0
2020-01-01,84.93723849372385,3.5006089997638803,3.3472803347280333,2.105212413660747,239,0.4741789068767721,TRENDING_UP,1.6307814009661876,5.0
2020-01-02,87.5,3.7152132151841846,5.078125,1.9783147769631941,256,0.46617757388763387,TRENDING_UP,1.6476282439391428,6.0
2020-01-03,81.40495867768594,4.81307477541004,5.785123966942149,-0.08946806720611547,242,0.46671919213899205,TRENDING_UP,1.679112923614184,7.0
2020-01-06,64.58333333333334,3.6307795661850153,1.6666666666666667,-3.648201453894569,240,0.5396067938942286,TRENDING_UP,1.8083571288814715,8.0
2020-01-07,69.47791164658635,3.786599253429792,0.8032128514056224,1.2284816582013975,249,0.5324277574437528,TRENDING_UP,1.7896276936565523,9.0
2020-01-08,53.68852459016394,3.502337504086878,0.819672131147541,-2.4681877313938387,244,0.5548761330747327,TRENDING_UP,1.8520205253888335,10.0
2020-01-09,72.97297297297297,4.587348554453175,1.9305019305019304,3.8633887629516774,259,0.5701331719344085,TRENDING_UP,1.888063350082678,11.0
2020-01-10,78.08764940239044,3.7516211559682193,4.780876494023905,1.5762048515343408,251,0.5867258972104822,TRENDING_UP,1.871516338190184,12.0
2020-01-13,80.08130081300813,4.78597937222566,3.6585365853658534,1.2548310354926766,246,0.598344870947763,TRENDING_UP,1.8538862949739117,13.0
2020-01-14,77.82101167315176,3.6138337371488047,0.7782101167315175,0.2420023523172903,257,0.5676456530445783,TRENDING_UP,1.8067495482217741,14.0
2020-01-15,75.7201646090535,3.1297848573328446,1.646090534979424,-0.5569815463347426,243,0.5972533862992331,TRENDING_UP,1.737443255336972,15.0
2020-01-16,74.58333333333333,2.7111920454083327,3.75,0.4561388867577844,240,0.6037698195571342,TRENDING_UP,1.719244817729439,16.0
2020-01-17,76.5432098765432,3.0615372992172274,4.11522633744856,0.14152187919484238,243,0.566376661977181,TRENDING_UP,1.5816232805169244,17.0
2020-01-20,64.9789029535865,3.3632116188131422,2.9535864978902953,-1.3391109911576187,237,0.5856651909040653,TRENDING_UP,1.6094611560921641,18.0
2020-01-21,58.00865800865801,3.294559413700676,2.5974025974025974,-0.6464901121940865,231,0.5693772085083869,TRENDING_UP,1.5818266016804594,19.0
2020-01-22,59.32203389830508,3.067320247401726,0.847457627118644,-0.4776259052311183,236,0.5697942693906551,TRENDING_UP,1.5251471584377077,20.0
2020-01-23,56.2753036437247,3.0504446171190516,3.643724696356275,0.15915653333637203,247,0.5481693501267837,TRENDING_UP,1.485462965468001,21.0
2020-01-24,58.0246913580247,3.3209918796057725,3.7037037037037033,0.41088709183639016,243,0.5539743363987968,TRENDING_UP,1.468076512506853,22.0
2020-01-27,57.98319327731093,4.294504271396341,2.5210084033613445,-0.0025318671884621557,238,0.5595110660321536,TRENDING_UP,1.4461509999123168,23.0
2020-01-28,54.69387755102041,3.393343057129099,2.0408163265306123,-0.2013050531157823,245,0.5504000049152171,TRENDING_UP,1.4614629736408669,24.0
2020-01-29,49.794238683127574,4.15856706559141,1.2345679012345678,-0.8512698911197597,243,0.5391394424705835,RANGING,1.4551107790933853,0.0
2020-01-30,53.52697095435685,3.0565489433114865,1.6597510373443984,0.589090583169894,241,0.5219048059879831,RANGING,1.3703362797054466,1.0
2020-01-31,49.36708860759494,3.2214219316017143,2.9535864978902953,0.04816904673016853,237,0.5300791264105508,RANGING,1.3578134435590448,2.0
2020-02-03,33.06122448979592,3.2797795921621953,2.0408163265306123,-2.8256634481361416,245,0.5271581357224687,RANGING,1.4336485736727462,3.0
2020-02-04,38.81856540084388,4.394807476827471,1.6877637130801686,1.0781392422197356,237,0.5214629794905913,RANGING,1.4087527593144056,4.0
2020-02-06,34.8936170212766,2.8692955475114847,0.425531914893617,-0.47016070151573935,235,0.503379814394248,RANGING,1.3790709306776938,5.0
2020-02-07,27.016129032258064,3.316231512840064,0.8064516129032258,-2.503034262192788,248,0.45430520811032904,RANGING,1.3522606201780938,6.0
2020-02-10,21.86234817813765,3.5372579065637573,0.8097165991902834,-3.1856236801535975,247,0.47868381844907615,RANGING,1.4113615138166793,7.0
2020-02-11,20.33898305084746,3.7927576132550853,0.847457627118644,1.3435755303721566,236,0.49919355362026124,RANGING,1.457636588789069,8.0
2020-02-12,27.380952380952383,4.038302373891229,0.3968253968253968,1.8570415957892543,252,0.5063102887771251,RANGING,1.4961796031840204,9.0
2020-02-13,26.160337552742618,4.447183179141065,0.8438818565400843,0.148236581057902,237,0.5282888925917497,VOLATILE,1.511547025566894,0.0
2020-02-14,22.52252252252252,3.239836333862035,0.45045045045045046,-0.8056939902474393,222,0.5198858619259444,VOLATILE,1.5331014435709227,1.0
2020-02-17,22.767857142857142,3.452867541317397,0.4464285714285714,-0.07503816029842367,224,0.5179699387549643,VOLATILE,1.562190812457652,2.0
2020-02-18,19.213973799126638,2.9333106983535897,0.8733624454148471,-0.6456841916721426,229,0.5059775661844421,VOLATILE,1.5493281327978474,3.0
2020-02-19,23.809523809523807,3.5570110560693777,0.0,1.1723474440473043,231,0.5006567712853455,VOLATILE,1.5146266671793034,4.0
2020-02-20,23.275862068965516,3.0958178611629137,0.43103448275862066,-0.23163286191828816,232,0.49783297689162287,RANGING,1.4834869626114553,0.0
2020-02-21,23.684210526315788,2.98455844033102,0.0,-0.0481027113544544,228,0.505690277240924,RANGING,1.4783292694864654,1.0
2020-02-24,19.00826446280992,3.2034748221180647,0.8264462809917356,-2.865177128835698,242,0.5111135857136877,VOLATILE,1.6110996575952274,0.0
2020-02-25,17.59656652360515,3.5303352872521216,0.8583690987124464,0.3801878843953881,233,0.5187065018218956,VOLATILE,1.660027613041696,1.0
2020-02-26,16.666666666666664,3.575863408425027,1.25,-1.3421222890046074,240,0.5150448359439941,VOLATILE,1.7499392905220457,2.0
2020-02-27,15.384615384615385,3.810984331222145,0.4048582995951417,-1.9343487518804745,247,0.4941896496805964,VOLATILE,1.8640560690539547,3.0
2020-02-28,17.355371900826448,3.2647040201436277,0.8264462809917356,0.3295931452315225,242,0.4938800527670098,VOLATILE,1.8841305804975954,4.0
2020-03-02,24.50592885375494,4.297808555737265,1.9762845849802373,3.6542749232518656,253,0.5418042147115971,VOLATILE,1.9229838432625983,5.0
2020-03-03,25.0,3.421786333303918,1.6129032258064515,0.16242577758915086,248,0.5241968066127831,VOLATILE,1.8526758381701085,6.0
2020-03-04,22.78481012658228,3.584393663401658,0.8438818565400843,-0.5123285306895053,237,0.5139979241221303,VOLATILE,1.8532529352497285,7.0
2020-03-05,30.434782608695656,3.5387576830577157,1.185770750988142,1.8181986460559254,253,0.5099524165176353,VOLATILE,1.8762389826243442,8.0
2020-03-06,20.920502092050206,3.6751528909571407,2.928870292887029,-2.213456016430278,239,0.5117874640322991,VOLATILE,1.9903612459238935,9.0
2020-03-09,22.76422764227642,4.967432957852379,2.0325203252032518,-0.7944891431941936,246,0.47790604664207753,VOLATILE,2.234597850181942,10.0
2020-03-10,25.910931174089068,3.6932500474669543,2.834008097165992,1.2670665086821629,247,0.4727920508248628,VOLATILE,2.1862318696404786,11.0
2020-03-11,23.333333333333332,3.415467310027428,2.083333333333333,-1.049899387318332,240,0.46019631727546034,VOLATILE,2.1724831279488774,12.0
2020-03-12,17.77777777777778,7.027304079822204,0.8888888888888888,-3.3734105271320907,225,0.5074614957183815,VOLATILE,2.4588901258708757,13.0
2020-03-13,20.502092050209207,5.8166713957581475,0.0,-0.002661112635407234,239,0.47987626955367013,VOLATILE,2.65097662619437,14.0
2020-03-16,8.898305084745763,4.955609835029585,0.0,-6.626418364470113,236,0.5768749011643788,VOLATILE,3.1301152355758104,15.0
2020-03-17,7.786885245901639,4.449532589107027,0.0,-2.775284963152585,244,0.5551144123312276,VOLATILE,3.3770836188445688,16.0
2020-03-18,5.371900826446281,5.511448221106416,0.0,-7.43212490670867,242,0.6209759124142401,VOLATILE,3.9123357569441124,17.0
2020-03-19,4.526748971193416,11.24376178087725,0.411522633744856,-2.1191719239774587,243,0.5934747689842194,VOLATILE,4.25018494959978,18.0
2020-03-20,4.273504273504273,5.90801045121041,0.0,0.24330004024138946,234,0.5911786394829878,VOLATILE,4.284634731136406,19.0
2020-03-24,2.9850746268656714,5.925036125737059,0.0,-6.509059594545849,201,0.6449042187748809,VOLATILE,4.772871044567739,20.0
2020-03-25,1.8867924528301887,6.7893047808568285,0.0,-3.501915532029505,212,0.6252173079952004,TRENDING_DOWN,5.2023923198965765,0.0
2020-03-26,4.3478260869565215,5.299380766433134,0.0,-0.4801974582328865,230,0.586464975913741,TRENDING_DOWN,5.239432358291277,1.0
2020-03-27,4.672897196261682,5.066532946397144,0.0,2.765378045797955,214,0.603372634788594,TRENDING_DOWN,5.028426261945662,2.0
2020-03-30,3.896103896103896,4.682714622757628,0.0,0.8366811788652868,231,0.6046572290578036,TRENDING_DOWN,5.061420120834771,3.0
2020-03-31,4.471544715447155,5.657388602200251,0.0,4.550061295324526,246,0.5918976796937073,TRENDING_DOWN,4.840667455082044,4.0
2020-04-01,6.374501992031872,6.9341754680798235,0.0,1.7148620186367236,251,0.5832473418462898,TRENDING_DOWN,4.792373101078878,5.0
2020-04-02,10.236220472440944,19.311250544195136,0.39370078740157477,6.541826515348699,254,0.6125155130605949,TRENDING_DOWN,4.736733277760918,6.0
2020-04-03,12.017167381974248,4.331036788504785,0.0,2.2897999898090005,233,0.6306784939769426,TRENDING_DOWN,4.642398485348233,7.0
2020-04-06,8.189655172413794,4.525375335508489,0.0,-3.951381754877868,232,0.627338001720654,TRENDING_DOWN,4.825703134325182,8.0
2020-04-07,8.771929824561402,3.9941048586770864,0.0,0.9801765178872573,228,0.6401875714245738,TRENDING_DOWN,4.472213194670129,9.0
2020-04-08,8.928571428571429,3.5210098019415486,0.0,-0.6443145127531418,224,0.6375885544094667,TRENDING_DOWN,4.4521519459809005,10.0
2020-04-09,12.5,4.422810812089101,0.4166666666666667,2.9224239760647754,240,0.6264768628830037,VOLATILE,4.366844864357213,0.0
2020-04-10,13.043478260869565,4.218496703900748,0.43478260869565216,0.8101244536424586,230,0.6401395663577222,VOLATILE,4.173362324088754,1.0
2020-04-13,10.775862068965516,5.006838256047975,0.0,-3.1251794826353496,232,0.6376277380028882,TRENDING_DOWN,4.172464528877169,0.0
2020-04-14,12.556053811659194,3.722112292558895,0.0,1.255471672475156,223,0.626899382236351,TRENDING_DOWN,3.828861592544406,1.0
2020-04-15,13.223140495867769,4.83642134310125,0.0,0.7256113197022164,242,0.6015153143383687,TRENDING_DOWN,3.6882017553827042,2.0
2020-04-16,18.695652173913043,3.5825229409618764,0.8695652173913043,0.21885258721319584,230,0.5885663912112435,VOLATILE,3.3894711239836237,0.0
2020-04-17,38.01652892561984,5.257605012001545,0.8264462809917356,6.515318963489348,242,0.6201524100275733,VOLATILE,3.2136862307096483,1.0
2020-04-20,38.8663967611336,6.154451412750221,2.0242914979757085,1.3566341290740973,247,0.6046769548728377,VOLATILE,3.149840371466567,2.0
2020-04-21,31.16883116883117,4.544499323263051,3.463203463203463,-2.601921847399431,231,0.5918687684769103,VOLATILE,3.106710611010821,3.0
2020-04-22,32.327586206896555,4.661355292683855,2.586206896551724,0.19311370835661187,232,0.6001622082229932,VOLATILE,2.9684686807603318,4.0
2020-04-23,31.877729257641924,3.803543093030061,2.1834061135371177,0.6678123501228981,229,0.6017075984200999,VOLATILE,2.8338629495814867,5.0
2020-04-24,32.59911894273127,3.421949683161141,0.4405286343612335,-0.5875576586910007,227,0.5948228285868985,VOLATILE,2.717721370050581,6.0
2020-04-27,31.877729257641924,3.9255922667879295,0.0,-0.920344193247392,229,0.5886962534804304,VOLATILE,2.763501108014123,7.0
2020-04-28,35.37117903930131,3.732770550713874,0.0,0.438779334238408,229,0.5655616966419807,VOLATILE,2.5957726676085024,8.0
2020-04-29,38.75,4.0768044882567445,1.25,1.1450126425844012,240,0.567627973469859,VOLATILE,2.5206762359600026,9.0
2020-04-30,46.58634538152611,4.422769457765569,2.4096385542168677,2.1273378951403887,249,0.549948303093574,VOLATILE,2.3972242319630475,10.0
2020-05-04,49.18032786885246,4.857017695712802,0.819672131147541,0.609402167710538,244,0.5579787031562459,VOLATILE,2.325523695743446,11.0
2020-05-05,55.833333333333336,4.603572881982776,1.6666666666666667,1.032177727778616,240,0.5279618481542374,VOLATILE,2.1902582168256464,12.0
2020-05-06,58.995815899581594,3.59230131748151,1.2552301255230125,0.2869101273401864,239,0.5161806664535997,VOLATILE,2.1659366144274617,13.0
2020-05-07,55.021834061135365,3.1923720699693647,0.8733624454148471,-1.5636726868771542,229,0.5458923648653565,VOLATILE,2.2098005174128406,14.0
2020-05-08,57.466063348416284,3.1592771509151554,1.809954751131222,0.3296421228973246,221,0.5216420240323911,VOLATILE,2.1076771486087567,15.0
2020-05-11,59.375,4.73538603527784,1.3392857142857142,0.9687176153144623,224,0.5170929996439108,VOLATILE,2.028678224444993,16.0
2020-05-12,62.39316239316239,4.153004795323002,0.8547008547008548,0.9778418733084061,234,0.47696578226192626,VOLATILE,1.8962506941340405,17.0
2020-05-13,63.74999999999999,3.8526447703136837,1.25,0.5745924038940393,240,0.46867937784975805,VOLATILE,1.8533679359297963,18.0
2020-05-14,65.0,4.904502267226863,1.25,1.520194371461634,240,0.4706971842283926,VOLATILE,1.8023467012178724,19.0
2020-05-15,71.73913043478261,3.895039108939344,1.7391304347826086,1.0930137270417737,230,0.47766923441750403,VOLATILE,1.7630033582948665,20.0
2020-05-18,71.36752136752136,4.3943407886169785,1.7094017094017095,0.3094918425986355,234,0.3634248596702102,VOLATILE,1.5806019055777911,21.0
2020-05-19,71.36929460580913,3.9427023719221332,1.2448132780082988,0.5139781802497929,241,0.3573596984662773,RANGING,1.4939949148895386,0.0
2020-05-20,73.93162393162393,3.9780608250122342,1.282051282051282,-0.2280668003432488,234,0.2856699408147716,RANGING,1.3916928777781759,1.0
2020-05-21,71.48936170212767,3.641882758651118,0.425531914893617,0.06020959242947529,235,0.2906979679132467,RANGING,1.3284191294577103,2.0
2020-05-28,75.22123893805309,4.0953664814277015,0.4424778761061947,0.1437313411607359,226,0.2963636678702482,RANGING,1.296658418265748,3.0
2020-05-29,76.69491525423729,3.8666726382260785,2.5423728813559325,0.7071685306274927,236,0.2880778789690636,RANGING,1.2911556698651963,4.0
2020-06-01,75.93360995850622,3.7001638836166464,0.8298755186721992,-0.34477139291707826,241,0.2703798351466384,RANGING,1.2240399365468868,5.0
2020-06-02,76.11336032388664,3.5337808365141608,1.6194331983805668,0.24451796731159087,247,0.2575086151386525,RANGING,1.2324179952075183,6.0
2020-06-03,77.17842323651453,3.4177313899271966,1.6597510373443984,-0.1891816954513365,241,0.2595399932243368,RANGING,1.1886762232489263,7.0
2020-06-04,76.69491525423729,4.243823171793501,1.2711864406779663,-0.03483660188728491,236,0.2423897729663706,RANGING,1.09594866731205,8.0
2020-06-05,78.44036697247707,2.7542689437070296,1.3761467889908259,1.0101309125328426,218,0.2440817549001559,RANGING,1.0640364804855387,9.0
2020-06-08,77.36625514403292,3.4522623231190606,2.4691358024691357,1.3817910877470458,243,0.25260956037225596,RANGING,1.0361437565990046,10.0
2020-06-09,77.8688524590164,3.649447446026107,2.0491803278688523,0.5525116027422625,244,0.24475236868619984,RANGING,0.994776402441128,11.0
2020-06-10,79.06976744186046,3.2862756530499517,2.7131782945736433,0.8650520804935544,258,0.19238871374586425,RANGING,0.949637074833425,12.0
2020-06-11,80.15873015873017,3.1385679104663704,2.380952380952381,0.8133142971352361,252,0.1902181579488948,RANGING,0.9359401945652243,13.0
2020-06-12,78.2051282051282,3.3101800058776454,2.564102564102564,-0.7154477306274141,234,0.22970346974038186,RANGING,1.0127319947889761,14.0
2020-06-15,66.53061224489795,4.1833831371268575,2.4489795918367347,-1.3617344829362235,245,0.2639416781784766,RANGING,1.103071411825332,15.0
2020-06-16,70.47244094488188,4.7643318896559315,2.7559055118110236,1.9698412447987586,254,0.28175461907338767,RANGING,1.1135076392334675,16.0
2020-06-17,67.578125,3.9569429574477972,4.6875,-0.6462536798695473,256,0.27421428424723704,RANGING,1.1650085025472194,17.0
2020-06-18,61.224489795918366,3.508785947952703,1.6326530612244898,-0.7137208393628349,245,0.2959725759951213,RANGING,1.2073145825040967,18.0
2020-06-19,58.744394618834086,3.4086161021230805,0.4484304932735426,-1.0907774148176068,223,0.34029229274274914,RANGING,1.16723197565473,19.0
2020-06-22,59.25925925925925,37.89030604642101,0.411522633744856,2.412771897341193,243,0.2607969320446456,RANGING,1.1832235063690946,20.0
2020-06-23,58.09128630705395,3.528161339805026,0.4149377593360996,1.1231394303304987,241,0.27155166884218357,RANGING,1.157291614357901,21.0
2020-06-24,59.25925925925925,3.4995015055972085,1.2345679012345678,-0.15258788854632768,243,0.2719683341707608,RANGING,1.1478552005088947,22.0
2020-06-25,54.132231404958674,3.6579818416848164,0.0,-0.6156404952236638,242,0.28600186555665563,RANGING,1.1794893625352776,23.0
2020-06-26,60.775862068965516,3.6869979451225467,0.43103448275862066,0.5364358668718286,232,0.29448142430640345,RANGING,1.16649218948193,24.0
2020-06-29,64.52991452991454,3.6919376059490214,0.4273504273504274,0.9835774265769305,234,0.29239204883109327,RANGING,1.1941252362368289,25.0
2020-06-30,65.4320987654321,3.5065462898492505,0.823045267489712,0.44605431289915176,243,0.29601303746713803,RANGING,1.1531503762718656,26.0
2020-07-01,68.82591093117408,3.7420225294842133,1.6194331983805668,1.1777409823485223,247,0.29255291825758717,RANGING,1.16801774521266,27.0
2020-07-02,70.44534412955466,3.5974692964397335,1.6194331983805668,0.5821475181510177,247,0.2887817457862666,RANGING,1.1604877669449922,28.0
2020-07-03,70.995670995671,3.654906175261173,1.7316017316017316,0.16723917495638269,231,0.2968607469605956,RANGING,1.1438936213067803,29.0
2020-07-06,77.86561264822134,4.041871057150646,2.766798418972332,1.800152314787273,253,0.28200104382913793,RANGING,1.113078601485054,30.0
2020-07-07,77.90697674418605,3.5497702826171222,2.7131782945736433,0.9680287107985873,258,0.2860114058389297,RANGING,1.1222191282420253,31.0
2020-07-08,82.25806451612904,3.1595994727634436,4.838709677419355,1.194406043097469,248,0.3049748394207853,RANGING,1.1151820330585147,32.0
2020-07-09,86.45418326693228,3.4789393534941646,2.3904382470119523,1.1534964162740033,251,0.2927011294226555,RANGING,1.1342691930229987,33.0
2020-07-10,85.23206751054853,3.1988413109318055,2.109704641350211,0.33008458166676946,237,0.29709635854784966,RANGING,1.0846426124055002,34.0
2020-07-13,83.39622641509435,3.7950570593664006,4.905660377358491,0.7437372503319876,265,0.24184814992543247,RANGING,1.035825538790837,35.0
2020-07-14,85.71428571428571,3.0499627260637925,4.365079365079365,0.9130024007091359,252,0.23545068332980656,RANGING,1.0441671052724677,36.0
2020-07-15,85.65737051792829,3.2011077977735725,5.9760956175298805,0.06333345342587196,251,0.23183510281002506,RANGING,0.9960623277115025,37.0
2020-07-16,84.4621513944223,3.370308547237488,7.968127490039841,1.2553575472075822,251,0.2056307544845614,RANGING,0.9741201964031675,38.0
2020-07-17,87.64940239043824,3.6845826833463318,11.553784860557768,1.8580071751085083,251,0.1769804462278687,RANGING,0.9685648732884475,39.0
2020-07-20,88.34586466165413,4.373169088655415,12.781954887218044,1.8536928481297053,266,0.22732633786486442,RANGING,0.9187457188563162,40.0
2020-07-21,85.17110266159695,3.390325879341164,6.083650190114068,-0.16203107124895225,263,0.2368309561923466,RANGING,0.9487402092980154,41.0
2020-07-22,86.69201520912547,4.0953870980278255,4.562737642585551,0.5934508864684386,263,0.22360637367537523,RANGING,0.9740372933353909,42.0
2020-07-23,87.78625954198473,3.1967622002390534,4.198473282442748,-0.7827384040013241,262,0.2327221916384966,RANGING,1.0051037556073066,43.0
2020-07-24,88.52459016393442,2.8433725311019997,2.459016393442623,-0.1737636755404221,244,0.2586400487730952,RANGING,1.0422076696158933,44.0
2020-07-27,85.94377510040161,3.139571708423687,3.614457831325301,0.7422628980231858,249,0.2542345556535672,RANGING,1.0512043590513747,45.0
2020-07-28,86.328125,3.4936158130820547,3.515625,0.9573255127164535,256,0.24381850062911206,RANGING,1.066201416771106,46.0
2020-07-29,83.89513108614233,3.141321135627109,4.119850187265917,0.11115422586664558,267,0.2449644221304129,TRENDING_UP,1.0582285579948865,0.0
2020-07-30,84.49612403100775,3.2155063361720377,6.2015503875969,0.9133623117458314,258,0.2506472302867707,TRENDING_UP,1.072486578682191,1.0
2020-08-03,87.3076923076923,3.4561135225372417,14.615384615384617,1.9666157367279804,260,0.25244764849293866,TRENDING_UP,1.1166679750328625,2.0
2020-08-04,85.60606060606061,3.8042342935229088,11.363636363636363,-0.9843490229409411,264,0.2784579109155676,TRENDING_UP,1.1963604683657085,3.0
2020-08-05,87.64940239043824,3.0164815422021323,7.968127490039841,0.9126106730436334,251,0.28182700472110045,TRENDING_UP,1.2178890237842002,4.0
2020-08-06,88.50574712643679,4.244835823740358,12.260536398467432,0.8933333227837664,261,0.27359155934724416,TRENDING_UP,1.2354616278595,5.0
2020-08-07,87.98449612403101,3.400407933394195,10.852713178294573,0.7098247953644323,258,0.27538711764702034,TRENDING_UP,1.240841485407457,6.0
2020-08-10,87.78625954198473,3.3395928670080215,5.343511450381679,-0.6745239120665203,262,0.281139469016411,TRENDING_UP,1.2556796032344935,7.0
2020-08-11,86.56716417910447,3.6495104585746803,3.731343283582089,1.0857212421407865,268,0.2797885279922124,TRENDING_UP,1.2677312024537015,8.0
2020-08-12,86.15384615384616,2.8552838836407832,4.615384615384616,-1.0005073846208508,260,0.306153100875055,TRENDING_UP,1.3108063166768718,9.0
2020-08-13,84.84848484848484,3.650042602073143,0.7575757575757576,0.25070137238323015,264,0.30094166371652287,TRENDING_UP,1.3678763408167738,10.0
2020-08-17,84.10852713178295,3.1783757630773795,2.3255813953488373,0.611649131651353,258,0.29956795947478276,TRENDING_UP,1.3880054832076767,11.0
2020-08-18,83.46456692913385,3.5101995205886585,3.149606299212598,0.3181573436607415,254,0.2850804315440721,TRENDING_UP,1.381973824911949,12.0
2020-08-19,83.46456692913385,3.480132291149822,3.937007874015748,-0.0941224066397668,254,0.2794871972032887,TRENDING_UP,1.3766660498763383,13.0
2020-08-20,81.12449799196787,3.0470800983841926,2.8112449799196786,-0.3747574372830559,249,0.2765483583829673,TRENDING_UP,1.3737055899951203,14.0
2020-08-21,79.84189723320159,3.136306101914276,3.1620553359683794,-0.500229730485276,253,0.28252213038180973,TRENDING_UP,1.4067721663870623,15.0
2020-08-24,82.93650793650794,3.2180973841198437,2.380952380952381,0.8151686152993377,252,0.2667967769710919,TRENDING_UP,1.373391436740312,16.0
2020-08-25,85.31746031746032,2.9914798856905382,4.761904761904762,1.2576262096845312,252,0.27894434642389454,TRENDING_UP,1.3484995589784963,17.0
2020-08-26,84.03041825095056,3.4027873837451015,8.365019011406844,1.2879018077208413,263,0.27791259481529257,TRENDING_UP,1.3196092073458867,18.0
2020-08-27,86.48648648648648,4.083064660673885,10.81081081081081,1.4741012323777887,259,0.2873229065430376,TRENDING_UP,1.3045489088392612,19.0
2020-08-28,87.2340425531915,4.233510469825635,6.808510638297872,0.48307221598783345,235,0.29705715732972476,TRENDING_UP,1.2656316144058068,20.0
2020-08-31,86.11111111111111,4.167554103639118,6.746031746031746,0.2080949374212843,252,0.28435388026814956,TRENDING_UP,1.2402577611355419,21.0
2020-09-01,87.73946360153256,3.6600370381355227,10.344827586206897,1.4984509901586254,261,0.26996965306318693,TRENDING_UP,1.1881477893896308,22.0
2020-09-02,88.54961832061069,4.209515612941781,16.412213740458014,2.045651141890171,262,0.2638962048561846,TRENDING_UP,1.1457194181406167,23.0
2020-09-03,89.66789667896678,4.09981305535141,15.867158671586715,2.18790551460486,271,0.2833033516824478,TRENDING_UP,1.1199399546459887,24.0
2020-09-04,90.11406844106465,3.7915979317440107,11.787072243346007,0.32312947004355924,263,0.28315942010123496,TRENDING_UP,1.1038704994883741,25.0
2020-09-07,91.85185185185185,4.1717229997019984,15.555555555555555,1.625247597330914,270,0.28541414905623985,TRENDING_UP,1.0816299509998037,26.0
2020-09-08,88.92988929889299,4.3685136019343975,14.022140221402212,-0.6280632815240376,271,0.2801933135841318,TRENDING_UP,1.1193530385357304,27.0
2020-09-09,89.65517241379311,4.998902455749671,11.494252873563218,1.356387137890174,261,0.28036793554074546,TRENDING_UP,1.0938693192296924,28.0
2020-09-10,91.04477611940298,5.741896497015233,16.417910447761194,1.7010871821960332,268,0.26071640629280535,TRENDING_UP,1.0949414207447814,29.0
2020-09-11,87.54716981132076,3.683342984912515,9.811320754716983,-0.07535486470022325,265,0.26165062227398217,TRENDING_UP,1.0681080265135718,30.0
2020-09-14,88.37209302325581,3.20208611050836,6.5891472868217065,0.062461789839188236,258,0.2779232860617253,TRENDING_UP,1.0548605251049166,31.0
2020-09-15,84.81481481481481,3.71193351415578,6.666666666666667,-0.5290718140734262,270,0.28488590396714,TRENDING_UP,1.088568998276596,32.0
2020-09-16,87.35177865612648,2.7893125575988766,5.138339920948617,-0.4380199227181475,253,0.29611918915511287,TRENDING_UP,1.1012757590177265,33.0
2020-09-17,86.74698795180723,3.391250548264599,5.220883534136546,0.11653894611905745,249,0.2931321229721384,TRENDING_UP,1.0866472374001896,34.0
2020-09-18,84.94208494208493,2.8728318088166733,5.019305019305019,0.06450385873562954,259,0.2844214631293154,TRENDING_UP,1.0460428432015623,35.0
2020-09-21,83.6,3.103059744766988,3.2,-0.5086550406821987,250,0.2993611633748404,TRENDING_UP,1.0635358690268195,36.0
2020-09-22,74.80916030534351,3.1014010689260663,2.2900763358778624,-0.8903414291258124,262,0.3071086507243229,TRENDING_UP,1.067950372123014,37.0
2020-09-23,74.71264367816092,2.990314650237451,3.4482758620689653,0.023091019633684224,261,0.30391176855909563,TRENDING_UP,1.0268228347039599,38.0
2020-09-24,72.34848484848484,2.963872319603254,1.893939393939394,-0.7759426498092418,264,0.3083530781439528,TRENDING_UP,1.0418747190918514,39.0
2020-09-25,68.84615384615384,3.2959020709141775,3.8461538461538463,-0.0570282624734745,260,0.3079050465264859,RANGING,1.0838289422158534,0.0
2020-09-28,52.67175572519084,3.951561501358714,2.2900763358778624,-3.241437171055296,262,0.39318307751609666,RANGING,1.213171268711211,1.0
2020-09-29,58.203125,3.6405374193169266,1.171875,1.1724173366729156,256,0.39646249635471226,RANGING,1.2905806569984344,2.0
2020-09-30,49.049429657794676,3.5425823075525957,0.38022813688212925,-1.5954994826125255,263,0.38797556473688544,RANGING,1.3585097216073956,3.0
2020-10-01,44.97991967871486,3.1116168675234204,1.2048192771084338,-0.600364907688407,249,0.3715466345218357,RANGING,1.3849573664869421,4.0
2020-10-02,35.41666666666667,3.604794444696834,0.8333333333333334,-1.8692200728673363,240,0.3970412551823442,RANGING,1.476436849448839,5.0
2020-10-05,25.769230769230766,3.319730479446224,0.0,-4.3373782392960765,260,0.44651918380233346,VOLATILE,1.6201803981166287,0.0
2020-10-06,25.099601593625497,3.661507825058591,0.0,0.8306971443817243,251,0.4586437818626765,VOLATILE,1.6389172009033048,1.0
2020-10-07,37.16475095785441,4.723957462573157,0.0,3.7806213658061165,261,0.503463336676869,VOLATILE,1.6352023941805727,2.0
2020-10-08,40.07936507936508,3.6355134945412964,0.7936507936507936,0.811685853329651,252,0.5168845711629134,VOLATILE,1.5761336901125609,3.0
2020-10-09,41.03585657370518,4.13577970222185,1.9920318725099602,1.3148092477538225,251,0.5242522979797709,VOLATILE,1.5724820783544864,4.0
2020-10-12,29.554655870445345,3.6405952713521916,1.6194331983805668,-1.9302859432139416,247,0.5335324843998921,VOLATILE,1.6632093851700904,5.0
2020-10-13,28.000000000000004,2.772024731329025,0.8,-0.6189659920391511,250,0.5250844502012189,VOLATILE,1.682633170918749,6.0
2020-10-14,34.24124513618677,3.379067561028456,1.556420233463035,1.5763782078136157,257,0.5247125423144358,VOLATILE,1.662566457147455,7.0
2020-10-15,35.60606060606061,3.700651983152158,3.0303030303030303,0.4780370059675866,264,0.5226180848112087,VOLATILE,1.6870987651393894,8.0
2020-10-16,34.04255319148936,4.174673501765918,3.404255319148936,0.6757563494138215,235,0.551327967393338,VOLATILE,1.7027839842724903,9.0
2020-10-19,36.666666666666664,3.4451429847969752,2.5,1.1630757336957307,240,0.5511487462013934,VOLATILE,1.6932910793385343,10.0
2020-10-20,45.73643410852713,3.465579129889218,2.7131782945736433,1.466591878534078,258,0.5279712295596419,VOLATILE,1.6940647876360755,11.0
2020-10-21,54.330708661417326,3.6955862746097203,3.149606299212598,1.8052957851954594,254,0.5398970013708185,VOLATILE,1.717275071793281,12.0
2020-10-22,49.392712550607285,3.2772871582833836,2.834008097165992,-0.8272102637885091,247,0.5433266235317947,VOLATILE,1.7561255097815431,13.0
2020-10-23,51.02040816326531,3.0501910403008816,1.6326530612244898,0.5358313608361045,245,0.5420636596848406,VOLATILE,1.731490815683613,14.0
2020-10-26,59.925093632958806,3.4843790604923686,3.3707865168539324,1.931923864490931,267,0.5026596110280541,TRENDING_UP,1.644053220907674,0.0
2020-10-27,54.980079681274894,3.2753576063313474,3.5856573705179287,-1.0061763733559375,251,0.5168542554305825,TRENDING_UP,1.606946816996735,1.0
2020-10-28,51.34099616858238,3.4740479162727103,3.065134099616858,-0.16126299778015843,261,0.5069931781614658,TRENDING_UP,1.575004746659493,2.0
2020-10-29,30.620155038759687,3.5780687672949454,2.7131782945736433,-3.697833797090398,258,0.5530928722526989,VOLATILE,1.787936221419976,0.0
2020-11-02,26.877470355731226,3.8911355379363948,1.5810276679841897,-1.8978508126337892,253,0.5508709397202406,VOLATILE,1.845908358981781,1.0
2020-11-03,38.759689922480625,3.7881240764458197,1.550387596899225,3.823820511976382,258,0.5503841564860814,VOLATILE,1.8059427067791023,2.0
2020-11-04,33.064516129032256,3.667784379985237,2.82258064516129,-0.4091588650496715,248,0.5647889740791494,VOLATILE,1.803788842449573,3.0
2020-11-05,43.57976653696498,2.9056840845875342,0.7782101167315175,1.8179034948625648,257,0.5357163107602212,TRENDING_UP,1.7703749333476182,0.0
2020-11-06,42.91497975708502,3.2841789730838427,3.2388663967611335,-0.2563264800900953,247,0.5437599712702084,TRENDING_UP,1.7735193870313513,1.0
2020-11-09,40.15748031496063,3.0924833502884783,1.574803149606299,-0.14054796887314192,254,0.5353508221061221,VOLATILE,1.7496905652309107,0.0
2020-11-10,43.75,2.8309104693003766,1.953125,0.4796327832705712,256,0.5151175636450948,TRENDING_UP,1.7237483005512366,0.0
2020-11-11,39.920948616600796,2.8785178853023776,1.5810276679841897,-0.4358289765761945,253,0.5267802134226752,TRENDING_UP,1.6945677534363903,1.0
2020-11-12,31.153846153846153,3.7306384370724954,3.076923076923077,-1.7728121301961617,260,0.5301089842490385,VOLATILE,1.766172680332952,0.0
2020-11-13,31.32530120481928,3.4010779052489712,2.8112449799196786,0.3801295847041336,249,0.5455384963491253,VOLATILE,1.7536600906842246,1.0
2020-11-16,33.744855967078195,2.6654834619855627,2.05761316872428,-0.20033626135579702,243,0.5474677623945807,VOLATILE,1.7369271505193837,2.0
2020-11-17,32.80632411067194,2.758311617398635,1.185770750988142,0.3960172331798945,253,0.5403435893496497,VOLATILE,1.7362943196596936,3.0
2020-11-18,32.78688524590164,2.9225199780389577,0.819672131147541,0.2022818491568979,244,0.5535453933740784,VOLATILE,1.692442515266693,4.0
2020-11-19,33.47280334728033,4.481131049839917,0.8368200836820083,-0.0036801160229069587,239,0.5538683609081156,VOLATILE,1.649069946991542,5.0
2020-11-20,27.235772357723576,3.4176835600378537,0.40650406504065045,-1.0195161424501824,246,0.5512683447182634,VOLATILE,1.6314244990566635,6.0
2020-11-23,22.76422764227642,3.6064569337828383,0.8130081300813009,-1.8972978319512854,246,0.5649911577730568,VOLATILE,1.7241358863882486,7.0
2020-11-24,26.229508196721312,2.766888175751327,0.4098360655737705,0.5138651651429686,244,0.5642598132628291,VOLATILE,1.6864910534385456,8.0
2020-11-25,31.25,3.0182916285901413,0.4166666666666667,1.1485664975254222,240,0.5661775057764209,VOLATILE,1.661762123636586,9.0
2020-11-26,40.92664092664093,2.8556405443000057,1.9305019305019304,1.784053424688606,259,0.5562841892758428,VOLATILE,1.6514184508651122,10.0
2020-11-27,41.40625,3.9372543810412575,3.125,0.6053838342280119,256,0.5288842041342383,TRENDING_UP,1.4646560193338933,0.0
2020-11-30,47.30290456431535,2.8191573874913147,3.319502074688797,0.9846381704515935,241,0.5189666106873191,TRENDING_UP,1.374473383944314,1.0
2020-12-01,53.96825396825397,3.0018136164306317,5.555555555555555,1.420255598892655,252,0.44061040306079097,TRENDING_UP,1.266925667348368,2.0
2020-12-02,57.35849056603774,3.1314065782158615,6.037735849056604,0.8500368600955904,265,0.4177415092058677,TRENDING_UP,1.2224245242030303,3.0
2020-12-03,59.055118110236215,3.057583873602988,4.330708661417323,0.3154705364725514,254,0.410279202254057,TRENDING_UP,1.1743002949981576,4.0
2020-12-04,59.68992248062015,2.95496805928197,3.488372093023256,0.6582251258770591,258,0.39691361468436137,TRENDING_UP,1.1463371004809606,5.0
2020-12-07,60.546875,2.8107318724403516,3.515625,0.06907452720720442,256,0.40053141900837513,TRENDING_UP,1.1402326137454502,6.0
2020-12-08,63.56275303643725,2.8612096691963,3.643724696356275,0.24076506730932998,247,0.409842071327787,TRENDING_UP,1.0779318594130674,7.0
2020-12-09,64.2023346303502,3.1589863100878475,4.669260700389105,0.8435392185790448,257,0.39840792319461865,TRENDING_UP,1.0621888478422536,8.0
2020-12-10,64.36781609195403,3.1881264581217943,5.363984674329502,0.6027826933166494,261,0.3629898772588522,TRENDING_UP,1.0143800477664529,9.0
2020-12-11,68.06083650190115,3.0478061321492347,6.4638783269961975,0.8817761060235739,263,0.35392760876604334,TRENDING_UP,0.9980635920696738,10.0
2020-12-14,76.51515151515152,3.4059583747028714,6.8181818181818175,1.8597226038366912,264,0.36489965227068155,TRENDING_UP,1.0404283064247344,11.0
2020-12-15,74.24242424242425,3.0149484670096576,8.712121212121213,0.1121540474648449,264,0.3594516913188029,TRENDING_UP,1.055105519337889,12.0
2020-12-16,73.5632183908046,3.231384679046492,4.597701149425287,-0.04281305593988905,261,0.35475909215371165,TRENDING_UP,1.0592204508328942,13.0
2020-12-17,79.08745247148289,3.0866060042951586,7.604562737642586,1.3491461832898068,263,0.36180328432747516,TRENDING_UP,1.0630253281662374,14.0
2020-12-18,76.47058823529412,3.3242242375051285,9.803921568627452,0.3709532936010751,255,0.34411436275359175,TRENDING_UP,1.046032800227706,15.0
2020-12-21,74.71264367816092,3.0371466534136733,8.812260536398467,-0.30601583922542847,261,0.2826512357606435,TRENDING_UP,1.0122581100739927,16.0
2020-12-22,68.67924528301886,3.4704737329908246,5.660377358490567,-0.9279304730860475,265,0.306806533521529,TRENDING_UP,1.0609251090849172,17.0
2020-12-23,72.39999999999999,3.0972262406335624,2.4,0.5586610935603759,250,0.3128572511887486,TRENDING_UP,1.0327053892410136,18.0
2020-12-24,73.84615384615385,3.306246291997536,3.076923076923077,0.8577024045608019,260,0.289666969636886,TRENDING_UP,1.0011200741096136,19.0
2020-12-28,76.44787644787645,2.9541527166868313,5.405405405405405,0.6681216772129213,259,0.2771099733527181,TRENDING_UP,0.9987296871293605,20.0
2020-12-29,72.72727272727273,3.0426473345886116,4.166666666666666,-0.5571465339741961,264,0.2878744384941006,TRENDING_UP,1.038176833146692,21.0
2020-12-30,77.69516728624535,2.9319385448437125,5.5762081784386615,1.422608035147852,269,0.2810601555608931,TRENDING_UP,1.0069502613127999,22.0
2020-12-31,78.49056603773586,3.0642192147583613,4.905660377358491,0.5875203488007947,265,0.27980149258809506,TRENDING_UP,0.9844572256028873,23.0
2021-01-01,82.74509803921568,3.3456047223055605,3.1372549019607843,0.9947249584458939,255,0.2808173797542681,TRENDING_UP,1.0500024755371933,24.0
2021-01-04,79.37743190661479,3.260964325242633,3.8910505836575875,-0.11377295213761633,257,0.2756726631057515,TRENDING_UP,1.0855749146385751,25.0
2021-01-05,82.55813953488372,3.019565824049194,8.13953488372093,0.7275701272478037,258,0.2708863897883265,TRENDING_UP,1.0973354567917954,26.0
2021-01-06,83.58778625954199,3.500813009532532,8.396946564885496,0.8986727588706507,262,0.2731000331068953,TRENDING_UP,1.1137462012844224,27.0
2021-01-07,82.28346456692913,2.7145416500656636,7.480314960629922,-0.10357460131750922,254,0.2738752738113429,TRENDING_UP,1.125234703009449,28.0
2021-01-08,83.96946564885496,2.61569525962857,7.251908396946565,0.5665307403653825,262,0.2752362029839551,TRENDING_UP,1.144990815769105,29.0
2021-01-11,82.82442748091603,3.43712860102532,6.106870229007633,0.2827455543106117,262,0.2649422971115472,TRENDING_UP,1.1744733411072639,30.0
2021-01-12,85.17110266159695,4.188592378572335,7.224334600760455,1.6712562240097972,263,0.2513829013020858,TRENDING_UP,1.1187101008578897,31.0
2021-01-13,84.19117647058823,3.170007867454131,8.455882352941178,0.4820276699394648,272,0.2446334721015407,TRENDING_UP,1.0938534616449394,32.0
2021-01-14,85.87360594795538,3.504972679100888,6.319702602230483,0.13929120744115098,269,0.24389164081932369,TRENDING_UP,1.1014539235714371,33.0
2021-01-15,88.07692307692308,3.808028463388543,6.923076923076923,0.38667973879933515,260,0.23598012245409883,TRENDING_UP,1.0886079118678031,34.0
2021-01-18,84.26966292134831,3.055219514579141,5.992509363295881,0.04058440570211795,267,0.23536851445467397,TRENDING_UP,1.0952391470362617,35.0
2021-01-19,86.09022556390977,2.987593844715312,4.511278195488721,0.3115920412187694,266,0.22574222236684896,TRENDING_UP,1.0786365142496526,36.0
2021-01-20,83.65758754863813,2.7848644760706263,5.447470817120623,0.01334336697513115,257,0.20202940652075915,TRENDING_UP,1.044170209300362,37.0
2021-01-21,83.65019011406845,2.9759540502203237,5.323193916349809,0.5153030836440802,263,0.20359110844773298,TRENDING_UP,1.0484107022241873,38.0
2021-01-22,80.64516129032258,2.525398099062364,6.854838709677419,-0.08194474812024616,248,0.210640463825679,TRENDING_UP,1.0382839554513343,39.0
2021-01-25,81.85328185328186,3.228262738338307,7.335907335907336,0.6455856822944579,259,0.21558871000407545,TRENDING_UP,1.0308501368262728,40.0
2021-01-26,78.98832684824903,2.813674928021482,8.949416342412452,0.32742297235537515,257,0.19966777479515874,TRENDING_UP,0.9834041157654639,41.0
2021-01-27,79.3103448275862,3.6030232679301197,8.045977011494253,0.4362606475231782,261,0.18165350076449077,TRENDING_UP,0.9736519743691798,42.0
2021-01-28,76.20967741935483,3.2052006668106108,9.274193548387096,-0.17884245126961001,248,0.18585658176993738,TRENDING_UP,1.0133907925845949,43.0
2021-01-29,75.28089887640449,3.5103646507295716,9.363295880149813,0.5538543646981883,267,0.17435696688111332,TRENDING_UP,0.9408427712601818,44.0
2021-02-01,77.04280155642024,3.4753206880583973,8.171206225680933,0.2759356578101893,257,0.17549965485894709,TRENDING_UP,0.9365849017642756,45.0
2021-02-02,77.13178294573643,2.9582652560576292,5.038759689922481,0.20177851613673498,258,0.17826031151471033,TRENDING_UP,0.932348282558694,46.0
2021-02-03,75.66539923954373,3.5654511229424726,7.984790874524715,0.6456949552511522,263,0.1696818252218923,TRENDING_UP,0.9252533844068757,47.0
2021-02-04,74.6268656716418,2.999301535159831,6.7164179104477615,-0.28230102798363826,268,0.16937759134513614,TRENDING_UP,0.9392603770238178,48.0
2021-02-08,73.64341085271317,3.426429598045393,3.875968992248062,-0.12131051296484927,258,0.17542442060908092,TRENDING_UP,0.9261701211873594,49.0
2021-02-09,72.58687258687259,3.4536394872898826,5.405405405405405,0.34947261454151507,259,0.17539047545891517,TRENDING_UP,0.9037591401093149,50.0
2021-02-10,72.58064516129032,3.8546922029669326,6.854838709677419,0.5053720936554422,248,0.13872229415345136,TRENDING_UP,0.9146124852581107,51.0
2021-02-11,61.328125,4.9474898760499695,7.421875,-1.0460434098160818,256,0.19885165037287583,RANGING,0.9895730196944912,0.0
2021-02-12,57.028112449799195,3.1712625691341554,3.2128514056224895,-0.3807611245583922,249,0.1981936373203219,RANGING,1.0174463787832624,1.0
2021-02-15,61.693548387096776,3.1456517576300365,4.838709677419355,0.7032935596404849,248,0.21205605262931815,TRENDING_UP,1.0477925995119426,0.0
2021-02-16,61.417322834645674,3.286452364463003,4.330708661417323,0.4949080530524997,254,0.22024817231549962,TRENDING_UP,1.055513415884417,1.0
2021-02-17,60.15625,3.5299592718217236,6.640625,0.338243338062145,256,0.20972203618806287,TRENDING_UP,1.0789000802683206,2.0
2021-02-18,56.640625,3.0059768588733107,6.25,-0.20694649529488426,256,0.21191827210963624,RANGING,1.130267730091452,0.0
2021-02-19,63.035019455252915,3.3918708979129324,6.22568093385214,0.9283445274840246,257,0.2105000985865683,RANGING,1.1038080023535715,1.0
2021-02-22,57.421875,3.6919968574977444,6.25,0.10565096369669061,256,0.21388288025239158,RANGING,1.1351722508849433,2.0
2021-02-23,54.474708171206224,3.007464264208563,6.614785992217899,-0.3162631509289986,257,0.20975580401764402,RANGING,1.1500718913156411,3.0
2021-02-24,47.286821705426355,2.885063707625942,3.10077519379845,-1.9450316778963106,258,0.2609731429661406,RANGING,1.2003494951124931,4.0
2021-02-25,48.837209302325576,2.9955467479606552,2.3255813953488373,0.7678464802501485,258,0.2674071031358877,RANGING,1.2097454575832993,5.0
2021-02-26,46.53846153846154,3.1257888739208974,3.8461538461538463,-0.8331228489613737,260,0.2664833071941546,RANGING,1.2072282972949768,6.0
2021-03-01,39.61538461538461,3.1298072865608604,2.307692307692308,-1.4094089176580233,260,0.2836769984738688,RANGING,1.2610983643915368,7.0
2021-03-02,45.8955223880597,3.3492783720695685,3.731343283582089,1.197774380436764,268,0.29468138161727087,RANGING,1.2474058654689832,8.0
2021-03-03,45.059288537549406,2.745790979506988,4.743083003952568,0.6146021642891143,253,0.30869530964058517,RANGING,1.2281670717002613,9.0
2021-03-04,34.78260869565217,3.1647263528943506,1.5810276679841897,-2.738993904262568,253,0.37264404671625867,RANGING,1.3105880425004959,10.0
2021-03-05,39.130434782608695,2.897216871819231,2.766798418972332,1.1168590709732102,253,0.3844800519095531,RANGING,1.3148829502578139,11.0
2021-03-08,29.64426877470356,3.2211842692478445,3.1620553359683794,-1.7211976965693108,253,0.41520526889416975,RANGING,1.4675074165862945,12.0
2021-03-09,20.229007633587788,3.492886247762944,1.5267175572519083,-3.061420129955423,262,0.4450631391180019,VOLATILE,1.5878477920154959,0.0
2021-03-10,18.650793650793652,3.501476244209907,0.7936507936507936,-1.546492128191541,252,0.457173846136819,VOLATILE,1.6414303592812178,1.0
2021-03-11,12.692307692307692,4.074360304365691,0.0,-3.4081611036521973,260,0.47854636974858505,VOLATILE,1.7030588764406354,2.0
2021-03-12,16.342412451361866,3.908868863106157,0.0,2.5407449360437204,257,0.5099324442560064,VOLATILE,1.7300952679359316,3.0
2021-03-15,27.131782945736433,4.272523462015382,1.1627906976744187,3.4926510204959285,258,0.5377525901204872,VOLATILE,1.7315993914211476,4.0
2021-03-16,24.609375,3.2680620599763928,0.78125,0.17551929744033723,256,0.541099134348283,VOLATILE,1.712118449135989,5.0
2021-03-17,29.056603773584904,3.2149975288459025,0.7547169811320755,1.7752158506221891,265,0.5384529010155273,VOLATILE,1.7012733246483909,6.0
2021-03-18,23.643410852713178,3.382542368845871,0.7751937984496124,-1.9913322259614636,258,0.5433763338217144,VOLATILE,1.7595930962485764,7.0
2021-03-19,25.71428571428571,4.008091610502031,0.8163265306122449,1.1784357839975172,245,0.5603225217876742,VOLATILE,1.8125462263795868,8.0
2021-03-22,27.490039840637447,3.368030403367338,0.398406374501992,-0.2724590057315178,251,0.546298572937348,VOLATILE,1.8022420609183583,9.0
2021-03-24,26.58730158730159,2.676783388908021,1.1904761904761905,0.15926342621748613,252,0.5529765453053092,VOLATILE,1.7873838573043013,10.0
2021-03-25,27.490039840637447,2.9361244401233644,2.3904382470119523,0.3508248210349714,251,0.5477346285648182,TRENDING_UP,1.7555180666821797,0.0
2021-03-26,25.514403292181072,2.867448413591764,3.292181069958848,-0.48500681124104394,243,0.5537855814269894,VOLATILE,1.7280982688888775,0.0
2021-03-29,17.692307692307693,3.4390506594513406,1.9230769230769231,-3.704140528822037,260,0.561994770679181,VOLATILE,1.8514386092843407,1.0
2021-03-30,18.0,2.728594808473638,0.0,0.8448484351529207,250,0.5795828563568087,VOLATILE,1.8144488900346873,2.0
2021-03-31,19.215686274509807,3.2129364900190787,1.9607843137254901,0.9389111786758138,255,0.5704393158618415,VOLATILE,1.8232141715736463,3.0
2021-04-01,18.62348178137652,2.71397987844253,2.0242914979757085,-0.9612421779197666,247,0.5725327573918526,VOLATILE,1.861006885282062,4.0
2021-04-02,20.16460905349794,4.161098019788399,1.2345679012345678,-0.07492063578231982,243,0.5646958743634409,VOLATILE,1.7916579667027448,5.0
2021-04-05,12.096774193548388,3.958560934389069,0.4032258064516129,-2.4202522969225138,248,0.5616994289220829,VOLATILE,1.8434741634615965,6.0
2021-04-06,18.725099601593627,4.008406932608449,0.398406374501992,2.0813314676395587,251,0.5589400472738085,VOLATILE,1.7343558226944427,7.0
2021-04-07,17.322834645669293,3.4295735857288645,0.7874015748031495,-0.42022896748076405,254,0.5481908468046071,VOLATILE,1.7101360116741329,8.0
2021-04-08,21.138211382113823,3.218944311503056,0.8130081300813009,1.5628368815327134,246,0.5615371614053102,VOLATILE,1.6803143668408806,9.0
2021-04-09,30.19607843137255,3.302765576071399,1.9607843137254901,1.494136197893842,255,0.5266992642611967,VOLATILE,1.5869082964638954,10.0
2021-04-12,23.790322580645164,3.4222575885242654,2.0161290322580645,-0.5006708684933286,248,0.5108722203720206,VOLATILE,1.5167431669447635,11.0
2021-04-13,25.101214574898783,2.835850183378247,0.8097165991902834,0.08602018247084117,247,0.4883538711271379,RANGING,1.4369235249864747,0.0
2021-04-14,28.749999999999996,2.891192828753061,1.6666666666666667,0.6705862089960921,240,0.49400341174935647,RANGING,1.4212373888851362,1.0
2021-04-15,25.81967213114754,3.1893296639879973,2.0491803278688523,-0.332572636112519,244,0.484719116859129,RANGING,1.3783529050735581,2.0
2021-04-16,27.004219409282697,3.1096532085453523,1.6877637130801686,0.38255945382713413,237,0.47388522248457804,RANGING,1.295461513282123,3.0
2021-04-19,26.337448559670783,3.221307407631452,1.2345679012345678,-0.8612900688718789,243,0.4820066932315625,RANGING,1.3060537978379256,4.0
2021-04-20,33.72549019607843,2.9308706704508722,1.1764705882352942,1.5420189453018174,255,0.48833947618823625,RANGING,1.3072585373761698,5.0
2021-04-21,33.33333333333333,2.653423916381857,1.646090534979424,-0.7381307683382998,243,0.49578258464504055,RANGING,1.317241396054518,6.0
2021-04-22,25.506072874493928,3.2970295249870705,0.8097165991902834,-1.040030929560311,247,0.4892510022335372,RANGING,1.345891940749093,7.0
2021-04-23,27.11864406779661,3.0791832367475966,1.694915254237288,-0.16881752250683285,236,0.4975256634650178,RANGING,1.3800642229497257,8.0
2021-04-26,27.95275590551181,3.503103099704254,3.149606299212598,0.6398267871573675,254,0.411698122424319,TRENDING_UP,1.3896059717919884,0.0
2021-04-27,29.2,2.9509393791776755,1.2,0.10461352843866115,250,0.4112038599862702,TRENDING_UP,1.4190666213026442,1.0
2021-04-28,28.74015748031496,3.226443744275919,1.574803149606299,-0.05386673079625466,254,0.4149019730770456,TRENDING_UP,1.4167475973787307,2.0
2021-04-29,26.582278481012654,3.3735152806589124,2.9535864978902953,-0.5021839842323138,237,0.41242686271553397,RANGING,1.4027426988454408,0.0
2021-04-30,21.518987341772153,3.508994624721083,2.9535864978902953,-1.4572035987015972,237,0.4194027398153763,RANGING,1.477566148204962,1.0
2021-05-03,20.502092050209207,3.211507211761942,0.8368200836820083,-1.1655148412737693,239,0.40090861802416317,RANGING,1.453845839704873,2.0
2021-05-04,26.446280991735538,3.2769307684100397,0.4132231404958678,0.7619249188925282,242,0.36894266294104755,RANGING,1.3946564897486933,3.0
2021-05-05,25.403225806451612,3.296662209846236,0.4032258064516129,0.6220523820096624,248,0.3666785643007434,RANGING,1.3601866872732291,4.0
2021-05-06,30.472103004291846,2.9420831836487498,0.8583690987124464,1.0832619371405623,233,0.3654801373175581,RANGING,1.3034218069550927,5.0
2021-05-17,40.38461538461539,3.5973182903404624,3.076923076923077,1.9224748913513312,260,0.36152494258674134,TRENDING_UP,1.2992738934643433,0.0
2021-05-18,42.5287356321839,2.962438155886456,3.065134099616858,0.43449044416755295,261,0.3595604063607205,TRENDING_UP,1.2838160820950544,1.0
2021-05-19,43.96887159533074,3.3311425216918282,1.9455252918287937,0.1087314464697833,257,0.3499072150474459,TRENDING_UP,1.2939452665386952,2.0
2021-05-20,47.63779527559055,3.838431978037746,1.574803149606299,1.2464047178320488,254,0.34765328864349593,TRENDING_UP,1.2984993440348866,3.0
2021-05-21,54.71698113207547,5.027923661773229,3.7735849056603774,1.7807297652318002,265,0.3565649448803834,TRENDING_UP,1.301422760066541,4.0
2021-05-24,60.37735849056604,3.356129342607281,3.018867924528302,0.8343078534121625,265,0.353372846528688,TRENDING_UP,1.3134923208851927,5.0
2021-05-25,66.29213483146067,3.6989534462680775,4.119850187265917,0.9567131624495209,267,0.33445383418659397,TRENDING_UP,1.2673890609766705,6.0
2021-05-26,69.25925925925925,4.624843381011724,6.666666666666667,1.4058052159346637,270,0.33580920513015744,TRENDING_UP,1.2118073216211735,7.0
2021-05-27,68.97810218978103,3.473311686284852,5.109489051094891,-0.4276738443226739,274,0.32909973046930474,TRENDING_UP,1.226015825777532,8.0
2021-05-28,71.32075471698113,2.8502082864265783,4.150943396226415,0.8748834763534113,265,0.320551455814483,TRENDING_UP,1.210305330633921,9.0
2021-05-31,78.1021897810219,3.499674188195984,4.744525547445255,2.7183362604111387,274,0.33719108849549395,TRENDING_UP,1.220826058943127,10.0
2021-06-01,81.98529411764706,3.8887908953522623,7.720588235294118,1.139138652433143,272,0.35543459480015527,TRENDING_UP,1.0866202709785981,11.0
2021-06-02,83.14606741573034,3.050157135600322,7.490636704119851,0.555592024466207,267,0.35252201331738975,TRENDING_UP,1.0421656080071664,12.0
2021-06-03,83.82352941176471,3.655756773401708,5.147058823529411,0.7717121191254224,272,0.3413026693651239,TRENDING_UP,1.0279147735672574,13.0
2021-06-04,85.92592592592592,3.472326612165478,6.296296296296296,1.243478153559172,270,0.3282991440065368,TRENDING_UP,1.0223835707929847,14.0
2021-06-07,86.54545454545455,3.400235360898162,9.818181818181818,0.7023109546237556,275,0.2693160407191142,TRENDING_UP,0.9703616736635235,15.0
2021-06-08,89.25925925925927,2.9688280238055773,4.814814814814815,-0.560295716690831,270,0.2609077422352657,TRENDING_UP,0.9437457189273589,16.0
2021-06-09,86.09022556390977,3.0078336848272156,3.3834586466165413,-0.4570581819188317,266,0.28890866481243455,TRENDING_UP,0.9554326900335355,17.0
2021-06-10,86.8421052631579,4.093445993268203,6.390977443609022,1.246556765415535,266,0.29784880872474484,TRENDING_UP,0.9356747325315757,18.0
2021-06-11,88.67924528301887,2.9340523604967195,8.679245283018867,0.4762323802949904,265,0.295087654118063,TRENDING_UP,0.9274207572262083,19.0
2021-06-14,87.83269961977186,3.0667535833923427,10.26615969581749,0.7466830941140405,263,0.2865491332754003,TRENDING_UP,0.9239969642540492,20.0
2021-06-15,86.48648648648648,2.7036217425483238,5.019305019305019,-0.4223054750163927,259,0.29674214614522537,TRENDING_UP,0.9170090984311733,21.0
2021-06-16,86.41509433962264,3.486119914683635,4.150943396226415,0.0001685296205209257,265,0.29362309923775654,TRENDING_UP,0.9278499367792247,22.0
2021-06-17,83.20610687022901,3.4857277902065626,3.816793893129771,-0.4978710575609026,262,0.3198803016735461,TRENDING_UP,0.9461667860316201,23.0
2021-06-18,85.82375478927203,4.851910497882402,2.2988505747126435,1.1386407347638414,261,0.3095828698334886,TRENDING_UP,0.9446985167708792,24.0
2021-06-21,85.50185873605948,3.8987945857356356,4.089219330855019,0.0294283249802789,269,0.3109389515469837,TRENDING_UP,0.9498355845516941,25.0
2021-06-22,85.34798534798534,3.443121855769327,4.395604395604396,0.10246930518696296,273,0.31410247138253017,TRENDING_UP,0.9401716793290842,26.0
2021-06-23,85.07462686567165,3.0948939411342145,3.3582089552238807,0.33836713321485334,268,0.3153499197313501,TRENDING_UP,0.9111996275628524,27.0
2021-06-24,84.07407407407408,3.2157832215746005,4.074074074074074,0.589686108290313,270,0.310886786125817,TRENDING_UP,0.8779580897925748,28.0
2021-06-25,80.89887640449437,3.0319725165703786,5.617977528089887,-0.1443425175999795,267,0.3166183701148247,RANGING,0.8862053014745174,0.0
2021-06-28,75.0915750915751,3.163621026247693,3.6630036630036633,-1.701395790995553,273,0.2963109585853982,RANGING,0.8879704950922664,1.0
2021-06-29,75.19083969465649,2.997008272116288,2.6717557251908395,0.8207818354414619,262,0.3045814163808874,RANGING,0.9046270114178069,2.0
2021-06-30,75.46468401486989,2.7622127456437546,2.973977695167286,0.9806716942363941,269,0.30741554788100545,RANGING,0.9000925331140573,3.0
2021-07-01,81.91881918819189,3.06322073907923,6.273062730627306,1.4808855627514765,271,0.325750928202949,RANGING,0.8983365679530589,4.0
2021-07-02,83.20610687022901,3.207888379869875,5.343511450381679,0.3827157139158567,262,0.31463156960612204,RANGING,0.9119298295648747,5.0
2021-07-05,76.7175572519084,3.2637485076445265,5.343511450381679,-0.5793823745096294,262,0.3281230542122521,RANGING,0.910876060951583,6.0
2021-07-06,69.20152091254754,3.2482605940474385,4.942965779467681,-0.6626185896962941,263,0.324601552232756,RANGING,0.9138734799189628,7.0
2021-07-07,68.9922480620155,3.301647410438935,3.488372093023256,0.06464785633001692,258,0.31984832153663845,RANGING,0.8897862593739585,8.0
2021-07-08,79.1044776119403,2.646076412656514,5.597014925373134,1.3642779220972616,268,0.32591048874218137,RANGING,0.9056072679492335,9.0
2021-07-09,70.58823529411765,2.9449116508599067,4.313725490196078,-0.22560339120803977,255,0.34638995718726284,RANGING,0.9383833594913753,10.0
2021-07-12,70.45454545454545,3.036431534510335,5.303030303030303,-0.3106402380666241,264,0.34188371714963056,RANGING,0.9017288313632801,11.0
2021-07-13,67.9245283018868,2.9906483882181396,3.3962264150943398,0.14547287532011385,265,0.34816817600048666,RANGING,0.8817484823766576,12.0
2021-07-14,66.05839416058394,2.933040625684435,4.014598540145985,-0.22855077894340928,274,0.33126355629710036,RANGING,0.8506159106045799,13.0
2021-07-15,69.81132075471697,2.510677293404406,2.6415094339622645,0.5406496368922774,265,0.3330141700063109,RANGING,0.8397902841716253,14.0
2021-07-16,69.6969696969697,2.4074289465578085,2.6515151515151514,0.47791323950143105,264,0.33989743492501195,RANGING,0.8228912164129826,15.0
2021-07-19,69.81132075471697,2.543406187700975,3.3962264150943398,0.7781957649215082,265,0.33896059734814227,RANGING,0.8064105097501207,16.0
2021-07-23,66.4179104477612,2.8922558876816313,3.731343283582089,-0.1643606061614951,268,0.33840646944075853,RANGING,0.8116521914160371,17.0
2021-07-26,63.09963099630996,3.033296567090875,3.6900369003690034,0.07783244879351632,271,0.32630232836959716,RANGING,0.8201888377158583,18.0
2021-07-27,61.42322097378277,3.3867021514631523,1.4981273408239701,-0.12556451855907108,267,0.3305928394200876,RANGING,0.8275496104912479,19.0
2021-07-28,54.646840148698885,6.288815505668773,2.6022304832713754,-0.8180504235041366,269,0.3442046047509032,RANGING,0.8413378578947606,20.0
2021-07-29,47.30769230769231,2.4432251711168735,1.5384615384615385,-0.33663452200660193,260,0.31338712068378866,RANGING,0.8029027528341988,21.0
2021-07-30,45.0,2.497500271923752,2.6923076923076925,-0.663860485003517,260,0.3252480852695283,RANGING,0.8280386753540364,22.0
2021-08-02,53.558052434456926,3.2009594922424287,4.119850187265917,1.3863218216891322,267,0.31966068446595197,RANGING,0.8357467612861085,23.0
2021-08-03,55.39033457249071,2.785970928919931,3.3457249070631967,1.3439578112606996,269,0.31371767159919184,RANGING,0.8165948885974217,24.0
2021-08-04,58.45588235294118,2.802296799749758,2.5735294117647056,0.34830414842887075,272,0.31402445957657676,TRENDING_UP,0.7981281811128229,0.0
2021-08-05,57.564575645756456,2.9553000661571756,4.059040590405904,0.426141964404989,271,0.30776284398660203,TRENDING_UP,0.79529807174007,1.0
2021-08-06,51.908396946564885,2.9509974383167696,4.198473282442748,-0.3733830001084347,262,0.29981720425319136,RANGING,0.7878077361631255,0.0
2021-08-09,47.89272030651341,2.6658360715866607,1.532567049808429,-1.5215162987955582,261,0.3306919585428987,RANGING,0.8184812626873742,1.0
2021-08-10,44.230769230769226,2.4405340130233406,0.38461538461538464,0.16114858533045046,260,0.30892225774830917,RANGING,0.7694235849512928,2.0
2021-08-11,45.45454545454545,5.277857966532423,1.893939393939394,0.11540735982220494,264,0.29461974003592367,RANGING,0.7637030582949068,3.0
2021-08-12,42.125984251968504,2.475685495627886,2.7559055118110236,-0.46057657805836577,254,0.3072382245694266,RANGING,0.7732063118934397,4.0
2021-08-13,41.89723320158103,2.638595166005237,2.371541501976284,0.026240081399605788,253,0.30283669929840573,RANGING,0.7802400856140267,5.0
2021-08-16,32.30769230769231,2.5239221808133676,1.9230769230769231,-0.7290296117147829,260,0.3200730507929027,RANGING,0.8216448009167632,6.0
2021-08-17,43.46153846153846,7.2896923746621045,2.6923076923076925,1.4350360275527896,260,0.3257595751174539,RANGING,0.8169861686111141,7.0
2021-08-20,44.61538461538462,2.9147858287472173,4.615384615384616,1.1103791709310773,260,0.34261428274404415,RANGING,0.8241312677232795,8.0
2021-08-23,51.63636363636363,2.8288190356773812,5.090909090909091,1.393915543541601,275,0.34585773070772313,TRENDING_UP,0.8454932749919384,0.0
2021-08-24,47.95539033457249,2.5178187247200317,4.089219330855019,-0.11733555336171954,269,0.3529725249927014,TRENDING_UP,0.8625760552605307,1.0
2021-08-25,46.441947565543074,2.6589724625276188,4.49438202247191,-0.3957021903455769,267,0.35644901297032183,RANGING,0.863462220720085,0.0
2021-08-26,43.12977099236641,3.05621667181884,3.816793893129771,-0.7633366620965331,262,0.36396651512551,RANGING,0.8899681124212897,1.0
2021-08-27,38.78326996197718,2.6590892564369537,3.4220532319391634,-0.9620535905552615,263,0.35756706768877483,RANGING,0.8825808772941048,2.0
2021-08-30,38.43137254901961,2.942248997343198,1.9607843137254901,0.5458070515580522,255,0.3752174015167452,RANGING,0.8712169354617345,3.0
2021-08-31,41.132075471698116,2.622965603609125,2.2641509433962264,0.42299395243291443,265,0.3529921154867376,RANGING,0.8205527908841319,4.0
2021-09-01,41.48148148148148,2.809234712441346,2.5925925925925926,0.605225167127931,270,0.33751683118762255,RANGING,0.8008200624885822,5.0
2021-09-02,37.786259541984734,2.623615900138004,1.5267175572519083,-0.5170093069836653,262,0.34283411302472616,RANGING,0.8371852497470297,6.0
2021-09-03,36.56716417910448,2.884625984776281,3.731343283582089,0.15658473794113983,268,0.33796366926553867,RANGING,0.8323180529104292,7.0
2021-09-06,39.24528301886793,2.966465634663034,4.150943396226415,0.0720406593102111,265,0.33838680743975474,RANGING,0.8207249504033781,8.0
2021-09-07,35.094339622641506,2.7889822247791782,3.018867924528302,-0.7066646733517242,265,0.3446020572627405,RANGING,0.8292923854417995,9.0
2021-09-08,33.582089552238806,2.898289204515268,5.223880597014925,-0.3730977159871634,268,0.3197673336020775,RANGING,0.8345861161276278,10.0
2021-09-09,33.45864661654135,3.0269147586939713,4.511278195488721,0.1428202188062052,266,0.3223324788657357,RANGING,0.8223528432741817,11.0
2021-09-10,37.96992481203007,2.7237992303043232,3.3834586466165413,0.8120294480693271,266,0.3246245834095467,RANGING,0.8239006116535142,12.0
2021-09-13,34.98098859315589,3.333884907105452,2.2813688212927756,0.05014601613112575,263,0.3228437568160468,RANGING,0.803628735578202,13.0
2021-09-14,30.82706766917293,3.3117360969239282,1.5037593984962405,-1.3361855339123252,266,0.3393298196524468,RANGING,0.8723124568417102,14.0
2021-09-15,30.888030888030887,3.356992786121762,1.9305019305019304,-0.566802044949634,259,0.33718832469201365,RANGING,0.8698299024417804,15.0
2021-09-16,30.711610486891384,3.2053211673172095,1.8726591760299627,0.4011998967025232,267,0.3134096426740932,RANGING,0.8632001902794643,16.0
2021-09-17,29.433962264150942,2.8713248050017506,3.018867924528302,-0.5635419154706172,265,0.29496517646149595,RANGING,0.8941928652665484,17.0
2021-09-20,25.769230769230766,2.4892082069111927,1.5384615384615385,-0.7964093310364639,260,0.28037912608088256,RANGING,0.8888489370212176,18.0
2021-09-21,23.076923076923077,2.91490307490867,0.0,-1.660741224440434,260,0.29990727404785494,RANGING,0.9727302464634516,19.0
2021-09-22,17.24137931034483,3.300239368832374,0.0,-2.441635804860067,261,0.3458163930635832,RANGING,1.0851237925804278,20.0
2021-09-23,18.461538461538463,3.888019657683865,0.0,-1.3736125404621728,260,0.3418667085831938,RANGING,1.131890320039702,21.0
2021-09-24,15.057915057915059,3.4150239428981863,0.3861003861003861,-1.255266601527463,259,0.3400754498312755,RANGING,1.1419398795567774,22.0
2021-09-27,15.2,3.1387783878027213,0.8,-1.5001088109201637,250,0.3354526621299185,RANGING,1.2113066337987441,23.0
2021-09-28,20.99236641221374,3.975000113868541,0.38167938931297707,1.9257732915899057,262,0.3671071253909198,RANGING,1.2322724739717985,24.0
2021-09-29,12.167300380228136,3.292854635443131,0.38022813688212925,-2.722371807043316,263,0.3985993099927172,RANGING,1.3807618049016002,25.0
2021-09-30,17.557251908396946,3.5089964410286374,0.0,1.304347832661116,262,0.42045974778965656,RANGING,1.3992028882217218,26.0
2021-10-01,20.44609665427509,3.5174423502965944,0.7434944237918215,1.3204561264601027,269,0.41697241269865903,RANGING,1.4189611715179062,27.0
2021-10-04,19.54022988505747,3.253249182815892,0.0,0.920400353302458,261,0.4245774470395566,RANGING,1.4517987767651988,28.0
2021-10-05,19.548872180451127,3.2491052240496416,1.1278195488721803,-0.36907051874373104,266,0.41962100673302255,RANGING,1.4787188718542759,29.0
2021-10-06,17.120622568093385,3.1895481126942244,0.7782101167315175,-1.6818591714165014,257,0.4354304280024795,RANGING,1.4822991249453787,30.0
2021-10-07,18.867924528301888,2.8156095607550253,0.0,0.46590617697405134,265,0.4291834577575013,VOLATILE,1.5094702287980715,0.0
2021-10-08,17.557251908396946,3.0739043589224324,0.7633587786259541,-0.5739450922623569,262,0.42201987951957676,RANGING,1.4829610567024967,0.0
2021-10-11,10.727969348659004,3.330024231690781,0.38314176245210724,-2.970791305466071,261,0.44771245994999326,VOLATILE,1.5761242181323694,0.0
2021-10-12,12.698412698412698,3.2784281207358497,0.7936507936507936,-0.5573320831055422,252,0.45236868486578535,VOLATILE,1.588066516753154,1.0
2021-10-13,13.026819923371647,3.875263755706792,0.0,-2.4104468027130035,261,0.4464840745945121,VOLATILE,1.6884774296662464,2.0
2021-10-14,15.151515151515152,3.830450405650287,0.0,2.904463861726454,264,0.4899804956828193,VOLATILE,1.764599735460715,3.0
2021-10-15,16.342412451361866,3.9060182078373975,0.0,0.7931839794875346,257,0.4994886576335085,VOLATILE,1.7467119038551346,4.0
2021-10-18,13.168724279835391,4.348119574327068,0.411522633744856,-1.4749742483294854,243,0.4941234880612204,VOLATILE,1.762271325324422,5.0
2021-10-20,18.53281853281853,3.459859061671644,0.3861003861003861,1.568256389949955,259,0.48532948540709614,VOLATILE,1.7153005771936645,6.0
2021-10-21,20.077220077220076,3.5513431754411,0.3861003861003861,-0.4765615307222094,259,0.4777898445472648,VOLATILE,1.6420078827796634,7.0
2021-10-22,21.73913043478261,3.4056267551238206,0.3952569169960474,-0.3214174700210498,253,0.47948288831276475,VOLATILE,1.6509117484701088,8.0
2021-10-25,22.865013774104685,6.821012718038494,0.8264462809917356,-0.27828010935491315,363,0.3810276519780416,VOLATILE,1.6325593967935184,9.0
2021-10-26,22.020725388601036,3.4755536102363314,1.0362694300518136,0.009847337005255653,386,0.38185990425692096,VOLATILE,1.5734233516594605,10.0
2021-10-27,23.83419689119171,3.0204095340256605,0.5181347150259068,0.9423937063690938,386,0.37744903356679677,VOLATILE,1.58228460392139,11.0
2021-10-28,25.129533678756477,3.063851987566393,1.0362694300518136,-0.014832960750149634,386,0.3574685743616349,RANGING,1.4587955144822984,0.0
2021-10-29,24.415584415584416,2.925945370801688,1.0389610389610389,0.3255176389427902,385,0.3492249568616205,RANGING,1.4118124807972154,1.0
2021-11-01,32.958801498127336,3.6031489243513004,0.7490636704119851,2.0567951244896796,267,0.4343988200835185,RANGING,1.4592511130440622,2.0
2021-11-02,35.11450381679389,3.056591580116343,0.38167938931297707,0.3145850661766607,262,0.44338902932594676,RANGING,1.4334019203224924,3.0
2021-11-03,33.20754716981132,3.3387920425156237,0.37735849056603776,0.2999718784560191,265,0.4250294291217676,RANGING,1.4189780500437554,4.0
2021-11-04,37.59398496240601,3.659559885702692,1.5037593984962405,1.4762034204419998,266,0.41466285503068373,RANGING,1.391732130884101,5.0
2021-11-05,42.5287356321839,3.0392775203377322,1.1494252873563218,0.40146048555276886,261,0.4072032473797169,TRENDING_UP,1.3736367711297819,0.0
2021-11-08,40.76923076923077,2.9971506266239247,0.7692307692307693,-0.7668120926172841,260,0.4219734067961313,TRENDING_UP,1.3883931755125316,1.0
2021-11-09,30.739299610894943,3.1809708281973967,0.0,-2.6386434867856,257,0.4224690798538369,TRENDING_UP,1.414301234636014,2.0
2021-11-10,32.53012048192771,2.6492783073893302,0.0,0.39677206419933975,249,0.42900769331569016,TRENDING_UP,1.3487296128576762,3.0
2021-11-11,29.80392156862745,3.085474611600064,0.7843137254901961,-0.7546446745148432,255,0.3979922292721803,TRENDING_UP,1.2938145575511257,4.0
2021-11-12,27.685950413223143,3.1873652405847364,1.6528925619834711,-0.8220490780889276,242,0.3821470057031966,RANGING,1.2349617424586017,0.0
2021-11-15,27.091633466135455,3.139247517498041,0.398406374501992,-0.5663307889522778,251,0.37359507949554277,RANGING,1.2056046996409397,1.0
2021-11-16,34.13654618473896,2.8106670867560206,0.8032128514056224,1.9228958243186418,249,0.40499154362150686,TRENDING_UP,1.2211999636464486,0.0
2021-11-17,28.39506172839506,3.0052896704096947,0.411522633744856,-1.3482187040577742,243,0.39825006906758165,TRENDING_UP,1.1925033369831226,1.0
2021-11-18,28.04878048780488,2.536513003471176,0.8130081300813009,0.05559388144709938,246,0.4124162668825496,RANGING,1.1818414460914517,0.0
2021-11-19,37.79527559055118,2.7692632152882473,1.574803149606299,1.0155380094467032,254,0.4020458945628484,TRENDING_UP,1.1445843257636499,0.0
2021-11-22,30.89430894308943,2.6390003954274563,0.8130081300813009,-1.641401943497714,246,0.42498927310014634,RANGING,1.222027543993877,0.0
2021-11-23,22.60536398467433,3.1719908938491708,0.38314176245210724,-2.5844087688186246,261,0.45081432925221354,RANGING,1.3250313914673926,1.0
2021-11-24,21.63265306122449,2.992124049386842,0.8163265306122449,-1.5586942033349258,245,0.48111770448795005,RANGING,1.3401452088081007,2.0
2021-11-25,17.02127659574468,2.675170918021903,0.0,-0.7610219533055783,235,0.4959700480153208,RANGING,1.4100920093545677,3.0
2021-11-26,18.548387096774192,2.6854092141816785,0.0,0.24610904838720019,248,0.48564806187490706,RANGING,1.4083391817955941,4.0
2021-11-29,27.027027027027028,3.0672419801252047,0.0,2.4056351618672225,259,0.4840132910868757,RANGING,1.4159051225401236,5.0
2021-11-30,25.609756097560975,2.8343761717454172,0.8130081300813009,-0.30789327550654966,246,0.4895510032504564,VOLATILE,1.5005065186262612,0.0
2021-12-01,28.03347280334728,3.2979256597869595,0.41841004184100417,0.755126288281835,239,0.507532606313459,RANGING,1.4949445812726443,0.0
2021-12-02,13.28125,3.9501079387804143,0.0,-5.5204813277414075,256,0.5976367130457348,VOLATILE,1.7972135453108247,0.0
2021-12-03,11.29032258064516,3.7396389961695973,0.4032258064516129,-1.5404998909078196,248,0.5983781507818445,VOLATILE,1.8450850892712776,1.0
2021-12-06,13.247863247863249,3.799981804037191,0.0,-0.5647263238999493,234,0.5997350217390262,VOLATILE,1.8618176155368764,2.0
2021-12-07,17.322834645669293,3.5952007377402375,0.0,1.9969149151463559,254,0.5792557883565267,VOLATILE,1.8281315808616379,3.0
2021-12-08,17.073170731707318,2.964321352421344,0.0,-0.5034125654927974,246,0.5856769078645042,TRENDING_DOWN,1.8433174363415235,0.0
2021-12-09,13.991769547325102,3.4538439974055275,0.0,-1.8533915964246688,243,0.5937123597253587,TRENDING_DOWN,1.880507384847575,1.0
2021-12-10,13.389121338912133,3.4553493796122754,0.41841004184100417,-0.6306871311973452,239,0.5937198792023552,TRENDING_DOWN,1.8708063318599195,2.0
2021-12-13,10.743801652892563,3.9374688766486927,0.0,-2.1152650031193403,242,0.5960338126850182,TRENDING_DOWN,1.929148852852983,3.0
2021-12-14,14.345991561181433,3.4839062350911214,0.0,1.9828919643084797,237,0.601670364563731,TRENDING_DOWN,1.8736523541328365,4.0
2021-12-15,19.083969465648856,4.527014074603316,0.38167938931297707,4.033095335169568,262,0.5999979261124941,VOLATILE,1.9026250674489944,0.0
2021-12-16,15.040650406504067,3.559407761619377,0.0,-1.555758235549619,246,0.6214642188896683,TRENDING_DOWN,1.9555020214400722,0.0
2021-12-17,19.834710743801654,3.503533754759744,0.4132231404958678,0.6010952835718913,242,0.6169928467751346,TRENDING_DOWN,1.9304997097994856,1.0
2021-12-20,22.400000000000002,3.622968976465267,0.4,1.5292409422528959,250,0.6117501895161662,VOLATILE,1.887763743531513,0.0
2021-12-21,21.686746987951807,3.5373396906333787,0.8032128514056224,0.18493199106583522,249,0.6014976995487895,TRENDING_DOWN,1.831124155585695,0.0
2021-12-22,27.125506072874494,2.9712480450659893,0.8097165991902834,0.19078940655136917,247,0.5933207573598065,TRENDING_DOWN,1.7662004071536472,1.0
2021-12-23,25.609756097560975,3.014378581773347,0.8130081300813009,0.6612926723332978,246,0.6010085425293938,VOLATILE,1.7125097985176314,0.0
2021-12-24,25.968992248062015,8.095055944926246,0.7751937984496124,0.2481505436377888,258,0.5732441895584685,VOLATILE,1.698818791891548,1.0
2021-12-27,25.793650793650798,3.876204693751319,0.7936507936507936,-0.6794738179627404,252,0.5757561072678185,TRENDING_DOWN,1.5743437544405583,0.0
2021-12-28,23.193916349809886,4.325528420252573,0.38022813688212925,-0.18247611830064203,263,0.5673756338329834,TRENDING_DOWN,1.47672404750369,1.0
2021-12-29,27.307692307692307,4.564128216023662,0.7692307692307693,0.17237994759889366,260,0.5618110165328002,RANGING,1.4622805953261333,0.0
2021-12-30,31.11111111111111,3.751510315199306,0.3703703703703704,0.6367062081408162,270,0.48607843972892245,RANGING,1.2374493990931266,1.0
2021-12-31,35.580524344569284,3.595541135842507,0.7490636704119851,0.4881748639243911,267,0.4744503536495255,RANGING,1.1765633160052031,2.0
2022-01-03,35.60606060606061,3.166670489288186,0.0,0.38569056944218516,264,0.46937687122037014,RANGING,1.1479465385104686,3.0
2022-01-04,46.715328467153284,4.185174039307697,0.36496350364963503,1.6480323704439384,274,0.4749386287312235,RANGING,1.1058784107101818,4.0
2022-01-05,48.091603053435115,4.461257309028048,1.1450381679389312,0.4511857530574571,262,0.4804936460787466,RANGING,1.0735909552282688,5.0
2022-01-06,41.40625,2.8021882301667262,0.390625,-1.5594799062765177,256,0.4843431080897819,RANGING,1.044047220305977,6.0
2022-01-07,42.1875,2.9332027202519573,1.171875,0.5482890723639797,256,0.47646184966779953,RANGING,1.0196656129088484,7.0
2022-01-10,55.14705882352941,3.1493851931522867,1.4705882352941175,1.150781996472659,272,0.4494140037889944,RANGING,1.0173591445014731,8.0
2022-01-11,55.430711610486895,3.2166953953411785,1.4981273408239701,0.49016254099553214,267,0.45098241179294585,RANGING,1.015610339152503,9.0
2022-01-12,57.89473684210527,2.874996531625693,0.0,0.4088465025562648,266,0.36626354576423564,RANGING,0.9154308115318662,10.0
2022-01-13,57.76892430278885,3.833495090216142,0.398406374501992,-0.5327040646807933,251,0.3220401674702719,RANGING,0.8665106461086647,11.0
2022-01-14,57.36434108527132,6.486821910889875,0.3875968992248062,-0.5743709242738443,258,0.31412949753626973,RANGING,0.8453580313547168,12.0
2022-01-17,54.87804878048781,3.0095096830282344,0.8130081300813009,-0.72932656501506,246,0.3250820232310644,RANGING,0.8180804696988965,13.0
2022-01-18,51.96850393700787,2.6456337260385907,0.7874015748031495,-0.28879550919321123,254,0.31924540921082495,RANGING,0.7997598632838029,14.0
2022-01-19,39.768339768339764,3.045272615947582,0.7722007722007722,-2.122988152132628,259,0.3840056708962914,RANGING,0.883137872788228,15.0
2022-01-20,39.37007874015748,2.663063217352761,0.39370078740157477,-0.013640980798099838,254,0.38289928535154744,RANGING,0.9124989375578475,16.0
2022-01-21,44.800000000000004,2.851987989293295,2.4,0.7686721520707147,250,0.3830260890471465,RANGING,0.904949056250038,17.0
2022-01-24,40.416666666666664,3.095066311873338,2.5,-0.5527107965758962,240,0.393745515141825,RANGING,0.8986650983852462,18.0
2022-01-25,42.97520661157025,2.763568560817133,0.4132231404958678,-0.06419595169290397,242,0.3975272101582425,RANGING,0.9215149248893405,19.0
2022-01-26,39.43089430894309,2.393597908649668,0.40650406504065045,-0.12606848059360853,246,0.40654523080670163,RANGING,0.919501813478129,20.0
2022-01-27,44.67213114754098,2.085911485120834,1.2295081967213115,-0.09133923164529574,244,0.4069585389649809,RANGING,0.9052184590923763,21.0
2022-01-28,47.30290456431535,3.0755192319252087,1.2448132780082988,0.5400039931653056,241,0.41134737052592163,RANGING,0.8976214735776342,22.0
2022-01-31,52.569169960474305,2.9738522253867576,1.5810276679841897,1.1860343409806948,253,0.40998662080318043,RANGING,0.890530798233728,23.0
2022-02-01,58.46153846153847,2.56450224980769,1.5384615384615385,0.6125765259336549,260,0.3851455030438384,RANGING,0.8693921115721015,24.0
2022-02-02,66.41509433962264,2.7805451658857345,1.509433962264151,1.3730843865177074,265,0.4027940655713537,RANGING,0.8900966301417074,25.0
2022-02-03,64.2023346303502,2.6559625169509467,1.1673151750972763,-0.31472056493778605,257,0.38347180194015795,RANGING,0.9150233096751541,26.0
2022-02-04,65.09803921568627,2.6262118867916677,1.1764705882352942,0.21378694458424263,255,0.3776769608711825,RANGING,0.9057355044092015,27.0
2022-02-07,57.36434108527132,2.6178955234486456,0.7751937984496124,-0.7524029805642898,258,0.36750685403398864,RANGING,0.8611523464128902,28.0
2022-02-08,60.46511627906976,2.788521631724706,1.1627906976744187,0.1864102807271218,258,0.36066063145779587,RANGING,0.8352080995996544,29.0
2022-02-09,62.16216216216216,2.543431435243605,3.474903474903475,0.8654938647715247,259,0.37185125474501246,TRENDING_UP,0.8400140613589702,0.0
2022-02-10,58.46153846153847,2.722577133354959,1.9230769230769231,-0.4409995352077231,260,0.36728601123803095,TRENDING_UP,0.8711224456922542,1.0
2022-02-11,57.52895752895753,2.7379653756309366,1.1583011583011582,-0.19382413049650593,259,0.3666959502752006,TRENDING_UP,0.8740853010794207,2.0
2022-02-14,46.800000000000004,2.6685973425929665,0.8,-1.6863167019114962,250,0.3963734926520617,TRENDING_UP,0.9070582850923319,3.0
2022-02-15,49.59349593495935,2.3437275618360722,0.0,0.6092305643108722,246,0.39889400349721255,TRENDING_UP,0.9066927317375052,4.0
2022-02-16,47.96747967479675,2.2939550343874013,0.0,-0.098972530413308,246,0.3442198826869659,TRENDING_UP,0.8484320824431769,5.0
2022-02-17,42.857142857142854,2.698297198124596,1.1904761904761905,-0.5009986340163469,252,0.3297792362090232,RANGING,0.8373388848421377,0.0
2022-02-18,40.16393442622951,2.423692201700933,2.459016393442623,0.08052527839002259,244,0.34449486814397007,TRENDING_UP,0.8189083207391572,0.0
2022-02-21,34.13654618473896,2.629445213804876,0.8032128514056224,-0.6795352681433677,249,0.34850047188001315,RANGING,0.8414980540243845,0.0
2022-02-22,26.122448979591837,2.7512884552442043,0.8163265306122449,-1.5977740147826394,245,0.3868169250673948,RANGING,0.8763794599595054,1.0
2022-02-23,29.599999999999998,3.067176762853942,2.0,0.14183925185582186,250,0.3725293419899719,RANGING,0.8918911074222552,2.0
2022-02-24,17.60299625468165,3.278782894970591,0.7490636704119851,-4.211187277752561,267,0.4871517245655076,RANGING,1.04578979345666,3.0
2022-02-25,20.76923076923077,3.108918923855886,0.7692307692307693,0.5034543194042829,260,0.4873081700770268,TRENDING_DOWN,1.0554337189866194,0.0
2022-02-28,23.809523809523807,3.4491154664216164,1.1904761904761905,1.3404704264489071,252,0.4922754977960616,TRENDING_DOWN,1.1033600001439465,1.0
2022-03-01,27.969348659003828,2.9894202278324307,1.1494252873563218,1.0711810330587899,261,0.49448355509017095,TRENDING_DOWN,1.1145816919094416,2.0
2022-03-02,25.384615384615383,2.9264149798971615,1.5384615384615385,-0.5062762698304348,260,0.4867402865015824,TRENDING_DOWN,1.1448221373353002,3.0
2022-03-03,25.190839694656486,2.997496549840874,0.38167938931297707,-0.7455828711914909,262,0.46361800549527216,TRENDING_DOWN,1.124798206519738,4.0
2022-03-04,24.897959183673468,2.7617491947634143,1.2244897959183674,-0.14502804060586208,245,0.476247758540096,TRENDING_DOWN,1.117817978579775,5.0
2022-03-07,15.503875968992247,4.129430080552256,0.3875968992248062,-3.844729103878537,258,0.5294821303222303,TRENDING_DOWN,1.2850888333525565,6.0
2022-03-08,15.384615384615385,2.849689457239758,0.4048582995951417,-1.2156775900201475,247,0.5386177498489112,TRENDING_DOWN,1.3346595659581133,7.0
2022-03-09,16.07843137254902,3.2764992528692884,1.1764705882352942,-0.059402442196266184,255,0.5033895756684129,TRENDING_DOWN,1.3171805563557915,8.0
2022-03-10,18.250950570342205,3.0108485953250734,1.1406844106463878,1.394010774050125,263,0.5133635626108557,TRENDING_DOWN,1.3328762825053,9.0
2022-03-11,17.599999999999998,3.404718143521906,1.2,-0.7469046147199488,250,0.5319716059184486,TRENDING_DOWN,1.346431074101335,10.0
2022-03-14,14.227642276422763,3.419038094847465,0.40650406504065045,-1.8996588992640797,246,0.5301988252078901,TRENDING_DOWN,1.3341572337790415,11.0
2022-03-15,15.725806451612904,2.8762581642225653,1.2096774193548387,0.9835488968124144,248,0.5327168923213316,TRENDING_DOWN,1.3423282621017183,12.0
2022-03-16,16.535433070866144,3.912753595104932,0.7874015748031495,0.6644053696374498,254,0.5373614414212549,TRENDING_DOWN,1.3641650648346837,13.0
2022-03-17,17.551020408163264,6.418972201871981,0.8163265306122449,-0.9083915819360819,245,0.5315183338951383,TRENDING_DOWN,1.361512700072566,14.0
2022-03-18,15.079365079365079,3.360731635682355,0.7936507936507936,-2.115812940452413,252,0.5353486755066321,TRENDING_DOWN,1.45027988632109,15.0
2022-03-21,16.666666666666664,2.8878090787345125,0.8547008547008548,0.38113389409236537,234,0.5433922708542027,TRENDING_DOWN,1.4386394517538865,16.0
2022-03-22,14.163090128755366,2.4446690068253614,0.8583690987124464,0.10715218396944043,233,0.5552159474307937,TRENDING_DOWN,1.3897368726215897,17.0
2022-03-24,14.814814814814813,2.6869897147291044,1.2345679012345678,0.5764163436099496,243,0.5418243467967375,TRENDING_DOWN,1.3973227671632278,18.0
2022-03-25,17.083333333333332,2.743794852713911,1.25,0.6248671723265422,240,0.5111521371199691,TRENDING_DOWN,1.2780652814139863,19.0
2022-03-28,18.410041841004183,2.971546591719761,1.2552301255230125,1.354364798655826,239,0.5112087933837559,RANGING,1.2960479414825463,0.0
2022-03-29,25.1937984496124,3.1613912151606356,1.550387596899225,1.3003588445406447,258,0.4936651611474127,RANGING,1.2400790302146545,1.0
2022-03-30,27.131782945736433,2.57767486747992,0.7751937984496124,0.005350371787967899,258,0.48016967991572945,RANGING,1.2331722810186214,2.0
2022-03-31,33.07984790874524,2.877621284813596,2.6615969581749046,1.846751693800596,263,0.5048460692771292,RANGING,1.2082153040709047,3.0
2022-04-01,37.82771535580524,2.8210768143899903,2.6217228464419478,0.29026805031630626,267,0.49040125129731793,RANGING,1.240693956495057,4.0
2022-04-04,21.73913043478261,2.680677562568923,0.8695652173913043,-3.3364290397382685,230,0.5640440967914263,TRENDING_DOWN,1.3974168398552778,0.0
2022-04-05,24.017467248908297,2.533219325901732,2.1834061135371177,0.2858716606024924,229,0.5360911777163453,RANGING,1.2833727310640486,0.0
2022-04-06,26.556016597510375,2.7059928852650237,2.904564315352697,0.7095214093415746,241,0.5181834374240449,RANGING,1.256698427379956,1.0
2022-04-07,22.666666666666664,2.8506707729384093,2.666666666666667,-0.7576480705519976,225,0.5439636969192688,RANGING,1.2941482633020005,2.0
2022-04-08,28.63070539419087,2.619218355342837,1.2448132780082988,1.2985960710466116,241,0.5287919550570629,RANGING,1.2565300425833685,3.0
2022-04-11,56.25,3.8465520448533024,3.6764705882352944,4.500326873266924,272,0.5468641631092401,RANGING,1.3620165669230178,4.0
2022-04-12,59.055118110236215,3.5200722320748943,2.7559055118110236,0.3943917847271005,254,0.5506234817517108,RANGING,1.3672440475908296,5.0
2022-04-13,56.86274509803921,2.966921027895582,2.7450980392156863,-0.5512047351579104,255,0.5441723182791983,RANGING,1.3867476795442495,6.0
2022-04-14,60.56910569105691,2.9527154417205397,1.6260162601626018,0.866067604634183,246,0.545386563061217,RANGING,1.3658637956838466,7.0
2022-04-15,61.044176706827315,2.5754968395529527,2.4096385542168677,0.043378801980831314,249,0.5446546645943846,RANGING,1.3530239558606876,8.0
2022-04-18,61.1336032388664,2.745519964715384,1.214574898785425,-0.7970749796324678,247,0.5339058358675333,RANGING,1.3263116413359048,9.0
2022-04-19,52.362204724409445,2.5905904575959555,1.968503937007874,-1.0535140893873538,254,0.5149164783962439,RANGING,1.3443467082896654,10.0
2022-04-20,47.368421052631575,5.174305052166277,0.8097165991902834,-1.2564067885283767,247,0.5244732404276623,RANGING,1.4059002471749877,11.0
2022-04-21,40.61135371179039,2.811996633673354,0.8733624454148471,-0.8225458046863973,229,0.5499546918490099,RANGING,1.3966241148919822,12.0
2022-04-22,44.166666666666664,3.068643842547357,0.4166666666666667,0.31640478667501704,240,0.530327884014781,RANGING,1.3951709458560602,13.0
2022-04-25,48.97959183673469,2.8047405727915047,0.8163265306122449,0.0654082628158919,245,0.5349617365258905,RANGING,1.3802879110980895,14.0
2022-04-26,38.84297520661157,2.725922623244738,2.066115702479339,-0.9200947546993017,242,0.5278766997427339,RANGING,1.3723428100992485,15.0
2022-04-27,38.9344262295082,3.104710541922139,1.639344262295082,-0.743227410784981,244,0.5353311185284632,RANGING,1.381633881137542,16.0
2022-04-28,31.983805668016196,2.914710412679285,0.8097165991902834,-0.9549352960090004,247,0.5170187184492397,RANGING,1.4218019638267112,17.0
2022-05-06,27.419354838709676,3.8090201649900024,1.2096774193548387,-0.7279420607561177,248,0.500937897868679,RANGING,1.4039599195465036,18.0
2022-05-09,16.923076923076923,3.3004616918360723,0.38461538461538464,-3.9458281184415247,260,0.5281736969060555,RANGING,1.4830811967052875,19.0
2022-05-10,16.07843137254902,3.0064987730843735,0.0,-0.27730093848488385,255,0.5359681666294942,RANGING,1.4653899057473794,20.0
2022-05-11,12.015503875968992,3.436383237960154,0.0,-2.9167424377527995,258,0.5434904167903591,TRENDING_DOWN,1.5812650260188545,0.0
2022-05-12,12.195121951219512,3.17818705576339,0.0,0.3609668617500727,246,0.5505208808211786,TRENDING_DOWN,1.5987749204866213,1.0
2022-05-13,13.88888888888889,3.072268282519102,0.3968253968253968,1.0214918976907776,252,0.5330228640434584,TRENDING_DOWN,1.569939240857961,2.0
2022-05-16,13.545816733067728,3.2278852842215513,0.398406374501992,-2.463346522775291,251,0.4748157581837848,TRENDING_DOWN,1.5227497297697647,3.0
2022-05-17,13.636363636363635,2.971630588313769,0.8264462809917356,0.2581592155436075,242,0.47554139029440673,TRENDING_DOWN,1.487176678589134,4.0
2022-05-18,15.32258064516129,3.7731537763706093,0.4032258064516129,2.1419133248446403,248,0.4898272056310267,TRENDING_DOWN,1.4850414438602106,5.0
2022-05-19,14.87603305785124,2.8498126909271324,0.0,-0.4345626192732958,242,0.48348339614160085,TRENDING_DOWN,1.4704682848863928,6.0
2022-05-20,16.033755274261605,3.620720811503444,0.42194092827004215,0.7142156825642323,237,0.491202585953654,TRENDING_DOWN,1.4602083028813932,7.0
2022-05-23,13.043478260869565,2.9085890600553164,0.0,-1.9335667271201893,230,0.4915613215109714,TRENDING_DOWN,1.5070069097142467,8.0
2022-05-24,12.068965517241379,2.8512580042445554,0.0,-0.8587510261399607,232,0.5085441698529719,TRENDING_DOWN,1.5545185352578965,9.0
2022-05-25,12.863070539419086,2.817700381118109,0.0,0.8430040342956135,241,0.5099921947753299,TRENDING_DOWN,1.561431720819393,10.0
2022-05-26,16.733067729083665,3.5617110714345976,0.0,2.2862082277969855,251,0.5305237338572361,TRENDING_DOWN,1.5697218094900296,11.0
2022-05-27,20.74074074074074,3.332911607775557,0.3703703703703704,0.945469631057906,270,0.5090224448819284,TRENDING_DOWN,1.6447168726209704,12.0
2022-05-30,20.491803278688526,2.690267881665175,0.819672131147541,-0.0870268917047848,244,0.5351312936172958,TRENDING_DOWN,1.6083532720850842,13.0
2022-05-31,21.91235059760956,2.909547369501491,0.796812749003984,0.20585645058131538,251,0.5262295880707666,TRENDING_DOWN,1.5975515655968455,14.0
2022-06-01,17.741935483870968,2.6936787218012004,0.4032258064516129,-0.7718317552550051,248,0.5351505167167376,TRENDING_DOWN,1.60366816010089,15.0
2022-06-02,16.867469879518072,3.002275982018579,0.4016064257028112,-1.3089021339136444,249,0.5209121873863164,TRENDING_DOWN,1.6012570224236946,16.0
2022-06-03,15.163934426229508,3.1794146130308967,0.4098360655737705,-2.258582775245456,244,0.5469519116109861,TRENDING_DOWN,1.7218191121455513,17.0
2022-06-06,13.692946058091287,3.041231485799855,0.0,0.6319793372564853,241,0.5199926256884106,TRENDING_DOWN,1.594784739043335,18.0
2022-06-07,13.877551020408163,2.3677902163229794,0.0,-0.34936832294860115,245,0.5154380175256175,TRENDING_DOWN,1.5885452438522412,19.0
2022-06-08,13.333333333333334,2.8001916771717,0.0,-0.08288457540206705,240,0.5049351407773836,TRENDING_DOWN,1.4656177773242747,20.0
2022-06-09,14.814814814814813,2.866864129278715,0.411522633744856,0.6506004273316695,243,0.49113978245411855,TRENDING_DOWN,1.4211294049543832,21.0
2022-06-10,17.647058823529413,2.604939753328372,0.42016806722689076,0.6936951917869266,238,0.4912172310435892,TRENDING_DOWN,1.377086083856779,22.0
2022-06-13,15.637860082304528,2.9861119962489666,0.0,-2.1422431783840885,243,0.49372433554879963,TRENDING_DOWN,1.4304317546531988,23.0
2022-06-14,15.18987341772152,3.419539060115393,0.0,0.3840625487389377,237,0.5021189614182461,TRENDING_DOWN,1.4464027000088653,24.0
2022-06-15,15.41501976284585,2.970397597494191,0.3952569169960474,0.05202663798931581,253,0.4537224107445177,TRENDING_DOWN,1.412293891785932,25.0
2022-06-16,17.408906882591094,3.0110955493054177,0.4048582995951417,0.5272666933709516,247,0.4758826977052201,TRENDING_DOWN,1.4172579256825273,26.0
2022-06-17,22.529644268774703,2.9133365696027553,1.185770750988142,1.2706478792063725,253,0.4688087034082911,RANGING,1.4560439821208715,0.0
2022-06-20,17.573221757322173,2.7462972107652326,0.41841004184100417,-1.1381619628916149,239,0.4757124544657111,TRENDING_DOWN,1.4522268005011356,0.0
2022-06-21,23.599999999999998,3.1225844994519756,0.0,2.1567742025290926,250,0.49484892316207996,RANGING,1.4386439338803716,0.0
2022-06-22,25.390625,2.791270169024866,0.0,-0.15509492323687454,256,0.48269889996207355,RANGING,1.4055667535129883,1.0
2022-06-23,31.47410358565737,2.891692897216957,0.0,1.3438349129706222,251,0.4765011786659073,RANGING,1.3762504690758721,2.0
2022-06-24,20.99236641221374,3.758994925565818,0.0,-3.1573611624631224,262,0.514775749183922,TRENDING_DOWN,1.5799237986942816,0.0
2022-06-27,25.702811244979916,3.555237735078813,0.4016064257028112,1.3787557250593527,249,0.530339028851006,TRENDING_DOWN,1.6086449465681354,1.0
2022-06-28,25.40983606557377,2.9759809442142613,0.4098360655737705,-0.48241056133364824,244,0.5429398677491803,TRENDING_DOWN,1.638598924186925,2.0
2022-06-29,27.310924369747898,2.684422281990511,0.0,-0.07014701979537588,238,0.5408340193240782,TRENDING_DOWN,1.689752681321708,3.0
2022-06-30,29.599999999999998,3.09583218598294,0.8,0.6074081648325379,250,0.5177334130077935,TRENDING_DOWN,1.6376201438440197,4.0
2022-07-01,30.08474576271186,3.0155735746217887,0.423728813559322,0.34766956598149906,236,0.5125738996960185,VOLATILE,1.5188918661505362,0.0
2022-07-04,27.074235807860266,2.747776210654506,0.43668122270742354,-0.26625439020935315,229,0.5186695544818072,TRENDING_DOWN,1.4954076587149285,0.0
2022-07-05,29.184549356223176,2.821972755467627,0.8583690987124464,-0.47213631086597413,233,0.5148172229494109,TRENDING_DOWN,1.5115575498077136,1.0
2022-07-06,30.837004405286343,3.2839155549400743,0.881057268722467,0.6626789068114053,227,0.5216143683674043,TRENDING_DOWN,1.5098825820053998,2.0
2022-07-07,33.47639484978541,2.9761365682661496,1.2875536480686696,0.53153756352228,233,0.5180043068370728,TRENDING_DOWN,1.4965602030378777,3.0
2022-07-13,40.66390041493776,3.040227831627594,0.8298755186721992,1.0751773341601971,241,0.5032630461317659,VOLATILE,1.5242099364184472,0.0
2022-07-14,51.04602510460251,2.945612504871031,0.8368200836820083,0.9327682918880241,239,0.5034237994981523,RANGING,1.4199881413712911,0.0
2022-07-15,44.89795918367347,7.709715220472419,0.8163265306122449,0.02302772453932419,245,0.4888315782081372,RANGING,1.4309311653904921,1.0
2022-07-18,32.231404958677686,2.820808431626874,0.4132231404958678,-2.0459720332835105,242,0.511925413939445,TRENDING_DOWN,1.4940347536968404,0.0
2022-07-19,20.16460905349794,2.7075802440667527,0.0,-2.7210281363049456,243,0.5433965997140222,TRENDING_DOWN,1.6408684329696153,1.0
2022-07-20,21.666666666666668,3.1277145960339907,0.0,-0.04987564638653019,240,0.5403953179267876,TRENDING_DOWN,1.6018865686102497,2.0
2022-07-21,16.80327868852459,2.91820010084043,0.4098360655737705,-2.562706659462779,244,0.5575466033412407,TRENDING_DOWN,1.6469801100880612,3.0
2022-07-22,23.10924369747899,3.526584816793302,0.0,1.7674081508499346,238,0.5547963233190691,TRENDING_DOWN,1.6139073739997492,4.0
2022-07-25,19.457013574660635,3.0598595315835158,0.4524886877828055,-0.16981568646869383,221,0.5724395751993631,TRENDING_DOWN,1.6088625093552344,5.0
2022-07-26,20.26431718061674,2.827296109539575,0.881057268722467,0.06790516964171446,227,0.5577115832529503,TRENDING_DOWN,1.5939645135051497,6.0
2022-07-27,21.39917695473251,3.0393343398296593,0.823045267489712,0.46961666911785993,243,0.504127001486744,TRENDING_DOWN,1.3738271978033019,7.0
2022-07-28,24.291497975708502,3.221124169831446,1.214574898785425,0.9086852505094297,247,0.48521816842353765,TRENDING_DOWN,1.3327725450782433,8.0
2022-07-29,27.23404255319149,3.572551739721659,1.702127659574468,-0.5875413565341273,235,0.4888380567634171,TRENDING_DOWN,1.3194078459072385,9.0
2022-08-01,23.348017621145374,4.092055192196533,0.4405286343612335,-0.4327557558837905,227,0.49061423705740725,TRENDING_DOWN,1.2738908812165737,10.0
2022-08-02,29.707112970711297,2.9942776615419193,1.2552301255230125,0.9496718940422706,239,0.4839924633856097,TRENDING_DOWN,1.3146089445035951,11.0
2022-08-03,42.96875,3.4793855144324954,1.171875,2.2574814001632655,256,0.4916813541815367,RANGING,1.3851562022524628,0.0
2022-08-04,47.82608695652174,4.192611286946013,0.7905138339920948,0.7293374568185638,253,0.48681530816741947,RANGING,1.3972652011389182,1.0
2022-08-05,59.4488188976378,5.663575412246969,0.39370078740157477,1.7930836396893177,254,0.49650202625278544,RANGING,1.4169543408152387,2.0
2022-08-10,66.92913385826772,3.0388481259640754,2.3622047244094486,1.1644491790202787,254,0.4891426523930676,RANGING,1.4563635358166953,3.0
2022-08-11,64.22764227642277,2.726494215415078,0.8130081300813009,-0.3260225772451305,246,0.4998425617322552,RANGING,1.4409458250568814,4.0
2022-08-12,72.6923076923077,3.287692802649728,2.6923076923076925,1.8801226471452337,260,0.493259226240399,RANGING,1.4066476470784532,5.0
2022-08-15,80.45977011494253,3.4700735083436776,2.681992337164751,1.9758004271284997,261,0.5014033915047664,RANGING,1.4165422258860376,6.0
2022-08-16,79.13385826771653,3.0164703075884276,2.7559055118110236,-0.3152732500650941,254,0.51254528447279,RANGING,1.4266982499502738,7.0
2022-08-17,77.07509881422925,3.1121160339786584,1.5810276679841897,0.24952225460828334,253,0.4868980383489426,RANGING,1.3670112756132824,8.0
2022-08-18,74.29718875502009,2.6556833500987946,0.4016064257028112,-0.6122670537350889,249,0.456025902998849,RANGING,1.2758322504973392,9.0
2022-08-19,78.66108786610879,2.6523355104838315,0.8368200836820083,-0.2343064294754602,239,0.4605767942426655,RANGING,1.2705494370895762,10.0
2022-08-22,72.42798353909465,2.557879371881337,0.411522633744856,-1.3413715493475546,243,0.4400473876716052,RANGING,1.254590014724475,11.0
2022-08-23,72.50996015936255,2.902963141635974,0.796812749003984,0.8633590951428477,251,0.42695913507513983,RANGING,1.2336078445298457,12.0
2022-08-24,70.39999999999999,2.5950317739128708,0.4,-0.16876380074791725,250,0.4226331613285425,RANGING,1.2376733381835836,13.0
2022-08-25,66.4,2.4954396030557704,0.4,-0.45362316684761117,250,0.4182265143084873,RANGING,1.2550493730678884,14.0
2022-08-26,64.08163265306122,2.6754639761386656,0.40816326530612246,-0.8211967522789142,245,0.44462496417576486,RANGING,1.2869935815846867,15.0
2022-08-29,58.23293172690763,3.7630118818456113,0.0,-0.62843441536669,249,0.4387788038049321,RANGING,1.302857543488501,16.0
2022-08-30,56.00000000000001,3.2474503953655445,0.4,-0.22586428183987334,250,0.42546081640387773,RANGING,1.3778754717651878,17.0
2022-08-31,58.43621399176955,3.0971341573835254,0.0,0.5368215913333494,243,0.42153844882889724,RANGING,1.382616528712916,18.0
2022-09-01,59.92063492063492,2.5433673102447334,0.0,0.4566104145170532,252,0.42607028674161257,RANGING,1.3344145842400676,19.0
2022-09-02,56.69291338582677,2.762750974949779,1.1811023622047243,-0.24675106988763876,254,0.4015380460145141,RANGING,1.2581013876207758,20.0
2022-09-05,47.15447154471545,2.7907876511992615,0.40650406504065045,-1.4566096919890406,246,0.4215495180802955,RANGING,1.2677851755762766,21.0
2022-09-06,48.19277108433735,3.0167091700145745,0.4016064257028112,-0.0784635394478273,249,0.4062339371955856,RANGING,1.20806772803674,22.0
2022-09-07,44.03292181069959,2.7736642980156727,0.411522633744856,-0.2943722920282948,243,0.40779588827328667,RANGING,1.1725779670330336,23.0
2022-09-08,47.30290456431535,2.694956632322443,0.0,0.29932127978714673,241,0.40205712661460474,RANGING,1.180086020754677,24.0
2022-09-09,49.794238683127574,2.4998210676258443,0.411522633744856,0.44802731736742785,243,0.37130813066074775,RANGING,1.1352738713688522,25.0
2022-09-12,47.28033472803347,2.775499541320618,0.41841004184100417,-0.8078434745089689,239,0.3110059307088274,RANGING,1.0806778606712637,26.0
2022-09-13,44.398340248962654,2.605987091990965,0.4149377593360996,0.008142447351728558,241,0.3162444213665513,RANGING,1.0440774032447544,27.0
2022-09-14,40.16393442622951,2.6928346874113376,0.0,-0.30288511269344903,244,0.314127093392084,RANGING,1.0229490176812157,28.0
2022-09-15,36.54618473895582,2.7042214017290256,0.0,-0.5537393778211623,249,0.30573618806962244,RANGING,1.040540466134207,29.0
2022-09-16,37.39495798319328,5.916291237245969,0.0,-0.6058763103736645,238,0.30767794933225445,TRENDING_DOWN,1.0446133098077737,0.0
2022-09-19,32.1285140562249,3.2610619533037317,0.0,-1.2474334290030569,249,0.29791338653341953,TRENDING_DOWN,1.0324323426039952,1.0
2022-09-20,31.275720164609055,2.603332749788124,0.0,-0.9070042808638504,243,0.2626679722152367,TRENDING_DOWN,1.0363453887844793,2.0
2022-09-21,27.966101694915253,2.926004146906519,0.0,-0.7702958465530859,236,0.267680769401205,TRENDING_DOWN,1.0551687538660517,3.0
2022-09-22,28.63070539419087,2.3617803467930667,0.4149377593360996,-0.35307267585054936,241,0.25804950069039284,TRENDING_DOWN,1.0650056990394101,4.0
2022-09-23,22.127659574468083,2.7207607209014473,0.851063829787234,-0.31588369845518566,235,0.25687332763924764,TRENDING_DOWN,1.0682748809028815,5.0
2022-09-26,31.147540983606557,3.1131861039780904,0.0,1.4501782566676342,244,0.32004103907055076,TRENDING_DOWN,1.0317657613785534,6.0
2022-09-27,31.57894736842105,2.545499751030117,0.4048582995951417,0.6601578650960493,247,0.33601471175960357,TRENDING_DOWN,0.9614872792024128,7.0
2022-09-28,34.959349593495936,2.365272672903486,0.0,-0.027784958840116773,246,0.335369490597002,TRENDING_DOWN,0.9678417806339693,8.0
2022-09-29,29.23728813559322,2.544306060685239,0.0,-0.5635802861563679,236,0.33827894893310945,TRENDING_DOWN,1.0031316242850585,9.0
2022-09-30,27.11864406779661,2.885578456697029,0.423728813559322,-0.08708037741192028,236,0.3317402119571629,TRENDING_DOWN,1.0064840414241443,10.0
2022-10-03,28.09917355371901,3.0798401785719065,0.0,-0.4380459530658737,242,0.3050956975858287,TRENDING_DOWN,0.978246468842586,11.0
2022-10-04,27.480916030534353,4.538310476047782,0.0,0.589015830493781,262,0.2886827431217976,TRENDING_DOWN,0.9910453168201645,12.0
2022-10-05,35.573122529644266,3.0338653308848538,0.0,0.22565374885293646,253,0.2913372906477573,RANGING,0.9796673605466962,0.0
2022-10-06,37.404580152671755,3.167678307866497,0.38167938931297707,0.8650532700554522,262,0.29275128169240916,RANGING,1.006059690369462,1.0
2022-10-07,34.4,2.894420438974978,0.8,-0.3041919679482078,250,0.3012118263721741,RANGING,1.0212901194599058,2.0
2022-10-10,33.33333333333333,2.6262948475751804,0.823045267489712,0.07387104798601384,243,0.30200234575519885,RANGING,1.0235328454426313,3.0
2022-10-11,32.926829268292686,2.9577756596208027,0.40650406504065045,-0.32031179524853237,246,0.2958431484897118,RANGING,1.0399110625712247,4.0
2022-10-12,30.23255813953488,3.1064957647468736,0.3875968992248062,-0.5913104335723411,258,0.2875652026028953,RANGING,1.052244927886069,5.0
2022-10-13,28.74493927125506,2.97912185942199,0.4048582995951417,0.09580295490464864,247,0.2891466483094067,RANGING,1.0067654776964732,6.0
2022-10-14,30.555555555555557,3.0744307325112494,0.0,0.07372698464300727,252,0.28277908461101176,RANGING,1.0132603072815483,7.0
2022-10-17,28.74493927125506,3.33234434312709,0.4048582995951417,-0.6647744184604183,247,0.2821852797894862,RANGING,1.0024451897895965,8.0
2022-10-18,22.983870967741936,3.2411585379186123,0.8064516129032258,0.07266333662965219,248,0.2734300647454897,RANGING,0.9632077622787796,9.0
2022-10-19,30.081300813008134,3.4975296133594345,0.40650406504065045,0.5390396009504284,246,0.25422251937613743,RANGING,0.9472837265147946,10.0
2022-10-20,27.77777777777778,3.287667456372761,1.1904761904761905,-0.20310914356574958,252,0.23387749747125755,RANGING,0.9203173739778605,11.0
2022-10-21,29.2,3.035296590446499,1.2,0.010190797583685999,250,0.22860800409197787,RANGING,0.8993880627704722,12.0
2022-10-24,29.38775510204082,2.4830575154294823,0.8163265306122449,-0.0605892211082902,245,0.18714237120968935,RANGING,0.8826669418519241,13.0
2022-10-25,26.294820717131472,2.9417945065650826,0.796812749003984,-1.005615813546083,251,0.19694415924034595,RANGING,0.8774800296373427,14.0
2022-10-26,20.33195020746888,3.4378593314951407,0.8298755186721992,-2.1970028468461984,241,0.27272005884976513,RANGING,0.9237246578781986,15.0
2022-10-27,23.715415019762844,2.9664120956460467,0.7905138339920948,0.07210830762050308,253,0.2600456218155092,RANGING,0.9065484696360973,16.0
2022-10-28,18.852459016393443,3.52394614144057,1.2295081967213115,-1.5398369901944928,244,0.28784160500332034,RANGING,0.9343933313126109,17.0
2022-10-31,17.269076305220885,3.765145620730984,1.2048192771084338,0.25733527570644704,249,0.2913037606941729,RANGING,0.9221098635006348,18.0
2022-11-01,24.23076923076923,3.903670986553727,1.153846153846154,1.7616583408393536,260,0.3241720894228343,RANGING,0.9331612638425185,19.0
2022-11-02,26.356589147286826,3.453326852043412,2.3255813953488373,0.3248545834543489,258,0.33173320955407126,RANGING,0.9253362590980165,20.0
2022-11-03,32.28346456692913,3.662494644470705,2.3622047244094486,1.2236279368615195,254,0.32190433382184186,RANGING,0.8859900438837937,21.0
2022-11-04,31.496062992125985,2.870750315841359,0.7874015748031495,-0.525675505871817,254,0.32127636966969514,RANGING,0.8876929189410162,22.0
2022-11-07,28.915662650602407,2.8475770239351585,2.0080321285140563,0.1481380932069054,249,0.3353019306419958,RANGING,0.8814584316351853,23.0
2022-11-08,34.099616858237546,3.3059130386706013,0.7662835249042145,0.306919072640451,261,0.3288951093875224,RANGING,0.8662365587327306,24.0
2022-11-10,40.69767441860465,2.9240418658394556,0.7751937984496124,0.9062475293632176,258,0.34840229643241,RANGING,0.9057890360821488,25.0
2022-11-11,41.269841269841265,3.1040796646380975,1.1904761904761905,0.5880899119578856,252,0.3535909626393933,RANGING,0.9127131004027345,26.0
2022-11-14,38.54961832061068,19.116106196453,0.38167938931297707,1.0081483107601885,262,0.3289411378283622,RANGING,0.9168002113377972,27.0
2022-11-15,41.89723320158103,3.1541607037830803,1.5810276679841897,-0.05497336705013725,253,0.3299221682174035,RANGING,0.9208224437078902,28.0
2022-11-16,41.221374045801525,2.807442784325742,1.5267175572519083,-0.033260547299438274,262,0.31931616237939664,RANGING,0.930442318317969,29.0
2022-11-17,39.21568627450981,3.332775123527046,1.5686274509803921,-0.3492457761787909,255,0.3338596136998698,RANGING,0.9228458289778632,30.0
2022-11-18,36.94779116465863,2.4982280854802763,1.2048192771084338,-0.19563896636937214,249,0.340303730857119,RANGING,0.9123538739777728,31.0
2022-11-21,37.2,2.920610329239429,1.2,0.08567986455005612,250,0.34034452814572613,RANGING,0.8810734687224554,32.0
2022-11-22,42.51968503937008,2.667982318751871,0.7874015748031495,0.4625161554391655,254,0.34383609376731966,RANGING,0.860911671514248,33.0
2022-11-23,40.0,2.7661498016765655,1.5384615384615385,0.10217640305446074,260,0.32857928140217996,RANGING,0.8482972721046087,34.0
2022-11-24,40.963855421686745,2.716745570162038,1.6064257028112447,0.5106499964976557,249,0.28748638035702706,RANGING,0.7836594322394477,35.0
2022-11-25,41.43426294820717,3.0746492200233746,1.9920318725099602,0.07771333799630914,251,0.28864029346840897,RANGING,0.7657394962308491,36.0
2022-11-28,26.37795275590551,3.381160929869697,1.1811023622047243,-2.7306741902597085,254,0.36179675999256106,RANGING,0.8345538791966214,37.0
2022-11-29,32.25806451612903,3.0859952278745255,1.2096774193548387,0.2648739454823103,248,0.3678992843832253,RANGING,0.8475432456867587,38.0
2022-11-30,33.46774193548387,3.3483813761631303,1.2096774193548387,0.40917960995574076,248,0.3363938736579753,RANGING,0.8093992651001923,39.0
2022-12-01,32.41106719367589,3.672405171986902,1.185770750988142,0.4996445717838661,253,0.3368987072556155,RANGING,0.8123175428697588,40.0
2022-12-02,30.125523012552303,2.8892038996738303,0.8368200836820083,-0.7132318073690139,239,0.3466053731420195,RANGING,0.8453301415655007,41.0
2022-12-05,22.31404958677686,2.8144245903533562,0.0,-1.9045672309947907,242,0.3739918752326155,RANGING,0.8999734936498913,42.0
2022-12-06,19.591836734693878,2.9264151584565856,0.8163265306122449,-0.5888307592407779,245,0.36821010488331507,RANGING,0.913136850943935,43.0
2022-12-07,25.72614107883817,2.8468861599995483,0.8298755186721992,0.9236736407256356,241,0.3897466347027811,RANGING,0.918286752357584,44.0
2022-12-08,26.25,2.7761144072172295,0.8333333333333334,-0.7141589522152981,240,0.3771354533070285,RANGING,0.8781101138707478,45.0
2022-12-09,28.03347280334728,3.0578626962689874,0.41841004184100417,0.19352152646654078,239,0.3724630936662722,RANGING,0.8629684485786937,46.0
2022-12-12,23.333333333333332,2.989688770596212,0.4166666666666667,-0.4584146756247366,240,0.4145375242741895,TRENDING_DOWN,0.8592892968436863,0.0
2022-12-13,27.983539094650205,2.6753450389984863,0.823045267489712,-0.16294675057447583,243,0.4026590225612092,TRENDING_DOWN,0.8522425163553023,1.0
2022-12-14,26.61290322580645,2.8057938797847704,0.8064516129032258,0.15045272023383485,248,0.3933078476741913,TRENDING_DOWN,0.8472967553013325,2.0
2022-12-15,21.16182572614108,3.0963713085166074,0.4149377593360996,-1.769116346467714,241,0.4289388431693664,TRENDING_DOWN,0.9263434269650924,3.0
2022-12-16,19.758064516129032,3.1624278659509066,0.4032258064516129,-0.32291820260501514,248,0.4214716631897016,TRENDING_DOWN,0.9342243909903479,4.0
2022-12-19,16.033755274261605,3.4208776655368998,0.8438818565400843,-1.3385512735879486,237,0.42654865051545565,TRENDING_DOWN,0.9891661919385569,5.0
2022-12-20,11.600000000000001,3.3271325642046263,0.4,-3.9156191594164564,250,0.49039768909994447,TRENDING_DOWN,1.1666668758763294,6.0
2022-12-21,11.336032388663968,3.5317398141981253,0.0,-0.846588591347638,247,0.4794121286093757,TRENDING_DOWN,1.2441358527551005,7.0
2022-12-22,13.934426229508196,3.7148633498803947,0.4098360655737705,2.147724159410299,244,0.49837573320976875,TRENDING_DOWN,1.2847777504729767,8.0
2022-12-23,16.0,3.0878033587452,0.4,-0.5423512401611766,250,0.4872552193770763,TRENDING_DOWN,1.3149962691458381,9.0
2022-12-26,16.260162601626014,3.454071260888082,0.40650406504065045,1.3098783901972852,246,0.4945262061862664,TRENDING_DOWN,1.2648947233680576,10.0
2022-12-27,15.0,2.8466354541803924,0.0,-0.7674930334061193,240,0.4955409204212008,TRENDING_DOWN,1.303035381081435,11.0
2022-12-28,16.049382716049383,3.1259526611962776,0.411522633744856,-1.5524139544396287,243,0.49358983591678174,TRENDING_DOWN,1.3965235748074774,12.0
2022-12-29,19.00826446280992,3.3763839991459554,0.0,1.4142654094520881,242,0.5033070272102803,TRENDING_DOWN,1.4093203697856604,13.0
2022-12-30,21.39917695473251,3.365449336378652,0.0,1.32561894940431,243,0.5079533388290318,TRENDING_DOWN,1.4107932989365535,14.0
2023-01-02,23.651452282157674,3.754660834013159,0.0,1.2927363195883466,241,0.49953993691039755,RANGING,1.390374829416968,0.0
2023-01-03,22.083333333333332,3.017198960686996,0.4166666666666667,-0.46338037406914084,240,0.4953475532694105,TRENDING_DOWN,1.3933868627223203,0.0
2023-01-04,22.916666666666664,3.017079945304295,0.8333333333333334,-0.18198139520308956,240,0.4995120585510559,TRENDING_DOWN,1.4011305079268763,1.0
2023-01-05,21.929824561403507,2.612345108944193,0.8771929824561403,-0.15062197222611987,228,0.5011334134630165,RANGING,1.3855689330727368,0.0
2023-01-06,24.583333333333332,3.0414352360133647,1.25,0.4638095522326618,240,0.4908553706962181,RANGING,1.4021452650635793,1.0
2023-01-09,21.074380165289256,3.23228252013456,0.0,-1.5971134517161394,242,0.4929147637647662,TRENDING_DOWN,1.4645599677667516,0.0
2023-01-10,23.6734693877551,2.8184201177083823,0.0,1.274680693964249,245,0.49704427652045985,RANGING,1.481302158008897,0.0
2023-01-11,22.17573221757322,3.225561540387642,0.41841004184100417,-0.7418311000967319,239,0.4877029192755181,RANGING,1.4901553552413995,1.0
2023-01-12,20.32520325203252,2.925674128598171,0.8130081300813009,0.3520747629769549,246,0.4829167090140379,RANGING,1.4472958338040807,2.0
2023-01-13,23.75,3.190774820115826,0.0,-0.8473541516240554,240,0.47595232137446175,TRENDING_DOWN,1.5019672175867884,0.0
2023-01-16,16.450216450216452,2.6378770747457008,0.4329004329004329,-1.521678564329569,231,0.511234886421601,TRENDING_DOWN,1.5393025056173397,1.0
2023-01-17,12.601626016260163,3.5015664187780664,0.8130081300813009,-3.793956107567238,246,0.4968543590570787,TRENDING_DOWN,1.6142535863217053,2.0
2023-01-18,14.705882352941178,3.7495631620542222,0.42016806722689076,0.7622457234878874,238,0.5070653466700139,TRENDING_DOWN,1.588193319651496,3.0
2023-01-19,19.6,3.3275866821338784,0.4,0.28788125455185043,250,0.47793741953505475,TRENDING_DOWN,1.5528379221242077,4.0
2023-01-20,16.877637130801688,3.3083467483588174,0.8438818565400843,-0.9480766424891837,237,0.4920170706737581,TRENDING_DOWN,1.6024925028600823,5.0
2023-01-23,18.067226890756302,6.075621191333251,0.0,-0.06772816430225094,238,0.46998875976975424,TRENDING_DOWN,1.5645078932534653,6.0
2023-01-24,17.741935483870968,3.7021584070759945,0.4032258064516129,1.5261456640854043,248,0.4695855084890052,TRENDING_DOWN,1.544854585700149,7.0
2023-01-25,18.89763779527559,6.612491376409178,0.7874015748031495,1.8130537599083811,254,0.45968994425509957,VOLATILE,1.5228830536208473,0.0
2023-01-26,26.41509433962264,4.342194741286112,1.1320754716981132,2.040356580603204,265,0.45734812964247534,VOLATILE,1.5650240057111349,1.0
2023-01-27,25.702811244979916,3.8646203087242204,1.2048192771084338,-1.4791108595594875,249,0.4739978446566792,VOLATILE,1.5762055528073442,2.0
2023-01-30,21.428571428571427,3.3560330872064683,0.42016806722689076,-1.1183601185140437,238,0.4983940788208304,TRENDING_DOWN,1.6171569152424805,0.0
2023-01-31,25.71428571428571,3.178853343961316,2.0408163265306123,1.1982507365702384,245,0.4982533108439242,VOLATILE,1.6376036128090705,0.0
2023-02-01,30.57851239669421,2.8469936796702395,1.6528925619834711,0.3221616388489487,242,0.49556798999616963,VOLATILE,1.6368044856787107,1.0
2023-02-02,29.831932773109244,2.9728656526674193,1.2605042016806722,0.3437273878414045,238,0.5042729406216013,VOLATILE,1.6482375321940115,2.0
2023-02-03,30.29045643153527,2.975664320667871,1.2448132780082988,-0.22759237248678177,241,0.5025704995739722,VOLATILE,1.6749482841608716,3.0
2023-02-06,30.8,2.796324054207291,1.2,0.8457224982757312,250,0.48826907753788895,VOLATILE,1.6691409264745494,4.0
2023-02-07,34.387351778656125,3.041259355871807,1.9762845849802373,0.42805170643705936,253,0.4749107611990953,VOLATILE,1.6668135740495107,5.0
2023-02-08,39.8406374501992,3.5582151693021222,1.593625498007968,0.8101253919698171,251,0.4664864679691459,VOLATILE,1.6649490021407705,6.0
2023-02-09,48.031496062992126,3.3033232811100026,0.7874015748031495,2.0788772365723056,254,0.47779894207272505,VOLATILE,1.6703895933250126,7.0
2023-02-10,40.32921810699588,2.5557603535599878,0.411522633744856,-1.6547915120210936,243,0.49605069409260916,VOLATILE,1.7320991102918954,8.0
2023-02-13,39.66244725738397,2.8972976578526652,0.8438818565400843,0.2586246162269013,237,0.48112555228029114,VOLATILE,1.691525866584208,9.0
2023-02-14,37.71186440677966,3.1256935090107887,0.847457627118644,-1.0996382605073127,236,0.44376773211569687,VOLATILE,1.6112112322285033,10.0
2023-02-15,38.70967741935484,3.105484104819831,0.4032258064516129,0.11381480490477797,248,0.42466474514702557,VOLATILE,1.5862350989731877,11.0
2023-02-16,35.80246913580247,2.8356142279436414,1.2345679012345678,-0.6694056923991791,243,0.42794991211315553,VOLATILE,1.6274439398568374,12.0
2023-02-17,37.344398340248965,3.350679510173306,0.4149377593360996,-0.27229249430441693,241,0.4238175440931783,VOLATILE,1.5721920074632876,13.0
2023-02-20,32.340425531914896,2.8599125107946985,0.0,-1.1378238049563087,235,0.4488161448936848,VOLATILE,1.6043068680354156,14.0
2023-02-21,40.52863436123348,3.2943386657466553,0.4405286343612335,0.30636879183930493,227,0.44879746930901954,VOLATILE,1.5501354828248413,15.0
2023-02-22,38.55421686746988,3.125903424949095,0.4016064257028112,0.42718121003492626,249,0.4215814364032516,RANGING,1.4690569768458683,0.0
2023-02-23,35.714285714285715,2.8775418979814806,0.0,-0.8403864031438615,238,0.41681242162533355,RANGING,1.3812232620631848,1.0
2023-02-24,34.12698412698413,4.654997603219804,0.3968253968253968,-0.23590578920710117,252,0.38299277507401025,RANGING,1.3369170890267605,2.0
2023-02-27,34.274193548387096,3.711055442068043,0.4032258064516129,0.11504029424424082,248,0.3866884863696239,RANGING,1.2585164866824423,3.0
2023-02-28,28.74493927125506,3.495692347105253,0.4048582995951417,-1.0356854408372207,247,0.37310688822538063,RANGING,1.208726308843883,4.0
2023-03-01,28.991596638655466,3.045069213598208,0.8403361344537815,-0.21380334004507515,238,0.3838126364222232,RANGING,1.2284520462220234,5.0
2023-03-02,27.083333333333332,3.445769848977942,0.4166666666666667,-0.5391298587776627,240,0.37295946636808464,RANGING,1.2351318683047927,6.0
2023-03-03,33.204633204633204,3.599798470014985,0.0,0.9400840240671864,259,0.36120359926550316,RANGING,1.2549882671698482,7.0
2023-03-06,34.8,3.057285032558703,0.4,0.8175626713780388,250,0.3644796658418978,RANGING,1.2073406279285808,8.0
2023-03-07,32.244897959183675,2.799248302341651,0.0,-0.1886867167357227,245,0.3680211402869462,RANGING,1.164565404990337,9.0
2023-03-08,35.317460317460316,3.2747845045062256,0.7936507936507936,0.056036934251112974,252,0.36171016718887483,RANGING,1.1447503598376472,10.0
2023-03-09,39.66244725738397,3.3051714487584323,0.8438818565400843,1.27551300439468,237,0.3391096943516287,RANGING,1.0717487376621795,11.0
2023-03-10,45.49180327868852,3.6186411030542707,0.4098360655737705,1.1591373735001047,244,0.32570531934496455,RANGING,0.9988402605453873,12.0
2023-03-13,48.20717131474104,3.053209365394427,0.796812749003984,0.07065917717673367,251,0.31937199799940236,RANGING,1.0161598400261846,13.0
2023-03-14,46.63865546218487,2.220617429031648,0.42016806722689076,-0.46978206436019093,238,0.3202873210544303,RANGING,0.9509276616870448,14.0
2023-03-15,49.79919678714859,2.7881707533104216,0.4016064257028112,0.8224482941830551,249,0.30670429733508997,RANGING,0.9333921446318517,15.0
2023-03-16,53.78486055776892,2.721551394590644,0.398406374501992,0.4853913681671857,251,0.30257678264709087,RANGING,0.9236428951920992,16.0
2023-03-17,55.6910569105691,3.1203297171727296,0.40650406504065045,-0.1891900632394291,246,0.3023974944860052,RANGING,0.9667408259627694,17.0
2023-03-20,52.991452991452995,3.4692145504609337,1.282051282051282,-0.1877408418780497,234,0.28689224651746337,RANGING,0.970337341712601,18.0
2023-03-21,52.56410256410257,3.227906277520078,1.282051282051282,-0.3068573524909865,234,0.28764919248974385,RANGING,0.9713359123909743,19.0
2023-03-22,38.589211618257266,2.904381609883739,0.8298755186721992,-1.4195131503613792,241,0.3058258172551805,RANGING,1.0272587000725681,20.0
2023-03-24,34.08071748878923,2.713913736506093,0.4484304932735426,-0.9131298229339956,223,0.3232427178627143,RANGING,1.0537078091885614,21.0
2023-03-27,34.68468468468468,3.188490431673006,0.0,-0.07900535401996868,222,0.3208277094049855,TRENDING_DOWN,1.0428803533567317,0.0
2023-03-28,35.3448275862069,2.863273436921533,0.43103448275862066,0.08353828688027766,232,0.3199954650332113,TRENDING_DOWN,1.040744347203022,1.0
2023-03-29,31.092436974789916,2.855957068779003,1.2605042016806722,-0.6484288430370073,238,0.313857287319565,TRENDING_DOWN,1.0392807001222921,2.0
2023-03-30,31.25,2.7909526708199905,0.4464285714285714,0.2264922987484971,224,0.3123362919877893,TRENDING_DOWN,1.0022384866625589,3.0
2023-03-31,37.17948717948718,3.1609331227298707,1.282051282051282,0.5489946015405478,234,0.3137505062318805,TRENDING_DOWN,0.9699036244997905,4.0
2023-04-03,34.18803418803419,2.950083190087561,0.4273504273504274,-0.686518846056892,234,0.29830083465387003,TRENDING_DOWN,0.8905399612433202,5.0
2023-04-04,32.314410480349345,2.8669011874193977,0.43668122270742354,-0.5821300892778779,229,0.30820009933891784,TRENDING_DOWN,0.8922485452510435,6.0
2023-04-05,29.613733905579398,3.3481719226131568,0.8583690987124464,0.09809390362281836,233,0.3053485140373641,TRENDING_DOWN,0.8978174415837977,7.0
2023-04-06,38.9344262295082,3.262013101506879,0.819672131147541,1.72844169770496,244,0.34144431874421566,TRENDING_DOWN,0.9299621396207103,8.0
2023-04-07,36.17021276595745,2.511174430556118,0.425531914893617,-0.7472726741187746,235,0.3315812871291413,TRENDING_DOWN,0.9688761325005315,9.0
2023-04-10,33.91304347826087,2.580049611411611,0.43478260869565216,-0.4317542164051724,230,0.3320068594706598,TRENDING_DOWN,0.9805351454341416,10.0
2023-04-11,29.20353982300885,2.7398967003398425,0.8849557522123894,-0.51308711598672,226,0.3270074731443233,TRENDING_DOWN,0.9426849234675974,11.0
2023-04-12,34.13654618473896,2.6122222639382993,0.8032128514056224,0.3082992967924991,249,0.3181268364629283,TRENDING_DOWN,0.9501944497402545,12.0
2023-04-13,33.47457627118644,3.3659834319084325,0.847457627118644,0.09185296201305115,236,0.3283215488305557,TRENDING_DOWN,0.9345789162389049,13.0
2023-04-17,35.294117647058826,3.8290999327893758,0.8403361344537815,-0.08570429732445911,238,0.31320230129454196,TRENDING_DOWN,0.8977080334119638,14.0
2023-04-18,37.17948717948718,2.9102646726496944,0.8547008547008548,-0.034887285117499243,234,0.3158234231555069,RANGING,0.8592614477088497,0.0
2023-04-19,36.72566371681416,3.1250773542731207,0.8849557522123894,0.055487655210762196,226,0.3247994473297767,RANGING,0.827804848177772,1.0
2023-04-20,40.707964601769916,3.3996823554709135,1.3274336283185841,0.8305774307183634,226,0.35351895469808553,RANGING,0.8533811355980384,2.0
2023-04-26,41.224489795918366,3.551865081872569,2.4489795918367347,0.9754136344727118,245,0.31403223358129495,RANGING,0.8164462994512338,3.0
2023-04-27,46.06299212598425,3.3303382392434084,1.1811023622047243,0.6788557802816951,254,0.27687194867402,RANGING,0.799608623499326,4.0
2023-04-28,48.818897637795274,3.8378368159330174,1.1811023622047243,0.44421894122823186,254,0.2651495780694109,RANGING,0.8099978716163787,5.0
2023-05-02,54.054054054054056,4.13873931581541,1.9305019305019304,0.40611028856314724,259,0.2591170047852469,RANGING,0.8278441142883298,6.0
2023-05-03,50.0,3.6022098231977204,2.272727272727273,0.10648194387812697,264,0.25040971440637994,RANGING,0.8170893650507391,7.0
2023-05-04,50.95785440613027,3.1888318054960636,1.1494252873563218,-0.06763621492388469,261,0.24877464652367556,RANGING,0.8255467551040764,8.0
2023-05-05,50.75757575757576,3.0064347015330974,1.1363636363636365,0.16403106787432498,264,0.2357204125326084,RANGING,0.8331853762536692,9.0
2023-05-08,43.30708661417323,3.1090107124587893,0.0,-1.3248101794322436,254,0.27824790460256627,RANGING,0.8897670040920896,10.0
2023-05-09,36.51452282157676,2.560821739207751,1.2448132780082988,-1.2431224708215036,241,0.313984323994878,RANGING,0.9133966632514627,11.0
2023-05-10,33.60655737704918,2.902643441389589,0.4098360655737705,-0.5231597422619231,244,0.31437022366925865,RANGING,0.9347351609679375,12.0
2023-05-11,34.95575221238938,2.8367370123363314,0.8849557522123894,0.5264914589733279,226,0.28940475365493035,RANGING,0.9008307919322701,13.0
2023-05-12,40.082644628099175,2.5372274578852094,1.6528925619834711,0.35999496544890086,242,0.27303557979083176,RANGING,0.8738060884727428,14.0
2023-05-15,40.67796610169492,2.751324392599193,0.423728813559322,0.357660958036445,236,0.26993821882462626,RANGING,0.8735840349983518,15.0
2023-05-16,44.166666666666664,2.6888017508067077,0.4166666666666667,0.7547855089481428,240,0.2734776076800391,RANGING,0.8875907484221395,16.0
2023-05-17,41.35021097046413,2.5641258040274937,0.42194092827004215,-0.40495741896894805,237,0.27493403856523446,RANGING,0.8820361402755572,17.0
2023-05-18,39.38053097345133,2.402716316262683,0.8849557522123894,-0.7935508637817349,226,0.2924820500133683,RANGING,0.9217493238151477,18.0
2023-05-19,39.183673469387756,3.1130318344725985,0.8163265306122449,0.6088500738288625,245,0.2844650629248432,RANGING,0.9283668572313206,19.0
2023-05-22,34.74576271186441,2.7452087981680418,2.9661016949152543,-0.8836536756478229,236,0.2933882764068627,RANGING,0.9704379602797032,20.0
2023-05-23,35.80786026200873,2.9841546686962355,1.3100436681222707,-0.026409377483373745,229,0.3032775145839016,RANGING,0.9671186613883926,21.0
2023-05-24,36.52173913043478,3.056069203855765,1.3043478260869565,0.33210992418762175,230,0.3087196996692946,RANGING,0.9290586059597263,22.0
2023-05-25,34.03361344537815,2.424507932908387,1.680672268907563,-0.478197809971957,238,0.30260842488257095,RANGING,0.9195979397348295,23.0
2023-05-26,36.47540983606557,2.7489345031681145,0.819672131147541,-0.26347236618642156,244,0.30080048742879834,RANGING,0.9121620796913609,24.0
2023-05-29,40.234375,3.3466000290754794,1.953125,0.8972826117252998,256,0.3034418247939343,RANGING,0.9471539228535213,25.0
2023-05-30,43.49593495934959,3.0713955409504266,1.2195121951219512,0.6727079189405428,246,0.3188771882308288,RANGING,0.9329100239611325,26.0
2023-05-31,38.2716049382716,2.62068776597484,0.823045267489712,-1.025976197027364,243,0.3295759269847242,RANGING,0.9806920109478299,27.0
2023-06-01,34.36123348017621,2.1751650393064166,0.4405286343612335,-0.1876799053394246,227,0.34944946694622625,RANGING,0.9790637842506191,28.0
2023-06-02,38.666666666666664,2.572416321082144,0.0,0.38316341930835907,225,0.35937266031757176,RANGING,0.9535213665375483,29.0
2023-06-05,45.643153526970956,2.6419524781250807,0.8298755186721992,1.0460261543620437,241,0.3423334596255275,RANGING,0.911146555361265,30.0
2023-06-06,46.09053497942387,2.701814438043346,1.2345679012345678,0.7521096478474174,243,0.3181348750932632,RANGING,0.8825011103568238,31.0
2023-06-07,48.59437751004016,3.821376704219542,2.4096385542168677,0.8951351801624391,249,0.3131756968415642,RANGING,0.8710759227396602,32.0
2023-06-08,45.79831932773109,3.7442181821541523,2.941176470588235,-0.8758058576849193,238,0.331908187002,RANGING,0.908731516180551,33.0
2023-06-09,50.602409638554214,2.615206894692769,1.6064257028112447,0.813448822663046,249,0.3176047049808603,RANGING,0.8926646970947992,34.0
2023-06-12,50.0,2.913574293116423,2.1551724137931036,-0.45422261989840323,232,0.34469917065068745,RANGING,0.8842189583686327,35.0
2023-06-13,46.15384615384615,2.642352175367713,1.282051282051282,-0.6250463368422745,234,0.3446097350792793,RANGING,0.905977603546761,36.0
2023-06-14,43.47826086956522,2.577730935389733,0.8695652173913043,0.26686872954427576,230,0.340050327617615,RANGING,0.9070036835375818,37.0
2023-06-15,38.15789473684211,3.52312735985384,1.3157894736842104,-1.0920627958096023,228,0.34563660339352165,RANGING,0.8881410693376394,38.0
2023-06-16,36.666666666666664,4.210464882918584,1.6666666666666667,-0.6261658338544789,240,0.33045373439652626,RANGING,0.896629378888647,39.0
2023-06-19,28.57142857142857,2.963887616768266,0.8403361344537815,-1.8167059548608626,238,0.35501438174248345,RANGING,0.9533984832061853,40.0
2023-06-20,29.565217391304348,3.1257601654427303,0.43478260869565216,-0.5991750800364051,230,0.3674970072050998,RANGING,0.9570615031647066,41.0
2023-06-21,24.789915966386555,2.3948341070056687,0.0,-1.1616658105229696,238,0.37477299097434114,RANGING,1.0090913181963839,42.0
2023-06-22,21.888412017167383,2.6392794607882264,0.0,-0.3593868679432829,233,0.3761468384107405,TRENDING_DOWN,1.0139395124283805,0.0
2023-06-23,21.83406113537118,3.5372227103278293,0.43668122270742354,-0.8211238277503601,229,0.3814010605344734,TRENDING_DOWN,1.0131867160926202,1.0
2023-06-26,35.53719008264463,3.5594621113149163,0.8264462809917356,3.3877486852068373,242,0.4679816203972688,RANGING,1.069173518417071,0.0
2023-06-27,37.99126637554585,3.2556269131714015,0.8733624454148471,0.36663719114035465,229,0.47126293125660546,RANGING,1.0741585345024733,1.0
2023-07-03,70.0,4.263113449557174,2.6923076923076925,5.4477466866667505,260,0.5447000959773359,RANGING,1.2300291578395859,2.0
2023-07-04,64.70588235294117,3.357209221532619,3.361344537815126,-1.2146012649523275,238,0.5677681311491316,RANGING,1.3279113970403378,3.0
2023-07-05,63.45381526104418,3.470206049330066,0.8032128514056224,0.4775731810400897,249,0.545442785421437,RANGING,1.3752435834824055,4.0
2023-07-06,70.7112970711297,2.543816592431231,0.41841004184100417,0.9857837320338239,239,0.5706392123587196,TRENDING_UP,1.3935491756802183,0.0
2023-07-07,72.88135593220339,2.8220787201781388,1.694915254237288,0.49118807978007567,236,0.5705790549922074,TRENDING_UP,1.3754342890350042,1.0
2023-07-10,78.3132530120482,3.3880660703954555,2.8112449799196786,2.2029302377866102,249,0.5618088518740207,TRENDING_UP,1.373457108559987,2.0
2023-07-11,82.67716535433071,3.445046549011487,3.937007874015748,2.2376992171477155,254,0.5544136355666041,TRENDING_UP,1.3568835801566101,3.0
2023-07-12,79.61538461538461,3.0579702194174176,2.6923076923076925,0.07881101634003265,260,0.5400363996198901,TRENDING_UP,1.365052581624281,4.0
2023-07-13,76.24521072796935,3.0163426675365903,3.065134099616858,-0.2821015968495987,261,0.5308172397074329,TRENDING_UP,1.4168877256170953,5.0
2023-07-14,78.05907172995781,2.6630290342668217,2.109704641350211,-0.5669161459346107,237,0.5690062194312823,TRENDING_UP,1.4167508727926128,6.0
2023-07-17,80.24193548387096,2.7328265431179806,1.6129032258064515,0.1762394464673253,248,0.5453311870859878,TRENDING_UP,1.4146071908355227,7.0
2023-07-18,80.0,3.7398193277136382,1.6326530612244898,-0.05059549067773433,245,0.5449108114536108,TRENDING_UP,1.4180537679632206,8.0
2023-07-19,75.0,2.841592809053331,2.083333333333333,-0.8207568613341135,240,0.5500939762285435,TRENDING_UP,1.4116929751363299,9.0
2023-07-20,79.43548387096774,2.7887325803016547,2.4193548387096775,1.0681721436644842,248,0.5376076854075843,TRENDING_UP,1.3482583382509186,10.0
2023-07-21,80.73770491803278,2.5062398965889274,2.8688524590163933,0.7940537051768333,244,0.5379392544211667,TRENDING_UP,1.3871240722871794,11.0
2023-07-24,79.42386831275721,2.564064738537895,2.880658436213992,-0.09216488096232613,243,0.526738974673372,TRENDING_UP,1.3515363541832008,12.0
2023-07-25,81.2,3.1854517435657543,1.6,0.8592026260992947,250,0.5230932636936714,TRENDING_UP,1.3661898764556535,13.0
2023-07-26,80.87649402390437,2.6012365663441597,2.788844621513944,0.9983944273443406,251,0.5170212746073667,TRENDING_UP,1.3547961849531702,14.0
2023-07-27,81.06995884773663,3.1165474006097296,3.292181069958848,0.09602823972757893,243,0.5132150752382892,TRENDING_UP,1.2674408453046822,15.0
2023-07-31,82.03125,2.8712961685209297,3.515625,0.49177242248661623,256,0.49345651879437175,TRENDING_UP,1.3099841176951879,16.0
2023-08-01,83.26848249027238,2.971915388816977,2.7237354085603114,0.9409732430625741,257,0.3509631607667498,TRENDING_UP,1.0934191020205069,17.0
2023-08-02,85.82995951417004,2.7417016542764414,5.263157894736842,0.7910301085559142,247,0.3443559747688879,TRENDING_UP,1.045559735504585,18.0
2023-08-03,83.20610687022901,2.920608614003717,3.435114503816794,-0.6242830090027182,262,0.3299324698886362,TRENDING_UP,1.0782715005066759,19.0
2023-08-04,83.81742738589212,2.959465867452884,2.4896265560165975,-0.02070765516897124,241,0.32680417732891126,TRENDING_UP,1.0530730126203798,20.0
2023-08-07,82.52032520325203,2.8023141520294432,4.878048780487805,-0.6039590481495638,246,0.341906258185068,TRENDING_UP,1.1144147355912077,21.0
2023-08-08,70.04048582995951,2.7994328990022534,2.834008097165992,-2.4347440758578864,247,0.39136436047329604,TRENDING_UP,1.2091696742682152,22.0
2023-08-09,72.76422764227642,3.25305363893105,1.6260162601626018,1.1847560757757054,246,0.3688918872050887,TRENDING_UP,1.2313426336786413,23.0
2023-08-10,63.934426229508205,3.348727059123193,2.0491803278688523,-0.5364985840909606,244,0.3751674521317258,TRENDING_UP,1.3017174409318553,24.0
2023-08-11,70.37037037037037,3.1349785748005816,2.880658436213992,1.2215336782414035,243,0.3891376863991612,TRENDING_UP,1.3238842401764417,25.0
2023-08-15,71.65991902834008,2.6169136700085893,2.834008097165992,0.22803960308593527,247,0.3697768507188341,TRENDING_UP,1.3257779402150718,26.0
2023-08-16,66.66666666666666,3.137071142479166,1.6260162601626018,-0.949464093855882,246,0.3740279289946512,TRENDING_UP,1.3618621359880705,27.0
2023-08-17,65.14522821576763,2.9659784843115036,2.4896265560165975,0.24917759753566968,241,0.38760834894036567,TRENDING_UP,1.3683776629645783,28.0
2023-08-18,64.43514644351464,2.3144068565807108,2.092050209205021,-0.24813261349540644,239,0.388136385848743,TRENDING_UP,1.3838145906269592,29.0
2023-08-21,55.172413793103445,2.434877269859794,0.43103448275862066,-1.6703739952398464,232,0.4040840244090571,TRENDING_UP,1.4503197714548284,30.0
2023-08-22,53.21888412017167,2.4946512206893328,1.2875536480686696,0.12048300564857657,233,0.40793293600678426,RANGING,1.4075243737069782,0.0
2023-08-23,50.0,2.7017295099554195,1.6260162601626018,-0.6369529491629244,246,0.40320486023935664,RANGING,1.4346597529283351,1.0
2023-08-24,51.46443514644351,2.740789659370299,1.2552301255230125,0.3202816130219793,239,0.40505906331255087,TRENDING_UP,1.4303678098526624,0.0
2023-08-25,48.53556485355649,2.9227085937019925,1.2552301255230125,-0.6303699061095499,239,0.3999621204152668,TRENDING_UP,1.4302385024420428,1.0
2023-08-28,43.04347826086957,2.9789114882426864,2.1739130434782608,-1.0344930228744131,230,0.40779252450234926,RANGING,1.396367753815879,0.0
2023-08-29,34.5679012345679,2.9699175424996596,0.411522633744856,-1.7683747373818532,243,0.41418609235703724,RANGING,1.399430751195042,1.0
2023-08-30,29.535864978902953,3.1899644577002837,0.8438818565400843,-1.416077460109437,237,0.41836390203084955,RANGING,1.449182660443233,2.0
2023-08-31,19.502074688796682,3.0261952633976965,0.0,-2.722582290151946,241,0.44224704847293844,VOLATILE,1.6253107333585042,0.0
2023-09-01,26.244343891402718,2.6548169374473414,0.0,1.0984055052265536,221,0.4689499533045992,VOLATILE,1.581003318057983,1.0
2023-09-04,27.75330396475771,3.086465633420951,0.4405286343612335,0.6658873165997478,227,0.4758589062596269,VOLATILE,1.574328631981417,2.0
2023-09-05,24.2152466367713,2.5345868426839195,0.0,-0.263296136091197,223,0.4871438858264342,VOLATILE,1.5571058580639732,3.0
2023-09-06,27.802690582959645,3.0819324025963506,0.0,0.956040618345612,223,0.46905954381704035,RANGING,1.4714565736623901,0.0
2023-09-07,26.08695652173913,3.000190880800848,0.43478260869565216,0.25140070599336684,230,0.43205204962313826,RANGING,1.392226977026365,1.0
2023-09-08,26.08695652173913,2.9361445653625036,0.43478260869565216,0.6599229144327523,230,0.44141972393181667,RANGING,1.3140953477111506,2.0
2023-09-11,25.333333333333336,2.732077686456895,0.0,-0.30444137505397995,225,0.4407872151637617,RANGING,1.2535797424351482,3.0
2023-09-12,20.379146919431278,2.379579282826228,0.47393364928909953,-0.7354348533088589,211,0.4480275098250242,RANGING,1.2561002487673163,4.0
2023-09-13,20.0,2.565617349331222,0.45454545454545453,-0.034449366146027394,220,0.4339869761196493,RANGING,1.2238763771382561,5.0
2023-09-14,22.22222222222222,2.243916198193163,0.8888888888888888,0.09472422047448069,225,0.43261910280234034,RANGING,1.1885364857212648,6.0
2023-09-15,24.786324786324787,2.5110660145235015,0.4273504273504274,0.6065330630316288,234,0.4270584959720269,RANGING,1.1884716604256158,7.0
2023-09-18,25.339366515837103,3.236624966799432,0.904977375565611,-0.08685238484931121,221,0.4262620306244737,RANGING,1.1263615045152977,8.0
2023-09-19,23.404255319148938,3.062020561158233,1.276595744680851,0.3601661066561362,235,0.4121267769539767,RANGING,1.1146686397827428,9.0
2023-09-20,23.376623376623375,2.3919818245628766,1.7316017316017316,-0.05517017425367475,231,0.4111915013335702,RANGING,1.076649879264504,10.0
2023-09-21,23.01255230125523,2.3732532815818335,1.2552301255230125,0.6433283869193568,239,0.4074295777424646,RANGING,1.0694541722327893,11.0
2023-09-22,27.42616033755274,3.152577492182146,1.2658227848101267,0.8703261917827437,237,0.4178782961533197,RANGING,1.0682016710055646,12.0
2023-09-25,27.916666666666668,3.5483561477897347,1.25,0.8569755616602186,240,0.41682187675206767,RANGING,1.06346189038289,13.0
2023-09-26,29.795918367346943,3.34597595765753,0.8163265306122449,0.24229606502871695,245,0.3899489659619424,RANGING,0.9974642186887188,14.0
2023-09-27,33.47280334728033,2.7661972173089167,0.8368200836820083,0.14958818012628944,239,0.3688872155948742,TRENDING_UP,0.9366669369852804,0.0
2023-09-28,32.926829268292686,2.346153799570756,2.0325203252032518,-0.33990049314405735,246,0.26715501803155994,TRENDING_UP,0.7656319924970676,1.0
2023-10-02,30.29045643153527,3.018362492019204,1.2448132780082988,-0.034700624328643605,241,0.24112050312214653,TRENDING_UP,0.7494571823927211,2.0
2023-10-03,31.300813008130078,2.5363700137417293,1.2195121951219512,0.21709647080443414,246,0.22452522999791155,TRENDING_UP,0.7171726893200562,3.0
2023-10-04,37.95918367346939,2.920545073371814,1.2244897959183674,0.5927142773857489,245,0.21906358882359367,TRENDING_UP,0.7034392435146853,4.0
2023-10-05,48.41269841269841,2.969259167991164,1.1904761904761905,1.8057781486210336,252,0.2507112773716413,TRENDING_UP,0.6990576658114928,5.0
2023-10-06,52.589641434262944,2.90112233056774,1.9920318725099602,0.5695835750887609,251,0.2526724314313148,TRENDING_UP,0.6862813218715705,6.0
2023-10-09,51.83673469387755,3.0660555101270863,2.0408163265306123,0.3229691098342652,245,0.24886948990797012,TRENDING_UP,0.7049484103592928,7.0
2023-10-10,61.63265306122449,3.1198301493889518,3.6734693877551026,1.4357581113573115,245,0.2558183720117163,TRENDING_UP,0.6948444618195951,8.0
2023-10-11,64.42687747035573,3.4036019737611136,3.1620553359683794,0.8803066937230752,253,0.22930934559812097,TRENDING_UP,0.6840621901724078,9.0
2023-10-12,65.12605042016807,3.188858930584299,3.7815126050420167,0.01217013247326007,238,0.22538920381563812,TRENDING_UP,0.7043324911101123,10.0
2023-10-13,69.68503937007874,3.642604631503675,3.937007874015748,1.960585072062349,254,0.2507769016600922,TRENDING_UP,0.7503616133603085,11.0
2023-10-16,73.046875,3.5314333707248764,5.46875,1.1522185548262502,256,0.25383915189481715,TRENDING_UP,0.7627060194424652,12.0
2023-10-17,69.44444444444444,3.5700130947065625,4.365079365079365,-0.263554347075337,252,0.25764174395128314,TRENDING_UP,0.7925075624341194,13.0
2023-10-18,72.35772357723577,3.4109830981437246,2.4390243902439024,-0.2449730284749411,246,0.26369279682581354,TRENDING_UP,0.8066885326291129,14.0
2023-10-19,74.5019920318725,3.298437286297336,3.9840637450199203,1.5465431225391073,251,0.2613089290839438,TRENDING_UP,0.8653424044205172,15.0
2023-10-20,76.73469387755102,3.457477433915885,5.714285714285714,0.7348335030414862,245,0.2637154397934046,TRENDING_UP,0.8633805265566846,16.0
2023-10-23,74.90196078431373,3.2894158828492586,5.098039215686274,0.4275515823284156,255,0.25168616016006323,TRENDING_UP,0.8938293922047855,17.0
2023-10-24,76.61290322580645,3.175926528648099,1.6129032258064515,0.3344204716888447,248,0.260839471180042,TRENDING_UP,0.9154670950855549,18.0
2023-10-25,76.28458498023716,3.362788719308014,3.9525691699604746,0.4954318851874137,253,0.25967469936804505,TRENDING_UP,0.9338692888796222,19.0
2023-10-26,75.19685039370079,3.2841676750471422,6.299212598425196,-0.3050167533880393,254,0.259217770563075,TRENDING_UP,0.9503103235930328,20.0
2023-10-27,68.37944664031622,3.2600750973448247,5.533596837944664,-0.8500324210432972,253,0.26815222727642696,TRENDING_UP,0.968840583835177,21.0
2023-10-30,71.65991902834008,3.3681343523504967,7.28744939271255,1.2773673823080693,247,0.28055491858754456,TRENDING_UP,0.9670430503941889,22.0
2023-10-31,68.89763779527559,3.721066973374916,8.267716535433072,0.4424641521520622,254,0.27321903118309215,TRENDING_UP,0.9985878347705047,23.0
2023-11-01,74.609375,3.362723762576149,8.984375,1.0212918739023786,256,0.2765418995852716,TRENDING_UP,0.9981930598443373,24.0
2023-11-02,76.89243027888446,3.441687017814162,8.366533864541832,0.980873579898841,251,0.2592523405103855,TRENDING_UP,0.9980959709636524,25.0
2023-11-03,80.1556420233463,3.344776672554722,8.949416342412452,0.8791803804880879,257,0.2524739641013797,TRENDING_UP,1.0260079291410902,26.0
2023-11-06,83.13725490196079,3.786011896255315,10.980392156862745,1.6445908284500268,255,0.2683918143684138,TRENDING_UP,1.0364589096693744,27.0
2023-11-07,81.46718146718148,3.17592484737914,8.880308880308881,-0.9453137842367938,259,0.27521121444017266,TRENDING_UP,1.0521853894978255,28.0
2023-11-08,82.82442748091603,2.818292576422866,4.580152671755725,0.9167143107822288,262,0.2765364112532503,TRENDING_UP,1.0717393684131378,29.0
2023-11-10,84.9624060150376,3.053521092453892,10.902255639097744,1.664094808583581,266,0.27944454742339025,TRENDING_UP,1.1197441261597478,30.0
2023-11-13,85.33834586466166,3.2142180378029206,14.661654135338345,0.8977183693230801,266,0.2713360307912374,TRENDING_UP,1.1361877644692704,31.0
2023-11-14,87.890625,3.1587165111732123,9.765625,0.5758587150390523,256,0.28423174892226105,TRENDING_UP,1.1469546162923643,32.0
2023-11-15,86.87258687258688,3.27386245122431,10.81081081081081,0.6601045491587091,259,0.274716476650437,TRENDING_UP,1.1382521472277904,33.0
2023-11-16,88.34586466165413,3.2005058867139,15.413533834586465,1.5692866938412513,266,0.2584758367327831,TRENDING_UP,1.181569182511566,34.0
2023-11-17,86.2453531598513,3.823306539749672,17.100371747211895,0.730965805927497,269,0.24294264913994282,TRENDING_UP,1.1714355061015738,35.0
2023-11-20,87.9245283018868,4.914568773837233,9.433962264150944,1.0414883703925066,265,0.24721545083454785,TRENDING_UP,1.1668347992815449,36.0
2023-11-21,88.60294117647058,4.2475159624834555,12.5,1.0442103670425507,272,0.24340679873627216,TRENDING_UP,1.154349418300839,37.0
2023-11-22,90.63670411985018,3.7395323335114736,13.857677902621724,1.1349861700932946,267,0.23765332274329698,TRENDING_UP,1.1840604507724912,38.0
2023-11-23,89.96282527881041,3.4623597544097677,18.587360594795538,1.4862598084815952,269,0.23758466362487246,TRENDING_UP,1.2293268791293837,39.0
2023-11-24,90.18867924528303,3.4748119580782455,17.358490566037734,0.26861747203716185,265,0.23471447544961582,TRENDING_UP,1.289006682592511,40.0
2023-11-27,90.40590405904058,3.663421924641821,15.498154981549817,1.2204081508630398,271,0.19801072050592944,TRENDING_UP,1.31198448321004,41.0
2023-11-28,91.7910447761194,3.5585818453309273,14.925373134328357,0.46333272855077173,268,0.20808677920406835,TRENDING_UP,1.3313445389497758,42.0
2023-11-29,90.2621722846442,3.8241662946864268,14.981273408239701,-0.3787311284329636,267,0.21632842086276483,TRENDING_UP,1.3877609645567035,43.0
2023-11-30,89.77272727272727,2.7984071193165216,10.227272727272728,-0.03745369930383448,264,0.22923371919595611,TRENDING_UP,1.3889573108246371,44.0
2023-12-01,92.22222222222223,3.4475049572313967,12.222222222222221,2.2344850019603015,270,0.26007937018891186,TRENDING_UP,1.4262233298887617,45.0
2023-12-04,93.7037037037037,3.1968849820039953,23.333333333333332,1.4316434266006448,270,0.26962817202464984,TRENDING_UP,1.4571340333045046,46.0
2023-12-05,93.48659003831418,2.867390915330047,14.17624521072797,0.44723173412470174,261,0.2657622842106872,TRENDING_UP,1.4463763751266372,47.0
2023-12-06,95.45454545454545,3.4611553801455677,16.28787878787879,1.867286804463411,264,0.22981679101649058,TRENDING_UP,1.4622705565843104,48.0
2023-12-07,93.81818181818183,3.5474578649367294,22.90909090909091,1.1111791932953283,275,0.21899299489878188,TRENDING_UP,1.4755430747548572,49.0
2023-12-08,94.44444444444444,3.1043889396759026,23.333333333333332,1.6694483179522936,270,0.21898910945035108,TRENDING_UP,1.4654602896277362,50.0
2023-12-11,94.6969696969697,3.3509243818301453,17.803030303030305,0.0508709321300272,264,0.2361863399848845,TRENDING_UP,1.4885433506957495,51.0
2023-12-12,93.18181818181817,2.838852521160689,16.666666666666664,1.0570668710203246,264,0.23698171305475912,TRENDING_UP,1.466904612868484,52.0
2023-12-13,92.0,3.746323369063919,18.90909090909091,-1.9070306092448341,275,0.3070146269388901,TRENDING_UP,1.665230293553202,53.0
2023-12-14,93.56060606060606,3.7097244644482834,9.469696969696969,0.9435464135491106,264,0.30756534443303424,TRENDING_UP,1.6736722496408718,54.0
2023-12-15,94.3609022556391,4.153741850004857,15.413533834586465,1.6193798347722401,266,0.31428463627439623,TRENDING_UP,1.6657419731613565,55.0
2023-12-18,90.80459770114942,3.1094258729015314,12.260536398467432,-1.0772498288143322,261,0.35128264574174084,TRENDING_UP,1.7622901856569468,56.0
2023-12-19,80.22813688212928,3.9601323810998577,3.041825095057034,-4.987754409849608,263,0.5029520359726146,TRENDING_UP,2.0063126034189334,57.0
2023-12-20,71.76470588235294,3.3857646100592036,0.39215686274509803,-1.633918895094831,255,0.5129635051569725,VOLATILE,2.1102954281489508,0.0
2023-12-21,79.36507936507937,3.127154090621412,0.7936507936507936,1.949801050445966,252,0.5206697264822916,TRENDING_UP,2.110938507878639,0.0
2023-12-22,72.50996015936255,3.192346423734106,1.593625498007968,-0.9388679769003528,251,0.5234814827139814,VOLATILE,2.1546852941953407,0.0
2023-12-26,48.41269841269841,3.7732173270067073,0.7936507936507936,-4.693040701537644,252,0.5837997366642855,VOLATILE,2.397502525309285,1.0
2023-12-27,59.36254980079681,3.3756696619562847,0.796812749003984,2.5146505982189944,251,0.5968164494755586,VOLATILE,2.430814992601491,2.0
2023-12-28,67.81609195402298,3.5785824792262564,1.532567049808429,1.9783330260581544,261,0.5800692289331704,VOLATILE,2.437392660988975,3.0
2023-12-29,70.32520325203252,3.063391213820772,2.0325203252032518,1.0215441528626619,246,0.606929916009003,TRENDING_UP,2.444509330829397,0.0
2024-01-01,76.90140845070422,215.82825269734192,9.014084507042254,27.139076935520535,355,0.3241988919420413,TRENDING_UP,2.439758076563928,1.0
2024-01-02,56.26373626373626,28.48283497262817,5.934065934065933,1.1270098219086202,455,0.33726929226762853,TRENDING_UP,2.4437238149110465,2.0
2024-01-03,55.111111111111114,6.887455699347482,4.444444444444445,0.6052927554320269,450,0.3354736980849726,TRENDING_UP,2.4482449567527174,3.0
2024-01-04,53.619909502262445,3.3895116866865433,3.8461538461538463,0.20584061411021592,442,0.32687582653085356,TRENDING_UP,2.429649832957268,4.0
2024-01-05,53.11111111111111,9.542664108793854,4.444444444444445,0.9154516836819768,450,0.34038219061898306,VOLATILE,2.4509504705037837,0.0
2024-01-08,50.112359550561806,15.798800677563225,4.719101123595506,-0.07306642867134323,445,0.3563912550804098,VOLATILE,2.4094213897219996,1.0
2024-01-09,50.2283105022831,4.514365077296324,2.73972602739726,0.009699310825551989,438,0.34793246077635376,VOLATILE,2.370860972561096,2.0
2024-01-10,47.309417040358746,3.2248709598546985,3.3632286995515694,0.17385108582671335,446,0.3416792998600492,VOLATILE,2.3868559433190066,3.0
2024-01-11,48.873873873873876,11.592651247781529,4.954954954954955,1.677748482421837,444,0.35134552730262003,VOLATILE,2.2155695758242797,4.0
2024-01-12,46.035242290748904,2.9765174042670353,3.7444933920704844,-0.4623495237554851,454,0.3444127673469418,VOLATILE,2.1901986505383926,5.0
2024-01-15,42.0,3.197772604278288,2.4444444444444446,-1.4319785662677529,450,0.35182578021560185,VOLATILE,2.2141332644150697,6.0
2024-01-16,38.22843822843823,3.2439322343768664,1.1655011655011656,-0.6687306464289816,429,0.3700054894538257,VOLATILE,2.1816016829035862,7.0
2024-01-17,34.74178403755869,3.5066935222857625,1.4084507042253522,-0.6577264419804447,426,0.33147241852875964,VOLATILE,2.02303132757031,8.0
2024-01-18,34.45945945945946,3.8631846538617096,0.6756756756756757,-0.8370978280398457,444,0.32600445045375254,VOLATILE,1.9455432072199783,9.0
2024-01-19,33.710407239819006,3.657722427983985,1.1312217194570136,0.021284525880434293,442,0.3292976561564355,VOLATILE,1.9123009591003597,10.0
2024-01-22,32.58426966292135,2.884879619626587,1.1235955056179776,-0.07696862976200242,445,0.34347797711508754,TRENDING_UP,1.8555074249199346,0.0
2024-01-23,30.861723446893784,6.7333750976882785,1.8036072144288577,1.1554353630356766,499,0.2920244085251913,TRENDING_UP,1.7189177062417318,1.0
2024-01-24,32.28346456692913,3.2993089437977807,1.7716535433070866,0.7855898144986869,508,0.3120952438699744,TRENDING_UP,1.5824591888949542,2.0
2024-01-25,30.0,2.9928854233908835,2.307692307692308,-0.9519483776969807,520,0.31723796125570997,TRENDING_UP,1.5289581324457988,3.0
2024-01-26,25.87548638132296,2.8695729616835193,1.3618677042801557,-0.8147014819833812,514,0.3330762503379652,VOLATILE,1.5369769135032858,0.0
2024-01-29,29.205607476635514,3.369684456990819,1.4018691588785046,-1.5772043187872493,428,0.23490182321704456,RANGING,1.4690343347502743,0.0
2024-01-30,23.14814814814815,3.7875434009748568,0.4629629629629629,-1.8586521298030456,432,0.2862588970502288,VOLATILE,1.5167878523469744,0.0
2024-01-31,24.71131639722864,3.1266753051321716,1.3856812933025404,-0.035675620150763254,433,0.26765561542561017,RANGING,1.4919106706477887,0.0
2024-02-01,23.64066193853428,3.0937459203606945,1.6548463356973995,-0.011844301181945188,423,0.26972620097953914,RANGING,1.4721326966667967,1.0
2024-02-02,24.764150943396228,3.1801927509261243,2.5943396226415096,0.9756208542653293,424,0.3138843000070591,RANGING,1.4072699181672716,2.0
2024-02-06,28.978622327790976,2.910443064764004,1.187648456057007,1.203116631793633,421,0.339041523281342,RANGING,1.3894173279491318,3.0
2024-02-07,29.977628635346754,2.9602922411776533,0.6711409395973155,0.6286019080165879,447,0.3356427933524061,RANGING,1.3421508555688944,4.0
2024-02-09,23.832923832923832,3.16948578346112,0.9828009828009828,-1.9674907057821902,407,0.3662841654205799,VOLATILE,1.5015750573448594,0.0
2024-02-12,17.713004484304935,3.3135712301214575,0.4484304932735426,-3.491308037452126,446,0.4115139462451661,VOLATILE,1.6714064007863043,1.0
2024-02-13,18.805309734513273,4.191663431882721,0.6637168141592921,-0.04306483044887721,452,0.4073947773330774,VOLATILE,1.763007187034722,2.0
2024-02-14,20.767494356659142,3.412404736953603,1.1286681715575622,2.2409192701506355,443,0.45241050394388554,VOLATILE,1.749780061859411,3.0
2024-02-15,20.3579418344519,3.995809411983892,1.342281879194631,-1.166410512289207,447,0.45259745809137336,VOLATILE,1.83112599874959,4.0
2024-02-16,16.55328798185941,3.8368716750708938,1.3605442176870748,-2.006610981967049,441,0.4606211456248804,VOLATILE,1.9102103854561383,5.0
2024-02-19,15.590200445434299,3.8006176833488814,0.8908685968819599,0.7297423807652617,449,0.47317855289529454,VOLATILE,1.9132740233418137,6.0
2024-02-20,18.495934959349594,3.401799063706687,0.8130081300813009,0.47881309809219497,492,0.47104824959541347,VOLATILE,1.9219988541987796,7.0
2024-02-21,20.948616600790515,9.828574576260747,1.383399209486166,2.270293610160457,506,0.49214121737869987,VOLATILE,1.9045007931396067,8.0
2024-02-22,20.616570327552985,3.4342214756354785,1.348747591522158,0.6005403466636404,519,0.46911100660464705,VOLATILE,1.8437546132285352,9.0
2024-02-23,21.96078431372549,4.133845467272984,1.9607843137254901,1.2432511644618318,510,0.49416242105150304,VOLATILE,1.8560454764493208,10.0
2024-02-26,29.620853080568722,5.05547550873735,2.843601895734597,1.0587118258515773,422,0.44292627716978916,VOLATILE,1.7987848847651404,11.0
2024-02-27,26.573426573426573,3.4564506042872845,1.6317016317016315,-0.642537561682339,429,0.43075120193874467,VOLATILE,1.7834976745157205,12.0
2024-02-28,30.414746543778804,3.5603947531435685,2.3041474654377883,0.5327605023534583,434,0.42715936355821094,TRENDING_UP,1.7536180149768998,0.0
2024-02-29,29.017857142857146,3.5844907070433427,2.6785714285714284,0.22572826940683083,448,0.39807811150283584,TRENDING_UP,1.7036322603862717,1.0
2024-03-01,31.494252873563216,3.7569119575004675,2.528735632183908,0.6284821890949039,435,0.40443858031895075,TRENDING_UP,1.6992919170531406,2.0
2024-03-04,32.72727272727273,3.271032496193181,3.1818181818181817,0.5447073367258082,440,0.40641245146432686,TRENDING_UP,1.6805998387911636,3.0
2024-03-05,30.385487528344672,3.756765769866791,2.947845804988662,-0.10835231595391966,441,0.41171592431209664,TRENDING_UP,1.6828109528582578,4.0
2024-03-06,30.385487528344672,3.4227326608715916,2.494331065759637,0.20031173881563405,441,0.40283507342721875,TRENDING_UP,1.6590695652624214,5.0
2024-03-07,31.03448275862069,3.3257601283038194,2.528735632183908,-0.1295549371314464,435,0.40869121986053986,TRENDING_UP,1.6824400622653686,6.0
2024-03-08,33.182844243792324,3.4808822992248096,2.0316027088036117,1.1558139649624066,443,0.4020217442242092,TRENDING_UP,1.5333508121972068,7.0
2024-03-11,36.59090909090909,3.426902603623527,1.8181818181818181,1.0384407830645035,440,0.33750607341683814,TRENDING_UP,1.3916361114617375,8.0
2024-03-12,30.26634382566586,2.9833919834739246,2.663438256658596,-2.0945515280166824,413,0.3722932604345033,TRENDING_UP,1.3467995438391274,9.0
2024-03-13,22.871046228710462,14.994947524508502,0.7299270072992701,-1.162927916661656,411,0.3807464716842373,RANGING,1.3611970877042432,0.0
2024-03-14,31.57894736842105,3.836345655022722,1.1961722488038278,1.9521993380650682,418,0.37842885044782326,TRENDING_UP,1.3161204015845247,0.0
2024-03-15,30.37037037037037,4.219682728926435,0.9876543209876543,-0.47076345264818653,405,0.3748835009505943,TRENDING_UP,1.2681925239360488,1.0
2024-03-18,29.064039408866993,3.1784169387286227,1.477832512315271,0.2366916667075488,406,0.3685478175333171,TRENDING_UP,1.1915272651620799,2.0
2024-03-19,31.828978622327792,3.3195717014360326,2.137767220902613,0.6476328685128843,421,0.37704553442046396,TRENDING_UP,1.1740986119785484,3.0
2024-03-20,34.10138248847927,3.643288524268879,2.5345622119815667,0.5638851064123402,434,0.3575312785772076,TRENDING_UP,1.1174288726961488,4.0
2024-03-21,30.567685589519648,3.615588578382813,2.8384279475982535,-0.6377521096865596,458,0.35473512338287594,TRENDING_UP,1.1517340952101425,5.0
2024-03-22,27.33485193621868,3.3928564118543725,1.8223234624145785,-0.3910732158227819,439,0.3681815215186291,TRENDING_UP,1.1089766947416042,6.0
2024-03-25,28.82096069868996,3.5232589787124704,1.5283842794759825,0.1829504330999354,458,0.3635682058958156,TRENDING_UP,1.1037602990218784,7.0
2024-03-26,29.460580912863072,3.020311321784047,2.4896265560165975,0.3517784379913635,482,0.3617700366472337,TRENDING_UP,1.0921115699614001,8.0
2024-03-27,28.51485148514851,3.2028588332109447,1.782178217821782,0.37398723291335806,505,0.3549153462223061,TRENDING_UP,1.067621639670022,9.0
2024-03-28,30.76923076923077,3.1121615174673973,2.366863905325444,0.6099106379213004,507,0.36244446313341566,TRENDING_UP,1.0283872478259541,10.0
2024-03-29,30.36750483558994,2.7604682472497246,2.7079303675048356,-0.3559081960513543,517,0.36858350540303286,TRENDING_UP,0.9953406531741609,11.0
2024-04-01,38.19951338199513,4.119836081960031,3.40632603406326,0.2829086499656454,411,0.34396293763574276,TRENDING_UP,0.9895964328573786,12.0
2024-04-02,38.349514563106794,3.294842482721331,1.6990291262135921,0.2820337148735035,412,0.3363202341115725,TRENDING_UP,0.9696617810593678,13.0
2024-04-03,39.57345971563981,3.651191591508143,4.028436018957346,0.9134878001696133,422,0.3295815990987558,TRENDING_UP,0.9896757528444334,14.0
2024-04-04,40.66985645933015,2.746976929468871,4.30622009569378,0.6809777722708343,418,0.3458594321498378,TRENDING_UP,0.9798889979914288,15.0
2024-04-08,47.306791569086656,3.0331450478937065,4.215456674473068,0.9561965728347782,427,0.3428129344165995,TRENDING_UP,1.0231962146498752,16.0
2024-04-09,46.41255605381166,3.144232442681428,3.811659192825112,0.16953342184114834,446,0.3295060496985741,TRENDING_UP,1.0583638900025327,17.0
2024-04-15,48.75283446712018,3.502456370227515,2.7210884353741496,0.3604423159494855,441,0.28630119467609144,TRENDING_UP,1.0194631536540437,18.0
2024-04-16,45.84221748400853,3.649834241268669,2.55863539445629,0.22852732852941998,469,0.2508255491751466,TRENDING_UP,0.9849112546085143,19.0
2024-04-17,44.888888888888886,2.841752727329825,2.666666666666667,0.09237111418082287,450,0.19897462442048652,TRENDING_UP,0.9536640604572716,20.0
2024-04-18,45.43478260869565,3.4507912041166904,2.8260869565217392,0.13105271999982868,460,0.1964184185212355,TRENDING_UP,0.9733083359806943,21.0
2024-04-19,45.54865424430642,3.2325636069054573,3.9337474120082816,0.7432865641037709,483,0.1854766372788011,TRENDING_UP,0.9920561162827755,22.0
2024-04-22,43.833017077798864,3.394572399335187,4.933586337760911,0.9229601343698862,527,0.191362612681864,TRENDING_UP,1.001900229948261,23.0
2024-04-23,42.61036468330134,3.977370392941375,4.030710172744722,0.23243355289812476,521,0.18902485841776287,TRENDING_UP,1.0059375499233445,24.0
2024-04-24,44.56721915285451,3.3389953732731286,3.1307550644567224,1.0006451376055578,543,0.1753951746758653,TRENDING_UP,1.0090866457493344,25.0
2024-04-25,44.827586206896555,3.6678752232426954,2.722323049001815,0.04728068303576663,551,0.16410567037401874,TRENDING_UP,1.03907038073457,26.0
2024-04-26,44.24131627056673,3.3218216652111345,3.473491773308958,0.20621829845439302,547,0.16262399626420196,TRENDING_UP,1.0688509946147209,27.0
2024-04-29,48.060344827586206,3.917159039303934,4.525862068965517,-0.4188939362685793,464,0.16822714105028222,TRENDING_UP,1.1682260262670936,28.0
2024-04-30,42.795698924731184,4.621827694965363,3.010752688172043,-1.0080558059514975,465,0.20410751903846697,TRENDING_UP,1.2031658784622898,29.0
2024-05-02,39.732142857142854,3.3850663574470845,2.9017857142857144,-1.1121426492497344,448,0.23346867857662845,TRENDING_UP,1.2130393825777384,30.0
2024-05-03,43.790849673202615,3.325485092261457,2.178649237472767,1.4799363064918467,459,0.24158052607273559,TRENDING_UP,1.2507063424721039,31.0
2024-05-06,46.764091858037574,5.562550483395651,4.175365344467641,1.7656204066977648,479,0.24941453032587696,TRENDING_UP,1.2767865094172646,32.0
2024-05-07,46.680942184154176,3.4992967785883575,5.781584582441114,0.5270027371841148,467,0.24806544897270175,TRENDING_UP,1.2882623277601721,33.0
2024-05-08,47.88135593220339,3.388015748467551,4.661016949152542,-0.0846487860212072,472,0.24483092729398867,TRENDING_UP,1.2727740534292475,34.0
2024-05-09,49.676025917926566,3.6740642118791453,3.8876889848812093,0.9824911785837487,463,0.2459819980407512,TRENDING_UP,1.2636067166680098,35.0
2024-05-10,52.36051502145923,12.439362142788115,6.008583690987124,1.618782080256591,466,0.24843286962551672,TRENDING_UP,1.2211936704271034,36.0
2024-05-13,55.25210084033614,3.580110355115077,6.302521008403361,1.4153129632880423,476,0.2591761389724257,TRENDING_UP,1.2074481657028124,37.0
2024-05-14,57.08333333333333,3.1201981044652247,3.5416666666666665,0.41840330293829625,480,0.2540247657618218,TRENDING_UP,1.2010495203417535,38.0
2024-05-15,52.79503105590062,3.5540604251719583,4.968944099378882,-0.16216305257945818,483,0.256281944088682,TRENDING_UP,1.198048242271577,39.0
2024-05-16,52.85412262156448,3.200214881950781,5.2854122621564485,0.1969858378429017,473,0.2617657894073219,TRENDING_UP,1.186481800714769,40.0
2024-05-17,53.99159663865546,3.8922611257888846,6.302521008403361,0.919673492818483,476,0.26329245171418025,TRENDING_UP,1.1540137988812154,41.0
2024-05-20,54.43037974683544,3.2570157752025812,4.219409282700422,-0.15426770314211832,474,0.27762562512315997,TRENDING_UP,1.1687243620478416,42.0
2024-05-21,51.83673469387755,3.564302444043629,4.081632653061225,0.45151050444079555,490,0.28082570318887756,TRENDING_UP,1.136608446287485,43.0
2024-05-22,49.61389961389961,3.947048357577909,3.861003861003861,-0.6579768566147342,518,0.28798371550916224,TRENDING_UP,1.1517540733866678,44.0
2024-05-23,51.3184584178499,3.071150822193362,3.0425963488843815,0.5022245179562945,493,0.28575276113763864,TRENDING_UP,1.1163022251238703,45.0
2024-05-24,52.83757338551859,3.054809143861204,3.7181996086105675,0.6461308983716181,511,0.2884677433187093,TRENDING_UP,1.119437458600956,46.0
2024-05-27,48.25688073394495,3.177648470801448,2.2018348623853212,-0.7188798476514243,545,0.2870309932989749,TRENDING_UP,1.1000923229959498,47.0
2024-05-29,41.48936170212766,5.366453200560136,2.304964539007092,-1.1483871636985292,564,0.3050511929467277,TRENDING_UP,1.0572830297596243,48.0
2024-05-30,39.070567986230635,6.820488782075245,1.376936316695353,0.38576708657410275,581,0.29141785997811337,TRENDING_UP,1.0336317204545218,49.0
2024-05-31,42.4390243902439,4.476799921350919,2.4390243902439024,1.1879655896733599,615,0.2710486774345449,TRENDING_UP,1.0427325432365748,50.0
2024-06-03,53.03326810176125,10.92301200090714,2.5440313111545985,1.7193370925057705,511,0.23511900787800014,TRENDING_UP,1.006280495267964,51.0
2024-06-04,47.76119402985074,6.0358224314657365,1.8656716417910446,-0.49943457742686387,536,0.23124221956073945,TRENDING_UP,1.0130593779150412,52.0
2024-06-05,46.18320610687023,4.80518762463006,1.717557251908397,-0.4127021609578614,524,0.24364292757190326,RANGING,1.0238430825998002,0.0
2024-06-06,45.26901669758813,7.002593164650212,2.0408163265306123,0.2630433092744931,539,0.23825045169398684,RANGING,1.0358206748635637,1.0
2024-06-07,45.506692160611856,7.543301631148344,1.7208413001912046,0.7954153465047511,523,0.24277985443961547,RANGING,1.1428619271006433,2.0
2024-06-10,43.84615384615385,4.299261541909642,2.1153846153846154,-0.982149755068125,520,0.2322573625894683,RANGING,1.160431799243605,3.0
2024-06-11,37.9110251450677,4.365783956801077,1.7408123791102514,-1.4802187376148346,517,0.22713585904769354,RANGING,1.1959437929650714,4.0
2024-06-12,38.93129770992366,3.1784871053752513,1.1450381679389312,0.6512672449510806,524,0.22896404950531576,RANGING,1.1876215959821672,5.0
2024-06-13,47.20616570327553,4.038038109548482,3.6608863198458574,2.4765750021774986,519,0.28942500676405636,TRENDING_UP,1.3225237297423276,0.0
2024-06-14,44.8405253283302,3.459355749948586,5.253283302063791,-0.10466958303278018,533,0.28910789108974844,TRENDING_UP,1.354869329004468,1.0
2024-06-20,46.75090252707581,475.7963512583839,4.332129963898916,21.992480115398717,554,0.15017195639972955,TRENDING_UP,1.4275554040638554,2.0
2024-06-21,44.522968197879855,3.7896461261571606,5.477031802120141,-0.11715452773777439,566,0.1507302755738268,TRENDING_UP,1.4912551615907983,3.0
2024-06-24,38.879456706281836,3.932858856868086,2.037351443123939,-0.5330866814840424,589,0.16174860229127622,TRENDING_UP,1.5467834235286309,4.0
2024-06-25,37.54152823920266,3.471931029355625,1.6611295681063125,-0.28594117155174814,602,0.16669723692727986,TRENDING_UP,1.5496061230234623,5.0
2024-06-26,35.199999999999996,3.915143360774852,2.88,-0.5101823233870336,625,0.1647635042184007,TRENDING_UP,1.554485533430324,6.0
2024-06-27,35.06711409395973,4.35153270790583,2.684563758389262,0.6855742751597792,596,0.1715348199662897,TRENDING_UP,1.5220223295438269,7.0
2024-06-28,36.94581280788177,3.5514164449701906,3.4482758620689653,0.440407415529097,609,0.16843165498138718,TRENDING_UP,1.5089815840303822,8.0
2024-07-01,43.56435643564357,3.848094527930927,4.158415841584159,0.21816824444300473,505,0.15480775546161285,TRENDING_UP,1.514483535730656,9.0
2024-07-02,47.77562862669246,4.434254556707289,4.448742746615087,1.5336254671931484,517,0.15161468060435046,TRENDING_UP,1.5132682814248846,10.0
2024-07-03,50.18587360594795,5.2359851491230875,6.319702602230483,1.6562948944226128,538,0.14920985471628992,TRENDING_UP,1.486514327463769,11.0
2024-07-04,50.0,3.684430695646328,6.203007518796992,0.5030348570381361,532,0.14753568265994826,TRENDING_UP,1.488057840533713,12.0
2024-07-05,48.282442748091604,3.9558035639990865,4.961832061068702,-0.04615340232887618,524,0.14410527217628205,TRENDING_UP,1.456333210701187,13.0
2024-07-08,51.18577075098815,4.487267917217333,6.719367588932807,1.0791825990105461,506,0.14301914339120347,TRENDING_UP,1.445215859752602,14.0
2024-07-09,48.98710865561694,4.021829881498773,6.261510128913445,0.7478469593269869,543,0.13365066869906253,TRENDING_UP,1.426686637232271,15.0
2024-07-10,47.28971962616823,3.831509287804015,5.607476635514018,-0.10977014709705352,535,0.1420096372694993,TRENDING_UP,1.3795173064651172,16.0
2024-07-11,46.64179104477612,3.7155982484319074,5.037313432835821,0.01997323403899075,536,0.1409164622008459,TRENDING_UP,1.3438972601755044,17.0
2024-07-12,45.981308411214954,6.063979220771046,4.112149532710281,-0.48102074548824425,535,0.1228620993941741,TRENDING_UP,1.364698128404489,18.0
2024-07-15,49.45454545454545,5.846589598383305,4.7272727272727275,1.4077512131439551,550,0.12336786003708723,TRENDING_UP,1.3923555490933468,19.0
2024-07-18,50.18115942028986,16.734388512411776,4.891304347826087,1.348587108432899,552,0.1207378824913147,TRENDING_UP,1.2104810540975997,20.0
2024-07-19,43.24324324324324,4.061131885029449,3.2432432432432434,-1.7603932849021484,555,0.14272146924542622,TRENDING_UP,1.2939288590850304,21.0
2024-07-22,37.06293706293706,3.8523940994714065,2.4475524475524475,-2.0179772203539996,572,0.28776437848266606,RANGING,1.2899867301899517,0.0
2024-07-23,34.129692832764505,4.064695736821838,2.3890784982935154,0.4310390929759423,586,0.30558760164924775,RANGING,1.2292015062208281,1.0
2024-07-24,37.11864406779661,4.187685938547176,3.389830508474576,0.9630915659070898,590,0.3074091894543926,TRENDING_UP,1.1911533181354472,0.0
2024-07-25,33.925686591276246,3.8592725464509448,2.7463651050080773,-0.2764945685875704,619,0.3069739255078111,RANGING,1.2571115364436016,0.0
2024-07-26,32.06611570247934,3.467733253956958,1.8181818181818181,-0.8231240123109416,605,0.3254243309935597,RANGING,1.251955350220109,1.0
2024-07-29,41.65067178502879,4.642075458301684,2.495201535508637,1.4354497596459752,521,0.2871724221075104,RANGING,1.2606368012072908,2.0
2024-07-30,39.25233644859813,4.074142992272763,3.177570093457944,-0.14311828059504525,535,0.2860576740020245,RANGING,1.2852523502838658,3.0
2024-07-31,37.5234521575985,4.036589209102343,2.4390243902439024,-0.683174791123986,533,0.2967851239691166,RANGING,1.312465189945739,4.0
2024-08-01,37.213740458015266,3.7632978365215286,2.2900763358778624,0.07436955443232793,524,0.29415887318968464,RANGING,1.297516860624412,5.0
2024-08-02,35.39325842696629,4.163489162957896,2.9962546816479403,1.1754827936246801,534,0.28093513367315054,RANGING,1.2793307287425484,6.0
2024-08-05,34.63687150837989,4.830253513098432,2.60707635009311,-0.4678348724597784,537,0.27909950498239405,RANGING,1.3393266712054097,7.0
2024-08-06,35.35911602209944,3.921018071041969,2.0257826887661143,0.5822314350624163,543,0.27646586817512114,RANGING,1.348054069277719,8.0
2024-08-07,38.60294117647059,3.995853073865466,2.389705882352941,0.8423919563082588,544,0.2824584581566587,RANGING,1.3602800200066154,9.0
2024-08-08,40.48964218455744,3.7871529558630352,3.389830508474576,0.5623140882062563,531,0.286334428167853,RANGING,1.3680188385835512,10.0
2024-08-09,41.37291280148423,3.879564835876275,3.153988868274583,0.9804756520308164,539,0.28854650776449825,RANGING,1.3443472651883848,11.0
2024-08-12,38.28996282527881,4.673967831673759,3.1598513011152414,-0.6175853230047158,538,0.2854158556045821,RANGING,1.3891362804626657,12.0
2024-08-13,37.22222222222222,6.165494654096332,2.9629629629629632,0.307567851011399,540,0.29199742057040184,RANGING,1.3106303869119424,13.0
2024-08-15,40.036563071297984,3.922956084696488,3.656307129798903,0.9135861656985869,547,0.28927632423299693,RANGING,1.2650175818871674,14.0
2024-08-16,39.81308411214953,4.079387169684475,3.551401869158879,-0.3094614025438308,535,0.2888851997621528,RANGING,1.2547091240600012,15.0
2024-08-19,36.80297397769517,4.052781925672544,2.2304832713754648,-1.1563535642782812,538,0.28317611761998923,RANGING,1.1739066024894664,16.0
2024-08-20,36.496350364963504,3.5597224058550965,1.2773722627737227,0.43176263846074453,548,0.24396935178112164,RANGING,1.0952155185276267,17.0
2024-08-21,41.9753086419753,4.244405237067863,1.763668430335097,1.7064600177126388,567,0.2538298495453612,RANGING,1.0666450722168226,18.0
2024-08-22,45.302013422818796,4.074434236194782,3.3557046979865772,1.6226337214478728,596,0.2631075804093408,RANGING,1.0605842544446278,19.0
2024-08-23,45.20547945205479,4.165738197297738,3.4246575342465753,0.38160266865486697,584,0.258326016832438,TRENDING_UP,0.9949668419680748,0.0
2024-08-26,40.4040404040404,3.7310010518669934,2.356902356902357,-0.5844326792585335,594,0.25733553904042983,TRENDING_UP,1.0016176441577385,1.0
2024-08-27,39.86820428336079,4.159945876256773,1.1532125205930808,0.30955000907985347,607,0.24881095429099115,RANGING,0.991218713432915,0.0
2024-08-28,38.03486529318542,3.8750000905398734,1.109350237717908,-0.43413297031594583,631,0.24447182265179976,RANGING,0.9625993585560082,1.0
2024-08-29,38.375796178343954,4.02514169205703,1.4331210191082804,0.7848338612939372,628,0.233061586569086,TRENDING_UP,0.9058482193796366,0.0
2024-08-30,38.50931677018634,3.8045893666398696,2.7950310559006213,0.7905516968614232,644,0.23168737956270316,TRENDING_UP,0.8991216642601471,1.0
2024-09-02,41.86915887850468,4.464037132471811,2.803738317757009,-1.5881938789834933,535,0.23597087935922226,TRENDING_UP,0.9066142978916685,2.0
2024-09-03,43.7847866419295,3.6785383759026247,1.2987012987012987,0.36221093868736187,539,0.23045333101273938,TRENDING_UP,0.8424190725673523,3.0
2024-09-04,45.046728971962615,5.344850480860796,2.4299065420560746,1.7559185737510263,535,0.23581775623021328,TRENDING_UP,0.8259973840810935,4.0
2024-09-05,44.46529080675422,3.9433161179076643,2.6266416510318953,-0.19875520533236166,533,0.22968890436325726,TRENDING_UP,0.8171540794493349,5.0
2024-09-06,45.43761638733706,3.928980801779739,2.4208566108007448,0.2578220507495881,537,0.2268850066324813,TRENDING_UP,0.7855626246233727,6.0
2024-09-09,43.71482176360225,3.6559443399451403,2.4390243902439024,-0.3637651958144415,533,0.2290290294610082,TRENDING_UP,0.7705590536157222,7.0
2024-09-10,43.50282485875706,3.0632318935320373,1.5065913370998116,0.33875312448093575,531,0.22085493796883665,TRENDING_UP,0.7498196734812997,8.0
2024-09-11,42.9097605893186,3.2534935582360713,2.9465930018416207,-0.06309114759076814,543,0.2257887673985474,TRENDING_UP,0.7836128077949653,9.0
2024-09-12,43.55140186915888,5.629189075520862,2.990654205607477,0.5586344699890785,535,0.22192402507119177,TRENDING_UP,0.7678509891655796,10.0
2024-09-13,42.75092936802974,5.542360082696455,3.3457249070631967,0.12701077627217552,538,0.2214416177561527,TRENDING_UP,0.7913334984599735,11.0
2024-09-16,41.154562383612664,5.182109936988998,1.86219739292365,-1.0297808846968188,537,0.21135929463964703,TRENDING_UP,0.7799914279744165,12.0
2024-09-18,42.723880597014926,3.6193854263048455,1.4925373134328357,0.018123694370033448,536,0.21898319908455885,TRENDING_UP,0.8095286269814329,13.0
2024-09-19,40.80560420315236,3.798934380957936,2.4518388791593697,-0.784368986864063,571,0.19972115483387506,TRENDING_UP,0.8505814193300018,14.0
2024-09-20,37.12255772646537,3.431335388178054,2.4866785079928952,-0.04975105613909021,563,0.19246533400933677,TRENDING_UP,0.8593905727532227,15.0
2024-09-23,34.15061295971979,4.023343800585953,2.626970227670753,-0.3319103703045863,571,0.19563834904417382,TRENDING_UP,0.892315257695433,16.0
2024-09-24,30.65326633165829,3.1257239023378487,2.512562814070352,-0.5742615774595924,597,0.1971350800506167,TRENDING_UP,0.9145068875175435,17.0
2024-09-25,31.290322580645164,3.754511497707328,1.935483870967742,1.2162312094305174,620,0.21401266126404192,TRENDING_UP,0.9101690243557562,18.0
2024-09-26,30.01579778830964,3.513561666532308,2.527646129541864,-0.9099053149013615,633,0.21950636776077997,TRENDING_UP,0.9785151380220612,19.0
2024-09-27,26.718750000000004,3.3667229242702055,0.9375,-0.8018398921419678,640,0.22538672572988885,TRENDING_UP,0.9914170043274785,20.0
2024-09-30,30.393996247654787,3.665779760166242,2.0637898686679175,-0.7260235675832837,533,0.19751121749516612,TRENDING_UP,1.0185442253021044,21.0
2024-10-01,33.396584440227706,3.5971116602224065,1.3282732447817838,0.9150824264182079,527,0.1948769833983546,TRENDING_UP,1.0155615962380597,22.0
2024-10-02,30.868761552680223,3.3875507682967414,1.478743068391867,-0.3275729573738087,541,0.1824071006461544,TRENDING_UP,1.0401917844986395,23.0
2024-10-03,32.08255159474672,3.191614247545137,1.3133208255159476,0.27197540914784596,533,0.18156758344745003,TRENDING_UP,1.0583388216111456,24.0
2024-10-04,35.40489642184557,3.27542712274531,1.3182674199623352,0.35436829665366726,531,0.18294504151898866,TRENDING_UP,1.074090811958778,25.0
2024-10-07,35.621521335807046,3.2961860929329863,2.0408163265306123,0.37663939958509796,539,0.17710663899830545,TRENDING_UP,1.1363487275806037,26.0
2024-10-08,35.99257884972171,3.662077188335196,3.153988868274583,0.11327774873214973,539,0.18175626692509578,TRENDING_UP,1.1413923496657934,27.0
2024-10-09,37.01657458563536,3.3585898504484404,2.9465930018416207,0.5347668164874871,543,0.1864548393170305,TRENDING_UP,1.1580447691453424,28.0
2024-10-10,36.62239089184061,3.603538136702425,2.2770398481973433,-0.38106514922516166,527,0.20087192344992483,TRENDING_UP,1.1429926221621614,29.0
2024-10-11,36.15819209039548,3.6973089625719475,3.0131826741996233,-0.7932283612768742,531,0.19375832839875884,TRENDING_UP,1.162228573032893,30.0
2024-10-14,37.02359346642468,3.5581442492248243,2.540834845735027,0.2990270645473098,551,0.19554078678293296,TRENDING_UP,1.162310532623329,31.0
2024-10-15,36.734693877551024,3.4319908777733157,2.5974025974025974,0.435646947952072,539,0.19530706465738376,TRENDING_UP,1.1764690121218073,32.0
2024-10-16,36.996336996337,3.3932021105227936,2.564102564102564,0.5815839419687266,546,0.18929899485724802,TRENDING_UP,1.1469380316791278,33.0
2024-10-17,35.93466424682396,3.280244022437641,1.9963702359346642,0.016465992550552245,551,0.18720991995811773,TRENDING_UP,1.1224667563158832,34.0
2024-10-18,33.81294964028777,3.618432341719958,0.8992805755395683,-0.18411725833143455,556,0.18808279757873753,TRENDING_UP,1.1074275698711893,35.0
2024-10-21,37.10801393728223,3.6941983582866222,2.6132404181184667,1.116924456326627,574,0.22068501899168033,TRENDING_UP,1.0975189730681278,36.0
2024-10-22,37.5,3.406577946926258,3.289473684210526,0.7361821046936683,608,0.21347568424017566,TRENDING_UP,1.0857236501922094,37.0
2024-10-23,36.995153473344104,3.723796006662027,3.231017770597738,0.8238429598005242,619,0.20827904210770976,TRENDING_UP,1.086795238187535,38.0
2024-10-24,39.3026941362916,3.5950495258916764,4.754358161648177,0.8903247506929489,631,0.1960410616887634,TRENDING_UP,1.0979175225232234,39.0
2024-10-25,37.07165109034268,3.8543980052687408,4.984423676012461,0.02455764733450498,642,0.1735768179278482,TRENDING_UP,1.1400465097879922,40.0
2024-10-28,40.03623188405797,3.678105599034778,3.985507246376811,-0.22861819746655646,552,0.1398163645323686,TRENDING_UP,1.1570503897588715,41.0
2024-10-29,37.9182156133829,4.533329047655882,3.1598513011152414,-0.2873712505481328,538,0.14009359568030155,TRENDING_UP,1.1648512630237113,42.0
2024-10-30,39.51310861423221,3.8337187414138474,3.5580524344569286,-0.06391187904254285,534,0.1369599221568836,TRENDING_UP,1.2298131637754304,43.0
2024-10-31,38.60640301318267,3.689602887227318,2.6365348399246704,-0.4680341121364597,531,0.14972747855444254,TRENDING_UP,1.289743495211023,44.0
2024-11-01,38.3587786259542,3.7578936575102064,3.0534351145038165,0.6220282755850172,524,0.1565480294897734,TRENDING_UP,1.3327410291784567,45.0
2024-11-04,41.51291512915129,4.084906158626087,4.797047970479705,1.115748478871366,542,0.1675253488271425,TRENDING_UP,1.292908808109815,46.0
2024-11-05,42.28675136116152,3.663852742839116,4.3557168784029034,0.9237691856582475,551,0.16761415851966968,TRENDING_UP,1.2905901912283213,47.0
2024-11-06,42.857142857142854,3.775134549285794,3.25497287522604,0.5677738476370797,553,0.16764579032551938,TRENDING_UP,1.2982713593701662,48.0
2024-11-07,49.26470588235294,4.1956377659850315,3.4926470588235294,0.9270036289579299,544,0.1702262747391759,TRENDING_UP,1.2958822738489917,49.0
2024-11-08,52.2140221402214,4.397223764050471,2.7675276752767526,1.1260171043543183,542,0.17052518678049156,TRENDING_UP,1.2861527415949658,50.0
2024-11-11,53.97111913357401,4.029089630774889,3.790613718411552,0.7994450392872624,554,0.16597476881686354,TRENDING_UP,1.2694781924544962,51.0
2024-11-12,53.597122302158276,3.0748990190392727,2.877697841726619,-0.2850308051479585,556,0.16757154724521575,TRENDING_UP,1.2720692916115697,52.0
2024-11-13,54.97287522603978,3.968624605288934,2.3508137432188065,0.6207748468501907,553,0.17408360709090137,TRENDING_UP,1.2803225565264469,53.0
2024-11-14,57.49559082892416,3.51382820180002,2.2927689594356258,1.060777297883106,567,0.1744467571585615,TRENDING_UP,1.2664816471991405,54.0
2024-11-15,56.28227194492255,3.1378587881106306,2.9259896729776247,0.33572987735129395,581,0.1615793766233362,TRENDING_UP,1.2817104746081953,55.0
2024-11-18,58.00711743772242,3.5471980960507645,3.9145907473309607,0.40878545744522266,562,0.1700953092795122,TRENDING_UP,1.2661987646384325,56.0
2024-11-19,60.99290780141844,3.407888588507084,4.25531914893617,1.1850680398604028,564,0.177743201029473,TRENDING_UP,1.2679854482724533,57.0
2024-11-20,58.93805309734513,3.684292066078203,3.893805309734513,-0.1697395033714314,565,0.18701982374156428,TRENDING_UP,1.291694249236891,58.0
2024-11-21,60.53097345132743,3.5930041535174206,4.070796460176991,0.9474404898125488,565,0.18601655373506998,TRENDING_UP,1.2785930189536692,59.0
2024-11-22,53.00171526586621,3.9635461890736874,5.145797598627787,-1.534893544278032,583,0.2219708891068643,TRENDING_UP,1.305529251398518,60.0
2024-11-25,53.01794453507341,3.4372650493622126,3.0995106035889073,0.5847542599715014,613,0.2179949569501872,TRENDING_UP,1.3455082179017943,61.0
2024-11-26,41.94053208137715,6.677921550068521,3.1298904538341157,-3.004822888789462,639,0.3224845237377462,TRENDING_UP,1.632041458258789,62.0
2024-11-27,47.9559748427673,3.9306998196110317,2.9874213836477987,3.6760084055457574,636,0.3851984337246975,TRENDING_UP,1.7113114081147986,63.0
2024-11-28,52.099533437014,3.650769018962204,4.354587869362364,1.8848638776415387,643,0.3757358489156347,TRENDING_UP,1.6742986829800965,64.0
2024-11-29,53.47758887171561,3.676065762830269,4.327666151468315,1.4731095320637548,647,0.3755467035946533,TRENDING_UP,1.6232991361650042,65.0
2024-12-02,67.14031971580818,7.809624093970103,8.170515097690942,2.9312025697415125,563,0.3637667272325123,TRENDING_UP,1.6284957415613108,66.0
2024-12-03,68.02841918294848,3.8537505936501524,9.591474245115453,1.5870044593319899,563,0.3706051827616148,TRENDING_UP,1.6504374034696359,67.0
2024-12-04,69.80802792321117,7.135315716925562,10.99476439790576,1.540073174253937,573,0.36513604747051104,TRENDING_UP,1.6458085028466467,68.0
2024-12-05,71.57894736842105,4.1879617994734035,10.350877192982457,2.0950403054752154,570,0.370437022164244,TRENDING_UP,1.7167977223727933,69.0
2024-12-06,73.02977232924694,4.248275475889447,11.033274956217163,1.1137506215555295,571,0.3617720865311829,TRENDING_UP,1.7152028881117998,70.0
2024-12-09,71.9298245614035,6.528532514320778,10.0,1.7591683934069184,570,0.3659694957199725,TRENDING_UP,1.7920520962099045,71.0
2024-12-10,68.0672268907563,13.736304291707002,8.235294117647058,-0.6096114174440638,595,0.3718708759993212,TRENDING_UP,1.9506665264725762,72.0
2024-12-11,69.04761904761905,4.870960438160954,4.931972789115646,1.8285798658466976,588,0.37600951706393015,TRENDING_UP,1.9736024324834314,73.0
2024-12-12,69.28327645051195,12.624261690878265,9.044368600682594,2.5693421327658483,586,0.36962858854764297,TRENDING_UP,2.0319984585809294,74.0
2024-12-13,69.10994764397905,3.7110789422095873,6.806282722513089,0.03112696023011118,573,0.3802332284168061,TRENDING_UP,2.09444383203064,75.0
2024-12-16,67.73648648648648,4.677102725336136,8.952702702702704,1.0937661076895857,592,0.37135334053639363,TRENDING_UP,2.1336107328082305,76.0
2024-12-17,67.11635750421586,5.29366256827365,4.721753794266442,-0.49783373222771826,593,0.3719456047681028,TRENDING_UP,2.258470000351729,77.0
2024-12-18,61.211129296235676,10.375901594222793,3.600654664484452,-0.7815406103129245,611,0.3809535097759108,TRENDING_UP,2.5129559848992904,78.0
2024-12-19,53.23624595469255,15.476304496194686,2.103559870550162,-2.512061473757572,618,0.42367464015494644,VOLATILE,2.7990438388267704,0.0
2024-12-20,58.08580858085809,5.464310035666615,1.3201320132013201,1.7150144386829211,606,0.42983313176262783,TRENDING_UP,2.805354225072899,0.0
2024-12-23,58.68544600938967,7.2766387440457,2.0344287949921753,3.7815678618583237,639,0.44112756728207553,TRENDING_UP,2.8063063921068356,1.0
2024-12-24,56.896551724137936,3.5631405120147415,3.605015673981191,-0.5980313552128821,638,0.41764391376403626,TRENDING_UP,2.7151420453534585,2.0
2024-12-26,53.333333333333336,4.31543773744132,1.746031746031746,-0.8696568037574475,630,0.4086645824568808,TRENDING_UP,2.65752288556439,3.0
2024-12-27,51.50554675118859,4.363249860792874,2.535657686212361,0.5549641051098126,631,0.4095884284058161,TRENDING_UP,2.6589886751975764,4.0
2024-12-30,66.96269982238012,13.240103455905807,3.7300177619893424,3.779741219978812,563,0.38442654015187266,TRENDING_UP,2.6728461701772686,5.0
2024-12-31,67.87658802177859,6.483584295023996,5.44464609800363,1.1432065055601675,551,0.37544372737699516,TRENDING_UP,2.670096215567344,6.0
2025-01-01,69.69147005444646,4.561197084740655,4.537205081669692,1.3133062045949773,551,0.3728508246608203,TRENDING_UP,2.659894513267802,7.0
2025-01-02,68.82882882882882,3.739372763499419,4.504504504504505,0.21613725248180446,555,0.3752287274791662,TRENDING_UP,2.6723901582697698,8.0
2025-01-03,67.03499079189686,3.5215984954098785,4.41988950276243,-0.3003711022169797,543,0.36781137571400463,TRENDING_UP,2.6222222902569663,9.0
2025-01-06,64.25992779783394,4.613832851514936,3.429602888086643,-1.190542654008533,554,0.36776104631833934,TRENDING_UP,2.7191004576830684,10.0
2025-01-07,61.99261992619927,3.216901010584324,1.8450184501845017,-0.8107615466802375,542,0.379120522469339,TRENDING_UP,2.7424976312481544,11.0
2025-01-08,56.41476274165203,4.034844061842311,1.2302284710017575,-1.0648431066784954,569,0.37077253719559633,TRENDING_UP,2.781897169869587,12.0
2025-01-09,50.45045045045045,5.671998283213006,0.9009009009009009,-1.3022003457619287,555,0.38167863266236524,VOLATILE,2.8023240060704064,0.0
2025-01-10,48.53479853479853,12.01994779818216,0.3663003663003663,0.5202612350211491,546,0.39010800813357954,VOLATILE,2.696393441291179,1.0
2025-01-13,51.75600739371534,13.518607192748384,0.18484288354898337,1.9447595898551115,541,0.39888116626618497,VOLATILE,2.622815745697762,2.0
2025-01-14,54.70692717584369,4.0558271838403535,1.4209591474245116,1.199108348818356,563,0.39733913301358004,VOLATILE,2.558673832028387,3.0
2025-01-15,54.151624548736464,5.266274526322705,1.6245487364620936,0.23658627209438074,554,0.40468842606721234,VOLATILE,2.483663141934589,4.0
2025-01-16,52.38938053097345,9.403082128219076,1.0619469026548671,0.05182150381276391,565,0.4068361627072027,TRENDING_UP,2.318561652415557,0.0
2025-01-17,54.188948306595364,3.0268860874629424,1.6042780748663104,0.8809576470733148,561,0.3845401162372751,TRENDING_UP,2.11517047319698,1.0
2025-01-20,54.59459459459459,5.286014671035399,1.6216216216216217,1.0780738173615665,555,0.3930203129983462,TRENDING_UP,1.9648161190820725,2.0
2025-01-21,51.59574468085106,14.612242397468236,1.2411347517730498,0.5172029974713758,564,0.3499969121047671,TRENDING_UP,1.8465963591636987,3.0
2025-01-22,46.53979238754326,12.983234093500739,0.8650519031141869,-0.10641065250115073,578,0.34671275538360613,VOLATILE,1.8353658735459608,0.0
2025-01-23,46.808510638297875,2.8086509728173916,1.0638297872340425,0.29329572940294113,564,0.34813627230470645,TRENDING_UP,1.7584359535553964,0.0
2025-01-24,47.512864493996574,15.465048863908025,1.7152658662092626,2.02250967953989,583,0.34890353707953664,TRENDING_UP,1.7431181520132926,1.0
2025-01-27,42.10526315789473,10.382040109342665,1.3157894736842104,0.15255939579173983,608,0.2924113627574772,VOLATILE,1.677828691814822,0.0
2025-01-28,37.39565943238731,5.21128471194103,1.1686143572621035,-0.7886475555296315,599,0.3004931581714859,VOLATILE,1.7141817628721367,1.0
2025-01-29,34.504792332268366,13.75602021553186,0.9584664536741214,0.14533212993938632,626,0.287233508157859,VOLATILE,1.6683348677374736,2.0
2025-01-30,39.549839228295816,3.942972039707298,1.4469453376205788,1.3233343607096513,622,0.3083925634423739,VOLATILE,1.6608005377787838,3.0
2025-01-31,41.41732283464567,5.447561889936909,2.5196850393700787,1.0953948094122403,635,0.3128422683111406,VOLATILE,1.6275609658754953,4.0
2025-02-03,37.732342007434944,4.684461307882067,3.903345724907063,-0.352229027291095,538,0.2876316995545028,VOLATILE,1.6115099018572987,5.0
2025-02-04,35.094339622641506,2.987928576959089,2.6415094339622645,-0.598786693411799,530,0.28317457220788084,VOLATILE,1.563089346728444,6.0
2025-02-06,29.026217228464418,3.850181147460153,1.8726591760299627,-1.0344456308212495,534,0.2835208891758589,VOLATILE,1.5375373205503922,7.0
2025-02-07,28.5451197053407,2.6129253324967117,1.1049723756906076,-0.5551228331193004,543,0.26109926323940164,VOLATILE,1.5138153963097256,8.0
2025-02-10,28.142589118198874,6.200979680313271,0.9380863039399625,0.6956965947637261,533,0.2620816398956134,VOLATILE,1.505476487448684,9.0
2025-02-11,31.77737881508079,5.757234660034384,1.2567324955116697,1.4439492784927985,557,0.25762515165319744,VOLATILE,1.503339781708547,10.0
2025-02-12,31.25,3.235725168532175,1.4705882352941175,0.3412653888033386,544,0.25042472002379523,RANGING,1.4870932397301468,0.0
2025-02-13,31.34057971014493,13.3582112667498,1.6304347826086956,1.1709081616272423,552,0.240177434174583,RANGING,1.4679848552029087,1.0
2025-02-14,26.629422718808193,10.023216290360688,1.48975791433892,-0.2482544809498433,537,0.2426039986722484,RANGING,1.4905992570479145,2.0
2025-02-17,28.96678966789668,9.783095750892391,1.4760147601476015,0.04536921516846997,542,0.24029824419284748,RANGING,1.4605686790098722,3.0
2025-02-18,31.272727272727273,6.555271217757201,2.181818181818182,1.1231006962465195,550,0.24377133857602676,RANGING,1.4699995499099068,4.0
2025-02-19,30.442477876106196,5.360745471041878,1.592920353982301,1.0967903984836689,565,0.24720651607161223,RANGING,1.4370770063779295,5.0
2025-02-20,34.024179620034545,9.016855497372502,1.5544041450777202,1.7454189406711844,579,0.24961228615403985,TRENDING_UP,1.3864737867304269,0.0
2025-02-21,33.21739130434783,4.4596610941505626,1.9130434782608694,0.1320280330369492,575,0.25422228500534994,RANGING,1.4227294048018935,0.0
2025-02-24,32.47172859450727,17.173998491184033,2.4232633279483036,2.066849454719728,619,0.2545026902829519,RANGING,1.44634352633296,1.0
2025-02-25,31.329113924050635,6.388077759550611,1.5822784810126582,0.14736051228393263,632,0.24965588196562313,TRENDING_UP,1.4262231585476681,0.0
2025-02-26,32.591414944356124,4.548608375873307,1.5898251192368837,-0.10421955082682889,629,0.23936660407941718,TRENDING_UP,1.377617722877946,1.0
2025-02-27,32.15384615384615,4.425507776407646,1.2307692307692308,-0.28382757568734257,650,0.23992258050828788,TRENDING_UP,1.3484474571623672,2.0
2025-02-28,31.446540880503143,4.909846202563312,1.4150943396226416,-0.7307614584582983,636,0.23479291675803657,TRENDING_UP,1.317303428488377,3.0
2025-03-03,27.969348659003828,10.500629768065929,1.532567049808429,-0.6476984603179008,522,0.23200512565872003,RANGING,1.3260240842498687,0.0
2025-03-04,28.517110266159694,8.593938295231503,0.38022813688212925,0.9412673718579486,526,0.23097088178298988,RANGING,1.2825469145573338,1.0
2025-03-05,28.142589118198874,2.563580245104709,0.37523452157598497,-0.13087530491930463,533,0.22509763630614013,RANGING,1.2596415478644098,2.0
2025-03-06,28.305400372439475,2.968070645566973,1.303538175046555,0.6057357666929302,537,0.21680776264185678,TRENDING_UP,1.216542529510779,0.0
2025-03-07,30.401529636711285,4.416515356616046,1.9120458891013385,0.7652816515913015,523,0.21537457903037857,TRENDING_UP,1.190770191511809,1.0
2025-03-10,29.22201138519924,9.59062062561282,1.5180265654648957,1.1002825412722277,527,0.2171207788089272,TRENDING_UP,1.1571925089592767,2.0
2025-03-11,28.893058161350844,5.212805891234968,0.9380863039399625,-0.10060096554898963,533,0.19749526015797653,TRENDING_UP,1.1161072241371248,3.0
2025-03-12,29.545454545454547,9.013584794258882,1.1363636363636365,0.4306335187421696,528,0.1987030841548724,TRENDING_UP,1.110216696339111,4.0
2025-03-13,30.755064456721914,3.5805647169198838,0.9208103130755065,0.658692779107328,543,0.19843061295371367,TRENDING_UP,1.1102633033819345,5.0
2025-03-14,33.20610687022901,5.373067861572952,1.5267175572519083,0.41143162104786685,524,0.19232669803990926,TRENDING_UP,1.0634406578858093,6.0
2025-03-17,32.21238938053098,12.243565999391251,1.415929203539823,1.149363675422337,565,0.18587580289848038,TRENDING_UP,1.0607907480568577,7.0
2025-03-18,35.027223230490016,5.544652676367087,1.9963702359346642,0.7113925121115334,551,0.18605220738079567,TRENDING_UP,1.027540427187475,8.0
2025-03-19,35.130434782608695,9.459679629352763,2.4347826086956523,1.3886749047133926,575,0.1888587542995867,TRENDING_UP,1.0356517477322569,9.0
2025-03-20,38.19444444444444,15.602274619333894,1.9097222222222223,1.7861480192765447,576,0.1815603619458538,TRENDING_UP,1.0534705085309175,10.0
2025-03-21,38.42195540308747,9.553441774282957,1.2006861063464835,1.101684492593827,583,0.1890646638349826,TRENDING_UP,1.0322556569167904,11.0
2025-03-24,35.0,6.830636075650042,1.40625,-0.3137429616941989,640,0.20012373997657745,TRENDING_UP,1.0424445734192553,12.0
2025-03-25,34.15435139573071,5.324399237436075,0.6568144499178982,0.17732987353620588,609,0.2104692822914994,TRENDING_UP,1.0113757528305,13.0
2025-03-26,35.930047694753576,4.0538151141733785,1.1128775834658187,0.4654778023537918,629,0.20745686233640348,TRENDING_UP,1.0302387717452444,14.0
2025-03-27,34.10493827160494,4.551120167897052,0.9259259259259258,-0.19514324384349233,648,0.20258634151550417,TRENDING_UP,1.024353954620934,15.0
2025-04-03,34.0,4.801074872835483,2.0,0.7237810102337252,550,0.16394177155211673,TRENDING_UP,1.040138017999446,16.0
2025-04-04,34.29084380610413,3.2836922166175864,2.872531418312388,-0.11918427018980443,557,0.13513606736413314,TRENDING_UP,1.0547091437227167,17.0
2025-04-07,22.644927536231883,5.663050904427943,1.0869565217391304,-3.115440038901731,552,0.308716137730729,RANGING,1.417897809649823,0.0
2025-04-08,26.203208556149733,3.129529749404889,1.2477718360071302,0.7276179475379643,561,0.3029272552588799,RANGING,1.39736871230938,1.0
2025-04-09,23.146473779385172,4.106760491578968,0.5424954792043399,-0.7919765709953281,553,0.3190405647085616,RANGING,1.439712151907997,2.0
2025-04-10,30.03533568904594,16.884545778145007,1.76678445229682,3.401808218596291,566,0.3461673524468274,TRENDING_UP,1.5567140184050938,0.0
2025-04-11,28.11918063314711,4.394520394450757,2.2346368715083798,-0.3191444749200971,537,0.35312074312902053,VOLATILE,1.602905863856151,0.0
2025-04-14,32.57042253521127,5.776116823110853,1.4084507042253522,1.2914538696376043,568,0.34774544893847903,TRENDING_UP,1.6208342759255243,0.0
2025-04-15,33.214920071047956,3.3655556301469898,1.7761989342806392,0.6928356299285554,563,0.34395456005369357,TRENDING_UP,1.6288348155220918,1.0
2025-04-16,30.985915492957744,4.082254328523587,1.936619718309859,-0.31921080983764993,568,0.3375376033070493,TRENDING_UP,1.6603446299391225,2.0
2025-04-17,33.691756272401435,6.58178578111914,2.1505376344086025,0.7147583401964868,558,0.3409137859602449,TRENDING_UP,1.6803888037694756,3.0
2025-04-18,32.269503546099294,7.582801217168551,3.0141843971631204,0.6799561586094793,564,0.3506467576201891,TRENDING_UP,1.6760889730076767,4.0
2025-04-21,33.33333333333333,17.82344128451625,3.059581320450886,3.1138252786524867,621,0.32949090038399736,TRENDING_UP,1.6824853285993349,5.0
2025-04-22,33.33333333333333,7.411443901922004,2.515723270440252,1.0491627704744797,636,0.3328488338031142,TRENDING_UP,1.6689281928154391,6.0
2025-04-23,30.911901081916536,4.217635207019764,2.009273570324575,-0.5100530994917819,647,0.34257609169441655,VOLATILE,1.6964394630753858,0.0
2025-04-24,27.846153846153847,5.337531973517653,0.7692307692307693,-1.7724497030805295,650,0.3715742803308854,VOLATILE,1.7939014157648143,1.0
2025-04-25,26.810477657935284,4.0200628777483205,1.078582434514638,0.12973635787145835,649,0.3734761646100904,VOLATILE,1.7690812989837819,2.0
2025-04-28,24.772313296903462,6.8679260433432425,1.639344262295082,-1.9298967680500534,549,0.3544172526759357,VOLATILE,1.8682247406935935,3.0
2025-04-29,26.73992673992674,7.262430741262534,1.098901098901099,0.9608785285282345,546,0.36085339172888653,VOLATILE,1.877595602346887,4.0
2025-04-30,22.299651567944252,5.5604532408908955,1.2195121951219512,-2.444566550717603,574,0.37690490451390163,VOLATILE,2.1011098249052313,5.0
2025-05-02,27.056672760511884,14.724045762267203,1.2797074954296161,2.989524722164627,547,0.4115819765303571,VOLATILE,2.1176551364062215,6.0
2025-05-05,29.982046678635548,14.076065067724087,1.615798922800718,1.9132628873012167,557,0.3959449232452115,VOLATILE,2.0914104833884486,7.0
2025-05-06,28.028933092224236,3.9110723345780016,1.8083182640144666,0.01780211664938163,553,0.3707911928361195,VOLATILE,1.792478107926053,8.0
2025-05-07,20.43399638336347,4.30797421261835,1.4466546112115732,-4.034254399224467,553,0.424446996036032,VOLATILE,2.1081607671807263,9.0
2025-05-08,13.392857142857142,7.01023455828187,1.25,-6.191254645918484,560,0.5031824416594833,VOLATILE,2.607828831971158,10.0
2025-05-09,15.855855855855856,6.196079600332951,0.9009009009009009,2.3937684552047713,555,0.49814778701437956,VOLATILE,7.292491236032259,11.0
2025-05-12,30.689655172413794,5.713326696320422,1.5517241379310345,8.16335076865591,580,0.5697635351814846,VOLATILE,7.032368827597941,12.0
2025-05-13,32.18588640275387,5.300143560232833,2.0654044750430294,1.514967522572918,581,0.5581438520485217,VOLATILE,7.013614404548377,13.0
2025-05-14,33.45132743362832,6.571861429887428,2.3008849557522124,1.4363819375978217,565,0.5594152844996396,VOLATILE,7.030272611343745,14.0
2025-05-15,41.901408450704224,4.156409374933784,2.112676056338028,1.915995989053793,568,0.5666595735088972,TRENDING_UP,6.93864660874439,0.0
2025-05-16,41.04347826086956,3.7553394572550105,1.565217391304348,0.561271861026436,575,0.5632280923598418,TRENDING_UP,6.93869299854558,1.0
2025-05-19,46.43478260869565,3.9262566732774036,2.782608695652174,0.612655621290062,575,0.5604009551837297,TRENDING_UP,6.932410936519728,2.0
2025-05-20,43.24786324786325,11.596462200586712,2.2222222222222223,0.7129905183590068,585,0.5742242562647277,TRENDING_UP,6.9684529321065485,3.0
2025-05-21,51.273344651952456,8.984703979450844,2.7164685908319184,2.2217752154247536,589,0.5811731263740882,TRENDING_UP,6.9159715820996075,4.0
2025-05-22,49.67105263157895,7.713755245012631,2.7960526315789473,0.6794721764862995,608,0.571894309606536,TRENDING_UP,6.958898824570485,5.0
2025-05-23,51.34228187919463,6.993436127734353,2.8523489932885906,0.5487562653382531,596,0.5699611603692869,TRENDING_UP,6.890992032336471,6.0
2025-05-26,49.21383647798742,6.97625734456559,2.358490566037736,0.505992650427515,636,0.5488314067422427,TRENDING_UP,6.900607099645139,7.0
2025-05-27,49.047619047619044,3.5270618795380018,2.6984126984126986,0.35737708047447025,630,0.5458803711248333,TRENDING_UP,6.8042197055932885,8.0
2025-05-29,49.77029096477795,3.3573728769427964,3.0627871362940278,1.0501674133485173,653,0.5464943645425014,TRENDING_UP,6.73414618975653,9.0
2025-05-30,52.75707898658718,4.821582968297711,3.129657228017884,1.0646318869592497,671,0.5301295598505303,TRENDING_UP,6.564198304151127,10.0
2025-06-02,55.61497326203209,5.68390715334921,4.09982174688057,0.39795200046752593,561,0.4945401853840486,TRENDING_UP,6.55432889908797,11.0
2025-06-03,55.536028119507904,3.4222345867352297,2.460456942003515,0.5335341510051763,569,0.4953300152783163,TRENDING_UP,6.482905851987621,12.0
2025-06-04,60.0,4.169917583491865,3.304347826086956,1.1557541552853523,575,0.4855983473236813,TRENDING_UP,6.401182654747344,13.0
2025-06-05,61.005199306759096,5.60656763193057,2.772963604852686,0.7076937283896698,577,0.47066536696978045,TRENDING_UP,6.17120091087709,14.0
2025-06-10,62.738301559792035,4.075646687794145,3.9861351819757362,0.8303144145626026,577,0.4136445167872277,TRENDING_UP,5.772356750827949,15.0
2025-06-11,66.08996539792388,4.0221828536711275,5.190311418685121,1.2264423956382458,578,0.42055851424336144,TRENDING_UP,1.4843596454857273,16.0
2025-06-12,63.497453310696095,4.9965341305464595,5.772495755517826,0.032285825697832844,589,0.14834364901741318,TRENDING_UP,1.1940790915725232,17.0
2025-06-13,60.59027777777778,5.619102511340776,4.166666666666666,-0.44525985641257676,576,0.1752457292545951,TRENDING_UP,1.1837193872521818,18.0
2025-06-16,63.76306620209059,7.173099757038559,4.878048780487805,1.858891265113259,574,0.1988934310007283,TRENDING_UP,1.1707154039648904,19.0
2025-06-17,62.28668941979522,28.8345749479775,4.778156996587031,1.5115798701380017,586,0.17812805709781857,TRENDING_UP,1.1576793146963422,20.0
2025-06-18,59.51972555746141,5.560932657772647,2.9159519725557463,-0.8896523771190278,583,0.21194262990353271,RANGING,1.196549929096136,0.0
2025-06-19,57.77777777777777,21.51407673866335,1.7094017094017095,1.5504481740094025,585,0.19425188212047875,RANGING,1.2403523957274598,1.0
2025-06-20,55.59265442404006,9.570803831685936,2.8380634390651087,0.4367804822042775,599,0.2009550949076359,RANGING,1.2227853724649815,2.0
2025-06-23,38.29457364341085,13.023238936224931,1.550387596899225,-2.636574137728733,645,0.32070237441455557,RANGING,1.3925236557187661,3.0
2025-06-24,52.46636771300448,5.7770784615568616,1.6442451420029895,5.693352783191165,669,0.42903188066855386,TRENDING_UP,1.5245324145131862,0.0
2025-06-25,56.297420333839156,3.972399809177874,2.731411229135053,1.5246058608784745,659,0.4310927592991918,TRENDING_UP,1.526711438524283,1.0
2025-06-26,54.7085201793722,3.929453859746195,4.633781763826607,0.5750587413304796,669,0.4339635237268245,TRENDING_UP,1.5451107717503656,2.0
2025-06-27,60.61946902654868,3.773097488577471,6.489675516224189,1.8911601126862725,678,0.4322007350900843,TRENDING_UP,1.6196215022046327,3.0
2025-06-30,68.02721088435374,6.937906209734814,6.972789115646258,2.09346439527873,588,0.39883196339497007,TRENDING_UP,1.6060341497402124,4.0
2025-07-01,69.45898778359512,3.997534990527943,7.678883071553229,0.954503326944473,573,0.4038145305594921,TRENDING_UP,1.6403615554578963,5.0
2025-07-02,70.76124567474048,5.574051195779042,8.477508650519031,1.4043705780219182,578,0.40232757817630843,TRENDING_UP,1.629812658086451,6.0
2025-07-03,70.33158813263525,4.762979507416261,5.7591623036649215,0.7674175672342549,573,0.4023839184098067,TRENDING_UP,1.6153195448808289,7.0
2025-07-04,72.04861111111111,5.544873702490637,8.854166666666668,1.1379396158246287,576,0.3955327414500705,TRENDING_UP,1.6002952199886848,8.0
2025-07-07,73.29931972789116,4.25672186168416,9.35374149659864,1.377210092571611,588,0.3890537248154519,TRENDING_UP,1.626329551727247,9.0
2025-07-08,73.80952380952381,4.2365734150163314,7.482993197278912,0.6497370268383047,588,0.3844228917937614,TRENDING_UP,1.6440030407068984,10.0
2025-07-09,74.44633730834754,19.42570910151366,6.303236797274275,1.6404637602301515,587,0.3796740131862981,TRENDING_UP,1.6043328185632229,11.0
2025-07-10,75.3899480069324,4.40605625317047,6.5857885615251295,1.1407128257404096,577,0.37974287849395433,TRENDING_UP,1.5320837563463159,12.0
2025-07-11,74.52667814113597,8.115954867303744,7.917383820998279,0.8124600375941583,581,0.37342198818457484,TRENDING_UP,1.4763332413996864,13.0
2025-07-14,75.7314974182444,5.687694652906476,8.089500860585199,1.0994734048176762,581,0.3679558360775925,TRENDING_UP,1.5084918206277922,14.0
2025-07-15,72.25042301184433,7.8543317860325255,7.4450084602368864,-0.6222894567387722,591,0.3784739069836166,TRENDING_UP,1.545814336882917,15.0
2025-07-16,71.40468227424749,5.49920498011121,3.8461538461538463,0.79112926377233,598,0.37730719348073555,TRENDING_UP,1.545818388566766,16.0
2025-07-17,70.75928917609046,12.492820898887988,4.846526655896607,2.691500916216169,619,0.3890298802925562,TRENDING_UP,1.541550460752708,17.0
2025-07-18,67.04,17.368016880294697,5.6000000000000005,0.7368935628279921,625,0.3929603334903759,TRENDING_UP,1.5886637378951523,18.0
2025-07-21,63.030303030303024,9.860733219909633,3.787878787878788,1.0074987620644316,660,0.3453794778014234,TRENDING_UP,1.4814598837571893,19.0
2025-07-22,61.733931240657704,8.616713606475411,5.082212257100149,1.2023874677569193,669,0.20595430131541778,TRENDING_UP,1.2946163025416577,20.0
2025-07-23,63.541666666666664,3.456432447093847,4.464285714285714,0.5914245577832824,672,0.20308458482274347,TRENDING_UP,1.2964876860220165,21.0
2025-07-24,62.924667651403254,4.062806572105797,5.465288035450517,-0.09422564571230202,677,0.2081082750728186,TRENDING_UP,1.2974958444087819,22.0
2025-07-25,62.42603550295858,3.3853290918877152,4.585798816568047,0.305461637545774,676,0.18806097228851604,TRENDING_UP,1.2031030273704086,23.0
2025-07-28,69.08462867012089,3.366692512099025,6.217616580310881,0.5774188435571606,579,0.15516297474013316,TRENDING_UP,1.1866838188105129,24.0
2025-07-29,63.02521008403361,5.1063973014964,5.546218487394958,-1.0386631429403153,595,0.1923026989688112,TRENDING_UP,1.1932850847980747,25.0
2025-07-30,61.460101867572156,3.511801214309168,2.5466893039049237,-0.5820329213276881,589,0.2031502317412092,TRENDING_UP,1.15379310718524,26.0
2025-07-31,61.774744027303754,6.042211409549897,2.7303754266211606,0.39031645457648256,586,0.20046627261643354,TRENDING_UP,1.1548099933984,27.0
2025-08-01,62.65060240963856,7.010540852793407,3.098106712564544,0.22828906933368287,581,0.19763196700038047,TRENDING_UP,1.1682977513805444,28.0
2025-08-04,61.904761904761905,3.4259269364882714,3.571428571428571,0.6362999000400432,588,0.18423641687128767,TRENDING_UP,1.1379436524375748,29.0
2025-08-05,63.898305084745765,3.7033132496539247,3.2203389830508473,0.7487312319061572,590,0.1892472728423766,TRENDING_UP,1.1204906473254916,30.0
2025-08-06,63.37308347529813,4.029867931427116,4.429301533219761,1.0564834857237122,587,0.19628829199562642,TRENDING_UP,1.1360022424935299,31.0
2025-08-07,65.58773424190801,4.589925493649689,4.599659284497445,0.5194380340385834,587,0.19441819884016334,TRENDING_UP,1.1202191213791863,32.0
2025-08-08,61.986301369863014,5.8226611407633655,4.280821917808219,0.03790215943332547,584,0.19967267888335358,TRENDING_UP,1.1479340161239178,33.0
2025-08-11,62.62798634812287,5.529642923833752,4.607508532423208,1.0416575277785567,586,0.19550350127751695,TRENDING_UP,1.108791787971731,34.0
2025-08-12,61.38279932546374,4.5953173134296295,6.239460370994941,0.729665722233185,593,0.17048520440586015,TRENDING_UP,1.0796915376940126,35.0
2025-08-13,62.87625418060201,9.453493838272466,5.351170568561873,0.66059015215943,598,0.1762298076476248,TRENDING_UP,1.075870491430727,36.0
2025-08-15,64.7457627118644,7.930272113994833,4.067796610169491,0.8674597462179013,590,0.15901291536114523,TRENDING_UP,1.0318207258667298,37.0
2025-08-18,66.77740863787376,9.902696738937184,4.983388704318937,1.462653542934808,602,0.17535317220791136,TRENDING_UP,1.011530170566875,38.0
2025-08-19,67.93388429752066,7.677913483709581,6.9421487603305785,1.392941638930146,605,0.19629477842149565,TRENDING_UP,1.0367979753588736,39.0
2025-08-20,69.12972085385879,20.05562238573174,7.060755336617405,2.3030935848205893,609,0.18238358259681484,TRENDING_UP,1.0240774681089866,40.0
2025-08-21,64.5933014354067,15.704906845081746,5.263157894736842,1.254791647113415,627,0.16388461469868762,TRENDING_UP,1.0963662340924,41.0
2025-08-22,65.55023923444976,10.378652437497617,4.146730462519936,1.1925344454687057,627,0.1602412115923773,TRENDING_UP,1.086612935073281,42.0
2025-08-25,62.51896813353566,12.172568282533401,3.338391502276176,1.3556513372608026,659,0.16433609174946845,TRENDING_UP,1.1310470092792893,43.0
2025-08-26,60.475482912332836,11.488150355074033,3.4175334323922733,1.0370638594299444,673,0.1679742918058017,TRENDING_UP,1.140251164381246,44.0
2025-08-27,57.459379615952734,3.178536888238733,2.511078286558346,-0.44475694036618857,677,0.12972290418092824,TRENDING_UP,1.120618237904274,45.0
2025-08-28,56.398809523809526,5.289656924211389,2.8273809523809526,0.6280675005074411,672,0.10967827687515184,TRENDING_UP,1.103858670385868,46.0
2025-08-29,56.553755522827686,10.094356840533992,4.123711340206185,1.6993929341139742,679,0.11399627659215678,TRENDING_UP,1.097370455767168,47.0
2025-09-01,58.46153846153847,5.210949531124308,4.615384615384616,1.1318175354393472,585,0.11694219678711024,TRENDING_UP,1.0662159487773393,48.0
2025-09-02,59.183673469387756,10.355685490753782,5.272108843537415,1.012311610802801,588,0.1163092623113273,TRENDING_UP,1.0530355657753188,49.0
2025-09-03,58.8135593220339,5.080830187392766,5.593220338983051,0.9894424371892964,590,0.11504649933824454,TRENDING_UP,1.064298027350126,50.0
2025-09-04,58.77342419080068,6.517070188632256,5.621805792163544,0.550218006810581,587,0.113212223840311,TRENDING_UP,1.0302509299402658,51.0
2025-09-05,58.02047781569966,3.7387888477584275,6.996587030716723,0.5135556504877588,586,0.11165934308336499,TRENDING_UP,1.0471366505962432,52.0
2025-09-08,56.38841567291312,3.1828136164410608,7.155025553662692,0.4730279272673342,587,0.09509093316491626,TRENDING_UP,1.035820979669712,53.0
2025-09-09,55.76592082616179,2.9052775807054982,5.335628227194492,-0.3302846124774282,581,0.11256718724727985,TRENDING_UP,1.0573436902798306,54.0
2025-09-10,55.68760611205433,4.2398103768194,3.5653650254668934,0.44213457791511873,589,0.10640082394016473,TRENDING_UP,1.0643759339129555,55.0
2025-09-11,56.594323873121866,6.544476306388232,5.509181969949917,0.988135843092789,599,0.10337126801176334,TRENDING_UP,1.0780089232031211,56.0
2025-09-12,56.5068493150685,5.704779936862169,4.10958904109589,0.28564312055501756,584,0.10507941572600527,TRENDING_UP,1.118828075789849,57.0
2025-09-15,55.85738539898133,6.818036387469561,3.0560271646859083,0.4703535922436849,589,0.09743388711228672,TRENDING_UP,1.085334444555282,58.0
2025-09-16,58.080808080808076,4.074177478324993,3.7037037037037033,0.7275925004765594,594,0.09241981441070447,TRENDING_UP,1.0463914482778776,59.0
2025-09-17,58.2089552238806,14.593561641957535,4.1459369817578775,2.049958899341522,603,0.09614539061172377,TRENDING_UP,1.0382582519245218,60.0
2025-09-18,60.78431372549019,9.021953497573735,6.699346405228758,2.5798459137831045,612,0.14842772191632286,TRENDING_UP,0.992642706275634,61.0
2025-09-19,58.740157480314956,18.11466303013697,6.771653543307086,2.109484273563461,635,0.13845702595850384,TRENDING_UP,1.010641660260482,62.0
2025-09-22,54.87256371814093,17.065819288063164,6.5967016491754125,2.771656682748523,667,0.13227093975382478,TRENDING_UP,1.0104559903210735,63.0
2025-09-23,55.73770491803278,7.303992754714368,6.259314456035768,0.5880333384805392,671,0.12989633041570722,TRENDING_UP,1.0166344592567718,64.0
2025-09-24,56.52818991097923,4.419384049609704,4.302670623145401,0.33190421466932557,674,0.1115373180345498,TRENDING_UP,0.9895038868044936,65.0
2025-09-25,55.13196480938416,7.315950679835727,4.9853372434017595,0.8064104941911782,682,0.11372171969356329,TRENDING_UP,0.9977279646188041,66.0
2025-09-26,55.83090379008746,3.5261566898297607,4.664723032069971,0.648469160654635,686,0.10876530368486048,TRENDING_UP,1.017965018458371,67.0
2025-09-29,57.858376511226254,6.014683718017788,5.872193436960276,0.6768807157667072,579,0.1052000451695752,TRENDING_UP,1.0166018218872546,68.0
2025-09-30,56.683587140439926,7.779316884098011,6.768189509306261,0.06338385440200828,591,0.11166578209594445,TRENDING_UP,1.0549542163508694,69.0
2025-10-01,56.02716468590832,4.709271407780788,4.074702886247878,0.0761918960036914,589,0.11754825411966045,TRENDING_UP,1.0702435813790028,70.0
2025-10-02,53.42237061769616,13.091400285493913,6.010016694490818,1.4904568438720704,599,0.11748681359159711,TRENDING_UP,1.1068248595966916,71.0
2025-10-03,54.054054054054056,5.045920257820882,5.912162162162162,0.2313871741488062,592,0.1193694309769084,TRENDING_UP,1.0932920496452831,72.0
2025-10-06,49.747048903878586,6.817416419482128,3.709949409780776,-1.1841360973298134,593,0.1623201346587251,TRENDING_UP,1.143292137698179,73.0
2025-10-07,49.49324324324324,9.631429175192917,3.040540540540541,0.6765531552042687,592,0.15588876998045417,TRENDING_UP,1.1542283997459533,74.0
2025-10-08,47.89207419898819,5.86494922153179,2.360876897133221,-0.13506165387773686,593,0.16257807659814866,TRENDING_UP,1.1737975832281802,75.0
2025-10-09,45.62289562289562,3.3679397748934528,2.6936026936026933,-0.189839618007099,594,0.16986575998896894,TRENDING_UP,1.2006323436098283,76.0
2025-10-10,41.582491582491585,7.587350845273132,2.356902356902357,0.14533561165949593,594,0.17404668113167976,TRENDING_UP,1.2324177233358626,77.0
2025-10-13,33.27759197324415,7.067539739197307,2.842809364548495,-2.0823797805481954,598,0.24772583382394478,RANGING,1.4029800038398554,0.0
2025-10-14,41.235392320534224,5.530874690064529,2.337228714524207,3.178402924898729,599,0.3017682161231708,TRENDING_UP,1.5349211928108961,0.0
2025-10-15,43.163097199341024,6.337833712670664,2.800658978583196,0.8732042018803428,607,0.29832975887920365,TRENDING_UP,1.5621920763794812,1.0
2025-10-16,42.21854304635762,4.607909813545546,2.980132450331126,0.28404930088281005,604,0.287745641202335,TRENDING_UP,1.5952258360880074,2.0
2025-10-17,43.84485666104553,4.168006144332083,3.0354131534569984,-0.04733371648059691,593,0.30330888726227884,TRENDING_UP,1.604415058501139,3.0
2025-10-20,44.481605351170565,4.9635230103885855,3.177257525083612,1.2857409760609193,598,0.3356646102666531,TRENDING_UP,1.6112907679064783,4.0
2025-10-21,44.208809135399676,10.543290657319627,4.404567699836868,0.9781400342855222,613,0.3375056174666328,TRENDING_UP,1.6232658843911174,5.0
2025-10-22,43.42105263157895,8.019375555025286,4.111842105263158,0.8252139067022188,608,0.33666094501427424,TRENDING_UP,1.655939267959133,6.0
2025-10-23,42.41935483870968,16.434722938708646,4.032258064516129,0.7045947224186114,620,0.32648094860472765,TRENDING_UP,1.7067984094577553,7.0
2025-10-24,38.853503184713375,10.560319366631283,2.7070063694267517,-0.22113517863244395,628,0.3281901515969051,VOLATILE,1.6847773537631894,0.0
2025-10-27,37.01996927803379,9.470840099244244,2.3041474654377883,0.3831147418568316,651,0.32762035261580646,VOLATILE,1.6953677889043184,1.0
2025-10-28,31.757754800590842,7.987701405576471,1.9202363367799113,-0.7465436273950012,677,0.33167892050267433,VOLATILE,1.7442793306376183,2.0
2025-10-29,28.654970760233915,5.275130789491165,1.023391812865497,-1.1829401470982794,684,0.3364287589457854,VOLATILE,1.7627915429932344,3.0
2025-10-30,26.923076923076923,3.746151932058817,1.0355029585798818,-0.8505027736958856,676,0.3366832299428648,VOLATILE,1.7863578967194311,4.0
2025-10-31,31.732168850072778,3.4795481352217017,1.6011644832605532,2.2528532492778477,687,0.36376528046860307,VOLATILE,1.8547917540695755,5.0
2025-11-03,34.07155025553663,7.9652214928234395,3.577512776831346,1.0369364364410951,587,0.34647551790169745,VOLATILE,1.8201246888446214,6.0
2025-11-04,29.794520547945208,3.3013468216062822,2.73972602739726,-0.7292790486722895,584,0.34901461058977173,VOLATILE,1.8178394754620721,7.0
2025-11-05,27.66323024054983,4.297049603371452,3.0927835051546393,-0.578387944850213,582,0.3492427838423004,VOLATILE,1.8685231985649162,8.0
2025-11-06,29.91304347826087,3.303914042705634,2.608695652173913,0.21729901579254426,575,0.3542179932066548,VOLATILE,1.8715039361576016,9.0
2025-11-07,30.689655172413794,4.765926624233929,2.2413793103448274,0.3190317068960939,580,0.35024493316722133,VOLATILE,1.8211731223632122,10.0
2025-11-10,31.732418524871353,12.494372991469353,2.9159519725557463,1.726838297467813,583,0.3206681748170549,TRENDING_UP,1.702308243736474,0.0
2025-11-11,28.135593220338983,6.128836879515271,2.2033898305084745,-1.5760898768432179,590,0.2919767055373045,VOLATILE,1.6262303596935468,0.0
2025-11-12,27.910958904109588,3.566101546888118,2.2260273972602738,0.143163574658141,584,0.2952423376378564,VOLATILE,1.6264337580667168,1.0
2025-11-13,30.862068965517242,4.000089162389852,1.7241379310344827,1.071689851558899,580,0.29719477407425676,VOLATILE,1.606288633041634,2.0
2025-11-14,34.58904109589041,3.2158448517676335,1.7123287671232876,0.8265046827608707,584,0.2994923703544785,VOLATILE,1.5796723985688348,3.0
2025-11-17,35.845896147403685,12.315797421176557,1.675041876046901,1.4502222227234864,597,0.2962149919559274,VOLATILE,1.566798926173368,4.0
2025-11-18,37.351443123938886,5.120329538338028,2.037351443123939,0.27613469552882464,589,0.3018505161085959,VOLATILE,1.561367925076395,5.0
2025-11-19,35.139573070607554,13.349860000025167,1.9704433497536946,1.1486028893072633,609,0.3014219297517642,VOLATILE,1.5450663446801804,6.0
2025-11-20,37.60399334442596,6.283123776127057,1.8302828618968388,1.0076138778105894,601,0.3218270990713415,VOLATILE,1.5158190350094363,7.0
2025-11-21,35.38961038961039,10.079216233599912,2.272727272727273,0.31911020510630883,616,0.3258023251904664,VOLATILE,1.5088139683109973,8.0
2025-11-24,32.76923076923077,9.769972551807063,1.8461538461538463,0.9442404756111846,650,0.3310206436312575,RANGING,1.4895374286164436,0.0
2025-11-25,32.126696832579185,6.60276437739208,1.5082956259426847,-0.24035087912547654,663,0.32807341583791105,TRENDING_UP,1.42937931130877,0.0
2025-11-26,29.635258358662615,3.105681719700463,1.21580547112462,-0.7718440384353437,658,0.3229275073881775,TRENDING_UP,1.4300358609762596,1.0
2025-11-27,32.18562874251497,8.63026119319692,0.8982035928143712,1.077835890965136,668,0.321244753955712,TRENDING_UP,1.388248502736023,2.0
2025-11-28,34.27299703264095,3.019471056965259,0.8902077151335311,0.4039556770337976,674,0.2822164022360451,TRENDING_UP,1.2625012981641406,3.0
2025-12-01,34.6551724137931,2.9285103826043457,1.3793103448275863,0.930993737146278,580,0.25670120545350544,TRENDING_UP,1.249665376846513,4.0
2025-12-02,35.54006968641115,2.851933557629037,1.2195121951219512,-0.01519205018209699,574,0.24938939709438485,TRENDING_UP,1.2413903724877988,5.0
2025-12-03,34.26573426573427,10.14038618809791,1.3986013986013985,0.06313465454335311,572,0.25039591614360573,TRENDING_UP,1.22880425054353,6.0
2025-12-04,35.738831615120276,5.8432684547683165,2.5773195876288657,0.6654326910789459,582,0.2546710831114436,TRENDING_UP,1.1860680145450349,7.0
2025-12-05,37.60831889081456,3.7782009181257274,2.946273830155979,0.6930060248597115,577,0.25414035942895435,TRENDING_UP,1.186631724892119,8.0
2025-12-08,39.625850340136054,5.1822241406409555,1.870748299319728,0.5238244687289422,588,0.24625680014032988,TRENDING_UP,1.1596586019377886,9.0
2025-12-09,42.04355108877722,3.3919159118093205,2.512562814070352,0.9370208061003706,597,0.17357034153028728,TRENDING_UP,1.0787487021733866,10.0
2025-12-10,44.38775510204081,5.191094104276656,3.061224489795918,1.0566740402511012,588,0.1707303561882936,TRENDING_UP,1.0535679572947747,11.0
2025-12-11,45.06802721088435,4.182534433598125,2.380952380952381,0.31539915786784456,588,0.15904223116608757,TRENDING_UP,1.029166359433911,12.0
2025-12-12,47.67641996557659,2.9605207807311835,2.4096385542168677,0.6601132101462291,581,0.1610981455771823,TRENDING_UP,1.026357358205234,13.0
2025-12-15,50.83333333333333,5.791464412886111,3.0,0.8198969357298425,600,0.1629799811931754,TRENDING_UP,0.9922922005883292,14.0
2025-12-16,48.760330578512395,8.7827870477248,3.3057851239669422,0.18320034649563696,605,0.16827572514989628,TRENDING_UP,0.9931199258140168,15.0
2025-12-17,48.697068403908794,4.118621689582262,1.7915309446254073,-0.08718678209886306,614,0.17167640848742305,TRENDING_UP,1.004326717997392,16.0
2025-12-18,49.59349593495935,9.888753857094684,1.951219512195122,0.8006683345917557,615,0.17548700303684636,TRENDING_UP,1.0046976447633598,17.0
2025-12-19,47.385103011093506,14.777031850435977,1.9017432646592711,0.8162654340732273,631,0.1599001300829357,TRENDING_UP,1.0085891570628716,18.0
2025-12-22,45.6973293768546,9.492785872458635,1.0385756676557862,0.5720014142653894,674,0.17070968962271282,TRENDING_UP,1.0145915254283806,19.0
2025-12-23,43.25513196480939,4.443850960684467,1.466275659824047,-0.38776729750799704,682,0.16824763192634454,TRENDING_UP,0.9965416665668057,20.0
2025-12-24,44.21669106881406,7.444950009875062,1.0248901903367496,0.2516680295600323,683,0.15495657118080813,TRENDING_UP,0.9427553274824552,21.0
2025-12-26,46.647230320699705,5.276362949627446,2.186588921282799,0.32861061874421804,686,0.142624660894443,TRENDING_UP,0.9147403262155552,22.0
2025-12-29,50.08605851979346,4.872938612515368,1.8932874354561102,-0.6511049333696833,581,0.13381083783644832,TRENDING_UP,0.9177775104409897,23.0
2025-12-30,52.57731958762887,6.3378055760539596,1.8900343642611683,0.9809691055960436,582,0.13317344962418784,TRENDING_UP,0.877128462266236,24.0
2025-12-31,53.15161839863713,3.056039018083434,2.72572402044293,0.2710848824753109,587,0.1323182892550668,TRENDING_UP,0.8742181751076333,25.0
2026-01-01,60.16949152542372,5.482578906225343,3.050847457627119,1.8041093682482547,590,0.17053495759436763,TRENDING_UP,0.8786412036279679,26.0
2026-01-02,60.99173553719008,3.2479230942381876,3.6363636363636362,0.5211337717737642,605,0.16433898956099213,TRENDING_UP,0.9258564795149196,27.0
2026-01-05,64.41515650741351,12.05254278653929,5.2718286655683695,1.6174273752583992,607,0.17011156323420434,TRENDING_UP,0.9989042161091082,28.0
2026-01-06,63.38259441707718,7.603100419144337,4.597701149425287,1.1503096351096664,609,0.1710351283613326,TRENDING_UP,1.0556307855579283,29.0
2026-01-07,67.88079470198676,2.8517808776187934,5.629139072847682,0.8657135542700911,604,0.1691309856652793,TRENDING_UP,1.0693852107383743,30.0
2026-01-08,66.61157024793388,4.476803009172196,4.297520661157025,0.45370367494189956,605,0.16462708727688646,TRENDING_UP,1.108620583443159,31.0
2026-01-09,65.1085141903172,2.615274186841021,2.671118530884808,-0.057471695093448634,599,0.16744959753800093,TRENDING_UP,1.1351308204173893,32.0
2026-01-12,65.07666098807495,3.2497773835432553,3.0664395229982966,-0.29364876967316594,587,0.17420454005575567,TRENDING_UP,1.161559332955157,33.0
2026-01-13,61.602671118530886,10.203626271006069,2.671118530884808,0.5195865655654268,599,0.17497318994984387,TRENDING_UP,1.2217274662071245,34.0
2026-01-14,53.95799676898223,8.41262475915568,2.2617124394184165,-0.87123746855266,619,0.2100427856486118,TRENDING_UP,1.2481209242645321,35.0
2026-01-15,50.405186385737444,11.952053390055067,2.4311183144246353,0.17713629139232728,617,0.2166474133601576,TRENDING_UP,1.2770543744602356,36.0
2026-01-16,57.78894472361809,9.439994699247595,3.6850921273031827,1.9336314145176194,597,0.254201277247307,TRENDING_UP,1.3010206493471632,37.0
2026-01-19,58.890701468189235,8.121952802104543,5.220228384991843,1.2174128117296013,613,0.2687687345912589,TRENDING_UP,1.3160594687872715,38.0
2026-01-20,58.15047021943573,8.169759067554189,3.605015673981191,1.273703156342907,638,0.27356928835775957,TRENDING_UP,1.3221826768891707,39.0
2026-01-21,56.10510046367851,12.637414789988538,3.2457496136012365,0.3559099325637758,647,0.26880293085932866,TRENDING_UP,1.3868140351079812,40.0
2026-01-22,58.35913312693498,7.615000720780519,1.7027863777089782,0.9343847342744118,646,0.2634908790349698,TRENDING_UP,1.390899937428127,41.0
2026-01-23,58.57805255023184,4.344997385181524,2.472952086553323,0.11722824177333188,647,0.2660055823685804,TRENDING_UP,1.4111203539817407,42.0
2026-01-26,53.58711566617862,9.702488224928434,3.22108345534407,0.6760014618788657,683,0.26004634951532973,TRENDING_UP,1.4354274293450604,43.0
2026-01-27,51.98237885462555,3.729917533298488,1.6152716593245229,-0.2533357064071755,681,0.26661411810360436,TRENDING_UP,1.4669027877684766,44.0
2026-01-28,50.0,7.071848732637766,2.0408163265306123,0.2899658197568907,686,0.2693445587303249,TRENDING_UP,1.4478914948573745,45.0
2026-01-29,43.42857142857143,10.561818534504873,1.7142857142857144,-1.3253067506100247,700,0.2980511847013504,VOLATILE,1.6153797132492111,0.0
2026-01-30,47.136563876651984,2.826967106759974,2.0558002936857562,0.4545453007007837,681,0.3046968704274985,TRENDING_UP,1.6310107133192413,0.0
2026-02-02,44.36974789915966,67.01083730313469,1.8487394957983194,2.771911341910488,595,0.2245492521585341,TRENDING_UP,1.566213112949613,1.0
2026-02-03,47.70797962648557,10.04437460861394,2.2071307300509337,1.6372667486402617,589,0.2345266533267394,TRENDING_UP,1.5015877680092544,2.0
2026-02-04,48.717948717948715,4.749065862877029,2.735042735042735,0.6210563141939158,585,0.2340579344906551,TRENDING_UP,1.4753238637404242,3.0
2026-02-06,47.59450171821305,2.9060098800679097,1.718213058419244,-1.022880816461137,582,0.24542648304588738,VOLATILE,1.5534125478372365,0.0
2026-02-09,43.14720812182741,6.170771584899756,1.353637901861252,-0.2739656009595668,591,0.24804553911565777,VOLATILE,1.6283872502623948,1.0
2026-02-10,39.49152542372881,2.977644498215676,1.5254237288135595,-0.6151174795849024,590,0.2449114003980452,VOLATILE,1.6185805876415815,2.0
2026-02-11,41.467576791808874,9.907295851480702,1.023890784982935,0.8995222935052659,586,0.2505400960680531,VOLATILE,1.5569039135798035,3.0
2026-02-12,36.938435940099836,3.6170704647203387,0.6655574043261231,-1.2422005518669779,601,0.2498199362114417,VOLATILE,1.6332931034635592,4.0
2026-02-13,37.628865979381445,3.576761438127333,1.202749140893471,0.0050382285812219365,582,0.2537799232677216,VOLATILE,1.6321381521419411,5.0
2026-02-16,28.54785478547855,5.936587686321887,1.3201320132013201,-2.6589342696256058,606,0.2866352656083959,VOLATILE,1.7560490038831453,6.0
2026-02-17,26.903553299492383,9.17445400269213,0.8460236886632826,-0.6267329695035676,591,0.2883174326761245,VOLATILE,1.8170525845130818,7.0
2026-02-18,31.605351170568564,6.870602662550963,2.0066889632107023,2.0151963357326084,598,0.3118823787146234,VOLATILE,1.872544388246241,8.0
2026-02-19,23.79421221864952,14.561619183266334,1.7684887459807075,-1.8570892552013634,622,0.35275553666839427,VOLATILE,2.08276062031376,9.0
2026-02-20,23.424878836833603,5.7160584540528365,0.9693053311793215,-0.9750376973645675,619,0.35590053439422253,VOLATILE,2.1652888949227895,10.0
2026-02-23,18.693009118541035,10.105071827881037,0.60790273556231,-3.4060902373379496,658,0.3916760364749281,VOLATILE,2.370836898420596,11.0
2026-02-24,16.27565982404692,6.7272948615539985,0.5865102639296188,-0.8092416138389054,682,0.38807923886692375,VOLATILE,2.4684211710267636,12.0
2026-02-25,17.804154302670625,4.148201992745229,0.1483679525222552,-0.896147319307538,674,0.38389993757343677,VOLATILE,2.5530068739324694,13.0
2026-02-26,18.73198847262248,5.419045827717525,0.2881844380403458,1.7547046456164865,694,0.38479680535932237,VOLATILE,2.6488554178773933,14.0
2026-02-27,17.857142857142858,4.880141960757205,0.2976190476190476,-0.6377521902925795,672,0.3838351303907603,VOLATILE,2.560972678204303,15.0
2026-03-02,10.310965630114566,11.477722836681295,0.4909983633387889,-8.237282833142867,611,0.5187525394457863,VOLATILE,3.2279857756302626,16.0
2026-03-03,10.26936026936027,10.92375413292756,0.0,0.28766424010996733,594,0.5119858779608164,VOLATILE,3.2537007558417903,17.0
2026-03-04,10.35653650254669,4.703583330387294,0.5093378607809848,-0.0981147477463603,589,0.5106586654948491,VOLATILE,3.304814292154803,18.0
2026-03-05,11.168384879725087,4.561418818216056,0.6872852233676976,3.2576002572355476,582,0.5237517818343012,VOLATILE,3.326427152743674,19.0
2026-03-06,11.498257839721255,3.7184323753095514,0.6968641114982579,-1.6111248113229586,574,0.5248185296609202,VOLATILE,3.4008870695845803,20.0
2026-03-09,8.24742268041237,12.285012646375257,0.6872852233676976,-5.731298810043351,582,0.5441453200340746,VOLATILE,3.9542616493949287,21.0
2026-03-10,10.833333333333334,4.886053061222466,0.5,5.326192725819533,600,0.568890467561603,VOLATILE,4.033905542630061,22.0
2026-03-11,11.41396933560477,8.301563170520842,0.5110732538330494,0.827032317266403,587,0.5812829269971822,VOLATILE,4.081454475974261,23.0
2026-03-12,11.544991511035652,6.1965730885534445,0.8488964346349746,0.05540701408311449,589,0.569549188672487,VOLATILE,4.0952175484969935,24.0
2026-03-13,10.806174957118353,11.719973785083495,0.5145797598627788,0.9821609045070075,583,0.5730844412705726,VOLATILE,4.097836067397796,25.0
2026-03-16,9.443507588532883,4.537591625117226,0.33726812816188867,-1.7698392287932196,593,0.5684409416207447,VOLATILE,4.186412118194386,26.0
2026-03-17,9.5,8.311173731403153,0.16666666666666669,0.3442911926678029,600,0.5661640959824491,VOLATILE,4.114927685124056,27.0
2026-03-18,11.639344262295081,28.72915743755716,0.32786885245901637,3.353494982243388,610,0.5630470137753842,VOLATILE,3.9634417801282953,28.0
2026-03-19,12.786885245901638,5.744291184111002,0.49180327868852464,-0.0550043962350992,610,0.5658590793163164,VOLATILE,3.8705333763431375,29.0
2026-03-24,13.855421686746988,60.95087814256328,0.4518072289156626,3.174988874647199,664,0.5440159238841829,VOLATILE,3.8444712858055485,30.0
2026-03-25,14.992721979621543,4.724019657257567,0.1455604075691412,2.644396461299221,687,0.5448233689940303,VOLATILE,3.649512006055834,31.0
2026-03-26,14.47562776957164,3.7992259704532674,0.14771048744460857,-2.329716112496174,677,0.5603900266700387,VOLATILE,3.788841666581648,32.0
2026-03-27,13.72262773722628,3.8556960345441915,0.145985401459854,-0.8312372790771038,685,0.5576561729513865,VOLATILE,3.7608378780984517,33.0
2026-03-30,12.32876712328767,7.7235410251813175,0.3424657534246575,-3.149291249839108,584,0.5509443378436659,VOLATILE,3.910485806709029,34.0
2026-03-31,13.921901528013583,5.658549549765559,0.1697792869269949,1.231945021268346,589,0.5491150399676058,VOLATILE,3.854292001435222,35.0
2026-04-01,14.310051107325384,3.7477940832893144,0.34071550255536626,3.1476952661032924,587,0.5050121945581358,VOLATILE,3.4386411531078442,36.0
2026-04-02,13.550600343053173,3.6405103235191345,0.34305317324185247,-1.3985851271501788,583,0.5225488051063445,VOLATILE,3.4695015356099264,37.0
2026-04-03,14.408233276157805,4.769432384823262,0.17152658662092624,-0.5966941314339063,583,0.5197429402474562,VOLATILE,3.5112003287794145,38.0
2026-04-06,16.582914572864322,3.461379235822395,0.16750418760469013,0.8052512521543561,597,0.5144335834268063,VOLATILE,3.439638137739047,39.0
2026-04-07,16.552901023890783,3.04922629864038,0.17064846416382254,0.20560803747360087,586,0.5237771644408968,VOLATILE,3.3803041995814014,40.0
2026-04-08,31.967213114754102,4.457925954857854,0.49180327868852464,7.195620638378867,610,0.5412604412899398,VOLATILE,3.1184447955805084,41.0
2026-04-09,30.831973898858074,7.8249515175754585,1.1419249592169658,0.43469967284137734,613,0.5085989596168999,VOLATILE,2.9153915498124623,42.0
2026-04-10,40.69767441860465,4.921908978280258,0.9966777408637874,2.228484351400629,602,0.5196266903556416,VOLATILE,2.880240768408081,43.0
2026-04-13,28.046744574290482,8.659455562007869,0.8347245409015025,-2.54570232920044,599,0.5336115130372611,VOLATILE,3.1062122095881497,44.0
2026-04-14,39.13764510779436,6.766437486283084,0.9950248756218906,3.029913010494004,603,0.5480928289396879,VOLATILE,3.1007160087817254,45.0
2026-04-15,47.385620915032675,3.857337532240745,0.8169934640522877,2.3211330411958113,612,0.5481707823792697,VOLATILE,3.0419774063532175,46.0
2026-04-16,58.88157894736842,5.660666612077194,0.8223684210526315,1.6934538073630971,608,0.5547838170618807,VOLATILE,2.998952398580558,47.0
2026-04-17,67.43044189852701,6.5251515501014,0.8183306055646482,2.709182851710619,611,0.5640319318062322,VOLATILE,2.9244549569415152,48.0
2026-04-20,62.518740629685155,9.844566085484185,1.0494752623688157,-0.8858747824132738,667,0.5565614508497752,VOLATILE,3.004368840982434,49.0
2026-04-21,63.94160583941606,7.531267538144953,1.0218978102189782,1.5585890290946123,685,0.5689673785460486,VOLATILE,2.9415008299751326,50.0
2026-04-22,62.924667651403254,61.13225843824568,0.8862629246676514,1.7994661404266163,677,0.5561353933258703,TRENDING_UP,2.8979515594247083,0.0
2026-04-23,60.96491228070175,4.301294073756714,1.3157894736842104,-0.390599682340045,684,0.5420574068187016,TRENDING_UP,2.8658059480638105,1.0
2026-04-24,62.244897959183675,4.321467771180145,1.4577259475218658,0.6824857213525886,686,0.5347340994758909,TRENDING_UP,2.9307338332335915,2.0
2026-04-27,66.04095563139933,12.484579943163036,1.7064846416382253,1.1382231162112368,586,0.47203710978615,,,
2026-04-28,64.63620981387479,3.638183121989919,1.5228426395939088,-0.14796792793445046,591,0.4623058682159465,TRENDING_UP,2.8304339892655066,3.0
2026-04-29,58.88324873096447,4.424420647378042,1.8612521150592216,-1.737085315124076,591,0.4665307917822032,TRENDING_UP,2.902412360777734,4.0
2026-04-30,50.50167224080268,4.357282618424622,0.5016722408026756,-1.9537222664151228,598,0.47043859508470154,VOLATILE,2.855521764980919,0.0
2026-05-05,56.38474295190713,11.025136728951477,0.8291873963515755,1.781787846612416,603,0.47195226549769925,VOLATILE,2.8170215678125157,2.0
2026-05-06,57.920792079207914,5.849108702511907,0.6600660066006601,0.607965185313158,606,0.46682324717474416,VOLATILE,2.751362171515335,3.0
2026-05-07,68.70967741935485,8.14112616060969,0.8064516129032258,3.6441617777950994,620,0.47570317355193714,TRENDING_UP,2.7697460320695844,0.0
2026-05-08,71.16666666666667,5.934773177131598,0.8333333333333334,1.5114059204147277,600,0.40027779938322405,TRENDING_UP,2.393351728776206,1.0
2026-05-11,73.44262295081967,4.13888445865412,1.1475409836065573,0.7257956968426943,610,0.401314380888854,TRENDING_UP,2.378241309661795,2.0
2026-05-12,70.04909983633388,5.004982478979753,2.127659574468085,-0.9431151691298745,611,0.3991540860821962,TRENDING_UP,2.399902744686093,3.0
2026-05-13,68.43853820598007,3.337982804371746,0.9966777408637874,-0.3800416752342637,602,0.3698761035112398,TRENDING_UP,2.281322317741302,4.0
2026-05-14,67.5,6.149574100180485,0.8333333333333334,0.0170112196446279,600,0.3570674053485655,VOLATILE,2.2030031682504925,0.0
2026-05-15,65.56836902800659,3.788874645357561,0.6589785831960462,-0.3335742535419529,607,0.350300382154271,VOLATILE,2.1131848116926935,1.0
2026-05-18,53.13935681470138,10.301146340910579,0.45941807044410415,-1.9730903120549248,653,0.3762040637668627,VOLATILE,2.212241622664118,2.0
2026-05-19,53.776435045317214,7.147201685537385,0.4531722054380665,0.6122325096414153,662,0.36908677899952,VOLATILE,2.1364124793703607,3.0
2026-05-20,57.01492537313433,36.348496888594255,0.5970149253731344,2.166477706207556,670,0.3811977422085108,VOLATILE,2.0169592059572152,4.0
2026-05-21,61.87683284457478,3.6365260540599276,0.7331378299120235,1.3025975869059765,682,0.38690852606386594,VOLATILE,2.000659409365751,5.0
2026-05-22,60.946745562130175,3.981887073128568,0.8875739644970414,-0.30473721690264777,676,0.41379759716397235,VOLATILE,2.0070471289333502,6.0
2026-05-25,64.62882096069869,2.649251453448208,0.5822416302765648,1.4083557725099294,687,0.42379804408969424,TRENDING_UP,1.9882784882762472,0.0
2026-06-01,66.76258992805757,2.8838422331424374,1.4388489208633095,1.0988201300217466,695,0.4271874686741974,TRENDING_UP,1.8851100991068157,1.0
2026-06-02,68.130081300813,11.22416824492304,2.113821138211382,0.7016593402658362,615,0.38840269639317854,TRENDING_UP,1.9538699663791343,2.0
2026-06-03,68.71880199667221,3.6872591651760533,0.9983361064891847,0.3503976379491989,601,0.40202058258314605,TRENDING_UP,1.8908328331099769,3.0
2026-06-04,69.82055464926592,2.8014568992575044,0.9787928221859705,1.1133046769392745,613,0.38423095849106315,TRENDING_UP,1.7582200723818542,4.0
2026-06-05,72.636815920398,3.402033838463637,0.9950248756218906,0.9500857903141797,603,0.37173270413298815,TRENDING_UP,1.6949231383067027,5.0
2026-06-08,67.83333333333333,4.845065714510489,1.0,-0.708715659026871,600,0.3790245980332339,TRENDING_UP,1.6575111998139134,6.0
2026-06-09,69.65174129353234,3.163789035842754,1.1608623548922055,1.4421252449317785,603,0.38501943873090994,TRENDING_UP,1.634774464429636,7.0
2026-06-10,68.78130217028381,3.059939805797087,1.1686143572621035,0.14886350798390022,599,0.34181610025291026,RANGING,1.4675158286048593,0.0
2026-06-11,68.98839137645108,3.7207003991484946,1.1608623548922055,0.03013558224799101,603,0.3409098576064179,RANGING,1.4522110903952536,1.0
2026-06-12,73.46600331674958,3.2563777371053075,0.9950248756218906,0.6787116271163353,603,0.3393883211443749,TRENDING_UP,1.4317905636836221,0.0
2026-06-15,76.12903225806451,4.642081108835159,0.967741935483871,2.0516214665341455,620,0.33760968750519704,TRENDING_UP,1.4515573389082759,1.0
2026-06-16,76.87400318979266,5.633177044069361,1.4354066985645932,1.2867420608204445,627,0.3374603558093646,TRENDING_UP,1.4552249458501627,2.0
2026-06-17,76.13104524180967,7.5992541346980405,1.40405616224649,1.0081609157194151,641,0.3234080069140073,TRENDING_UP,1.4449544410086435,3.0
2026-06-18,75.63527653213752,5.878113364017492,1.046337817638266,1.2854679718700621,669,0.31898861866608075,TRENDING_UP,1.4303173112898964,4.0
2026-06-19,72.51461988304094,4.931943645960551,1.023391812865497,-0.6265977518388448,684,0.25489827482179345,TRENDING_UP,1.4603662753897977,5.0
2026-06-22,72.21418234442837,38.4982008349373,1.447178002894356,1.891368878121319,691,0.23067796661498868,TRENDING_UP,1.4547001975549523,6.0
2026-06-23,68.14285714285714,8.06841110907471,1.7142857142857144,-0.06654496007049022,700,0.24397604113835694,TRENDING_UP,1.4482805505137721,7.0
2026-06-24,69.12181303116147,3.5238966571226937,1.69971671388102,0.9903142680552376,706,0.2364976248863495,TRENDING_UP,1.3826942574218148,8.0
2026-06-29,67.65676567656766,3.648171678487921,2.145214521452145,-0.4280458824497438,606,0.21981809541145628,TRENDING_UP,1.3859649752130963,9.0
2026-06-30,71.3810316139767,3.028069728138247,2.329450915141431,1.074897814781063,601,0.21584139007335756,TRENDING_UP,1.310738612004212,10.0
2026-07-01,74.40677966101696,6.1829839675147555,2.8813559322033897,1.3815541421456594,590,0.22056205288411063,TRENDING_UP,1.3212888773219889,11.0
2026-07-02,73.68421052631578,3.0187358909124367,1.9736842105263157,0.7542719950027937,608,0.21903437123629538,TRENDING_UP,1.267138974347411,12.0
2026-07-03,75.12437810945273,3.0185882280594396,2.8192371475953566,0.7696184876032515,603,0.22147257082444258,TRENDING_UP,1.2443780674772134,13.0
2026-07-06,76.94859038142621,3.2767978240942393,3.482587064676617,0.9374693535057218,603,0.22031534570645048,TRENDING_UP,1.2548008268024633,14.0
2026-07-07,76.60626029654037,3.229639650984648,3.130148270181219,0.23129742215127488,607,0.21771651634940967,TRENDING_UP,1.265273705937888,15.0
2026-07-08,69.86970684039088,5.0220912536993065,1.6286644951140066,-1.7427809917819714,614,0.2656296650873398,TRENDING_UP,1.427015158782697,16.0
2026-07-09,70.65573770491802,3.5946031486750405,2.7868852459016393,0.6881649473359047,610,0.2635160687384048,TRENDING_UP,1.451889159899715,17.0
2026-07-10,73.07060755336617,5.1772369297464955,2.955665024630542,0.7610270216231676,609,0.26608539536014697,TRENDING_UP,1.4669661077150402,18.0
